ISO-10303-21;
HEADER;
FILE_DESCRIPTION(('Open CASCADE Model'),'2;1');
FILE_NAME('Open CASCADE Shape Model','2026-09-17T20:04:42',('Author'),(
    'Open CASCADE'),'Open CASCADE STEP processor 7.9','Open CASCADE 7.9'
  ,'Unknown');
FILE_SCHEMA(('AUTOMOTIVE_DESIGN { 1 0 10303 214 1 1 1 1 }'));
ENDSEC;
DATA;
#1 = APPLICATION_PROTOCOL_DEFINITION('international standard',
  'automotive_design',2000,#2);
#2 = APPLICATION_CONTEXT(
  'core data for automotive mechanical design processes');
#3 = SHAPE_DEFINITION_REPRESENTATION(#4,#10);
#4 = PRODUCT_DEFINITION_SHAPE('','',#5);
#5 = PRODUCT_DEFINITION('design','',#6,#9);
#6 = PRODUCT_DEFINITION_FORMATION('','',#7);
#7 = PRODUCT('Open CASCADE STEP translator 7.9 1',
  'Open CASCADE STEP translator 7.9 1','',(#8));
#8 = PRODUCT_CONTEXT('',#2,'mechanical');
#9 = PRODUCT_DEFINITION_CONTEXT('part definition',#2,'design');
#10 = ADVANCED_BREP_SHAPE_REPRESENTATION('',(#11,#15),#4679);
#11 = AXIS2_PLACEMENT_3D('',#12,#13,#14);
#12 = CARTESIAN_POINT('',(0.,0.,0.));
#13 = DIRECTION('',(0.,0.,1.));
#14 = DIRECTION('',(1.,0.,-0.));
#15 = MANIFOLD_SOLID_BREP('',#16);
#16 = CLOSED_SHELL('',(#17,#332,#441,#518,#858,#1933,#2050,#2154,#2235,
    #2288,#2435,#2742,#2974,#3119,#3312,#3460,#3638,#3831,#4039,#4064,
    #4072,#4137,#4201,#4265,#4329,#4393,#4457,#4530,#4544,#4595,#4632,
    #4646,#4672));
#17 = ADVANCED_FACE('',(#18),#33,.T.);
#18 = FACE_BOUND('',#19,.T.);
#19 = EDGE_LOOP('',(#20,#56,#82,#195,#308));
#20 = ORIENTED_EDGE('',*,*,#21,.T.);
#21 = EDGE_CURVE('',#22,#24,#26,.T.);
#22 = VERTEX_POINT('',#23);
#23 = CARTESIAN_POINT('',(-6.5,13.795379661321,0.));
#24 = VERTEX_POINT('',#25);
#25 = CARTESIAN_POINT('',(6.5,13.795379661321,0.));
#26 = SURFACE_CURVE('',#27,(#32,#44),.PCURVE_S1.);
#27 = CIRCLE('',#28,15.25);
#28 = AXIS2_PLACEMENT_3D('',#29,#30,#31);
#29 = CARTESIAN_POINT('',(0.,0.,0.));
#30 = DIRECTION('',(0.,0.,1.));
#31 = DIRECTION('',(-0.426229508197,0.904615059759,0.));
#32 = PCURVE('',#33,#38);
#33 = CYLINDRICAL_SURFACE('',#34,15.25);
#34 = AXIS2_PLACEMENT_3D('',#35,#36,#37);
#35 = CARTESIAN_POINT('',(0.,0.,0.));
#36 = DIRECTION('',(0.,0.,1.));
#37 = DIRECTION('',(1.,0.,-0.));
#38 = DEFINITIONAL_REPRESENTATION('',(#39),#43);
#39 = LINE('',#40,#41);
#40 = CARTESIAN_POINT('',(2.01111692861,0.));
#41 = VECTOR('',#42,1.);
#42 = DIRECTION('',(1.,0.));
#43 = ( GEOMETRIC_REPRESENTATION_CONTEXT(2) 
PARAMETRIC_REPRESENTATION_CONTEXT() REPRESENTATION_CONTEXT('2D SPACE',''
  ) );
#44 = PCURVE('',#45,#50);
#45 = PLANE('',#46);
#46 = AXIS2_PLACEMENT_3D('',#47,#48,#49);
#47 = CARTESIAN_POINT('',(0.,0.,0.));
#48 = DIRECTION('',(0.,0.,1.));
#49 = DIRECTION('',(1.,0.,-0.));
#50 = DEFINITIONAL_REPRESENTATION('',(#51),#55);
#51 = CIRCLE('',#52,15.25);
#52 = AXIS2_PLACEMENT_2D('',#53,#54);
#53 = CARTESIAN_POINT('',(0.,0.));
#54 = DIRECTION('',(-0.426229508197,0.904615059759));
#55 = ( GEOMETRIC_REPRESENTATION_CONTEXT(2) 
PARAMETRIC_REPRESENTATION_CONTEXT() REPRESENTATION_CONTEXT('2D SPACE',''
  ) );
#56 = ORIENTED_EDGE('',*,*,#57,.T.);
#57 = EDGE_CURVE('',#24,#58,#60,.T.);
#58 = VERTEX_POINT('',#59);
#59 = CARTESIAN_POINT('',(6.5,13.795379661321,24.));
#60 = SURFACE_CURVE('',#61,(#65,#71),.PCURVE_S1.);
#61 = LINE('',#62,#63);
#62 = CARTESIAN_POINT('',(6.5,13.795379661321,0.));
#63 = VECTOR('',#64,1.);
#64 = DIRECTION('',(0.,0.,1.));
#65 = PCURVE('',#33,#66);
#66 = DEFINITIONAL_REPRESENTATION('',(#67),#70);
#67 = B_SPLINE_CURVE_WITH_KNOTS('',1,(#68,#69),.UNSPECIFIED.,.F.,.F.,(2,
    2),(0.,24.),.PIECEWISE_BEZIER_KNOTS.);
#68 = CARTESIAN_POINT('',(7.413661032159,0.));
#69 = CARTESIAN_POINT('',(7.413661032159,24.));
#70 = ( GEOMETRIC_REPRESENTATION_CONTEXT(2) 
PARAMETRIC_REPRESENTATION_CONTEXT() REPRESENTATION_CONTEXT('2D SPACE',''
  ) );
#71 = PCURVE('',#72,#77);
#72 = PLANE('',#73);
#73 = AXIS2_PLACEMENT_3D('',#74,#75,#76);
#74 = CARTESIAN_POINT('',(6.5,0.,24.));
#75 = DIRECTION('',(1.,0.,0.));
#76 = DIRECTION('',(-0.,1.,0.));
#77 = DEFINITIONAL_REPRESENTATION('',(#78),#81);
#78 = B_SPLINE_CURVE_WITH_KNOTS('',1,(#79,#80),.UNSPECIFIED.,.F.,.F.,(2,
    2),(-6.E-07,24.0000006),.PIECEWISE_BEZIER_KNOTS.);
#79 = CARTESIAN_POINT('',(13.795379661321,-24.0000006));
#80 = CARTESIAN_POINT('',(13.795379661321,5.999999999062E-07));
#81 = ( GEOMETRIC_REPRESENTATION_CONTEXT(2) 
PARAMETRIC_REPRESENTATION_CONTEXT() REPRESENTATION_CONTEXT('2D SPACE',''
  ) );
#82 = ORIENTED_EDGE('',*,*,#83,.F.);
#83 = EDGE_CURVE('',#84,#58,#86,.T.);
#84 = VERTEX_POINT('',#85);
#85 = CARTESIAN_POINT('',(15.25,-1.8675863687E-15,24.));
#86 = SURFACE_CURVE('',#87,(#92,#98),.PCURVE_S1.);
#87 = CIRCLE('',#88,15.25);
#88 = AXIS2_PLACEMENT_3D('',#89,#90,#91);
#89 = CARTESIAN_POINT('',(0.,0.,24.));
#90 = DIRECTION('',(0.,0.,1.));
#91 = DIRECTION('',(1.,0.,-0.));
#92 = PCURVE('',#33,#93);
#93 = DEFINITIONAL_REPRESENTATION('',(#94),#97);
#94 = B_SPLINE_CURVE_WITH_KNOTS('',1,(#95,#96),.UNSPECIFIED.,.F.,.F.,(2,
    2),(0.,1.130475724979),.PIECEWISE_BEZIER_KNOTS.);
#95 = CARTESIAN_POINT('',(6.28318530718,24.));
#96 = CARTESIAN_POINT('',(7.413661032159,24.));
#97 = ( GEOMETRIC_REPRESENTATION_CONTEXT(2) 
PARAMETRIC_REPRESENTATION_CONTEXT() REPRESENTATION_CONTEXT('2D SPACE',''
  ) );
#98 = PCURVE('',#99,#190);
#99 = ( BOUNDED_SURFACE() B_SPLINE_SURFACE(14,5,(
    (#100,#101,#102,#103,#104,#105)
    ,(#106,#107,#108,#109,#110,#111)
    ,(#112,#113,#114,#115,#116,#117)
    ,(#118,#119,#120,#121,#122,#123)
    ,(#124,#125,#126,#127,#128,#129)
    ,(#130,#131,#132,#133,#134,#135)
    ,(#136,#137,#138,#139,#140,#141)
    ,(#142,#143,#144,#145,#146,#147)
    ,(#148,#149,#150,#151,#152,#153)
    ,(#154,#155,#156,#157,#158,#159)
    ,(#160,#161,#162,#163,#164,#165)
    ,(#166,#167,#168,#169,#170,#171)
    ,(#172,#173,#174,#175,#176,#177)
    ,(#178,#179,#180,#181,#182,#183)
    ,(#184,#185,#186,#187,#188,#189
)),.UNSPECIFIED.,.T.,.F.,.F.) B_SPLINE_SURFACE_WITH_KNOTS((15,15),(6,6),
  (0.,1.),(0.,1.),.PIECEWISE_BEZIER_KNOTS.) 
GEOMETRIC_REPRESENTATION_ITEM() RATIONAL_B_SPLINE_SURFACE((
    (1.,1.,1.,1.,1.,1.)
    ,(1.,1.,1.,1.,1.,1.)
    ,(1.,1.,1.,1.,1.,1.)
    ,(1.,1.,1.,1.,1.,1.)
    ,(1.,1.,1.,1.,1.,1.)
    ,(1.,1.,1.,1.,1.,1.)
    ,(1.,1.,1.,1.,1.,1.)
    ,(1.,1.,1.,1.,1.,1.)
    ,(1.,1.,1.,1.,1.,1.)
    ,(1.,1.,1.,1.,1.,1.)
    ,(1.,1.,1.,1.,1.,1.)
    ,(1.,1.,1.,1.,1.,1.)
    ,(1.,1.,1.,1.,1.,1.)
    ,(1.,1.,1.,1.,1.,1.)
,(1.,1.,1.,1.,1.,1.))) REPRESENTATION_ITEM('') SURFACE() );
#100 = CARTESIAN_POINT('',(15.25,2.195835611012E-15,24.));
#101 = CARTESIAN_POINT('',(15.250000109851,2.195835611012E-15,
    28.149409919841));
#102 = CARTESIAN_POINT('',(15.485367337969,2.195835611012E-15,
    32.29881990736));
#103 = CARTESIAN_POINT('',(15.956104687589,2.195835611012E-15,
    36.430428599647));
#104 = CARTESIAN_POINT('',(16.660184057876,2.195835611012E-15,
    40.526435584129));
#105 = CARTESIAN_POINT('',(17.593598087214,2.195835611012E-15,
    44.569496421256));
#106 = CARTESIAN_POINT('',(15.250000000003,6.844183995326,
    24.000000000002));
#107 = CARTESIAN_POINT('',(15.250000109856,6.844183995326,
    28.149409919819));
#108 = CARTESIAN_POINT('',(15.485367337963,6.844183995326,
    32.298819907402));
#109 = CARTESIAN_POINT('',(15.956104687602,6.844183995325,
    36.430428599615));
#110 = CARTESIAN_POINT('',(16.660184057874,6.844183995326,
    40.526435584139));
#111 = CARTESIAN_POINT('',(17.593598087218,6.844183995326,
    44.569496421259));
#112 = CARTESIAN_POINT('',(11.942055991696,13.688370516983,
    23.999999999993));
#113 = CARTESIAN_POINT('',(11.94205610551,13.688370516983,
    28.299519657027));
#114 = CARTESIAN_POINT('',(12.185938017317,13.688370516983,
    32.599039383768));
#115 = CARTESIAN_POINT('',(12.673704838783,13.688370516983,
    36.880113833353));
#116 = CARTESIAN_POINT('',(13.403255100473,13.688370516983,
    41.124298641322));
#117 = CARTESIAN_POINT('',(14.370436469537,13.688370516983,
    45.313621913619));
#118 = CARTESIAN_POINT('',(5.326163746259,18.800495035249,
    24.000000000014));
#119 = CARTESIAN_POINT('',(5.32616386806,18.800495035249,28.599739322672
    ));
#120 = CARTESIAN_POINT('',(5.587075157804,18.800495035249,
    33.199478721551));
#121 = CARTESIAN_POINT('',(6.108900945269,18.800495035249,
    37.779484874698));
#122 = CARTESIAN_POINT('',(6.889393021905,18.800495035249,
    42.320025520279));
#123 = CARTESIAN_POINT('',(7.92410911374,18.800495035249,46.801873849703
    ));
#124 = CARTESIAN_POINT('',(-3.608311874793,20.448688336326,
    23.999999999987));
#125 = CARTESIAN_POINT('',(-3.608311742346,20.448688336326,
    29.00517296554));
#126 = CARTESIAN_POINT('',(-3.324403015283,20.448688336326,
    34.010346010202));
#127 = CARTESIAN_POINT('',(-2.756582072304,20.448688336327,
    38.99404647284));
#128 = CARTESIAN_POINT('',(-1.90729528232,20.448688336326,43.93480282453
    ));
#129 = CARTESIAN_POINT('',(-0.781376475969,20.448688336326,48.8116935606
    ));
#130 = CARTESIAN_POINT('',(-12.8828288211,17.521897130446,
    23.999999999996));
#131 = CARTESIAN_POINT('',(-12.88282867736,17.521897130447,
    29.42603719142));
#132 = CARTESIAN_POINT('',(-12.57504724435,17.521897130446,
    34.852074475524));
#133 = CARTESIAN_POINT('',(-11.9594805926,17.521897130447,
    40.254833626179));
#134 = CARTESIAN_POINT('',(-11.03878080148,17.521897130446,
    45.611037683483));
#135 = CARTESIAN_POINT('',(-9.818188153801,17.521897130446,
    50.89800592625));
#136 = CARTESIAN_POINT('',(-19.96288595034,10.154749990216,
    24.000000000036));
#137 = CARTESIAN_POINT('',(-19.96288579833,10.154749990216,
    29.747319994467));
#138 = CARTESIAN_POINT('',(-19.63688022033,10.154749990216,
    35.494640077019));
#139 = CARTESIAN_POINT('',(-18.9848650598,10.154749990216,
    41.217303713364));
#140 = CARTESIAN_POINT('',(-18.00964942092,10.154749990216,
    46.890655653725));
#141 = CARTESIAN_POINT('',(-16.71678387749,10.154749990216,
    52.490672242321));
#142 = CARTESIAN_POINT('',(-22.62838618118,2.838937973593E-10,
    23.999999999935));
#143 = CARTESIAN_POINT('',(-22.62838602566,2.838937973593E-10,
    29.868276554347));
#144 = CARTESIAN_POINT('',(-22.29551942304,2.838937973593E-10,
    35.73655321068));
#145 = CARTESIAN_POINT('',(-21.62978212231,2.838937973593E-10,
    41.579654488603));
#146 = CARTESIAN_POINT('',(-20.63404235763,2.838937973593E-10,
    47.372406286978));
#147 = CARTESIAN_POINT('',(-19.31396751011,2.838937973593E-10,
    53.090279329459));
#148 = CARTESIAN_POINT('',(-19.96288595034,-10.15474999073,
    24.000000000075));
#149 = CARTESIAN_POINT('',(-19.96288579834,-10.15474999073,
    29.74731999457));
#150 = CARTESIAN_POINT('',(-19.63688022028,-10.15474999073,
    35.494640077108));
#151 = CARTESIAN_POINT('',(-18.98486505987,-10.15474999073,
    41.217303713566));
#152 = CARTESIAN_POINT('',(-18.0096494209,-10.15474999073,
    46.890655653728));
#153 = CARTESIAN_POINT('',(-16.71678387749,-10.15474999073,
    52.490672242399));
#154 = CARTESIAN_POINT('',(-12.8828288211,-17.52189713005,
    23.999999999935));
#155 = CARTESIAN_POINT('',(-12.88282867734,-17.52189713005,
    29.426037191263));
#156 = CARTESIAN_POINT('',(-12.57504724444,-17.52189713005,
    34.85207447541));
#157 = CARTESIAN_POINT('',(-11.9594805925,-17.52189713005,
    40.254833625857));
#158 = CARTESIAN_POINT('',(-11.0387808015,-17.52189713005,
    45.611037683486));
#159 = CARTESIAN_POINT('',(-9.818188153803,-17.52189713005,
    50.898005926133));
#160 = CARTESIAN_POINT('',(-3.608311874795,-20.44868833656,
    24.000000000043));
#161 = CARTESIAN_POINT('',(-3.608311742355,-20.44868833656,
    29.005172965685));
#162 = CARTESIAN_POINT('',(-3.324403015212,-20.44868833657,
    34.010346010285));
#163 = CARTESIAN_POINT('',(-2.756582072393,-20.44868833656,
    38.994046473151));
#164 = CARTESIAN_POINT('',(-1.907295282297,-20.44868833656,
    43.934802824521));
#165 = CARTESIAN_POINT('',(-0.781376475968,-20.44868833656,
    48.811693560707));
#166 = CARTESIAN_POINT('',(5.326163746261,-18.80049503513,
    23.999999999978));
#167 = CARTESIAN_POINT('',(5.326163868064,-18.80049503513,28.59973932258
    ));
#168 = CARTESIAN_POINT('',(5.587075157762,-18.80049503513,33.19947872151
    ));
#169 = CARTESIAN_POINT('',(6.108900945322,-18.80049503513,
    37.779484874494));
#170 = CARTESIAN_POINT('',(6.88939302189,-18.80049503513,42.320025520287
    ));
#171 = CARTESIAN_POINT('',(7.92410911374,-18.80049503513,46.801873849636
    ));
#172 = CARTESIAN_POINT('',(11.942055991695,-13.68837051702,
    24.000000000008));
#173 = CARTESIAN_POINT('',(11.942056105509,-13.68837051702,
    28.299519657066));
#174 = CARTESIAN_POINT('',(12.185938017334,-13.68837051702,
    32.599039383782));
#175 = CARTESIAN_POINT('',(12.673704838762,-13.68837051702,
    36.880113833442));
#176 = CARTESIAN_POINT('',(13.40325510048,-13.68837051702,
    41.124298641318));
#177 = CARTESIAN_POINT('',(14.370436469537,-13.68837051702,
    45.313621913647));
#178 = CARTESIAN_POINT('',(15.250000000003,-6.844183995316,
    23.999999999998));
#179 = CARTESIAN_POINT('',(15.250000109856,-6.844183995316,
    28.149409919809));
#180 = CARTESIAN_POINT('',(15.485367337959,-6.844183995316,32.2988199074
    ));
#181 = CARTESIAN_POINT('',(15.956104687607,-6.844183995316,
    36.430428599593));
#182 = CARTESIAN_POINT('',(16.660184057873,-6.844183995316,
    40.526435584139));
#183 = CARTESIAN_POINT('',(17.593598087218,-6.844183995316,
    44.569496421253));
#184 = CARTESIAN_POINT('',(15.25,-4.869307511625E-15,24.));
#185 = CARTESIAN_POINT('',(15.250000109851,-4.869307511625E-15,
    28.149409919841));
#186 = CARTESIAN_POINT('',(15.485367337969,-4.869307511625E-15,
    32.29881990736));
#187 = CARTESIAN_POINT('',(15.956104687589,-4.869307511625E-15,
    36.430428599647));
#188 = CARTESIAN_POINT('',(16.660184057876,-4.869307511625E-15,
    40.526435584129));
#189 = CARTESIAN_POINT('',(17.593598087214,-4.869307511625E-15,
    44.569496421256));
#190 = DEFINITIONAL_REPRESENTATION('',(#191),#194);
#191 = B_SPLINE_CURVE_WITH_KNOTS('',1,(#192,#193),.UNSPECIFIED.,.F.,.F.,
  (2,2),(0.,6.28318530718),.PIECEWISE_BEZIER_KNOTS.);
#192 = CARTESIAN_POINT('',(0.,0.));
#193 = CARTESIAN_POINT('',(1.,0.));
#194 = ( GEOMETRIC_REPRESENTATION_CONTEXT(2) 
PARAMETRIC_REPRESENTATION_CONTEXT() REPRESENTATION_CONTEXT('2D SPACE',''
  ) );
#195 = ORIENTED_EDGE('',*,*,#196,.F.);
#196 = EDGE_CURVE('',#197,#84,#199,.T.);
#197 = VERTEX_POINT('',#198);
#198 = CARTESIAN_POINT('',(-6.5,13.795379661321,24.));
#199 = SURFACE_CURVE('',#200,(#205,#211),.PCURVE_S1.);
#200 = CIRCLE('',#201,15.25);
#201 = AXIS2_PLACEMENT_3D('',#202,#203,#204);
#202 = CARTESIAN_POINT('',(0.,0.,24.));
#203 = DIRECTION('',(0.,0.,1.));
#204 = DIRECTION('',(1.,0.,-0.));
#205 = PCURVE('',#33,#206);
#206 = DEFINITIONAL_REPRESENTATION('',(#207),#210);
#207 = B_SPLINE_CURVE_WITH_KNOTS('',1,(#208,#209),.UNSPECIFIED.,.F.,.F.,
  (2,2),(2.011116928611,6.28318530718),.PIECEWISE_BEZIER_KNOTS.);
#208 = CARTESIAN_POINT('',(2.011116928611,24.));
#209 = CARTESIAN_POINT('',(6.28318530718,24.));
#210 = ( GEOMETRIC_REPRESENTATION_CONTEXT(2) 
PARAMETRIC_REPRESENTATION_CONTEXT() REPRESENTATION_CONTEXT('2D SPACE',''
  ) );
#211 = PCURVE('',#212,#303);
#212 = ( BOUNDED_SURFACE() B_SPLINE_SURFACE(14,5,(
    (#213,#214,#215,#216,#217,#218)
    ,(#219,#220,#221,#222,#223,#224)
    ,(#225,#226,#227,#228,#229,#230)
    ,(#231,#232,#233,#234,#235,#236)
    ,(#237,#238,#239,#240,#241,#242)
    ,(#243,#244,#245,#246,#247,#248)
    ,(#249,#250,#251,#252,#253,#254)
    ,(#255,#256,#257,#258,#259,#260)
    ,(#261,#262,#263,#264,#265,#266)
    ,(#267,#268,#269,#270,#271,#272)
    ,(#273,#274,#275,#276,#277,#278)
    ,(#279,#280,#281,#282,#283,#284)
    ,(#285,#286,#287,#288,#289,#290)
    ,(#291,#292,#293,#294,#295,#296)
    ,(#297,#298,#299,#300,#301,#302
)),.UNSPECIFIED.,.T.,.F.,.F.) B_SPLINE_SURFACE_WITH_KNOTS((15,15),(6,6),
  (0.,1.),(0.,1.),.PIECEWISE_BEZIER_KNOTS.) 
GEOMETRIC_REPRESENTATION_ITEM() RATIONAL_B_SPLINE_SURFACE((
    (1.,1.,1.,1.,1.,1.)
    ,(1.,1.,1.,1.,1.,1.)
    ,(1.,1.,1.,1.,1.,1.)
    ,(1.,1.,1.,1.,1.,1.)
    ,(1.,1.,1.,1.,1.,1.)
    ,(1.,1.,1.,1.,1.,1.)
    ,(1.,1.,1.,1.,1.,1.)
    ,(1.,1.,1.,1.,1.,1.)
    ,(1.,1.,1.,1.,1.,1.)
    ,(1.,1.,1.,1.,1.,1.)
    ,(1.,1.,1.,1.,1.,1.)
    ,(1.,1.,1.,1.,1.,1.)
    ,(1.,1.,1.,1.,1.,1.)
    ,(1.,1.,1.,1.,1.,1.)
,(1.,1.,1.,1.,1.,1.))) REPRESENTATION_ITEM('') SURFACE() );
#213 = CARTESIAN_POINT('',(15.25,2.195835611012E-15,24.));
#214 = CARTESIAN_POINT('',(15.250000109851,2.195835611012E-15,
    28.149409919841));
#215 = CARTESIAN_POINT('',(15.485367337969,2.195835611012E-15,
    32.29881990736));
#216 = CARTESIAN_POINT('',(15.956104687589,2.195835611012E-15,
    36.430428599647));
#217 = CARTESIAN_POINT('',(16.660184057876,2.195835611012E-15,
    40.526435584129));
#218 = CARTESIAN_POINT('',(17.593598087214,2.195835611012E-15,
    44.569496421256));
#219 = CARTESIAN_POINT('',(15.250000000003,6.844183995326,
    24.000000000002));
#220 = CARTESIAN_POINT('',(15.250000109856,6.844183995326,
    28.149409919819));
#221 = CARTESIAN_POINT('',(15.485367337963,6.844183995326,
    32.298819907402));
#222 = CARTESIAN_POINT('',(15.956104687602,6.844183995325,
    36.430428599615));
#223 = CARTESIAN_POINT('',(16.660184057874,6.844183995326,
    40.526435584139));
#224 = CARTESIAN_POINT('',(17.593598087218,6.844183995326,
    44.569496421259));
#225 = CARTESIAN_POINT('',(11.942055991696,13.688370516983,
    23.999999999993));
#226 = CARTESIAN_POINT('',(11.94205610551,13.688370516983,
    28.299519657027));
#227 = CARTESIAN_POINT('',(12.185938017317,13.688370516983,
    32.599039383768));
#228 = CARTESIAN_POINT('',(12.673704838783,13.688370516983,
    36.880113833353));
#229 = CARTESIAN_POINT('',(13.403255100473,13.688370516983,
    41.124298641322));
#230 = CARTESIAN_POINT('',(14.370436469537,13.688370516983,
    45.313621913619));
#231 = CARTESIAN_POINT('',(5.326163746259,18.800495035249,
    24.000000000014));
#232 = CARTESIAN_POINT('',(5.32616386806,18.800495035249,28.599739322672
    ));
#233 = CARTESIAN_POINT('',(5.587075157804,18.800495035249,
    33.199478721551));
#234 = CARTESIAN_POINT('',(6.108900945269,18.800495035249,
    37.779484874698));
#235 = CARTESIAN_POINT('',(6.889393021905,18.800495035249,
    42.320025520279));
#236 = CARTESIAN_POINT('',(7.92410911374,18.800495035249,46.801873849703
    ));
#237 = CARTESIAN_POINT('',(-3.608311874793,20.448688336326,
    23.999999999987));
#238 = CARTESIAN_POINT('',(-3.608311742346,20.448688336326,
    29.00517296554));
#239 = CARTESIAN_POINT('',(-3.324403015283,20.448688336326,
    34.010346010202));
#240 = CARTESIAN_POINT('',(-2.756582072304,20.448688336327,
    38.99404647284));
#241 = CARTESIAN_POINT('',(-1.90729528232,20.448688336326,43.93480282453
    ));
#242 = CARTESIAN_POINT('',(-0.781376475969,20.448688336326,48.8116935606
    ));
#243 = CARTESIAN_POINT('',(-12.8828288211,17.521897130446,
    23.999999999996));
#244 = CARTESIAN_POINT('',(-12.88282867736,17.521897130447,
    29.42603719142));
#245 = CARTESIAN_POINT('',(-12.57504724435,17.521897130446,
    34.852074475524));
#246 = CARTESIAN_POINT('',(-11.9594805926,17.521897130447,
    40.254833626179));
#247 = CARTESIAN_POINT('',(-11.03878080148,17.521897130446,
    45.611037683483));
#248 = CARTESIAN_POINT('',(-9.818188153801,17.521897130446,
    50.89800592625));
#249 = CARTESIAN_POINT('',(-19.96288595034,10.154749990216,
    24.000000000036));
#250 = CARTESIAN_POINT('',(-19.96288579833,10.154749990216,
    29.747319994467));
#251 = CARTESIAN_POINT('',(-19.63688022033,10.154749990216,
    35.494640077019));
#252 = CARTESIAN_POINT('',(-18.9848650598,10.154749990216,
    41.217303713364));
#253 = CARTESIAN_POINT('',(-18.00964942092,10.154749990216,
    46.890655653725));
#254 = CARTESIAN_POINT('',(-16.71678387749,10.154749990216,
    52.490672242321));
#255 = CARTESIAN_POINT('',(-22.62838618118,2.838937973593E-10,
    23.999999999935));
#256 = CARTESIAN_POINT('',(-22.62838602566,2.838937973593E-10,
    29.868276554347));
#257 = CARTESIAN_POINT('',(-22.29551942304,2.838937973593E-10,
    35.73655321068));
#258 = CARTESIAN_POINT('',(-21.62978212231,2.838937973593E-10,
    41.579654488603));
#259 = CARTESIAN_POINT('',(-20.63404235763,2.838937973593E-10,
    47.372406286978));
#260 = CARTESIAN_POINT('',(-19.31396751011,2.838937973593E-10,
    53.090279329459));
#261 = CARTESIAN_POINT('',(-19.96288595034,-10.15474999073,
    24.000000000075));
#262 = CARTESIAN_POINT('',(-19.96288579834,-10.15474999073,
    29.74731999457));
#263 = CARTESIAN_POINT('',(-19.63688022028,-10.15474999073,
    35.494640077108));
#264 = CARTESIAN_POINT('',(-18.98486505987,-10.15474999073,
    41.217303713566));
#265 = CARTESIAN_POINT('',(-18.0096494209,-10.15474999073,
    46.890655653728));
#266 = CARTESIAN_POINT('',(-16.71678387749,-10.15474999073,
    52.490672242399));
#267 = CARTESIAN_POINT('',(-12.8828288211,-17.52189713005,
    23.999999999935));
#268 = CARTESIAN_POINT('',(-12.88282867734,-17.52189713005,
    29.426037191263));
#269 = CARTESIAN_POINT('',(-12.57504724444,-17.52189713005,
    34.85207447541));
#270 = CARTESIAN_POINT('',(-11.9594805925,-17.52189713005,
    40.254833625857));
#271 = CARTESIAN_POINT('',(-11.0387808015,-17.52189713005,
    45.611037683486));
#272 = CARTESIAN_POINT('',(-9.818188153803,-17.52189713005,
    50.898005926133));
#273 = CARTESIAN_POINT('',(-3.608311874795,-20.44868833656,
    24.000000000043));
#274 = CARTESIAN_POINT('',(-3.608311742355,-20.44868833656,
    29.005172965685));
#275 = CARTESIAN_POINT('',(-3.324403015212,-20.44868833657,
    34.010346010285));
#276 = CARTESIAN_POINT('',(-2.756582072393,-20.44868833656,
    38.994046473151));
#277 = CARTESIAN_POINT('',(-1.907295282297,-20.44868833656,
    43.934802824521));
#278 = CARTESIAN_POINT('',(-0.781376475968,-20.44868833656,
    48.811693560707));
#279 = CARTESIAN_POINT('',(5.326163746261,-18.80049503513,
    23.999999999978));
#280 = CARTESIAN_POINT('',(5.326163868064,-18.80049503513,28.59973932258
    ));
#281 = CARTESIAN_POINT('',(5.587075157762,-18.80049503513,33.19947872151
    ));
#282 = CARTESIAN_POINT('',(6.108900945322,-18.80049503513,
    37.779484874494));
#283 = CARTESIAN_POINT('',(6.88939302189,-18.80049503513,42.320025520287
    ));
#284 = CARTESIAN_POINT('',(7.92410911374,-18.80049503513,46.801873849636
    ));
#285 = CARTESIAN_POINT('',(11.942055991695,-13.68837051702,
    24.000000000008));
#286 = CARTESIAN_POINT('',(11.942056105509,-13.68837051702,
    28.299519657066));
#287 = CARTESIAN_POINT('',(12.185938017334,-13.68837051702,
    32.599039383782));
#288 = CARTESIAN_POINT('',(12.673704838762,-13.68837051702,
    36.880113833442));
#289 = CARTESIAN_POINT('',(13.40325510048,-13.68837051702,
    41.124298641318));
#290 = CARTESIAN_POINT('',(14.370436469537,-13.68837051702,
    45.313621913647));
#291 = CARTESIAN_POINT('',(15.250000000003,-6.844183995316,
    23.999999999998));
#292 = CARTESIAN_POINT('',(15.250000109856,-6.844183995316,
    28.149409919809));
#293 = CARTESIAN_POINT('',(15.485367337959,-6.844183995316,32.2988199074
    ));
#294 = CARTESIAN_POINT('',(15.956104687607,-6.844183995316,
    36.430428599593));
#295 = CARTESIAN_POINT('',(16.660184057873,-6.844183995316,
    40.526435584139));
#296 = CARTESIAN_POINT('',(17.593598087218,-6.844183995316,
    44.569496421253));
#297 = CARTESIAN_POINT('',(15.25,-4.869307511625E-15,24.));
#298 = CARTESIAN_POINT('',(15.250000109851,-4.869307511625E-15,
    28.149409919841));
#299 = CARTESIAN_POINT('',(15.485367337969,-4.869307511625E-15,
    32.29881990736));
#300 = CARTESIAN_POINT('',(15.956104687589,-4.869307511625E-15,
    36.430428599647));
#301 = CARTESIAN_POINT('',(16.660184057876,-4.869307511625E-15,
    40.526435584129));
#302 = CARTESIAN_POINT('',(17.593598087214,-4.869307511625E-15,
    44.569496421256));
#303 = DEFINITIONAL_REPRESENTATION('',(#304),#307);
#304 = B_SPLINE_CURVE_WITH_KNOTS('',1,(#305,#306),.UNSPECIFIED.,.F.,.F.,
  (2,2),(0.,6.28318530718),.PIECEWISE_BEZIER_KNOTS.);
#305 = CARTESIAN_POINT('',(0.,0.));
#306 = CARTESIAN_POINT('',(1.,0.));
#307 = ( GEOMETRIC_REPRESENTATION_CONTEXT(2) 
PARAMETRIC_REPRESENTATION_CONTEXT() REPRESENTATION_CONTEXT('2D SPACE',''
  ) );
#308 = ORIENTED_EDGE('',*,*,#309,.F.);
#309 = EDGE_CURVE('',#22,#197,#310,.T.);
#310 = SURFACE_CURVE('',#311,(#315,#321),.PCURVE_S1.);
#311 = LINE('',#312,#313);
#312 = CARTESIAN_POINT('',(-6.5,13.795379661321,0.));
#313 = VECTOR('',#314,1.);
#314 = DIRECTION('',(0.,0.,1.));
#315 = PCURVE('',#33,#316);
#316 = DEFINITIONAL_REPRESENTATION('',(#317),#320);
#317 = B_SPLINE_CURVE_WITH_KNOTS('',1,(#318,#319),.UNSPECIFIED.,.F.,.F.,
  (2,2),(0.,24.),.PIECEWISE_BEZIER_KNOTS.);
#318 = CARTESIAN_POINT('',(2.01111692861,0.));
#319 = CARTESIAN_POINT('',(2.01111692861,24.));
#320 = ( GEOMETRIC_REPRESENTATION_CONTEXT(2) 
PARAMETRIC_REPRESENTATION_CONTEXT() REPRESENTATION_CONTEXT('2D SPACE',''
  ) );
#321 = PCURVE('',#322,#327);
#322 = PLANE('',#323);
#323 = AXIS2_PLACEMENT_3D('',#324,#325,#326);
#324 = CARTESIAN_POINT('',(-6.5,40.,24.));
#325 = DIRECTION('',(-1.,0.,0.));
#326 = DIRECTION('',(0.,-1.,0.));
#327 = DEFINITIONAL_REPRESENTATION('',(#328),#331);
#328 = B_SPLINE_CURVE_WITH_KNOTS('',1,(#329,#330),.UNSPECIFIED.,.F.,.F.,
  (2,2),(-6.E-07,24.0000006),.PIECEWISE_BEZIER_KNOTS.);
#329 = CARTESIAN_POINT('',(26.204620338679,-24.0000006));
#330 = CARTESIAN_POINT('',(26.204620338679,5.999999999062E-07));
#331 = ( GEOMETRIC_REPRESENTATION_CONTEXT(2) 
PARAMETRIC_REPRESENTATION_CONTEXT() REPRESENTATION_CONTEXT('2D SPACE',''
  ) );
#332 = ADVANCED_FACE('',(#333),#322,.F.);
#333 = FACE_BOUND('',#334,.F.);
#334 = EDGE_LOOP('',(#335,#363,#364,#385,#417));
#335 = ORIENTED_EDGE('',*,*,#336,.F.);
#336 = EDGE_CURVE('',#197,#337,#339,.T.);
#337 = VERTEX_POINT('',#338);
#338 = CARTESIAN_POINT('',(-6.5,9.243376006634,24.));
#339 = SURFACE_CURVE('',#340,(#344,#351),.PCURVE_S1.);
#340 = LINE('',#341,#342);
#341 = CARTESIAN_POINT('',(-6.5,40.,24.));
#342 = VECTOR('',#343,1.);
#343 = DIRECTION('',(0.,-1.,0.));
#344 = PCURVE('',#322,#345);
#345 = DEFINITIONAL_REPRESENTATION('',(#346),#350);
#346 = LINE('',#347,#348);
#347 = CARTESIAN_POINT('',(0.,0.));
#348 = VECTOR('',#349,1.);
#349 = DIRECTION('',(1.,0.));
#350 = ( GEOMETRIC_REPRESENTATION_CONTEXT(2) 
PARAMETRIC_REPRESENTATION_CONTEXT() REPRESENTATION_CONTEXT('2D SPACE',''
  ) );
#351 = PCURVE('',#352,#357);
#352 = PLANE('',#353);
#353 = AXIS2_PLACEMENT_3D('',#354,#355,#356);
#354 = CARTESIAN_POINT('',(-6.454479194226,40.,27.209815655176));
#355 = DIRECTION('',(-0.999899454138,0.,1.418032489568E-02));
#356 = DIRECTION('',(0.,-1.,0.));
#357 = DEFINITIONAL_REPRESENTATION('',(#358),#362);
#358 = LINE('',#359,#360);
#359 = CARTESIAN_POINT('',(-0.,-3.21013842131));
#360 = VECTOR('',#361,1.);
#361 = DIRECTION('',(1.,0.));
#362 = ( GEOMETRIC_REPRESENTATION_CONTEXT(2) 
PARAMETRIC_REPRESENTATION_CONTEXT() REPRESENTATION_CONTEXT('2D SPACE',''
  ) );
#363 = ORIENTED_EDGE('',*,*,#309,.F.);
#364 = ORIENTED_EDGE('',*,*,#365,.T.);
#365 = EDGE_CURVE('',#22,#366,#368,.T.);
#366 = VERTEX_POINT('',#367);
#367 = CARTESIAN_POINT('',(-6.5,9.967948635502,0.));
#368 = SURFACE_CURVE('',#369,(#373,#379),.PCURVE_S1.);
#369 = LINE('',#370,#371);
#370 = CARTESIAN_POINT('',(-6.5,20.,0.));
#371 = VECTOR('',#372,1.);
#372 = DIRECTION('',(0.,-1.,0.));
#373 = PCURVE('',#322,#374);
#374 = DEFINITIONAL_REPRESENTATION('',(#375),#378);
#375 = B_SPLINE_CURVE_WITH_KNOTS('',1,(#376,#377),.UNSPECIFIED.,.F.,.F.,
  (2,2),(4.75,20.),.PIECEWISE_BEZIER_KNOTS.);
#376 = CARTESIAN_POINT('',(24.75,-24.));
#377 = CARTESIAN_POINT('',(40.,-24.));
#378 = ( GEOMETRIC_REPRESENTATION_CONTEXT(2) 
PARAMETRIC_REPRESENTATION_CONTEXT() REPRESENTATION_CONTEXT('2D SPACE',''
  ) );
#379 = PCURVE('',#45,#380);
#380 = DEFINITIONAL_REPRESENTATION('',(#381),#384);
#381 = B_SPLINE_CURVE_WITH_KNOTS('',1,(#382,#383),.UNSPECIFIED.,.F.,.F.,
  (2,2),(4.75,20.),.PIECEWISE_BEZIER_KNOTS.);
#382 = CARTESIAN_POINT('',(-6.5,15.25));
#383 = CARTESIAN_POINT('',(-6.5,0.));
#384 = ( GEOMETRIC_REPRESENTATION_CONTEXT(2) 
PARAMETRIC_REPRESENTATION_CONTEXT() REPRESENTATION_CONTEXT('2D SPACE',''
  ) );
#385 = ORIENTED_EDGE('',*,*,#386,.T.);
#386 = EDGE_CURVE('',#366,#387,#389,.T.);
#387 = VERTEX_POINT('',#388);
#388 = CARTESIAN_POINT('',(-6.5,9.243376006633,0.6));
#389 = SURFACE_CURVE('',#390,(#395,#402),.PCURVE_S1.);
#390 = HYPERBOLA('',#391,6.5,6.5);
#391 = AXIS2_PLACEMENT_3D('',#392,#393,#394);
#392 = CARTESIAN_POINT('',(-6.5,0.,11.9));
#393 = DIRECTION('',(-1.,0.,0.));
#394 = DIRECTION('',(-0.,0.,-1.));
#395 = PCURVE('',#322,#396);
#396 = DEFINITIONAL_REPRESENTATION('',(#397),#401);
#397 = ( BOUNDED_CURVE() B_SPLINE_CURVE(2,(#398,#399,#400),
.UNSPECIFIED.,.F.,.F.) B_SPLINE_CURVE_WITH_KNOTS((3,3),(-1.213219855285,
-1.150736376636),.PIECEWISE_BEZIER_KNOTS.) CURVE() 
GEOMETRIC_REPRESENTATION_ITEM() RATIONAL_B_SPLINE_CURVE((1.,
1.000488062834,1.)) REPRESENTATION_ITEM('') );
#398 = CARTESIAN_POINT('',(30.032051364498,-24.));
#399 = CARTESIAN_POINT('',(30.403707152582,-23.68868522641));
#400 = CARTESIAN_POINT('',(30.756623993367,-23.4));
#401 = ( GEOMETRIC_REPRESENTATION_CONTEXT(2) 
PARAMETRIC_REPRESENTATION_CONTEXT() REPRESENTATION_CONTEXT('2D SPACE',''
  ) );
#402 = PCURVE('',#403,#408);
#403 = CONICAL_SURFACE('',#404,11.9,0.785398163397);
#404 = AXIS2_PLACEMENT_3D('',#405,#406,#407);
#405 = CARTESIAN_POINT('',(0.,0.,0.));
#406 = DIRECTION('',(-0.,-0.,-1.));
#407 = DIRECTION('',(1.,0.,-0.));
#408 = DEFINITIONAL_REPRESENTATION('',(#409),#416);
#409 = B_SPLINE_CURVE_WITH_KNOTS('',5,(#410,#411,#412,#413,#414,#415),
  .UNSPECIFIED.,.F.,.F.,(6,6),(-1.213219855285,-1.150736376636),
  .PIECEWISE_BEZIER_KNOTS.);
#410 = CARTESIAN_POINT('',(-2.148639415163,8.881784197001E-16));
#411 = CARTESIAN_POINT('',(-2.155465341402,-0.124566421149));
#412 = CARTESIAN_POINT('',(-2.162380582898,-0.246809852183));
#413 = CARTESIAN_POINT('',(-2.16938603525,-0.366770820493));
#414 = CARTESIAN_POINT('',(-2.176482548283,-0.484488342528));
#415 = CARTESIAN_POINT('',(-2.183670913083,-0.6));
#416 = ( GEOMETRIC_REPRESENTATION_CONTEXT(2) 
PARAMETRIC_REPRESENTATION_CONTEXT() REPRESENTATION_CONTEXT('2D SPACE',''
  ) );
#417 = ORIENTED_EDGE('',*,*,#418,.T.);
#418 = EDGE_CURVE('',#387,#337,#419,.T.);
#419 = SURFACE_CURVE('',#420,(#424,#430),.PCURVE_S1.);
#420 = LINE('',#421,#422);
#421 = CARTESIAN_POINT('',(-6.5,9.243376006633,-1.));
#422 = VECTOR('',#423,1.);
#423 = DIRECTION('',(0.,0.,1.));
#424 = PCURVE('',#322,#425);
#425 = DEFINITIONAL_REPRESENTATION('',(#426),#429);
#426 = B_SPLINE_CURVE_WITH_KNOTS('',1,(#427,#428),.UNSPECIFIED.,.F.,.F.,
  (2,2),(1.5999994,25.0000006),.PIECEWISE_BEZIER_KNOTS.);
#427 = CARTESIAN_POINT('',(30.756623993367,-23.4000006));
#428 = CARTESIAN_POINT('',(30.756623993367,5.999999999062E-07));
#429 = ( GEOMETRIC_REPRESENTATION_CONTEXT(2) 
PARAMETRIC_REPRESENTATION_CONTEXT() REPRESENTATION_CONTEXT('2D SPACE',''
  ) );
#430 = PCURVE('',#431,#436);
#431 = CYLINDRICAL_SURFACE('',#432,11.3);
#432 = AXIS2_PLACEMENT_3D('',#433,#434,#435);
#433 = CARTESIAN_POINT('',(0.,0.,-1.));
#434 = DIRECTION('',(0.,0.,1.));
#435 = DIRECTION('',(1.,0.,-0.));
#436 = DEFINITIONAL_REPRESENTATION('',(#437),#440);
#437 = B_SPLINE_CURVE_WITH_KNOTS('',1,(#438,#439),.UNSPECIFIED.,.F.,.F.,
  (2,2),(1.6,25.),.PIECEWISE_BEZIER_KNOTS.);
#438 = CARTESIAN_POINT('',(2.183670913083,1.6));
#439 = CARTESIAN_POINT('',(2.183670913083,25.));
#440 = ( GEOMETRIC_REPRESENTATION_CONTEXT(2) 
PARAMETRIC_REPRESENTATION_CONTEXT() REPRESENTATION_CONTEXT('2D SPACE',''
  ) );
#441 = ADVANCED_FACE('',(#442),#403,.F.);
#442 = FACE_BOUND('',#443,.F.);
#443 = EDGE_LOOP('',(#444,#468,#495,#517));
#444 = ORIENTED_EDGE('',*,*,#445,.T.);
#445 = EDGE_CURVE('',#366,#446,#448,.T.);
#446 = VERTEX_POINT('',#447);
#447 = CARTESIAN_POINT('',(6.5,9.967948635502,0.));
#448 = SURFACE_CURVE('',#449,(#454,#461),.PCURVE_S1.);
#449 = CIRCLE('',#450,11.9);
#450 = AXIS2_PLACEMENT_3D('',#451,#452,#453);
#451 = CARTESIAN_POINT('',(0.,0.,0.));
#452 = DIRECTION('',(0.,0.,1.));
#453 = DIRECTION('',(-0.546218487395,0.837642742479,0.));
#454 = PCURVE('',#403,#455);
#455 = DEFINITIONAL_REPRESENTATION('',(#456),#460);
#456 = LINE('',#457,#458);
#457 = CARTESIAN_POINT('',(-2.148639415163,-0.));
#458 = VECTOR('',#459,1.);
#459 = DIRECTION('',(-1.,-0.));
#460 = ( GEOMETRIC_REPRESENTATION_CONTEXT(2) 
PARAMETRIC_REPRESENTATION_CONTEXT() REPRESENTATION_CONTEXT('2D SPACE',''
  ) );
#461 = PCURVE('',#45,#462);
#462 = DEFINITIONAL_REPRESENTATION('',(#463),#467);
#463 = CIRCLE('',#464,11.9);
#464 = AXIS2_PLACEMENT_2D('',#465,#466);
#465 = CARTESIAN_POINT('',(0.,0.));
#466 = DIRECTION('',(-0.546218487395,0.837642742479));
#467 = ( GEOMETRIC_REPRESENTATION_CONTEXT(2) 
PARAMETRIC_REPRESENTATION_CONTEXT() REPRESENTATION_CONTEXT('2D SPACE',''
  ) );
#468 = ORIENTED_EDGE('',*,*,#469,.F.);
#469 = EDGE_CURVE('',#470,#446,#472,.T.);
#470 = VERTEX_POINT('',#471);
#471 = CARTESIAN_POINT('',(6.5,9.243376006633,0.6));
#472 = SURFACE_CURVE('',#473,(#478,#488),.PCURVE_S1.);
#473 = HYPERBOLA('',#474,6.5,6.5);
#474 = AXIS2_PLACEMENT_3D('',#475,#476,#477);
#475 = CARTESIAN_POINT('',(6.5,0.,11.9));
#476 = DIRECTION('',(1.,0.,0.));
#477 = DIRECTION('',(0.,0.,-1.));
#478 = PCURVE('',#403,#479);
#479 = DEFINITIONAL_REPRESENTATION('',(#480),#487);
#480 = B_SPLINE_CURVE_WITH_KNOTS('',5,(#481,#482,#483,#484,#485,#486),
  .UNSPECIFIED.,.F.,.F.,(6,6),(1.150736376636,1.213219855285),
  .PIECEWISE_BEZIER_KNOTS.);
#481 = CARTESIAN_POINT('',(-7.241107047686,-0.6));
#482 = CARTESIAN_POINT('',(-7.248295412487,-0.484488342528));
#483 = CARTESIAN_POINT('',(-7.25539192552,-0.366770820493));
#484 = CARTESIAN_POINT('',(-7.262397377871,-0.246809852183));
#485 = CARTESIAN_POINT('',(-7.269312619367,-0.124566421149));
#486 = CARTESIAN_POINT('',(-7.276138545606,0.));
#487 = ( GEOMETRIC_REPRESENTATION_CONTEXT(2) 
PARAMETRIC_REPRESENTATION_CONTEXT() REPRESENTATION_CONTEXT('2D SPACE',''
  ) );
#488 = PCURVE('',#72,#489);
#489 = DEFINITIONAL_REPRESENTATION('',(#490),#494);
#490 = ( BOUNDED_CURVE() B_SPLINE_CURVE(2,(#491,#492,#493),
.UNSPECIFIED.,.F.,.F.) B_SPLINE_CURVE_WITH_KNOTS((3,3),(1.150736376636,
1.213219855285),.PIECEWISE_BEZIER_KNOTS.) CURVE() 
GEOMETRIC_REPRESENTATION_ITEM() RATIONAL_B_SPLINE_CURVE((1.,
1.000488062834,1.)) REPRESENTATION_ITEM('') );
#491 = CARTESIAN_POINT('',(9.243376006633,-23.4));
#492 = CARTESIAN_POINT('',(9.596292847418,-23.68868522641));
#493 = CARTESIAN_POINT('',(9.967948635502,-24.));
#494 = ( GEOMETRIC_REPRESENTATION_CONTEXT(2) 
PARAMETRIC_REPRESENTATION_CONTEXT() REPRESENTATION_CONTEXT('2D SPACE',''
  ) );
#495 = ORIENTED_EDGE('',*,*,#496,.F.);
#496 = EDGE_CURVE('',#387,#470,#497,.T.);
#497 = SURFACE_CURVE('',#498,(#503,#510),.PCURVE_S1.);
#498 = CIRCLE('',#499,11.3);
#499 = AXIS2_PLACEMENT_3D('',#500,#501,#502);
#500 = CARTESIAN_POINT('',(0.,0.,0.6));
#501 = DIRECTION('',(0.,0.,1.));
#502 = DIRECTION('',(-0.575221238938,0.817997876693,0.));
#503 = PCURVE('',#403,#504);
#504 = DEFINITIONAL_REPRESENTATION('',(#505),#509);
#505 = LINE('',#506,#507);
#506 = CARTESIAN_POINT('',(-2.183670913083,-0.6));
#507 = VECTOR('',#508,1.);
#508 = DIRECTION('',(-1.,-0.));
#509 = ( GEOMETRIC_REPRESENTATION_CONTEXT(2) 
PARAMETRIC_REPRESENTATION_CONTEXT() REPRESENTATION_CONTEXT('2D SPACE',''
  ) );
#510 = PCURVE('',#431,#511);
#511 = DEFINITIONAL_REPRESENTATION('',(#512),#516);
#512 = LINE('',#513,#514);
#513 = CARTESIAN_POINT('',(2.183670913083,1.6));
#514 = VECTOR('',#515,1.);
#515 = DIRECTION('',(1.,0.));
#516 = ( GEOMETRIC_REPRESENTATION_CONTEXT(2) 
PARAMETRIC_REPRESENTATION_CONTEXT() REPRESENTATION_CONTEXT('2D SPACE',''
  ) );
#517 = ORIENTED_EDGE('',*,*,#386,.F.);
#518 = ADVANCED_FACE('',(#519),#431,.F.);
#519 = FACE_BOUND('',#520,.F.);
#520 = EDGE_LOOP('',(#521,#522,#543,#701,#857));
#521 = ORIENTED_EDGE('',*,*,#496,.T.);
#522 = ORIENTED_EDGE('',*,*,#523,.T.);
#523 = EDGE_CURVE('',#470,#524,#526,.T.);
#524 = VERTEX_POINT('',#525);
#525 = CARTESIAN_POINT('',(6.5,9.243376006633,24.));
#526 = SURFACE_CURVE('',#527,(#531,#537),.PCURVE_S1.);
#527 = LINE('',#528,#529);
#528 = CARTESIAN_POINT('',(6.5,9.243376006633,-1.));
#529 = VECTOR('',#530,1.);
#530 = DIRECTION('',(0.,0.,1.));
#531 = PCURVE('',#431,#532);
#532 = DEFINITIONAL_REPRESENTATION('',(#533),#536);
#533 = B_SPLINE_CURVE_WITH_KNOTS('',1,(#534,#535),.UNSPECIFIED.,.F.,.F.,
  (2,2),(1.6,25.),.PIECEWISE_BEZIER_KNOTS.);
#534 = CARTESIAN_POINT('',(7.241107047686,1.6));
#535 = CARTESIAN_POINT('',(7.241107047686,25.));
#536 = ( GEOMETRIC_REPRESENTATION_CONTEXT(2) 
PARAMETRIC_REPRESENTATION_CONTEXT() REPRESENTATION_CONTEXT('2D SPACE',''
  ) );
#537 = PCURVE('',#72,#538);
#538 = DEFINITIONAL_REPRESENTATION('',(#539),#542);
#539 = B_SPLINE_CURVE_WITH_KNOTS('',1,(#540,#541),.UNSPECIFIED.,.F.,.F.,
  (2,2),(1.5999994,25.0000006),.PIECEWISE_BEZIER_KNOTS.);
#540 = CARTESIAN_POINT('',(9.243376006633,-23.4000006));
#541 = CARTESIAN_POINT('',(9.243376006633,5.999999999062E-07));
#542 = ( GEOMETRIC_REPRESENTATION_CONTEXT(2) 
PARAMETRIC_REPRESENTATION_CONTEXT() REPRESENTATION_CONTEXT('2D SPACE',''
  ) );
#543 = ORIENTED_EDGE('',*,*,#544,.F.);
#544 = EDGE_CURVE('',#545,#524,#547,.T.);
#545 = VERTEX_POINT('',#546);
#546 = CARTESIAN_POINT('',(11.3,-1.383850883037E-15,24.));
#547 = SURFACE_CURVE('',#548,(#553,#559),.PCURVE_S1.);
#548 = CIRCLE('',#549,11.3);
#549 = AXIS2_PLACEMENT_3D('',#550,#551,#552);
#550 = CARTESIAN_POINT('',(0.,0.,24.));
#551 = DIRECTION('',(0.,0.,1.));
#552 = DIRECTION('',(1.,0.,-0.));
#553 = PCURVE('',#431,#554);
#554 = DEFINITIONAL_REPRESENTATION('',(#555),#558);
#555 = B_SPLINE_CURVE_WITH_KNOTS('',1,(#556,#557),.UNSPECIFIED.,.F.,.F.,
  (2,2),(0.,0.957921740507),.PIECEWISE_BEZIER_KNOTS.);
#556 = CARTESIAN_POINT('',(6.28318530718,25.));
#557 = CARTESIAN_POINT('',(7.241107047686,25.));
#558 = ( GEOMETRIC_REPRESENTATION_CONTEXT(2) 
PARAMETRIC_REPRESENTATION_CONTEXT() REPRESENTATION_CONTEXT('2D SPACE',''
  ) );
#559 = PCURVE('',#560,#696);
#560 = ( BOUNDED_SURFACE() B_SPLINE_SURFACE(14,8,(
    (#561,#562,#563,#564,#565,#566,#567,#568,#569)
    ,(#570,#571,#572,#573,#574,#575,#576,#577,#578)
    ,(#579,#580,#581,#582,#583,#584,#585,#586,#587)
    ,(#588,#589,#590,#591,#592,#593,#594,#595,#596)
    ,(#597,#598,#599,#600,#601,#602,#603,#604,#605)
    ,(#606,#607,#608,#609,#610,#611,#612,#613,#614)
    ,(#615,#616,#617,#618,#619,#620,#621,#622,#623)
    ,(#624,#625,#626,#627,#628,#629,#630,#631,#632)
    ,(#633,#634,#635,#636,#637,#638,#639,#640,#641)
    ,(#642,#643,#644,#645,#646,#647,#648,#649,#650)
    ,(#651,#652,#653,#654,#655,#656,#657,#658,#659)
    ,(#660,#661,#662,#663,#664,#665,#666,#667,#668)
    ,(#669,#670,#671,#672,#673,#674,#675,#676,#677)
    ,(#678,#679,#680,#681,#682,#683,#684,#685,#686)
    ,(#687,#688,#689,#690,#691,#692,#693,#694,#695
)),.UNSPECIFIED.,.T.,.F.,.F.) B_SPLINE_SURFACE_WITH_KNOTS((15,15),(9,9),
  (0.,1.),(0.,1.),.PIECEWISE_BEZIER_KNOTS.) 
GEOMETRIC_REPRESENTATION_ITEM() RATIONAL_B_SPLINE_SURFACE((
    (1.,0.999999999998,1.000000000006,0.999999999988,1.000000000015
      ,0.999999999988,1.000000000007,0.999999999998,1.)
    ,(1.,0.999999999998,1.000000000006,0.999999999988,1.000000000015
      ,0.999999999988,1.000000000007,0.999999999998,1.)
    ,(1.,0.999999999998,1.000000000006,0.999999999988,1.000000000015
      ,0.999999999988,1.000000000007,0.999999999998,1.)
    ,(1.,0.999999999998,1.000000000006,0.999999999988,1.000000000015
      ,0.999999999988,1.000000000007,0.999999999998,1.)
    ,(1.,0.999999999998,1.000000000006,0.999999999988,1.000000000015
      ,0.999999999988,1.000000000007,0.999999999998,1.)
    ,(1.,0.999999999998,1.000000000006,0.999999999988,1.000000000015
      ,0.999999999988,1.000000000007,0.999999999998,1.)
    ,(1.,0.999999999998,1.000000000006,0.999999999988,1.000000000015
      ,0.999999999988,1.000000000007,0.999999999998,1.)
    ,(1.,0.999999999998,1.000000000006,0.999999999988,1.000000000015
      ,0.999999999988,1.000000000007,0.999999999998,1.)
    ,(1.,0.999999999998,1.000000000006,0.999999999988,1.000000000015
      ,0.999999999988,1.000000000007,0.999999999998,1.)
    ,(1.,0.999999999998,1.000000000006,0.999999999988,1.000000000015
      ,0.999999999988,1.000000000007,0.999999999998,1.)
    ,(1.,0.999999999998,1.000000000006,0.999999999988,1.000000000015
      ,0.999999999988,1.000000000007,0.999999999998,1.)
    ,(1.,0.999999999998,1.000000000006,0.999999999988,1.000000000015
      ,0.999999999988,1.000000000007,0.999999999998,1.)
    ,(1.,0.999999999998,1.000000000006,0.999999999988,1.000000000015
      ,0.999999999988,1.000000000007,0.999999999998,1.)
    ,(1.,0.999999999998,1.000000000006,0.999999999988,1.000000000015
      ,0.999999999988,1.000000000007,0.999999999998,1.)
    ,(1.,0.999999999998,1.000000000006,0.999999999988,1.000000000015
      ,0.999999999988,1.000000000007,0.999999999998,1.
))) REPRESENTATION_ITEM('') SURFACE() );
#561 = CARTESIAN_POINT('',(11.3,-5.678229192213E-15,24.));
#562 = CARTESIAN_POINT('',(13.157727489547,-2.801376691232E-14,
    26.799950720458));
#563 = CARTESIAN_POINT('',(4.146757753907,8.186401245562E-14,
    29.342062037133));
#564 = CARTESIAN_POINT('',(27.664497949027,-2.02154374131E-13,
    32.655295918924));
#565 = CARTESIAN_POINT('',(-12.32076581851,2.954216883308E-13,
    34.401668272502));
#566 = CARTESIAN_POINT('',(36.969270810143,-3.27371101265E-13,
    38.429240703742));
#567 = CARTESIAN_POINT('',(-2.533666094733,2.136793725749E-13,
    39.96584326072));
#568 = CARTESIAN_POINT('',(15.917351185851,-6.882955643874E-14,
    43.330845185142));
#569 = CARTESIAN_POINT('',(11.503785182307,4.973258601282E-15,
    45.975440510905));
#570 = CARTESIAN_POINT('',(11.300000000003,5.071428140798,
    24.000000000002));
#571 = CARTESIAN_POINT('',(13.157727489587,5.891896620217,
    26.799950720491));
#572 = CARTESIAN_POINT('',(4.146757753768,1.871974829707,29.342062037069
    ));
#573 = CARTESIAN_POINT('',(27.664497949301,12.178239965238,
    32.655295918981));
#574 = CARTESIAN_POINT('',(-12.32076581886,-5.602003469639,
    34.401668272549));
#575 = CARTESIAN_POINT('',(36.969270810453,16.006862383884,
    38.429240703557));
#576 = CARTESIAN_POINT('',(-2.533666094905,-1.640853271425,
    39.965843260922));
#577 = CARTESIAN_POINT('',(15.917351185903,6.269803470146,
    43.330845185051));
#578 = CARTESIAN_POINT('',(11.503785182308,4.039190554619,
    45.975440510909));
#579 = CARTESIAN_POINT('',(8.848867718434,10.142858153569,
    23.999999999993));
#580 = CARTESIAN_POINT('',(10.31603684112,11.783795415272,
    26.940469162962));
#581 = CARTESIAN_POINT('',(3.221043091544,3.743950350349,29.212387013392
    ));
#582 = CARTESIAN_POINT('',(21.836879073591,24.356484425831,
    33.468611630811));
#583 = CARTESIAN_POINT('',(-9.675283460012,-11.20400900725,
    33.787466608328));
#584 = CARTESIAN_POINT('',(29.331990013467,32.013730676401,
    39.690459316251));
#585 = CARTESIAN_POINT('',(-1.748849525579,-3.281707148638,
    39.848929222248));
#586 = CARTESIAN_POINT('',(12.941392907353,12.53960925466,
    43.906322383124));
#587 = CARTESIAN_POINT('',(9.601591440729,8.078382600182,46.41459653918)
  );
#588 = CARTESIAN_POINT('',(3.946600021827,13.930858616278,
    24.000000000014));
#589 = CARTESIAN_POINT('',(4.632651912352,16.184628179551,
    27.221506228474));
#590 = CARTESIAN_POINT('',(1.369612580088,5.142184008388,28.953036798475
    ));
#591 = CARTESIAN_POINT('',(10.181633879201,33.452773940944,
    35.095244095641));
#592 = CARTESIAN_POINT('',(-4.384315369331,-15.38831195827,
    32.559062496397));
#593 = CARTESIAN_POINT('',(14.057418664273,43.969732108979,
    42.212898148189));
#594 = CARTESIAN_POINT('',(-0.179215388341,-4.507309243048,
    39.61510100154));
#595 = CARTESIAN_POINT('',(6.989472547175,17.222711881045,
    45.057277512203));
#596 = CARTESIAN_POINT('',(5.797201525822,11.095374119175,
    47.292909157207));
#597 = CARTESIAN_POINT('',(-2.673699946588,15.152142832831,
    23.999999999987));
#598 = CARTESIAN_POINT('',(-3.04251301175,17.603494847442,
    27.601034598263));
#599 = CARTESIAN_POINT('',(-1.130664042617,5.592986671988,
    28.602795581487));
#600 = CARTESIAN_POINT('',(-5.558269414142,36.385496606165,
    37.291940709264));
#601 = CARTESIAN_POINT('',(2.760907646412,-16.73736753539,
    30.900155999415));
#602 = CARTESIAN_POINT('',(-6.570227674614,47.824450709522,
    45.619342435618));
#603 = CARTESIAN_POINT('',(1.940507466722,-4.902453992612,
    39.299326113609));
#604 = CARTESIAN_POINT('',(-1.04833783463,18.732584801852,
    46.611592516525));
#605 = CARTESIAN_POINT('',(0.659537899134,12.068078362398,
    48.479032265276));
#606 = CARTESIAN_POINT('',(-9.545964962493,12.983438529422,
    23.999999999996));
#607 = CARTESIAN_POINT('',(-11.00979057145,15.083932073281,
    27.995007616059));
#608 = CARTESIAN_POINT('',(-3.726099859101,4.792470573429,
    28.239224367583));
#609 = CARTESIAN_POINT('',(-21.89722491443,31.177693067017,
    39.572242412853));
#610 = CARTESIAN_POINT('',(10.178073963515,-14.34177231148,
    29.178112427333));
#611 = CARTESIAN_POINT('',(-27.98295108051,40.979406202644,
    49.155434129177));
#612 = CARTESIAN_POINT('',(4.140905812416,-4.200772838118,
    38.971533029438));
#613 = CARTESIAN_POINT('',(-9.392062940859,16.051417014186,
    48.22506390037));
#614 = CARTESIAN_POINT('',(-4.673662435372,10.340791749152,
    49.710298579393));
#615 = CARTESIAN_POINT('',(-14.79217122882,7.524503271474,
    24.000000000036));
#616 = CARTESIAN_POINT('',(-17.09191653659,8.741836453791,
    28.295761979326));
#617 = CARTESIAN_POINT('',(-5.707425008592,2.777458407995,
    27.961678386734));
#618 = CARTESIAN_POINT('',(-34.37019136659,18.068915484038,
    41.312997906697));
#619 = CARTESIAN_POINT('',(15.84025152291,-8.311720537976,
    27.863524605904));
#620 = CARTESIAN_POINT('',(-44.32917227042,23.749461696156,
    51.854844966325));
#621 = CARTESIAN_POINT('',(5.820664050443,-2.434542197467,
    38.721299609776));
#622 = CARTESIAN_POINT('',(-15.76156453713,9.302538735421,
    49.456768989644));
#623 = CARTESIAN_POINT('',(-8.744964829611,5.992967207295,
    50.650232798824));
#624 = CARTESIAN_POINT('',(-16.76726320305,1.685407369223E-10,
    23.999999999935));
#625 = CARTESIAN_POINT('',(-19.38171559213,1.959210149325E-10,
    28.408989999525));
#626 = CARTESIAN_POINT('',(-6.453354411611,6.344641131664E-11,
    27.857187855667));
#627 = CARTESIAN_POINT('',(-39.0660143046,3.942389817898E-10,
    41.968357616077));
#628 = CARTESIAN_POINT('',(17.971948335471,-1.466968221906E-10,
    27.36860853827));
#629 = CARTESIAN_POINT('',(-50.4831983204,4.364852610042E-10,
    52.871119245148));
#630 = CARTESIAN_POINT('',(6.453059479857,1.064378035367E-10,
    38.627091754807));
#631 = CARTESIAN_POINT('',(-18.1595547803,2.75757814019E-11,
    49.920481361875));
#632 = CARTESIAN_POINT('',(-10.27772894075,2.141860022675E-10,
    51.004099276286));
#633 = CARTESIAN_POINT('',(-14.79217122882,-7.524503271784,
    24.000000000075));
#634 = CARTESIAN_POINT('',(-17.09191653647,-8.741836454164,
    28.295761979092));
#635 = CARTESIAN_POINT('',(-5.707425008893,-2.777458408062,
    27.961678388038));
#636 = CARTESIAN_POINT('',(-34.37019136625,-18.06891548486,
    41.312997904178));
#637 = CARTESIAN_POINT('',(15.840251522656,8.311720538382,
    27.863524609908));
#638 = CARTESIAN_POINT('',(-44.32917227029,-23.74946169708,
    51.854844962174));
#639 = CARTESIAN_POINT('',(5.820664050428,2.434542197354,38.721299612733
    ));
#640 = CARTESIAN_POINT('',(-15.76156453714,-9.302538735502,
    49.456768988666));
#641 = CARTESIAN_POINT('',(-8.744964829606,-5.992967207687,
    50.650232798924));
#642 = CARTESIAN_POINT('',(-9.545964962495,-12.98343852918,
    23.999999999935));
#643 = CARTESIAN_POINT('',(-11.00979057157,-15.08393207296,
    27.995007616433));
#644 = CARTESIAN_POINT('',(-3.726099858901,-4.792470573474,
    28.239224365561));
#645 = CARTESIAN_POINT('',(-21.89722491446,-31.17769306618,
    39.572242416743));
#646 = CARTESIAN_POINT('',(10.178073963282,14.341772310902,
    29.178112421221));
#647 = CARTESIAN_POINT('',(-27.98295108019,-40.97940620167,
    49.155434135451));
#648 = CARTESIAN_POINT('',(4.140905812161,4.20077283804,38.971533025007)
  );
#649 = CARTESIAN_POINT('',(-9.392062940766,-16.05141701406,
    48.22506390182));
#650 = CARTESIAN_POINT('',(-4.673662435379,-10.34079174885,
    49.710298579243));
#651 = CARTESIAN_POINT('',(-2.673699946586,-15.15214283298,
    24.000000000043));
#652 = CARTESIAN_POINT('',(-3.042513011651,-17.60349484768,
    27.601034597954));
#653 = CARTESIAN_POINT('',(-1.130664042776,-5.592986671812,
    28.602795583196));
#654 = CARTESIAN_POINT('',(-5.558269414157,-36.38549660698,
    37.291940705993));
#655 = CARTESIAN_POINT('',(2.760907646667,16.737367536149,
    30.900156004596));
#656 = CARTESIAN_POINT('',(-6.570227674937,-47.82445071048,
    45.619342430283));
#657 = CARTESIAN_POINT('',(1.940507466968,4.902453992875,39.299326117398
    ));
#658 = CARTESIAN_POINT('',(-1.048337834718,-18.732584802,46.611592515295
    ));
#659 = CARTESIAN_POINT('',(0.65953789914,-12.06807836258,48.479032265414
    ));
#660 = CARTESIAN_POINT('',(3.946600021827,-13.9308586162,23.999999999978
    ));
#661 = CARTESIAN_POINT('',(4.632651912297,-16.18462817941,
    27.221506228634));
#662 = CARTESIAN_POINT('',(1.369612580169,-5.142184008544,
    28.953036797538));
#663 = CARTESIAN_POINT('',(10.181633879245,-33.4527739404,
    35.095244097414));
#664 = CARTESIAN_POINT('',(-4.384315369538,15.388311957732,
    32.559062493536));
#665 = CARTESIAN_POINT('',(14.057418664517,-43.96973210835,
    42.212898151164));
#666 = CARTESIAN_POINT('',(-0.179215388518,4.507309242829,
    39.615100999396));
#667 = CARTESIAN_POINT('',(6.989472547236,-17.22271188093,
    45.057277512895));
#668 = CARTESIAN_POINT('',(5.797201525818,-11.09537411908,
    47.292909157121));
#669 = CARTESIAN_POINT('',(8.848867718434,-10.14285815359,
    24.000000000008));
#670 = CARTESIAN_POINT('',(10.316036841163,-11.78379541528,
    26.940469162886));
#671 = CARTESIAN_POINT('',(3.221043091435,-3.74395035042,29.212387013816
    ));
#672 = CARTESIAN_POINT('',(21.83687907372,-24.35648442578,
    33.468611630005));
#673 = CARTESIAN_POINT('',(-9.675283460112,11.204009007151,
    33.787466609605));
#674 = CARTESIAN_POINT('',(29.331990013522,-32.01373067638,
    39.690459314943));
#675 = CARTESIAN_POINT('',(-1.748849525591,3.281707148592,
    39.848929223177));
#676 = CARTESIAN_POINT('',(12.941392907353,-12.53960925466,
    43.906322382828));
#677 = CARTESIAN_POINT('',(9.601591440731,-8.078382600215,
    46.414596539217));
#678 = CARTESIAN_POINT('',(11.300000000003,-5.071428140792,
    23.999999999998));
#679 = CARTESIAN_POINT('',(13.157727489539,-5.891896620207,
    26.799950720462));
#680 = CARTESIAN_POINT('',(4.146757753928,-1.871974829716,
    29.342062037143));
#681 = CARTESIAN_POINT('',(27.664497949014,-12.1782399652,
    32.655295918824));
#682 = CARTESIAN_POINT('',(-12.32076581852,5.602003469602,
    34.401668272697));
#683 = CARTESIAN_POINT('',(36.969270810183,-16.00686238383,
    38.429240703476));
#684 = CARTESIAN_POINT('',(-2.533666094766,1.640853271407,39.96584326092
    ));
#685 = CARTESIAN_POINT('',(15.917351185863,-6.269803470137,
    43.330845185056));
#686 = CARTESIAN_POINT('',(11.503785182308,-4.039190554612,45.9754405109
    ));
#687 = CARTESIAN_POINT('',(11.3,-7.232540088002E-15,24.));
#688 = CARTESIAN_POINT('',(13.157727489526,-4.864279683896E-16,
    26.799950720423));
#689 = CARTESIAN_POINT('',(4.146757753979,-3.432623687872E-14,
    29.342062037259));
#690 = CARTESIAN_POINT('',(27.664497948889,5.654392502028E-14,
    32.655295918675));
#691 = CARTESIAN_POINT('',(-12.32076581835,-1.137729278923E-13,
    34.401668272819));
#692 = CARTESIAN_POINT('',(36.969270810004,1.257610433572E-13,
    38.429240703473));
#693 = CARTESIAN_POINT('',(-2.533666094658,-1.293293140125E-13,
    39.965843260867));
#694 = CARTESIAN_POINT('',(15.91735118583,6.221085054954E-14,
    43.330845185099));
#695 = CARTESIAN_POINT('',(11.503785182307,3.075073044862E-15,
    45.975440510905));
#696 = DEFINITIONAL_REPRESENTATION('',(#697),#700);
#697 = B_SPLINE_CURVE_WITH_KNOTS('',1,(#698,#699),.UNSPECIFIED.,.F.,.F.,
  (2,2),(0.,6.28318530718),.PIECEWISE_BEZIER_KNOTS.);
#698 = CARTESIAN_POINT('',(0.,0.));
#699 = CARTESIAN_POINT('',(1.,0.));
#700 = ( GEOMETRIC_REPRESENTATION_CONTEXT(2) 
PARAMETRIC_REPRESENTATION_CONTEXT() REPRESENTATION_CONTEXT('2D SPACE',''
  ) );
#701 = ORIENTED_EDGE('',*,*,#702,.F.);
#702 = EDGE_CURVE('',#337,#545,#703,.T.);
#703 = SURFACE_CURVE('',#704,(#709,#715),.PCURVE_S1.);
#704 = CIRCLE('',#705,11.3);
#705 = AXIS2_PLACEMENT_3D('',#706,#707,#708);
#706 = CARTESIAN_POINT('',(0.,0.,24.));
#707 = DIRECTION('',(0.,0.,1.));
#708 = DIRECTION('',(1.,0.,-0.));
#709 = PCURVE('',#431,#710);
#710 = DEFINITIONAL_REPRESENTATION('',(#711),#714);
#711 = B_SPLINE_CURVE_WITH_KNOTS('',1,(#712,#713),.UNSPECIFIED.,.F.,.F.,
  (2,2),(2.183670913083,6.28318530718),.PIECEWISE_BEZIER_KNOTS.);
#712 = CARTESIAN_POINT('',(2.183670913083,25.));
#713 = CARTESIAN_POINT('',(6.28318530718,25.));
#714 = ( GEOMETRIC_REPRESENTATION_CONTEXT(2) 
PARAMETRIC_REPRESENTATION_CONTEXT() REPRESENTATION_CONTEXT('2D SPACE',''
  ) );
#715 = PCURVE('',#716,#852);
#716 = ( BOUNDED_SURFACE() B_SPLINE_SURFACE(14,8,(
    (#717,#718,#719,#720,#721,#722,#723,#724,#725)
    ,(#726,#727,#728,#729,#730,#731,#732,#733,#734)
    ,(#735,#736,#737,#738,#739,#740,#741,#742,#743)
    ,(#744,#745,#746,#747,#748,#749,#750,#751,#752)
    ,(#753,#754,#755,#756,#757,#758,#759,#760,#761)
    ,(#762,#763,#764,#765,#766,#767,#768,#769,#770)
    ,(#771,#772,#773,#774,#775,#776,#777,#778,#779)
    ,(#780,#781,#782,#783,#784,#785,#786,#787,#788)
    ,(#789,#790,#791,#792,#793,#794,#795,#796,#797)
    ,(#798,#799,#800,#801,#802,#803,#804,#805,#806)
    ,(#807,#808,#809,#810,#811,#812,#813,#814,#815)
    ,(#816,#817,#818,#819,#820,#821,#822,#823,#824)
    ,(#825,#826,#827,#828,#829,#830,#831,#832,#833)
    ,(#834,#835,#836,#837,#838,#839,#840,#841,#842)
    ,(#843,#844,#845,#846,#847,#848,#849,#850,#851
)),.UNSPECIFIED.,.T.,.F.,.F.) B_SPLINE_SURFACE_WITH_KNOTS((15,15),(9,9),
  (0.,1.),(0.,1.),.PIECEWISE_BEZIER_KNOTS.) 
GEOMETRIC_REPRESENTATION_ITEM() RATIONAL_B_SPLINE_SURFACE((
    (1.,0.999999999998,1.000000000006,0.999999999988,1.000000000015
      ,0.999999999988,1.000000000007,0.999999999998,1.)
    ,(1.,0.999999999998,1.000000000006,0.999999999988,1.000000000015
      ,0.999999999988,1.000000000007,0.999999999998,1.)
    ,(1.,0.999999999998,1.000000000006,0.999999999988,1.000000000015
      ,0.999999999988,1.000000000007,0.999999999998,1.)
    ,(1.,0.999999999998,1.000000000006,0.999999999988,1.000000000015
      ,0.999999999988,1.000000000007,0.999999999998,1.)
    ,(1.,0.999999999998,1.000000000006,0.999999999988,1.000000000015
      ,0.999999999988,1.000000000007,0.999999999998,1.)
    ,(1.,0.999999999998,1.000000000006,0.999999999988,1.000000000015
      ,0.999999999988,1.000000000007,0.999999999998,1.)
    ,(1.,0.999999999998,1.000000000006,0.999999999988,1.000000000015
      ,0.999999999988,1.000000000007,0.999999999998,1.)
    ,(1.,0.999999999998,1.000000000006,0.999999999988,1.000000000015
      ,0.999999999988,1.000000000007,0.999999999998,1.)
    ,(1.,0.999999999998,1.000000000006,0.999999999988,1.000000000015
      ,0.999999999988,1.000000000007,0.999999999998,1.)
    ,(1.,0.999999999998,1.000000000006,0.999999999988,1.000000000015
      ,0.999999999988,1.000000000007,0.999999999998,1.)
    ,(1.,0.999999999998,1.000000000006,0.999999999988,1.000000000015
      ,0.999999999988,1.000000000007,0.999999999998,1.)
    ,(1.,0.999999999998,1.000000000006,0.999999999988,1.000000000015
      ,0.999999999988,1.000000000007,0.999999999998,1.)
    ,(1.,0.999999999998,1.000000000006,0.999999999988,1.000000000015
      ,0.999999999988,1.000000000007,0.999999999998,1.)
    ,(1.,0.999999999998,1.000000000006,0.999999999988,1.000000000015
      ,0.999999999988,1.000000000007,0.999999999998,1.)
    ,(1.,0.999999999998,1.000000000006,0.999999999988,1.000000000015
      ,0.999999999988,1.000000000007,0.999999999998,1.
))) REPRESENTATION_ITEM('') SURFACE() );
#717 = CARTESIAN_POINT('',(11.3,-5.678229192213E-15,24.));
#718 = CARTESIAN_POINT('',(13.157727489547,-2.801376691232E-14,
    26.799950720458));
#719 = CARTESIAN_POINT('',(4.146757753907,8.186401245562E-14,
    29.342062037133));
#720 = CARTESIAN_POINT('',(27.664497949027,-2.02154374131E-13,
    32.655295918924));
#721 = CARTESIAN_POINT('',(-12.32076581851,2.954216883308E-13,
    34.401668272502));
#722 = CARTESIAN_POINT('',(36.969270810143,-3.27371101265E-13,
    38.429240703742));
#723 = CARTESIAN_POINT('',(-2.533666094733,2.136793725749E-13,
    39.96584326072));
#724 = CARTESIAN_POINT('',(15.917351185851,-6.882955643874E-14,
    43.330845185142));
#725 = CARTESIAN_POINT('',(11.503785182307,4.973258601282E-15,
    45.975440510905));
#726 = CARTESIAN_POINT('',(11.300000000003,5.071428140798,
    24.000000000002));
#727 = CARTESIAN_POINT('',(13.157727489587,5.891896620217,
    26.799950720491));
#728 = CARTESIAN_POINT('',(4.146757753768,1.871974829707,29.342062037069
    ));
#729 = CARTESIAN_POINT('',(27.664497949301,12.178239965238,
    32.655295918981));
#730 = CARTESIAN_POINT('',(-12.32076581886,-5.602003469639,
    34.401668272549));
#731 = CARTESIAN_POINT('',(36.969270810453,16.006862383884,
    38.429240703557));
#732 = CARTESIAN_POINT('',(-2.533666094905,-1.640853271425,
    39.965843260922));
#733 = CARTESIAN_POINT('',(15.917351185903,6.269803470146,
    43.330845185051));
#734 = CARTESIAN_POINT('',(11.503785182308,4.039190554619,
    45.975440510909));
#735 = CARTESIAN_POINT('',(8.848867718434,10.142858153569,
    23.999999999993));
#736 = CARTESIAN_POINT('',(10.31603684112,11.783795415272,
    26.940469162962));
#737 = CARTESIAN_POINT('',(3.221043091544,3.743950350349,29.212387013392
    ));
#738 = CARTESIAN_POINT('',(21.836879073591,24.356484425831,
    33.468611630811));
#739 = CARTESIAN_POINT('',(-9.675283460012,-11.20400900725,
    33.787466608328));
#740 = CARTESIAN_POINT('',(29.331990013467,32.013730676401,
    39.690459316251));
#741 = CARTESIAN_POINT('',(-1.748849525579,-3.281707148638,
    39.848929222248));
#742 = CARTESIAN_POINT('',(12.941392907353,12.53960925466,
    43.906322383124));
#743 = CARTESIAN_POINT('',(9.601591440729,8.078382600182,46.41459653918)
  );
#744 = CARTESIAN_POINT('',(3.946600021827,13.930858616278,
    24.000000000014));
#745 = CARTESIAN_POINT('',(4.632651912352,16.184628179551,
    27.221506228474));
#746 = CARTESIAN_POINT('',(1.369612580088,5.142184008388,28.953036798475
    ));
#747 = CARTESIAN_POINT('',(10.181633879201,33.452773940944,
    35.095244095641));
#748 = CARTESIAN_POINT('',(-4.384315369331,-15.38831195827,
    32.559062496397));
#749 = CARTESIAN_POINT('',(14.057418664273,43.969732108979,
    42.212898148189));
#750 = CARTESIAN_POINT('',(-0.179215388341,-4.507309243048,
    39.61510100154));
#751 = CARTESIAN_POINT('',(6.989472547175,17.222711881045,
    45.057277512203));
#752 = CARTESIAN_POINT('',(5.797201525822,11.095374119175,
    47.292909157207));
#753 = CARTESIAN_POINT('',(-2.673699946588,15.152142832831,
    23.999999999987));
#754 = CARTESIAN_POINT('',(-3.04251301175,17.603494847442,
    27.601034598263));
#755 = CARTESIAN_POINT('',(-1.130664042617,5.592986671988,
    28.602795581487));
#756 = CARTESIAN_POINT('',(-5.558269414142,36.385496606165,
    37.291940709264));
#757 = CARTESIAN_POINT('',(2.760907646412,-16.73736753539,
    30.900155999415));
#758 = CARTESIAN_POINT('',(-6.570227674614,47.824450709522,
    45.619342435618));
#759 = CARTESIAN_POINT('',(1.940507466722,-4.902453992612,
    39.299326113609));
#760 = CARTESIAN_POINT('',(-1.04833783463,18.732584801852,
    46.611592516525));
#761 = CARTESIAN_POINT('',(0.659537899134,12.068078362398,
    48.479032265276));
#762 = CARTESIAN_POINT('',(-9.545964962493,12.983438529422,
    23.999999999996));
#763 = CARTESIAN_POINT('',(-11.00979057145,15.083932073281,
    27.995007616059));
#764 = CARTESIAN_POINT('',(-3.726099859101,4.792470573429,
    28.239224367583));
#765 = CARTESIAN_POINT('',(-21.89722491443,31.177693067017,
    39.572242412853));
#766 = CARTESIAN_POINT('',(10.178073963515,-14.34177231148,
    29.178112427333));
#767 = CARTESIAN_POINT('',(-27.98295108051,40.979406202644,
    49.155434129177));
#768 = CARTESIAN_POINT('',(4.140905812416,-4.200772838118,
    38.971533029438));
#769 = CARTESIAN_POINT('',(-9.392062940859,16.051417014186,
    48.22506390037));
#770 = CARTESIAN_POINT('',(-4.673662435372,10.340791749152,
    49.710298579393));
#771 = CARTESIAN_POINT('',(-14.79217122882,7.524503271474,
    24.000000000036));
#772 = CARTESIAN_POINT('',(-17.09191653659,8.741836453791,
    28.295761979326));
#773 = CARTESIAN_POINT('',(-5.707425008592,2.777458407995,
    27.961678386734));
#774 = CARTESIAN_POINT('',(-34.37019136659,18.068915484038,
    41.312997906697));
#775 = CARTESIAN_POINT('',(15.84025152291,-8.311720537976,
    27.863524605904));
#776 = CARTESIAN_POINT('',(-44.32917227042,23.749461696156,
    51.854844966325));
#777 = CARTESIAN_POINT('',(5.820664050443,-2.434542197467,
    38.721299609776));
#778 = CARTESIAN_POINT('',(-15.76156453713,9.302538735421,
    49.456768989644));
#779 = CARTESIAN_POINT('',(-8.744964829611,5.992967207295,
    50.650232798824));
#780 = CARTESIAN_POINT('',(-16.76726320305,1.685407369223E-10,
    23.999999999935));
#781 = CARTESIAN_POINT('',(-19.38171559213,1.959210149325E-10,
    28.408989999525));
#782 = CARTESIAN_POINT('',(-6.453354411611,6.344641131664E-11,
    27.857187855667));
#783 = CARTESIAN_POINT('',(-39.0660143046,3.942389817898E-10,
    41.968357616077));
#784 = CARTESIAN_POINT('',(17.971948335471,-1.466968221906E-10,
    27.36860853827));
#785 = CARTESIAN_POINT('',(-50.4831983204,4.364852610042E-10,
    52.871119245148));
#786 = CARTESIAN_POINT('',(6.453059479857,1.064378035367E-10,
    38.627091754807));
#787 = CARTESIAN_POINT('',(-18.1595547803,2.75757814019E-11,
    49.920481361875));
#788 = CARTESIAN_POINT('',(-10.27772894075,2.141860022675E-10,
    51.004099276286));
#789 = CARTESIAN_POINT('',(-14.79217122882,-7.524503271784,
    24.000000000075));
#790 = CARTESIAN_POINT('',(-17.09191653647,-8.741836454164,
    28.295761979092));
#791 = CARTESIAN_POINT('',(-5.707425008893,-2.777458408062,
    27.961678388038));
#792 = CARTESIAN_POINT('',(-34.37019136625,-18.06891548486,
    41.312997904178));
#793 = CARTESIAN_POINT('',(15.840251522656,8.311720538382,
    27.863524609908));
#794 = CARTESIAN_POINT('',(-44.32917227029,-23.74946169708,
    51.854844962174));
#795 = CARTESIAN_POINT('',(5.820664050428,2.434542197354,38.721299612733
    ));
#796 = CARTESIAN_POINT('',(-15.76156453714,-9.302538735502,
    49.456768988666));
#797 = CARTESIAN_POINT('',(-8.744964829606,-5.992967207687,
    50.650232798924));
#798 = CARTESIAN_POINT('',(-9.545964962495,-12.98343852918,
    23.999999999935));
#799 = CARTESIAN_POINT('',(-11.00979057157,-15.08393207296,
    27.995007616433));
#800 = CARTESIAN_POINT('',(-3.726099858901,-4.792470573474,
    28.239224365561));
#801 = CARTESIAN_POINT('',(-21.89722491446,-31.17769306618,
    39.572242416743));
#802 = CARTESIAN_POINT('',(10.178073963282,14.341772310902,
    29.178112421221));
#803 = CARTESIAN_POINT('',(-27.98295108019,-40.97940620167,
    49.155434135451));
#804 = CARTESIAN_POINT('',(4.140905812161,4.20077283804,38.971533025007)
  );
#805 = CARTESIAN_POINT('',(-9.392062940766,-16.05141701406,
    48.22506390182));
#806 = CARTESIAN_POINT('',(-4.673662435379,-10.34079174885,
    49.710298579243));
#807 = CARTESIAN_POINT('',(-2.673699946586,-15.15214283298,
    24.000000000043));
#808 = CARTESIAN_POINT('',(-3.042513011651,-17.60349484768,
    27.601034597954));
#809 = CARTESIAN_POINT('',(-1.130664042776,-5.592986671812,
    28.602795583196));
#810 = CARTESIAN_POINT('',(-5.558269414157,-36.38549660698,
    37.291940705993));
#811 = CARTESIAN_POINT('',(2.760907646667,16.737367536149,
    30.900156004596));
#812 = CARTESIAN_POINT('',(-6.570227674937,-47.82445071048,
    45.619342430283));
#813 = CARTESIAN_POINT('',(1.940507466968,4.902453992875,39.299326117398
    ));
#814 = CARTESIAN_POINT('',(-1.048337834718,-18.732584802,46.611592515295
    ));
#815 = CARTESIAN_POINT('',(0.65953789914,-12.06807836258,48.479032265414
    ));
#816 = CARTESIAN_POINT('',(3.946600021827,-13.9308586162,23.999999999978
    ));
#817 = CARTESIAN_POINT('',(4.632651912297,-16.18462817941,
    27.221506228634));
#818 = CARTESIAN_POINT('',(1.369612580169,-5.142184008544,
    28.953036797538));
#819 = CARTESIAN_POINT('',(10.181633879245,-33.4527739404,
    35.095244097414));
#820 = CARTESIAN_POINT('',(-4.384315369538,15.388311957732,
    32.559062493536));
#821 = CARTESIAN_POINT('',(14.057418664517,-43.96973210835,
    42.212898151164));
#822 = CARTESIAN_POINT('',(-0.179215388518,4.507309242829,
    39.615100999396));
#823 = CARTESIAN_POINT('',(6.989472547236,-17.22271188093,
    45.057277512895));
#824 = CARTESIAN_POINT('',(5.797201525818,-11.09537411908,
    47.292909157121));
#825 = CARTESIAN_POINT('',(8.848867718434,-10.14285815359,
    24.000000000008));
#826 = CARTESIAN_POINT('',(10.316036841163,-11.78379541528,
    26.940469162886));
#827 = CARTESIAN_POINT('',(3.221043091435,-3.74395035042,29.212387013816
    ));
#828 = CARTESIAN_POINT('',(21.83687907372,-24.35648442578,
    33.468611630005));
#829 = CARTESIAN_POINT('',(-9.675283460112,11.204009007151,
    33.787466609605));
#830 = CARTESIAN_POINT('',(29.331990013522,-32.01373067638,
    39.690459314943));
#831 = CARTESIAN_POINT('',(-1.748849525591,3.281707148592,
    39.848929223177));
#832 = CARTESIAN_POINT('',(12.941392907353,-12.53960925466,
    43.906322382828));
#833 = CARTESIAN_POINT('',(9.601591440731,-8.078382600215,
    46.414596539217));
#834 = CARTESIAN_POINT('',(11.300000000003,-5.071428140792,
    23.999999999998));
#835 = CARTESIAN_POINT('',(13.157727489539,-5.891896620207,
    26.799950720462));
#836 = CARTESIAN_POINT('',(4.146757753928,-1.871974829716,
    29.342062037143));
#837 = CARTESIAN_POINT('',(27.664497949014,-12.1782399652,
    32.655295918824));
#838 = CARTESIAN_POINT('',(-12.32076581852,5.602003469602,
    34.401668272697));
#839 = CARTESIAN_POINT('',(36.969270810183,-16.00686238383,
    38.429240703476));
#840 = CARTESIAN_POINT('',(-2.533666094766,1.640853271407,39.96584326092
    ));
#841 = CARTESIAN_POINT('',(15.917351185863,-6.269803470137,
    43.330845185056));
#842 = CARTESIAN_POINT('',(11.503785182308,-4.039190554612,45.9754405109
    ));
#843 = CARTESIAN_POINT('',(11.3,-7.232540088002E-15,24.));
#844 = CARTESIAN_POINT('',(13.157727489526,-4.864279683896E-16,
    26.799950720423));
#845 = CARTESIAN_POINT('',(4.146757753979,-3.432623687872E-14,
    29.342062037259));
#846 = CARTESIAN_POINT('',(27.664497948889,5.654392502028E-14,
    32.655295918675));
#847 = CARTESIAN_POINT('',(-12.32076581835,-1.137729278923E-13,
    34.401668272819));
#848 = CARTESIAN_POINT('',(36.969270810004,1.257610433572E-13,
    38.429240703473));
#849 = CARTESIAN_POINT('',(-2.533666094658,-1.293293140125E-13,
    39.965843260867));
#850 = CARTESIAN_POINT('',(15.91735118583,6.221085054954E-14,
    43.330845185099));
#851 = CARTESIAN_POINT('',(11.503785182307,3.075073044862E-15,
    45.975440510905));
#852 = DEFINITIONAL_REPRESENTATION('',(#853),#856);
#853 = B_SPLINE_CURVE_WITH_KNOTS('',1,(#854,#855),.UNSPECIFIED.,.F.,.F.,
  (2,2),(0.,6.28318530718),.PIECEWISE_BEZIER_KNOTS.);
#854 = CARTESIAN_POINT('',(0.,0.));
#855 = CARTESIAN_POINT('',(1.,0.));
#856 = ( GEOMETRIC_REPRESENTATION_CONTEXT(2) 
PARAMETRIC_REPRESENTATION_CONTEXT() REPRESENTATION_CONTEXT('2D SPACE',''
  ) );
#857 = ORIENTED_EDGE('',*,*,#418,.F.);
#858 = ADVANCED_FACE('',(#859),#716,.F.);
#859 = FACE_BOUND('',#860,.F.);
#860 = EDGE_LOOP('',(#861,#862,#891,#930,#1135,#1268,#1341,#1450,#1559,
    #1632,#1765));
#861 = ORIENTED_EDGE('',*,*,#702,.T.);
#862 = ORIENTED_EDGE('',*,*,#863,.T.);
#863 = EDGE_CURVE('',#545,#864,#866,.T.);
#864 = VERTEX_POINT('',#865);
#865 = CARTESIAN_POINT('',(11.503785182307,-1.102182119233E-15,
    45.975440510905));
#866 = SURFACE_CURVE('',#867,(#877,#884),.PCURVE_S1.);
#867 = ( BOUNDED_CURVE() B_SPLINE_CURVE(8,(#868,#869,#870,#871,#872,#873
,#874,#875,#876),.UNSPECIFIED.,.F.,.F.) B_SPLINE_CURVE_WITH_KNOTS((9,9),
(0.,1.),.PIECEWISE_BEZIER_KNOTS.) CURVE() GEOMETRIC_REPRESENTATION_ITEM(
) RATIONAL_B_SPLINE_CURVE((1.,0.999999999998,1.000000000006,
    0.999999999988,1.000000000015,0.999999999988,1.000000000007,
0.999999999998,1.)) REPRESENTATION_ITEM('') );
#868 = CARTESIAN_POINT('',(11.3,-5.678229192213E-15,24.));
#869 = CARTESIAN_POINT('',(13.157727489547,-2.801376691232E-14,
    26.799950720458));
#870 = CARTESIAN_POINT('',(4.146757753907,8.186401245562E-14,
    29.342062037133));
#871 = CARTESIAN_POINT('',(27.664497949027,-2.02154374131E-13,
    32.655295918924));
#872 = CARTESIAN_POINT('',(-12.32076581851,2.954216883308E-13,
    34.401668272502));
#873 = CARTESIAN_POINT('',(36.969270810143,-3.27371101265E-13,
    38.429240703742));
#874 = CARTESIAN_POINT('',(-2.533666094733,2.136793725749E-13,
    39.96584326072));
#875 = CARTESIAN_POINT('',(15.917351185851,-6.882955643874E-14,
    43.330845185142));
#876 = CARTESIAN_POINT('',(11.503785182307,4.973258601282E-15,
    45.975440510905));
#877 = PCURVE('',#716,#878);
#878 = DEFINITIONAL_REPRESENTATION('',(#879),#883);
#879 = LINE('',#880,#881);
#880 = CARTESIAN_POINT('',(1.,0.));
#881 = VECTOR('',#882,1.);
#882 = DIRECTION('',(0.,1.));
#883 = ( GEOMETRIC_REPRESENTATION_CONTEXT(2) 
PARAMETRIC_REPRESENTATION_CONTEXT() REPRESENTATION_CONTEXT('2D SPACE',''
  ) );
#884 = PCURVE('',#560,#885);
#885 = DEFINITIONAL_REPRESENTATION('',(#886),#890);
#886 = LINE('',#887,#888);
#887 = CARTESIAN_POINT('',(0.,0.));
#888 = VECTOR('',#889,1.);
#889 = DIRECTION('',(0.,1.));
#890 = ( GEOMETRIC_REPRESENTATION_CONTEXT(2) 
PARAMETRIC_REPRESENTATION_CONTEXT() REPRESENTATION_CONTEXT('2D SPACE',''
  ) );
#891 = ORIENTED_EDGE('',*,*,#892,.F.);
#892 = EDGE_CURVE('',#893,#864,#895,.T.);
#893 = VERTEX_POINT('',#894);
#894 = CARTESIAN_POINT('',(-3.598950821864,6.224949806381,
    49.462181853235));
#895 = SURFACE_CURVE('',#896,(#912,#919),.PCURVE_S1.);
#896 = B_SPLINE_CURVE_WITH_KNOTS('',14,(#897,#898,#899,#900,#901,#902,
    #903,#904,#905,#906,#907,#908,#909,#910,#911),.UNSPECIFIED.,.T.,.F.,
  (15,15),(0.,1.),.PIECEWISE_BEZIER_KNOTS.);
#897 = CARTESIAN_POINT('',(11.503785182307,4.973258601282E-15,
    45.975440510905));
#898 = CARTESIAN_POINT('',(11.503785182308,4.039190554619,
    45.975440510909));
#899 = CARTESIAN_POINT('',(9.601591440729,8.078382600182,46.41459653918)
  );
#900 = CARTESIAN_POINT('',(5.797201525822,11.095374119175,
    47.292909157207));
#901 = CARTESIAN_POINT('',(0.659537899134,12.068078362398,
    48.479032265276));
#902 = CARTESIAN_POINT('',(-4.673662435372,10.340791749152,
    49.710298579393));
#903 = CARTESIAN_POINT('',(-8.744964829611,5.992967207295,
    50.650232798824));
#904 = CARTESIAN_POINT('',(-10.27772894075,2.141860022675E-10,
    51.004099276286));
#905 = CARTESIAN_POINT('',(-8.744964829606,-5.992967207687,
    50.650232798924));
#906 = CARTESIAN_POINT('',(-4.673662435379,-10.34079174885,
    49.710298579243));
#907 = CARTESIAN_POINT('',(0.65953789914,-12.06807836258,48.479032265414
    ));
#908 = CARTESIAN_POINT('',(5.797201525818,-11.09537411908,
    47.292909157121));
#909 = CARTESIAN_POINT('',(9.601591440731,-8.078382600215,
    46.414596539217));
#910 = CARTESIAN_POINT('',(11.503785182308,-4.039190554612,45.9754405109
    ));
#911 = CARTESIAN_POINT('',(11.503785182307,3.075073044862E-15,
    45.975440510905));
#912 = PCURVE('',#716,#913);
#913 = DEFINITIONAL_REPRESENTATION('',(#914),#918);
#914 = LINE('',#915,#916);
#915 = CARTESIAN_POINT('',(0.,1.));
#916 = VECTOR('',#917,1.);
#917 = DIRECTION('',(1.,0.));
#918 = ( GEOMETRIC_REPRESENTATION_CONTEXT(2) 
PARAMETRIC_REPRESENTATION_CONTEXT() REPRESENTATION_CONTEXT('2D SPACE',''
  ) );
#919 = PCURVE('',#920,#925);
#920 = CYLINDRICAL_SURFACE('',#921,9.);
#921 = AXIS2_PLACEMENT_3D('',#922,#923,#924);
#922 = CARTESIAN_POINT('',(2.734454599239,0.,48.));
#923 = DIRECTION('',(0.224951054344,0.,0.974370064785));
#924 = DIRECTION('',(0.974370064785,0.,-0.224951054344));
#925 = DEFINITIONAL_REPRESENTATION('',(#926),#929);
#926 = B_SPLINE_CURVE_WITH_KNOTS('',1,(#927,#928),.UNSPECIFIED.,.F.,.F.,
  (2,2),(0.37843960361,1.),.PIECEWISE_BEZIER_KNOTS.);
#927 = CARTESIAN_POINT('',(2.377806157055,0.));
#928 = CARTESIAN_POINT('',(6.28318530718,0.));
#929 = ( GEOMETRIC_REPRESENTATION_CONTEXT(2) 
PARAMETRIC_REPRESENTATION_CONTEXT() REPRESENTATION_CONTEXT('2D SPACE',''
  ) );
#930 = ORIENTED_EDGE('',*,*,#931,.F.);
#931 = EDGE_CURVE('',#932,#893,#934,.T.);
#932 = VERTEX_POINT('',#933);
#933 = CARTESIAN_POINT('',(-4.276648127274,7.289566375617,46.3243936121)
  );
#934 = SURFACE_CURVE('',#935,(#998,#1064),.PCURVE_S1.);
#935 = B_SPLINE_CURVE_WITH_KNOTS('',6,(#936,#937,#938,#939,#940,#941,
    #942,#943,#944,#945,#946,#947,#948,#949,#950,#951,#952,#953,#954,
    #955,#956,#957,#958,#959,#960,#961,#962,#963,#964,#965,#966,#967,
    #968,#969,#970,#971,#972,#973,#974,#975,#976,#977,#978,#979,#980,
    #981,#982,#983,#984,#985,#986,#987,#988,#989,#990,#991,#992,#993,
    #994,#995,#996,#997),.UNSPECIFIED.,.F.,.F.,(7,5,5,5,5,5,5,5,5,5,5,5,
    7),(0.,0.198494866015,0.240731625957,0.268449731689,0.28645974831,
    0.333467432226,0.434001107771,0.523667567807,0.565701138378,
    0.645410864717,0.738855083252,0.798292919928,1.),.UNSPECIFIED.);
#936 = CARTESIAN_POINT('',(-4.276648127274,7.289566375617,46.3243936121)
  );
#937 = CARTESIAN_POINT('',(-4.249770777849,7.292243506604,46.44883771171
    ));
#938 = CARTESIAN_POINT('',(-4.222910369503,7.299026367732,
    46.573203372881));
#939 = CARTESIAN_POINT('',(-4.196103169631,7.309525006933,
    46.697322674912));
#940 = CARTESIAN_POINT('',(-4.169364526533,7.32312909214,46.821124554049
    ));
#941 = CARTESIAN_POINT('',(-4.142690138288,7.339067075856,
    46.944628928504));
#942 = CARTESIAN_POINT('',(-4.110386956333,7.360031215485,
    47.094195030776));
#943 = CARTESIAN_POINT('',(-4.104721072073,7.363770418881,47.12042849056
    ));
#944 = CARTESIAN_POINT('',(-4.09905670959,7.367561144128,47.146654904401
    ));
#945 = CARTESIAN_POINT('',(-4.093393596475,7.371393395469,
    47.172875533582));
#946 = CARTESIAN_POINT('',(-4.087731428299,7.375256670141,
    47.199091787623));
#947 = CARTESIAN_POINT('',(-4.078354438983,7.381688387605,47.24250793607
    ));
#948 = CARTESIAN_POINT('',(-4.07463927252,7.38424542883,47.259709429344)
  );
#949 = CARTESIAN_POINT('',(-4.070924274547,7.386807966585,
    47.276910142499));
#950 = CARTESIAN_POINT('',(-4.067209346458,7.389372770819,
    47.294110532084));
#951 = CARTESIAN_POINT('',(-4.063494385728,7.391936496889,
    47.311311072801));
#952 = CARTESIAN_POINT('',(-4.057365376026,7.396158534783,
    47.339688837353));
#953 = CARTESIAN_POINT('',(-4.054951407601,7.397819467332,
    47.350865688255));
#954 = CARTESIAN_POINT('',(-4.052537351518,7.399477533548,47.36204294502
    ));
#955 = CARTESIAN_POINT('',(-4.050123178298,7.4011317602,47.373220744138)
  );
#956 = CARTESIAN_POINT('',(-4.047708858102,7.402781150492,
    47.384399223763));
#957 = CARTESIAN_POINT('',(-4.038992316065,7.408714447269,
    47.424757452853));
#958 = CARTESIAN_POINT('',(-4.032689074158,7.412964264416,
    47.453941925304));
#959 = CARTESIAN_POINT('',(-4.026384081319,7.417156103372,
    47.483134504693));
#960 = CARTESIAN_POINT('',(-4.020076801111,7.421270569236,
    47.512337674767));
#961 = CARTESIAN_POINT('',(-4.013766714348,7.425286904336,
    47.541553839401));
#962 = CARTESIAN_POINT('',(-3.993951083345,7.437515405444,
    47.633301664655));
#963 = CARTESIAN_POINT('',(-3.980434887821,7.445296891147,
    47.695882641504));
#964 = CARTESIAN_POINT('',(-3.966897758249,7.452311351137,47.75856054453
    ));
#965 = CARTESIAN_POINT('',(-3.953336885077,7.458306917212,
    47.821348382164));
#966 = CARTESIAN_POINT('',(-3.9397534271,7.462986824892,47.884240789106)
  );
#967 = CARTESIAN_POINT('',(-3.91402141903,7.468688015933,48.003381874216
    ));
#968 = CARTESIAN_POINT('',(-3.901878804158,7.470049049487,
    48.059603071875));
#969 = CARTESIAN_POINT('',(-3.88972712716,7.469838192083,48.115866227847
    ));
#970 = CARTESIAN_POINT('',(-3.87757939036,7.467767076284,48.172111140408
    ));
#971 = CARTESIAN_POINT('',(-3.865458675601,7.463524994466,
    48.228230938942));
#972 = CARTESIAN_POINT('',(-3.847744054145,7.453647075579,48.31025093586
    ));
#973 = CARTESIAN_POINT('',(-3.842103786105,7.449949075071,
    48.336365790664));
#974 = CARTESIAN_POINT('',(-3.836480806346,7.445674249495,
    48.362400599463));
#975 = CARTESIAN_POINT('',(-3.830879609912,7.440791729457,
    48.388334549866));
#976 = CARTESIAN_POINT('',(-3.825305388462,7.435272999824,
    48.414143604115));
#977 = CARTESIAN_POINT('',(-3.809255567967,7.417375527732,48.48845545045
    ));
#978 = CARTESIAN_POINT('',(-3.79886252803,7.403279079575,48.536575987807
    ));
#979 = CARTESIAN_POINT('',(-3.788629517032,7.386640715814,
    48.583955579441));
#980 = CARTESIAN_POINT('',(-3.77860324109,7.367354161735,48.630377972599
    ));
#981 = CARTESIAN_POINT('',(-3.768829778714,7.345405596081,
    48.675629820398));
#982 = CARTESIAN_POINT('',(-3.748240965483,7.292191031774,
    48.770957536089));
#983 = CARTESIAN_POINT('',(-3.737531256534,7.259957680494,
    48.820544274207));
#984 = CARTESIAN_POINT('',(-3.727292714128,7.224385524958,
    48.867949476666));
#985 = CARTESIAN_POINT('',(-3.717556674035,7.185800370309,48.91302805655
    ));
#986 = CARTESIAN_POINT('',(-3.708328188247,7.144600621851,
    48.955756622764));
#987 = CARTESIAN_POINT('',(-3.694045451413,7.0735625052,49.021886742114)
  );
#988 = CARTESIAN_POINT('',(-3.688693033825,7.045039707911,
    49.046668828208));
#989 = CARTESIAN_POINT('',(-3.683537191086,7.015705940537,
    49.070540758331));
#990 = CARTESIAN_POINT('',(-3.678571530296,6.985649661418,
    49.093532132079));
#991 = CARTESIAN_POINT('',(-3.673788097618,6.954950546048,
    49.115679776302));
#992 = CARTESIAN_POINT('',(-3.653534701473,6.817542041977,
    49.209454486278));
#993 = CARTESIAN_POINT('',(-3.639914874752,6.704940306034,49.27251528317
    ));
#994 = CARTESIAN_POINT('',(-3.62791744286,6.588188643451,49.328064272982
    ));
#995 = CARTESIAN_POINT('',(-3.617240711336,6.468828102358,
    49.377498323202));
#996 = CARTESIAN_POINT('',(-3.607649460696,6.347688667634,
    49.421906517298));
#997 = CARTESIAN_POINT('',(-3.598950821864,6.224949806379,
    49.462181853235));
#998 = PCURVE('',#716,#999);
#999 = DEFINITIONAL_REPRESENTATION('',(#1000),#1063);
#1000 = B_SPLINE_CURVE_WITH_KNOTS('',6,(#1001,#1002,#1003,#1004,#1005,
    #1006,#1007,#1008,#1009,#1010,#1011,#1012,#1013,#1014,#1015,#1016,
    #1017,#1018,#1019,#1020,#1021,#1022,#1023,#1024,#1025,#1026,#1027,
    #1028,#1029,#1030,#1031,#1032,#1033,#1034,#1035,#1036,#1037,#1038,
    #1039,#1040,#1041,#1042,#1043,#1044,#1045,#1046,#1047,#1048,#1049,
    #1050,#1051,#1052,#1053,#1054,#1055,#1056,#1057,#1058,#1059,#1060,
    #1061,#1062),.UNSPECIFIED.,.F.,.F.,(7,5,5,5,5,5,5,5,5,5,5,5,7),(0.,
    0.198494866015,0.240731625957,0.268449731689,0.28645974831,
    0.333467432226,0.434001107771,0.523667567807,0.565701138378,
    0.645410864717,0.738855083252,0.798292919928,1.),.UNSPECIFIED.);
#1001 = CARTESIAN_POINT('',(0.365897006209,0.871198305647));
#1002 = CARTESIAN_POINT('',(0.365841997282,0.876093179316));
#1003 = CARTESIAN_POINT('',(0.365744014414,0.880965051508));
#1004 = CARTESIAN_POINT('',(0.36560740487,0.885809549363));
#1005 = CARTESIAN_POINT('',(0.365439122674,0.890627141787));
#1006 = CARTESIAN_POINT('',(0.365247859115,0.895422598761));
#1007 = CARTESIAN_POINT('',(0.365001152612,0.901223340727));
#1008 = CARTESIAN_POINT('',(0.364957317275,0.902240525613));
#1009 = CARTESIAN_POINT('',(0.364913035858,0.903257237951));
#1010 = CARTESIAN_POINT('',(0.364868417583,0.904273578347));
#1011 = CARTESIAN_POINT('',(0.364823576697,0.905289655715));
#1012 = CARTESIAN_POINT('',(0.364749137578,0.906972297962));
#1013 = CARTESIAN_POINT('',(0.36471959825,0.907638945679));
#1014 = CARTESIAN_POINT('',(0.364690048233,0.908305563518));
#1015 = CARTESIAN_POINT('',(0.364660522406,0.908972185834));
#1016 = CARTESIAN_POINT('',(0.364631056784,0.909638848258));
#1017 = CARTESIAN_POINT('',(0.364582606298,0.910738805919));
#1018 = CARTESIAN_POINT('',(0.364563565192,0.911172056626));
#1019 = CARTESIAN_POINT('',(0.364544575397,0.911605349933));
#1020 = CARTESIAN_POINT('',(0.364525647346,0.912038696136));
#1021 = CARTESIAN_POINT('',(0.364506791709,0.912472105709));
#1022 = CARTESIAN_POINT('',(0.364439022021,0.914037018583));
#1023 = CARTESIAN_POINT('',(0.364390592753,0.915168950601));
#1024 = CARTESIAN_POINT('',(0.364342924252,0.91630157738));
#1025 = CARTESIAN_POINT('',(0.36429622295,0.917435094403));
#1026 = CARTESIAN_POINT('',(0.364250709044,0.918569700627));
#1027 = CARTESIAN_POINT('',(0.36411231731,0.922134903154));
#1028 = CARTESIAN_POINT('',(0.36402452897,0.924569905649));
#1029 = CARTESIAN_POINT('',(0.363945538664,0.927012961057));
#1030 = CARTESIAN_POINT('',(0.363877995185,0.929465838504));
#1031 = CARTESIAN_POINT('',(0.363825022217,0.931929791962));
#1032 = CARTESIAN_POINT('',(0.363759390941,0.936613843657));
#1033 = CARTESIAN_POINT('',(0.363743005239,0.938831090567));
#1034 = CARTESIAN_POINT('',(0.363743773729,0.941058080717));
#1035 = CARTESIAN_POINT('',(0.363764762528,0.943293828479));
#1036 = CARTESIAN_POINT('',(0.363809323604,0.945535582419));
#1037 = CARTESIAN_POINT('',(0.363914473515,0.948830301225));
#1038 = CARTESIAN_POINT('',(0.363953969565,0.949882086987));
#1039 = CARTESIAN_POINT('',(0.363999750854,0.95093357228));
#1040 = CARTESIAN_POINT('',(0.364052164619,0.95198407295));
#1041 = CARTESIAN_POINT('',(0.364111538702,0.953032763008));
#1042 = CARTESIAN_POINT('',(0.364304507578,0.95606208282));
#1043 = CARTESIAN_POINT('',(0.364456957378,0.958035994356));
#1044 = CARTESIAN_POINT('',(0.364637457276,0.95999291308));
#1045 = CARTESIAN_POINT('',(0.364847445599,0.961924641528));
#1046 = CARTESIAN_POINT('',(0.365087448105,0.963822619146));
#1047 = CARTESIAN_POINT('',(0.36567228283,0.967853633502));
#1048 = CARTESIAN_POINT('',(0.366028197376,0.969971806673));
#1049 = CARTESIAN_POINT('',(0.36642319952,0.972018790887));
#1050 = CARTESIAN_POINT('',(0.366854530386,0.973986953157));
#1051 = CARTESIAN_POINT('',(0.367318595188,0.975873168326));
#1052 = CARTESIAN_POINT('',(0.368125305837,0.978824335641));
#1053 = CARTESIAN_POINT('',(0.368450749684,0.979938618882));
#1054 = CARTESIAN_POINT('',(0.368787140676,0.981020031164));
#1055 = CARTESIAN_POINT('',(0.369133651301,0.982069274061));
#1056 = CARTESIAN_POINT('',(0.369489532349,0.98308738559));
#1057 = CARTESIAN_POINT('',(0.371091539438,0.987429108153));
#1058 = CARTESIAN_POINT('',(0.372427724059,0.990433013634));
#1059 = CARTESIAN_POINT('',(0.37384168104,0.993148498141));
#1060 = CARTESIAN_POINT('',(0.375318891319,0.995623006741));
#1061 = CARTESIAN_POINT('',(0.376851417279,0.997895522009));
#1062 = CARTESIAN_POINT('',(0.37843960361,1.));
#1063 = ( GEOMETRIC_REPRESENTATION_CONTEXT(2) 
PARAMETRIC_REPRESENTATION_CONTEXT() REPRESENTATION_CONTEXT('2D SPACE',''
  ) );
#1064 = PCURVE('',#1065,#1070);
#1065 = PLANE('',#1066);
#1066 = AXIS2_PLACEMENT_3D('',#1067,#1068,#1069);
#1067 = CARTESIAN_POINT('',(-3.598950821865,40.,49.462181853235));
#1068 = DIRECTION('',(-0.977461974944,0.,0.211111552359));
#1069 = DIRECTION('',(0.,-1.,0.));
#1070 = DEFINITIONAL_REPRESENTATION('',(#1071),#1134);
#1071 = B_SPLINE_CURVE_WITH_KNOTS('',6,(#1072,#1073,#1074,#1075,#1076,
    #1077,#1078,#1079,#1080,#1081,#1082,#1083,#1084,#1085,#1086,#1087,
    #1088,#1089,#1090,#1091,#1092,#1093,#1094,#1095,#1096,#1097,#1098,
    #1099,#1100,#1101,#1102,#1103,#1104,#1105,#1106,#1107,#1108,#1109,
    #1110,#1111,#1112,#1113,#1114,#1115,#1116,#1117,#1118,#1119,#1120,
    #1121,#1122,#1123,#1124,#1125,#1126,#1127,#1128,#1129,#1130,#1131,
    #1132,#1133),.UNSPECIFIED.,.F.,.F.,(7,5,5,5,5,5,5,5,5,5,5,5,7),(0.,
    0.198494866015,0.240731625957,0.268449731689,0.28645974831,
    0.333467432226,0.434001107771,0.523667567807,0.565701138378,
    0.645410864717,0.738855083252,0.798292919928,1.),.UNSPECIFIED.);
#1072 = CARTESIAN_POINT('',(32.710433624383,-3.21013842131));
#1073 = CARTESIAN_POINT('',(32.707756493396,-3.082824926974));
#1074 = CARTESIAN_POINT('',(32.700973632268,-2.955591679688));
#1075 = CARTESIAN_POINT('',(32.690474993067,-2.828610472016));
#1076 = CARTESIAN_POINT('',(32.67687090786,-2.701954006281));
#1077 = CARTESIAN_POINT('',(32.660932924144,-2.575601905001));
#1078 = CARTESIAN_POINT('',(32.639968784515,-2.422587152402));
#1079 = CARTESIAN_POINT('',(32.636229581119,-2.395748809369));
#1080 = CARTESIAN_POINT('',(32.632438855872,-2.368917674744));
#1081 = CARTESIAN_POINT('',(32.628606604531,-2.342092458159));
#1082 = CARTESIAN_POINT('',(32.624743329859,-2.315271717596));
#1083 = CARTESIAN_POINT('',(32.618311612395,-2.270854492619));
#1084 = CARTESIAN_POINT('',(32.61575457117,-2.253256372472));
#1085 = CARTESIAN_POINT('',(32.613192033415,-2.235659050433));
#1086 = CARTESIAN_POINT('',(32.610627229181,-2.218062059423));
#1087 = CARTESIAN_POINT('',(32.608063503111,-2.200464913797));
#1088 = CARTESIAN_POINT('',(32.603841465217,-2.171432823261));
#1089 = CARTESIAN_POINT('',(32.602180532668,-2.159998259884));
#1090 = CARTESIAN_POINT('',(32.600522466452,-2.148563281284));
#1091 = CARTESIAN_POINT('',(32.5988682398,-2.137127747826));
#1092 = CARTESIAN_POINT('',(32.597218849508,-2.125691518171));
#1093 = CARTESIAN_POINT('',(32.591285552731,-2.084402721139));
#1094 = CARTESIAN_POINT('',(32.587035735584,-2.054545321875));
#1095 = CARTESIAN_POINT('',(32.582843896628,-2.024679628747));
#1096 = CARTESIAN_POINT('',(32.578729430764,-1.994803100735));
#1097 = CARTESIAN_POINT('',(32.574713095664,-1.964913278539));
#1098 = CARTESIAN_POINT('',(32.562484594556,-1.871049959448));
#1099 = CARTESIAN_POINT('',(32.554703108853,-1.807026009204));
#1100 = CARTESIAN_POINT('',(32.547688648863,-1.742902897889));
#1101 = CARTESIAN_POINT('',(32.541693082788,-1.678667317126));
#1102 = CARTESIAN_POINT('',(32.537013175108,-1.614324755927));
#1103 = CARTESIAN_POINT('',(32.531311984067,-1.49243655141));
#1104 = CARTESIAN_POINT('',(32.529950950513,-1.434919022237));
#1105 = CARTESIAN_POINT('',(32.530161807917,-1.37735856729));
#1106 = CARTESIAN_POINT('',(32.532232923716,-1.319816776403));
#1107 = CARTESIAN_POINT('',(32.536475005534,-1.262402984387));
#1108 = CARTESIAN_POINT('',(32.546352924421,-1.178491794979));
#1109 = CARTESIAN_POINT('',(32.550050924929,-1.151774791686));
#1110 = CARTESIAN_POINT('',(32.554325750505,-1.125139680073));
#1111 = CARTESIAN_POINT('',(32.559208270543,-1.09860775242));
#1112 = CARTESIAN_POINT('',(32.564727000176,-1.072203600739));
#1113 = CARTESIAN_POINT('',(32.582624472268,-0.996178294139));
#1114 = CARTESIAN_POINT('',(32.596720920425,-0.946948207864));
#1115 = CARTESIAN_POINT('',(32.613359284186,-0.898476151817));
#1116 = CARTESIAN_POINT('',(32.632645838265,-0.85098336504));
#1117 = CARTESIAN_POINT('',(32.654594403919,-0.804688113706));
#1118 = CARTESIAN_POINT('',(32.707808968226,-0.707162360138));
#1119 = CARTESIAN_POINT('',(32.740042319506,-0.656432265884));
#1120 = CARTESIAN_POINT('',(32.775614475042,-0.607934008485));
#1121 = CARTESIAN_POINT('',(32.814199629691,-0.561816020227));
#1122 = CARTESIAN_POINT('',(32.855399378149,-0.518102231548));
#1123 = CARTESIAN_POINT('',(32.9264374948,-0.450447303739));
#1124 = CARTESIAN_POINT('',(32.954960292089,-0.425093799737));
#1125 = CARTESIAN_POINT('',(32.984294059463,-0.400671437808));
#1126 = CARTESIAN_POINT('',(33.014350338582,-0.377149935861));
#1127 = CARTESIAN_POINT('',(33.045049453952,-0.3544916179));
#1128 = CARTESIAN_POINT('',(33.182457958023,-0.258554678786));
#1129 = CARTESIAN_POINT('',(33.295059693966,-0.194039844953));
#1130 = CARTESIAN_POINT('',(33.411811356549,-0.137210023194));
#1131 = CARTESIAN_POINT('',(33.531171897642,-8.663613746983E-02));
#1132 = CARTESIAN_POINT('',(33.652311332366,-4.120399255349E-02));
#1133 = CARTESIAN_POINT('',(33.775050193621,2.060573933704E-13));
#1134 = ( GEOMETRIC_REPRESENTATION_CONTEXT(2) 
PARAMETRIC_REPRESENTATION_CONTEXT() REPRESENTATION_CONTEXT('2D SPACE',''
  ) );
#1135 = ORIENTED_EDGE('',*,*,#1136,.F.);
#1136 = EDGE_CURVE('',#1137,#932,#1139,.T.);
#1137 = VERTEX_POINT('',#1138);
#1138 = CARTESIAN_POINT('',(-4.865092121869,8.288613354791,
    43.168649270555));
#1139 = SURFACE_CURVE('',#1140,(#1179,#1221),.PCURVE_S1.);
#1140 = B_SPLINE_CURVE_WITH_KNOTS('',5,(#1141,#1142,#1143,#1144,#1145,
    #1146,#1147,#1148,#1149,#1150,#1151,#1152,#1153,#1154,#1155,#1156,
    #1157,#1158,#1159,#1160,#1161,#1162,#1163,#1164,#1165,#1166,#1167,
    #1168,#1169,#1170,#1171,#1172,#1173,#1174,#1175,#1176,#1177,#1178),
  .UNSPECIFIED.,.F.,.F.,(6,4,4,4,4,4,4,4,4,6),(0.,8.119200062913E-02,
    0.10647296577,0.123068949203,0.160220019095,0.239238275505,
    0.449032827297,0.658566920472,0.86436152525,1.),.UNSPECIFIED.);
#1141 = CARTESIAN_POINT('',(-4.865092121869,8.288613354791,
    43.168649270555));
#1142 = CARTESIAN_POINT('',(-4.85590038657,8.265801999414,
    43.217943284812));
#1143 = CARTESIAN_POINT('',(-4.846718339822,8.242874363515,
    43.267185340699));
#1144 = CARTESIAN_POINT('',(-4.837543963779,8.219855501864,
    43.316386259653));
#1145 = CARTESIAN_POINT('',(-4.828375105501,8.196771438008,
    43.365557587585));
#1146 = CARTESIAN_POINT('',(-4.816355551281,8.166449521552,
    43.430016806415));
#1147 = CARTESIAN_POINT('',(-4.813501939033,8.159246175099,
    43.44532033706));
#1148 = CARTESIAN_POINT('',(-4.810648571379,8.15203994043,
    43.460622555984));
#1149 = CARTESIAN_POINT('',(-4.807795378466,8.144831642966,
    43.475923837796));
#1150 = CARTESIAN_POINT('',(-4.803069345962,8.132889341586,
    43.501268901163));
#1151 = CARTESIAN_POINT('',(-4.801196447267,8.128156036189,
    43.511312999688));
#1152 = CARTESIAN_POINT('',(-4.799323573299,8.123422438166,
    43.521356965611));
#1153 = CARTESIAN_POINT('',(-4.797450703845,8.118688785753,
    43.531400907321));
#1154 = CARTESIAN_POINT('',(-4.791385256297,8.1033591799,43.563929069648
    ));
#1155 = CARTESIAN_POINT('',(-4.78719261466,8.092763971826,
    43.586413631043));
#1156 = CARTESIAN_POINT('',(-4.782999664833,8.082172388164,
    43.608899845215));
#1157 = CARTESIAN_POINT('',(-4.778806174558,8.071587172698,
    43.631388957738));
#1158 = CARTESIAN_POINT('',(-4.765690936946,8.038516444077,
    43.701724176148));
#1159 = CARTESIAN_POINT('',(-4.756766458437,8.016063229842,
    43.749584928933));
#1160 = CARTESIAN_POINT('',(-4.747836195618,7.993678339192,
    43.797476702187));
#1161 = CARTESIAN_POINT('',(-4.738897836941,7.971389782951,
    43.84541189241));
#1162 = CARTESIAN_POINT('',(-4.706189848064,7.890383486776,44.0208203455
    ));
#1163 = CARTESIAN_POINT('',(-4.682357845207,7.832427142244,
    44.148628104361));
#1164 = CARTESIAN_POINT('',(-4.658407305854,7.775896934401,
    44.277071558171));
#1165 = CARTESIAN_POINT('',(-4.634296684414,7.721412478607,
    44.406373510232));
#1166 = CARTESIAN_POINT('',(-4.585715576775,7.617934484465,
    44.666907319645));
#1167 = CARTESIAN_POINT('',(-4.561246731376,7.568937153265,
    44.798130377611));
#1168 = CARTESIAN_POINT('',(-4.536551130529,7.523309625561,
    44.930569493908));
#1169 = CARTESIAN_POINT('',(-4.511611765169,7.481791660343,
    45.064315885815));
#1170 = CARTESIAN_POINT('',(-4.461715985215,7.408886185172,
    45.331900102329));
#1171 = CARTESIAN_POINT('',(-4.436766094723,7.377327926616,
    45.465702939075));
#1172 = CARTESIAN_POINT('',(-4.411606705381,7.350936427499,
    45.600629289386));
#1173 = CARTESIAN_POINT('',(-4.386273094937,7.330169937724,
    45.736489963546));
#1174 = CARTESIAN_POINT('',(-4.344057962065,7.305110039905,
    45.962883924416));
#1175 = CARTESIAN_POINT('',(-4.32723793677,7.297613185066,46.05308741045
    ));
#1176 = CARTESIAN_POINT('',(-4.310385822858,7.292587317139,
    46.143462983334));
#1177 = CARTESIAN_POINT('',(-4.293517671515,7.289958500894,
    46.233924562756));
#1178 = CARTESIAN_POINT('',(-4.276648127274,7.289566375617,46.3243936121
    ));
#1179 = PCURVE('',#716,#1180);
#1180 = DEFINITIONAL_REPRESENTATION('',(#1181),#1220);
#1181 = B_SPLINE_CURVE_WITH_KNOTS('',5,(#1182,#1183,#1184,#1185,#1186,
    #1187,#1188,#1189,#1190,#1191,#1192,#1193,#1194,#1195,#1196,#1197,
    #1198,#1199,#1200,#1201,#1202,#1203,#1204,#1205,#1206,#1207,#1208,
    #1209,#1210,#1211,#1212,#1213,#1214,#1215,#1216,#1217,#1218,#1219),
  .UNSPECIFIED.,.F.,.F.,(6,4,4,4,4,4,4,4,4,6),(0.,8.119200062913E-02,
    0.10647296577,0.123068949203,0.160220019095,0.239238275505,
    0.449032827297,0.658566920472,0.86436152525,1.),.UNSPECIFIED.);
#1182 = CARTESIAN_POINT('',(0.355843998756,0.742332469757));
#1183 = CARTESIAN_POINT('',(0.356048714876,0.744393793584));
#1184 = CARTESIAN_POINT('',(0.356255763718,0.746453344651));
#1185 = CARTESIAN_POINT('',(0.356464933738,0.748511386052));
#1186 = CARTESIAN_POINT('',(0.356675996133,0.750568206806));
#1187 = CARTESIAN_POINT('',(0.356954936503,0.75326427749));
#1188 = CARTESIAN_POINT('',(0.357021327781,0.753904345251));
#1189 = CARTESIAN_POINT('',(0.357087871241,0.754544334599));
#1190 = CARTESIAN_POINT('',(0.357154559275,0.755184255182));
#1191 = CARTESIAN_POINT('',(0.357265252039,0.756244161462));
#1192 = CARTESIAN_POINT('',(0.357309178924,0.75666418069));
#1193 = CARTESIAN_POINT('',(0.357353162558,0.757084177306));
#1194 = CARTESIAN_POINT('',(0.357397200705,0.757504154122));
#1195 = CARTESIAN_POINT('',(0.35753998999,0.75886421845));
#1196 = CARTESIAN_POINT('',(0.357638950682,0.759804237932));
#1197 = CARTESIAN_POINT('',(0.35773814773,0.760744204371));
#1198 = CARTESIAN_POINT('',(0.3578375548,0.76168415032));
#1199 = CARTESIAN_POINT('',(0.358148966769,0.764623348594));
#1200 = CARTESIAN_POINT('',(0.358361615664,0.766622644714));
#1201 = CARTESIAN_POINT('',(0.358574829786,0.768622318323));
#1202 = CARTESIAN_POINT('',(0.358788327435,0.770622695058));
#1203 = CARTESIAN_POINT('',(0.359568597352,0.777937876442));
#1204 = CARTESIAN_POINT('',(0.360135235334,0.783258753812));
#1205 = CARTESIAN_POINT('',(0.360696136988,0.78859333575));
#1206 = CARTESIAN_POINT('',(0.361244441508,0.793947102546));
#1207 = CARTESIAN_POINT('',(0.362299502411,0.804694518235));
#1208 = CARTESIAN_POINT('',(0.362806278099,0.810087851652));
#1209 = CARTESIAN_POINT('',(0.363284880222,0.81550794453));
#1210 = CARTESIAN_POINT('',(0.363726216052,0.820955008635));
#1211 = CARTESIAN_POINT('',(0.364511209516,0.831795897629));
#1212 = CARTESIAN_POINT('',(0.36485650702,0.837189315245));
#1213 = CARTESIAN_POINT('',(0.365150469786,0.842598450842));
#1214 = CARTESIAN_POINT('',(0.365386872932,0.848014370117));
#1215 = CARTESIAN_POINT('',(0.365681701318,0.856990065831));
#1216 = CARTESIAN_POINT('',(0.365773339473,0.86055347412));
#1217 = CARTESIAN_POINT('',(0.365839137967,0.864111072286));
#1218 = CARTESIAN_POINT('',(0.365879783935,0.867660051061));
#1219 = CARTESIAN_POINT('',(0.365897005273,0.871198305203));
#1220 = ( GEOMETRIC_REPRESENTATION_CONTEXT(2) 
PARAMETRIC_REPRESENTATION_CONTEXT() REPRESENTATION_CONTEXT('2D SPACE',''
  ) );
#1221 = PCURVE('',#1222,#1227);
#1222 = PLANE('',#1223);
#1223 = AXIS2_PLACEMENT_3D('',#1224,#1225,#1226);
#1224 = CARTESIAN_POINT('',(-4.276648127274,40.,46.3243936121));
#1225 = DIRECTION('',(-0.983055534489,0.,0.183307981578));
#1226 = DIRECTION('',(0.,-1.,0.));
#1227 = DEFINITIONAL_REPRESENTATION('',(#1228),#1267);
#1228 = B_SPLINE_CURVE_WITH_KNOTS('',5,(#1229,#1230,#1231,#1232,#1233,
    #1234,#1235,#1236,#1237,#1238,#1239,#1240,#1241,#1242,#1243,#1244,
    #1245,#1246,#1247,#1248,#1249,#1250,#1251,#1252,#1253,#1254,#1255,
    #1256,#1257,#1258,#1259,#1260,#1261,#1262,#1263,#1264,#1265,#1266),
  .UNSPECIFIED.,.F.,.F.,(6,4,4,4,4,4,4,4,4,6),(0.,8.119200062913E-02,
    0.10647296577,0.123068949203,0.160220019095,0.239238275505,
    0.449032827297,0.658566920472,0.86436152525,1.),.UNSPECIFIED.);
#1229 = CARTESIAN_POINT('',(31.711386645209,-3.21013842131));
#1230 = CARTESIAN_POINT('',(31.734198000586,-3.159994749332));
#1231 = CARTESIAN_POINT('',(31.757125636485,-3.109903931307));
#1232 = CARTESIAN_POINT('',(31.780144498136,-3.059854959272));
#1233 = CARTESIAN_POINT('',(31.803228561992,-3.009836088306));
#1234 = CARTESIAN_POINT('',(31.833550478448,-2.944265816262));
#1235 = CARTESIAN_POINT('',(31.840753824901,-2.928698505863));
#1236 = CARTESIAN_POINT('',(31.84796005957,-2.913132529795));
#1237 = CARTESIAN_POINT('',(31.855168357034,-2.897567506991));
#1238 = CARTESIAN_POINT('',(31.867110658414,-2.871785582697));
#1239 = CARTESIAN_POINT('',(31.871843963811,-2.861568358773));
#1240 = CARTESIAN_POINT('',(31.876577561834,-2.851351269737));
#1241 = CARTESIAN_POINT('',(31.881311214247,-2.841134205332));
#1242 = CARTESIAN_POINT('',(31.8966408201,-2.808045370382));
#1243 = CARTESIAN_POINT('',(31.907236028174,-2.785173253186));
#1244 = CARTESIAN_POINT('',(31.917827611836,-2.762299454726));
#1245 = CARTESIAN_POINT('',(31.928412827302,-2.739422707956));
#1246 = CARTESIAN_POINT('',(31.961483555923,-2.667875154494));
#1247 = CARTESIAN_POINT('',(31.983936770158,-2.619189448442));
#1248 = CARTESIAN_POINT('',(32.006321660808,-2.570472187235));
#1249 = CARTESIAN_POINT('',(32.028610217049,-2.521710760702));
#1250 = CARTESIAN_POINT('',(32.109616513224,-2.343278874673));
#1251 = CARTESIAN_POINT('',(32.167572857756,-2.213268153634));
#1252 = CARTESIAN_POINT('',(32.224103065599,-2.082610780471));
#1253 = CARTESIAN_POINT('',(32.278587521393,-1.951080111526));
#1254 = CARTESIAN_POINT('',(32.382065515535,-1.686055603477));
#1255 = CARTESIAN_POINT('',(32.431062846735,-1.552570715429));
#1256 = CARTESIAN_POINT('',(32.476690374439,-1.417848808425));
#1257 = CARTESIAN_POINT('',(32.518208339657,-1.281797092917));
#1258 = CARTESIAN_POINT('',(32.591113814828,-1.009600653219));
#1259 = CARTESIAN_POINT('',(32.622672073384,-0.873491519958));
#1260 = CARTESIAN_POINT('',(32.649063572501,-0.736239507659));
#1261 = CARTESIAN_POINT('',(32.669830062276,-0.59803706701));
#1262 = CARTESIAN_POINT('',(32.694889960095,-0.367740860003));
#1263 = CARTESIAN_POINT('',(32.702386814934,-0.27598257894));
#1264 = CARTESIAN_POINT('',(32.707412682861,-0.184049244847));
#1265 = CARTESIAN_POINT('',(32.710041499106,-9.202842176248E-02));
#1266 = CARTESIAN_POINT('',(32.710433624383,0.));
#1267 = ( GEOMETRIC_REPRESENTATION_CONTEXT(2) 
PARAMETRIC_REPRESENTATION_CONTEXT() REPRESENTATION_CONTEXT('2D SPACE',''
  ) );
#1268 = ORIENTED_EDGE('',*,*,#1269,.F.);
#1269 = EDGE_CURVE('',#1270,#1137,#1272,.T.);
#1270 = VERTEX_POINT('',#1271);
#1271 = CARTESIAN_POINT('',(-5.363809504576,9.243376022348,
    39.997487077264));
#1272 = SURFACE_CURVE('',#1273,(#1292,#1314),.PCURVE_S1.);
#1273 = B_SPLINE_CURVE_WITH_KNOTS('',5,(#1274,#1275,#1276,#1277,#1278,
    #1279,#1280,#1281,#1282,#1283,#1284,#1285,#1286,#1287,#1288,#1289,
    #1290,#1291),.UNSPECIFIED.,.F.,.F.,(6,4,4,4,6),(0.,0.322421596266,
    0.639317249673,0.963706104014,1.),.UNSPECIFIED.);
#1274 = CARTESIAN_POINT('',(-5.363809504576,9.243376022348,
    39.997487077264));
#1275 = CARTESIAN_POINT('',(-5.330189064602,9.224019582357,
    40.211267209788));
#1276 = CARTESIAN_POINT('',(-5.296656393244,9.198184258805,
    40.424489253649));
#1277 = CARTESIAN_POINT('',(-5.263267574671,9.16517091673,
    40.636796590049));
#1278 = CARTESIAN_POINT('',(-5.230084620458,9.124540304902,
    40.847794909958));
#1279 = CARTESIAN_POINT('',(-5.164817942669,9.029060929341,
    41.262801942523));
#1280 = CARTESIAN_POINT('',(-5.132720723101,8.974461586364,
    41.466896471275));
#1281 = CARTESIAN_POINT('',(-5.100937843266,8.912671044865,
    41.668992228159));
#1282 = CARTESIAN_POINT('',(-5.069494135341,8.844227031839,
    41.86893131439));
#1283 = CARTESIAN_POINT('',(-5.006537454585,8.694091141728,
    42.269249917172));
#1284 = CARTESIAN_POINT('',(-4.975038147456,8.612117430182,
    42.469542538502));
#1285 = CARTESIAN_POINT('',(-4.943872739249,8.525070028471,
    42.667712018194));
#1286 = CARTESIAN_POINT('',(-4.912979490834,8.434225898233,
    42.864150932894));
#1287 = CARTESIAN_POINT('',(-4.878820891191,8.330598033073,
    43.081353026742));
#1288 = CARTESIAN_POINT('',(-4.875385819123,8.320140952035,43.1031953989
    ));
#1289 = CARTESIAN_POINT('',(-4.871952763695,8.309656430931,
    43.125024947974));
#1290 = CARTESIAN_POINT('',(-4.868521580975,8.299146533261,
    43.146842589184));
#1291 = CARTESIAN_POINT('',(-4.865092121869,8.288613354791,
    43.168649270555));
#1292 = PCURVE('',#716,#1293);
#1293 = DEFINITIONAL_REPRESENTATION('',(#1294),#1313);
#1294 = B_SPLINE_CURVE_WITH_KNOTS('',5,(#1295,#1296,#1297,#1298,#1299,
    #1300,#1301,#1302,#1303,#1304,#1305,#1306,#1307,#1308,#1309,#1310,
    #1311,#1312),.UNSPECIFIED.,.F.,.F.,(6,4,4,4,6),(0.,0.322421596266,
    0.639317249673,0.963706104014,1.),.UNSPECIFIED.);
#1295 = CARTESIAN_POINT('',(0.347542020102,0.6133974924));
#1296 = CARTESIAN_POINT('',(0.347662553855,0.62181883152));
#1297 = CARTESIAN_POINT('',(0.347842022155,0.630260651523));
#1298 = CARTESIAN_POINT('',(0.348086856965,0.638712985327));
#1299 = CARTESIAN_POINT('',(0.34840212348,0.647162263861));
#1300 = CARTESIAN_POINT('',(0.349169771883,0.663875876586));
#1301 = CARTESIAN_POINT('',(0.349619759555,0.672142025845));
#1302 = CARTESIAN_POINT('',(0.350140627708,0.680373085542));
#1303 = CARTESIAN_POINT('',(0.350730701662,0.688557991263));
#1304 = CARTESIAN_POINT('',(0.352054639275,0.705016710927));
#1305 = CARTESIAN_POINT('',(0.352791628976,0.713288656029));
#1306 = CARTESIAN_POINT('',(0.353590630798,0.721502794411));
#1307 = CARTESIAN_POINT('',(0.354443312051,0.729665167579));
#1308 = CARTESIAN_POINT('',(0.355438365393,0.738700209414));
#1309 = CARTESIAN_POINT('',(0.355539021317,0.739608907464));
#1310 = CARTESIAN_POINT('',(0.355640190443,0.740517168657));
#1311 = CARTESIAN_POINT('',(0.355741855962,0.741425015067));
#1312 = CARTESIAN_POINT('',(0.355843999198,0.742332469804));
#1313 = ( GEOMETRIC_REPRESENTATION_CONTEXT(2) 
PARAMETRIC_REPRESENTATION_CONTEXT() REPRESENTATION_CONTEXT('2D SPACE',''
  ) );
#1314 = PCURVE('',#1315,#1320);
#1315 = PLANE('',#1316);
#1316 = AXIS2_PLACEMENT_3D('',#1317,#1318,#1319);
#1317 = CARTESIAN_POINT('',(-4.865092121869,40.,43.168649270555));
#1318 = DIRECTION('',(-0.98785839646,0.,0.155356971337));
#1319 = DIRECTION('',(0.,-1.,0.));
#1320 = DEFINITIONAL_REPRESENTATION('',(#1321),#1340);
#1321 = B_SPLINE_CURVE_WITH_KNOTS('',5,(#1322,#1323,#1324,#1325,#1326,
    #1327,#1328,#1329,#1330,#1331,#1332,#1333,#1334,#1335,#1336,#1337,
    #1338,#1339),.UNSPECIFIED.,.F.,.F.,(6,4,4,4,6),(0.,0.322421596266,
    0.639317249673,0.963706104014,1.),.UNSPECIFIED.);
#1322 = CARTESIAN_POINT('',(30.756623977652,-3.21013842131));
#1323 = CARTESIAN_POINT('',(30.775980417643,-2.99373075267));
#1324 = CARTESIAN_POINT('',(30.801815741195,-2.777888032069));
#1325 = CARTESIAN_POINT('',(30.83482908327,-2.562971261446));
#1326 = CARTESIAN_POINT('',(30.875459695098,-2.349379596218));
#1327 = CARTESIAN_POINT('',(30.970939070659,-1.929271781119));
#1328 = CARTESIAN_POINT('',(31.025538413636,-1.722668760399));
#1329 = CARTESIAN_POINT('',(31.087328955135,-1.51808907812));
#1330 = CARTESIAN_POINT('',(31.155772968161,-1.315692573776));
#1331 = CARTESIAN_POINT('',(31.305908858272,-0.91045372151));
#1332 = CARTESIAN_POINT('',(31.387882569818,-0.707699336826));
#1333 = CARTESIAN_POINT('',(31.474929971529,-0.507094188961));
#1334 = CARTESIAN_POINT('',(31.565774101767,-0.308240876174));
#1335 = CARTESIAN_POINT('',(31.669401966927,-8.836918745171E-02));
#1336 = CARTESIAN_POINT('',(31.679859047965,-6.625835432355E-02));
#1337 = CARTESIAN_POINT('',(31.690343569069,-4.416050188632E-02));
#1338 = CARTESIAN_POINT('',(31.700853466739,-2.207470367039E-02));
#1339 = CARTESIAN_POINT('',(31.711386645209,7.105427357601E-15));
#1340 = ( GEOMETRIC_REPRESENTATION_CONTEXT(2) 
PARAMETRIC_REPRESENTATION_CONTEXT() REPRESENTATION_CONTEXT('2D SPACE',''
  ) );
#1341 = ORIENTED_EDGE('',*,*,#1342,.F.);
#1342 = EDGE_CURVE('',#1343,#1270,#1345,.T.);
#1343 = VERTEX_POINT('',#1344);
#1344 = CARTESIAN_POINT('',(-5.772399143809,9.243376022347,
    36.813457681879));
#1345 = SURFACE_CURVE('',#1346,(#1377,#1411),.PCURVE_S1.);
#1346 = B_SPLINE_CURVE_WITH_KNOTS('',5,(#1347,#1348,#1349,#1350,#1351,
    #1352,#1353,#1354,#1355,#1356,#1357,#1358,#1359,#1360,#1361,#1362,
    #1363,#1364,#1365,#1366,#1367,#1368,#1369,#1370,#1371,#1372,#1373,
    #1374,#1375,#1376),.UNSPECIFIED.,.F.,.F.,(6,4,4,4,4,4,4,6),(0.,
    5.732130799452E-02,8.687640816623E-02,0.134495966592,0.229720314885,
    0.465700198994,0.733529268735,1.),.UNSPECIFIED.);
#1347 = CARTESIAN_POINT('',(-5.772399143809,9.243376022347,
    36.813457681879));
#1348 = CARTESIAN_POINT('',(-5.767714544099,9.24499352645,
    36.849963510098));
#1349 = CARTESIAN_POINT('',(-5.76303000097,9.246621264779,
    36.886468897403));
#1350 = CARTESIAN_POINT('',(-5.758345502604,9.248257031695,
    36.922973935877));
#1351 = CARTESIAN_POINT('',(-5.753661036047,9.249898477863,
    36.959478726465));
#1352 = CARTESIAN_POINT('',(-5.746561266287,9.252391089417,
    37.014805326673));
#1353 = CARTESIAN_POINT('',(-5.744145950081,9.253239915722,
    37.03362723761));
#1354 = CARTESIAN_POINT('',(-5.741730636668,9.254089247557,
    37.052449126777));
#1355 = CARTESIAN_POINT('',(-5.739315324064,9.254938733483,
    37.071271009642));
#1356 = CARTESIAN_POINT('',(-5.733008425426,9.2571563811,37.120418977994
    ));
#1357 = CARTESIAN_POINT('',(-5.729116837437,9.258524212292,
    37.150745078715));
#1358 = CARTESIAN_POINT('',(-5.725225237672,9.259889994392,
    37.181071271199));
#1359 = CARTESIAN_POINT('',(-5.721333617298,9.26125215181,37.21139762428
    ));
#1360 = CARTESIAN_POINT('',(-5.709659874049,9.265322409923,
    37.302367972257));
#1361 = CARTESIAN_POINT('',(-5.701877662856,9.268014728924,
    37.363012655377));
#1362 = CARTESIAN_POINT('',(-5.694095259515,9.27067287567,
    37.423658835863));
#1363 = CARTESIAN_POINT('',(-5.686312591955,9.273282764866,
    37.484307075333));
#1364 = CARTESIAN_POINT('',(-5.659242171683,9.282140168119,
    37.695259594967));
#1365 = CARTESIAN_POINT('',(-5.639952796833,9.288062209388,
    37.845576516015));
#1366 = CARTESIAN_POINT('',(-5.62066017105,9.29336704238,37.995918770706
    ));
#1367 = CARTESIAN_POINT('',(-5.60136384384,9.297791053547,
    38.146289869631));
#1368 = CARTESIAN_POINT('',(-5.560159898449,9.30474466799,
    38.467381157151));
#1369 = CARTESIAN_POINT('',(-5.538251686724,9.306937861507,
    38.638105971082));
#1370 = CARTESIAN_POINT('',(-5.516340089013,9.30721034636,
    38.808857171099));
#1371 = CARTESIAN_POINT('',(-5.49442977698,9.305104858811,
    38.979598352165));
#1372 = CARTESIAN_POINT('',(-5.450740511226,9.295264757192,
    39.320057074232));
#1373 = CARTESIAN_POINT('',(-5.42896169924,9.287558788852,
    39.489773510728));
#1374 = CARTESIAN_POINT('',(-5.407202414145,9.276613945251,
    39.659337779402));
#1375 = CARTESIAN_POINT('',(-5.385478072991,9.261998403309,
    39.828629739329));
#1376 = CARTESIAN_POINT('',(-5.363809504576,9.243376022348,
    39.997487077264));
#1377 = PCURVE('',#716,#1378);
#1378 = DEFINITIONAL_REPRESENTATION('',(#1379),#1410);
#1379 = B_SPLINE_CURVE_WITH_KNOTS('',5,(#1380,#1381,#1382,#1383,#1384,
    #1385,#1386,#1387,#1388,#1389,#1390,#1391,#1392,#1393,#1394,#1395,
    #1396,#1397,#1398,#1399,#1400,#1401,#1402,#1403,#1404,#1405,#1406,
    #1407,#1408,#1409),.UNSPECIFIED.,.F.,.F.,(6,4,4,4,4,4,4,6),(0.,
    5.732130799452E-02,8.687640816623E-02,0.134495966592,0.229720314885,
    0.465700198994,0.733529268735,1.),.UNSPECIFIED.);
#1380 = CARTESIAN_POINT('',(0.347542019936,0.490717993774));
#1381 = CARTESIAN_POINT('',(0.347523025878,0.49211491945));
#1382 = CARTESIAN_POINT('',(0.347504125522,0.493511703964));
#1383 = CARTESIAN_POINT('',(0.347485336599,0.494908367436));
#1384 = CARTESIAN_POINT('',(0.347466677899,0.496304931354));
#1385 = CARTESIAN_POINT('',(0.347438626149,0.498421453083));
#1386 = CARTESIAN_POINT('',(0.347429122927,0.49914146719));
#1387 = CARTESIAN_POINT('',(0.347419662332,0.499861464019));
#1388 = CARTESIAN_POINT('',(0.347410247169,0.500581446773));
#1389 = CARTESIAN_POINT('',(0.347385788317,0.502461446845));
#1390 = CARTESIAN_POINT('',(0.347370821731,0.503621446935));
#1391 = CARTESIAN_POINT('',(0.347355992598,0.504781432759));
#1392 = CARTESIAN_POINT('',(0.347341313458,0.505941418557));
#1393 = CARTESIAN_POINT('',(0.34729776962,0.509421060283));
#1394 = CARTESIAN_POINT('',(0.347269393762,0.511740760017));
#1395 = CARTESIAN_POINT('',(0.347241774097,0.514060636583));
#1396 = CARTESIAN_POINT('',(0.347215022349,0.516380813581));
#1397 = CARTESIAN_POINT('',(0.3471254089,0.524452222239));
#1398 = CARTESIAN_POINT('',(0.347067621895,0.530205632239));
#1399 = CARTESIAN_POINT('',(0.347017705931,0.53596367566));
#1400 = CARTESIAN_POINT('',(0.346977739817,0.541728334883));
#1401 = CARTESIAN_POINT('',(0.346918498158,0.554053678567));
#1402 = CARTESIAN_POINT('',(0.346902744179,0.560616689145));
#1403 = CARTESIAN_POINT('',(0.346906039573,0.567193154112));
#1404 = CARTESIAN_POINT('',(0.34693202633,0.573784690732));
#1405 = CARTESIAN_POINT('',(0.347036502816,0.586964748));
#1406 = CARTESIAN_POINT('',(0.347114725757,0.59355304078));
#1407 = CARTESIAN_POINT('',(0.347222688018,0.600156356052));
#1408 = CARTESIAN_POINT('',(0.347364066727,0.606772656277));
#1409 = CARTESIAN_POINT('',(0.347542020101,0.613397492394));
#1410 = ( GEOMETRIC_REPRESENTATION_CONTEXT(2) 
PARAMETRIC_REPRESENTATION_CONTEXT() REPRESENTATION_CONTEXT('2D SPACE',''
  ) );
#1411 = PCURVE('',#1412,#1417);
#1412 = PLANE('',#1413);
#1413 = AXIS2_PLACEMENT_3D('',#1414,#1415,#1416);
#1414 = CARTESIAN_POINT('',(-5.363809504576,40.,39.997487077264));
#1415 = DIRECTION('',(-0.991866697788,0.,0.127281003374));
#1416 = DIRECTION('',(0.,-1.,0.));
#1417 = DEFINITIONAL_REPRESENTATION('',(#1418),#1449);
#1418 = B_SPLINE_CURVE_WITH_KNOTS('',5,(#1419,#1420,#1421,#1422,#1423,
    #1424,#1425,#1426,#1427,#1428,#1429,#1430,#1431,#1432,#1433,#1434,
    #1435,#1436,#1437,#1438,#1439,#1440,#1441,#1442,#1443,#1444,#1445,
    #1446,#1447,#1448),.UNSPECIFIED.,.F.,.F.,(6,4,4,4,4,4,4,6),(0.,
    5.732130799452E-02,8.687640816623E-02,0.134495966592,0.229720314885,
    0.465700198994,0.733529268735,1.),.UNSPECIFIED.);
#1419 = CARTESIAN_POINT('',(30.756623977653,-3.21013842131));
#1420 = CARTESIAN_POINT('',(30.75500647355,-3.173333245472));
#1421 = CARTESIAN_POINT('',(30.753378735221,-3.136528514165));
#1422 = CARTESIAN_POINT('',(30.751742968305,-3.099724134548));
#1423 = CARTESIAN_POINT('',(30.750101522137,-3.062920004851));
#1424 = CARTESIAN_POINT('',(30.747608910583,-3.007139726784));
#1425 = CARTESIAN_POINT('',(30.746760084278,-2.988163476267));
#1426 = CARTESIAN_POINT('',(30.745910752443,-2.969187247698));
#1427 = CARTESIAN_POINT('',(30.745061266517,-2.950211025483));
#1428 = CARTESIAN_POINT('',(30.7428436189,-2.900660044023));
#1429 = CARTESIAN_POINT('',(30.741475787708,-2.870085269421));
#1430 = CARTESIAN_POINT('',(30.740110005608,-2.839510402303));
#1431 = CARTESIAN_POINT('',(30.73874784819,-2.80893537327));
#1432 = CARTESIAN_POINT('',(30.734677590077,-2.717219068871));
#1433 = CARTESIAN_POINT('',(30.731985271076,-2.656077099638));
#1434 = CARTESIAN_POINT('',(30.72932712433,-2.59493362076));
#1435 = CARTESIAN_POINT('',(30.726717235134,-2.533788066015));
#1436 = CARTESIAN_POINT('',(30.717859831881,-2.32110573672));
#1437 = CARTESIAN_POINT('',(30.711937790612,-2.169556217634));
#1438 = CARTESIAN_POINT('',(30.70663295762,-2.017981157169));
#1439 = CARTESIAN_POINT('',(30.702208946453,-1.866377015946));
#1440 = CARTESIAN_POINT('',(30.69525533201,-1.542652781393));
#1441 = CARTESIAN_POINT('',(30.693062138493,-1.370528024799));
#1442 = CARTESIAN_POINT('',(30.69278965364,-1.198376665752));
#1443 = CARTESIAN_POINT('',(30.694895141189,-1.026235407812));
#1444 = CARTESIAN_POINT('',(30.704735242808,-0.68298492584));
#1445 = CARTESIAN_POINT('',(30.712441211148,-0.511876815371));
#1446 = CARTESIAN_POINT('',(30.723386054749,-0.340922120499));
#1447 = CARTESIAN_POINT('',(30.738001596691,-0.170241967305));
#1448 = CARTESIAN_POINT('',(30.756623977652,7.105427357601E-15));
#1449 = ( GEOMETRIC_REPRESENTATION_CONTEXT(2) 
PARAMETRIC_REPRESENTATION_CONTEXT() REPRESENTATION_CONTEXT('2D SPACE',''
  ) );
#1450 = ORIENTED_EDGE('',*,*,#1451,.F.);
#1451 = EDGE_CURVE('',#1452,#1343,#1454,.T.);
#1452 = VERTEX_POINT('',#1453);
#1453 = CARTESIAN_POINT('',(-6.090532400113,9.243376022348,
    33.619122083479));
#1454 = SURFACE_CURVE('',#1455,(#1486,#1520),.PCURVE_S1.);
#1455 = B_SPLINE_CURVE_WITH_KNOTS('',5,(#1456,#1457,#1458,#1459,#1460,
    #1461,#1462,#1463,#1464,#1465,#1466,#1467,#1468,#1469,#1470,#1471,
    #1472,#1473,#1474,#1475,#1476,#1477,#1478,#1479,#1480,#1481,#1482,
    #1483,#1484,#1485),.UNSPECIFIED.,.F.,.F.,(6,4,4,4,4,4,4,6),(0.,
    5.239583039832E-02,8.39156698354E-02,0.142309650282,0.294908816815,
    0.601499736152,0.940330051572,1.),.UNSPECIFIED.);
#1456 = CARTESIAN_POINT('',(-6.090532400113,9.243376022348,
    33.619122083479));
#1457 = CARTESIAN_POINT('',(-6.087198782232,9.242814817474,
    33.652594516983));
#1458 = CARTESIAN_POINT('',(-6.08386517648,9.24224625051,33.686066828714
    ));
#1459 = CARTESIAN_POINT('',(-6.080531580202,9.241672004568,
    33.719539045306));
#1460 = CARTESIAN_POINT('',(-6.077197990638,9.241093743671,
    33.753011194487));
#1461 = CARTESIAN_POINT('',(-6.071859014681,9.240163821723,33.8066191736
    ));
#1462 = CARTESIAN_POINT('',(-6.069853625841,9.239813672724,33.8267550281
    ));
#1463 = CARTESIAN_POINT('',(-6.067848237777,9.23946302348,
    33.846890874806));
#1464 = CARTESIAN_POINT('',(-6.065842849873,9.239112227849,
    33.867026719908));
#1465 = CARTESIAN_POINT('',(-6.06012225831,9.238112125398,
    33.924466452827));
#1466 = CARTESIAN_POINT('',(-6.056407053569,9.237463312528,
    33.961770351501));
#1467 = CARTESIAN_POINT('',(-6.052691843359,9.236817425542,
    33.999074305089));
#1468 = CARTESIAN_POINT('',(-6.048976623991,9.236176630509,
    34.036378350644));
#1469 = CARTESIAN_POINT('',(-6.035552492259,9.233887266002,
    34.171168351432));
#1470 = CARTESIAN_POINT('',(-6.025843507575,9.23228052777,
    34.268655032832));
#1471 = CARTESIAN_POINT('',(-6.016134373727,9.230760732079,
    34.366143211972));
#1472 = CARTESIAN_POINT('',(-6.006425053611,9.229361248857,
    34.463633261403));
#1473 = CARTESIAN_POINT('',(-5.977207897653,9.225598799145,
    34.756999011479));
#1474 = CARTESIAN_POINT('',(-5.957699418444,9.223688036959,
    34.952881172093));
#1475 = CARTESIAN_POINT('',(-5.938190168052,9.222610015733,
    35.148771076063));
#1476 = CARTESIAN_POINT('',(-5.918680558354,9.222499647218,
    35.34466458777));
#1477 = CARTESIAN_POINT('',(-5.877610716732,9.224302740755,
    35.757041648377));
#1478 = CARTESIAN_POINT('',(-5.85605043112,9.22643022999,35.973525736339
    ));
#1479 = CARTESIAN_POINT('',(-5.834491650033,9.229740542237,
    36.189994717554));
#1480 = CARTESIAN_POINT('',(-5.812934694104,9.234033674831,
    36.406445372602));
#1481 = CARTESIAN_POINT('',(-5.787583037546,9.239776066286,
    36.660998134424));
#1482 = CARTESIAN_POINT('',(-5.783787014515,9.240654198675,
    36.699113519286));
#1483 = CARTESIAN_POINT('',(-5.779991027711,9.241548477441,
    36.737228540391));
#1484 = CARTESIAN_POINT('',(-5.776195072626,9.242456583903,
    36.77534324302));
#1485 = CARTESIAN_POINT('',(-5.772399143809,9.243376022347,
    36.813457681879));
#1486 = PCURVE('',#716,#1487);
#1487 = DEFINITIONAL_REPRESENTATION('',(#1488),#1519);
#1488 = B_SPLINE_CURVE_WITH_KNOTS('',5,(#1489,#1490,#1491,#1492,#1493,
    #1494,#1495,#1496,#1497,#1498,#1499,#1500,#1501,#1502,#1503,#1504,
    #1505,#1506,#1507,#1508,#1509,#1510,#1511,#1512,#1513,#1514,#1515,
    #1516,#1517,#1518),.UNSPECIFIED.,.F.,.F.,(6,4,4,4,4,4,4,6),(0.,
    5.239583039832E-02,8.39156698354E-02,0.142309650282,0.294908816815,
    0.601499736152,0.940330051572,1.),.UNSPECIFIED.);
#1489 = CARTESIAN_POINT('',(0.347542020025,0.368038495351));
#1490 = CARTESIAN_POINT('',(0.347540926203,0.369331064528));
#1491 = CARTESIAN_POINT('',(0.347540037438,0.370623619077));
#1492 = CARTESIAN_POINT('',(0.347539340685,0.371916146041));
#1493 = CARTESIAN_POINT('',(0.347538822792,0.373208632755));
#1494 = CARTESIAN_POINT('',(0.347538258565,0.375278558395));
#1495 = CARTESIAN_POINT('',(0.347538106595,0.376056030895));
#1496 = CARTESIAN_POINT('',(0.347538011749,0.376833481657));
#1497 = CARTESIAN_POINT('',(0.347537971218,0.377610908027));
#1498 = CARTESIAN_POINT('',(0.34753800261,0.379828525488));
#1499 = CARTESIAN_POINT('',(0.347538199884,0.381268650897));
#1500 = CARTESIAN_POINT('',(0.347538556341,0.382708666993));
#1501 = CARTESIAN_POINT('',(0.347539054743,0.384148557679));
#1502 = CARTESIAN_POINT('',(0.347541307874,0.389350760356));
#1503 = CARTESIAN_POINT('',(0.347543793178,0.393112250938));
#1504 = CARTESIAN_POINT('',(0.347546831824,0.396872499679));
#1505 = CARTESIAN_POINT('',(0.347550156447,0.400631257833));
#1506 = CARTESIAN_POINT('',(0.347560322094,0.411936692446));
#1507 = CARTESIAN_POINT('',(0.347567331469,0.419478203899));
#1508 = CARTESIAN_POINT('',(0.347572698363,0.427011030697));
#1509 = CARTESIAN_POINT('',(0.347575314143,0.434534067363));
#1510 = CARTESIAN_POINT('',(0.347574993699,0.450350199798));
#1511 = CARTESIAN_POINT('',(0.347571444936,0.458641142057));
#1512 = CARTESIAN_POINT('',(0.347564467434,0.46691963064));
#1513 = CARTESIAN_POINT('',(0.347555640063,0.475187226092));
#1514 = CARTESIAN_POINT('',(0.347546763127,0.484901732287));
#1515 = CARTESIAN_POINT('',(0.347545473512,0.48635610837));
#1516 = CARTESIAN_POINT('',(0.347544240595,0.487810264123));
#1517 = CARTESIAN_POINT('',(0.347543082815,0.489264218893));
#1518 = CARTESIAN_POINT('',(0.347542019947,0.490717993743));
#1519 = ( GEOMETRIC_REPRESENTATION_CONTEXT(2) 
PARAMETRIC_REPRESENTATION_CONTEXT() REPRESENTATION_CONTEXT('2D SPACE',''
  ) );
#1520 = PCURVE('',#1521,#1526);
#1521 = PLANE('',#1522);
#1522 = AXIS2_PLACEMENT_3D('',#1523,#1524,#1525);
#1523 = CARTESIAN_POINT('',(-5.772399143809,40.,36.813457681879));
#1524 = DIRECTION('',(-0.995077214489,0.,9.910265993253E-02));
#1525 = DIRECTION('',(0.,-1.,0.));
#1526 = DEFINITIONAL_REPRESENTATION('',(#1527),#1558);
#1527 = B_SPLINE_CURVE_WITH_KNOTS('',5,(#1528,#1529,#1530,#1531,#1532,
    #1533,#1534,#1535,#1536,#1537,#1538,#1539,#1540,#1541,#1542,#1543,
    #1544,#1545,#1546,#1547,#1548,#1549,#1550,#1551,#1552,#1553,#1554,
    #1555,#1556,#1557),.UNSPECIFIED.,.F.,.F.,(6,4,4,4,4,4,4,6),(0.,
    5.239583039832E-02,8.39156698354E-02,0.142309650282,0.294908816815,
    0.601499736152,0.940330051572,1.),.UNSPECIFIED.);
#1528 = CARTESIAN_POINT('',(30.756623977652,-3.21013842131));
#1529 = CARTESIAN_POINT('',(30.757185182526,-3.176500395018));
#1530 = CARTESIAN_POINT('',(30.75775374949,-3.1428624911));
#1531 = CARTESIAN_POINT('',(30.758327995432,-3.109224682793));
#1532 = CARTESIAN_POINT('',(30.758906256329,-3.07558694223));
#1533 = CARTESIAN_POINT('',(30.759836178277,-3.021713756981));
#1534 = CARTESIAN_POINT('',(30.760186327276,-3.001478287606));
#1535 = CARTESIAN_POINT('',(30.76053697652,-2.981242826063));
#1536 = CARTESIAN_POINT('',(30.760887772151,-2.961007366132));
#1537 = CARTESIAN_POINT('',(30.761887874602,-2.903283470858));
#1538 = CARTESIAN_POINT('',(30.762536687472,-2.865795024604));
#1539 = CARTESIAN_POINT('',(30.763182574458,-2.828306523164));
#1540 = CARTESIAN_POINT('',(30.763823369491,-2.790817929302));
#1541 = CARTESIAN_POINT('',(30.766112733998,-2.655361103615));
#1542 = CARTESIAN_POINT('',(30.76771947223,-2.55739214203));
#1543 = CARTESIAN_POINT('',(30.769239267921,-2.459421675296));
#1544 = CARTESIAN_POINT('',(30.770638751143,-2.361449329018));
#1545 = CARTESIAN_POINT('',(30.774401200855,-2.066632257736));
#1546 = CARTESIAN_POINT('',(30.776311963041,-1.869781040803));
#1547 = CARTESIAN_POINT('',(30.777389984267,-1.672922042207));
#1548 = CARTESIAN_POINT('',(30.777500352782,-1.476059418026));
#1549 = CARTESIAN_POINT('',(30.775697259245,-1.06164227069));
#1550 = CARTESIAN_POINT('',(30.77356977001,-0.844087205807));
#1551 = CARTESIAN_POINT('',(30.770259457763,-0.626547322406));
#1552 = CARTESIAN_POINT('',(30.765966325169,-0.409025855834));
#1553 = CARTESIAN_POINT('',(30.760223933714,-0.153213786061));
#1554 = CARTESIAN_POINT('',(30.759345801325,-0.114909839083));
#1555 = CARTESIAN_POINT('',(30.758451522559,-7.660625766252E-02));
#1556 = CARTESIAN_POINT('',(30.757543416097,-3.83029962943E-02));
#1557 = CARTESIAN_POINT('',(30.756623977653,0.));
#1558 = ( GEOMETRIC_REPRESENTATION_CONTEXT(2) 
PARAMETRIC_REPRESENTATION_CONTEXT() REPRESENTATION_CONTEXT('2D SPACE',''
  ) );
#1559 = ORIENTED_EDGE('',*,*,#1560,.F.);
#1560 = EDGE_CURVE('',#1561,#1452,#1563,.T.);
#1561 = VERTEX_POINT('',#1562);
#1562 = CARTESIAN_POINT('',(-6.317953390491,9.243376022348,
    30.417049570699));
#1563 = SURFACE_CURVE('',#1564,(#1583,#1605),.PCURVE_S1.);
#1564 = B_SPLINE_CURVE_WITH_KNOTS('',5,(#1565,#1566,#1567,#1568,#1569,
    #1570,#1571,#1572,#1573,#1574,#1575,#1576,#1577,#1578,#1579,#1580,
    #1581,#1582),.UNSPECIFIED.,.F.,.F.,(6,4,4,4,6),(0.,0.355734370744,
    0.63125144109,0.906327922052,1.),.UNSPECIFIED.);
#1565 = CARTESIAN_POINT('',(-6.317953390491,9.243376022348,
    30.417049570699));
#1566 = CARTESIAN_POINT('',(-6.301785323486,9.254237234551,
    30.644694885478));
#1567 = CARTESIAN_POINT('',(-6.285612398737,9.263697206557,
    30.872408596969));
#1568 = CARTESIAN_POINT('',(-6.269433889785,9.271163507123,
    31.100200933675));
#1569 = CARTESIAN_POINT('',(-6.253250810193,9.276346576636,
    31.328057624682));
#1570 = CARTESIAN_POINT('',(-6.224530712121,9.281497945366,
    31.732434707239));
#1571 = CARTESIAN_POINT('',(-6.211994238933,9.282378447369,
    31.908947421098));
#1572 = CARTESIAN_POINT('',(-6.199457661362,9.281890403542,
    32.085461604674));
#1573 = CARTESIAN_POINT('',(-6.186921830623,9.280136350472,
    32.261965272907));
#1574 = CARTESIAN_POINT('',(-6.161872850003,9.274438318852,
    32.614653264383));
#1575 = CARTESIAN_POINT('',(-6.149359658172,9.270497778085,
    32.790838178284));
#1576 = CARTESIAN_POINT('',(-6.136848170645,9.265630532309,
    32.966999095704));
#1577 = CARTESIAN_POINT('',(-6.124338288808,9.260067892992,
    33.14313740511));
#1578 = CARTESIAN_POINT('',(-6.10756986229,9.252002353315,
    33.379235742149));
#1579 = CARTESIAN_POINT('',(-6.103310357234,9.249900823414,
    33.439209291796));
#1580 = CARTESIAN_POINT('',(-6.099050960265,9.247756204562,
    33.499181319588));
#1581 = CARTESIAN_POINT('',(-6.094791649411,9.245578076502,
    33.559152134886));
#1582 = CARTESIAN_POINT('',(-6.090532400113,9.243376022348,
    33.619122083479));
#1583 = PCURVE('',#716,#1584);
#1584 = DEFINITIONAL_REPRESENTATION('',(#1585),#1604);
#1585 = B_SPLINE_CURVE_WITH_KNOTS('',5,(#1586,#1587,#1588,#1589,#1590,
    #1591,#1592,#1593,#1594,#1595,#1596,#1597,#1598,#1599,#1600,#1601,
    #1602,#1603),.UNSPECIFIED.,.F.,.F.,(6,4,4,4,6),(0.,0.355734370744,
    0.63125144109,0.906327922052,1.),.UNSPECIFIED.);
#1586 = CARTESIAN_POINT('',(0.347542019971,0.245358996939));
#1587 = CARTESIAN_POINT('',(0.347418722639,0.254005921909));
#1588 = CARTESIAN_POINT('',(0.347313248568,0.262665382232));
#1589 = CARTESIAN_POINT('',(0.34723018867,0.271342539182));
#1590 = CARTESIAN_POINT('',(0.347171746124,0.280038799547));
#1591 = CARTESIAN_POINT('',(0.347111704316,0.295500670037));
#1592 = CARTESIAN_POINT('',(0.347100259526,0.302259534286));
#1593 = CARTESIAN_POINT('',(0.347103584311,0.3090279103));
#1594 = CARTESIAN_POINT('',(0.347120901978,0.315804252534));
#1595 = CARTESIAN_POINT('',(0.347180888556,0.329358237376));
#1596 = CARTESIAN_POINT('',(0.347223517267,0.33613588156));
#1597 = CARTESIAN_POINT('',(0.34727752488,0.342917797713));
#1598 = CARTESIAN_POINT('',(0.347341126413,0.349701986442));
#1599 = CARTESIAN_POINT('',(0.347436712394,0.358797059508));
#1600 = CARTESIAN_POINT('',(0.347461887092,0.361107509617));
#1601 = CARTESIAN_POINT('',(0.347487880311,0.363417944609));
#1602 = CARTESIAN_POINT('',(0.347514616643,0.365728295422));
#1603 = CARTESIAN_POINT('',(0.347542020035,0.368038495335));
#1604 = ( GEOMETRIC_REPRESENTATION_CONTEXT(2) 
PARAMETRIC_REPRESENTATION_CONTEXT() REPRESENTATION_CONTEXT('2D SPACE',''
  ) );
#1605 = PCURVE('',#1606,#1611);
#1606 = PLANE('',#1607);
#1607 = AXIS2_PLACEMENT_3D('',#1608,#1609,#1610);
#1608 = CARTESIAN_POINT('',(-6.090532400113,40.,33.619122083479));
#1609 = DIRECTION('',(-0.99748736426,0.,7.084460559983E-02));
#1610 = DIRECTION('',(0.,-1.,0.));
#1611 = DEFINITIONAL_REPRESENTATION('',(#1612),#1631);
#1612 = B_SPLINE_CURVE_WITH_KNOTS('',5,(#1613,#1614,#1615,#1616,#1617,
    #1618,#1619,#1620,#1621,#1622,#1623,#1624,#1625,#1626,#1627,#1628,
    #1629,#1630),.UNSPECIFIED.,.F.,.F.,(6,4,4,4,6),(0.,0.355734370744,
    0.63125144109,0.906327922052,1.),.UNSPECIFIED.);
#1613 = CARTESIAN_POINT('',(30.756623977652,-3.21013842131));
#1614 = CARTESIAN_POINT('',(30.745762765449,-2.981919675954));
#1615 = CARTESIAN_POINT('',(30.736302793443,-2.753632361598));
#1616 = CARTESIAN_POINT('',(30.728836492877,-2.525266223973));
#1617 = CARTESIAN_POINT('',(30.723653423364,-2.29683556994));
#1618 = CARTESIAN_POINT('',(30.718502054634,-1.891439875673));
#1619 = CARTESIAN_POINT('',(30.717621552631,-1.714482532469));
#1620 = CARTESIAN_POINT('',(30.718109596458,-1.537523715845));
#1621 = CARTESIAN_POINT('',(30.719863649528,-1.360575441053));
#1622 = CARTESIAN_POINT('',(30.725561681148,-1.006999040877));
#1623 = CARTESIAN_POINT('',(30.729502221915,-0.830370323347));
#1624 = CARTESIAN_POINT('',(30.734369467691,-0.653765662745));
#1625 = CARTESIAN_POINT('',(30.739932107008,-0.477183667106));
#1626 = CARTESIAN_POINT('',(30.747997646685,-0.240490606624));
#1627 = CARTESIAN_POINT('',(30.750099176586,-0.180365985705));
#1628 = CARTESIAN_POINT('',(30.752243795438,-0.120242890475));
#1629 = CARTESIAN_POINT('',(30.754421923498,-6.012101079337E-02));
#1630 = CARTESIAN_POINT('',(30.756623977652,0.));
#1631 = ( GEOMETRIC_REPRESENTATION_CONTEXT(2) 
PARAMETRIC_REPRESENTATION_CONTEXT() REPRESENTATION_CONTEXT('2D SPACE',''
  ) );
#1632 = ORIENTED_EDGE('',*,*,#1633,.F.);
#1633 = EDGE_CURVE('',#1634,#1561,#1636,.T.);
#1634 = VERTEX_POINT('',#1635);
#1635 = CARTESIAN_POINT('',(-6.454479194226,9.243376022348,
    27.209815655176));
#1636 = SURFACE_CURVE('',#1637,(#1676,#1718),.PCURVE_S1.);
#1637 = B_SPLINE_CURVE_WITH_KNOTS('',5,(#1638,#1639,#1640,#1641,#1642,
    #1643,#1644,#1645,#1646,#1647,#1648,#1649,#1650,#1651,#1652,#1653,
    #1654,#1655,#1656,#1657,#1658,#1659,#1660,#1661,#1662,#1663,#1664,
    #1665,#1666,#1667,#1668,#1669,#1670,#1671,#1672,#1673,#1674,#1675),
  .UNSPECIFIED.,.F.,.F.,(6,4,4,4,4,4,4,4,4,6),(0.,5.267690659678E-02,
    0.308097492103,0.566431522913,0.70770177562,0.757877133523,
    0.797371540786,0.827818104787,0.929838291019,1.),.UNSPECIFIED.);
#1638 = CARTESIAN_POINT('',(-6.454479194226,9.243376022348,
    27.209815655176));
#1639 = CARTESIAN_POINT('',(-6.453046260581,9.24016394333,
    27.243477814694));
#1640 = CARTESIAN_POINT('',(-6.451612825544,9.237075172522,
    27.277151752812));
#1641 = CARTESIAN_POINT('',(-6.450178909889,9.234111025638,
    27.31083698151));
#1642 = CARTESIAN_POINT('',(-6.448744537412,9.231272173574,
    27.344532941745));
#1643 = CARTESIAN_POINT('',(-6.440352642875,9.215401231237,
    27.54167346785));
#1644 = CARTESIAN_POINT('',(-6.433385322221,9.205190743734,
    27.705348220105));
#1645 = CARTESIAN_POINT('',(-6.42641123278,9.197930025527,27.8691819832)
  );
#1646 = CARTESIAN_POINT('',(-6.419433539571,9.19330921898,
    28.033100405215));
#1647 = CARTESIAN_POINT('',(-6.405396026949,9.188562721945,
    28.362866539812));
#1648 = CARTESIAN_POINT('',(-6.398336084583,9.188488715364,
    28.528717140779));
#1649 = CARTESIAN_POINT('',(-6.391276678221,9.190328644868,
    28.69455515006));
#1650 = CARTESIAN_POINT('',(-6.384218606437,9.193608695638,
    28.860361807737));
#1651 = CARTESIAN_POINT('',(-6.373302422342,9.200239035842,
    29.116802384556));
#1652 = CARTESIAN_POINT('',(-6.369443602513,9.202883947791,
    29.207452924513));
#1653 = CARTESIAN_POINT('',(-6.365585080024,9.205757888872,
    29.298096479455));
#1654 = CARTESIAN_POINT('',(-6.361726791014,9.208792905854,
    29.388734549558));
#1655 = CARTESIAN_POINT('',(-6.356498327665,9.213037409879,
    29.511560451473));
#1656 = CARTESIAN_POINT('',(-6.355128034422,9.214162097783,
    29.543751076557));
#1657 = CARTESIAN_POINT('',(-6.353757754986,9.215296196079,
    29.57594137731));
#1658 = CARTESIAN_POINT('',(-6.352387485387,9.216436940267,
    29.608131446958));
#1659 = CARTESIAN_POINT('',(-6.349938649215,9.218482683647,
    29.665658963435));
#1660 = CARTESIAN_POINT('',(-6.348860080441,9.219386174398,
    29.690996461959));
#1661 = CARTESIAN_POINT('',(-6.347781513335,9.220290816384,
    29.716333921312));
#1662 = CARTESIAN_POINT('',(-6.346702945992,9.221195338587,
    29.74167138623));
#1663 = CARTESIAN_POINT('',(-6.344792898488,9.222794764188,
    29.786541798773));
#1664 = CARTESIAN_POINT('',(-6.343961419179,9.223490217553,
    29.806074726367));
#1665 = CARTESIAN_POINT('',(-6.34312993778,9.22418429954,29.825607703073
    ));
#1666 = CARTESIAN_POINT('',(-6.342298453473,9.22487645737,
    29.845140748092));
#1667 = CARTESIAN_POINT('',(-6.338680819859,9.227877174806,
    29.930125394967));
#1668 = CARTESIAN_POINT('',(-6.335894633032,9.23016054542,29.99557787824
    ));
#1669 = CARTESIAN_POINT('',(-6.333108374757,9.232395929167,
    30.061032039961));
#1670 = CARTESIAN_POINT('',(-6.330322021426,9.234564790148,
    30.126488434723));
#1671 = CARTESIAN_POINT('',(-6.325619237537,9.238084707808,
    30.236965191316));
#1672 = CARTESIAN_POINT('',(-6.323702866142,9.239479650864,
    30.281984163286));
#1673 = CARTESIAN_POINT('',(-6.321786436514,9.240829782923,
    30.32700450326));
#1674 = CARTESIAN_POINT('',(-6.319869945168,9.242130098256,
    30.372026293111));
#1675 = CARTESIAN_POINT('',(-6.317953390491,9.243376022348,
    30.417049570699));
#1676 = PCURVE('',#716,#1677);
#1677 = DEFINITIONAL_REPRESENTATION('',(#1678),#1717);
#1678 = B_SPLINE_CURVE_WITH_KNOTS('',5,(#1679,#1680,#1681,#1682,#1683,
    #1684,#1685,#1686,#1687,#1688,#1689,#1690,#1691,#1692,#1693,#1694,
    #1695,#1696,#1697,#1698,#1699,#1700,#1701,#1702,#1703,#1704,#1705,
    #1706,#1707,#1708,#1709,#1710,#1711,#1712,#1713,#1714,#1715,#1716),
  .UNSPECIFIED.,.F.,.F.,(6,4,4,4,4,4,4,4,4,6),(0.,5.267690659678E-02,
    0.308097492103,0.566431522913,0.70770177562,0.757877133523,
    0.797371540786,0.827818104787,0.929838291019,1.),.UNSPECIFIED.);
#1679 = CARTESIAN_POINT('',(0.347542019749,0.122679498203));
#1680 = CARTESIAN_POINT('',(0.34756145446,0.123999187453));
#1681 = CARTESIAN_POINT('',(0.347580093195,0.125318093406));
#1682 = CARTESIAN_POINT('',(0.347597923055,0.126636187684));
#1683 = CARTESIAN_POINT('',(0.347614936632,0.127953445635));
#1684 = CARTESIAN_POINT('',(0.347709660422,0.135652830036));
#1685 = CARTESIAN_POINT('',(0.347768946122,0.142015756062));
#1686 = CARTESIAN_POINT('',(0.347808733506,0.148355826042));
#1687 = CARTESIAN_POINT('',(0.347831316185,0.154673342399));
#1688 = CARTESIAN_POINT('',(0.347848014303,0.167338178602));
#1689 = CARTESIAN_POINT('',(0.347841802451,0.173685103071));
#1690 = CARTESIAN_POINT('',(0.347824055668,0.180012743314));
#1691 = CARTESIAN_POINT('',(0.347798506227,0.186324787107));
#1692 = CARTESIAN_POINT('',(0.347752199498,0.196070939437));
#1693 = CARTESIAN_POINT('',(0.347734517153,0.199513025032));
#1694 = CARTESIAN_POINT('',(0.347716089587,0.202952362068));
#1695 = CARTESIAN_POINT('',(0.347697451988,0.20638961348));
#1696 = CARTESIAN_POINT('',(0.347672593005,0.211045734897));
#1697 = CARTESIAN_POINT('',(0.347666114728,0.212265860694));
#1698 = CARTESIAN_POINT('',(0.347659695801,0.213485833051));
#1699 = CARTESIAN_POINT('',(0.347653357962,0.214705679624));
#1700 = CARTESIAN_POINT('',(0.347642213982,0.216885524185));
#1701 = CARTESIAN_POINT('',(0.347637368979,0.217845559809));
#1702 = CARTESIAN_POINT('',(0.347632597525,0.218805547164));
#1703 = CARTESIAN_POINT('',(0.347627909603,0.21976549891));
#1704 = CARTESIAN_POINT('',(0.347619772827,0.221465444017));
#1705 = CARTESIAN_POINT('',(0.347616286149,0.222205446847));
#1706 = CARTESIAN_POINT('',(0.347612859319,0.22294544141));
#1707 = CARTESIAN_POINT('',(0.347609496677,0.223685433158));
#1708 = CARTESIAN_POINT('',(0.347595164185,0.226904996134));
#1709 = CARTESIAN_POINT('',(0.347584894043,0.229384592402));
#1710 = CARTESIAN_POINT('',(0.347575551487,0.23186441608));
#1711 = CARTESIAN_POINT('',(0.347567281727,0.234344643548));
#1712 = CARTESIAN_POINT('',(0.347555356261,0.238531521934));
#1713 = CARTESIAN_POINT('',(0.347551065939,0.240237879263));
#1714 = CARTESIAN_POINT('',(0.3475473877,0.241944549387));
#1715 = CARTESIAN_POINT('',(0.347544360662,0.243651576049));
#1716 = CARTESIAN_POINT('',(0.34754202012,0.245358997008));
#1717 = ( GEOMETRIC_REPRESENTATION_CONTEXT(2) 
PARAMETRIC_REPRESENTATION_CONTEXT() REPRESENTATION_CONTEXT('2D SPACE',''
  ) );
#1718 = PCURVE('',#1719,#1724);
#1719 = PLANE('',#1720);
#1720 = AXIS2_PLACEMENT_3D('',#1721,#1722,#1723);
#1721 = CARTESIAN_POINT('',(-6.317953390491,40.,30.417049570699));
#1722 = DIRECTION('',(-0.999095208553,0.,4.252956907655E-02));
#1723 = DIRECTION('',(0.,-1.,0.));
#1724 = DEFINITIONAL_REPRESENTATION('',(#1725),#1764);
#1725 = B_SPLINE_CURVE_WITH_KNOTS('',5,(#1726,#1727,#1728,#1729,#1730,
    #1731,#1732,#1733,#1734,#1735,#1736,#1737,#1738,#1739,#1740,#1741,
    #1742,#1743,#1744,#1745,#1746,#1747,#1748,#1749,#1750,#1751,#1752,
    #1753,#1754,#1755,#1756,#1757,#1758,#1759,#1760,#1761,#1762,#1763),
  .UNSPECIFIED.,.F.,.F.,(6,4,4,4,4,4,4,4,4,6),(0.,5.267690659678E-02,
    0.308097492103,0.566431522913,0.70770177562,0.757877133523,
    0.797371540786,0.827818104787,0.929838291019,1.),.UNSPECIFIED.);
#1726 = CARTESIAN_POINT('',(30.756623977652,-3.21013842131));
#1727 = CARTESIAN_POINT('',(30.75983605667,-3.176445776975));
#1728 = CARTESIAN_POINT('',(30.762924827478,-3.142741343373));
#1729 = CARTESIAN_POINT('',(30.765888974362,-3.109025608967));
#1730 = CARTESIAN_POINT('',(30.768727826426,-3.075299133305));
#1731 = CARTESIAN_POINT('',(30.784598768763,-2.877980074604));
#1732 = CARTESIAN_POINT('',(30.794809256266,-2.71415709672));
#1733 = CARTESIAN_POINT('',(30.802069974473,-2.550174963994));
#1734 = CARTESIAN_POINT('',(30.80669078102,-2.386108095679));
#1735 = CARTESIAN_POINT('',(30.811437278055,-2.056043321298));
#1736 = CARTESIAN_POINT('',(30.811511284636,-1.89004252423));
#1737 = CARTESIAN_POINT('',(30.809671355132,-1.72405433025));
#1738 = CARTESIAN_POINT('',(30.806391304362,-1.558097516268));
#1739 = CARTESIAN_POINT('',(30.799760964158,-1.301424704083));
#1740 = CARTESIAN_POINT('',(30.797116052209,-1.210692070015));
#1741 = CARTESIAN_POINT('',(30.794242111128,-1.119966427288));
#1742 = CARTESIAN_POINT('',(30.791207094146,-1.029246274366));
#1743 = CARTESIAN_POINT('',(30.786962590121,-0.906309139984));
#1744 = CARTESIAN_POINT('',(30.785837902217,-0.874089362721));
#1745 = CARTESIAN_POINT('',(30.784703803921,-0.841869910083));
#1746 = CARTESIAN_POINT('',(30.783563059733,-0.809650688759));
#1747 = CARTESIAN_POINT('',(30.781517316353,-0.752071074739));
#1748 = CARTESIAN_POINT('',(30.780613825602,-0.726710630303));
#1749 = CARTESIAN_POINT('',(30.779709183616,-0.701350225072));
#1750 = CARTESIAN_POINT('',(30.778804661413,-0.675989814271));
#1751 = CARTESIAN_POINT('',(30.777205235812,-0.631078766596));
#1752 = CARTESIAN_POINT('',(30.776509782447,-0.611528149771));
#1753 = CARTESIAN_POINT('',(30.77581570046,-0.59197748379));
#1754 = CARTESIAN_POINT('',(30.77512354263,-0.572426749434));
#1755 = CARTESIAN_POINT('',(30.772122825194,-0.487365139542));
#1756 = CARTESIAN_POINT('',(30.76983945458,-0.42185338179));
#1757 = CARTESIAN_POINT('',(30.767604070833,-0.356339944072));
#1758 = CARTESIAN_POINT('',(30.765435209852,-0.290824271289));
#1759 = CARTESIAN_POINT('',(30.761915292192,-0.180247465748));
#1760 = CARTESIAN_POINT('',(30.760520349136,-0.135187724109));
#1761 = CARTESIAN_POINT('',(30.759170217077,-9.012661322795E-02));
#1762 = CARTESIAN_POINT('',(30.757869901744,-4.506405115543E-02));
#1763 = CARTESIAN_POINT('',(30.756623977652,0.));
#1764 = ( GEOMETRIC_REPRESENTATION_CONTEXT(2) 
PARAMETRIC_REPRESENTATION_CONTEXT() REPRESENTATION_CONTEXT('2D SPACE',''
  ) );
#1765 = ORIENTED_EDGE('',*,*,#1766,.F.);
#1766 = EDGE_CURVE('',#337,#1634,#1767,.T.);
#1767 = SURFACE_CURVE('',#1768,(#1821,#1877),.PCURVE_S1.);
#1768 = B_SPLINE_CURVE_WITH_KNOTS('',6,(#1769,#1770,#1771,#1772,#1773,
    #1774,#1775,#1776,#1777,#1778,#1779,#1780,#1781,#1782,#1783,#1784,
    #1785,#1786,#1787,#1788,#1789,#1790,#1791,#1792,#1793,#1794,#1795,
    #1796,#1797,#1798,#1799,#1800,#1801,#1802,#1803,#1804,#1805,#1806,
    #1807,#1808,#1809,#1810,#1811,#1812,#1813,#1814,#1815,#1816,#1817,
    #1818,#1819,#1820),.UNSPECIFIED.,.F.,.F.,(7,5,5,5,5,5,5,5,5,5,7),(0.
    ,0.143084446651,0.355061286741,0.491936539426,0.611709207833,
    0.664538581748,0.684740467917,0.711940645863,0.750813212453,
    0.976944634932,1.),.UNSPECIFIED.);
#1769 = CARTESIAN_POINT('',(-6.5,9.243376022348,24.));
#1770 = CARTESIAN_POINT('',(-6.499040396714,9.282723712865,
    24.067664655733));
#1771 = CARTESIAN_POINT('',(-6.498057903081,9.319313663281,
    24.136943381977));
#1772 = CARTESIAN_POINT('',(-6.497053211073,9.352865289594,
    24.207787385786));
#1773 = CARTESIAN_POINT('',(-6.49602759023,9.383121546505,
    24.280107147722));
#1774 = CARTESIAN_POINT('',(-6.494983177206,9.409895354722,
    24.353752005689));
#1775 = CARTESIAN_POINT('',(-6.492353026311,9.467517006957,
    24.539212244716));
#1776 = CARTESIAN_POINT('',(-6.490747855903,9.494140448438,
    24.652397875233));
#1777 = CARTESIAN_POINT('',(-6.489119544307,9.512708197451,
    24.767215263959));
#1778 = CARTESIAN_POINT('',(-6.487478393361,9.523715847357,
    24.882937995821));
#1779 = CARTESIAN_POINT('',(-6.485833008265,9.528189558817,
    24.998959290911));
#1780 = CARTESIAN_POINT('',(-6.483128040061,9.526616675428,
    25.189695134443));
#1781 = CARTESIAN_POINT('',(-6.482067066876,9.523735508392,
    25.264507701614));
#1782 = CARTESIAN_POINT('',(-6.481007477467,9.518887749897,
    25.339222694348));
#1783 = CARTESIAN_POINT('',(-6.479949863384,9.512376275224,
    25.413798400649));
#1784 = CARTESIAN_POINT('',(-6.478894386136,9.504488555854,
    25.488223431881));
#1785 = CARTESIAN_POINT('',(-6.476918848358,9.487589228826,
    25.627524834378));
#1786 = CARTESIAN_POINT('',(-6.475998406877,9.478841887002,
    25.692428067693));
#1787 = CARTESIAN_POINT('',(-6.475079332363,9.469404361764,
    25.757234911804));
#1788 = CARTESIAN_POINT('',(-6.474161435903,9.459429708585,
    25.821958687549));
#1789 = CARTESIAN_POINT('',(-6.473244476861,9.4490534722,25.886616363045
    ));
#1790 = CARTESIAN_POINT('',(-6.471923994754,9.433691864344,
    25.979727723194));
#1791 = CARTESIAN_POINT('',(-6.471519955792,9.428934918966,
    26.008217785351));
#1792 = CARTESIAN_POINT('',(-6.471116023784,9.424133001629,
    26.036700305798));
#1793 = CARTESIAN_POINT('',(-6.470712177112,9.419295664922,
    26.065176809018));
#1794 = CARTESIAN_POINT('',(-6.470308394738,9.414431862866,
    26.093648778341));
#1795 = CARTESIAN_POINT('',(-6.469750267104,9.407683113926,
    26.13300411895));
#1796 = CARTESIAN_POINT('',(-6.469595884432,9.405813629746,
    26.143890128339));
#1797 = CARTESIAN_POINT('',(-6.469441507063,9.403941966451,
    26.154775763731));
#1798 = CARTESIAN_POINT('',(-6.469287133893,9.402068580191,
    26.165661103065));
#1799 = CARTESIAN_POINT('',(-6.46913276384,9.400193915201,
    26.176546222596));
#1800 = CARTESIAN_POINT('',(-6.468770552042,9.395793181956,
    26.202086919413));
#1801 = CARTESIAN_POINT('',(-6.468562711975,9.393266426007,
    26.216742378391));
#1802 = CARTESIAN_POINT('',(-6.468354873063,9.390739190883,
    26.231397755935));
#1803 = CARTESIAN_POINT('',(-6.468147032816,9.388212494224,
    26.24605322755));
#1804 = CARTESIAN_POINT('',(-6.46793918884,9.385687316371,
    26.260708962146));
#1805 = CARTESIAN_POINT('',(-6.467434294333,9.379559313442,
    26.296310667033));
#1806 = CARTESIAN_POINT('',(-6.467137237527,9.375959056363,
    26.317257079755));
#1807 = CARTESIAN_POINT('',(-6.466840161695,9.37236657999,
    26.338204834116));
#1808 = CARTESIAN_POINT('',(-6.466543060557,9.368784490282,
    26.359154372826));
#1809 = CARTESIAN_POINT('',(-6.466245928279,9.365215248299,
    26.380106107392));
#1810 = CARTESIAN_POINT('',(-6.464220054306,9.34098621083,26.52295687381
    ));
#1811 = CARTESIAN_POINT('',(-6.462490098563,9.320824389152,
    26.644941512103));
#1812 = CARTESIAN_POINT('',(-6.460757859432,9.301632176489,
    26.767087159242));
#1813 = CARTESIAN_POINT('',(-6.459022816292,9.283708437684,
    26.889430525987));
#1814 = CARTESIAN_POINT('',(-6.457284885991,9.26722883878,
    27.011977475472));
#1815 = CARTESIAN_POINT('',(-6.455366890566,9.250756162809,
    27.147221385115));
#1816 = CARTESIAN_POINT('',(-6.455189405456,9.249247980894,
    27.159736420279));
#1817 = CARTESIAN_POINT('',(-6.455011893025,9.247755799563,
    27.172253381934));
#1818 = CARTESIAN_POINT('',(-6.454834353503,9.246279699908,
    27.184772253827));
#1819 = CARTESIAN_POINT('',(-6.454656787145,9.244819753493,
    27.197293018079));
#1820 = CARTESIAN_POINT('',(-6.454479194226,9.243376022348,
    27.209815655176));
#1821 = PCURVE('',#716,#1822);
#1822 = DEFINITIONAL_REPRESENTATION('',(#1823),#1876);
#1823 = B_SPLINE_CURVE_WITH_KNOTS('',6,(#1824,#1825,#1826,#1827,#1828,
    #1829,#1830,#1831,#1832,#1833,#1834,#1835,#1836,#1837,#1838,#1839,
    #1840,#1841,#1842,#1843,#1844,#1845,#1846,#1847,#1848,#1849,#1850,
    #1851,#1852,#1853,#1854,#1855,#1856,#1857,#1858,#1859,#1860,#1861,
    #1862,#1863,#1864,#1865,#1866,#1867,#1868,#1869,#1870,#1871,#1872,
    #1873,#1874,#1875),.UNSPECIFIED.,.F.,.F.,(7,5,5,5,5,5,5,5,5,5,7),(0.
    ,0.143084446651,0.355061286741,0.491936539426,0.611709207833,
    0.664538581748,0.684740467917,0.711940645863,0.750813212453,
    0.976944634932,1.),.UNSPECIFIED.);
#1824 = CARTESIAN_POINT('',(0.34754201991,0.));
#1825 = CARTESIAN_POINT('',(0.347227096889,2.213932352325E-03));
#1826 = CARTESIAN_POINT('',(0.346935772835,4.517057141206E-03));
#1827 = CARTESIAN_POINT('',(0.346669695111,6.910055675104E-03));
#1828 = CARTESIAN_POINT('',(0.3464303184,9.391778025953E-03));
#1829 = CARTESIAN_POINT('',(0.346218615562,1.195803321309E-02));
#1830 = CARTESIAN_POINT('',(0.345762452263,1.851496413433E-02));
#1831 = CARTESIAN_POINT('',(0.345551134437,2.259882593063E-02));
#1832 = CARTESIAN_POINT('',(0.345401852093,2.682206276805E-02));
#1833 = CARTESIAN_POINT('',(0.345310261521,3.115135842975E-02));
#1834 = CARTESIAN_POINT('',(0.3452687419,3.555316272714E-02));
#1835 = CARTESIAN_POINT('',(0.345269477284,4.287218302011E-02));
#1836 = CARTESIAN_POINT('',(0.345287264256,4.576387466344E-02));
#1837 = CARTESIAN_POINT('',(0.345320371705,4.866984567933E-02));
#1838 = CARTESIAN_POINT('',(0.345366606304,5.158555647393E-02));
#1839 = CARTESIAN_POINT('',(0.345423893238,5.450780110832E-02));
#1840 = CARTESIAN_POINT('',(0.345548615618,5.999616675359E-02));
#1841 = CARTESIAN_POINT('',(0.345613883547,6.256099085757E-02));
#1842 = CARTESIAN_POINT('',(0.345684978611,6.512806188267E-02));
#1843 = CARTESIAN_POINT('',(0.34576078664,6.769643129521E-02));
#1844 = CARTESIAN_POINT('',(0.345840314539,7.026546409964E-02));
#1845 = CARTESIAN_POINT('',(0.34595902462,7.396813962079E-02));
#1846 = CARTESIAN_POINT('',(0.345995912663,7.510149654338E-02));
#1847 = CARTESIAN_POINT('',(0.34603327938,7.623487390895E-02));
#1848 = CARTESIAN_POINT('',(0.346071053852,7.736824029672E-02));
#1849 = CARTESIAN_POINT('',(0.346109169282,7.850156856245E-02));
#1850 = CARTESIAN_POINT('',(0.346162244701,8.006819582004E-02));
#1851 = CARTESIAN_POINT('',(0.346176967094,8.050154681479E-02));
#1852 = CARTESIAN_POINT('',(0.346191726663,8.093488749593E-02));
#1853 = CARTESIAN_POINT('',(0.34620651998,8.136821658835E-02));
#1854 = CARTESIAN_POINT('',(0.3462213437,8.180153286852E-02));
#1855 = CARTESIAN_POINT('',(0.346256190019,8.28182410633E-02));
#1856 = CARTESIAN_POINT('',(0.346276234676,8.3401621598E-02));
#1857 = CARTESIAN_POINT('',(0.346296320569,8.398497391408E-02));
#1858 = CARTESIAN_POINT('',(0.346316439994,8.456829526655E-02));
#1859 = CARTESIAN_POINT('',(0.346336585506,8.515158302005E-02));
#1860 = CARTESIAN_POINT('',(0.346385567472,8.656837654044E-02));
#1861 = CARTESIAN_POINT('',(0.346414423621,8.740184459854E-02));
#1862 = CARTESIAN_POINT('',(0.346443297404,8.823523147418E-02));
#1863 = CARTESIAN_POINT('',(0.346472168877,8.906853002581E-02));
#1864 = CARTESIAN_POINT('',(0.346501019111,8.990173331931E-02));
#1865 = CARTESIAN_POINT('',(0.346697431452,9.558119288334E-02));
#1866 = CARTESIAN_POINT('',(0.346863708669,0.100424138149));
#1867 = CARTESIAN_POINT('',(0.347025129944,0.10526226398));
#1868 = CARTESIAN_POINT('',(0.347179282101,0.110094300417));
#1869 = CARTESIAN_POINT('',(0.347324660264,0.114918970141));
#1870 = CARTESIAN_POINT('',(0.347474302704,0.120225850005));
#1871 = CARTESIAN_POINT('',(0.34748804865,0.120716765501));
#1872 = CARTESIAN_POINT('',(0.347501693989,0.12120758917));
#1873 = CARTESIAN_POINT('',(0.347515237837,0.121698319598));
#1874 = CARTESIAN_POINT('',(0.347528679698,0.122188955903));
#1875 = CARTESIAN_POINT('',(0.347542019463,0.122679497731));
#1876 = ( GEOMETRIC_REPRESENTATION_CONTEXT(2) 
PARAMETRIC_REPRESENTATION_CONTEXT() REPRESENTATION_CONTEXT('2D SPACE',''
  ) );
#1877 = PCURVE('',#352,#1878);
#1878 = DEFINITIONAL_REPRESENTATION('',(#1879),#1932);
#1879 = B_SPLINE_CURVE_WITH_KNOTS('',6,(#1880,#1881,#1882,#1883,#1884,
    #1885,#1886,#1887,#1888,#1889,#1890,#1891,#1892,#1893,#1894,#1895,
    #1896,#1897,#1898,#1899,#1900,#1901,#1902,#1903,#1904,#1905,#1906,
    #1907,#1908,#1909,#1910,#1911,#1912,#1913,#1914,#1915,#1916,#1917,
    #1918,#1919,#1920,#1921,#1922,#1923,#1924,#1925,#1926,#1927,#1928,
    #1929,#1930,#1931),.UNSPECIFIED.,.F.,.F.,(7,5,5,5,5,5,5,5,5,5,7),(0.
    ,0.143084446651,0.355061286741,0.491936539426,0.611709207833,
    0.664538581748,0.684740467917,0.711940645863,0.750813212453,
    0.976944634932,1.),.UNSPECIFIED.);
#1880 = CARTESIAN_POINT('',(30.756623977652,-3.21013842131));
#1881 = CARTESIAN_POINT('',(30.717276287135,-3.142466961491));
#1882 = CARTESIAN_POINT('',(30.680686336719,-3.073181268857));
#1883 = CARTESIAN_POINT('',(30.647134710406,-3.002330141261));
#1884 = CARTESIAN_POINT('',(30.616878453495,-2.930003107141));
#1885 = CARTESIAN_POINT('',(30.590104645278,-2.856350843744));
#1886 = CARTESIAN_POINT('',(30.532482993043,-2.670871955582));
#1887 = CARTESIAN_POINT('',(30.505859551562,-2.557674943574));
#1888 = CARTESIAN_POINT('',(30.487291802549,-2.442846009274));
#1889 = CARTESIAN_POINT('',(30.476284152643,-2.3271116408));
#1890 = CARTESIAN_POINT('',(30.471810441183,-2.211078679076));
#1891 = CARTESIAN_POINT('',(30.473383324572,-2.020323655916));
#1892 = CARTESIAN_POINT('',(30.476264491608,-1.945503565894));
#1893 = CARTESIAN_POINT('',(30.481112250103,-1.870781060121));
#1894 = CARTESIAN_POINT('',(30.487623724776,-1.796197854788));
#1895 = CARTESIAN_POINT('',(30.495511444146,-1.721765339674));
#1896 = CARTESIAN_POINT('',(30.512410771174,-1.582449929589));
#1897 = CARTESIAN_POINT('',(30.521158112998,-1.517540169867));
#1898 = CARTESIAN_POINT('',(30.530595638236,-1.452726809041));
#1899 = CARTESIAN_POINT('',(30.540570291415,-1.387996524933));
#1900 = CARTESIAN_POINT('',(30.5509465278,-1.323332347722));
#1901 = CARTESIAN_POINT('',(30.566308135656,-1.23021162467));
#1902 = CARTESIAN_POINT('',(30.571065081034,-1.201718697667));
#1903 = CARTESIAN_POINT('',(30.575866998371,-1.173233313133));
#1904 = CARTESIAN_POINT('',(30.580704335078,-1.14475394643));
#1905 = CARTESIAN_POINT('',(30.585568137134,-1.11627911408));
#1906 = CARTESIAN_POINT('',(30.592316886074,-1.076919816056));
#1907 = CARTESIAN_POINT('',(30.594186370254,-1.066032712015));
#1908 = CARTESIAN_POINT('',(30.596058033549,-1.055145982007));
#1909 = CARTESIAN_POINT('',(30.597931419809,-1.044259548087));
#1910 = CARTESIAN_POINT('',(30.599806084799,-1.033373333992));
#1911 = CARTESIAN_POINT('',(30.604206818044,-1.007830068906));
#1912 = CARTESIAN_POINT('',(30.606733573993,-0.993173136233));
#1913 = CARTESIAN_POINT('',(30.609260809117,-0.978516285004));
#1914 = CARTESIAN_POINT('',(30.611787505776,-0.963859339693));
#1915 = CARTESIAN_POINT('',(30.614312683629,-0.949202131376));
#1916 = CARTESIAN_POINT('',(30.620440686558,-0.913596846525));
#1917 = CARTESIAN_POINT('',(30.624040943637,-0.892648327515));
#1918 = CARTESIAN_POINT('',(30.62763342001,-0.871698466733));
#1919 = CARTESIAN_POINT('',(30.631215509718,-0.850746821422));
#1920 = CARTESIAN_POINT('',(30.634784751701,-0.829792980034));
#1921 = CARTESIAN_POINT('',(30.65901378917,-0.686927849118));
#1922 = CARTESIAN_POINT('',(30.679175610848,-0.564930944541));
#1923 = CARTESIAN_POINT('',(30.698367823511,-0.442773014928));
#1924 = CARTESIAN_POINT('',(30.716291562316,-0.320417345827));
#1925 = CARTESIAN_POINT('',(30.73277116122,-0.197858073514));
#1926 = CARTESIAN_POINT('',(30.749243837191,-6.260056428832E-02));
#1927 = CARTESIAN_POINT('',(30.750752019106,-5.008427066225E-02));
#1928 = CARTESIAN_POINT('',(30.752244200437,-3.756605035272E-02));
#1929 = CARTESIAN_POINT('',(30.753720300092,-2.504591961168E-02));
#1930 = CARTESIAN_POINT('',(30.755180246507,-1.25238963225E-02));
#1931 = CARTESIAN_POINT('',(30.756623977652,0.));
#1932 = ( GEOMETRIC_REPRESENTATION_CONTEXT(2) 
PARAMETRIC_REPRESENTATION_CONTEXT() REPRESENTATION_CONTEXT('2D SPACE',''
  ) );
#1933 = ADVANCED_FACE('',(#1934),#920,.F.);
#1934 = FACE_BOUND('',#1935,.F.);
#1935 = EDGE_LOOP('',(#1936,#1937,#1971,#1997,#2026));
#1936 = ORIENTED_EDGE('',*,*,#892,.T.);
#1937 = ORIENTED_EDGE('',*,*,#1938,.T.);
#1938 = EDGE_CURVE('',#864,#1939,#1941,.T.);
#1939 = VERTEX_POINT('',#1940);
#1940 = CARTESIAN_POINT('',(9.067860020343,6.224949797451,
    46.537818146765));
#1941 = SURFACE_CURVE('',#1942,(#1958,#1964),.PCURVE_S1.);
#1942 = B_SPLINE_CURVE_WITH_KNOTS('',14,(#1943,#1944,#1945,#1946,#1947,
    #1948,#1949,#1950,#1951,#1952,#1953,#1954,#1955,#1956,#1957),
  .UNSPECIFIED.,.T.,.F.,(15,15),(0.,1.),.PIECEWISE_BEZIER_KNOTS.);
#1943 = CARTESIAN_POINT('',(11.503785182307,4.973258601282E-15,
    45.975440510905));
#1944 = CARTESIAN_POINT('',(11.503785182308,4.039190554619,
    45.975440510909));
#1945 = CARTESIAN_POINT('',(9.601591440729,8.078382600182,46.41459653918
    ));
#1946 = CARTESIAN_POINT('',(5.797201525822,11.095374119175,
    47.292909157207));
#1947 = CARTESIAN_POINT('',(0.659537899134,12.068078362398,
    48.479032265276));
#1948 = CARTESIAN_POINT('',(-4.673662435372,10.340791749152,
    49.710298579393));
#1949 = CARTESIAN_POINT('',(-8.744964829611,5.992967207295,
    50.650232798824));
#1950 = CARTESIAN_POINT('',(-10.27772894075,2.141860022675E-10,
    51.004099276286));
#1951 = CARTESIAN_POINT('',(-8.744964829606,-5.992967207687,
    50.650232798924));
#1952 = CARTESIAN_POINT('',(-4.673662435379,-10.34079174885,
    49.710298579243));
#1953 = CARTESIAN_POINT('',(0.65953789914,-12.06807836258,
    48.479032265414));
#1954 = CARTESIAN_POINT('',(5.797201525818,-11.09537411908,
    47.292909157121));
#1955 = CARTESIAN_POINT('',(9.601591440731,-8.078382600215,
    46.414596539217));
#1956 = CARTESIAN_POINT('',(11.503785182308,-4.039190554612,
    45.9754405109));
#1957 = CARTESIAN_POINT('',(11.503785182307,3.075073044862E-15,
    45.975440510905));
#1958 = PCURVE('',#920,#1959);
#1959 = DEFINITIONAL_REPRESENTATION('',(#1960),#1963);
#1960 = B_SPLINE_CURVE_WITH_KNOTS('',1,(#1961,#1962),.UNSPECIFIED.,.F.,
  .F.,(2,2),(0.,0.121560396388),.PIECEWISE_BEZIER_KNOTS.);
#1961 = CARTESIAN_POINT('',(6.28318530718,0.));
#1962 = CARTESIAN_POINT('',(7.046971803698,0.));
#1963 = ( GEOMETRIC_REPRESENTATION_CONTEXT(2) 
PARAMETRIC_REPRESENTATION_CONTEXT() REPRESENTATION_CONTEXT('2D SPACE',''
  ) );
#1964 = PCURVE('',#560,#1965);
#1965 = DEFINITIONAL_REPRESENTATION('',(#1966),#1970);
#1966 = LINE('',#1967,#1968);
#1967 = CARTESIAN_POINT('',(0.,1.));
#1968 = VECTOR('',#1969,1.);
#1969 = DIRECTION('',(1.,0.));
#1970 = ( GEOMETRIC_REPRESENTATION_CONTEXT(2) 
PARAMETRIC_REPRESENTATION_CONTEXT() REPRESENTATION_CONTEXT('2D SPACE',''
  ) );
#1971 = ORIENTED_EDGE('',*,*,#1972,.T.);
#1972 = EDGE_CURVE('',#1939,#1973,#1975,.T.);
#1973 = VERTEX_POINT('',#1974);
#1974 = CARTESIAN_POINT('',(13.566881107221,6.224949798994,
    66.02521944247));
#1975 = SURFACE_CURVE('',#1976,(#1980,#1986),.PCURVE_S1.);
#1976 = LINE('',#1977,#1978);
#1977 = CARTESIAN_POINT('',(9.067860020344,6.224949798994,
    46.537818146765));
#1978 = VECTOR('',#1979,1.);
#1979 = DIRECTION('',(0.224951054344,0.,0.974370064785));
#1980 = PCURVE('',#920,#1981);
#1981 = DEFINITIONAL_REPRESENTATION('',(#1982),#1985);
#1982 = B_SPLINE_CURVE_WITH_KNOTS('',1,(#1983,#1984),.UNSPECIFIED.,.F.,
  .F.,(2,2),(-5.999999975786E-07,20.),.PIECEWISE_BEZIER_KNOTS.);
#1983 = CARTESIAN_POINT('',(7.046971803577,-5.999999978007E-07));
#1984 = CARTESIAN_POINT('',(7.046971803577,20.));
#1985 = ( GEOMETRIC_REPRESENTATION_CONTEXT(2) 
PARAMETRIC_REPRESENTATION_CONTEXT() REPRESENTATION_CONTEXT('2D SPACE',''
  ) );
#1986 = PCURVE('',#1987,#1992);
#1987 = PLANE('',#1988);
#1988 = AXIS2_PLACEMENT_3D('',#1989,#1990,#1991);
#1989 = CARTESIAN_POINT('',(13.791832161565,0.,66.999589507255));
#1990 = DIRECTION('',(0.974370064785,0.,-0.224951054344));
#1991 = DIRECTION('',(0.,1.,0.));
#1992 = DEFINITIONAL_REPRESENTATION('',(#1993),#1996);
#1993 = B_SPLINE_CURVE_WITH_KNOTS('',1,(#1994,#1995),.UNSPECIFIED.,.F.,
  .F.,(2,2),(-5.999999975786E-07,20.0000006),.PIECEWISE_BEZIER_KNOTS.);
#1994 = CARTESIAN_POINT('',(6.224949798994,-21.0000006));
#1995 = CARTESIAN_POINT('',(6.224949798994,-0.9999994));
#1996 = ( GEOMETRIC_REPRESENTATION_CONTEXT(2) 
PARAMETRIC_REPRESENTATION_CONTEXT() REPRESENTATION_CONTEXT('2D SPACE',''
  ) );
#1997 = ORIENTED_EDGE('',*,*,#1998,.F.);
#1998 = EDGE_CURVE('',#1999,#1973,#2001,.T.);
#1999 = VERTEX_POINT('',#2000);
#2000 = CARTESIAN_POINT('',(0.900070265013,6.224949798994,68.94958314894
    ));
#2001 = SURFACE_CURVE('',#2002,(#2007,#2014),.PCURVE_S1.);
#2002 = CIRCLE('',#2003,9.);
#2003 = AXIS2_PLACEMENT_3D('',#2004,#2005,#2006);
#2004 = CARTESIAN_POINT('',(7.233475686117,0.,67.487401295705));
#2005 = DIRECTION('',(0.224951054344,4.996003610813E-16,0.974370064785)
  );
#2006 = DIRECTION('',(-0.703711713456,0.691661088777,0.162464650359));
#2007 = PCURVE('',#920,#2008);
#2008 = DEFINITIONAL_REPRESENTATION('',(#2009),#2013);
#2009 = LINE('',#2010,#2011);
#2010 = CARTESIAN_POINT('',(2.377806157192,20.));
#2011 = VECTOR('',#2012,1.);
#2012 = DIRECTION('',(1.,0.));
#2013 = ( GEOMETRIC_REPRESENTATION_CONTEXT(2) 
PARAMETRIC_REPRESENTATION_CONTEXT() REPRESENTATION_CONTEXT('2D SPACE',''
  ) );
#2014 = PCURVE('',#2015,#2020);
#2015 = PLANE('',#2016);
#2016 = AXIS2_PLACEMENT_3D('',#2017,#2018,#2019);
#2017 = CARTESIAN_POINT('',(7.233475686117,0.,67.487401295705));
#2018 = DIRECTION('',(0.224951054344,0.,0.974370064785));
#2019 = DIRECTION('',(0.974370064785,0.,-0.224951054344));
#2020 = DEFINITIONAL_REPRESENTATION('',(#2021),#2025);
#2021 = CIRCLE('',#2022,9.);
#2022 = AXIS2_PLACEMENT_2D('',#2023,#2024);
#2023 = CARTESIAN_POINT('',(-8.654144643441E-16,0.));
#2024 = DIRECTION('',(-0.722222222222,0.691661088777));
#2025 = ( GEOMETRIC_REPRESENTATION_CONTEXT(2) 
PARAMETRIC_REPRESENTATION_CONTEXT() REPRESENTATION_CONTEXT('2D SPACE',''
  ) );
#2026 = ORIENTED_EDGE('',*,*,#2027,.F.);
#2027 = EDGE_CURVE('',#893,#1999,#2028,.T.);
#2028 = SURFACE_CURVE('',#2029,(#2033,#2039),.PCURVE_S1.);
#2029 = LINE('',#2030,#2031);
#2030 = CARTESIAN_POINT('',(-3.598950821865,6.224949798994,
    49.462181853235));
#2031 = VECTOR('',#2032,1.);
#2032 = DIRECTION('',(0.224951054344,0.,0.974370064785));
#2033 = PCURVE('',#920,#2034);
#2034 = DEFINITIONAL_REPRESENTATION('',(#2035),#2038);
#2035 = B_SPLINE_CURVE_WITH_KNOTS('',1,(#2036,#2037),.UNSPECIFIED.,.F.,
  .F.,(2,2),(-5.99999997179E-07,20.),.PIECEWISE_BEZIER_KNOTS.);
#2036 = CARTESIAN_POINT('',(2.377806157192,-5.999999974011E-07));
#2037 = CARTESIAN_POINT('',(2.377806157192,20.));
#2038 = ( GEOMETRIC_REPRESENTATION_CONTEXT(2) 
PARAMETRIC_REPRESENTATION_CONTEXT() REPRESENTATION_CONTEXT('2D SPACE',''
  ) );
#2039 = PCURVE('',#2040,#2045);
#2040 = PLANE('',#2041);
#2041 = AXIS2_PLACEMENT_3D('',#2042,#2043,#2044);
#2042 = CARTESIAN_POINT('',(1.125021319357,40.,69.923953213725));
#2043 = DIRECTION('',(-0.974370064785,0.,0.224951054344));
#2044 = DIRECTION('',(0.,-1.,0.));
#2045 = DEFINITIONAL_REPRESENTATION('',(#2046),#2049);
#2046 = B_SPLINE_CURVE_WITH_KNOTS('',1,(#2047,#2048),.UNSPECIFIED.,.F.,
  .F.,(2,2),(-5.99999997179E-07,20.0000006),.PIECEWISE_BEZIER_KNOTS.);
#2047 = CARTESIAN_POINT('',(33.775050201006,-21.0000006));
#2048 = CARTESIAN_POINT('',(33.775050201006,-0.9999994));
#2049 = ( GEOMETRIC_REPRESENTATION_CONTEXT(2) 
PARAMETRIC_REPRESENTATION_CONTEXT() REPRESENTATION_CONTEXT('2D SPACE',''
  ) );
#2050 = ADVANCED_FACE('',(#2051),#2040,.F.);
#2051 = FACE_BOUND('',#2052,.F.);
#2052 = EDGE_LOOP('',(#2053,#2081,#2102,#2103,#2124));
#2053 = ORIENTED_EDGE('',*,*,#2054,.F.);
#2054 = EDGE_CURVE('',#2055,#2057,#2059,.T.);
#2055 = VERTEX_POINT('',#2056);
#2056 = CARTESIAN_POINT('',(-3.598950821864,9.182183836104,
    49.462181853235));
#2057 = VERTEX_POINT('',#2058);
#2058 = CARTESIAN_POINT('',(0.765099632406,9.182183836103,
    68.364961110069));
#2059 = SURFACE_CURVE('',#2060,(#2064,#2070),.PCURVE_S1.);
#2060 = LINE('',#2061,#2062);
#2061 = CARTESIAN_POINT('',(-3.598950821865,9.182183836103,
    49.462181853235));
#2062 = VECTOR('',#2063,1.);
#2063 = DIRECTION('',(0.224951054344,0.,0.974370064785));
#2064 = PCURVE('',#2040,#2065);
#2065 = DEFINITIONAL_REPRESENTATION('',(#2066),#2069);
#2066 = B_SPLINE_CURVE_WITH_KNOTS('',1,(#2067,#2068),.UNSPECIFIED.,.F.,
  .F.,(2,2),(-5.999999967794E-07,19.4000006),.PIECEWISE_BEZIER_KNOTS.);
#2067 = CARTESIAN_POINT('',(30.817816163897,-21.0000006));
#2068 = CARTESIAN_POINT('',(30.817816163897,-1.5999994));
#2069 = ( GEOMETRIC_REPRESENTATION_CONTEXT(2) 
PARAMETRIC_REPRESENTATION_CONTEXT() REPRESENTATION_CONTEXT('2D SPACE',''
  ) );
#2070 = PCURVE('',#2071,#2076);
#2071 = CYLINDRICAL_SURFACE('',#2072,11.25);
#2072 = AXIS2_PLACEMENT_3D('',#2073,#2074,#2075);
#2073 = CARTESIAN_POINT('',(2.734454599239,0.,48.));
#2074 = DIRECTION('',(0.224951054344,0.,0.974370064785));
#2075 = DIRECTION('',(0.974370064785,0.,-0.224951054344));
#2076 = DEFINITIONAL_REPRESENTATION('',(#2077),#2080);
#2077 = B_SPLINE_CURVE_WITH_KNOTS('',1,(#2078,#2079),.UNSPECIFIED.,.F.,
  .F.,(2,2),(3.036187350862E-15,19.4),.PIECEWISE_BEZIER_KNOTS.);
#2078 = CARTESIAN_POINT('',(2.186799721401,2.814142745937E-15));
#2079 = CARTESIAN_POINT('',(2.186799721401,19.4));
#2080 = ( GEOMETRIC_REPRESENTATION_CONTEXT(2) 
PARAMETRIC_REPRESENTATION_CONTEXT() REPRESENTATION_CONTEXT('2D SPACE',''
  ) );
#2081 = ORIENTED_EDGE('',*,*,#2082,.T.);
#2082 = EDGE_CURVE('',#2055,#893,#2083,.T.);
#2083 = SURFACE_CURVE('',#2084,(#2088,#2095),.PCURVE_S1.);
#2084 = LINE('',#2085,#2086);
#2085 = CARTESIAN_POINT('',(-3.598950821865,40.,49.462181853235));
#2086 = VECTOR('',#2087,1.);
#2087 = DIRECTION('',(0.,-1.,0.));
#2088 = PCURVE('',#2040,#2089);
#2089 = DEFINITIONAL_REPRESENTATION('',(#2090),#2094);
#2090 = LINE('',#2091,#2092);
#2091 = CARTESIAN_POINT('',(-0.,-21.));
#2092 = VECTOR('',#2093,1.);
#2093 = DIRECTION('',(1.,0.));
#2094 = ( GEOMETRIC_REPRESENTATION_CONTEXT(2) 
PARAMETRIC_REPRESENTATION_CONTEXT() REPRESENTATION_CONTEXT('2D SPACE',''
  ) );
#2095 = PCURVE('',#1065,#2096);
#2096 = DEFINITIONAL_REPRESENTATION('',(#2097),#2101);
#2097 = LINE('',#2098,#2099);
#2098 = CARTESIAN_POINT('',(0.,0.));
#2099 = VECTOR('',#2100,1.);
#2100 = DIRECTION('',(1.,0.));
#2101 = ( GEOMETRIC_REPRESENTATION_CONTEXT(2) 
PARAMETRIC_REPRESENTATION_CONTEXT() REPRESENTATION_CONTEXT('2D SPACE',''
  ) );
#2102 = ORIENTED_EDGE('',*,*,#2027,.T.);
#2103 = ORIENTED_EDGE('',*,*,#2104,.F.);
#2104 = EDGE_CURVE('',#2105,#1999,#2107,.T.);
#2105 = VERTEX_POINT('',#2106);
#2106 = CARTESIAN_POINT('',(0.900070265013,8.436379555236,68.94958314894
    ));
#2107 = SURFACE_CURVE('',#2108,(#2112,#2118),.PCURVE_S1.);
#2108 = LINE('',#2109,#2110);
#2109 = CARTESIAN_POINT('',(0.900070265013,20.,68.94958314894));
#2110 = VECTOR('',#2111,1.);
#2111 = DIRECTION('',(0.,-1.,0.));
#2112 = PCURVE('',#2040,#2113);
#2113 = DEFINITIONAL_REPRESENTATION('',(#2114),#2117);
#2114 = B_SPLINE_CURVE_WITH_KNOTS('',1,(#2115,#2116),.UNSPECIFIED.,.F.,
  .F.,(2,2),(9.35,20.),.PIECEWISE_BEZIER_KNOTS.);
#2115 = CARTESIAN_POINT('',(29.35,-1.));
#2116 = CARTESIAN_POINT('',(40.,-1.));
#2117 = ( GEOMETRIC_REPRESENTATION_CONTEXT(2) 
PARAMETRIC_REPRESENTATION_CONTEXT() REPRESENTATION_CONTEXT('2D SPACE',''
  ) );
#2118 = PCURVE('',#2015,#2119);
#2119 = DEFINITIONAL_REPRESENTATION('',(#2120),#2123);
#2120 = B_SPLINE_CURVE_WITH_KNOTS('',1,(#2121,#2122),.UNSPECIFIED.,.F.,
  .F.,(2,2),(9.35,20.),.PIECEWISE_BEZIER_KNOTS.);
#2121 = CARTESIAN_POINT('',(-6.5,10.65));
#2122 = CARTESIAN_POINT('',(-6.5,0.));
#2123 = ( GEOMETRIC_REPRESENTATION_CONTEXT(2) 
PARAMETRIC_REPRESENTATION_CONTEXT() REPRESENTATION_CONTEXT('2D SPACE',''
  ) );
#2124 = ORIENTED_EDGE('',*,*,#2125,.F.);
#2125 = EDGE_CURVE('',#2057,#2105,#2126,.T.);
#2126 = SURFACE_CURVE('',#2127,(#2132,#2139),.PCURVE_S1.);
#2127 = HYPERBOLA('',#2128,6.5,6.5);
#2128 = AXIS2_PLACEMENT_3D('',#2129,#2130,#2131);
#2129 = CARTESIAN_POINT('',(3.295798993775,0.,79.326624338903));
#2130 = DIRECTION('',(-0.974370064785,0.,0.224951054344));
#2131 = DIRECTION('',(-0.224951054344,0.,-0.974370064785));
#2132 = PCURVE('',#2040,#2133);
#2133 = DEFINITIONAL_REPRESENTATION('',(#2134),#2138);
#2134 = ( BOUNDED_CURVE() B_SPLINE_CURVE(2,(#2135,#2136,#2137),
.UNSPECIFIED.,.F.,.F.) B_SPLINE_CURVE_WITH_KNOTS((3,3),(-1.145309119808,
-1.077172791474),.PIECEWISE_BEZIER_KNOTS.) CURVE() 
GEOMETRIC_REPRESENTATION_ITEM() RATIONAL_B_SPLINE_CURVE((1.,
1.000580376036,1.)) REPRESENTATION_ITEM('') );
#2135 = CARTESIAN_POINT('',(30.817816163897,-1.6));
#2136 = CARTESIAN_POINT('',(31.200934801329,-1.287300821339));
#2137 = CARTESIAN_POINT('',(31.563620444764,-1.));
#2138 = ( GEOMETRIC_REPRESENTATION_CONTEXT(2) 
PARAMETRIC_REPRESENTATION_CONTEXT() REPRESENTATION_CONTEXT('2D SPACE',''
  ) );
#2139 = PCURVE('',#2140,#2145);
#2140 = CONICAL_SURFACE('',#2141,11.25,0.785398163397);
#2141 = AXIS2_PLACEMENT_3D('',#2142,#2143,#2144);
#2142 = CARTESIAN_POINT('',(7.09850505351,0.,66.902779256834));
#2143 = DIRECTION('',(-0.224951054344,-0.,-0.974370064785));
#2144 = DIRECTION('',(0.974370064785,0.,-0.224951054344));
#2145 = DEFINITIONAL_REPRESENTATION('',(#2146),#2153);
#2146 = B_SPLINE_CURVE_WITH_KNOTS('',5,(#2147,#2148,#2149,#2150,#2151,
    #2152),.UNSPECIFIED.,.F.,.F.,(6,6),(-1.145309119808,-1.077172791474)
  ,.PIECEWISE_BEZIER_KNOTS.);
#2147 = CARTESIAN_POINT('',(-2.186799721401,-7.105427357601E-15));
#2148 = CARTESIAN_POINT('',(-2.194673252675,-0.125128058536));
#2149 = CARTESIAN_POINT('',(-2.202656250588,-0.247644677534));
#2150 = CARTESIAN_POINT('',(-2.210749727452,-0.367598266308));
#2151 = CARTESIAN_POINT('',(-2.218954610853,-0.485035214535));
#2152 = CARTESIAN_POINT('',(-2.227271721354,-0.6));
#2153 = ( GEOMETRIC_REPRESENTATION_CONTEXT(2) 
PARAMETRIC_REPRESENTATION_CONTEXT() REPRESENTATION_CONTEXT('2D SPACE',''
  ) );
#2154 = ADVANCED_FACE('',(#2155),#2140,.T.);
#2155 = FACE_BOUND('',#2156,.T.);
#2156 = EDGE_LOOP('',(#2157,#2181,#2208,#2234));
#2157 = ORIENTED_EDGE('',*,*,#2158,.F.);
#2158 = EDGE_CURVE('',#2159,#2057,#2161,.T.);
#2159 = VERTEX_POINT('',#2160);
#2160 = CARTESIAN_POINT('',(13.431910474615,9.182183836103,
    65.440597403598));
#2161 = SURFACE_CURVE('',#2162,(#2167,#2174),.PCURVE_S1.);
#2162 = CIRCLE('',#2163,11.25);
#2163 = AXIS2_PLACEMENT_3D('',#2164,#2165,#2166);
#2164 = CARTESIAN_POINT('',(7.09850505351,0.,66.902779256834));
#2165 = DIRECTION('',(-0.224951054344,-1.804112415016E-16,
    -0.974370064785));
#2166 = DIRECTION('',(0.562969370765,0.816194118765,-0.129971720288));
#2167 = PCURVE('',#2140,#2168);
#2168 = DEFINITIONAL_REPRESENTATION('',(#2169),#2173);
#2169 = LINE('',#2170,#2171);
#2170 = CARTESIAN_POINT('',(-7.237978239368,-0.));
#2171 = VECTOR('',#2172,1.);
#2172 = DIRECTION('',(1.,-0.));
#2173 = ( GEOMETRIC_REPRESENTATION_CONTEXT(2) 
PARAMETRIC_REPRESENTATION_CONTEXT() REPRESENTATION_CONTEXT('2D SPACE',''
  ) );
#2174 = PCURVE('',#2071,#2175);
#2175 = DEFINITIONAL_REPRESENTATION('',(#2176),#2180);
#2176 = LINE('',#2177,#2178);
#2177 = CARTESIAN_POINT('',(7.237978239368,19.4));
#2178 = VECTOR('',#2179,1.);
#2179 = DIRECTION('',(-1.,-0.));
#2180 = ( GEOMETRIC_REPRESENTATION_CONTEXT(2) 
PARAMETRIC_REPRESENTATION_CONTEXT() REPRESENTATION_CONTEXT('2D SPACE',''
  ) );
#2181 = ORIENTED_EDGE('',*,*,#2182,.F.);
#2182 = EDGE_CURVE('',#2183,#2159,#2185,.T.);
#2183 = VERTEX_POINT('',#2184);
#2184 = CARTESIAN_POINT('',(13.566881107221,8.436379555236,
    66.02521944247));
#2185 = SURFACE_CURVE('',#2186,(#2191,#2201),.PCURVE_S1.);
#2186 = HYPERBOLA('',#2187,6.5,6.5);
#2187 = AXIS2_PLACEMENT_3D('',#2188,#2189,#2190);
#2188 = CARTESIAN_POINT('',(15.962609835983,0.,76.402260632432));
#2189 = DIRECTION('',(0.974370064785,0.,-0.224951054344));
#2190 = DIRECTION('',(-0.224951054344,-0.,-0.974370064785));
#2191 = PCURVE('',#2140,#2192);
#2192 = DEFINITIONAL_REPRESENTATION('',(#2193),#2200);
#2193 = B_SPLINE_CURVE_WITH_KNOTS('',5,(#2194,#2195,#2196,#2197,#2198,
    #2199),.UNSPECIFIED.,.F.,.F.,(6,6),(1.077172791474,1.145309119808),
  .PIECEWISE_BEZIER_KNOTS.);
#2194 = CARTESIAN_POINT('',(-7.197506239415,-0.6));
#2195 = CARTESIAN_POINT('',(-7.205823349916,-0.485035214535));
#2196 = CARTESIAN_POINT('',(-7.214028233318,-0.367598266308));
#2197 = CARTESIAN_POINT('',(-7.222121710181,-0.247644677533));
#2198 = CARTESIAN_POINT('',(-7.230104708094,-0.125128058536));
#2199 = CARTESIAN_POINT('',(-7.237978239368,-6.217248937901E-15));
#2200 = ( GEOMETRIC_REPRESENTATION_CONTEXT(2) 
PARAMETRIC_REPRESENTATION_CONTEXT() REPRESENTATION_CONTEXT('2D SPACE',''
  ) );
#2201 = PCURVE('',#1987,#2202);
#2202 = DEFINITIONAL_REPRESENTATION('',(#2203),#2207);
#2203 = ( BOUNDED_CURVE() B_SPLINE_CURVE(2,(#2204,#2205,#2206),
.UNSPECIFIED.,.F.,.F.) B_SPLINE_CURVE_WITH_KNOTS((3,3),(1.077172791474,
1.145309119808),.PIECEWISE_BEZIER_KNOTS.) CURVE() 
GEOMETRIC_REPRESENTATION_ITEM() RATIONAL_B_SPLINE_CURVE((1.,
1.000580376036,1.)) REPRESENTATION_ITEM('') );
#2204 = CARTESIAN_POINT('',(8.436379555236,-1.));
#2205 = CARTESIAN_POINT('',(8.799065198671,-1.287300821339));
#2206 = CARTESIAN_POINT('',(9.182183836103,-1.6));
#2207 = ( GEOMETRIC_REPRESENTATION_CONTEXT(2) 
PARAMETRIC_REPRESENTATION_CONTEXT() REPRESENTATION_CONTEXT('2D SPACE',''
  ) );
#2208 = ORIENTED_EDGE('',*,*,#2209,.T.);
#2209 = EDGE_CURVE('',#2183,#2105,#2210,.T.);
#2210 = SURFACE_CURVE('',#2211,(#2216,#2223),.PCURVE_S1.);
#2211 = CIRCLE('',#2212,10.65);
#2212 = AXIS2_PLACEMENT_3D('',#2213,#2214,#2215);
#2213 = CARTESIAN_POINT('',(7.233475686117,0.,67.487401295705));
#2214 = DIRECTION('',(-0.224951054344,4.440892098501E-16,-0.974370064785
    ));
#2215 = DIRECTION('',(0.594685955033,0.792148315046,-0.137294070726));
#2216 = PCURVE('',#2140,#2217);
#2217 = DEFINITIONAL_REPRESENTATION('',(#2218),#2222);
#2218 = LINE('',#2219,#2220);
#2219 = CARTESIAN_POINT('',(-7.197506239415,-0.6));
#2220 = VECTOR('',#2221,1.);
#2221 = DIRECTION('',(1.,-0.));
#2222 = ( GEOMETRIC_REPRESENTATION_CONTEXT(2) 
PARAMETRIC_REPRESENTATION_CONTEXT() REPRESENTATION_CONTEXT('2D SPACE',''
  ) );
#2223 = PCURVE('',#2015,#2224);
#2224 = DEFINITIONAL_REPRESENTATION('',(#2225),#2233);
#2225 = ( BOUNDED_CURVE() B_SPLINE_CURVE(2,(#2226,#2227,#2228,#2229,
#2230,#2231,#2232),.UNSPECIFIED.,.T.,.F.) B_SPLINE_CURVE_WITH_KNOTS((1,2
    ,2,2,2,1),(-2.094395102393,0.,2.094395102393,4.188790204786,
6.28318530718,8.377580409573),.UNSPECIFIED.) CURVE() 
GEOMETRIC_REPRESENTATION_ITEM() RATIONAL_B_SPLINE_CURVE((1.,0.5,1.,0.5,
1.,0.5,1.)) REPRESENTATION_ITEM('') );
#2226 = CARTESIAN_POINT('',(6.5,8.436379555236));
#2227 = CARTESIAN_POINT('',(21.112238021604,-2.821950693962));
#2228 = CARTESIAN_POINT('',(4.056119010802,-9.847354902217));
#2229 = CARTESIAN_POINT('',(-13.,-16.87275911047));
#2230 = CARTESIAN_POINT('',(-10.5561190108,1.410975346981));
#2231 = CARTESIAN_POINT('',(-8.112238021604,19.694709804433));
#2232 = CARTESIAN_POINT('',(6.5,8.436379555236));
#2233 = ( GEOMETRIC_REPRESENTATION_CONTEXT(2) 
PARAMETRIC_REPRESENTATION_CONTEXT() REPRESENTATION_CONTEXT('2D SPACE',''
  ) );
#2234 = ORIENTED_EDGE('',*,*,#2125,.F.);
#2235 = ADVANCED_FACE('',(#2236),#2071,.T.);
#2236 = FACE_BOUND('',#2237,.T.);
#2237 = EDGE_LOOP('',(#2238,#2239,#2240,#2269));
#2238 = ORIENTED_EDGE('',*,*,#2158,.T.);
#2239 = ORIENTED_EDGE('',*,*,#2054,.F.);
#2240 = ORIENTED_EDGE('',*,*,#2241,.F.);
#2241 = EDGE_CURVE('',#2242,#2055,#2244,.T.);
#2242 = VERTEX_POINT('',#2243);
#2243 = CARTESIAN_POINT('',(9.067860020343,9.182183836104,
    46.537818146765));
#2244 = SURFACE_CURVE('',#2245,(#2250,#2257),.PCURVE_S1.);
#2245 = CIRCLE('',#2246,11.25);
#2246 = AXIS2_PLACEMENT_3D('',#2247,#2248,#2249);
#2247 = CARTESIAN_POINT('',(2.734454599239,0.,48.));
#2248 = DIRECTION('',(-0.224951054344,-2.359223927328E-16,
    -0.974370064785));
#2249 = DIRECTION('',(0.562969370765,0.816194118765,-0.129971720288));
#2250 = PCURVE('',#2071,#2251);
#2251 = DEFINITIONAL_REPRESENTATION('',(#2252),#2256);
#2252 = LINE('',#2253,#2254);
#2253 = CARTESIAN_POINT('',(7.237978239368,0.));
#2254 = VECTOR('',#2255,1.);
#2255 = DIRECTION('',(-1.,-0.));
#2256 = ( GEOMETRIC_REPRESENTATION_CONTEXT(2) 
PARAMETRIC_REPRESENTATION_CONTEXT() REPRESENTATION_CONTEXT('2D SPACE',''
  ) );
#2257 = PCURVE('',#2258,#2263);
#2258 = PLANE('',#2259);
#2259 = AXIS2_PLACEMENT_3D('',#2260,#2261,#2262);
#2260 = CARTESIAN_POINT('',(17.593598087214,2.195835611012E-15,
    44.569496421256));
#2261 = DIRECTION('',(-0.224951054344,-1.780659477675E-16,
    -0.974370064785));
#2262 = DIRECTION('',(-0.974370064785,2.992750354096E-17,0.224951054344)
  );
#2263 = DEFINITIONAL_REPRESENTATION('',(#2264),#2268);
#2264 = CIRCLE('',#2265,11.25);
#2265 = AXIS2_PLACEMENT_2D('',#2266,#2267);
#2266 = CARTESIAN_POINT('',(15.25,-2.652230040011E-15));
#2267 = DIRECTION('',(-0.577777777778,0.816194118765));
#2268 = ( GEOMETRIC_REPRESENTATION_CONTEXT(2) 
PARAMETRIC_REPRESENTATION_CONTEXT() REPRESENTATION_CONTEXT('2D SPACE',''
  ) );
#2269 = ORIENTED_EDGE('',*,*,#2270,.T.);
#2270 = EDGE_CURVE('',#2242,#2159,#2271,.T.);
#2271 = SURFACE_CURVE('',#2272,(#2276,#2282),.PCURVE_S1.);
#2272 = LINE('',#2273,#2274);
#2273 = CARTESIAN_POINT('',(9.067860020344,9.182183836103,
    46.537818146765));
#2274 = VECTOR('',#2275,1.);
#2275 = DIRECTION('',(0.224951054344,0.,0.974370064785));
#2276 = PCURVE('',#2071,#2277);
#2277 = DEFINITIONAL_REPRESENTATION('',(#2278),#2281);
#2278 = B_SPLINE_CURVE_WITH_KNOTS('',1,(#2279,#2280),.UNSPECIFIED.,.F.,
  .F.,(2,2),(-3.335882358798E-15,19.4),.PIECEWISE_BEZIER_KNOTS.);
#2279 = CARTESIAN_POINT('',(7.237978239368,-3.557926963723E-15));
#2280 = CARTESIAN_POINT('',(7.237978239368,19.4));
#2281 = ( GEOMETRIC_REPRESENTATION_CONTEXT(2) 
PARAMETRIC_REPRESENTATION_CONTEXT() REPRESENTATION_CONTEXT('2D SPACE',''
  ) );
#2282 = PCURVE('',#1987,#2283);
#2283 = DEFINITIONAL_REPRESENTATION('',(#2284),#2287);
#2284 = B_SPLINE_CURVE_WITH_KNOTS('',1,(#2285,#2286),.UNSPECIFIED.,.F.,
  .F.,(2,2),(-5.999999975786E-07,19.4000006),.PIECEWISE_BEZIER_KNOTS.);
#2285 = CARTESIAN_POINT('',(9.182183836103,-21.0000006));
#2286 = CARTESIAN_POINT('',(9.182183836103,-1.5999994));
#2287 = ( GEOMETRIC_REPRESENTATION_CONTEXT(2) 
PARAMETRIC_REPRESENTATION_CONTEXT() REPRESENTATION_CONTEXT('2D SPACE',''
  ) );
#2288 = ADVANCED_FACE('',(#2289),#2258,.F.);
#2289 = FACE_BOUND('',#2290,.F.);
#2290 = EDGE_LOOP('',(#2291,#2340,#2387,#2408,#2409));
#2291 = ORIENTED_EDGE('',*,*,#2292,.F.);
#2292 = EDGE_CURVE('',#2293,#2295,#2297,.T.);
#2293 = VERTEX_POINT('',#2294);
#2294 = CARTESIAN_POINT('',(17.593598087214,0.,44.569496421256));
#2295 = VERTEX_POINT('',#2296);
#2296 = CARTESIAN_POINT('',(9.067860020346,13.795379680655,
    46.537818146764));
#2297 = SURFACE_CURVE('',#2298,(#2314,#2333),.PCURVE_S1.);
#2298 = B_SPLINE_CURVE_WITH_KNOTS('',14,(#2299,#2300,#2301,#2302,#2303,
    #2304,#2305,#2306,#2307,#2308,#2309,#2310,#2311,#2312,#2313),
  .UNSPECIFIED.,.T.,.F.,(15,15),(0.,1.),.PIECEWISE_BEZIER_KNOTS.);
#2299 = CARTESIAN_POINT('',(17.593598087214,2.195835611012E-15,
    44.569496421256));
#2300 = CARTESIAN_POINT('',(17.593598087218,6.844183995326,
    44.569496421259));
#2301 = CARTESIAN_POINT('',(14.370436469537,13.688370516983,
    45.313621913619));
#2302 = CARTESIAN_POINT('',(7.92410911374,18.800495035249,
    46.801873849703));
#2303 = CARTESIAN_POINT('',(-0.781376475969,20.448688336326,
    48.8116935606));
#2304 = CARTESIAN_POINT('',(-9.818188153801,17.521897130446,
    50.89800592625));
#2305 = CARTESIAN_POINT('',(-16.71678387749,10.154749990216,
    52.490672242321));
#2306 = CARTESIAN_POINT('',(-19.31396751011,2.838937973593E-10,
    53.090279329459));
#2307 = CARTESIAN_POINT('',(-16.71678387749,-10.15474999073,
    52.490672242399));
#2308 = CARTESIAN_POINT('',(-9.818188153803,-17.52189713005,
    50.898005926133));
#2309 = CARTESIAN_POINT('',(-0.781376475968,-20.44868833656,
    48.811693560707));
#2310 = CARTESIAN_POINT('',(7.92410911374,-18.80049503513,
    46.801873849636));
#2311 = CARTESIAN_POINT('',(14.370436469537,-13.68837051702,
    45.313621913647));
#2312 = CARTESIAN_POINT('',(17.593598087218,-6.844183995316,
    44.569496421253));
#2313 = CARTESIAN_POINT('',(17.593598087214,-4.869307511625E-15,
    44.569496421256));
#2314 = PCURVE('',#2258,#2315);
#2315 = DEFINITIONAL_REPRESENTATION('',(#2316),#2332);
#2316 = B_SPLINE_CURVE_WITH_KNOTS('',14,(#2317,#2318,#2319,#2320,#2321,
    #2322,#2323,#2324,#2325,#2326,#2327,#2328,#2329,#2330,#2331),
  .UNSPECIFIED.,.F.,.F.,(15,15),(0.,1.),.PIECEWISE_BEZIER_KNOTS.);
#2317 = CARTESIAN_POINT('',(0.,0.));
#2318 = CARTESIAN_POINT('',(-2.39985809003E-12,6.844183995326));
#2319 = CARTESIAN_POINT('',(3.307944008301,13.688370516983));
#2320 = CARTESIAN_POINT('',(9.923836253747,18.800495035249));
#2321 = CARTESIAN_POINT('',(18.858311874786,20.448688336326));
#2322 = CARTESIAN_POINT('',(28.132828821111,17.521897130446));
#2323 = CARTESIAN_POINT('',(35.212885950353,10.154749990216));
#2324 = CARTESIAN_POINT('',(37.878386181168,2.838904679181E-10));
#2325 = CARTESIAN_POINT('',(35.212885950369,-10.15474999073));
#2326 = CARTESIAN_POINT('',(28.132828821086,-17.52189713005));
#2327 = CARTESIAN_POINT('',(18.858311874809,-20.44868833656));
#2328 = CARTESIAN_POINT('',(9.923836253732,-18.80049503513));
#2329 = CARTESIAN_POINT('',(3.307944008307,-13.68837051702));
#2330 = CARTESIAN_POINT('',(-4.009237386526E-12,-6.844183995316));
#2331 = CARTESIAN_POINT('',(1.42108547152E-14,-7.065143122637E-15));
#2332 = ( GEOMETRIC_REPRESENTATION_CONTEXT(2) 
PARAMETRIC_REPRESENTATION_CONTEXT() REPRESENTATION_CONTEXT('2D SPACE',''
  ) );
#2333 = PCURVE('',#99,#2334);
#2334 = DEFINITIONAL_REPRESENTATION('',(#2335),#2339);
#2335 = LINE('',#2336,#2337);
#2336 = CARTESIAN_POINT('',(0.,1.));
#2337 = VECTOR('',#2338,1.);
#2338 = DIRECTION('',(1.,0.));
#2339 = ( GEOMETRIC_REPRESENTATION_CONTEXT(2) 
PARAMETRIC_REPRESENTATION_CONTEXT() REPRESENTATION_CONTEXT('2D SPACE',''
  ) );
#2340 = ORIENTED_EDGE('',*,*,#2341,.F.);
#2341 = EDGE_CURVE('',#2342,#2293,#2344,.T.);
#2342 = VERTEX_POINT('',#2343);
#2343 = CARTESIAN_POINT('',(-3.598950821865,13.795379675627,
    49.462181853235));
#2344 = SURFACE_CURVE('',#2345,(#2361,#2380),.PCURVE_S1.);
#2345 = B_SPLINE_CURVE_WITH_KNOTS('',14,(#2346,#2347,#2348,#2349,#2350,
    #2351,#2352,#2353,#2354,#2355,#2356,#2357,#2358,#2359,#2360),
  .UNSPECIFIED.,.T.,.F.,(15,15),(0.,1.),.PIECEWISE_BEZIER_KNOTS.);
#2346 = CARTESIAN_POINT('',(17.593598087214,2.195835611012E-15,
    44.569496421256));
#2347 = CARTESIAN_POINT('',(17.593598087218,6.844183995326,
    44.569496421259));
#2348 = CARTESIAN_POINT('',(14.370436469537,13.688370516983,
    45.313621913619));
#2349 = CARTESIAN_POINT('',(7.92410911374,18.800495035249,
    46.801873849703));
#2350 = CARTESIAN_POINT('',(-0.781376475969,20.448688336326,
    48.8116935606));
#2351 = CARTESIAN_POINT('',(-9.818188153801,17.521897130446,
    50.89800592625));
#2352 = CARTESIAN_POINT('',(-16.71678387749,10.154749990216,
    52.490672242321));
#2353 = CARTESIAN_POINT('',(-19.31396751011,2.838937973593E-10,
    53.090279329459));
#2354 = CARTESIAN_POINT('',(-16.71678387749,-10.15474999073,
    52.490672242399));
#2355 = CARTESIAN_POINT('',(-9.818188153803,-17.52189713005,
    50.898005926133));
#2356 = CARTESIAN_POINT('',(-0.781376475968,-20.44868833656,
    48.811693560707));
#2357 = CARTESIAN_POINT('',(7.92410911374,-18.80049503513,
    46.801873849636));
#2358 = CARTESIAN_POINT('',(14.370436469537,-13.68837051702,
    45.313621913647));
#2359 = CARTESIAN_POINT('',(17.593598087218,-6.844183995316,
    44.569496421253));
#2360 = CARTESIAN_POINT('',(17.593598087214,-4.869307511625E-15,
    44.569496421256));
#2361 = PCURVE('',#2258,#2362);
#2362 = DEFINITIONAL_REPRESENTATION('',(#2363),#2379);
#2363 = B_SPLINE_CURVE_WITH_KNOTS('',14,(#2364,#2365,#2366,#2367,#2368,
    #2369,#2370,#2371,#2372,#2373,#2374,#2375,#2376,#2377,#2378),
  .UNSPECIFIED.,.F.,.F.,(15,15),(0.,1.),.PIECEWISE_BEZIER_KNOTS.);
#2364 = CARTESIAN_POINT('',(0.,0.));
#2365 = CARTESIAN_POINT('',(-2.39985809003E-12,6.844183995326));
#2366 = CARTESIAN_POINT('',(3.307944008301,13.688370516983));
#2367 = CARTESIAN_POINT('',(9.923836253747,18.800495035249));
#2368 = CARTESIAN_POINT('',(18.858311874786,20.448688336326));
#2369 = CARTESIAN_POINT('',(28.132828821111,17.521897130446));
#2370 = CARTESIAN_POINT('',(35.212885950353,10.154749990216));
#2371 = CARTESIAN_POINT('',(37.878386181168,2.838904679181E-10));
#2372 = CARTESIAN_POINT('',(35.212885950369,-10.15474999073));
#2373 = CARTESIAN_POINT('',(28.132828821086,-17.52189713005));
#2374 = CARTESIAN_POINT('',(18.858311874809,-20.44868833656));
#2375 = CARTESIAN_POINT('',(9.923836253732,-18.80049503513));
#2376 = CARTESIAN_POINT('',(3.307944008307,-13.68837051702));
#2377 = CARTESIAN_POINT('',(-4.009237386526E-12,-6.844183995316));
#2378 = CARTESIAN_POINT('',(1.42108547152E-14,-7.065143122637E-15));
#2379 = ( GEOMETRIC_REPRESENTATION_CONTEXT(2) 
PARAMETRIC_REPRESENTATION_CONTEXT() REPRESENTATION_CONTEXT('2D SPACE',''
  ) );
#2380 = PCURVE('',#212,#2381);
#2381 = DEFINITIONAL_REPRESENTATION('',(#2382),#2386);
#2382 = LINE('',#2383,#2384);
#2383 = CARTESIAN_POINT('',(0.,1.));
#2384 = VECTOR('',#2385,1.);
#2385 = DIRECTION('',(1.,0.));
#2386 = ( GEOMETRIC_REPRESENTATION_CONTEXT(2) 
PARAMETRIC_REPRESENTATION_CONTEXT() REPRESENTATION_CONTEXT('2D SPACE',''
  ) );
#2387 = ORIENTED_EDGE('',*,*,#2388,.T.);
#2388 = EDGE_CURVE('',#2342,#2055,#2389,.T.);
#2389 = SURFACE_CURVE('',#2390,(#2394,#2401),.PCURVE_S1.);
#2390 = LINE('',#2391,#2392);
#2391 = CARTESIAN_POINT('',(-3.598950821865,40.,49.462181853235));
#2392 = VECTOR('',#2393,1.);
#2393 = DIRECTION('',(0.,-1.,0.));
#2394 = PCURVE('',#2258,#2395);
#2395 = DEFINITIONAL_REPRESENTATION('',(#2396),#2400);
#2396 = LINE('',#2397,#2398);
#2397 = CARTESIAN_POINT('',(21.75,40.));
#2398 = VECTOR('',#2399,1.);
#2399 = DIRECTION('',(-2.992750354096E-17,-1.));
#2400 = ( GEOMETRIC_REPRESENTATION_CONTEXT(2) 
PARAMETRIC_REPRESENTATION_CONTEXT() REPRESENTATION_CONTEXT('2D SPACE',''
  ) );
#2401 = PCURVE('',#1065,#2402);
#2402 = DEFINITIONAL_REPRESENTATION('',(#2403),#2407);
#2403 = LINE('',#2404,#2405);
#2404 = CARTESIAN_POINT('',(0.,0.));
#2405 = VECTOR('',#2406,1.);
#2406 = DIRECTION('',(1.,0.));
#2407 = ( GEOMETRIC_REPRESENTATION_CONTEXT(2) 
PARAMETRIC_REPRESENTATION_CONTEXT() REPRESENTATION_CONTEXT('2D SPACE',''
  ) );
#2408 = ORIENTED_EDGE('',*,*,#2241,.F.);
#2409 = ORIENTED_EDGE('',*,*,#2410,.T.);
#2410 = EDGE_CURVE('',#2242,#2295,#2411,.T.);
#2411 = SURFACE_CURVE('',#2412,(#2416,#2423),.PCURVE_S1.);
#2412 = LINE('',#2413,#2414);
#2413 = CARTESIAN_POINT('',(9.067860020344,0.,46.537818146765));
#2414 = VECTOR('',#2415,1.);
#2415 = DIRECTION('',(0.,1.,0.));
#2416 = PCURVE('',#2258,#2417);
#2417 = DEFINITIONAL_REPRESENTATION('',(#2418),#2422);
#2418 = LINE('',#2419,#2420);
#2419 = CARTESIAN_POINT('',(8.75,-2.457701266995E-15));
#2420 = VECTOR('',#2421,1.);
#2421 = DIRECTION('',(2.992750354096E-17,1.));
#2422 = ( GEOMETRIC_REPRESENTATION_CONTEXT(2) 
PARAMETRIC_REPRESENTATION_CONTEXT() REPRESENTATION_CONTEXT('2D SPACE',''
  ) );
#2423 = PCURVE('',#2424,#2429);
#2424 = PLANE('',#2425);
#2425 = AXIS2_PLACEMENT_3D('',#2426,#2427,#2428);
#2426 = CARTESIAN_POINT('',(9.067860020344,0.,46.537818146765));
#2427 = DIRECTION('',(0.977461974944,0.,-0.211111552359));
#2428 = DIRECTION('',(0.,1.,0.));
#2429 = DEFINITIONAL_REPRESENTATION('',(#2430),#2434);
#2430 = LINE('',#2431,#2432);
#2431 = CARTESIAN_POINT('',(0.,0.));
#2432 = VECTOR('',#2433,1.);
#2433 = DIRECTION('',(1.,0.));
#2434 = ( GEOMETRIC_REPRESENTATION_CONTEXT(2) 
PARAMETRIC_REPRESENTATION_CONTEXT() REPRESENTATION_CONTEXT('2D SPACE',''
  ) );
#2435 = ADVANCED_FACE('',(#2436),#2424,.F.);
#2436 = FACE_BOUND('',#2437,.F.);
#2437 = EDGE_LOOP('',(#2438,#2656,#2684,#2720,#2721));
#2438 = ORIENTED_EDGE('',*,*,#2439,.F.);
#2439 = EDGE_CURVE('',#2440,#1939,#2442,.T.);
#2440 = VERTEX_POINT('',#2441);
#2441 = CARTESIAN_POINT('',(8.467997105377,7.28956637171,43.760408843454
    ));
#2442 = SURFACE_CURVE('',#2443,(#2512,#2584),.PCURVE_S1.);
#2443 = B_SPLINE_CURVE_WITH_KNOTS('',7,(#2444,#2445,#2446,#2447,#2448,
    #2449,#2450,#2451,#2452,#2453,#2454,#2455,#2456,#2457,#2458,#2459,
    #2460,#2461,#2462,#2463,#2464,#2465,#2466,#2467,#2468,#2469,#2470,
    #2471,#2472,#2473,#2474,#2475,#2476,#2477,#2478,#2479,#2480,#2481,
    #2482,#2483,#2484,#2485,#2486,#2487,#2488,#2489,#2490,#2491,#2492,
    #2493,#2494,#2495,#2496,#2497,#2498,#2499,#2500,#2501,#2502,#2503,
    #2504,#2505,#2506,#2507,#2508,#2509,#2510,#2511),.UNSPECIFIED.,.F.,
  .F.,(8,6,6,6,6,6,6,6,6,6,6,8),(0.,0.202375360083,0.247235240628,
    0.26866851019,0.29079554467,0.333597678576,0.426503966769,
    0.609950314055,0.637523248602,0.726095045887,0.783658808812,1.),
  .UNSPECIFIED.);
#2444 = CARTESIAN_POINT('',(8.467997105377,7.28956637171,43.760408843454
    ));
#2445 = CARTESIAN_POINT('',(8.489464846471,7.28870170803,43.859806059631
    ));
#2446 = CARTESIAN_POINT('',(8.510939440909,7.291137156408,
    43.959235007294));
#2447 = CARTESIAN_POINT('',(8.532391333804,7.296620948463,
    44.058558845146));
#2448 = CARTESIAN_POINT('',(8.553802417466,7.304785018706,
    44.157693733257));
#2449 = CARTESIAN_POINT('',(8.575165439509,7.315177785671,
    44.256606092543));
#2450 = CARTESIAN_POINT('',(8.596483924094,7.327273288968,
    44.355312240135));
#2451 = CARTESIAN_POINT('',(8.622491598507,7.343379001701,
    44.475729680636));
#2452 = CARTESIAN_POINT('',(8.6272091204,7.346354751112,44.497572153087)
  );
#2453 = CARTESIAN_POINT('',(8.631925326601,7.349377239678,
    44.519408533788));
#2454 = CARTESIAN_POINT('',(8.63664039033,7.352439518276,44.541239624759
    ));
#2455 = CARTESIAN_POINT('',(8.641354503431,7.35553437948,44.56306631425)
  );
#2456 = CARTESIAN_POINT('',(8.64606787637,7.35865435756,44.58488957674)
  );
#2457 = CARTESIAN_POINT('',(8.653032461551,7.36329070966,44.617136117065
    ));
#2458 = CARTESIAN_POINT('',(8.655284067662,7.364793657937,
    44.627561218539));
#2459 = CARTESIAN_POINT('',(8.657535581289,7.366299728632,
    44.637985891806));
#2460 = CARTESIAN_POINT('',(8.659787027793,7.36780806037,44.648410254292
    ));
#2461 = CARTESIAN_POINT('',(8.66203843318,7.369317775075,44.658834426401
    ));
#2462 = CARTESIAN_POINT('',(8.664289824097,7.370827977972,
    44.669258531511));
#2463 = CARTESIAN_POINT('',(8.668865506357,7.373896406655,
    44.690444276057));
#2464 = CARTESIAN_POINT('',(8.671189798333,7.375454603405,
    44.701205918417));
#2465 = CARTESIAN_POINT('',(8.673514133838,7.377011345309,
    44.711967762324));
#2466 = CARTESIAN_POINT('',(8.675838543325,7.378565607508,
    44.722729948773));
#2467 = CARTESIAN_POINT('',(8.678163057621,7.380116342815,
    44.733492620491));
#2468 = CARTESIAN_POINT('',(8.680487707925,7.381662481711,
    44.744255921939));
#2469 = CARTESIAN_POINT('',(8.687309611339,7.386182752107,
    44.775841835213));
#2470 = CARTESIAN_POINT('',(8.691807319065,7.389141261943,
    44.796666551945));
#2471 = CARTESIAN_POINT('',(8.696305883433,7.392070600374,
    44.817495234992));
#2472 = CARTESIAN_POINT('',(8.700805533671,7.394962503421,
    44.838328945695));
#2473 = CARTESIAN_POINT('',(8.705306493791,7.397808304614,
    44.859168721253));
#2474 = CARTESIAN_POINT('',(8.709808982594,7.400598934986,44.88001557472
    ));
#2475 = CARTESIAN_POINT('',(8.724090095133,7.409241951334,
    44.946138173461));
#2476 = CARTESIAN_POINT('',(8.733874587081,7.414853983089,44.99144108899
    ));
#2477 = CARTESIAN_POINT('',(8.743669717982,7.420064105205,
    45.036793263652));
#2478 = CARTESIAN_POINT('',(8.753477242416,7.424764390917,
    45.082202821276));
#2479 = CARTESIAN_POINT('',(8.763297691466,7.428833450404,
    45.127672220824));
#2480 = CARTESIAN_POINT('',(8.773130423122,7.43213398136,45.173198489739
    ));
#2481 = CARTESIAN_POINT('',(8.802409474186,7.43920247302,45.308762644129
    ));
#2482 = CARTESIAN_POINT('',(8.821883615714,7.440290894701,
    45.398929348062));
#2483 = CARTESIAN_POINT('',(8.841408352651,7.436582493424,
    45.489330312448));
#2484 = CARTESIAN_POINT('',(8.860884442502,7.426557301388,
    45.579506037259));
#2485 = CARTESIAN_POINT('',(8.88010413612,7.408393505683,45.668494628702
    ));
#2486 = CARTESIAN_POINT('',(8.898770739048,7.380387242838,
    45.754922369672));
#2487 = CARTESIAN_POINT('',(8.919212516202,7.336642708546,
    45.849569297542));
#2488 = CARTESIAN_POINT('',(8.921862219295,7.330702727824,
    45.861837617249));
#2489 = CARTESIAN_POINT('',(8.924489345866,7.32453857718,45.874001406003
    ));
#2490 = CARTESIAN_POINT('',(8.927092706017,7.31815089108,45.88605515449)
  );
#2491 = CARTESIAN_POINT('',(8.929671165059,7.311541027977,
    45.897993609018));
#2492 = CARTESIAN_POINT('',(8.932223643515,7.304711070312,
    45.909811771521));
#2493 = CARTESIAN_POINT('',(8.942861628145,7.275026146049,45.95906642078
    ));
#2494 = CARTESIAN_POINT('',(8.950697288805,7.250141200848,
    45.995346104475));
#2495 = CARTESIAN_POINT('',(8.958218437789,7.22311173424,46.030169576033
    ));
#2496 = CARTESIAN_POINT('',(8.965403960675,7.194098935597,
    46.063439074141));
#2497 = CARTESIAN_POINT('',(8.972245643393,7.163301488039,
    46.095116567043));
#2498 = CARTESIAN_POINT('',(8.978744525679,7.130934618154,
    46.125206868795));
#2499 = CARTESIAN_POINT('',(8.988912478252,7.075290598724,
    46.172285235147));
#2500 = CARTESIAN_POINT('',(8.992776608166,7.052793462379,
    46.190176440131));
#2501 = CARTESIAN_POINT('',(8.996502383936,7.029770526238,
    46.207427055272));
#2502 = CARTESIAN_POINT('',(9.000093595104,7.006271924348,46.22405462644
    ));
#2503 = CARTESIAN_POINT('',(9.003554790569,6.982344092548,
    46.240080215361));
#2504 = CARTESIAN_POINT('',(9.006890988039,6.958028725769,
    46.255527054397));
#2505 = CARTESIAN_POINT('',(9.0221955235,6.8406560848,46.326388176349));
#2506 = CARTESIAN_POINT('',(9.03256815611,6.743165112584,46.374414226288
    ));
#2507 = CARTESIAN_POINT('',(9.041557802105,6.642503656676,
    46.416036946741));
#2508 = CARTESIAN_POINT('',(9.049408815312,6.53981033595,46.452387713856
    ));
#2509 = CARTESIAN_POINT('',(9.056311298888,6.435812837458,
    46.484346719189));
#2510 = CARTESIAN_POINT('',(9.062420262488,6.330864157638,
    46.512631668823));
#2511 = CARTESIAN_POINT('',(9.067860020344,6.22494979745,46.537818146765
    ));
#2512 = PCURVE('',#2424,#2513);
#2513 = DEFINITIONAL_REPRESENTATION('',(#2514),#2583);
#2514 = B_SPLINE_CURVE_WITH_KNOTS('',7,(#2515,#2516,#2517,#2518,#2519,
    #2520,#2521,#2522,#2523,#2524,#2525,#2526,#2527,#2528,#2529,#2530,
    #2531,#2532,#2533,#2534,#2535,#2536,#2537,#2538,#2539,#2540,#2541,
    #2542,#2543,#2544,#2545,#2546,#2547,#2548,#2549,#2550,#2551,#2552,
    #2553,#2554,#2555,#2556,#2557,#2558,#2559,#2560,#2561,#2562,#2563,
    #2564,#2565,#2566,#2567,#2568,#2569,#2570,#2571,#2572,#2573,#2574,
    #2575,#2576,#2577,#2578,#2579,#2580,#2581,#2582),.UNSPECIFIED.,.F.,
  .F.,(8,6,6,6,6,6,6,6,6,6,6,8),(0.,0.202375360083,0.247235240628,
    0.26866851019,0.29079554467,0.333597678576,0.426503966769,
    0.609950314055,0.637523248602,0.726095045887,0.783658808812,1.),
  .UNSPECIFIED.);
#2515 = CARTESIAN_POINT('',(7.28956637171,-2.841449974022));
#2516 = CARTESIAN_POINT('',(7.28870170803,-2.739760886646));
#2517 = CARTESIAN_POINT('',(7.291137156408,-2.638039336128));
#2518 = CARTESIAN_POINT('',(7.296620948463,-2.536425319013));
#2519 = CARTESIAN_POINT('',(7.304785018706,-2.435004608384));
#2520 = CARTESIAN_POINT('',(7.315177785671,-2.333811557584));
#2521 = CARTESIAN_POINT('',(7.327273288968,-2.232829473245));
#2522 = CARTESIAN_POINT('',(7.343379001701,-2.109635483517));
#2523 = CARTESIAN_POINT('',(7.346354751112,-2.087289373887));
#2524 = CARTESIAN_POINT('',(7.349377239678,-2.064949496469));
#2525 = CARTESIAN_POINT('',(7.352439518276,-2.042615030749));
#2526 = CARTESIAN_POINT('',(7.35553437948,-2.020285067998));
#2527 = CARTESIAN_POINT('',(7.35865435756,-1.997958611267));
#2528 = CARTESIAN_POINT('',(7.36329070966,-1.964968539887));
#2529 = CARTESIAN_POINT('',(7.364793657937,-1.95430305955));
#2530 = CARTESIAN_POINT('',(7.366299728632,-1.943638017293));
#2531 = CARTESIAN_POINT('',(7.36780806037,-1.932973292983));
#2532 = CARTESIAN_POINT('',(7.369317775075,-1.922308763441));
#2533 = CARTESIAN_POINT('',(7.370827977972,-1.911644302441));
#2534 = CARTESIAN_POINT('',(7.373896406655,-1.889970063352));
#2535 = CARTESIAN_POINT('',(7.375454603405,-1.87896028227));
#2536 = CARTESIAN_POINT('',(7.377011345309,-1.867950294994));
#2537 = CARTESIAN_POINT('',(7.378565607508,-1.856939957278));
#2538 = CARTESIAN_POINT('',(7.380116342815,-1.845929123103));
#2539 = CARTESIAN_POINT('',(7.381662481711,-1.834917644678));
#2540 = CARTESIAN_POINT('',(7.386182752107,-1.802603432889));
#2541 = CARTESIAN_POINT('',(7.389141261943,-1.781298546084));
#2542 = CARTESIAN_POINT('',(7.392070600374,-1.759989601511));
#2543 = CARTESIAN_POINT('',(7.394962503421,-1.738675513355));
#2544 = CARTESIAN_POINT('',(7.397808304614,-1.717355220503));
#2545 = CARTESIAN_POINT('',(7.400598934986,-1.69602768654));
#2546 = CARTESIAN_POINT('',(7.409241951334,-1.628380452749));
#2547 = CARTESIAN_POINT('',(7.414853983089,-1.582032956181));
#2548 = CARTESIAN_POINT('',(7.420064105205,-1.535635064678));
#2549 = CARTESIAN_POINT('',(7.424764390917,-1.489178467094));
#2550 = CARTESIAN_POINT('',(7.428833450404,-1.442660647768));
#2551 = CARTESIAN_POINT('',(7.43213398136,-1.396084647799));
#2552 = CARTESIAN_POINT('',(7.43920247302,-1.257394695796));
#2553 = CARTESIAN_POINT('',(7.440290894701,-1.165148955046));
#2554 = CARTESIAN_POINT('',(7.436582493424,-1.072663552337));
#2555 = CARTESIAN_POINT('',(7.426557301388,-0.980408582709));
#2556 = CARTESIAN_POINT('',(7.408393505683,-0.889368119013));
#2557 = CARTESIAN_POINT('',(7.380387242838,-0.800947553114));
#2558 = CARTESIAN_POINT('',(7.336642708546,-0.704118284768));
#2559 = CARTESIAN_POINT('',(7.330702727824,-0.691567085824));
#2560 = CARTESIAN_POINT('',(7.32453857718,-0.679122828077));
#2561 = CARTESIAN_POINT('',(7.31815089108,-0.666791147873));
#2562 = CARTESIAN_POINT('',(7.311541027977,-0.654577420041));
#2563 = CARTESIAN_POINT('',(7.304711070312,-0.642486757891));
#2564 = CARTESIAN_POINT('',(7.275026146049,-0.592096409703));
#2565 = CARTESIAN_POINT('',(7.250141200848,-0.554980199942));
#2566 = CARTESIAN_POINT('',(7.22311173424,-0.519353779221));
#2567 = CARTESIAN_POINT('',(7.194098935597,-0.485317163004));
#2568 = CARTESIAN_POINT('',(7.163301488039,-0.452909259971));
#2569 = CARTESIAN_POINT('',(7.130934618154,-0.422125145067));
#2570 = CARTESIAN_POINT('',(7.075290598724,-0.373961259863));
#2571 = CARTESIAN_POINT('',(7.052793462379,-0.35565752484));
#2572 = CARTESIAN_POINT('',(7.029770526238,-0.338009150189));
#2573 = CARTESIAN_POINT('',(7.006271924348,-0.320998185472));
#2574 = CARTESIAN_POINT('',(6.982344092548,-0.304603083328));
#2575 = CARTESIAN_POINT('',(6.958028725769,-0.28880007571));
#2576 = CARTESIAN_POINT('',(6.8406560848,-0.216305059261));
#2577 = CARTESIAN_POINT('',(6.743165112584,-0.167171639067));
#2578 = CARTESIAN_POINT('',(6.642503656676,-0.124589194409));
#2579 = CARTESIAN_POINT('',(6.53981033595,-8.740026220847E-02));
#2580 = CARTESIAN_POINT('',(6.435812837458,-5.470435571606E-02));
#2581 = CARTESIAN_POINT('',(6.330864157638,-2.576722019615E-02));
#2582 = CARTESIAN_POINT('',(6.22494979745,9.947598300641E-14));
#2583 = ( GEOMETRIC_REPRESENTATION_CONTEXT(2) 
PARAMETRIC_REPRESENTATION_CONTEXT() REPRESENTATION_CONTEXT('2D SPACE',''
  ) );
#2584 = PCURVE('',#560,#2585);
#2585 = DEFINITIONAL_REPRESENTATION('',(#2586),#2655);
#2586 = B_SPLINE_CURVE_WITH_KNOTS('',7,(#2587,#2588,#2589,#2590,#2591,
    #2592,#2593,#2594,#2595,#2596,#2597,#2598,#2599,#2600,#2601,#2602,
    #2603,#2604,#2605,#2606,#2607,#2608,#2609,#2610,#2611,#2612,#2613,
    #2614,#2615,#2616,#2617,#2618,#2619,#2620,#2621,#2622,#2623,#2624,
    #2625,#2626,#2627,#2628,#2629,#2630,#2631,#2632,#2633,#2634,#2635,
    #2636,#2637,#2638,#2639,#2640,#2641,#2642,#2643,#2644,#2645,#2646,
    #2647,#2648,#2649,#2650,#2651,#2652,#2653,#2654),.UNSPECIFIED.,.F.,
  .F.,(8,6,6,6,6,6,6,6,6,6,6,8),(0.,0.202375360083,0.247235240628,
    0.26866851019,0.29079554467,0.333597678576,0.426503966769,
    0.609950314055,0.637523248602,0.726095045887,0.783658808812,1.),
  .UNSPECIFIED.);
#2587 = CARTESIAN_POINT('',(0.134102993833,0.871198305529));
#2588 = CARTESIAN_POINT('',(0.134072472188,0.875539874979));
#2589 = CARTESIAN_POINT('',(0.134078743474,0.879858279926));
#2590 = CARTESIAN_POINT('',(0.134119140339,0.88414916563));
#2591 = CARTESIAN_POINT('',(0.134189589753,0.888411348962));
#2592 = CARTESIAN_POINT('',(0.134285057942,0.892646478485));
#2593 = CARTESIAN_POINT('',(0.134399731765,0.896858972354));
#2594 = CARTESIAN_POINT('',(0.134555133569,0.901986627208));
#2595 = CARTESIAN_POINT('',(0.134583946118,0.902916270921));
#2596 = CARTESIAN_POINT('',(0.134613301494,0.903845244529));
#2597 = CARTESIAN_POINT('',(0.134643124545,0.904773633237));
#2598 = CARTESIAN_POINT('',(0.134673337633,0.905701528082));
#2599 = CARTESIAN_POINT('',(0.134703860633,0.906629025929));
#2600 = CARTESIAN_POINT('',(0.134749302889,0.907999231178));
#2601 = CARTESIAN_POINT('',(0.134764046703,0.908442165617));
#2602 = CARTESIAN_POINT('',(0.134778833342,0.908885043956));
#2603 = CARTESIAN_POINT('',(0.134793653617,0.909327877621));
#2604 = CARTESIAN_POINT('',(0.134808498175,0.909770678303));
#2605 = CARTESIAN_POINT('',(0.134823357504,0.910213457954));
#2606 = CARTESIAN_POINT('',(0.134853567503,0.911113331498));
#2607 = CARTESIAN_POINT('',(0.134868918496,0.911570424778));
#2608 = CARTESIAN_POINT('',(0.134884264273,0.912027522077));
#2609 = CARTESIAN_POINT('',(0.134899593981,0.912484637098));
#2610 = CARTESIAN_POINT('',(0.134914896548,0.912941783792));
#2611 = CARTESIAN_POINT('',(0.13493016069,0.913398976367));
#2612 = CARTESIAN_POINT('',(0.134974805006,0.914740731019));
#2613 = CARTESIAN_POINT('',(0.135004048023,0.915625457748));
#2614 = CARTESIAN_POINT('',(0.135033021142,0.916510514993));
#2615 = CARTESIAN_POINT('',(0.135061637598,0.917396010399));
#2616 = CARTESIAN_POINT('',(0.135089806679,0.91828205373));
#2617 = CARTESIAN_POINT('',(0.135117433725,0.91916875687));
#2618 = CARTESIAN_POINT('',(0.135202996799,0.921982590799));
#2619 = CARTESIAN_POINT('',(0.13525855095,0.923912476298));
#2620 = CARTESIAN_POINT('',(0.135310072409,0.925847226866));
#2621 = CARTESIAN_POINT('',(0.135356443546,0.927788008464));
#2622 = CARTESIAN_POINT('',(0.135396410482,0.929735845672));
#2623 = CARTESIAN_POINT('',(0.135428554297,0.93169165088));
#2624 = CARTESIAN_POINT('',(0.135496099782,0.93753542227));
#2625 = CARTESIAN_POINT('',(0.135504139398,0.941448356241));
#2626 = CARTESIAN_POINT('',(0.135463034047,0.945406609037));
#2627 = CARTESIAN_POINT('',(0.135356857952,0.949401784281));
#2628 = CARTESIAN_POINT('',(0.135166548932,0.953406071326));
#2629 = CARTESIAN_POINT('',(0.134872618874,0.957372899107));
#2630 = CARTESIAN_POINT('',(0.134409857714,0.961815178913));
#2631 = CARTESIAN_POINT('',(0.134346967604,0.962393021954));
#2632 = CARTESIAN_POINT('',(0.134281643776,0.962968005869));
#2633 = CARTESIAN_POINT('',(0.13421388294,0.963539886629));
#2634 = CARTESIAN_POINT('',(0.134143689032,0.964108425751));
#2635 = CARTESIAN_POINT('',(0.134071073213,0.964673390297));
#2636 = CARTESIAN_POINT('',(0.133755071247,0.967037160346));
#2637 = CARTESIAN_POINT('',(0.133489234315,0.968800937928));
#2638 = CARTESIAN_POINT('',(0.133199255997,0.970517529306));
#2639 = CARTESIAN_POINT('',(0.132886448174,0.972181452555));
#2640 = CARTESIAN_POINT('',(0.132552530921,0.973789528309));
#2641 = CARTESIAN_POINT('',(0.13219944175,0.975340307927));
#2642 = CARTESIAN_POINT('',(0.131588484894,0.977803944324));
#2643 = CARTESIAN_POINT('',(0.131340504172,0.978750278749));
#2644 = CARTESIAN_POINT('',(0.131085683284,0.979672647664));
#2645 = CARTESIAN_POINT('',(0.130824484212,0.98057142469));
#2646 = CARTESIAN_POINT('',(0.130557338085,0.981447163954));
#2647 = CARTESIAN_POINT('',(0.130284632969,0.982300549704));
#2648 = CARTESIAN_POINT('',(0.12896215574,0.986258475518));
#2649 = CARTESIAN_POINT('',(0.127845833368,0.989073606823));
#2650 = CARTESIAN_POINT('',(0.126672207859,0.991631888749));
#2651 = CARTESIAN_POINT('',(0.125451880695,0.993973367462));
#2652 = CARTESIAN_POINT('',(0.124191850397,0.996130373788));
#2653 = CARTESIAN_POINT('',(0.122895227612,0.99813104772));
#2654 = CARTESIAN_POINT('',(0.121560396388,1.));
#2655 = ( GEOMETRIC_REPRESENTATION_CONTEXT(2) 
PARAMETRIC_REPRESENTATION_CONTEXT() REPRESENTATION_CONTEXT('2D SPACE',''
  ) );
#2656 = ORIENTED_EDGE('',*,*,#2657,.T.);
#2657 = EDGE_CURVE('',#2440,#2658,#2660,.T.);
#2658 = VERTEX_POINT('',#2659);
#2659 = CARTESIAN_POINT('',(8.467997105377,13.795379683862,
    43.760408843454));
#2660 = SURFACE_CURVE('',#2661,(#2665,#2672),.PCURVE_S1.);
#2661 = LINE('',#2662,#2663);
#2662 = CARTESIAN_POINT('',(8.467997105377,0.,43.760408843454));
#2663 = VECTOR('',#2664,1.);
#2664 = DIRECTION('',(0.,1.,0.));
#2665 = PCURVE('',#2424,#2666);
#2666 = DEFINITIONAL_REPRESENTATION('',(#2667),#2671);
#2667 = LINE('',#2668,#2669);
#2668 = CARTESIAN_POINT('',(0.,-2.841449974022));
#2669 = VECTOR('',#2670,1.);
#2670 = DIRECTION('',(1.,0.));
#2671 = ( GEOMETRIC_REPRESENTATION_CONTEXT(2) 
PARAMETRIC_REPRESENTATION_CONTEXT() REPRESENTATION_CONTEXT('2D SPACE',''
  ) );
#2672 = PCURVE('',#2673,#2678);
#2673 = PLANE('',#2674);
#2674 = AXIS2_PLACEMENT_3D('',#2675,#2676,#2677);
#2675 = CARTESIAN_POINT('',(8.467997105377,0.,43.760408843454));
#2676 = DIRECTION('',(0.983055534489,0.,-0.183307981578));
#2677 = DIRECTION('',(0.,1.,0.));
#2678 = DEFINITIONAL_REPRESENTATION('',(#2679),#2683);
#2679 = LINE('',#2680,#2681);
#2680 = CARTESIAN_POINT('',(0.,0.));
#2681 = VECTOR('',#2682,1.);
#2682 = DIRECTION('',(1.,0.));
#2683 = ( GEOMETRIC_REPRESENTATION_CONTEXT(2) 
PARAMETRIC_REPRESENTATION_CONTEXT() REPRESENTATION_CONTEXT('2D SPACE',''
  ) );
#2684 = ORIENTED_EDGE('',*,*,#2685,.T.);
#2685 = EDGE_CURVE('',#2658,#2295,#2686,.T.);
#2686 = SURFACE_CURVE('',#2687,(#2696,#2708),.PCURVE_S1.);
#2687 = B_SPLINE_CURVE_WITH_KNOTS('',4,(#2688,#2689,#2690,#2691,#2692,
    #2693,#2694,#2695),.UNSPECIFIED.,.F.,.F.,(5,3,5),(0.,0.496006228142,
    1.),.UNSPECIFIED.);
#2688 = CARTESIAN_POINT('',(8.467997105377,13.795379683862,
    43.760408843454));
#2689 = CARTESIAN_POINT('',(8.542379955532,13.793025575582,
    44.104806896529));
#2690 = CARTESIAN_POINT('',(8.616763879328,13.791446751812,
    44.449209920642));
#2691 = CARTESIAN_POINT('',(8.691148350512,13.790647899432,
    44.793615479201));
#2692 = CARTESIAN_POINT('',(8.841115175445,13.790609913108,
    45.487972880476));
#2693 = CARTESIAN_POINT('',(8.916697530813,13.791396103604,
    45.837924730687));
#2694 = CARTESIAN_POINT('',(8.992279329849,13.792987665543,
    46.187874005041));
#2695 = CARTESIAN_POINT('',(9.067860020344,13.795379680657,
    46.537818146765));
#2696 = PCURVE('',#2424,#2697);
#2697 = DEFINITIONAL_REPRESENTATION('',(#2698),#2707);
#2698 = B_SPLINE_CURVE_WITH_KNOTS('',4,(#2699,#2700,#2701,#2702,#2703,
    #2704,#2705,#2706),.UNSPECIFIED.,.F.,.F.,(5,3,5),(0.,0.496006228142,
    1.),.UNSPECIFIED.);
#2699 = CARTESIAN_POINT('',(13.795379683862,-2.841449974022));
#2700 = CARTESIAN_POINT('',(13.793025575582,-2.489110893932));
#2701 = CARTESIAN_POINT('',(13.791446751812,-2.136766728182));
#2702 = CARTESIAN_POINT('',(13.790647899432,-1.784419969549));
#2703 = CARTESIAN_POINT('',(13.790609913108,-1.074052283568));
#2704 = CARTESIAN_POINT('',(13.791396103604,-0.716031348553));
#2705 = CARTESIAN_POINT('',(13.792987665543,-0.358013048788));
#2706 = CARTESIAN_POINT('',(13.795379680657,0.));
#2707 = ( GEOMETRIC_REPRESENTATION_CONTEXT(2) 
PARAMETRIC_REPRESENTATION_CONTEXT() REPRESENTATION_CONTEXT('2D SPACE',''
  ) );
#2708 = PCURVE('',#99,#2709);
#2709 = DEFINITIONAL_REPRESENTATION('',(#2710),#2719);
#2710 = B_SPLINE_CURVE_WITH_KNOTS('',4,(#2711,#2712,#2713,#2714,#2715,
    #2716,#2717,#2718),.UNSPECIFIED.,.F.,.F.,(5,3,5),(0.,0.496006228142,
    1.),.UNSPECIFIED.);
#2711 = CARTESIAN_POINT('',(0.179920799778,0.874999999978));
#2712 = CARTESIAN_POINT('',(0.179863158551,0.890497890544));
#2713 = CARTESIAN_POINT('',(0.179824559492,0.905998065785));
#2714 = CARTESIAN_POINT('',(0.179805029587,0.921499394516));
#2715 = CARTESIAN_POINT('',(0.179804100916,0.952751717458));
#2716 = CARTESIAN_POINT('',(0.179823321298,0.968502712644));
#2717 = CARTESIAN_POINT('',(0.179862230288,0.984252535743));
#2718 = CARTESIAN_POINT('',(0.179920799678,1.));
#2719 = ( GEOMETRIC_REPRESENTATION_CONTEXT(2) 
PARAMETRIC_REPRESENTATION_CONTEXT() REPRESENTATION_CONTEXT('2D SPACE',''
  ) );
#2720 = ORIENTED_EDGE('',*,*,#2410,.F.);
#2721 = ORIENTED_EDGE('',*,*,#2722,.F.);
#2722 = EDGE_CURVE('',#1939,#2242,#2723,.T.);
#2723 = SURFACE_CURVE('',#2724,(#2728,#2735),.PCURVE_S1.);
#2724 = LINE('',#2725,#2726);
#2725 = CARTESIAN_POINT('',(9.067860020344,0.,46.537818146765));
#2726 = VECTOR('',#2727,1.);
#2727 = DIRECTION('',(0.,1.,0.));
#2728 = PCURVE('',#2424,#2729);
#2729 = DEFINITIONAL_REPRESENTATION('',(#2730),#2734);
#2730 = LINE('',#2731,#2732);
#2731 = CARTESIAN_POINT('',(0.,0.));
#2732 = VECTOR('',#2733,1.);
#2733 = DIRECTION('',(1.,0.));
#2734 = ( GEOMETRIC_REPRESENTATION_CONTEXT(2) 
PARAMETRIC_REPRESENTATION_CONTEXT() REPRESENTATION_CONTEXT('2D SPACE',''
  ) );
#2735 = PCURVE('',#1987,#2736);
#2736 = DEFINITIONAL_REPRESENTATION('',(#2737),#2741);
#2737 = LINE('',#2738,#2739);
#2738 = CARTESIAN_POINT('',(0.,-21.));
#2739 = VECTOR('',#2740,1.);
#2740 = DIRECTION('',(1.,0.));
#2741 = ( GEOMETRIC_REPRESENTATION_CONTEXT(2) 
PARAMETRIC_REPRESENTATION_CONTEXT() REPRESENTATION_CONTEXT('2D SPACE',''
  ) );
#2742 = ADVANCED_FACE('',(#2743),#2673,.F.);
#2743 = FACE_BOUND('',#2744,.F.);
#2744 = EDGE_LOOP('',(#2745,#2900,#2928,#2973));
#2745 = ORIENTED_EDGE('',*,*,#2746,.F.);
#2746 = EDGE_CURVE('',#2747,#2440,#2749,.T.);
#2747 = VERTEX_POINT('',#2748);
#2748 = CARTESIAN_POINT('',(7.947136645886,8.288613354659,
    40.967105720517));
#2749 = SURFACE_CURVE('',#2750,(#2798,#2849),.PCURVE_S1.);
#2750 = B_SPLINE_CURVE_WITH_KNOTS('',6,(#2751,#2752,#2753,#2754,#2755,
    #2756,#2757,#2758,#2759,#2760,#2761,#2762,#2763,#2764,#2765,#2766,
    #2767,#2768,#2769,#2770,#2771,#2772,#2773,#2774,#2775,#2776,#2777,
    #2778,#2779,#2780,#2781,#2782,#2783,#2784,#2785,#2786,#2787,#2788,
    #2789,#2790,#2791,#2792,#2793,#2794,#2795,#2796,#2797),
  .UNSPECIFIED.,.F.,.F.,(7,5,5,5,5,5,5,5,5,7),(0.,6.35953058101E-02,
    8.356494182548E-02,0.101139034835,0.117913109309,0.167412533361,
    0.299460294739,0.625497207019,0.853247569458,1.),.UNSPECIFIED.);
#2751 = CARTESIAN_POINT('',(7.947136645886,8.288613354659,
    40.967105720517));
#2752 = CARTESIAN_POINT('',(7.952356005354,8.273272449807,
    40.995096428658));
#2753 = CARTESIAN_POINT('',(7.95757204524,8.257897901493,41.023069334331
    ));
#2754 = CARTESIAN_POINT('',(7.962785294506,8.242495176379,
    41.051027274295));
#2755 = CARTESIAN_POINT('',(7.967996300245,8.227069870634,
    41.078973182529));
#2756 = CARTESIAN_POINT('',(7.973205627677,8.211627709936,
    41.106910090233));
#2757 = CARTESIAN_POINT('',(7.980049303294,8.19132208456,41.143611782836
    ));
#2758 = CARTESIAN_POINT('',(7.981684638422,8.186468535311,
    41.152381860574));
#2759 = CARTESIAN_POINT('',(7.983319883571,8.181614083196,
    41.161151455767));
#2760 = CARTESIAN_POINT('',(7.984955056934,8.17675891109,41.16992066598)
  );
#2761 = CARTESIAN_POINT('',(7.986590176861,8.171903203273,
    41.178689589624));
#2762 = CARTESIAN_POINT('',(7.989664203251,8.162773616745,
    41.195175171048));
#2763 = CARTESIAN_POINT('',(7.99110311759,8.158499816989,41.202891871063
    ));
#2764 = CARTESIAN_POINT('',(7.992542017489,8.154225872715,
    41.210608493639));
#2765 = CARTESIAN_POINT('',(7.99398091565,8.149951911368,41.218325106899
    ));
#2766 = CARTESIAN_POINT('',(7.995419824865,8.145678061277,
    41.226041779439));
#2767 = CARTESIAN_POINT('',(7.998232187174,8.137325387894,
    41.241124092325));
#2768 = CARTESIAN_POINT('',(7.999605638137,8.133246543216,
    41.248489721243));
#2769 = CARTESIAN_POINT('',(8.000979122101,8.129168029985,
    41.255855527144));
#2770 = CARTESIAN_POINT('',(8.002352650335,8.125089961336,
    41.263221570462));
#2771 = CARTESIAN_POINT('',(8.003726234177,8.121012451172,
    41.270587911995));
#2772 = CARTESIAN_POINT('',(8.009153457486,8.10490507956,41.299693365367
    ));
#2773 = CARTESIAN_POINT('',(8.013207613309,8.092880407987,
    41.321435246355));
#2774 = CARTESIAN_POINT('',(8.01726264595,8.080864543965,41.343181829597
    ));
#2775 = CARTESIAN_POINT('',(8.021318853324,8.068860496164,
    41.364934712769));
#2776 = CARTESIAN_POINT('',(8.025376537812,8.056871337411,
    41.386695517501));
#2777 = CARTESIAN_POINT('',(8.040265298346,8.012965261867,
    41.466541895815));
#2778 = CARTESIAN_POINT('',(8.051107239079,7.981158788842,
    41.524685735215));
#2779 = CARTESIAN_POINT('',(8.06196773288,7.949539984265,41.582929072178
    ));
#2780 = CARTESIAN_POINT('',(8.072852755032,7.918172163185,
    41.641303951315));
#2781 = CARTESIAN_POINT('',(8.083768351675,7.887122757054,
    41.699842797249));
#2782 = CARTESIAN_POINT('',(8.121762750698,7.780762596572,
    41.903601542057));
#2783 = CARTESIAN_POINT('',(8.14902318366,7.707453965941,42.049795500798
    ));
#2784 = CARTESIAN_POINT('',(8.176605011467,7.637586403149,
    42.197713055963));
#2785 = CARTESIAN_POINT('',(8.20458722488,7.57243152691,42.34777782415)
  );
#2786 = CARTESIAN_POINT('',(8.233027531331,7.513517573485,
    42.500299282404));
#2787 = CARTESIAN_POINT('',(8.282120189728,7.426379544147,
    42.763576468288));
#2788 = CARTESIAN_POINT('',(8.302535116597,7.394258657139,
    42.873058917833));
#2789 = CARTESIAN_POINT('',(8.323165985127,7.366337103647,42.98369943286
    ));
#2790 = CARTESIAN_POINT('',(8.3439921463,7.343045539843,43.095387275509)
  );
#2791 = CARTESIAN_POINT('',(8.36497743055,7.32466415668,43.207928473374)
  );
#2792 = CARTESIAN_POINT('',(8.399654755648,7.302566087851,
    43.393898206204));
#2793 = CARTESIAN_POINT('',(8.413287928818,7.295957862351,
    43.467011041887));
#2794 = CARTESIAN_POINT('',(8.426951404938,7.291410584055,
    43.540286388138));
#2795 = CARTESIAN_POINT('',(8.440632001617,7.288888719955,
    43.613653549593));
#2796 = CARTESIAN_POINT('',(8.454317591656,7.288313720233,
    43.687047489753));
#2797 = CARTESIAN_POINT('',(8.467997105377,7.28956637171,43.760408843454
    ));
#2798 = PCURVE('',#2673,#2799);
#2799 = DEFINITIONAL_REPRESENTATION('',(#2800),#2848);
#2800 = B_SPLINE_CURVE_WITH_KNOTS('',6,(#2801,#2802,#2803,#2804,#2805,
    #2806,#2807,#2808,#2809,#2810,#2811,#2812,#2813,#2814,#2815,#2816,
    #2817,#2818,#2819,#2820,#2821,#2822,#2823,#2824,#2825,#2826,#2827,
    #2828,#2829,#2830,#2831,#2832,#2833,#2834,#2835,#2836,#2837,#2838,
    #2839,#2840,#2841,#2842,#2843,#2844,#2845,#2846,#2847),
  .UNSPECIFIED.,.F.,.F.,(7,5,5,5,5,5,5,5,5,7),(0.,6.35953058101E-02,
    8.356494182548E-02,0.101139034835,0.117913109309,0.167412533361,
    0.299460294739,0.625497207019,0.853247569458,1.),.UNSPECIFIED.);
#2801 = CARTESIAN_POINT('',(8.288613354659,-2.841449974022));
#2802 = CARTESIAN_POINT('',(8.273272449807,-2.812976803221));
#2803 = CARTESIAN_POINT('',(8.257897901493,-2.78452174174));
#2804 = CARTESIAN_POINT('',(8.242495176379,-2.756081903925));
#2805 = CARTESIAN_POINT('',(8.227069870634,-2.727654305226));
#2806 = CARTESIAN_POINT('',(8.211627709936,-2.699235862193));
#2807 = CARTESIAN_POINT('',(8.19132208456,-2.661901559791));
#2808 = CARTESIAN_POINT('',(8.186468535311,-2.652980316351));
#2809 = CARTESIAN_POINT('',(8.181614083196,-2.644059563774));
#2810 = CARTESIAN_POINT('',(8.17675891109,-2.635139202812));
#2811 = CARTESIAN_POINT('',(8.171903203273,-2.626219133359));
#2812 = CARTESIAN_POINT('',(8.162773616745,-2.609449397727));
#2813 = CARTESIAN_POINT('',(8.158499816989,-2.601599688587));
#2814 = CARTESIAN_POINT('',(8.154225872715,-2.593750058219));
#2815 = CARTESIAN_POINT('',(8.149951911368,-2.585900437329));
#2816 = CARTESIAN_POINT('',(8.145678061277,-2.578050756137));
#2817 = CARTESIAN_POINT('',(8.137325387894,-2.562708476524));
#2818 = CARTESIAN_POINT('',(8.133246543216,-2.555215889727));
#2819 = CARTESIAN_POINT('',(8.129168029985,-2.547723122896));
#2820 = CARTESIAN_POINT('',(8.125089961336,-2.540230114558));
#2821 = CARTESIAN_POINT('',(8.121012451172,-2.532736802863));
#2822 = CARTESIAN_POINT('',(8.10490507956,-2.503129672491));
#2823 = CARTESIAN_POINT('',(8.092880407987,-2.481013036935));
#2824 = CARTESIAN_POINT('',(8.080864543965,-2.458891618074));
#2825 = CARTESIAN_POINT('',(8.068860496164,-2.436763790694));
#2826 = CARTESIAN_POINT('',(8.056871337411,-2.414627905215));
#2827 = CARTESIAN_POINT('',(8.012965261867,-2.333405252462));
#2828 = CARTESIAN_POINT('',(7.981158788842,-2.274259215071));
#2829 = CARTESIAN_POINT('',(7.949539984265,-2.215011965125));
#2830 = CARTESIAN_POINT('',(7.918172163185,-2.155630905674));
#2831 = CARTESIAN_POINT('',(7.887122757054,-2.096083053208));
#2832 = CARTESIAN_POINT('',(7.780762596572,-1.888812214827));
#2833 = CARTESIAN_POINT('',(7.707453965941,-1.740098379635));
#2834 = CARTESIAN_POINT('',(7.637586403149,-1.589631239198));
#2835 = CARTESIAN_POINT('',(7.57243152691,-1.436979875239));
#2836 = CARTESIAN_POINT('',(7.513517573485,-1.281829476403));
#2837 = CARTESIAN_POINT('',(7.426379544147,-1.014014305594));
#2838 = CARTESIAN_POINT('',(7.394258657139,-0.902644758601));
#2839 = CARTESIAN_POINT('',(7.366337103647,-0.790097185097));
#2840 = CARTESIAN_POINT('',(7.343045539843,-0.676484231677));
#2841 = CARTESIAN_POINT('',(7.32466415668,-0.562003214159));
#2842 = CARTESIAN_POINT('',(7.302566087851,-0.372828008583));
#2843 = CARTESIAN_POINT('',(7.295957862351,-0.298454961366));
#2844 = CARTESIAN_POINT('',(7.291410584055,-0.223916602463));
#2845 = CARTESIAN_POINT('',(7.288888719955,-0.149284845782));
#2846 = CARTESIAN_POINT('',(7.288313720233,-7.462584882278E-02));
#2847 = CARTESIAN_POINT('',(7.28956637171,0.));
#2848 = ( GEOMETRIC_REPRESENTATION_CONTEXT(2) 
PARAMETRIC_REPRESENTATION_CONTEXT() REPRESENTATION_CONTEXT('2D SPACE',''
  ) );
#2849 = PCURVE('',#560,#2850);
#2850 = DEFINITIONAL_REPRESENTATION('',(#2851),#2899);
#2851 = B_SPLINE_CURVE_WITH_KNOTS('',6,(#2852,#2853,#2854,#2855,#2856,
    #2857,#2858,#2859,#2860,#2861,#2862,#2863,#2864,#2865,#2866,#2867,
    #2868,#2869,#2870,#2871,#2872,#2873,#2874,#2875,#2876,#2877,#2878,
    #2879,#2880,#2881,#2882,#2883,#2884,#2885,#2886,#2887,#2888,#2889,
    #2890,#2891,#2892,#2893,#2894,#2895,#2896,#2897,#2898),
  .UNSPECIFIED.,.F.,.F.,(7,5,5,5,5,5,5,5,5,7),(0.,6.35953058101E-02,
    8.356494182548E-02,0.101139034835,0.117913109309,0.167412533361,
    0.299460294739,0.625497207019,0.853247569458,1.),.UNSPECIFIED.);
#2852 = CARTESIAN_POINT('',(0.1441560011,0.742332469901));
#2853 = CARTESIAN_POINT('',(0.144008447369,0.743661177362));
#2854 = CARTESIAN_POINT('',(0.14386030787,0.744989368405));
#2855 = CARTESIAN_POINT('',(0.143711627497,0.746317128037));
#2856 = CARTESIAN_POINT('',(0.143562453596,0.747644544475));
#2857 = CARTESIAN_POINT('',(0.143412835961,0.748971709142));
#2858 = CARTESIAN_POINT('',(0.143215722298,0.750715411852));
#2859 = CARTESIAN_POINT('',(0.143168579142,0.751132091532));
#2860 = CARTESIAN_POINT('',(0.143121398982,0.751548758641));
#2861 = CARTESIAN_POINT('',(0.143074183449,0.751965416134));
#2862 = CARTESIAN_POINT('',(0.143026934202,0.752382066992));
#2863 = CARTESIAN_POINT('',(0.142938043468,0.753165380757));
#2864 = CARTESIAN_POINT('',(0.142896409207,0.753532044481));
#2865 = CARTESIAN_POINT('',(0.142854751282,0.753898707446));
#2866 = CARTESIAN_POINT('',(0.142813070855,0.754265371718));
#2867 = CARTESIAN_POINT('',(0.142771369102,0.754632039375));
#2868 = CARTESIAN_POINT('',(0.142689824611,0.755348693732));
#2869 = CARTESIAN_POINT('',(0.142649983666,0.755698679943));
#2870 = CARTESIAN_POINT('',(0.142610125411,0.756048672967));
#2871 = CARTESIAN_POINT('',(0.142570250896,0.756398674636));
#2872 = CARTESIAN_POINT('',(0.14253036118,0.75674868679));
#2873 = CARTESIAN_POINT('',(0.142372703168,0.758131615414));
#2874 = CARTESIAN_POINT('',(0.142254825999,0.759164626942));
#2875 = CARTESIAN_POINT('',(0.142136853395,0.760197793577));
#2876 = CARTESIAN_POINT('',(0.142018813977,0.761231163622));
#2877 = CARTESIAN_POINT('',(0.141900737429,0.762264785972));
#2878 = CARTESIAN_POINT('',(0.141467649081,0.766056870866));
#2879 = CARTESIAN_POINT('',(0.141152600654,0.768817166965));
#2880 = CARTESIAN_POINT('',(0.140838088041,0.771580559109));
#2881 = CARTESIAN_POINT('',(0.140524756069,0.774347995221));
#2882 = CARTESIAN_POINT('',(0.140213315566,0.77712041045));
#2883 = CARTESIAN_POINT('',(0.139142159103,0.78675862238));
#2884 = CARTESIAN_POINT('',(0.138396190953,0.793653136551));
#2885 = CARTESIAN_POINT('',(0.13767809192,0.800598918235));
#2886 = CARTESIAN_POINT('',(0.137002462822,0.807605388409));
#2887 = CARTESIAN_POINT('',(0.136387923187,0.814675080871));
#2888 = CARTESIAN_POINT('',(0.135477228261,0.826775171938));
#2889 = CARTESIAN_POINT('',(0.1351409501,0.831777711831));
#2890 = CARTESIAN_POINT('',(0.134848986452,0.836800806092));
#2891 = CARTESIAN_POINT('',(0.134606911751,0.841836353844));
#2892 = CARTESIAN_POINT('',(0.134418545239,0.846873623381));
#2893 = CARTESIAN_POINT('',(0.134198426247,0.855137160408));
#2894 = CARTESIAN_POINT('',(0.134134791428,0.85837075562));
#2895 = CARTESIAN_POINT('',(0.134094001376,0.86159631882));
#2896 = CARTESIAN_POINT('',(0.134075743161,0.864810920746));
#2897 = CARTESIAN_POINT('',(0.134079185156,0.86801218787));
#2898 = CARTESIAN_POINT('',(0.134102995163,0.871198304629));
#2899 = ( GEOMETRIC_REPRESENTATION_CONTEXT(2) 
PARAMETRIC_REPRESENTATION_CONTEXT() REPRESENTATION_CONTEXT('2D SPACE',''
  ) );
#2900 = ORIENTED_EDGE('',*,*,#2901,.T.);
#2901 = EDGE_CURVE('',#2747,#2902,#2904,.T.);
#2902 = VERTEX_POINT('',#2903);
#2903 = CARTESIAN_POINT('',(7.947136645886,13.795379676499,
    40.967105720517));
#2904 = SURFACE_CURVE('',#2905,(#2909,#2916),.PCURVE_S1.);
#2905 = LINE('',#2906,#2907);
#2906 = CARTESIAN_POINT('',(7.947136645886,0.,40.967105720517));
#2907 = VECTOR('',#2908,1.);
#2908 = DIRECTION('',(0.,1.,0.));
#2909 = PCURVE('',#2673,#2910);
#2910 = DEFINITIONAL_REPRESENTATION('',(#2911),#2915);
#2911 = LINE('',#2912,#2913);
#2912 = CARTESIAN_POINT('',(0.,-2.841449974022));
#2913 = VECTOR('',#2914,1.);
#2914 = DIRECTION('',(1.,0.));
#2915 = ( GEOMETRIC_REPRESENTATION_CONTEXT(2) 
PARAMETRIC_REPRESENTATION_CONTEXT() REPRESENTATION_CONTEXT('2D SPACE',''
  ) );
#2916 = PCURVE('',#2917,#2922);
#2917 = PLANE('',#2918);
#2918 = AXIS2_PLACEMENT_3D('',#2919,#2920,#2921);
#2919 = CARTESIAN_POINT('',(7.947136645886,0.,40.967105720517));
#2920 = DIRECTION('',(0.98785839646,0.,-0.155356971337));
#2921 = DIRECTION('',(0.,1.,0.));
#2922 = DEFINITIONAL_REPRESENTATION('',(#2923),#2927);
#2923 = LINE('',#2924,#2925);
#2924 = CARTESIAN_POINT('',(0.,0.));
#2925 = VECTOR('',#2926,1.);
#2926 = DIRECTION('',(1.,0.));
#2927 = ( GEOMETRIC_REPRESENTATION_CONTEXT(2) 
PARAMETRIC_REPRESENTATION_CONTEXT() REPRESENTATION_CONTEXT('2D SPACE',''
  ) );
#2928 = ORIENTED_EDGE('',*,*,#2929,.T.);
#2929 = EDGE_CURVE('',#2902,#2658,#2930,.T.);
#2930 = SURFACE_CURVE('',#2931,(#2943,#2958),.PCURVE_S1.);
#2931 = B_SPLINE_CURVE_WITH_KNOTS('',4,(#2932,#2933,#2934,#2935,#2936,
    #2937,#2938,#2939,#2940,#2941,#2942),.UNSPECIFIED.,.F.,.F.,(5,3,3,5)
  ,(0.,0.504004182534,0.767416132387,1.),.UNSPECIFIED.);
#2932 = CARTESIAN_POINT('',(7.947136645886,13.795379676499,
    40.967105720517));
#2933 = CARTESIAN_POINT('',(8.012764650875,13.792987607624,
    41.319059699647));
#2934 = CARTESIAN_POINT('',(8.078393618443,13.791396027638,
    41.671018840951));
#2935 = CARTESIAN_POINT('',(8.144023069098,13.79060985423,
    42.022980572984));
#2936 = CARTESIAN_POINT('',(8.243952979427,13.790639083353,
    42.55889096033));
#2937 = CARTESIAN_POINT('',(8.278253445403,13.790869103476,
    42.742839649429));
#2938 = CARTESIAN_POINT('',(8.31255383937,13.791319105263,
    42.926787952358));
#2939 = CARTESIAN_POINT('',(8.377140058158,13.792579953702,
    43.273154975139));
#2940 = CARTESIAN_POINT('',(8.407425914154,13.793342405706,
    43.43557386218));
#2941 = CARTESIAN_POINT('',(8.437711612203,13.794275810158,
    43.597991902174));
#2942 = CARTESIAN_POINT('',(8.467997105377,13.795379683862,
    43.760408843454));
#2943 = PCURVE('',#2673,#2944);
#2944 = DEFINITIONAL_REPRESENTATION('',(#2945),#2957);
#2945 = B_SPLINE_CURVE_WITH_KNOTS('',4,(#2946,#2947,#2948,#2949,#2950,
    #2951,#2952,#2953,#2954,#2955,#2956),.UNSPECIFIED.,.F.,.F.,(5,3,3,5)
  ,(0.,0.504004182534,0.767416132387,1.),.UNSPECIFIED.);
#2946 = CARTESIAN_POINT('',(13.795379676499,-2.841449974022));
#2947 = CARTESIAN_POINT('',(13.792987607624,-2.483429529823));
#2948 = CARTESIAN_POINT('',(13.791396027638,-2.125403834472));
#2949 = CARTESIAN_POINT('',(13.79060985423,-1.767375503737));
#2950 = CARTESIAN_POINT('',(13.790639083353,-1.222227881305));
#2951 = CARTESIAN_POINT('',(13.790869103476,-1.035108555239));
#2952 = CARTESIAN_POINT('',(13.791319105263,-0.847989622));
#2953 = CARTESIAN_POINT('',(13.792579953702,-0.495652433886));
#2954 = CARTESIAN_POINT('',(13.793342405706,-0.330434008942));
#2955 = CARTESIAN_POINT('',(13.794275810158,-0.165216445645));
#2956 = CARTESIAN_POINT('',(13.795379683862,0.));
#2957 = ( GEOMETRIC_REPRESENTATION_CONTEXT(2) 
PARAMETRIC_REPRESENTATION_CONTEXT() REPRESENTATION_CONTEXT('2D SPACE',''
  ) );
#2958 = PCURVE('',#99,#2959);
#2959 = DEFINITIONAL_REPRESENTATION('',(#2960),#2972);
#2960 = B_SPLINE_CURVE_WITH_KNOTS('',4,(#2961,#2962,#2963,#2964,#2965,
    #2966,#2967,#2968,#2969,#2970,#2971),.UNSPECIFIED.,.F.,.F.,(5,3,3,5)
  ,(0.,0.504004182534,0.767416132387,1.),.UNSPECIFIED.);
#2961 = CARTESIAN_POINT('',(0.179920799592,0.750000000022));
#2962 = CARTESIAN_POINT('',(0.179862228886,0.765747789529));
#2963 = CARTESIAN_POINT('',(0.17982331942,0.781497937995));
#2964 = CARTESIAN_POINT('',(0.179804099477,0.797249258591));
#2965 = CARTESIAN_POINT('',(0.179804814056,0.821232795398));
#2966 = CARTESIAN_POINT('',(0.179810437471,0.829465025572));
#2967 = CARTESIAN_POINT('',(0.179821438994,0.837697080618));
#2968 = CARTESIAN_POINT('',(0.179852277221,0.853197113189));
#2969 = CARTESIAN_POINT('',(0.179870926766,0.860465166985));
#2970 = CARTESIAN_POINT('',(0.179893772959,0.86773283431));
#2971 = CARTESIAN_POINT('',(0.179920801723,0.874999999762));
#2972 = ( GEOMETRIC_REPRESENTATION_CONTEXT(2) 
PARAMETRIC_REPRESENTATION_CONTEXT() REPRESENTATION_CONTEXT('2D SPACE',''
  ) );
#2973 = ORIENTED_EDGE('',*,*,#2657,.F.);
#2974 = ADVANCED_FACE('',(#2975),#2917,.F.);
#2975 = FACE_BOUND('',#2976,.F.);
#2976 = EDGE_LOOP('',(#2977,#3045,#3073,#3118));
#2977 = ORIENTED_EDGE('',*,*,#2978,.F.);
#2978 = EDGE_CURVE('',#2979,#2747,#2981,.T.);
#2979 = VERTEX_POINT('',#2980);
#2980 = CARTESIAN_POINT('',(7.505697583717,9.243376024734,
    38.160155505558));
#2981 = SURFACE_CURVE('',#2982,(#3001,#3023),.PCURVE_S1.);
#2982 = B_SPLINE_CURVE_WITH_KNOTS('',5,(#2983,#2984,#2985,#2986,#2987,
    #2988,#2989,#2990,#2991,#2992,#2993,#2994,#2995,#2996,#2997,#2998,
    #2999,#3000),.UNSPECIFIED.,.F.,.F.,(6,4,4,4,6),(0.,0.313533399479,
    0.6196909865,0.93312975453,1.),.UNSPECIFIED.);
#2983 = CARTESIAN_POINT('',(7.505697583717,9.243376024734,
    38.160155505558));
#2984 = CARTESIAN_POINT('',(7.534858719567,9.220362036106,
    38.345580547334));
#2985 = CARTESIAN_POINT('',(7.563916491893,9.191814059615,
    38.530348338101));
#2986 = CARTESIAN_POINT('',(7.592819425469,9.157106671099,
    38.714131565658));
#2987 = CARTESIAN_POINT('',(7.621512442755,9.115863677577,
    38.896580011982));
#2988 = CARTESIAN_POINT('',(7.677704628585,9.021615569853,
    39.253885655298));
#2989 = CARTESIAN_POINT('',(7.705219748881,8.96890373235,39.428844283676
    ));
#2990 = CARTESIAN_POINT('',(7.732438201812,8.91012245883,39.601916512333
    ));
#2991 = CARTESIAN_POINT('',(7.759341497529,8.845731737631,
    39.772984771052));
#2992 = CARTESIAN_POINT('',(7.813167950554,8.70561376492,40.115247581114
    ));
#2993 = CARTESIAN_POINT('',(7.840078290062,8.629647119073,
    40.286360628736));
#2994 = CARTESIAN_POINT('',(7.866684226966,8.549402645524,
    40.455538091064));
#2995 = CARTESIAN_POINT('',(7.893042813275,8.465950216366,
    40.623142741053));
#2996 = CARTESIAN_POINT('',(7.924836691416,8.362294214618,
    40.825308432157));
#2997 = CARTESIAN_POINT('',(7.930419982617,8.34397830575,40.86081054735)
  );
#2998 = CARTESIAN_POINT('',(7.93599709367,8.325584486525,40.896273365237
    ));
#2999 = CARTESIAN_POINT('',(7.94156897649,8.307125209329,40.93170293869)
  );
#3000 = CARTESIAN_POINT('',(7.947136645886,8.288613354659,
    40.967105720517));
#3001 = PCURVE('',#2917,#3002);
#3002 = DEFINITIONAL_REPRESENTATION('',(#3003),#3022);
#3003 = B_SPLINE_CURVE_WITH_KNOTS('',5,(#3004,#3005,#3006,#3007,#3008,
    #3009,#3010,#3011,#3012,#3013,#3014,#3015,#3016,#3017,#3018,#3019,
    #3020,#3021),.UNSPECIFIED.,.F.,.F.,(6,4,4,4,6),(0.,0.313533399479,
    0.6196909865,0.93312975453,1.),.UNSPECIFIED.);
#3004 = CARTESIAN_POINT('',(9.243376024734,-2.841449974022));
#3005 = CARTESIAN_POINT('',(9.220362036106,-2.653745903843));
#3006 = CARTESIAN_POINT('',(9.191814059615,-2.466707162836));
#3007 = CARTESIAN_POINT('',(9.157106671099,-2.280665086142));
#3008 = CARTESIAN_POINT('',(9.115863677577,-2.095974196256));
#3009 = CARTESIAN_POINT('',(9.021615569853,-1.734276968601));
#3010 = CARTESIAN_POINT('',(8.96890373235,-1.557167952769));
#3011 = CARTESIAN_POINT('',(8.91012245883,-1.381968522083));
#3012 = CARTESIAN_POINT('',(8.845731737631,-1.208797691799));
#3013 = CARTESIAN_POINT('',(8.70561376492,-0.862328186364));
#3014 = CARTESIAN_POINT('',(8.629647119073,-0.689112016682));
#3015 = CARTESIAN_POINT('',(8.549402645524,-0.517855222253));
#3016 = CARTESIAN_POINT('',(8.465950216366,-0.348190571338));
#3017 = CARTESIAN_POINT('',(8.362294214618,-0.143540095289));
#3018 = CARTESIAN_POINT('',(8.34397830575,-0.107601629493));
#3019 = CARTESIAN_POINT('',(8.325584486525,-7.170294399928E-02));
#3020 = CARTESIAN_POINT('',(8.307125209329,-3.583791154063E-02));
#3021 = CARTESIAN_POINT('',(8.288613354659,0.));
#3022 = ( GEOMETRIC_REPRESENTATION_CONTEXT(2) 
PARAMETRIC_REPRESENTATION_CONTEXT() REPRESENTATION_CONTEXT('2D SPACE',''
  ) );
#3023 = PCURVE('',#560,#3024);
#3024 = DEFINITIONAL_REPRESENTATION('',(#3025),#3044);
#3025 = B_SPLINE_CURVE_WITH_KNOTS('',5,(#3026,#3027,#3028,#3029,#3030,
    #3031,#3032,#3033,#3034,#3035,#3036,#3037,#3038,#3039,#3040,#3041,
    #3042,#3043),.UNSPECIFIED.,.F.,.F.,(6,4,4,4,6),(0.,0.313533399479,
    0.6196909865,0.93312975453,1.),.UNSPECIFIED.);
#3026 = CARTESIAN_POINT('',(0.152457979562,0.613397492794));
#3027 = CARTESIAN_POINT('',(0.152240077977,0.621632699066));
#3028 = CARTESIAN_POINT('',(0.151981606202,0.629877773716));
#3029 = CARTESIAN_POINT('',(0.151676779311,0.638122913916));
#3030 = CARTESIAN_POINT('',(0.151321184675,0.646355727209));
#3031 = CARTESIAN_POINT('',(0.150515614879,0.662573675347));
#3032 = CARTESIAN_POINT('',(0.150068005515,0.670561160096));
#3033 = CARTESIAN_POINT('',(0.149569622236,0.678509450977));
#3034 = CARTESIAN_POINT('',(0.149021860547,0.68641038841));
#3035 = CARTESIAN_POINT('',(0.147821907786,0.702298595578));
#3036 = CARTESIAN_POINT('',(0.147167492294,0.710284027076));
#3037 = CARTESIAN_POINT('',(0.146470104576,0.718215956904));
#3038 = CARTESIAN_POINT('',(0.145736706318,0.726102675258));
#3039 = CARTESIAN_POINT('',(0.144815097001,0.735637582099));
#3040 = CARTESIAN_POINT('',(0.144651859269,0.737312823638));
#3041 = CARTESIAN_POINT('',(0.144487527227,0.738986932756));
#3042 = CARTESIAN_POINT('',(0.144322204188,0.74066008499));
#3043 = CARTESIAN_POINT('',(0.144156001165,0.742332469874));
#3044 = ( GEOMETRIC_REPRESENTATION_CONTEXT(2) 
PARAMETRIC_REPRESENTATION_CONTEXT() REPRESENTATION_CONTEXT('2D SPACE',''
  ) );
#3045 = ORIENTED_EDGE('',*,*,#3046,.T.);
#3046 = EDGE_CURVE('',#2979,#3047,#3049,.T.);
#3047 = VERTEX_POINT('',#3048);
#3048 = CARTESIAN_POINT('',(7.505697583717,13.795379680475,
    38.160155505558));
#3049 = SURFACE_CURVE('',#3050,(#3054,#3061),.PCURVE_S1.);
#3050 = LINE('',#3051,#3052);
#3051 = CARTESIAN_POINT('',(7.505697583717,0.,38.160155505558));
#3052 = VECTOR('',#3053,1.);
#3053 = DIRECTION('',(0.,1.,0.));
#3054 = PCURVE('',#2917,#3055);
#3055 = DEFINITIONAL_REPRESENTATION('',(#3056),#3060);
#3056 = LINE('',#3057,#3058);
#3057 = CARTESIAN_POINT('',(0.,-2.841449974022));
#3058 = VECTOR('',#3059,1.);
#3059 = DIRECTION('',(1.,0.));
#3060 = ( GEOMETRIC_REPRESENTATION_CONTEXT(2) 
PARAMETRIC_REPRESENTATION_CONTEXT() REPRESENTATION_CONTEXT('2D SPACE',''
  ) );
#3061 = PCURVE('',#3062,#3067);
#3062 = PLANE('',#3063);
#3063 = AXIS2_PLACEMENT_3D('',#3064,#3065,#3066);
#3064 = CARTESIAN_POINT('',(7.505697583717,0.,38.160155505558));
#3065 = DIRECTION('',(0.991866697788,0.,-0.127281003374));
#3066 = DIRECTION('',(0.,1.,0.));
#3067 = DEFINITIONAL_REPRESENTATION('',(#3068),#3072);
#3068 = LINE('',#3069,#3070);
#3069 = CARTESIAN_POINT('',(0.,0.));
#3070 = VECTOR('',#3071,1.);
#3071 = DIRECTION('',(1.,0.));
#3072 = ( GEOMETRIC_REPRESENTATION_CONTEXT(2) 
PARAMETRIC_REPRESENTATION_CONTEXT() REPRESENTATION_CONTEXT('2D SPACE',''
  ) );
#3073 = ORIENTED_EDGE('',*,*,#3074,.T.);
#3074 = EDGE_CURVE('',#3047,#2902,#3075,.T.);
#3075 = SURFACE_CURVE('',#3076,(#3088,#3103),.PCURVE_S1.);
#3076 = B_SPLINE_CURVE_WITH_KNOTS('',4,(#3077,#3078,#3079,#3080,#3081,
    #3082,#3083,#3084,#3085,#3086,#3087),.UNSPECIFIED.,.F.,.F.,(5,3,3,5)
  ,(0.,0.504012262007,0.767332298874,1.),.UNSPECIFIED.);
#3077 = CARTESIAN_POINT('',(7.505697583717,13.795379680475,
    38.160155505558));
#3078 = CARTESIAN_POINT('',(7.561319447239,13.792987572333,
    38.513834677045));
#3079 = CARTESIAN_POINT('',(7.61694212659,13.791395978437,
    38.867519036093));
#3080 = CARTESIAN_POINT('',(7.672565215374,13.790609816756,
    39.221205998572));
#3081 = CARTESIAN_POINT('',(7.757248447011,13.790639099225,
    39.759675825143));
#3082 = CARTESIAN_POINT('',(7.786308595215,13.790868981727,
    39.944458723257));
#3083 = CARTESIAN_POINT('',(7.815368682451,13.791318692389,
    40.129241233692));
#3084 = CARTESIAN_POINT('',(7.870105829452,13.792579123912,
    40.477294815054));
#3085 = CARTESIAN_POINT('',(7.89578291548,13.793341726737,
    40.640566052971));
#3086 = CARTESIAN_POINT('',(7.921459867563,13.794275405505,
    40.803836439184));
#3087 = CARTESIAN_POINT('',(7.947136645886,13.795379676499,
    40.967105720517));
#3088 = PCURVE('',#2917,#3089);
#3089 = DEFINITIONAL_REPRESENTATION('',(#3090),#3102);
#3090 = B_SPLINE_CURVE_WITH_KNOTS('',4,(#3091,#3092,#3093,#3094,#3095,
    #3096,#3097,#3098,#3099,#3100,#3101),.UNSPECIFIED.,.F.,.F.,(5,3,3,5)
  ,(0.,0.504012262007,0.767332298874,1.),.UNSPECIFIED.);
#3091 = CARTESIAN_POINT('',(13.795379680475,-2.841449974022));
#3092 = CARTESIAN_POINT('',(13.792987572333,-2.483423790558));
#3093 = CARTESIAN_POINT('',(13.791395978437,-2.125392355774));
#3094 = CARTESIAN_POINT('',(13.790609816756,-1.767358285561));
#3095 = CARTESIAN_POINT('',(13.790639099225,-1.222270215752));
#3096 = CARTESIAN_POINT('',(13.790868981727,-1.035216181717));
#3097 = CARTESIAN_POINT('',(13.791318692389,-0.848162540124));
#3098 = CARTESIAN_POINT('',(13.792579123912,-0.495831089981));
#3099 = CARTESIAN_POINT('',(13.793341726737,-0.330553112386));
#3100 = CARTESIAN_POINT('',(13.794275405505,-0.165275996963));
#3101 = CARTESIAN_POINT('',(13.795379676499,0.));
#3102 = ( GEOMETRIC_REPRESENTATION_CONTEXT(2) 
PARAMETRIC_REPRESENTATION_CONTEXT() REPRESENTATION_CONTEXT('2D SPACE',''
  ) );
#3103 = PCURVE('',#99,#3104);
#3104 = DEFINITIONAL_REPRESENTATION('',(#3105),#3117);
#3105 = B_SPLINE_CURVE_WITH_KNOTS('',4,(#3106,#3107,#3108,#3109,#3110,
    #3111,#3112,#3113,#3114,#3115,#3116),.UNSPECIFIED.,.F.,.F.,(5,3,3,5)
  ,(0.,0.504012262007,0.767332298874,1.),.UNSPECIFIED.);
#3106 = CARTESIAN_POINT('',(0.179920799685,0.625000000004));
#3107 = CARTESIAN_POINT('',(0.179862228017,0.640748041959));
#3108 = CARTESIAN_POINT('',(0.179823318223,0.656498442951));
#3109 = CARTESIAN_POINT('',(0.179804098561,0.672250016093));
#3110 = CARTESIAN_POINT('',(0.179804814444,0.69623093292));
#3111 = CARTESIAN_POINT('',(0.179810434495,0.704460290596));
#3112 = CARTESIAN_POINT('',(0.1798214289,0.712689473317));
#3113 = CARTESIAN_POINT('',(0.179852256921,0.728189254034));
#3114 = CARTESIAN_POINT('',(0.179870909821,0.735459927875));
#3115 = CARTESIAN_POINT('',(0.179893763315,0.742730214915));
#3116 = CARTESIAN_POINT('',(0.179920801806,0.749999999777));
#3117 = ( GEOMETRIC_REPRESENTATION_CONTEXT(2) 
PARAMETRIC_REPRESENTATION_CONTEXT() REPRESENTATION_CONTEXT('2D SPACE',''
  ) );
#3118 = ORIENTED_EDGE('',*,*,#2901,.F.);
#3119 = ADVANCED_FACE('',(#3120),#3062,.F.);
#3120 = FACE_BOUND('',#3121,.F.);
#3121 = EDGE_LOOP('',(#3122,#3238,#3266,#3311));
#3122 = ORIENTED_EDGE('',*,*,#3123,.F.);
#3123 = EDGE_CURVE('',#3124,#2979,#3126,.T.);
#3124 = VERTEX_POINT('',#3125);
#3125 = CARTESIAN_POINT('',(7.144034979986,9.243376024733,
    35.341815902896));
#3126 = SURFACE_CURVE('',#3127,(#3162,#3200),.PCURVE_S1.);
#3127 = B_SPLINE_CURVE_WITH_KNOTS('',5,(#3128,#3129,#3130,#3131,#3132,
    #3133,#3134,#3135,#3136,#3137,#3138,#3139,#3140,#3141,#3142,#3143,
    #3144,#3145,#3146,#3147,#3148,#3149,#3150,#3151,#3152,#3153,#3154,
    #3155,#3156,#3157,#3158,#3159,#3160,#3161),.UNSPECIFIED.,.F.,.F.,(6,
    4,4,4,4,4,4,4,6),(0.,0.147155579226,0.189782391919,0.220931920586,
    0.245521783573,0.314355958767,0.500092741114,0.750281879524,1.),
  .UNSPECIFIED.);
#3128 = CARTESIAN_POINT('',(7.144034979986,9.243376024733,
    35.341815902896));
#3129 = CARTESIAN_POINT('',(7.154683545011,9.245792878963,
    35.424797312119));
#3130 = CARTESIAN_POINT('',(7.165331376839,9.248410074954,
    35.507773007736));
#3131 = CARTESIAN_POINT('',(7.175978540583,9.251189100875,
    35.590743497151));
#3132 = CARTESIAN_POINT('',(7.186625181926,9.254085354196,
    35.673709915642));
#3133 = CARTESIAN_POINT('',(7.200355472464,9.257906377489,
    35.780706384674));
#3134 = CARTESIAN_POINT('',(7.203439392694,9.258770200146,
    35.804738547319));
#3135 = CARTESIAN_POINT('',(7.206523293114,9.259638381633,
    35.828770555587));
#3136 = CARTESIAN_POINT('',(7.209607179344,9.260509655431,
    35.852802453281));
#3137 = CARTESIAN_POINT('',(7.214944600103,9.26202070561,35.894395540721
    ));
#3138 = CARTESIAN_POINT('',(7.217198138464,9.262659649181,
    35.911956760336));
#3139 = CARTESIAN_POINT('',(7.219451674728,9.263299038067,
    35.929517963601));
#3140 = CARTESIAN_POINT('',(7.221705211259,9.263938352642,
    35.947079168949));
#3141 = CARTESIAN_POINT('',(7.225737725081,9.265081269358,
    35.978503466864));
#3142 = CARTESIAN_POINT('',(7.227516701359,9.265585099271,
    35.992366551528));
#3143 = CARTESIAN_POINT('',(7.229295680494,9.266088291809,
    36.006229658462));
#3144 = CARTESIAN_POINT('',(7.231074663682,9.266590582316,
    36.020092796974));
#3145 = CARTESIAN_POINT('',(7.23783355795,9.268494482552,36.072763045955
    ));
#3146 = CARTESIAN_POINT('',(7.242813504767,9.269888091315,
    36.111570434909));
#3147 = CARTESIAN_POINT('',(7.247793519351,9.271266633266,
    36.150378351959));
#3148 = CARTESIAN_POINT('',(7.252773627322,9.272623990258,
    36.189186996746));
#3149 = CARTESIAN_POINT('',(7.271192106971,9.27754213373,36.332717265234
    ));
#3150 = CARTESIAN_POINT('',(7.284631179554,9.280930277881,
    36.437444350895));
#3151 = CARTESIAN_POINT('',(7.298071643639,9.283992873814,
    36.542182280165));
#3152 = CARTESIAN_POINT('',(7.311513713374,9.286595572219,
    36.646932721838));
#3153 = CARTESIAN_POINT('',(7.343065802971,9.291288375025,
    36.892809687663));
#3154 = CARTESIAN_POINT('',(7.361176795196,9.29288749121,37.033943789187
    ));
#3155 = CARTESIAN_POINT('',(7.379290096711,9.293044954833,
    37.175095886379));
#3156 = CARTESIAN_POINT('',(7.39740244895,9.291389472541,37.316240586125
    ));
#3157 = CARTESIAN_POINT('',(7.43357841223,9.283740897988,37.598150158547
    ));
#3158 = CARTESIAN_POINT('',(7.451641869047,9.277756007696,
    37.738913829389));
#3159 = CARTESIAN_POINT('',(7.469691120383,9.269250676283,
    37.879566800733));
#3160 = CARTESIAN_POINT('',(7.487714836511,9.257880849796,
    38.020020783054));
#3161 = CARTESIAN_POINT('',(7.505697583717,9.243376024734,
    38.160155505558));
#3162 = PCURVE('',#3062,#3163);
#3163 = DEFINITIONAL_REPRESENTATION('',(#3164),#3199);
#3164 = B_SPLINE_CURVE_WITH_KNOTS('',5,(#3165,#3166,#3167,#3168,#3169,
    #3170,#3171,#3172,#3173,#3174,#3175,#3176,#3177,#3178,#3179,#3180,
    #3181,#3182,#3183,#3184,#3185,#3186,#3187,#3188,#3189,#3190,#3191,
    #3192,#3193,#3194,#3195,#3196,#3197,#3198),.UNSPECIFIED.,.F.,.F.,(6,
    4,4,4,4,4,4,4,6),(0.,0.147155579226,0.189782391919,0.220931920586,
    0.245521783573,0.314355958767,0.500092741114,0.750281879524,1.),
  .UNSPECIFIED.);
#3165 = CARTESIAN_POINT('',(9.243376024733,-2.841449974022));
#3166 = CARTESIAN_POINT('',(9.245792878963,-2.757788117637));
#3167 = CARTESIAN_POINT('',(9.248410074954,-2.67413202171));
#3168 = CARTESIAN_POINT('',(9.251189100875,-2.590481174676));
#3169 = CARTESIAN_POINT('',(9.254085354196,-2.506834431947));
#3170 = CARTESIAN_POINT('',(9.257906377489,-2.398960592377));
#3171 = CARTESIAN_POINT('',(9.258770200146,-2.374731366112));
#3172 = CARTESIAN_POINT('',(9.259638381633,-2.350502295491));
#3173 = CARTESIAN_POINT('',(9.260509655431,-2.326273336349));
#3174 = CARTESIAN_POINT('',(9.26202070561,-2.28433918579));
#3175 = CARTESIAN_POINT('',(9.262659649181,-2.266633964258));
#3176 = CARTESIAN_POINT('',(9.263299038067,-2.248928759209));
#3177 = CARTESIAN_POINT('',(9.263938352642,-2.231223552061));
#3178 = CARTESIAN_POINT('',(9.265081269358,-2.199541575052));
#3179 = CARTESIAN_POINT('',(9.265585099271,-2.18556481316));
#3180 = CARTESIAN_POINT('',(9.266088291809,-2.171588028815));
#3181 = CARTESIAN_POINT('',(9.266590582316,-2.157611212633));
#3182 = CARTESIAN_POINT('',(9.268494482552,-2.10450906786));
#3183 = CARTESIAN_POINT('',(9.269888091315,-2.065383458501));
#3184 = CARTESIAN_POINT('',(9.271266633266,-2.026257316715));
#3185 = CARTESIAN_POINT('',(9.272623990258,-1.987130441226));
#3186 = CARTESIAN_POINT('',(9.27754213373,-1.842423225218));
#3187 = CARTESIAN_POINT('',(9.280930277881,-1.736837377952));
#3188 = CARTESIAN_POINT('',(9.283992873814,-1.631240598159));
#3189 = CARTESIAN_POINT('',(9.286595572219,-1.525631203361));
#3190 = CARTESIAN_POINT('',(9.291288375025,-1.277738047584));
#3191 = CARTESIAN_POINT('',(9.29288749121,-1.135446647098));
#3192 = CARTESIAN_POINT('',(9.293044954833,-0.993137103379));
#3193 = CARTESIAN_POINT('',(9.291389472541,-0.850835017765));
#3194 = CARTESIAN_POINT('',(9.283740897988,-0.566613788188));
#3195 = CARTESIAN_POINT('',(9.277756007696,-0.424695855913));
#3196 = CARTESIAN_POINT('',(9.269250676283,-0.282889530872));
#3197 = CARTESIAN_POINT('',(9.257880849796,-0.141283826563));
#3198 = CARTESIAN_POINT('',(9.243376024734,0.));
#3199 = ( GEOMETRIC_REPRESENTATION_CONTEXT(2) 
PARAMETRIC_REPRESENTATION_CONTEXT() REPRESENTATION_CONTEXT('2D SPACE',''
  ) );
#3200 = PCURVE('',#560,#3201);
#3201 = DEFINITIONAL_REPRESENTATION('',(#3202),#3237);
#3202 = B_SPLINE_CURVE_WITH_KNOTS('',5,(#3203,#3204,#3205,#3206,#3207,
    #3208,#3209,#3210,#3211,#3212,#3213,#3214,#3215,#3216,#3217,#3218,
    #3219,#3220,#3221,#3222,#3223,#3224,#3225,#3226,#3227,#3228,#3229,
    #3230,#3231,#3232,#3233,#3234,#3235,#3236),.UNSPECIFIED.,.F.,.F.,(6,
    4,4,4,4,4,4,4,6),(0.,0.147155579226,0.189782391919,0.220931920586,
    0.245521783573,0.314355958767,0.500092741114,0.750281879524,1.),
  .UNSPECIFIED.);
#3203 = CARTESIAN_POINT('',(0.152457980325,0.490717993747));
#3204 = CARTESIAN_POINT('',(0.152464144509,0.494310991836));
#3205 = CARTESIAN_POINT('',(0.152472936064,0.497902921699));
#3206 = CARTESIAN_POINT('',(0.152484035598,0.501494003332));
#3207 = CARTESIAN_POINT('',(0.152497075105,0.505084526723));
#3208 = CARTESIAN_POINT('',(0.152515856411,0.50971486759));
#3209 = CARTESIAN_POINT('',(0.152520202735,0.510754866581));
#3210 = CARTESIAN_POINT('',(0.15252466686,0.5117948575));
#3211 = CARTESIAN_POINT('',(0.152529238411,0.51283484941));
#3212 = CARTESIAN_POINT('',(0.152537318084,0.514634833132));
#3213 = CARTESIAN_POINT('',(0.152540781118,0.515394820071));
#3214 = CARTESIAN_POINT('',(0.152544291656,0.516154816275));
#3215 = CARTESIAN_POINT('',(0.152547845458,0.516914825528));
#3216 = CARTESIAN_POINT('',(0.15255427436,0.518274826754));
#3217 = CARTESIAN_POINT('',(0.152557134786,0.518874812346));
#3218 = CARTESIAN_POINT('',(0.152560017353,0.519474810397));
#3219 = CARTESIAN_POINT('',(0.152562919904,0.52007482285));
#3220 = CARTESIAN_POINT('',(0.152574015164,0.52235450681));
#3221 = CARTESIAN_POINT('',(0.152582329557,0.5240342902));
#3222 = CARTESIAN_POINT('',(0.152590735456,0.525714245324));
#3223 = CARTESIAN_POINT('',(0.15259918321,0.527394417051));
#3224 = CARTESIAN_POINT('',(0.152630390687,0.533609205583));
#3225 = CARTESIAN_POINT('',(0.152653092676,0.538145458769));
#3226 = CARTESIAN_POINT('',(0.152674713362,0.542684555705));
#3227 = CARTESIAN_POINT('',(0.152694171312,0.547227399517));
#3228 = CARTESIAN_POINT('',(0.152732067148,0.557900311829));
#3229 = CARTESIAN_POINT('',(0.152747810112,0.564034058484));
#3230 = CARTESIAN_POINT('',(0.152754757604,0.570178258296));
#3231 = CARTESIAN_POINT('',(0.152749939836,0.576334251019));
#3232 = CARTESIAN_POINT('',(0.152710938582,0.588658767721));
#3233 = CARTESIAN_POINT('',(0.152676810168,0.594827184587));
#3234 = CARTESIAN_POINT('',(0.15262512504,0.601007703808));
#3235 = CARTESIAN_POINT('',(0.152553001439,0.607198897667));
#3236 = CARTESIAN_POINT('',(0.152457980015,0.613397492364));
#3237 = ( GEOMETRIC_REPRESENTATION_CONTEXT(2) 
PARAMETRIC_REPRESENTATION_CONTEXT() REPRESENTATION_CONTEXT('2D SPACE',''
  ) );
#3238 = ORIENTED_EDGE('',*,*,#3239,.T.);
#3239 = EDGE_CURVE('',#3124,#3240,#3242,.T.);
#3240 = VERTEX_POINT('',#3241);
#3241 = CARTESIAN_POINT('',(7.144034979986,13.795379684431,
    35.341815902896));
#3242 = SURFACE_CURVE('',#3243,(#3247,#3254),.PCURVE_S1.);
#3243 = LINE('',#3244,#3245);
#3244 = CARTESIAN_POINT('',(7.144034979986,0.,35.341815902896));
#3245 = VECTOR('',#3246,1.);
#3246 = DIRECTION('',(0.,1.,0.));
#3247 = PCURVE('',#3062,#3248);
#3248 = DEFINITIONAL_REPRESENTATION('',(#3249),#3253);
#3249 = LINE('',#3250,#3251);
#3250 = CARTESIAN_POINT('',(0.,-2.841449974022));
#3251 = VECTOR('',#3252,1.);
#3252 = DIRECTION('',(1.,0.));
#3253 = ( GEOMETRIC_REPRESENTATION_CONTEXT(2) 
PARAMETRIC_REPRESENTATION_CONTEXT() REPRESENTATION_CONTEXT('2D SPACE',''
  ) );
#3254 = PCURVE('',#3255,#3260);
#3255 = PLANE('',#3256);
#3256 = AXIS2_PLACEMENT_3D('',#3257,#3258,#3259);
#3257 = CARTESIAN_POINT('',(7.144034979986,0.,35.341815902896));
#3258 = DIRECTION('',(0.995077214489,0.,-9.910265993253E-02));
#3259 = DIRECTION('',(0.,1.,0.));
#3260 = DEFINITIONAL_REPRESENTATION('',(#3261),#3265);
#3261 = LINE('',#3262,#3263);
#3262 = CARTESIAN_POINT('',(0.,0.));
#3263 = VECTOR('',#3264,1.);
#3264 = DIRECTION('',(1.,0.));
#3265 = ( GEOMETRIC_REPRESENTATION_CONTEXT(2) 
PARAMETRIC_REPRESENTATION_CONTEXT() REPRESENTATION_CONTEXT('2D SPACE',''
  ) );
#3266 = ORIENTED_EDGE('',*,*,#3267,.T.);
#3267 = EDGE_CURVE('',#3240,#3047,#3268,.T.);
#3268 = SURFACE_CURVE('',#3269,(#3281,#3296),.PCURVE_S1.);
#3269 = B_SPLINE_CURVE_WITH_KNOTS('',4,(#3270,#3271,#3272,#3273,#3274,
    #3275,#3276,#3277,#3278,#3279,#3280),.UNSPECIFIED.,.F.,.F.,(5,3,3,5)
  ,(0.,0.504001885458,0.767289326294,1.),.UNSPECIFIED.);
#3270 = CARTESIAN_POINT('',(7.144034979986,13.795379684431,
    35.341815902896));
#3271 = CARTESIAN_POINT('',(7.189603973663,13.792987626346,
    35.696922840159));
#3272 = CARTESIAN_POINT('',(7.235173635706,13.791396049359,
    36.052034985815));
#3273 = CARTESIAN_POINT('',(7.280743633181,13.790609871043,
    36.407149745408));
#3274 = CARTESIAN_POINT('',(7.350119104211,13.790639076186,
    36.947774171162));
#3275 = CARTESIAN_POINT('',(7.37392458214,13.790868876965,
    37.133283871402));
#3276 = CARTESIAN_POINT('',(7.39773001014,13.791318451408,
    37.318793182565));
#3277 = CARTESIAN_POINT('',(7.442576048928,13.792578706445,
    37.668266326418));
#3278 = CARTESIAN_POINT('',(7.463616681176,13.793341386617,
    37.83223032634));
#3279 = CARTESIAN_POINT('',(7.484657203652,13.794275205959,
    37.996193470835));
#3280 = CARTESIAN_POINT('',(7.505697583717,13.795379680475,
    38.160155505558));
#3281 = PCURVE('',#3062,#3282);
#3282 = DEFINITIONAL_REPRESENTATION('',(#3283),#3295);
#3283 = B_SPLINE_CURVE_WITH_KNOTS('',4,(#3284,#3285,#3286,#3287,#3288,
    #3289,#3290,#3291,#3292,#3293,#3294),.UNSPECIFIED.,.F.,.F.,(5,3,3,5)
  ,(0.,0.504001885458,0.767289326294,1.),.UNSPECIFIED.);
#3284 = CARTESIAN_POINT('',(13.795379684431,-2.841449974022));
#3285 = CARTESIAN_POINT('',(13.792987626346,-2.483431161559));
#3286 = CARTESIAN_POINT('',(13.791396049359,-2.125407097995));
#3287 = CARTESIAN_POINT('',(13.790609871043,-1.76738039906));
#3288 = CARTESIAN_POINT('',(13.790639076186,-1.222322855582));
#3289 = CARTESIAN_POINT('',(13.790868876965,-1.03529197668));
#3290 = CARTESIAN_POINT('',(13.791318451408,-0.848261490046));
#3291 = CARTESIAN_POINT('',(13.792578706445,-0.495922668073));
#3292 = CARTESIAN_POINT('',(13.793341386617,-0.330614164131));
#3293 = CARTESIAN_POINT('',(13.794275205959,-0.165306522629));
#3294 = CARTESIAN_POINT('',(13.795379680475,0.));
#3295 = ( GEOMETRIC_REPRESENTATION_CONTEXT(2) 
PARAMETRIC_REPRESENTATION_CONTEXT() REPRESENTATION_CONTEXT('2D SPACE',''
  ) );
#3296 = PCURVE('',#99,#3297);
#3297 = DEFINITIONAL_REPRESENTATION('',(#3298),#3310);
#3298 = B_SPLINE_CURVE_WITH_KNOTS('',4,(#3299,#3300,#3301,#3302,#3303,
    #3304,#3305,#3306,#3307,#3308,#3309),.UNSPECIFIED.,.F.,.F.,(5,3,3,5)
  ,(0.,0.504001885458,0.767289326294,1.),.UNSPECIFIED.);
#3299 = CARTESIAN_POINT('',(0.179920799778,0.500000000001));
#3300 = CARTESIAN_POINT('',(0.179862229336,0.515747717734));
#3301 = CARTESIAN_POINT('',(0.179823319961,0.531497794408));
#3302 = CARTESIAN_POINT('',(0.179804099888,0.547249043206));
#3303 = CARTESIAN_POINT('',(0.179804813881,0.571228617038));
#3304 = CARTESIAN_POINT('',(0.179810431934,0.579456956026));
#3305 = CARTESIAN_POINT('',(0.179821423008,0.587685120138));
#3306 = CARTESIAN_POINT('',(0.179852246709,0.603185225442));
#3307 = CARTESIAN_POINT('',(0.179870901332,0.610457242301));
#3308 = CARTESIAN_POINT('',(0.179893758562,0.617728872189));
#3309 = CARTESIAN_POINT('',(0.179920802036,0.624999999746));
#3310 = ( GEOMETRIC_REPRESENTATION_CONTEXT(2) 
PARAMETRIC_REPRESENTATION_CONTEXT() REPRESENTATION_CONTEXT('2D SPACE',''
  ) );
#3311 = ORIENTED_EDGE('',*,*,#3046,.F.);
#3312 = ADVANCED_FACE('',(#3313),#3255,.F.);
#3313 = FACE_BOUND('',#3314,.F.);
#3314 = EDGE_LOOP('',(#3315,#3395,#3423,#3459));
#3315 = ORIENTED_EDGE('',*,*,#3316,.F.);
#3316 = EDGE_CURVE('',#3317,#3124,#3319,.T.);
#3317 = VERTEX_POINT('',#3318);
#3318 = CARTESIAN_POINT('',(6.862439729495,9.243376024734,
    32.514353777637));
#3319 = SURFACE_CURVE('',#3320,(#3343,#3369),.PCURVE_S1.);
#3320 = B_SPLINE_CURVE_WITH_KNOTS('',5,(#3321,#3322,#3323,#3324,#3325,
    #3326,#3327,#3328,#3329,#3330,#3331,#3332,#3333,#3334,#3335,#3336,
    #3337,#3338,#3339,#3340,#3341,#3342),.UNSPECIFIED.,.F.,.F.,(6,4,4,4,
    4,6),(0.,0.203562555455,0.40194812298,0.59969603384,0.79976620916,1.
    ),.UNSPECIFIED.);
#3321 = CARTESIAN_POINT('',(6.862439729495,9.243376024734,
    32.514353777637));
#3322 = CARTESIAN_POINT('',(6.873899390493,9.23868819778,32.629418777433
    ));
#3323 = CARTESIAN_POINT('',(6.885359598279,9.234138898133,
    32.744489267458));
#3324 = CARTESIAN_POINT('',(6.896820757314,9.229827815547,
    32.859569308849));
#3325 = CARTESIAN_POINT('',(6.908283127992,9.225851987914,
    32.974661516195));
#3326 = CARTESIAN_POINT('',(6.930918898953,9.218827645817,
    33.201944415882));
#3327 = CARTESIAN_POINT('',(6.942092231466,9.215758116277,33.31413442774
    ));
#3328 = CARTESIAN_POINT('',(6.953266825275,9.213163092831,
    33.426337104121));
#3329 = CARTESIAN_POINT('',(6.964442533499,9.21110705528,33.538550970193
    ));
#3330 = CARTESIAN_POINT('',(6.986759545504,9.208166189664,
    33.762633251705));
#3331 = CARTESIAN_POINT('',(6.997900863316,9.207277415936,33.87450180803
    ));
#3332 = CARTESIAN_POINT('',(7.009042579393,9.207012720416,
    33.986374363277));
#3333 = CARTESIAN_POINT('',(7.020184240282,9.207394853934,
    34.098246364385));
#3334 = CARTESIAN_POINT('',(7.042597224566,9.209466302288,
    34.323292291353));
#3335 = CARTESIAN_POINT('',(7.053868563825,9.211170716423,
    34.436466376502));
#3336 = CARTESIAN_POINT('',(7.065138775409,9.213537892879,
    34.549629138807));
#3337 = CARTESIAN_POINT('',(7.076407436216,9.216542829449,
    34.662776329957));
#3338 = CARTESIAN_POINT('',(7.098950291483,9.223730915176,34.88912627496
    ));
#3339 = CARTESIAN_POINT('',(7.110224503935,9.22791519051,35.002329209472
    ));
#3340 = CARTESIAN_POINT('',(7.121496629852,9.232637519316,35.11551119336
    ));
#3341 = CARTESIAN_POINT('',(7.132766687936,9.237823697071,
    35.228672414384));
#3342 = CARTESIAN_POINT('',(7.144034979986,9.243376024733,
    35.341815902896));
#3343 = PCURVE('',#3255,#3344);
#3344 = DEFINITIONAL_REPRESENTATION('',(#3345),#3368);
#3345 = B_SPLINE_CURVE_WITH_KNOTS('',5,(#3346,#3347,#3348,#3349,#3350,
    #3351,#3352,#3353,#3354,#3355,#3356,#3357,#3358,#3359,#3360,#3361,
    #3362,#3363,#3364,#3365,#3366,#3367),.UNSPECIFIED.,.F.,.F.,(6,4,4,4,
    4,6),(0.,0.203562555455,0.40194812298,0.59969603384,0.79976620916,1.
    ),.UNSPECIFIED.);
#3346 = CARTESIAN_POINT('',(9.243376024734,-2.841449974022));
#3347 = CARTESIAN_POINT('',(9.23868819778,-2.725815731653));
#3348 = CARTESIAN_POINT('',(9.234138898133,-2.610175971895));
#3349 = CARTESIAN_POINT('',(9.229827815547,-2.494526613518));
#3350 = CARTESIAN_POINT('',(9.225851987914,-2.378865028999));
#3351 = CARTESIAN_POINT('',(9.218827645817,-2.150457729166));
#3352 = CARTESIAN_POINT('',(9.215758116277,-2.0377126977));
#3353 = CARTESIAN_POINT('',(9.213163092831,-1.924954939059));
#3354 = CARTESIAN_POINT('',(9.21110705528,-1.812185935369));
#3355 = CARTESIAN_POINT('',(9.208166189664,-1.586995087615));
#3356 = CARTESIAN_POINT('',(9.207277415936,-1.474573101967));
#3357 = CARTESIAN_POINT('',(9.207012720416,-1.362147097615));
#3358 = CARTESIAN_POINT('',(9.207394853934,-1.249721650143));
#3359 = CARTESIAN_POINT('',(9.209466302288,-1.023562389645));
#3360 = CARTESIAN_POINT('',(9.211170716423,-0.90982841654));
#3361 = CARTESIAN_POINT('',(9.213537892879,-0.796105822296));
#3362 = CARTESIAN_POINT('',(9.216542829449,-0.682398876239));
#3363 = CARTESIAN_POINT('',(9.223730915176,-0.454929146547));
#3364 = CARTESIAN_POINT('',(9.22791519051,-0.341166181359));
#3365 = CARTESIAN_POINT('',(9.232637519316,-0.227424270439));
#3366 = CARTESIAN_POINT('',(9.237823697071,-0.113703225101));
#3367 = CARTESIAN_POINT('',(9.243376024733,0.));
#3368 = ( GEOMETRIC_REPRESENTATION_CONTEXT(2) 
PARAMETRIC_REPRESENTATION_CONTEXT() REPRESENTATION_CONTEXT('2D SPACE',''
  ) );
#3369 = PCURVE('',#560,#3370);
#3370 = DEFINITIONAL_REPRESENTATION('',(#3371),#3394);
#3371 = B_SPLINE_CURVE_WITH_KNOTS('',5,(#3372,#3373,#3374,#3375,#3376,
    #3377,#3378,#3379,#3380,#3381,#3382,#3383,#3384,#3385,#3386,#3387,
    #3388,#3389,#3390,#3391,#3392,#3393),.UNSPECIFIED.,.F.,.F.,(6,4,4,4,
    4,6),(0.,0.203562555455,0.40194812298,0.59969603384,0.79976620916,1.
    ),.UNSPECIFIED.);
#3372 = CARTESIAN_POINT('',(0.152457980246,0.368038495368));
#3373 = CARTESIAN_POINT('',(0.152400699205,0.373048596632));
#3374 = CARTESIAN_POINT('',(0.152346440591,0.378059215561));
#3375 = CARTESIAN_POINT('',(0.152296028888,0.383069986391));
#3376 = CARTESIAN_POINT('',(0.152250269609,0.388080472824));
#3377 = CARTESIAN_POINT('',(0.152170472542,0.397972542606));
#3378 = CARTESIAN_POINT('',(0.152136166046,0.402854162131));
#3379 = CARTESIAN_POINT('',(0.152107580685,0.407734629089));
#3380 = CARTESIAN_POINT('',(0.152085255808,0.412613468847));
#3381 = CARTESIAN_POINT('',(0.152053912587,0.422351281643));
#3382 = CARTESIAN_POINT('',(0.152044849943,0.427210278069));
#3383 = CARTESIAN_POINT('',(0.152042743443,0.432066720035));
#3384 = CARTESIAN_POINT('',(0.152047777758,0.436920204154));
#3385 = CARTESIAN_POINT('',(0.152072264842,0.446677565732));
#3386 = CARTESIAN_POINT('',(0.152091884808,0.451581381087));
#3387 = CARTESIAN_POINT('',(0.152118800354,0.456481515344));
#3388 = CARTESIAN_POINT('',(0.152152790645,0.461377833932));
#3389 = CARTESIAN_POINT('',(0.152234089349,0.471166975279));
#3390 = CARTESIAN_POINT('',(0.152281410645,0.476059801785));
#3391 = CARTESIAN_POINT('',(0.152334949773,0.480948964633));
#3392 = CARTESIAN_POINT('',(0.152394078992,0.48583481891));
#3393 = CARTESIAN_POINT('',(0.152457980326,0.490717993729));
#3394 = ( GEOMETRIC_REPRESENTATION_CONTEXT(2) 
PARAMETRIC_REPRESENTATION_CONTEXT() REPRESENTATION_CONTEXT('2D SPACE',''
  ) );
#3395 = ORIENTED_EDGE('',*,*,#3396,.T.);
#3396 = EDGE_CURVE('',#3317,#3397,#3399,.T.);
#3397 = VERTEX_POINT('',#3398);
#3398 = CARTESIAN_POINT('',(6.862439729495,13.795379680475,
    32.514353777637));
#3399 = SURFACE_CURVE('',#3400,(#3404,#3411),.PCURVE_S1.);
#3400 = LINE('',#3401,#3402);
#3401 = CARTESIAN_POINT('',(6.862439729495,0.,32.514353777637));
#3402 = VECTOR('',#3403,1.);
#3403 = DIRECTION('',(0.,1.,0.));
#3404 = PCURVE('',#3255,#3405);
#3405 = DEFINITIONAL_REPRESENTATION('',(#3406),#3410);
#3406 = LINE('',#3407,#3408);
#3407 = CARTESIAN_POINT('',(0.,-2.841449974022));
#3408 = VECTOR('',#3409,1.);
#3409 = DIRECTION('',(1.,0.));
#3410 = ( GEOMETRIC_REPRESENTATION_CONTEXT(2) 
PARAMETRIC_REPRESENTATION_CONTEXT() REPRESENTATION_CONTEXT('2D SPACE',''
  ) );
#3411 = PCURVE('',#3412,#3417);
#3412 = PLANE('',#3413);
#3413 = AXIS2_PLACEMENT_3D('',#3414,#3415,#3416);
#3414 = CARTESIAN_POINT('',(6.862439729495,0.,32.514353777637));
#3415 = DIRECTION('',(0.99748736426,0.,-7.084460559983E-02));
#3416 = DIRECTION('',(0.,1.,0.));
#3417 = DEFINITIONAL_REPRESENTATION('',(#3418),#3422);
#3418 = LINE('',#3419,#3420);
#3419 = CARTESIAN_POINT('',(0.,0.));
#3420 = VECTOR('',#3421,1.);
#3421 = DIRECTION('',(1.,0.));
#3422 = ( GEOMETRIC_REPRESENTATION_CONTEXT(2) 
PARAMETRIC_REPRESENTATION_CONTEXT() REPRESENTATION_CONTEXT('2D SPACE',''
  ) );
#3423 = ORIENTED_EDGE('',*,*,#3424,.T.);
#3424 = EDGE_CURVE('',#3397,#3240,#3425,.T.);
#3425 = SURFACE_CURVE('',#3426,(#3435,#3447),.PCURVE_S1.);
#3426 = B_SPLINE_CURVE_WITH_KNOTS('',4,(#3427,#3428,#3429,#3430,#3431,
    #3432,#3433,#3434),.UNSPECIFIED.,.F.,.F.,(5,3,5),(0.,0.496001628824,
    1.),.UNSPECIFIED.);
#3427 = CARTESIAN_POINT('',(6.862439729495,13.795379680475,
    32.514353777637));
#3428 = CARTESIAN_POINT('',(6.897357145749,13.793025593432,
    32.864955116958));
#3429 = CARTESIAN_POINT('',(6.932275065995,13.791446776573,
    33.21556151681));
#3430 = CARTESIAN_POINT('',(6.967193243201,13.790647916813,
    33.56617049676));
#3431 = CARTESIAN_POINT('',(7.037592570413,13.790609887489,
    34.273041194996));
#3432 = CARTESIAN_POINT('',(7.073073721178,13.791396071536,
    34.629302920909));
#3433 = CARTESIAN_POINT('',(7.108554610781,13.79298764305,
    34.985562024521));
#3434 = CARTESIAN_POINT('',(7.144034979986,13.795379684431,
    35.341815902896));
#3435 = PCURVE('',#3255,#3436);
#3436 = DEFINITIONAL_REPRESENTATION('',(#3437),#3446);
#3437 = B_SPLINE_CURVE_WITH_KNOTS('',4,(#3438,#3439,#3440,#3441,#3442,
    #3443,#3444,#3445),.UNSPECIFIED.,.F.,.F.,(5,3,5),(0.,0.496001628824,
    1.),.UNSPECIFIED.);
#3438 = CARTESIAN_POINT('',(13.795379680475,-2.841449974022));
#3439 = CARTESIAN_POINT('',(13.793025593432,-2.489114161066));
#3440 = CARTESIAN_POINT('',(13.791446776573,-2.136773262544));
#3441 = CARTESIAN_POINT('',(13.790647916813,-1.78442977116));
#3442 = CARTESIAN_POINT('',(13.790609887489,-1.074062085171));
#3443 = CARTESIAN_POINT('',(13.791396071536,-0.716037882902));
#3444 = CARTESIAN_POINT('',(13.79298764305,-0.358016315908));
#3445 = CARTESIAN_POINT('',(13.795379684431,0.));
#3446 = ( GEOMETRIC_REPRESENTATION_CONTEXT(2) 
PARAMETRIC_REPRESENTATION_CONTEXT() REPRESENTATION_CONTEXT('2D SPACE',''
  ) );
#3447 = PCURVE('',#99,#3448);
#3448 = DEFINITIONAL_REPRESENTATION('',(#3449),#3458);
#3449 = B_SPLINE_CURVE_WITH_KNOTS('',4,(#3450,#3451,#3452,#3453,#3454,
    #3455,#3456,#3457),.UNSPECIFIED.,.F.,.F.,(5,3,5),(0.,0.496001628824,
    1.),.UNSPECIFIED.);
#3450 = CARTESIAN_POINT('',(0.179920799678,0.374999999998));
#3451 = CARTESIAN_POINT('',(0.179863158971,0.390497746869));
#3452 = CARTESIAN_POINT('',(0.179824560119,0.405997778377));
#3453 = CARTESIAN_POINT('',(0.179805030012,0.421498963356));
#3454 = CARTESIAN_POINT('',(0.17980410029,0.452751286305));
#3455 = CARTESIAN_POINT('',(0.179823319829,0.468502425315));
#3456 = CARTESIAN_POINT('',(0.179862230284,0.484252392028));
#3457 = CARTESIAN_POINT('',(0.179920800318,0.499999999941));
#3458 = ( GEOMETRIC_REPRESENTATION_CONTEXT(2) 
PARAMETRIC_REPRESENTATION_CONTEXT() REPRESENTATION_CONTEXT('2D SPACE',''
  ) );
#3459 = ORIENTED_EDGE('',*,*,#3239,.F.);
#3460 = ADVANCED_FACE('',(#3461),#3412,.F.);
#3461 = FACE_BOUND('',#3462,.F.);
#3462 = EDGE_LOOP('',(#3463,#3573,#3601,#3637));
#3463 = ORIENTED_EDGE('',*,*,#3464,.F.);
#3464 = EDGE_CURVE('',#3465,#3317,#3467,.T.);
#3465 = VERTEX_POINT('',#3466);
#3466 = CARTESIAN_POINT('',(6.661138326754,9.243376024733,
    29.680043332375));
#3467 = SURFACE_CURVE('',#3468,(#3501,#3537),.PCURVE_S1.);
#3468 = B_SPLINE_CURVE_WITH_KNOTS('',6,(#3469,#3470,#3471,#3472,#3473,
    #3474,#3475,#3476,#3477,#3478,#3479,#3480,#3481,#3482,#3483,#3484,
    #3485,#3486,#3487,#3488,#3489,#3490,#3491,#3492,#3493,#3494,#3495,
    #3496,#3497,#3498,#3499,#3500),.UNSPECIFIED.,.F.,.F.,(7,5,5,5,5,5,7)
  ,(0.,0.348577815828,0.785727910139,0.866990354309,0.909237198352,
    0.953916842568,1.),.UNSPECIFIED.);
#3469 = CARTESIAN_POINT('',(6.661138326754,9.243376024733,
    29.680043332375));
#3470 = CARTESIAN_POINT('',(6.672828742255,9.248936385838,
    29.844643609929));
#3471 = CARTESIAN_POINT('',(6.684520249541,9.254062362838,
    30.009259259748));
#3472 = CARTESIAN_POINT('',(6.696213316489,9.258464208104,
    30.173896869499));
#3473 = CARTESIAN_POINT('',(6.707908004163,9.26195333285,30.338557298969
    ));
#3474 = CARTESIAN_POINT('',(6.719603968041,9.264438127199,
    30.503235697309));
#3475 = CARTESIAN_POINT('',(6.745968983735,9.267777915624,
    30.874453375647));
#3476 = CARTESIAN_POINT('',(6.760638597811,9.268057943605,
    31.081000572234));
#3477 = CARTESIAN_POINT('',(6.775307873284,9.266758817896,
    31.287543001292));
#3478 = CARTESIAN_POINT('',(6.789976038024,9.264099843753,
    31.494069791323));
#3479 = CARTESIAN_POINT('',(6.804642933774,9.260468357567,
    31.700578714056));
#3480 = CARTESIAN_POINT('',(6.822035241781,9.255548822184,
    31.945461261212));
#3481 = CARTESIAN_POINT('',(6.824761503111,9.254759807828,
    31.983846840547));
#3482 = CARTESIAN_POINT('',(6.827487742173,9.253955869886,
    32.022232106343));
#3483 = CARTESIAN_POINT('',(6.830213962972,9.253140012954,
    32.060617114999));
#3484 = CARTESIAN_POINT('',(6.832940169937,9.252315304761,
    32.099001928878));
#3485 = CARTESIAN_POINT('',(6.837083667908,9.251053151678,
    32.157342106434));
#3486 = CARTESIAN_POINT('',(6.838500965451,9.250619879843,
    32.177297562165));
#3487 = CARTESIAN_POINT('',(6.839918261221,9.250185499332,
    32.197252992929));
#3488 = CARTESIAN_POINT('',(6.841335555897,9.249750451133,
    32.217208408284));
#3489 = CARTESIAN_POINT('',(6.842752850166,9.24931517855,32.237163817917
    ));
#3490 = CARTESIAN_POINT('',(6.845669054718,9.248420023271,
    32.278223785254));
#3491 = CARTESIAN_POINT('',(6.847167965029,9.247960166401,
    32.299328343359));
#3492 = CARTESIAN_POINT('',(6.848666876484,9.247501083795,
    32.320432917571));
#3493 = CARTESIAN_POINT('',(6.850165789898,9.247043303522,
    32.341537519367));
#3494 = CARTESIAN_POINT('',(6.851664706075,9.246587354525,
    32.362642160075));
#3495 = CARTESIAN_POINT('',(6.854709630829,9.245665930243,
    32.405514499349));
#3496 = CARTESIAN_POINT('',(6.856255639626,9.245200605171,
    32.427282201019));
#3497 = CARTESIAN_POINT('',(6.857801653073,9.244738372776,
    32.449049968171));
#3498 = CARTESIAN_POINT('',(6.859347672007,9.244279813056,
    32.470817812574));
#3499 = CARTESIAN_POINT('',(6.860893697227,9.243825504628,
    32.492585745483));
#3500 = CARTESIAN_POINT('',(6.862439729495,9.243376024734,
    32.514353777637));
#3501 = PCURVE('',#3412,#3502);
#3502 = DEFINITIONAL_REPRESENTATION('',(#3503),#3536);
#3503 = B_SPLINE_CURVE_WITH_KNOTS('',6,(#3504,#3505,#3506,#3507,#3508,
    #3509,#3510,#3511,#3512,#3513,#3514,#3515,#3516,#3517,#3518,#3519,
    #3520,#3521,#3522,#3523,#3524,#3525,#3526,#3527,#3528,#3529,#3530,
    #3531,#3532,#3533,#3534,#3535),.UNSPECIFIED.,.F.,.F.,(7,5,5,5,5,5,7)
  ,(0.,0.348577815828,0.785727910139,0.866990354309,0.909237198352,
    0.953916842568,1.),.UNSPECIFIED.);
#3504 = CARTESIAN_POINT('',(9.243376024733,-2.841449974022));
#3505 = CARTESIAN_POINT('',(9.248936385838,-2.676435074133));
#3506 = CARTESIAN_POINT('',(9.254062362838,-2.511404763256));
#3507 = CARTESIAN_POINT('',(9.258464208104,-2.346352437132));
#3508 = CARTESIAN_POINT('',(9.26195333285,-2.181277233806));
#3509 = CARTESIAN_POINT('',(9.264438127199,-2.016184016347));
#3510 = CARTESIAN_POINT('',(9.267777915624,-1.644031253677));
#3511 = CARTESIAN_POINT('',(9.268057943605,-1.436963771935));
#3512 = CARTESIAN_POINT('',(9.266758817896,-1.22990106973));
#3513 = CARTESIAN_POINT('',(9.264099843753,-1.022854045948));
#3514 = CARTESIAN_POINT('',(9.260468357567,-0.81582493447));
#3515 = CARTESIAN_POINT('',(9.255548822184,-0.570325536753));
#3516 = CARTESIAN_POINT('',(9.254759807828,-0.531843265488));
#3517 = CARTESIAN_POINT('',(9.253955869886,-0.493361308552));
#3518 = CARTESIAN_POINT('',(9.253140012954,-0.454879609402));
#3519 = CARTESIAN_POINT('',(9.252315304761,-0.416398105522));
#3520 = CARTESIAN_POINT('',(9.251053151678,-0.357910971101));
#3521 = CARTESIAN_POINT('',(9.250619879843,-0.337905248276));
#3522 = CARTESIAN_POINT('',(9.250185499332,-0.317899550481));
#3523 = CARTESIAN_POINT('',(9.249750451133,-0.297893868133));
#3524 = CARTESIAN_POINT('',(9.24931517855,-0.277888191522));
#3525 = CARTESIAN_POINT('',(9.248420023271,-0.236724795566));
#3526 = CARTESIAN_POINT('',(9.247960166401,-0.215567075818));
#3527 = CARTESIAN_POINT('',(9.247501083795,-0.194409339922));
#3528 = CARTESIAN_POINT('',(9.247043303522,-0.173251576373));
#3529 = CARTESIAN_POINT('',(9.246587354525,-0.152093773814));
#3530 = CARTESIAN_POINT('',(9.245665930243,-0.109113440619));
#3531 = CARTESIAN_POINT('',(9.245200605171,-8.729090687088E-02));
#3532 = CARTESIAN_POINT('',(9.244738372776,-6.546830747528E-02));
#3533 = CARTESIAN_POINT('',(9.244279813056,-4.364563063451E-02));
#3534 = CARTESIAN_POINT('',(9.243825504628,-2.182286506558E-02));
#3535 = CARTESIAN_POINT('',(9.243376024734,0.));
#3536 = ( GEOMETRIC_REPRESENTATION_CONTEXT(2) 
PARAMETRIC_REPRESENTATION_CONTEXT() REPRESENTATION_CONTEXT('2D SPACE',''
  ) );
#3537 = PCURVE('',#560,#3538);
#3538 = DEFINITIONAL_REPRESENTATION('',(#3539),#3572);
#3539 = B_SPLINE_CURVE_WITH_KNOTS('',6,(#3540,#3541,#3542,#3543,#3544,
    #3545,#3546,#3547,#3548,#3549,#3550,#3551,#3552,#3553,#3554,#3555,
    #3556,#3557,#3558,#3559,#3560,#3561,#3562,#3563,#3564,#3565,#3566,
    #3567,#3568,#3569,#3570,#3571),.UNSPECIFIED.,.F.,.F.,(7,5,5,5,5,5,7)
  ,(0.,0.348577815828,0.785727910139,0.866990354309,0.909237198352,
    0.953916842568,1.),.UNSPECIFIED.);
#3540 = CARTESIAN_POINT('',(0.152457980127,0.245358996941));
#3541 = CARTESIAN_POINT('',(0.152477160476,0.252449444309));
#3542 = CARTESIAN_POINT('',(0.152496417938,0.25954341755));
#3543 = CARTESIAN_POINT('',(0.152513371823,0.266642567249));
#3544 = CARTESIAN_POINT('',(0.152526493715,0.273747911174));
#3545 = CARTESIAN_POINT('',(0.152535057217,0.280859801722));
#3546 = CARTESIAN_POINT('',(0.152544142336,0.296904664667));
#3547 = CARTESIAN_POINT('',(0.152542064338,0.305841349527));
#3548 = CARTESIAN_POINT('',(0.152532879547,0.314787314128));
#3549 = CARTESIAN_POINT('',(0.152518402215,0.323741259118));
#3550 = CARTESIAN_POINT('',(0.152501809279,0.332701304696));
#3551 = CARTESIAN_POINT('',(0.152484071821,0.343331766285));
#3552 = CARTESIAN_POINT('',(0.152481347933,0.344998260515));
#3553 = CARTESIAN_POINT('',(0.15247870476,0.346664885396));
#3554 = CARTESIAN_POINT('',(0.152476167049,0.348331628178));
#3555 = CARTESIAN_POINT('',(0.152473760075,0.349998475869));
#3556 = CARTESIAN_POINT('',(0.152470339693,0.352532026224));
#3557 = CARTESIAN_POINT('',(0.152469212038,0.353398661988));
#3558 = CARTESIAN_POINT('',(0.1524681303,0.354265320665));
#3559 = CARTESIAN_POINT('',(0.152467098115,0.355132000371));
#3560 = CARTESIAN_POINT('',(0.152466119139,0.355998699207));
#3561 = CARTESIAN_POINT('',(0.15246422186,0.357782041457));
#3562 = CARTESIAN_POINT('',(0.152463310293,0.358698686908));
#3563 = CARTESIAN_POINT('',(0.152462466698,0.359615349331));
#3564 = CARTESIAN_POINT('',(0.152461695432,0.360532026422));
#3565 = CARTESIAN_POINT('',(0.152461000862,0.361448715854));
#3566 = CARTESIAN_POINT('',(0.152459754586,0.363310910785));
#3567 = CARTESIAN_POINT('',(0.152459208002,0.364256416922));
#3568 = CARTESIAN_POINT('',(0.1524587525,0.365201931087));
#3569 = CARTESIAN_POINT('',(0.152458392892,0.366147450657));
#3570 = CARTESIAN_POINT('',(0.152458133914,0.367092972975));
#3571 = CARTESIAN_POINT('',(0.152457980222,0.368038495353));
#3572 = ( GEOMETRIC_REPRESENTATION_CONTEXT(2) 
PARAMETRIC_REPRESENTATION_CONTEXT() REPRESENTATION_CONTEXT('2D SPACE',''
  ) );
#3573 = ORIENTED_EDGE('',*,*,#3574,.T.);
#3574 = EDGE_CURVE('',#3465,#3575,#3577,.T.);
#3575 = VERTEX_POINT('',#3576);
#3576 = CARTESIAN_POINT('',(6.661138326754,13.795379676499,
    29.680043332375));
#3577 = SURFACE_CURVE('',#3578,(#3582,#3589),.PCURVE_S1.);
#3578 = LINE('',#3579,#3580);
#3579 = CARTESIAN_POINT('',(6.661138326754,0.,29.680043332375));
#3580 = VECTOR('',#3581,1.);
#3581 = DIRECTION('',(0.,1.,0.));
#3582 = PCURVE('',#3412,#3583);
#3583 = DEFINITIONAL_REPRESENTATION('',(#3584),#3588);
#3584 = LINE('',#3585,#3586);
#3585 = CARTESIAN_POINT('',(0.,-2.841449974022));
#3586 = VECTOR('',#3587,1.);
#3587 = DIRECTION('',(1.,0.));
#3588 = ( GEOMETRIC_REPRESENTATION_CONTEXT(2) 
PARAMETRIC_REPRESENTATION_CONTEXT() REPRESENTATION_CONTEXT('2D SPACE',''
  ) );
#3589 = PCURVE('',#3590,#3595);
#3590 = PLANE('',#3591);
#3591 = AXIS2_PLACEMENT_3D('',#3592,#3593,#3594);
#3592 = CARTESIAN_POINT('',(6.661138326754,0.,29.680043332375));
#3593 = DIRECTION('',(0.999095208553,0.,-4.252956907655E-02));
#3594 = DIRECTION('',(0.,1.,0.));
#3595 = DEFINITIONAL_REPRESENTATION('',(#3596),#3600);
#3596 = LINE('',#3597,#3598);
#3597 = CARTESIAN_POINT('',(0.,0.));
#3598 = VECTOR('',#3599,1.);
#3599 = DIRECTION('',(1.,0.));
#3600 = ( GEOMETRIC_REPRESENTATION_CONTEXT(2) 
PARAMETRIC_REPRESENTATION_CONTEXT() REPRESENTATION_CONTEXT('2D SPACE',''
  ) );
#3601 = ORIENTED_EDGE('',*,*,#3602,.T.);
#3602 = EDGE_CURVE('',#3575,#3397,#3603,.T.);
#3603 = SURFACE_CURVE('',#3604,(#3613,#3625),.PCURVE_S1.);
#3604 = B_SPLINE_CURVE_WITH_KNOTS('',4,(#3605,#3606,#3607,#3608,#3609,
    #3610,#3611,#3612),.UNSPECIFIED.,.F.,.F.,(5,3,5),(0.,0.496000981227,
    1.),.UNSPECIFIED.);
#3605 = CARTESIAN_POINT('',(6.661138326754,13.795379676499,
    29.680043332375));
#3606 = CARTESIAN_POINT('',(6.686099385872,13.793025591616,
    30.031493394908));
#3607 = CARTESIAN_POINT('',(6.711060805273,13.791446775188,
    30.382948530219));
#3608 = CARTESIAN_POINT('',(6.736022408365,13.790647914157,
    30.734406251876));
#3609 = CARTESIAN_POINT('',(6.786348126911,13.790609878729,
    31.442989042638));
#3610 = CARTESIAN_POINT('',(6.811712242906,13.791396062079,
    31.800114119372));
#3611 = CARTESIAN_POINT('',(6.837076172208,13.792987635188,
    32.157236567472));
#3612 = CARTESIAN_POINT('',(6.862439729495,13.795379680475,
    32.514353777637));
#3613 = PCURVE('',#3412,#3614);
#3614 = DEFINITIONAL_REPRESENTATION('',(#3615),#3624);
#3615 = B_SPLINE_CURVE_WITH_KNOTS('',4,(#3616,#3617,#3618,#3619,#3620,
    #3621,#3622,#3623),.UNSPECIFIED.,.F.,.F.,(5,3,5),(0.,0.496000981227,
    1.),.UNSPECIFIED.);
#3616 = CARTESIAN_POINT('',(13.795379676499,-2.841449974022));
#3617 = CARTESIAN_POINT('',(13.793025591616,-2.489114621089));
#3618 = CARTESIAN_POINT('',(13.791446775188,-2.136774182599));
#3619 = CARTESIAN_POINT('',(13.790647914157,-1.784431151248));
#3620 = CARTESIAN_POINT('',(13.790609878729,-1.074063465249));
#3621 = CARTESIAN_POINT('',(13.791396062079,-0.716038802953));
#3622 = CARTESIAN_POINT('',(13.792987635188,-0.358016775913));
#3623 = CARTESIAN_POINT('',(13.795379680475,0.));
#3624 = ( GEOMETRIC_REPRESENTATION_CONTEXT(2) 
PARAMETRIC_REPRESENTATION_CONTEXT() REPRESENTATION_CONTEXT('2D SPACE',''
  ) );
#3625 = PCURVE('',#99,#3626);
#3626 = DEFINITIONAL_REPRESENTATION('',(#3627),#3636);
#3627 = B_SPLINE_CURVE_WITH_KNOTS('',4,(#3628,#3629,#3630,#3631,#3632,
    #3633,#3634,#3635),.UNSPECIFIED.,.F.,.F.,(5,3,5),(0.,0.496000981227,
    1.),.UNSPECIFIED.);
#3628 = CARTESIAN_POINT('',(0.179920799578,0.24999999998));
#3629 = CARTESIAN_POINT('',(0.179863158924,0.265497726616));
#3630 = CARTESIAN_POINT('',(0.179824560088,0.280997737884));
#3631 = CARTESIAN_POINT('',(0.179805029947,0.296498902623));
#3632 = CARTESIAN_POINT('',(0.179804100076,0.327751225577));
#3633 = CARTESIAN_POINT('',(0.179823320282,0.343502384764));
#3634 = CARTESIAN_POINT('',(0.179862229545,0.35925237184));
#3635 = CARTESIAN_POINT('',(0.179920799673,0.374999999997));
#3636 = ( GEOMETRIC_REPRESENTATION_CONTEXT(2) 
PARAMETRIC_REPRESENTATION_CONTEXT() REPRESENTATION_CONTEXT('2D SPACE',''
  ) );
#3637 = ORIENTED_EDGE('',*,*,#3396,.F.);
#3638 = ADVANCED_FACE('',(#3639),#3590,.F.);
#3639 = FACE_BOUND('',#3640,.F.);
#3640 = EDGE_LOOP('',(#3641,#3757,#3785,#3830));
#3641 = ORIENTED_EDGE('',*,*,#3642,.F.);
#3642 = EDGE_CURVE('',#3643,#3465,#3645,.T.);
#3643 = VERTEX_POINT('',#3644);
#3644 = CARTESIAN_POINT('',(6.540292683806,9.243376024733,
    26.841164277986));
#3645 = SURFACE_CURVE('',#3646,(#3681,#3719),.PCURVE_S1.);
#3646 = B_SPLINE_CURVE_WITH_KNOTS('',5,(#3647,#3648,#3649,#3650,#3651,
    #3652,#3653,#3654,#3655,#3656,#3657,#3658,#3659,#3660,#3661,#3662,
    #3663,#3664,#3665,#3666,#3667,#3668,#3669,#3670,#3671,#3672,#3673,
    #3674,#3675,#3676,#3677,#3678,#3679,#3680),.UNSPECIFIED.,.F.,.F.,(6,
    4,4,4,4,4,4,4,6),(0.,7.640792883057E-02,0.353875639267,
    0.631490393245,0.790247054849,0.852496604542,0.888540326078,
    0.921307146352,1.),.UNSPECIFIED.);
#3647 = CARTESIAN_POINT('',(6.540292683806,9.243376024733,
    26.841164277986));
#3648 = CARTESIAN_POINT('',(6.542126785846,9.237731877402,
    26.884250596511));
#3649 = CARTESIAN_POINT('',(6.543962481417,9.232374062685,26.9273743499)
  );
#3650 = CARTESIAN_POINT('',(6.545799689431,9.227308123294,
    26.970533633296));
#3651 = CARTESIAN_POINT('',(6.547638310832,9.222536922441,
    27.013726119657));
#3652 = CARTESIAN_POINT('',(6.55615970492,9.201805488181,27.213908820505
    ));
#3653 = CARTESIAN_POINT('',(6.562858511605,9.189439655127,
    27.371275702119));
#3654 = CARTESIAN_POINT('',(6.569568354189,9.180976595607,
    27.528901836629));
#3655 = CARTESIAN_POINT('',(6.576283628859,9.176005630899,
    27.686655580474));
#3656 = CARTESIAN_POINT('',(6.589720378743,9.172019537406,
    28.002308730021));
#3657 = CARTESIAN_POINT('',(6.596442024352,9.17300766159,28.160212138573
    ));
#3658 = CARTESIAN_POINT('',(6.603161992943,9.176456144958,28.31807615099
    ));
#3659 = CARTESIAN_POINT('',(6.60987908821,9.181747266867,28.475872663932
    ));
#3660 = CARTESIAN_POINT('',(6.620433961014,9.192106980909,
    28.723825395967));
#3661 = CARTESIAN_POINT('',(6.624273180688,9.196300959772,
    28.814015493453));
#3662 = CARTESIAN_POINT('',(6.628111733626,9.200816726386,
    28.904189928124));
#3663 = CARTESIAN_POINT('',(6.631949766786,9.205559656756,
    28.994352152297));
#3664 = CARTESIAN_POINT('',(6.637292277363,9.212358790405,
    29.119857226407));
#3665 = CARTESIAN_POINT('',(6.638797021809,9.214295592683,
    29.155206349344));
#3666 = CARTESIAN_POINT('',(6.640301727602,9.216248978805,
    29.190554564271));
#3667 = CARTESIAN_POINT('',(6.641806405806,9.218214060108,
    29.225902131074));
#3668 = CARTESIAN_POINT('',(6.644182296228,9.22132811559,29.281716022168
    ));
#3669 = CARTESIAN_POINT('',(6.645053519479,9.222472394905,
    29.302182605633));
#3670 = CARTESIAN_POINT('',(6.645924739249,9.223618144183,
    29.322649107337));
#3671 = CARTESIAN_POINT('',(6.646795957588,9.224764495503,
    29.343115575418));
#3672 = CARTESIAN_POINT('',(6.648459188845,9.226952528917,
    29.382187835385));
#3673 = CARTESIAN_POINT('',(6.649251201662,9.227994251916,
    29.400793624925));
#3674 = CARTESIAN_POINT('',(6.65004321643,9.229035151543,29.419399460259
    ));
#3675 = CARTESIAN_POINT('',(6.650835234578,9.230074620354,
    29.438005375019));
#3676 = CARTESIAN_POINT('',(6.653529381081,9.23360361934,29.501295667411
    ));
#3677 = CARTESIAN_POINT('',(6.655431532034,9.236083536233,29.54598057592
    ));
#3678 = CARTESIAN_POINT('',(6.65733372946,9.238543702955,29.590666576162
    ));
#3679 = CARTESIAN_POINT('',(6.659235989788,9.240976743235,
    29.635354054086));
#3680 = CARTESIAN_POINT('',(6.661138326754,9.243376024733,
    29.680043332375));
#3681 = PCURVE('',#3590,#3682);
#3682 = DEFINITIONAL_REPRESENTATION('',(#3683),#3718);
#3683 = B_SPLINE_CURVE_WITH_KNOTS('',5,(#3684,#3685,#3686,#3687,#3688,
    #3689,#3690,#3691,#3692,#3693,#3694,#3695,#3696,#3697,#3698,#3699,
    #3700,#3701,#3702,#3703,#3704,#3705,#3706,#3707,#3708,#3709,#3710,
    #3711,#3712,#3713,#3714,#3715,#3716,#3717),.UNSPECIFIED.,.F.,.F.,(6,
    4,4,4,4,4,4,4,6),(0.,7.640792883057E-02,0.353875639267,
    0.631490393245,0.790247054849,0.852496604542,0.888540326078,
    0.921307146352,1.),.UNSPECIFIED.);
#3684 = CARTESIAN_POINT('',(9.243376024733,-2.841449974022));
#3685 = CARTESIAN_POINT('',(9.237731877402,-2.79832463606));
#3686 = CARTESIAN_POINT('',(9.232374062685,-2.755161829332));
#3687 = CARTESIAN_POINT('',(9.227308123294,-2.711963460422));
#3688 = CARTESIAN_POINT('',(9.222536922441,-2.668731858477));
#3689 = CARTESIAN_POINT('',(9.201805488181,-2.468367870006));
#3690 = CARTESIAN_POINT('',(9.189439655127,-2.310858475239));
#3691 = CARTESIAN_POINT('',(9.180976595607,-2.153089592794));
#3692 = CARTESIAN_POINT('',(9.176005630899,-1.995192985448));
#3693 = CARTESIAN_POINT('',(9.172019537406,-1.679253976989));
#3694 = CARTESIAN_POINT('',(9.17300766159,-1.5212075694));
#3695 = CARTESIAN_POINT('',(9.176456144958,-1.363200593622));
#3696 = CARTESIAN_POINT('',(9.181747266867,-1.205261178449));
#3697 = CARTESIAN_POINT('',(9.192106980909,-0.957083897732));
#3698 = CARTESIAN_POINT('',(9.196300959772,-0.866812123117));
#3699 = CARTESIAN_POINT('',(9.200816726386,-0.7765560255));
#3700 = CARTESIAN_POINT('',(9.205559656756,-0.68631214944));
#3701 = CARTESIAN_POINT('',(9.212358790405,-0.560693416575));
#3702 = CARTESIAN_POINT('',(9.214295592683,-0.525312281089));
#3703 = CARTESIAN_POINT('',(9.216248978805,-0.489932054437));
#3704 = CARTESIAN_POINT('',(9.218214060108,-0.454552476493));
#3705 = CARTESIAN_POINT('',(9.22132811559,-0.398688039735));
#3706 = CARTESIAN_POINT('',(9.222472394905,-0.378202921511));
#3707 = CARTESIAN_POINT('',(9.223618144183,-0.357717885121));
#3708 = CARTESIAN_POINT('',(9.224764495503,-0.337232882385));
#3709 = CARTESIAN_POINT('',(9.226952528917,-0.298125238156));
#3710 = CARTESIAN_POINT('',(9.227994251916,-0.27950259901));
#3711 = CARTESIAN_POINT('',(9.229035151543,-0.260879914031));
#3712 = CARTESIAN_POINT('',(9.230074620354,-0.242257149553));
#3713 = CARTESIAN_POINT('',(9.23360361934,-0.178909540786));
#3714 = CARTESIAN_POINT('',(9.236083536233,-0.13418416514));
#3715 = CARTESIAN_POINT('',(9.238543702955,-8.945769677182E-02));
#3716 = CARTESIAN_POINT('',(9.240976743235,-4.472974938341E-02));
#3717 = CARTESIAN_POINT('',(9.243376024733,0.));
#3718 = ( GEOMETRIC_REPRESENTATION_CONTEXT(2) 
PARAMETRIC_REPRESENTATION_CONTEXT() REPRESENTATION_CONTEXT('2D SPACE',''
  ) );
#3719 = PCURVE('',#560,#3720);
#3720 = DEFINITIONAL_REPRESENTATION('',(#3721),#3756);
#3721 = B_SPLINE_CURVE_WITH_KNOTS('',5,(#3722,#3723,#3724,#3725,#3726,
    #3727,#3728,#3729,#3730,#3731,#3732,#3733,#3734,#3735,#3736,#3737,
    #3738,#3739,#3740,#3741,#3742,#3743,#3744,#3745,#3746,#3747,#3748,
    #3749,#3750,#3751,#3752,#3753,#3754,#3755),.UNSPECIFIED.,.F.,.F.,(6,
    4,4,4,4,4,4,4,6),(0.,7.640792883057E-02,0.353875639267,
    0.631490393245,0.790247054849,0.852496604542,0.888540326078,
    0.921307146352,1.),.UNSPECIFIED.);
#3722 = CARTESIAN_POINT('',(0.152457980572,0.122679498285));
#3723 = CARTESIAN_POINT('',(0.152404254219,0.124562114928));
#3724 = CARTESIAN_POINT('',(0.152353114064,0.126445382771));
#3725 = CARTESIAN_POINT('',(0.152304617726,0.128329189114));
#3726 = CARTESIAN_POINT('',(0.152258798745,0.130213413338));
#3727 = CARTESIAN_POINT('',(0.152059036457,0.138941348386));
#3728 = CARTESIAN_POINT('',(0.151937840436,0.145788822213));
#3729 = CARTESIAN_POINT('',(0.15185262048,0.152633460108));
#3730 = CARTESIAN_POINT('',(0.151800127935,0.159470673411));
#3731 = CARTESIAN_POINT('',(0.151752026197,0.173128823991));
#3732 = CARTESIAN_POINT('',(0.151756449651,0.179949922225));
#3733 = CARTESIAN_POINT('',(0.151785015365,0.186759691647));
#3734 = CARTESIAN_POINT('',(0.15183245755,0.19355912418));
#3735 = CARTESIAN_POINT('',(0.151929485302,0.204235000133));
#3736 = CARTESIAN_POINT('',(0.151969456747,0.208116489353));
#3737 = CARTESIAN_POINT('',(0.152013226163,0.211995959301));
#3738 = CARTESIAN_POINT('',(0.152059996795,0.21587393964));
#3739 = CARTESIAN_POINT('',(0.152128282496,0.22127121929));
#3740 = CARTESIAN_POINT('',(0.152147867171,0.222791297088));
#3741 = CARTESIAN_POINT('',(0.152167759851,0.224311264883));
#3742 = CARTESIAN_POINT('',(0.15218791978,0.225831154781));
#3743 = CARTESIAN_POINT('',(0.152220113947,0.22823101738));
#3744 = CARTESIAN_POINT('',(0.152231996113,0.229111021061));
#3745 = CARTESIAN_POINT('',(0.152243947518,0.229991015132));
#3746 = CARTESIAN_POINT('',(0.152255960965,0.230871005482));
#3747 = CARTESIAN_POINT('',(0.152279000887,0.232550986029));
#3748 = CARTESIAN_POINT('',(0.152290017795,0.233350975873));
#3749 = CARTESIAN_POINT('',(0.152301075052,0.234150971676));
#3750 = CARTESIAN_POINT('',(0.152312167643,0.234950977609));
#3751 = CARTESIAN_POINT('',(0.152350003996,0.237672327403));
#3752 = CARTESIAN_POINT('',(0.152376893221,0.239593738725));
#3753 = CARTESIAN_POINT('',(0.152403891542,0.241515287814));
#3754 = CARTESIAN_POINT('',(0.152430938515,0.243437025422));
#3755 = CARTESIAN_POINT('',(0.152457980125,0.245358996917));
#3756 = ( GEOMETRIC_REPRESENTATION_CONTEXT(2) 
PARAMETRIC_REPRESENTATION_CONTEXT() REPRESENTATION_CONTEXT('2D SPACE',''
  ) );
#3757 = ORIENTED_EDGE('',*,*,#3758,.T.);
#3758 = EDGE_CURVE('',#3643,#3759,#3761,.T.);
#3759 = VERTEX_POINT('',#3760);
#3760 = CARTESIAN_POINT('',(6.540292683806,13.795379683862,
    26.841164277986));
#3761 = SURFACE_CURVE('',#3762,(#3766,#3773),.PCURVE_S1.);
#3762 = LINE('',#3763,#3764);
#3763 = CARTESIAN_POINT('',(6.540292683806,0.,26.841164277986));
#3764 = VECTOR('',#3765,1.);
#3765 = DIRECTION('',(0.,1.,0.));
#3766 = PCURVE('',#3590,#3767);
#3767 = DEFINITIONAL_REPRESENTATION('',(#3768),#3772);
#3768 = LINE('',#3769,#3770);
#3769 = CARTESIAN_POINT('',(0.,-2.841449974022));
#3770 = VECTOR('',#3771,1.);
#3771 = DIRECTION('',(1.,0.));
#3772 = ( GEOMETRIC_REPRESENTATION_CONTEXT(2) 
PARAMETRIC_REPRESENTATION_CONTEXT() REPRESENTATION_CONTEXT('2D SPACE',''
  ) );
#3773 = PCURVE('',#3774,#3779);
#3774 = PLANE('',#3775);
#3775 = AXIS2_PLACEMENT_3D('',#3776,#3777,#3778);
#3776 = CARTESIAN_POINT('',(6.540292683806,0.,26.841164277986));
#3777 = DIRECTION('',(0.999899454138,0.,-1.418032489568E-02));
#3778 = DIRECTION('',(0.,1.,0.));
#3779 = DEFINITIONAL_REPRESENTATION('',(#3780),#3784);
#3780 = LINE('',#3781,#3782);
#3781 = CARTESIAN_POINT('',(0.,0.));
#3782 = VECTOR('',#3783,1.);
#3783 = DIRECTION('',(1.,0.));
#3784 = ( GEOMETRIC_REPRESENTATION_CONTEXT(2) 
PARAMETRIC_REPRESENTATION_CONTEXT() REPRESENTATION_CONTEXT('2D SPACE',''
  ) );
#3785 = ORIENTED_EDGE('',*,*,#3786,.T.);
#3786 = EDGE_CURVE('',#3759,#3575,#3787,.T.);
#3787 = SURFACE_CURVE('',#3788,(#3800,#3815),.PCURVE_S1.);
#3788 = B_SPLINE_CURVE_WITH_KNOTS('',4,(#3789,#3790,#3791,#3792,#3793,
    #3794,#3795,#3796,#3797,#3798,#3799),.UNSPECIFIED.,.F.,.F.,(5,3,3,5)
  ,(0.,0.504000059434,0.504475182643,1.),.UNSPECIFIED.);
#3789 = CARTESIAN_POINT('',(6.540292683806,13.795379683862,
    26.841164277986));
#3790 = CARTESIAN_POINT('',(6.555519014447,13.79298763304,
    27.198857861932));
#3791 = CARTESIAN_POINT('',(6.570745568413,13.791396057652,
    27.556556692195));
#3792 = CARTESIAN_POINT('',(6.58597223446,13.79060987548,27.914258155439
    ));
#3793 = CARTESIAN_POINT('',(6.601213252814,13.790629067979,
    28.272296779893));
#3794 = CARTESIAN_POINT('',(6.601227607061,13.790629086771,
    28.272633986689));
#3795 = CARTESIAN_POINT('',(6.601241961308,13.790629106278,
    28.272971193484));
#3796 = CARTESIAN_POINT('',(6.616226928766,13.790650217826,
    28.624994727048));
#3797 = CARTESIAN_POINT('',(6.631197540164,13.791449807674,
    28.976681011235));
#3798 = CARTESIAN_POINT('',(6.646168041393,13.793027851837,
    29.328364707378));
#3799 = CARTESIAN_POINT('',(6.661138326754,13.795379676499,
    29.680043332375));
#3800 = PCURVE('',#3590,#3801);
#3801 = DEFINITIONAL_REPRESENTATION('',(#3802),#3814);
#3802 = B_SPLINE_CURVE_WITH_KNOTS('',4,(#3803,#3804,#3805,#3806,#3807,
    #3808,#3809,#3810,#3811,#3812,#3813),.UNSPECIFIED.,.F.,.F.,(5,3,3,5)
  ,(0.,0.504000059434,0.504475182643,1.),.UNSPECIFIED.);
#3803 = CARTESIAN_POINT('',(13.795379683862,-2.841449974022));
#3804 = CARTESIAN_POINT('',(13.79298763304,-2.48343245889));
#3805 = CARTESIAN_POINT('',(13.791396057652,-2.125409692691));
#3806 = CARTESIAN_POINT('',(13.79060987548,-1.767384291125));
#3807 = CARTESIAN_POINT('',(13.790629067979,-1.409021423014));
#3808 = CARTESIAN_POINT('',(13.790629086771,-1.40868391084));
#3809 = CARTESIAN_POINT('',(13.790629106278,-1.408346398666));
#3810 = CARTESIAN_POINT('',(13.790650217826,-1.056004068776));
#3811 = CARTESIAN_POINT('',(13.791449807674,-0.70399929368));
#3812 = CARTESIAN_POINT('',(13.793027851837,-0.35199710897));
#3813 = CARTESIAN_POINT('',(13.795379676499,0.));
#3814 = ( GEOMETRIC_REPRESENTATION_CONTEXT(2) 
PARAMETRIC_REPRESENTATION_CONTEXT() REPRESENTATION_CONTEXT('2D SPACE',''
  ) );
#3815 = PCURVE('',#99,#3816);
#3816 = DEFINITIONAL_REPRESENTATION('',(#3817),#3829);
#3817 = B_SPLINE_CURVE_WITH_KNOTS('',4,(#3818,#3819,#3820,#3821,#3822,
    #3823,#3824,#3825,#3826,#3827,#3828),.UNSPECIFIED.,.F.,.F.,(5,3,3,5)
  ,(0.,0.504000059434,0.504475182643,1.),.UNSPECIFIED.);
#3818 = CARTESIAN_POINT('',(0.179920799757,0.125000000025));
#3819 = CARTESIAN_POINT('',(0.179862229493,0.140747660684));
#3820 = CARTESIAN_POINT('',(0.179823320173,0.156497680268));
#3821 = CARTESIAN_POINT('',(0.179804099997,0.172248871973));
#3822 = CARTESIAN_POINT('',(0.179804569205,0.188014893294));
#3823 = CARTESIAN_POINT('',(0.179804569664,0.188029741998));
#3824 = CARTESIAN_POINT('',(0.179804570141,0.188044590701));
#3825 = CARTESIAN_POINT('',(0.179805086266,0.203545740964));
#3826 = CARTESIAN_POINT('',(0.179824632703,0.219032022432));
#3827 = CARTESIAN_POINT('',(0.179863215485,0.234517151135));
#3828 = CARTESIAN_POINT('',(0.179920800798,0.249999999847));
#3829 = ( GEOMETRIC_REPRESENTATION_CONTEXT(2) 
PARAMETRIC_REPRESENTATION_CONTEXT() REPRESENTATION_CONTEXT('2D SPACE',''
  ) );
#3830 = ORIENTED_EDGE('',*,*,#3574,.F.);
#3831 = ADVANCED_FACE('',(#3832),#3774,.F.);
#3832 = FACE_BOUND('',#3833,.F.);
#3833 = EDGE_LOOP('',(#3834,#3972,#3993,#4038));
#3834 = ORIENTED_EDGE('',*,*,#3835,.F.);
#3835 = EDGE_CURVE('',#524,#3643,#3836,.T.);
#3836 = SURFACE_CURVE('',#3837,(#3880,#3926),.PCURVE_S1.);
#3837 = B_SPLINE_CURVE_WITH_KNOTS('',5,(#3838,#3839,#3840,#3841,#3842,
    #3843,#3844,#3845,#3846,#3847,#3848,#3849,#3850,#3851,#3852,#3853,
    #3854,#3855,#3856,#3857,#3858,#3859,#3860,#3861,#3862,#3863,#3864,
    #3865,#3866,#3867,#3868,#3869,#3870,#3871,#3872,#3873,#3874,#3875,
    #3876,#3877,#3878,#3879),.UNSPECIFIED.,.F.,.F.,(6,4,4,4,4,4,4,4,4,4,
    6),(0.,0.122043681402,0.250513515801,0.316216517875,0.451980609607,
    0.578683655401,0.637380991701,0.679428033512,0.698465031689,
    0.765849044863,1.),.UNSPECIFIED.);
#3838 = CARTESIAN_POINT('',(6.5,9.243376024733,24.));
#3839 = CARTESIAN_POINT('',(6.500818859762,9.285309564563,
    24.057740385681));
#3840 = CARTESIAN_POINT('',(6.501671152124,9.324016233694,24.11783820955
    ));
#3841 = CARTESIAN_POINT('',(6.502555892067,9.3590238811,24.180224014687)
  );
#3842 = CARTESIAN_POINT('',(6.503470515291,9.389916018093,
    24.244716984282));
#3843 = CARTESIAN_POINT('',(6.505397525372,9.444551097058,24.38059654574
    ));
#3844 = CARTESIAN_POINT('',(6.506412912668,9.467843709677,
    24.452194708047));
#3845 = CARTESIAN_POINT('',(6.507448633966,9.486206229454,
    24.525226684959));
#3846 = CARTESIAN_POINT('',(6.508497801244,9.499886745676,
    24.599206780345));
#3847 = CARTESIAN_POINT('',(6.510094503132,9.514192565997,
    24.711795268846));
#3848 = CARTESIAN_POINT('',(6.510636763321,9.517931274224,
    24.750031745864));
#3849 = CARTESIAN_POINT('',(6.511180279563,9.52063032108,24.788356791146
    ));
#3850 = CARTESIAN_POINT('',(6.511724480065,9.522364968816,
    24.826730085743));
#3851 = CARTESIAN_POINT('',(6.513394021549,9.524962155522,24.94445472399
    ));
#3852 = CARTESIAN_POINT('',(6.514520097322,9.522921282764,
    25.023857880034));
#3853 = CARTESIAN_POINT('',(6.515643996014,9.517775891879,
    25.103107523271));
#3854 = CARTESIAN_POINT('',(6.516764376103,9.510208139502,
    25.182109058669));
#3855 = CARTESIAN_POINT('',(6.51892441165,9.491936624679,25.334419981074
    ));
#3856 = CARTESIAN_POINT('',(6.519964301648,9.481477895517,
    25.407745906177));
#3857 = CARTESIAN_POINT('',(6.52100157892,9.469825668739,25.480887599713
    ));
#3858 = CARTESIAN_POINT('',(6.52203674012,9.457341169528,25.553880082394
    ));
#3859 = CARTESIAN_POINT('',(6.523549522084,9.438279846621,25.6605511122)
  );
#3860 = CARTESIAN_POINT('',(6.52402817074,9.432128912774,25.69430213931)
  );
#3861 = CARTESIAN_POINT('',(6.524506591842,9.425890781022,
    25.728037120866));
#3862 = CARTESIAN_POINT('',(6.524984850416,9.419591652642,
    25.761760642042));
#3863 = CARTESIAN_POINT('',(6.525805532144,9.408715765364,
    25.819629500315));
#3864 = CARTESIAN_POINT('',(6.526148003513,9.404157310324,
    25.843778237204));
#3865 = CARTESIAN_POINT('',(6.526490446387,9.399588235882,
    25.867924964874));
#3866 = CARTESIAN_POINT('',(6.526832882159,9.39501655294,25.892071191688
    ));
#3867 = CARTESIAN_POINT('',(6.527330375976,9.388381959663,
    25.927151050565));
#3868 = CARTESIAN_POINT('',(6.527485423822,9.386315251853,
    25.938083963433));
#3869 = CARTESIAN_POINT('',(6.527640476127,9.384250210939,
    25.949017190674));
#3870 = CARTESIAN_POINT('',(6.527795534654,9.3821874995,25.959950856748)
  );
#3871 = CARTESIAN_POINT('',(6.528499479602,9.372837017302,26.00958823628
    ));
#3872 = CARTESIAN_POINT('',(6.529048457099,9.365583494617,
    26.048298371907));
#3873 = CARTESIAN_POINT('',(6.529597608864,9.358395399739,
    26.087020795692));
#3874 = CARTESIAN_POINT('',(6.530146996996,9.351297560451,
    26.125759886441));
#3875 = CARTESIAN_POINT('',(6.53260671629,9.320035464767,26.299202455508
    ));
#3876 = CARTESIAN_POINT('',(6.534520255959,9.297108273867,26.43413217566
    ));
#3877 = CARTESIAN_POINT('',(6.536439195458,9.276433665048,
    26.569442654955));
#3878 = CARTESIAN_POINT('',(6.538363725465,9.258466494997,
    26.705147338565));
#3879 = CARTESIAN_POINT('',(6.540292683806,9.243376024733,
    26.841164277986));
#3880 = PCURVE('',#3774,#3881);
#3881 = DEFINITIONAL_REPRESENTATION('',(#3882),#3925);
#3882 = B_SPLINE_CURVE_WITH_KNOTS('',5,(#3883,#3884,#3885,#3886,#3887,
    #3888,#3889,#3890,#3891,#3892,#3893,#3894,#3895,#3896,#3897,#3898,
    #3899,#3900,#3901,#3902,#3903,#3904,#3905,#3906,#3907,#3908,#3909,
    #3910,#3911,#3912,#3913,#3914,#3915,#3916,#3917,#3918,#3919,#3920,
    #3921,#3922,#3923,#3924),.UNSPECIFIED.,.F.,.F.,(6,4,4,4,4,4,4,4,4,4,
    6),(0.,0.122043681402,0.250513515801,0.316216517875,0.451980609607,
    0.578683655401,0.637380991701,0.679428033512,0.698465031689,
    0.765849044863,1.),.UNSPECIFIED.);
#3883 = CARTESIAN_POINT('',(9.243376024733,-2.841449974022));
#3884 = CARTESIAN_POINT('',(9.285309564563,-2.7837037822));
#3885 = CARTESIAN_POINT('',(9.324016233694,-2.723599915136));
#3886 = CARTESIAN_POINT('',(9.3590238811,-2.661207836734));
#3887 = CARTESIAN_POINT('',(9.389916018093,-2.596708381986));
#3888 = CARTESIAN_POINT('',(9.444551097058,-2.460815157027));
#3889 = CARTESIAN_POINT('',(9.467843709677,-2.389209795096));
#3890 = CARTESIAN_POINT('',(9.486206229454,-2.316170474383));
#3891 = CARTESIAN_POINT('',(9.499886745676,-2.242182939857));
#3892 = CARTESIAN_POINT('',(9.514192565997,-2.12958312991));
#3893 = CARTESIAN_POINT('',(9.517931274224,-2.091342807986));
#3894 = CARTESIAN_POINT('',(9.52063032108,-2.053013908892));
#3895 = CARTESIAN_POINT('',(9.522364968816,-2.014636755632));
#3896 = CARTESIAN_POINT('',(9.524962155522,-1.896900279469));
#3897 = CARTESIAN_POINT('',(9.522921282764,-1.817489138963));
#3898 = CARTESIAN_POINT('',(9.517775891879,-1.738231526702));
#3899 = CARTESIAN_POINT('',(9.510208139502,-1.659222047227));
#3900 = CARTESIAN_POINT('',(9.491936624679,-1.506895809049));
#3901 = CARTESIAN_POINT('',(9.481477895517,-1.433562510586));
#3902 = CARTESIAN_POINT('',(9.469825668739,-1.360413462217));
#3903 = CARTESIAN_POINT('',(9.457341169528,-1.287413639706));
#3904 = CARTESIAN_POINT('',(9.438279846621,-1.18073188349));
#3905 = CARTESIAN_POINT('',(9.432128912774,-1.146977462514));
#3906 = CARTESIAN_POINT('',(9.425890781022,-1.113239088704));
#3907 = CARTESIAN_POINT('',(9.419591652642,-1.079512176426));
#3908 = CARTESIAN_POINT('',(9.408715765364,-1.021637499093));
#3909 = CARTESIAN_POINT('',(9.404157310324,-0.997486333904));
#3910 = CARTESIAN_POINT('',(9.399588235882,-0.973337178137));
#3911 = CARTESIAN_POINT('',(9.39501655294,-0.949188523276));
#3912 = CARTESIAN_POINT('',(9.388381959663,-0.914105136909));
#3913 = CARTESIAN_POINT('',(9.386315251853,-0.903171124671));
#3914 = CARTESIAN_POINT('',(9.384250210939,-0.89223679803));
#3915 = CARTESIAN_POINT('',(9.3821874995,-0.88130203251));
#3916 = CARTESIAN_POINT('',(9.372837017302,-0.831659661643));
#3917 = CARTESIAN_POINT('',(9.365583494617,-0.792945633481));
#3918 = CARTESIAN_POINT('',(9.358395399739,-0.754219315925));
#3919 = CARTESIAN_POINT('',(9.351297560451,-0.715476329729));
#3920 = CARTESIAN_POINT('',(9.320035464767,-0.542016319976));
#3921 = CARTESIAN_POINT('',(9.297108273867,-0.407073031834));
#3922 = CARTESIAN_POINT('',(9.276433665048,-0.271748946263));
#3923 = CARTESIAN_POINT('',(9.258466494997,-0.136030616736));
#3924 = CARTESIAN_POINT('',(9.243376024733,0.));
#3925 = ( GEOMETRIC_REPRESENTATION_CONTEXT(2) 
PARAMETRIC_REPRESENTATION_CONTEXT() REPRESENTATION_CONTEXT('2D SPACE',''
  ) );
#3926 = PCURVE('',#560,#3927);
#3927 = DEFINITIONAL_REPRESENTATION('',(#3928),#3971);
#3928 = B_SPLINE_CURVE_WITH_KNOTS('',5,(#3929,#3930,#3931,#3932,#3933,
    #3934,#3935,#3936,#3937,#3938,#3939,#3940,#3941,#3942,#3943,#3944,
    #3945,#3946,#3947,#3948,#3949,#3950,#3951,#3952,#3953,#3954,#3955,
    #3956,#3957,#3958,#3959,#3960,#3961,#3962,#3963,#3964,#3965,#3966,
    #3967,#3968,#3969,#3970),.UNSPECIFIED.,.F.,.F.,(6,4,4,4,4,4,4,4,4,4,
    6),(0.,0.122043681402,0.250513515801,0.316216517875,0.451980609607,
    0.578683655401,0.637380991701,0.679428033512,0.698465031689,
    0.765849044863,1.),.UNSPECIFIED.);
#3929 = CARTESIAN_POINT('',(0.152457980126,0.));
#3930 = CARTESIAN_POINT('',(0.152797217669,2.347074750946E-03));
#3931 = CARTESIAN_POINT('',(0.153107139735,4.804470998341E-03));
#3932 = CARTESIAN_POINT('',(0.153384726226,7.371359024611E-03));
#3933 = CARTESIAN_POINT('',(0.153627536331,1.004206236573E-02));
#3934 = CARTESIAN_POINT('',(0.154053477749,1.570392543549E-02));
#3935 = CARTESIAN_POINT('',(0.154232882496,1.870569075145E-02));
#3936 = CARTESIAN_POINT('',(0.15437251561,2.178634015397E-02));
#3937 = CARTESIAN_POINT('',(0.154474988412,2.49246611034E-02));
#3938 = CARTESIAN_POINT('',(0.154579766084,2.972471705396E-02));
#3939 = CARTESIAN_POINT('',(0.154606554326,3.13589892953E-02));
#3940 = CARTESIAN_POINT('',(0.154625214235,3.300095040016E-02));
#3941 = CARTESIAN_POINT('',(0.154636366345,3.464862517504E-02));
#3942 = CARTESIAN_POINT('',(0.154649444613,3.971386615888E-02));
#3943 = CARTESIAN_POINT('',(0.154628845401,4.31447209139E-02));
#3944 = CARTESIAN_POINT('',(0.154584378429,4.658111686054E-02));
#3945 = CARTESIAN_POINT('',(0.154521373297,5.001652053813E-02));
#3946 = CARTESIAN_POINT('',(0.154371889702,5.665490316572E-02));
#3947 = CARTESIAN_POINT('',(0.154287274473,5.985758991529E-02));
#3948 = CARTESIAN_POINT('',(0.154193684538,6.305742534079E-02));
#3949 = CARTESIAN_POINT('',(0.15409394907,6.62545547093E-02));
#3950 = CARTESIAN_POINT('',(0.153942388578,7.093076178039E-02));
#3951 = CARTESIAN_POINT('',(0.153893581765,7.241090447324E-02));
#3952 = CARTESIAN_POINT('',(0.153844181696,7.389080689363E-02));
#3953 = CARTESIAN_POINT('',(0.153794397725,7.537056616848E-02));
#3954 = CARTESIAN_POINT('',(0.153708616915,7.791025822879E-02));
#3955 = CARTESIAN_POINT('',(0.15367271517,7.897021078589E-02));
#3956 = CARTESIAN_POINT('',(0.153636783049,8.003017686605E-02));
#3957 = CARTESIAN_POINT('',(0.15360088549,8.109019038928E-02));
#3958 = CARTESIAN_POINT('',(0.153548872945,8.263024507392E-02));
#3959 = CARTESIAN_POINT('',(0.153532682552,8.311022327271E-02));
#3960 = CARTESIAN_POINT('',(0.153516517214,8.359022057954E-02));
#3961 = CARTESIAN_POINT('',(0.153500382356,8.407023976669E-02));
#3962 = CARTESIAN_POINT('',(0.153427298172,8.624946264578E-02));
#3963 = CARTESIAN_POINT('',(0.153370760903,8.79489483454E-02));
#3964 = CARTESIAN_POINT('',(0.153314903326,8.964885864912E-02));
#3965 = CARTESIAN_POINT('',(0.153259931731,9.134928385371E-02));
#3966 = CARTESIAN_POINT('',(0.153018713922,9.896105622113E-02));
#3967 = CARTESIAN_POINT('',(0.152844280343,0.104878946644));
#3968 = CARTESIAN_POINT('',(0.152690333824,0.110806122225));
#3969 = CARTESIAN_POINT('',(0.152561023586,0.116741144678));
#3970 = CARTESIAN_POINT('',(0.152457980747,0.122679498211));
#3971 = ( GEOMETRIC_REPRESENTATION_CONTEXT(2) 
PARAMETRIC_REPRESENTATION_CONTEXT() REPRESENTATION_CONTEXT('2D SPACE',''
  ) );
#3972 = ORIENTED_EDGE('',*,*,#3973,.T.);
#3973 = EDGE_CURVE('',#524,#58,#3974,.T.);
#3974 = SURFACE_CURVE('',#3975,(#3979,#3986),.PCURVE_S1.);
#3975 = LINE('',#3976,#3977);
#3976 = CARTESIAN_POINT('',(6.5,0.,24.));
#3977 = VECTOR('',#3978,1.);
#3978 = DIRECTION('',(0.,1.,0.));
#3979 = PCURVE('',#3774,#3980);
#3980 = DEFINITIONAL_REPRESENTATION('',(#3981),#3985);
#3981 = LINE('',#3982,#3983);
#3982 = CARTESIAN_POINT('',(0.,-2.841449974022));
#3983 = VECTOR('',#3984,1.);
#3984 = DIRECTION('',(1.,0.));
#3985 = ( GEOMETRIC_REPRESENTATION_CONTEXT(2) 
PARAMETRIC_REPRESENTATION_CONTEXT() REPRESENTATION_CONTEXT('2D SPACE',''
  ) );
#3986 = PCURVE('',#72,#3987);
#3987 = DEFINITIONAL_REPRESENTATION('',(#3988),#3992);
#3988 = LINE('',#3989,#3990);
#3989 = CARTESIAN_POINT('',(0.,0.));
#3990 = VECTOR('',#3991,1.);
#3991 = DIRECTION('',(1.,0.));
#3992 = ( GEOMETRIC_REPRESENTATION_CONTEXT(2) 
PARAMETRIC_REPRESENTATION_CONTEXT() REPRESENTATION_CONTEXT('2D SPACE',''
  ) );
#3993 = ORIENTED_EDGE('',*,*,#3994,.T.);
#3994 = EDGE_CURVE('',#58,#3759,#3995,.T.);
#3995 = SURFACE_CURVE('',#3996,(#4008,#4023),.PCURVE_S1.);
#3996 = B_SPLINE_CURVE_WITH_KNOTS('',4,(#3997,#3998,#3999,#4000,#4001,
    #4002,#4003,#4004,#4005,#4006,#4007),.UNSPECIFIED.,.F.,.F.,(5,3,3,5)
  ,(0.,0.496000323801,0.505183296294,1.),.UNSPECIFIED.);
#3997 = CARTESIAN_POINT('',(6.5,13.795379680657,24.));
#3998 = CARTESIAN_POINT('',(6.504996223158,13.793025603408,
    24.352299460369));
#3999 = CARTESIAN_POINT('',(6.509992518431,13.791446789997,
    24.704604005745));
#4000 = CARTESIAN_POINT('',(6.514988850471,13.790647928273,
    25.056911143714));
#4001 = CARTESIAN_POINT('',(6.520077685377,13.790628709538,
    25.415740950658));
#4002 = CARTESIAN_POINT('',(6.520170187705,13.790628627547,
    25.422263581702));
#4003 = CARTESIAN_POINT('',(6.520262690033,13.790628812914,
    25.42878621274));
#4004 = CARTESIAN_POINT('',(6.525339602033,13.790653660322,
    25.786775297945));
#4005 = CARTESIAN_POINT('',(6.530324010999,13.791454328962,
    26.138241702388));
#4006 = CARTESIAN_POINT('',(6.535308383288,13.793031221216,
    26.489705520556));
#4007 = CARTESIAN_POINT('',(6.540292683806,13.795379683862,
    26.841164277986));
#4008 = PCURVE('',#3774,#4009);
#4009 = DEFINITIONAL_REPRESENTATION('',(#4010),#4022);
#4010 = B_SPLINE_CURVE_WITH_KNOTS('',4,(#4011,#4012,#4013,#4014,#4015,
    #4016,#4017,#4018,#4019,#4020,#4021),.UNSPECIFIED.,.F.,.F.,(5,3,3,5)
  ,(0.,0.496000323801,0.505183296294,1.),.UNSPECIFIED.);
#4011 = CARTESIAN_POINT('',(13.795379680657,-2.841449974022));
#4012 = CARTESIAN_POINT('',(13.793025603408,-2.489115087838));
#4013 = CARTESIAN_POINT('',(13.791446789997,-2.136775116136));
#4014 = CARTESIAN_POINT('',(13.790647928273,-1.784432551581));
#4015 = CARTESIAN_POINT('',(13.790628709538,-1.425566662156));
#4016 = CARTESIAN_POINT('',(13.790628627547,-1.419043375223));
#4017 = CARTESIAN_POINT('',(13.790628812914,-1.412520088295));
#4018 = CARTESIAN_POINT('',(13.790653660322,-1.054495005149));
#4019 = CARTESIAN_POINT('',(13.791454328962,-0.702993258661));
#4020 = CARTESIAN_POINT('',(13.793031221216,-0.351494098706));
#4021 = CARTESIAN_POINT('',(13.795379683862,0.));
#4022 = ( GEOMETRIC_REPRESENTATION_CONTEXT(2) 
PARAMETRIC_REPRESENTATION_CONTEXT() REPRESENTATION_CONTEXT('2D SPACE',''
  ) );
#4023 = PCURVE('',#99,#4024);
#4024 = DEFINITIONAL_REPRESENTATION('',(#4025),#4037);
#4025 = B_SPLINE_CURVE_WITH_KNOTS('',4,(#4026,#4027,#4028,#4029,#4030,
    #4031,#4032,#4033,#4034,#4035,#4036),.UNSPECIFIED.,.F.,.F.,(5,3,3,5)
  ,(0.,0.496000323801,0.505183296294,1.),.UNSPECIFIED.);
#4026 = CARTESIAN_POINT('',(0.179920799678,0.));
#4027 = CARTESIAN_POINT('',(0.179863159211,1.549770614638E-02));
#4028 = CARTESIAN_POINT('',(0.179824560453,3.099769689277E-02));
#4029 = CARTESIAN_POINT('',(0.179805030292,4.649884109406E-02));
#4030 = CARTESIAN_POINT('',(0.179804560442,6.228699262526E-02));
#4031 = CARTESIAN_POINT('',(0.179804558438,6.25739818534E-02));
#4032 = CARTESIAN_POINT('',(0.179804562969,6.286097108046E-02));
#4033 = CARTESIAN_POINT('',(0.179805170426,7.861213156042E-02));
#4034 = CARTESIAN_POINT('',(0.179824744766,9.407627940111E-02));
#4035 = CARTESIAN_POINT('',(0.179863296765,0.109539276579));
#4036 = CARTESIAN_POINT('',(0.179920799756,0.125000000025));
#4037 = ( GEOMETRIC_REPRESENTATION_CONTEXT(2) 
PARAMETRIC_REPRESENTATION_CONTEXT() REPRESENTATION_CONTEXT('2D SPACE',''
  ) );
#4038 = ORIENTED_EDGE('',*,*,#3758,.F.);
#4039 = ADVANCED_FACE('',(#4040),#2015,.T.);
#4040 = FACE_BOUND('',#4041,.T.);
#4041 = EDGE_LOOP('',(#4042,#4043,#4044,#4063));
#4042 = ORIENTED_EDGE('',*,*,#2104,.F.);
#4043 = ORIENTED_EDGE('',*,*,#2209,.F.);
#4044 = ORIENTED_EDGE('',*,*,#4045,.F.);
#4045 = EDGE_CURVE('',#1973,#2183,#4046,.T.);
#4046 = SURFACE_CURVE('',#4047,(#4051,#4057),.PCURVE_S1.);
#4047 = LINE('',#4048,#4049);
#4048 = CARTESIAN_POINT('',(13.566881107221,0.,66.02521944247));
#4049 = VECTOR('',#4050,1.);
#4050 = DIRECTION('',(-0.,1.,0.));
#4051 = PCURVE('',#2015,#4052);
#4052 = DEFINITIONAL_REPRESENTATION('',(#4053),#4056);
#4053 = B_SPLINE_CURVE_WITH_KNOTS('',1,(#4054,#4055),.UNSPECIFIED.,.F.,
  .F.,(2,2),(0.,10.65),.PIECEWISE_BEZIER_KNOTS.);
#4054 = CARTESIAN_POINT('',(6.5,0.));
#4055 = CARTESIAN_POINT('',(6.5,10.65));
#4056 = ( GEOMETRIC_REPRESENTATION_CONTEXT(2) 
PARAMETRIC_REPRESENTATION_CONTEXT() REPRESENTATION_CONTEXT('2D SPACE',''
  ) );
#4057 = PCURVE('',#1987,#4058);
#4058 = DEFINITIONAL_REPRESENTATION('',(#4059),#4062);
#4059 = B_SPLINE_CURVE_WITH_KNOTS('',1,(#4060,#4061),.UNSPECIFIED.,.F.,
  .F.,(2,2),(0.,10.65),.PIECEWISE_BEZIER_KNOTS.);
#4060 = CARTESIAN_POINT('',(0.,-1.));
#4061 = CARTESIAN_POINT('',(10.65,-1.));
#4062 = ( GEOMETRIC_REPRESENTATION_CONTEXT(2) 
PARAMETRIC_REPRESENTATION_CONTEXT() REPRESENTATION_CONTEXT('2D SPACE',''
  ) );
#4063 = ORIENTED_EDGE('',*,*,#1998,.F.);
#4064 = ADVANCED_FACE('',(#4065),#1987,.F.);
#4065 = FACE_BOUND('',#4066,.F.);
#4066 = EDGE_LOOP('',(#4067,#4068,#4069,#4070,#4071));
#4067 = ORIENTED_EDGE('',*,*,#1972,.F.);
#4068 = ORIENTED_EDGE('',*,*,#2722,.T.);
#4069 = ORIENTED_EDGE('',*,*,#2270,.T.);
#4070 = ORIENTED_EDGE('',*,*,#2182,.F.);
#4071 = ORIENTED_EDGE('',*,*,#4045,.F.);
#4072 = ADVANCED_FACE('',(#4073),#1065,.F.);
#4073 = FACE_BOUND('',#4074,.F.);
#4074 = EDGE_LOOP('',(#4075,#4113,#4134,#4135,#4136));
#4075 = ORIENTED_EDGE('',*,*,#4076,.F.);
#4076 = EDGE_CURVE('',#4077,#2342,#4079,.T.);
#4077 = VERTEX_POINT('',#4078);
#4078 = CARTESIAN_POINT('',(-4.276648127274,13.795379672006,
    46.3243936121));
#4079 = SURFACE_CURVE('',#4080,(#4089,#4101),.PCURVE_S1.);
#4080 = B_SPLINE_CURVE_WITH_KNOTS('',4,(#4081,#4082,#4083,#4084,#4085,
    #4086,#4087,#4088),.UNSPECIFIED.,.F.,.F.,(5,3,5),(0.,0.504010551685,
    1.),.UNSPECIFIED.);
#4081 = CARTESIAN_POINT('',(-4.276648127274,13.795379672006,
    46.3243936121));
#4082 = CARTESIAN_POINT('',(-4.191257732106,13.798082152985,
    46.719757406122));
#4083 = CARTESIAN_POINT('',(-4.105866070406,13.799872931823,
    47.115127064277));
#4084 = CARTESIAN_POINT('',(-4.020473787888,13.800757527077,
    47.510499596868));
#4085 = CARTESIAN_POINT('',(-3.851048221408,13.800714604362,
    48.29495239903));
#4086 = CARTESIAN_POINT('',(-3.767014938617,13.799815701336,
    48.684032663187));
#4087 = CARTESIAN_POINT('',(-3.682982266966,13.798039144416,
    49.073110097719));
#4088 = CARTESIAN_POINT('',(-3.598950821865,13.795379675627,
    49.462181853235));
#4089 = PCURVE('',#1065,#4090);
#4090 = DEFINITIONAL_REPRESENTATION('',(#4091),#4100);
#4091 = B_SPLINE_CURVE_WITH_KNOTS('',4,(#4092,#4093,#4094,#4095,#4096,
    #4097,#4098,#4099),.UNSPECIFIED.,.F.,.F.,(5,3,5),(0.,0.504010551685,
    1.),.UNSPECIFIED.);
#4092 = CARTESIAN_POINT('',(26.204620327994,-3.21013842131));
#4093 = CARTESIAN_POINT('',(26.201917847015,-2.805658447503));
#4094 = CARTESIAN_POINT('',(26.200127068177,-2.40117247435));
#4095 = CARTESIAN_POINT('',(26.199242472923,-1.996683560483));
#4096 = CARTESIAN_POINT('',(26.199285395638,-1.194143080883));
#4097 = CARTESIAN_POINT('',(26.200184298664,-0.796091520689));
#4098 = CARTESIAN_POINT('',(26.201960855584,-0.398042855364));
#4099 = CARTESIAN_POINT('',(26.204620324373,-7.105427357601E-15));
#4100 = ( GEOMETRIC_REPRESENTATION_CONTEXT(2) 
PARAMETRIC_REPRESENTATION_CONTEXT() REPRESENTATION_CONTEXT('2D SPACE',''
  ) );
#4101 = PCURVE('',#212,#4102);
#4102 = DEFINITIONAL_REPRESENTATION('',(#4103),#4112);
#4103 = B_SPLINE_CURVE_WITH_KNOTS('',4,(#4104,#4105,#4106,#4107,#4108,
    #4109,#4110,#4111),.UNSPECIFIED.,.F.,.F.,(5,3,5),(0.,0.504010551685,
    1.),.UNSPECIFIED.);
#4104 = CARTESIAN_POINT('',(0.320079200481,0.87499999998));
#4105 = CARTESIAN_POINT('',(0.320013029217,0.890747987164));
#4106 = CARTESIAN_POINT('',(0.319969103373,0.906498335958));
#4107 = CARTESIAN_POINT('',(0.319947405803,0.922249855481));
#4108 = CARTESIAN_POINT('',(0.319948458625,0.953502178735));
#4109 = CARTESIAN_POINT('',(0.319970507198,0.969002982892));
#4110 = CARTESIAN_POINT('',(0.320014082253,0.984502634958));
#4111 = CARTESIAN_POINT('',(0.320079200346,1.));
#4112 = ( GEOMETRIC_REPRESENTATION_CONTEXT(2) 
PARAMETRIC_REPRESENTATION_CONTEXT() REPRESENTATION_CONTEXT('2D SPACE',''
  ) );
#4113 = ORIENTED_EDGE('',*,*,#4114,.T.);
#4114 = EDGE_CURVE('',#4077,#932,#4115,.T.);
#4115 = SURFACE_CURVE('',#4116,(#4120,#4127),.PCURVE_S1.);
#4116 = LINE('',#4117,#4118);
#4117 = CARTESIAN_POINT('',(-4.276648127274,40.,46.3243936121));
#4118 = VECTOR('',#4119,1.);
#4119 = DIRECTION('',(0.,-1.,0.));
#4120 = PCURVE('',#1065,#4121);
#4121 = DEFINITIONAL_REPRESENTATION('',(#4122),#4126);
#4122 = LINE('',#4123,#4124);
#4123 = CARTESIAN_POINT('',(-0.,-3.21013842131));
#4124 = VECTOR('',#4125,1.);
#4125 = DIRECTION('',(1.,0.));
#4126 = ( GEOMETRIC_REPRESENTATION_CONTEXT(2) 
PARAMETRIC_REPRESENTATION_CONTEXT() REPRESENTATION_CONTEXT('2D SPACE',''
  ) );
#4127 = PCURVE('',#1222,#4128);
#4128 = DEFINITIONAL_REPRESENTATION('',(#4129),#4133);
#4129 = LINE('',#4130,#4131);
#4130 = CARTESIAN_POINT('',(0.,0.));
#4131 = VECTOR('',#4132,1.);
#4132 = DIRECTION('',(1.,0.));
#4133 = ( GEOMETRIC_REPRESENTATION_CONTEXT(2) 
PARAMETRIC_REPRESENTATION_CONTEXT() REPRESENTATION_CONTEXT('2D SPACE',''
  ) );
#4134 = ORIENTED_EDGE('',*,*,#931,.T.);
#4135 = ORIENTED_EDGE('',*,*,#2082,.F.);
#4136 = ORIENTED_EDGE('',*,*,#2388,.F.);
#4137 = ADVANCED_FACE('',(#4138),#1222,.F.);
#4138 = FACE_BOUND('',#4139,.F.);
#4139 = EDGE_LOOP('',(#4140,#4178,#4199,#4200));
#4140 = ORIENTED_EDGE('',*,*,#4141,.F.);
#4141 = EDGE_CURVE('',#4142,#4077,#4144,.T.);
#4142 = VERTEX_POINT('',#4143);
#4143 = CARTESIAN_POINT('',(-4.865092121869,13.795379680325,
    43.168649270555));
#4144 = SURFACE_CURVE('',#4145,(#4154,#4166),.PCURVE_S1.);
#4145 = B_SPLINE_CURVE_WITH_KNOTS('',4,(#4146,#4147,#4148,#4149,#4150,
    #4151,#4152,#4153),.UNSPECIFIED.,.F.,.F.,(5,3,5),(0.,0.496007724394,
    1.),.UNSPECIFIED.);
#4146 = CARTESIAN_POINT('',(-4.865092121869,13.795379680325,
    43.168649270555));
#4147 = CARTESIAN_POINT('',(-4.792125000923,13.798039251937,
    43.559961920797));
#4148 = CARTESIAN_POINT('',(-4.719156814863,13.799815843693,
    43.951280283099));
#4149 = CARTESIAN_POINT('',(-4.646188098165,13.800714715157,
    44.342601491142));
#4150 = CARTESIAN_POINT('',(-4.499076022713,13.800757439739,
    45.131543351275));
#4151 = CARTESIAN_POINT('',(-4.424932664968,13.799872808281,
    45.529163997961));
#4152 = CARTESIAN_POINT('',(-4.350789846308,13.79808205816,
    45.926781753602));
#4153 = CARTESIAN_POINT('',(-4.276648127274,13.795379672006,
    46.3243936121));
#4154 = PCURVE('',#1222,#4155);
#4155 = DEFINITIONAL_REPRESENTATION('',(#4156),#4165);
#4156 = B_SPLINE_CURVE_WITH_KNOTS('',4,(#4157,#4158,#4159,#4160,#4161,
    #4162,#4163,#4164),.UNSPECIFIED.,.F.,.F.,(5,3,5),(0.,0.496007724394,
    1.),.UNSPECIFIED.);
#4157 = CARTESIAN_POINT('',(26.204620319675,-3.21013842131));
#4158 = CARTESIAN_POINT('',(26.201960748063,-2.812080899111));
#4159 = CARTESIAN_POINT('',(26.200184156307,-2.414017566397));
#4160 = CARTESIAN_POINT('',(26.199285284843,-2.015951338891));
#4161 = CARTESIAN_POINT('',(26.199242560261,-1.21341085928));
#4162 = CARTESIAN_POINT('',(26.200127191719,-0.808936612672));
#4163 = CARTESIAN_POINT('',(26.20191794184,-0.404465306941));
#4164 = CARTESIAN_POINT('',(26.204620327994,0.));
#4165 = ( GEOMETRIC_REPRESENTATION_CONTEXT(2) 
PARAMETRIC_REPRESENTATION_CONTEXT() REPRESENTATION_CONTEXT('2D SPACE',''
  ) );
#4166 = PCURVE('',#212,#4167);
#4167 = DEFINITIONAL_REPRESENTATION('',(#4168),#4177);
#4168 = B_SPLINE_CURVE_WITH_KNOTS('',4,(#4169,#4170,#4171,#4172,#4173,
    #4174,#4175,#4176),.UNSPECIFIED.,.F.,.F.,(5,3,5),(0.,0.496007724394,
    1.),.UNSPECIFIED.);
#4169 = CARTESIAN_POINT('',(0.320079200263,0.750000000023));
#4170 = CARTESIAN_POINT('',(0.320014079651,0.76549793606));
#4171 = CARTESIAN_POINT('',(0.319970503667,0.780998159313));
#4172 = CARTESIAN_POINT('',(0.319948455907,0.796499534713));
#4173 = CARTESIAN_POINT('',(0.319947407945,0.827751857965));
#4174 = CARTESIAN_POINT('',(0.31996910646,0.84350280624));
#4175 = CARTESIAN_POINT('',(0.320013031494,0.859252583829));
#4176 = CARTESIAN_POINT('',(0.320079200435,0.874999999975));
#4177 = ( GEOMETRIC_REPRESENTATION_CONTEXT(2) 
PARAMETRIC_REPRESENTATION_CONTEXT() REPRESENTATION_CONTEXT('2D SPACE',''
  ) );
#4178 = ORIENTED_EDGE('',*,*,#4179,.T.);
#4179 = EDGE_CURVE('',#4142,#1137,#4180,.T.);
#4180 = SURFACE_CURVE('',#4181,(#4185,#4192),.PCURVE_S1.);
#4181 = LINE('',#4182,#4183);
#4182 = CARTESIAN_POINT('',(-4.865092121869,40.,43.168649270555));
#4183 = VECTOR('',#4184,1.);
#4184 = DIRECTION('',(0.,-1.,0.));
#4185 = PCURVE('',#1222,#4186);
#4186 = DEFINITIONAL_REPRESENTATION('',(#4187),#4191);
#4187 = LINE('',#4188,#4189);
#4188 = CARTESIAN_POINT('',(-0.,-3.21013842131));
#4189 = VECTOR('',#4190,1.);
#4190 = DIRECTION('',(1.,0.));
#4191 = ( GEOMETRIC_REPRESENTATION_CONTEXT(2) 
PARAMETRIC_REPRESENTATION_CONTEXT() REPRESENTATION_CONTEXT('2D SPACE',''
  ) );
#4192 = PCURVE('',#1315,#4193);
#4193 = DEFINITIONAL_REPRESENTATION('',(#4194),#4198);
#4194 = LINE('',#4195,#4196);
#4195 = CARTESIAN_POINT('',(0.,0.));
#4196 = VECTOR('',#4197,1.);
#4197 = DIRECTION('',(1.,0.));
#4198 = ( GEOMETRIC_REPRESENTATION_CONTEXT(2) 
PARAMETRIC_REPRESENTATION_CONTEXT() REPRESENTATION_CONTEXT('2D SPACE',''
  ) );
#4199 = ORIENTED_EDGE('',*,*,#1136,.T.);
#4200 = ORIENTED_EDGE('',*,*,#4114,.F.);
#4201 = ADVANCED_FACE('',(#4202),#1315,.F.);
#4202 = FACE_BOUND('',#4203,.F.);
#4203 = EDGE_LOOP('',(#4204,#4242,#4263,#4264));
#4204 = ORIENTED_EDGE('',*,*,#4205,.F.);
#4205 = EDGE_CURVE('',#4206,#4142,#4208,.T.);
#4206 = VERTEX_POINT('',#4207);
#4207 = CARTESIAN_POINT('',(-5.363809504576,13.795379675833,
    39.997487077264));
#4208 = SURFACE_CURVE('',#4209,(#4218,#4230),.PCURVE_S1.);
#4209 = B_SPLINE_CURVE_WITH_KNOTS('',4,(#4210,#4211,#4212,#4213,#4214,
    #4215,#4216,#4217),.UNSPECIFIED.,.F.,.F.,(5,3,5),(0.,0.504004655882,
    1.),.UNSPECIFIED.);
#4210 = CARTESIAN_POINT('',(-5.363809504576,13.795379675833,
    39.997487077264));
#4211 = CARTESIAN_POINT('',(-5.300971455955,13.798082127688,
    40.397051341511));
#4212 = CARTESIAN_POINT('',(-5.238132475314,13.79987289867,
    40.79662153213));
#4213 = CARTESIAN_POINT('',(-5.175293037816,13.800757506752,
    41.196194627735));
#4214 = CARTESIAN_POINT('',(-5.050612779527,13.800714648728,
    41.988990979025));
#4215 = CARTESIAN_POINT('',(-4.988771959597,13.799815755528,
    42.382214229236));
#4216 = CARTESIAN_POINT('',(-4.926931589411,13.798039185825,
    42.775434619688));
#4217 = CARTESIAN_POINT('',(-4.865092121869,13.795379680325,
    43.168649270555));
#4218 = PCURVE('',#1315,#4219);
#4219 = DEFINITIONAL_REPRESENTATION('',(#4220),#4229);
#4220 = B_SPLINE_CURVE_WITH_KNOTS('',4,(#4221,#4222,#4223,#4224,#4225,
    #4226,#4227,#4228),.UNSPECIFIED.,.F.,.F.,(5,3,5),(0.,0.504004655882,
    1.),.UNSPECIFIED.);
#4221 = CARTESIAN_POINT('',(26.204620324167,-3.21013842131));
#4222 = CARTESIAN_POINT('',(26.201917872312,-2.805663179029));
#4223 = CARTESIAN_POINT('',(26.20012710133,-2.401181937536));
#4224 = CARTESIAN_POINT('',(26.199242493248,-1.996697755354));
#4225 = CARTESIAN_POINT('',(26.199285351272,-1.194157275735));
#4226 = CARTESIAN_POINT('',(26.200184244472,-0.796100983842));
#4227 = CARTESIAN_POINT('',(26.201960814175,-0.398047586856));
#4228 = CARTESIAN_POINT('',(26.204620319675,7.105427357601E-15));
#4229 = ( GEOMETRIC_REPRESENTATION_CONTEXT(2) 
PARAMETRIC_REPRESENTATION_CONTEXT() REPRESENTATION_CONTEXT('2D SPACE',''
  ) );
#4230 = PCURVE('',#212,#4231);
#4231 = DEFINITIONAL_REPRESENTATION('',(#4232),#4241);
#4232 = B_SPLINE_CURVE_WITH_KNOTS('',4,(#4233,#4234,#4235,#4236,#4237,
    #4238,#4239,#4240),.UNSPECIFIED.,.F.,.F.,(5,3,5),(0.,0.504004655882,
    1.),.UNSPECIFIED.);
#4233 = CARTESIAN_POINT('',(0.320079200362,0.625000000005));
#4234 = CARTESIAN_POINT('',(0.320013029812,0.640747802985));
#4235 = CARTESIAN_POINT('',(0.319969104217,0.656497967526));
#4236 = CARTESIAN_POINT('',(0.319947406301,0.672249302775));
#4237 = CARTESIAN_POINT('',(0.319948457536,0.703501626041));
#4238 = CARTESIAN_POINT('',(0.319970505657,0.719002614501));
#4239 = CARTESIAN_POINT('',(0.320014081408,0.73450245079));
#4240 = CARTESIAN_POINT('',(0.3200792004,0.750000000004));
#4241 = ( GEOMETRIC_REPRESENTATION_CONTEXT(2) 
PARAMETRIC_REPRESENTATION_CONTEXT() REPRESENTATION_CONTEXT('2D SPACE',''
  ) );
#4242 = ORIENTED_EDGE('',*,*,#4243,.T.);
#4243 = EDGE_CURVE('',#4206,#1270,#4244,.T.);
#4244 = SURFACE_CURVE('',#4245,(#4249,#4256),.PCURVE_S1.);
#4245 = LINE('',#4246,#4247);
#4246 = CARTESIAN_POINT('',(-5.363809504576,40.,39.997487077264));
#4247 = VECTOR('',#4248,1.);
#4248 = DIRECTION('',(0.,-1.,0.));
#4249 = PCURVE('',#1315,#4250);
#4250 = DEFINITIONAL_REPRESENTATION('',(#4251),#4255);
#4251 = LINE('',#4252,#4253);
#4252 = CARTESIAN_POINT('',(-0.,-3.21013842131));
#4253 = VECTOR('',#4254,1.);
#4254 = DIRECTION('',(1.,0.));
#4255 = ( GEOMETRIC_REPRESENTATION_CONTEXT(2) 
PARAMETRIC_REPRESENTATION_CONTEXT() REPRESENTATION_CONTEXT('2D SPACE',''
  ) );
#4256 = PCURVE('',#1412,#4257);
#4257 = DEFINITIONAL_REPRESENTATION('',(#4258),#4262);
#4258 = LINE('',#4259,#4260);
#4259 = CARTESIAN_POINT('',(0.,0.));
#4260 = VECTOR('',#4261,1.);
#4261 = DIRECTION('',(1.,0.));
#4262 = ( GEOMETRIC_REPRESENTATION_CONTEXT(2) 
PARAMETRIC_REPRESENTATION_CONTEXT() REPRESENTATION_CONTEXT('2D SPACE',''
  ) );
#4263 = ORIENTED_EDGE('',*,*,#1269,.T.);
#4264 = ORIENTED_EDGE('',*,*,#4179,.F.);
#4265 = ADVANCED_FACE('',(#4266),#1412,.F.);
#4266 = FACE_BOUND('',#4267,.F.);
#4267 = EDGE_LOOP('',(#4268,#4306,#4327,#4328));
#4268 = ORIENTED_EDGE('',*,*,#4269,.F.);
#4269 = EDGE_CURVE('',#4270,#4206,#4272,.T.);
#4270 = VERTEX_POINT('',#4271);
#4271 = CARTESIAN_POINT('',(-5.772399143809,13.795379671363,
    36.813457681879));
#4272 = SURFACE_CURVE('',#4273,(#4282,#4294),.PCURVE_S1.);
#4273 = B_SPLINE_CURVE_WITH_KNOTS('',4,(#4274,#4275,#4276,#4277,#4278,
    #4279,#4280,#4281),.UNSPECIFIED.,.F.,.F.,(5,3,5),(0.,0.496003438668,
    1.),.UNSPECIFIED.);
#4274 = CARTESIAN_POINT('',(-5.772399143809,13.795379671363,
    36.813457681879));
#4275 = CARTESIAN_POINT('',(-5.721734420754,13.798039220137,
    37.20827427052));
#4276 = CARTESIAN_POINT('',(-5.671068958144,13.799815804851,
    37.603096622317));
#4277 = CARTESIAN_POINT('',(-5.620403127085,13.800714684974,
    37.997921845336));
#4278 = CARTESIAN_POINT('',(-5.518254969595,13.800757458877,
    38.793935020664));
#4279 = CARTESIAN_POINT('',(-5.466772643857,13.799872837516,
    39.195122967578));
#4280 = CARTESIAN_POINT('',(-5.415290692447,13.798082082467,
    39.596307997447));
#4281 = CARTESIAN_POINT('',(-5.363809504576,13.795379675833,
    39.997487077264));
#4282 = PCURVE('',#1412,#4283);
#4283 = DEFINITIONAL_REPRESENTATION('',(#4284),#4293);
#4284 = B_SPLINE_CURVE_WITH_KNOTS('',4,(#4285,#4286,#4287,#4288,#4289,
    #4290,#4291,#4292),.UNSPECIFIED.,.F.,.F.,(5,3,5),(0.,0.496003438668,
    1.),.UNSPECIFIED.);
#4285 = CARTESIAN_POINT('',(26.204620328637,-3.21013842131));
#4286 = CARTESIAN_POINT('',(26.201960779863,-2.812084338516));
#4287 = CARTESIAN_POINT('',(26.200184195149,-2.414024445309));
#4288 = CARTESIAN_POINT('',(26.199285315026,-2.015961657336));
#4289 = CARTESIAN_POINT('',(26.199242541123,-1.21342117775));
#4290 = CARTESIAN_POINT('',(26.200127162484,-0.808943491576));
#4291 = CARTESIAN_POINT('',(26.201917917533,-0.404468746367));
#4292 = CARTESIAN_POINT('',(26.204620324167,7.105427357601E-15));
#4293 = ( GEOMETRIC_REPRESENTATION_CONTEXT(2) 
PARAMETRIC_REPRESENTATION_CONTEXT() REPRESENTATION_CONTEXT('2D SPACE',''
  ) );
#4294 = PCURVE('',#212,#4295);
#4295 = DEFINITIONAL_REPRESENTATION('',(#4296),#4305);
#4296 = B_SPLINE_CURVE_WITH_KNOTS('',4,(#4297,#4298,#4299,#4300,#4301,
    #4302,#4303,#4304),.UNSPECIFIED.,.F.,.F.,(5,3,5),(0.,0.496003438668,
    1.),.UNSPECIFIED.);
#4297 = CARTESIAN_POINT('',(0.320079200464,0.500000000001));
#4298 = CARTESIAN_POINT('',(0.320014080412,0.515497802128));
#4299 = CARTESIAN_POINT('',(0.319970504642,0.530997891436));
#4300 = CARTESIAN_POINT('',(0.319948456647,0.546499132878));
#4301 = CARTESIAN_POINT('',(0.319947407475,0.577751456139));
#4302 = CARTESIAN_POINT('',(0.319969105743,0.593502538384));
#4303 = CARTESIAN_POINT('',(0.320013030898,0.609252449934));
#4304 = CARTESIAN_POINT('',(0.320079200341,0.625000000003));
#4305 = ( GEOMETRIC_REPRESENTATION_CONTEXT(2) 
PARAMETRIC_REPRESENTATION_CONTEXT() REPRESENTATION_CONTEXT('2D SPACE',''
  ) );
#4306 = ORIENTED_EDGE('',*,*,#4307,.T.);
#4307 = EDGE_CURVE('',#4270,#1343,#4308,.T.);
#4308 = SURFACE_CURVE('',#4309,(#4313,#4320),.PCURVE_S1.);
#4309 = LINE('',#4310,#4311);
#4310 = CARTESIAN_POINT('',(-5.772399143809,40.,36.813457681879));
#4311 = VECTOR('',#4312,1.);
#4312 = DIRECTION('',(0.,-1.,0.));
#4313 = PCURVE('',#1412,#4314);
#4314 = DEFINITIONAL_REPRESENTATION('',(#4315),#4319);
#4315 = LINE('',#4316,#4317);
#4316 = CARTESIAN_POINT('',(-0.,-3.21013842131));
#4317 = VECTOR('',#4318,1.);
#4318 = DIRECTION('',(1.,0.));
#4319 = ( GEOMETRIC_REPRESENTATION_CONTEXT(2) 
PARAMETRIC_REPRESENTATION_CONTEXT() REPRESENTATION_CONTEXT('2D SPACE',''
  ) );
#4320 = PCURVE('',#1521,#4321);
#4321 = DEFINITIONAL_REPRESENTATION('',(#4322),#4326);
#4322 = LINE('',#4323,#4324);
#4323 = CARTESIAN_POINT('',(0.,0.));
#4324 = VECTOR('',#4325,1.);
#4325 = DIRECTION('',(1.,0.));
#4326 = ( GEOMETRIC_REPRESENTATION_CONTEXT(2) 
PARAMETRIC_REPRESENTATION_CONTEXT() REPRESENTATION_CONTEXT('2D SPACE',''
  ) );
#4327 = ORIENTED_EDGE('',*,*,#1342,.T.);
#4328 = ORIENTED_EDGE('',*,*,#4243,.F.);
#4329 = ADVANCED_FACE('',(#4330),#1521,.F.);
#4330 = FACE_BOUND('',#4331,.F.);
#4331 = EDGE_LOOP('',(#4332,#4370,#4391,#4392));
#4332 = ORIENTED_EDGE('',*,*,#4333,.F.);
#4333 = EDGE_CURVE('',#4334,#4270,#4336,.T.);
#4334 = VERTEX_POINT('',#4335);
#4335 = CARTESIAN_POINT('',(-6.090532400113,13.795379675833,
    33.619122083479));
#4336 = SURFACE_CURVE('',#4337,(#4346,#4358),.PCURVE_S1.);
#4337 = B_SPLINE_CURVE_WITH_KNOTS('',4,(#4338,#4339,#4340,#4341,#4342,
    #4343,#4344,#4345),.UNSPECIFIED.,.F.,.F.,(5,3,5),(0.,0.504001527435,
    1.),.UNSPECIFIED.);
#4338 = CARTESIAN_POINT('',(-6.090532400113,13.795379675833,
    33.619122083479));
#4339 = CARTESIAN_POINT('',(-6.050448076537,13.798082109094,
    34.021603682618));
#4340 = CARTESIAN_POINT('',(-6.010363158431,13.799872872805,
    34.424091251358));
#4341 = CARTESIAN_POINT('',(-5.970277948897,13.800757485026,
    34.826581746289));
#4342 = CARTESIAN_POINT('',(-5.890744052663,13.800714657975,
    35.625171491263));
#4343 = CARTESIAN_POINT('',(-5.851295366514,13.799815769277,
    36.021270735779));
#4344 = CARTESIAN_POINT('',(-5.811846967258,13.798039193509,
    36.417367099636));
#4345 = CARTESIAN_POINT('',(-5.772399143809,13.795379671363,
    36.813457681879));
#4346 = PCURVE('',#1521,#4347);
#4347 = DEFINITIONAL_REPRESENTATION('',(#4348),#4357);
#4348 = B_SPLINE_CURVE_WITH_KNOTS('',4,(#4349,#4350,#4351,#4352,#4353,
    #4354,#4355,#4356),.UNSPECIFIED.,.F.,.F.,(5,3,5),(0.,0.504001527435,
    1.),.UNSPECIFIED.);
#4349 = CARTESIAN_POINT('',(26.204620324167,-3.21013842131));
#4350 = CARTESIAN_POINT('',(26.201917890906,-2.805665689668));
#4351 = CARTESIAN_POINT('',(26.200127127195,-2.401186958892));
#4352 = CARTESIAN_POINT('',(26.199242514974,-1.99670528745));
#4353 = CARTESIAN_POINT('',(26.199285342025,-1.19416480783));
#4354 = CARTESIAN_POINT('',(26.200184230723,-0.796106005208));
#4355 = CARTESIAN_POINT('',(26.201960806491,-0.398050097496));
#4356 = CARTESIAN_POINT('',(26.204620328637,0.));
#4357 = ( GEOMETRIC_REPRESENTATION_CONTEXT(2) 
PARAMETRIC_REPRESENTATION_CONTEXT() REPRESENTATION_CONTEXT('2D SPACE',''
  ) );
#4358 = PCURVE('',#212,#4359);
#4359 = DEFINITIONAL_REPRESENTATION('',(#4360),#4369);
#4360 = B_SPLINE_CURVE_WITH_KNOTS('',4,(#4361,#4362,#4363,#4364,#4365,
    #4366,#4367,#4368),.UNSPECIFIED.,.F.,.F.,(5,3,5),(0.,0.504001527435,
    1.),.UNSPECIFIED.);
#4361 = CARTESIAN_POINT('',(0.320079200349,0.374999999998));
#4362 = CARTESIAN_POINT('',(0.320013030254,0.390747705229));
#4363 = CARTESIAN_POINT('',(0.319969104868,0.406497771993));
#4364 = CARTESIAN_POINT('',(0.319947406834,0.422249009453));
#4365 = CARTESIAN_POINT('',(0.31994845731,0.453501332715));
#4366 = CARTESIAN_POINT('',(0.319970505531,0.469002418938));
#4367 = CARTESIAN_POINT('',(0.320014081051,0.484502353036));
#4368 = CARTESIAN_POINT('',(0.320079200451,0.5));
#4369 = ( GEOMETRIC_REPRESENTATION_CONTEXT(2) 
PARAMETRIC_REPRESENTATION_CONTEXT() REPRESENTATION_CONTEXT('2D SPACE',''
  ) );
#4370 = ORIENTED_EDGE('',*,*,#4371,.T.);
#4371 = EDGE_CURVE('',#4334,#1452,#4372,.T.);
#4372 = SURFACE_CURVE('',#4373,(#4377,#4384),.PCURVE_S1.);
#4373 = LINE('',#4374,#4375);
#4374 = CARTESIAN_POINT('',(-6.090532400113,40.,33.619122083479));
#4375 = VECTOR('',#4376,1.);
#4376 = DIRECTION('',(0.,-1.,0.));
#4377 = PCURVE('',#1521,#4378);
#4378 = DEFINITIONAL_REPRESENTATION('',(#4379),#4383);
#4379 = LINE('',#4380,#4381);
#4380 = CARTESIAN_POINT('',(-0.,-3.21013842131));
#4381 = VECTOR('',#4382,1.);
#4382 = DIRECTION('',(1.,0.));
#4383 = ( GEOMETRIC_REPRESENTATION_CONTEXT(2) 
PARAMETRIC_REPRESENTATION_CONTEXT() REPRESENTATION_CONTEXT('2D SPACE',''
  ) );
#4384 = PCURVE('',#1606,#4385);
#4385 = DEFINITIONAL_REPRESENTATION('',(#4386),#4390);
#4386 = LINE('',#4387,#4388);
#4387 = CARTESIAN_POINT('',(0.,0.));
#4388 = VECTOR('',#4389,1.);
#4389 = DIRECTION('',(1.,0.));
#4390 = ( GEOMETRIC_REPRESENTATION_CONTEXT(2) 
PARAMETRIC_REPRESENTATION_CONTEXT() REPRESENTATION_CONTEXT('2D SPACE',''
  ) );
#4391 = ORIENTED_EDGE('',*,*,#1451,.T.);
#4392 = ORIENTED_EDGE('',*,*,#4307,.F.);
#4393 = ADVANCED_FACE('',(#4394),#1606,.F.);
#4394 = FACE_BOUND('',#4395,.F.);
#4395 = EDGE_LOOP('',(#4396,#4434,#4455,#4456));
#4396 = ORIENTED_EDGE('',*,*,#4397,.F.);
#4397 = EDGE_CURVE('',#4398,#4334,#4400,.T.);
#4398 = VERTEX_POINT('',#4399);
#4399 = CARTESIAN_POINT('',(-6.317953390491,13.795379680325,
    30.417049570699));
#4400 = SURFACE_CURVE('',#4401,(#4410,#4422),.PCURVE_S1.);
#4401 = B_SPLINE_CURVE_WITH_KNOTS('',4,(#4402,#4403,#4404,#4405,#4406,
    #4407,#4408,#4409),.UNSPECIFIED.,.F.,.F.,(5,3,5),(0.,0.504000606878,
    1.),.UNSPECIFIED.);
#4402 = CARTESIAN_POINT('',(-6.317953390491,13.795379680325,
    30.417049570699));
#4403 = CARTESIAN_POINT('',(-6.28929873168,13.798082109689,
    30.820505272782));
#4404 = CARTESIAN_POINT('',(-6.260643647864,13.799872872487,
    31.223966958908));
#4405 = CARTESIAN_POINT('',(-6.231988355718,13.800757486703,
    31.627431578309));
#4406 = CARTESIAN_POINT('',(-6.175132691961,13.800714669408,
    32.42795556604));
#4407 = CARTESIAN_POINT('',(-6.146932320744,13.799815781915,
    32.825014928831));
#4408 = CARTESIAN_POINT('',(-6.118732154616,13.798039203805,
    33.222071403976));
#4409 = CARTESIAN_POINT('',(-6.090532400113,13.795379675833,
    33.619122083479));
#4410 = PCURVE('',#1606,#4411);
#4411 = DEFINITIONAL_REPRESENTATION('',(#4412),#4421);
#4412 = B_SPLINE_CURVE_WITH_KNOTS('',4,(#4413,#4414,#4415,#4416,#4417,
    #4418,#4419,#4420),.UNSPECIFIED.,.F.,.F.,(5,3,5),(0.,0.504000606878,
    1.),.UNSPECIFIED.);
#4413 = CARTESIAN_POINT('',(26.204620319675,-3.21013842131));
#4414 = CARTESIAN_POINT('',(26.201917890311,-2.805666428441));
#4415 = CARTESIAN_POINT('',(26.200127127513,-2.401188436456));
#4416 = CARTESIAN_POINT('',(26.199242513297,-1.996707503808));
#4417 = CARTESIAN_POINT('',(26.199285330592,-1.194167024184));
#4418 = CARTESIAN_POINT('',(26.200184218085,-0.796107482763));
#4419 = CARTESIAN_POINT('',(26.201960796195,-0.39805083626));
#4420 = CARTESIAN_POINT('',(26.204620324167,0.));
#4421 = ( GEOMETRIC_REPRESENTATION_CONTEXT(2) 
PARAMETRIC_REPRESENTATION_CONTEXT() REPRESENTATION_CONTEXT('2D SPACE',''
  ) );
#4422 = PCURVE('',#212,#4423);
#4423 = DEFINITIONAL_REPRESENTATION('',(#4424),#4433);
#4424 = B_SPLINE_CURVE_WITH_KNOTS('',4,(#4425,#4426,#4427,#4428,#4429,
    #4430,#4431,#4432),.UNSPECIFIED.,.F.,.F.,(5,3,5),(0.,0.504000606878,
    1.),.UNSPECIFIED.);
#4425 = CARTESIAN_POINT('',(0.320079200235,0.24999999998));
#4426 = CARTESIAN_POINT('',(0.320013030235,0.265747676447));
#4427 = CARTESIAN_POINT('',(0.31996910488,0.28149771444));
#4428 = CARTESIAN_POINT('',(0.319947406793,0.297248923127));
#4429 = CARTESIAN_POINT('',(0.319948457029,0.328501246395));
#4430 = CARTESIAN_POINT('',(0.319970505221,0.344002361395));
#4431 = CARTESIAN_POINT('',(0.320014080799,0.359502324268));
#4432 = CARTESIAN_POINT('',(0.320079200341,0.374999999997));
#4433 = ( GEOMETRIC_REPRESENTATION_CONTEXT(2) 
PARAMETRIC_REPRESENTATION_CONTEXT() REPRESENTATION_CONTEXT('2D SPACE',''
  ) );
#4434 = ORIENTED_EDGE('',*,*,#4435,.T.);
#4435 = EDGE_CURVE('',#4398,#1561,#4436,.T.);
#4436 = SURFACE_CURVE('',#4437,(#4441,#4448),.PCURVE_S1.);
#4437 = LINE('',#4438,#4439);
#4438 = CARTESIAN_POINT('',(-6.317953390491,40.,30.417049570699));
#4439 = VECTOR('',#4440,1.);
#4440 = DIRECTION('',(0.,-1.,0.));
#4441 = PCURVE('',#1606,#4442);
#4442 = DEFINITIONAL_REPRESENTATION('',(#4443),#4447);
#4443 = LINE('',#4444,#4445);
#4444 = CARTESIAN_POINT('',(-0.,-3.21013842131));
#4445 = VECTOR('',#4446,1.);
#4446 = DIRECTION('',(1.,0.));
#4447 = ( GEOMETRIC_REPRESENTATION_CONTEXT(2) 
PARAMETRIC_REPRESENTATION_CONTEXT() REPRESENTATION_CONTEXT('2D SPACE',''
  ) );
#4448 = PCURVE('',#1719,#4449);
#4449 = DEFINITIONAL_REPRESENTATION('',(#4450),#4454);
#4450 = LINE('',#4451,#4452);
#4451 = CARTESIAN_POINT('',(0.,0.));
#4452 = VECTOR('',#4453,1.);
#4453 = DIRECTION('',(1.,0.));
#4454 = ( GEOMETRIC_REPRESENTATION_CONTEXT(2) 
PARAMETRIC_REPRESENTATION_CONTEXT() REPRESENTATION_CONTEXT('2D SPACE',''
  ) );
#4455 = ORIENTED_EDGE('',*,*,#1560,.T.);
#4456 = ORIENTED_EDGE('',*,*,#4371,.F.);
#4457 = ADVANCED_FACE('',(#4458),#1719,.F.);
#4458 = FACE_BOUND('',#4459,.F.);
#4459 = EDGE_LOOP('',(#4460,#4507,#4528,#4529));
#4460 = ORIENTED_EDGE('',*,*,#4461,.F.);
#4461 = EDGE_CURVE('',#4462,#4398,#4464,.T.);
#4462 = VERTEX_POINT('',#4463);
#4463 = CARTESIAN_POINT('',(-6.454479194226,13.795379672006,
    27.209815655176));
#4464 = SURFACE_CURVE('',#4465,(#4477,#4492),.PCURVE_S1.);
#4465 = B_SPLINE_CURVE_WITH_KNOTS('',4,(#4466,#4467,#4468,#4469,#4470,
    #4471,#4472,#4473,#4474,#4475,#4476),.UNSPECIFIED.,.F.,.F.,(5,3,3,5)
  ,(0.,0.504000347329,0.504622100886,1.),.UNSPECIFIED.);
#4466 = CARTESIAN_POINT('',(-6.454479194226,13.795379672006,
    27.209815655176));
#4467 = CARTESIAN_POINT('',(-6.437277183524,13.79808210144,
    27.613921477131));
#4468 = CARTESIAN_POINT('',(-6.420074917684,13.79987286564,
    28.01803329277));
#4469 = CARTESIAN_POINT('',(-6.402872526777,13.800757482242,
    28.422148046415));
#4470 = CARTESIAN_POINT('',(-6.385648916231,13.800735878881,
    28.826761287155));
#4471 = CARTESIAN_POINT('',(-6.385627694724,13.800735850884,
    28.827259818078));
#4472 = CARTESIAN_POINT('',(-6.385606473218,13.800735821508,28.827758349
    ));
#4473 = CARTESIAN_POINT('',(-6.368677161501,13.800711286781,
    29.225457986861));
#4474 = CARTESIAN_POINT('',(-6.351769073692,13.799811330476,
    29.6226590374));
#4475 = CARTESIAN_POINT('',(-6.334861108847,13.798035874841,
    30.019857199285));
#4476 = CARTESIAN_POINT('',(-6.317953390491,13.795379680325,
    30.417049570699));
#4477 = PCURVE('',#1719,#4478);
#4478 = DEFINITIONAL_REPRESENTATION('',(#4479),#4491);
#4479 = B_SPLINE_CURVE_WITH_KNOTS('',4,(#4480,#4481,#4482,#4483,#4484,
    #4485,#4486,#4487,#4488,#4489,#4490),.UNSPECIFIED.,.F.,.F.,(5,3,3,5)
  ,(0.,0.504000347329,0.504622100886,1.),.UNSPECIFIED.);
#4480 = CARTESIAN_POINT('',(26.204620327994,-3.21013842131));
#4481 = CARTESIAN_POINT('',(26.20191789856,-2.805666636743));
#4482 = CARTESIAN_POINT('',(26.20012713436,-2.401188853065));
#4483 = CARTESIAN_POINT('',(26.199242517758,-1.99670812872));
#4484 = CARTESIAN_POINT('',(26.199264121119,-1.591728465845));
#4485 = CARTESIAN_POINT('',(26.199264149116,-1.591229483447));
#4486 = CARTESIAN_POINT('',(26.199264178492,-1.59073050105));
#4487 = CARTESIAN_POINT('',(26.199288713219,-1.192670702088));
#4488 = CARTESIAN_POINT('',(26.200188669524,-0.795109941974));
#4489 = CARTESIAN_POINT('',(26.201964125159,-0.39755207313));
#4490 = CARTESIAN_POINT('',(26.204620319675,0.));
#4491 = ( GEOMETRIC_REPRESENTATION_CONTEXT(2) 
PARAMETRIC_REPRESENTATION_CONTEXT() REPRESENTATION_CONTEXT('2D SPACE',''
  ) );
#4492 = PCURVE('',#212,#4493);
#4493 = DEFINITIONAL_REPRESENTATION('',(#4494),#4506);
#4494 = B_SPLINE_CURVE_WITH_KNOTS('',4,(#4495,#4496,#4497,#4498,#4499,
    #4500,#4501,#4502,#4503,#4504,#4505),.UNSPECIFIED.,.F.,.F.,(5,3,3,5)
  ,(0.,0.504000347329,0.504622100886,1.),.UNSPECIFIED.);
#4495 = CARTESIAN_POINT('',(0.320079200436,0.125000000025));
#4496 = CARTESIAN_POINT('',(0.320013030435,0.14074766837));
#4497 = CARTESIAN_POINT('',(0.319969105051,0.156497698239));
#4498 = CARTESIAN_POINT('',(0.319947406902,0.172248898803));
#4499 = CARTESIAN_POINT('',(0.319947936796,0.188019511819));
#4500 = CARTESIAN_POINT('',(0.319947937483,0.188038943062));
#4501 = CARTESIAN_POINT('',(0.319947938204,0.188058374306));
#4502 = CARTESIAN_POINT('',(0.319948539999,0.203559515709));
#4503 = CARTESIAN_POINT('',(0.319970614405,0.219041204709));
#4504 = CARTESIAN_POINT('',(0.320014162309,0.234521743051));
#4505 = CARTESIAN_POINT('',(0.320079200231,0.24999999998));
#4506 = ( GEOMETRIC_REPRESENTATION_CONTEXT(2) 
PARAMETRIC_REPRESENTATION_CONTEXT() REPRESENTATION_CONTEXT('2D SPACE',''
  ) );
#4507 = ORIENTED_EDGE('',*,*,#4508,.T.);
#4508 = EDGE_CURVE('',#4462,#1634,#4509,.T.);
#4509 = SURFACE_CURVE('',#4510,(#4514,#4521),.PCURVE_S1.);
#4510 = LINE('',#4511,#4512);
#4511 = CARTESIAN_POINT('',(-6.454479194226,40.,27.209815655176));
#4512 = VECTOR('',#4513,1.);
#4513 = DIRECTION('',(0.,-1.,0.));
#4514 = PCURVE('',#1719,#4515);
#4515 = DEFINITIONAL_REPRESENTATION('',(#4516),#4520);
#4516 = LINE('',#4517,#4518);
#4517 = CARTESIAN_POINT('',(-0.,-3.21013842131));
#4518 = VECTOR('',#4519,1.);
#4519 = DIRECTION('',(1.,0.));
#4520 = ( GEOMETRIC_REPRESENTATION_CONTEXT(2) 
PARAMETRIC_REPRESENTATION_CONTEXT() REPRESENTATION_CONTEXT('2D SPACE',''
  ) );
#4521 = PCURVE('',#352,#4522);
#4522 = DEFINITIONAL_REPRESENTATION('',(#4523),#4527);
#4523 = LINE('',#4524,#4525);
#4524 = CARTESIAN_POINT('',(0.,0.));
#4525 = VECTOR('',#4526,1.);
#4526 = DIRECTION('',(1.,0.));
#4527 = ( GEOMETRIC_REPRESENTATION_CONTEXT(2) 
PARAMETRIC_REPRESENTATION_CONTEXT() REPRESENTATION_CONTEXT('2D SPACE',''
  ) );
#4528 = ORIENTED_EDGE('',*,*,#1633,.T.);
#4529 = ORIENTED_EDGE('',*,*,#4435,.F.);
#4530 = ADVANCED_FACE('',(#4531),#560,.F.);
#4531 = FACE_BOUND('',#4532,.F.);
#4532 = EDGE_LOOP('',(#4533,#4534,#4535,#4536,#4537,#4538,#4539,#4540,
    #4541,#4542,#4543));
#4533 = ORIENTED_EDGE('',*,*,#863,.F.);
#4534 = ORIENTED_EDGE('',*,*,#544,.T.);
#4535 = ORIENTED_EDGE('',*,*,#3835,.T.);
#4536 = ORIENTED_EDGE('',*,*,#3642,.T.);
#4537 = ORIENTED_EDGE('',*,*,#3464,.T.);
#4538 = ORIENTED_EDGE('',*,*,#3316,.T.);
#4539 = ORIENTED_EDGE('',*,*,#3123,.T.);
#4540 = ORIENTED_EDGE('',*,*,#2978,.T.);
#4541 = ORIENTED_EDGE('',*,*,#2746,.T.);
#4542 = ORIENTED_EDGE('',*,*,#2439,.T.);
#4543 = ORIENTED_EDGE('',*,*,#1938,.F.);
#4544 = ADVANCED_FACE('',(#4545),#352,.F.);
#4545 = FACE_BOUND('',#4546,.F.);
#4546 = EDGE_LOOP('',(#4547,#4548,#4549,#4550));
#4547 = ORIENTED_EDGE('',*,*,#336,.T.);
#4548 = ORIENTED_EDGE('',*,*,#1766,.T.);
#4549 = ORIENTED_EDGE('',*,*,#4508,.F.);
#4550 = ORIENTED_EDGE('',*,*,#4551,.F.);
#4551 = EDGE_CURVE('',#197,#4462,#4552,.T.);
#4552 = SURFACE_CURVE('',#4553,(#4565,#4580),.PCURVE_S1.);
#4553 = B_SPLINE_CURVE_WITH_KNOTS('',4,(#4554,#4555,#4556,#4557,#4558,
    #4559,#4560,#4561,#4562,#4563,#4564),.UNSPECIFIED.,.F.,.F.,(5,3,3,5)
  ,(0.,0.496000330407,0.504663276867,1.),.UNSPECIFIED.);
#4554 = CARTESIAN_POINT('',(-6.5,13.795379675627,24.));
#4555 = CARTESIAN_POINT('',(-6.494355499137,13.798039202772,
    24.398011566965));
#4556 = CARTESIAN_POINT('',(-6.488710915882,13.7998157793,24.79602894366
    ));
#4557 = CARTESIAN_POINT('',(-6.483066291578,13.800714663534,
    25.194049214808));
#4558 = CARTESIAN_POINT('',(-6.477323079774,13.80073626627,
    25.59902120175));
#4559 = CARTESIAN_POINT('',(-6.477224492977,13.800736369373,
    25.605972867895));
#4560 = CARTESIAN_POINT('',(-6.477125906179,13.80073620475,
    25.612924534067));
#4561 = CARTESIAN_POINT('',(-6.471390246447,13.800711051265,
    26.017364000548));
#4562 = CARTESIAN_POINT('',(-6.465753174319,13.799811024546,
    26.414851743968));
#4563 = CARTESIAN_POINT('',(-6.460116143187,13.798035644314,
    26.812336596649));
#4564 = CARTESIAN_POINT('',(-6.454479194226,13.795379672006,
    27.209815655176));
#4565 = PCURVE('',#352,#4566);
#4566 = DEFINITIONAL_REPRESENTATION('',(#4567),#4579);
#4567 = B_SPLINE_CURVE_WITH_KNOTS('',4,(#4568,#4569,#4570,#4571,#4572,
    #4573,#4574,#4575,#4576,#4577,#4578),.UNSPECIFIED.,.F.,.F.,(5,3,3,5)
  ,(0.,0.496000330407,0.504663276867,1.),.UNSPECIFIED.);
#4568 = CARTESIAN_POINT('',(26.204620324373,-3.21013842131));
#4569 = CARTESIAN_POINT('',(26.201960797228,-2.812086831904));
#4570 = CARTESIAN_POINT('',(26.2001842207,-2.414029432185));
#4571 = CARTESIAN_POINT('',(26.199285336466,-2.015969137722));
#4572 = CARTESIAN_POINT('',(26.19926373373,-1.610956428428));
#4573 = CARTESIAN_POINT('',(26.199263630627,-1.604004063252));
#4574 = CARTESIAN_POINT('',(26.19926379525,-1.597051698048));
#4575 = CARTESIAN_POINT('',(26.199288948735,-1.192571562763));
#4576 = CARTESIAN_POINT('',(26.200188975454,-0.795043849577));
#4577 = CARTESIAN_POINT('',(26.201964355686,-0.39751902742));
#4578 = CARTESIAN_POINT('',(26.204620327994,0.));
#4579 = ( GEOMETRIC_REPRESENTATION_CONTEXT(2) 
PARAMETRIC_REPRESENTATION_CONTEXT() REPRESENTATION_CONTEXT('2D SPACE',''
  ) );
#4580 = PCURVE('',#212,#4581);
#4581 = DEFINITIONAL_REPRESENTATION('',(#4582),#4594);
#4582 = B_SPLINE_CURVE_WITH_KNOTS('',4,(#4583,#4584,#4585,#4586,#4587,
    #4588,#4589,#4590,#4591,#4592,#4593),.UNSPECIFIED.,.F.,.F.,(5,3,3,5)
  ,(0.,0.496000330407,0.504663276867,1.),.UNSPECIFIED.);
#4583 = CARTESIAN_POINT('',(0.320079200346,0.));
#4584 = CARTESIAN_POINT('',(0.320014080824,1.549770509224E-02));
#4585 = CARTESIAN_POINT('',(0.319970505285,3.099769731248E-02));
#4586 = CARTESIAN_POINT('',(0.319948457173,4.649884164303E-02));
#4587 = CARTESIAN_POINT('',(0.319947927294,6.22707415474E-02));
#4588 = CARTESIAN_POINT('',(0.319947924766,6.254147875437E-02));
#4589 = CARTESIAN_POINT('',(0.319947928803,6.281221596197E-02));
#4590 = CARTESIAN_POINT('',(0.319948545776,7.856337643419E-02));
#4591 = CARTESIAN_POINT('',(0.319970621909,9.404377835161E-02));
#4592 = CARTESIAN_POINT('',(0.320014167954,0.109523029705));
#4593 = CARTESIAN_POINT('',(0.320079200435,0.125000000025));
#4594 = ( GEOMETRIC_REPRESENTATION_CONTEXT(2) 
PARAMETRIC_REPRESENTATION_CONTEXT() REPRESENTATION_CONTEXT('2D SPACE',''
  ) );
#4595 = ADVANCED_FACE('',(#4596),#212,.T.);
#4596 = FACE_BOUND('',#4597,.T.);
#4597 = EDGE_LOOP('',(#4598,#4599,#4623,#4624,#4625,#4626,#4627,#4628,
    #4629,#4630,#4631));
#4598 = ORIENTED_EDGE('',*,*,#196,.T.);
#4599 = ORIENTED_EDGE('',*,*,#4600,.T.);
#4600 = EDGE_CURVE('',#84,#2293,#4601,.T.);
#4601 = SURFACE_CURVE('',#4602,(#4609,#4616),.PCURVE_S1.);
#4602 = ( BOUNDED_CURVE() B_SPLINE_CURVE(5,(#4603,#4604,#4605,#4606,
#4607,#4608),.UNSPECIFIED.,.F.,.F.) B_SPLINE_CURVE_WITH_KNOTS((6,6),(0.,
1.),.PIECEWISE_BEZIER_KNOTS.) CURVE() GEOMETRIC_REPRESENTATION_ITEM() 
RATIONAL_B_SPLINE_CURVE((1.,1.,1.,1.,1.,1.)) REPRESENTATION_ITEM('') );
#4603 = CARTESIAN_POINT('',(15.25,2.195835611012E-15,24.));
#4604 = CARTESIAN_POINT('',(15.250000109851,2.195835611012E-15,
    28.149409919841));
#4605 = CARTESIAN_POINT('',(15.485367337969,2.195835611012E-15,
    32.29881990736));
#4606 = CARTESIAN_POINT('',(15.956104687589,2.195835611012E-15,
    36.430428599647));
#4607 = CARTESIAN_POINT('',(16.660184057876,2.195835611012E-15,
    40.526435584129));
#4608 = CARTESIAN_POINT('',(17.593598087214,2.195835611012E-15,
    44.569496421256));
#4609 = PCURVE('',#212,#4610);
#4610 = DEFINITIONAL_REPRESENTATION('',(#4611),#4615);
#4611 = LINE('',#4612,#4613);
#4612 = CARTESIAN_POINT('',(1.,0.));
#4613 = VECTOR('',#4614,1.);
#4614 = DIRECTION('',(0.,1.));
#4615 = ( GEOMETRIC_REPRESENTATION_CONTEXT(2) 
PARAMETRIC_REPRESENTATION_CONTEXT() REPRESENTATION_CONTEXT('2D SPACE',''
  ) );
#4616 = PCURVE('',#99,#4617);
#4617 = DEFINITIONAL_REPRESENTATION('',(#4618),#4622);
#4618 = LINE('',#4619,#4620);
#4619 = CARTESIAN_POINT('',(0.,0.));
#4620 = VECTOR('',#4621,1.);
#4621 = DIRECTION('',(0.,1.));
#4622 = ( GEOMETRIC_REPRESENTATION_CONTEXT(2) 
PARAMETRIC_REPRESENTATION_CONTEXT() REPRESENTATION_CONTEXT('2D SPACE',''
  ) );
#4623 = ORIENTED_EDGE('',*,*,#2341,.F.);
#4624 = ORIENTED_EDGE('',*,*,#4076,.F.);
#4625 = ORIENTED_EDGE('',*,*,#4141,.F.);
#4626 = ORIENTED_EDGE('',*,*,#4205,.F.);
#4627 = ORIENTED_EDGE('',*,*,#4269,.F.);
#4628 = ORIENTED_EDGE('',*,*,#4333,.F.);
#4629 = ORIENTED_EDGE('',*,*,#4397,.F.);
#4630 = ORIENTED_EDGE('',*,*,#4461,.F.);
#4631 = ORIENTED_EDGE('',*,*,#4551,.F.);
#4632 = ADVANCED_FACE('',(#4633),#99,.T.);
#4633 = FACE_BOUND('',#4634,.T.);
#4634 = EDGE_LOOP('',(#4635,#4636,#4637,#4638,#4639,#4640,#4641,#4642,
    #4643,#4644,#4645));
#4635 = ORIENTED_EDGE('',*,*,#83,.T.);
#4636 = ORIENTED_EDGE('',*,*,#3994,.T.);
#4637 = ORIENTED_EDGE('',*,*,#3786,.T.);
#4638 = ORIENTED_EDGE('',*,*,#3602,.T.);
#4639 = ORIENTED_EDGE('',*,*,#3424,.T.);
#4640 = ORIENTED_EDGE('',*,*,#3267,.T.);
#4641 = ORIENTED_EDGE('',*,*,#3074,.T.);
#4642 = ORIENTED_EDGE('',*,*,#2929,.T.);
#4643 = ORIENTED_EDGE('',*,*,#2685,.T.);
#4644 = ORIENTED_EDGE('',*,*,#2292,.F.);
#4645 = ORIENTED_EDGE('',*,*,#4600,.F.);
#4646 = ADVANCED_FACE('',(#4647),#72,.F.);
#4647 = FACE_BOUND('',#4648,.F.);
#4648 = EDGE_LOOP('',(#4649,#4650,#4651,#4652,#4671));
#4649 = ORIENTED_EDGE('',*,*,#3973,.F.);
#4650 = ORIENTED_EDGE('',*,*,#523,.F.);
#4651 = ORIENTED_EDGE('',*,*,#469,.T.);
#4652 = ORIENTED_EDGE('',*,*,#4653,.T.);
#4653 = EDGE_CURVE('',#446,#24,#4654,.T.);
#4654 = SURFACE_CURVE('',#4655,(#4659,#4665),.PCURVE_S1.);
#4655 = LINE('',#4656,#4657);
#4656 = CARTESIAN_POINT('',(6.5,0.,0.));
#4657 = VECTOR('',#4658,1.);
#4658 = DIRECTION('',(0.,1.,0.));
#4659 = PCURVE('',#72,#4660);
#4660 = DEFINITIONAL_REPRESENTATION('',(#4661),#4664);
#4661 = B_SPLINE_CURVE_WITH_KNOTS('',1,(#4662,#4663),.UNSPECIFIED.,.F.,
  .F.,(2,2),(0.,15.25),.PIECEWISE_BEZIER_KNOTS.);
#4662 = CARTESIAN_POINT('',(0.,-24.));
#4663 = CARTESIAN_POINT('',(15.25,-24.));
#4664 = ( GEOMETRIC_REPRESENTATION_CONTEXT(2) 
PARAMETRIC_REPRESENTATION_CONTEXT() REPRESENTATION_CONTEXT('2D SPACE',''
  ) );
#4665 = PCURVE('',#45,#4666);
#4666 = DEFINITIONAL_REPRESENTATION('',(#4667),#4670);
#4667 = B_SPLINE_CURVE_WITH_KNOTS('',1,(#4668,#4669),.UNSPECIFIED.,.F.,
  .F.,(2,2),(0.,15.25),.PIECEWISE_BEZIER_KNOTS.);
#4668 = CARTESIAN_POINT('',(6.5,0.));
#4669 = CARTESIAN_POINT('',(6.5,15.25));
#4670 = ( GEOMETRIC_REPRESENTATION_CONTEXT(2) 
PARAMETRIC_REPRESENTATION_CONTEXT() REPRESENTATION_CONTEXT('2D SPACE',''
  ) );
#4671 = ORIENTED_EDGE('',*,*,#57,.T.);
#4672 = ADVANCED_FACE('',(#4673),#45,.F.);
#4673 = FACE_BOUND('',#4674,.F.);
#4674 = EDGE_LOOP('',(#4675,#4676,#4677,#4678));
#4675 = ORIENTED_EDGE('',*,*,#21,.T.);
#4676 = ORIENTED_EDGE('',*,*,#4653,.F.);
#4677 = ORIENTED_EDGE('',*,*,#445,.F.);
#4678 = ORIENTED_EDGE('',*,*,#365,.F.);
#4679 = ( GEOMETRIC_REPRESENTATION_CONTEXT(3) 
GLOBAL_UNCERTAINTY_ASSIGNED_CONTEXT((#4683)) 
GLOBAL_UNIT_ASSIGNED_CONTEXT((#4680,#4681,#4682)) REPRESENTATION_CONTEXT
('Context #1','3D Context with UNIT and UNCERTAINTY') );
#4680 = ( LENGTH_UNIT() NAMED_UNIT(*) SI_UNIT(.MILLI.,.METRE.) );
#4681 = ( NAMED_UNIT(*) PLANE_ANGLE_UNIT() SI_UNIT($,.RADIAN.) );
#4682 = ( NAMED_UNIT(*) SI_UNIT($,.STERADIAN.) SOLID_ANGLE_UNIT() );
#4683 = UNCERTAINTY_MEASURE_WITH_UNIT(LENGTH_MEASURE(2.E-06),#4680,
  'distance_accuracy_value','confusion accuracy');
#4684 = PRODUCT_RELATED_PRODUCT_CATEGORY('part',$,(#7));
ENDSEC;
END-ISO-10303-21;
