ISO-10303-21;
HEADER;
FILE_DESCRIPTION(('Open CASCADE Model'),'2;1');
FILE_NAME('Open CASCADE Shape Model','2026-09-10T22:31:51',('Author'),(
    'Open CASCADE'),'Open CASCADE STEP processor 7.9','Open CASCADE 7.9'
  ,'Unknown');
FILE_SCHEMA(('AUTOMOTIVE_DESIGN { 1 0 10303 214 1 1 1 1 }'));
ENDSEC;
DATA;
#1 = APPLICATION_PROTOCOL_DEFINITION('international standard',
  'automotive_design',2000,#2);
#2 = APPLICATION_CONTEXT(
  'core data for automotive mechanical design processes');
#3 = SHAPE_DEFINITION_REPRESENTATION(#4,#10);
#4 = PRODUCT_DEFINITION_SHAPE('','',#5);
#5 = PRODUCT_DEFINITION('design','',#6,#9);
#6 = PRODUCT_DEFINITION_FORMATION('','',#7);
#7 = PRODUCT('Open CASCADE STEP translator 7.9 8',
  'Open CASCADE STEP translator 7.9 8','',(#8));
#8 = PRODUCT_CONTEXT('',#2,'mechanical');
#9 = PRODUCT_DEFINITION_CONTEXT('part definition',#2,'design');
#10 = ADVANCED_BREP_SHAPE_REPRESENTATION('',(#11,#15),#13007);
#11 = AXIS2_PLACEMENT_3D('',#12,#13,#14);
#12 = CARTESIAN_POINT('',(0.,0.,0.));
#13 = DIRECTION('',(0.,0.,1.));
#14 = DIRECTION('',(1.,0.,-0.));
#15 = MANIFOLD_SOLID_BREP('',#16);
#16 = CLOSED_SHELL('',(#17,#139,#303,#5191,#5313,#5345,#5398,#5665,#5690
    ,#5697,#5722,#5749,#5776,#5803,#5830,#5877,#5904,#5911,#5938,#5945,
    #6021,#6070,#6119,#6168,#6217,#6266,#6315,#6364,#6413,#6462,#6511,
    #6560,#6609,#6658,#6707,#6756,#6805,#6854,#6903,#6952,#7001,#7028,
    #7104,#7153,#7202,#7251,#7300,#7349,#7398,#7447,#7496,#7545,#7594,
    #7643,#7692,#7741,#7790,#7839,#7888,#7937,#7986,#8035,#8084,#8111,
    #8187,#8236,#8285,#8312,#8388,#8437,#8486,#8535,#8584,#8633,#8682,
    #8731,#8780,#8829,#8878,#8927,#8976,#9025,#9074,#9123,#9172,#9221,
    #9248,#9324,#9373,#9422,#9471,#9520,#9569,#9618,#9667,#9716,#9765,
    #9792,#9868,#9917,#9966,#10015,#10064,#10113,#10162,#10211,#10260,
    #10309,#10358,#10407,#10456,#10505,#10554,#10603,#10630,#10706,
    #10755,#10804,#10853,#10902,#10951,#11000,#11027,#11052,#11077,
    #11084,#11378,#11664,#11684,#11695,#11786,#11856,#11926,#11996,
    #12066,#12148,#12218,#12288,#12336,#12445,#12515,#12585,#12661,
    #12719,#12789,#12859,#12929,#12983,#12995));
#17 = ADVANCED_FACE('',(#18),#32,.T.);
#18 = FACE_BOUND('',#19,.T.);
#19 = EDGE_LOOP('',(#20,#55,#84,#112));
#20 = ORIENTED_EDGE('',*,*,#21,.F.);
#21 = EDGE_CURVE('',#22,#24,#26,.T.);
#22 = VERTEX_POINT('',#23);
#23 = CARTESIAN_POINT('',(-6.5,9.243376006633,2.));
#24 = VERTEX_POINT('',#25);
#25 = CARTESIAN_POINT('',(-6.5,9.243376006633,21.4));
#26 = SURFACE_CURVE('',#27,(#31,#43),.PCURVE_S1.);
#27 = LINE('',#28,#29);
#28 = CARTESIAN_POINT('',(-6.5,9.243376006633,2.));
#29 = VECTOR('',#30,1.);
#30 = DIRECTION('',(0.,0.,1.));
#31 = PCURVE('',#32,#37);
#32 = CYLINDRICAL_SURFACE('',#33,11.3);
#33 = AXIS2_PLACEMENT_3D('',#34,#35,#36);
#34 = CARTESIAN_POINT('',(0.,0.,2.));
#35 = DIRECTION('',(0.,0.,1.));
#36 = DIRECTION('',(1.,0.,-0.));
#37 = DEFINITIONAL_REPRESENTATION('',(#38),#42);
#38 = LINE('',#39,#40);
#39 = CARTESIAN_POINT('',(2.183670913083,0.));
#40 = VECTOR('',#41,1.);
#41 = DIRECTION('',(0.,1.));
#42 = ( GEOMETRIC_REPRESENTATION_CONTEXT(2) 
PARAMETRIC_REPRESENTATION_CONTEXT() REPRESENTATION_CONTEXT('2D SPACE',''
  ) );
#43 = PCURVE('',#44,#49);
#44 = PLANE('',#45);
#45 = AXIS2_PLACEMENT_3D('',#46,#47,#48);
#46 = CARTESIAN_POINT('',(-6.5,0.,1.));
#47 = DIRECTION('',(1.,0.,0.));
#48 = DIRECTION('',(0.,0.,1.));
#49 = DEFINITIONAL_REPRESENTATION('',(#50),#54);
#50 = LINE('',#51,#52);
#51 = CARTESIAN_POINT('',(1.,-9.243376006633));
#52 = VECTOR('',#53,1.);
#53 = DIRECTION('',(1.,0.));
#54 = ( GEOMETRIC_REPRESENTATION_CONTEXT(2) 
PARAMETRIC_REPRESENTATION_CONTEXT() REPRESENTATION_CONTEXT('2D SPACE',''
  ) );
#55 = ORIENTED_EDGE('',*,*,#56,.T.);
#56 = EDGE_CURVE('',#22,#57,#59,.T.);
#57 = VERTEX_POINT('',#58);
#58 = CARTESIAN_POINT('',(6.5,9.243376006633,2.));
#59 = SURFACE_CURVE('',#60,(#65,#72),.PCURVE_S1.);
#60 = CIRCLE('',#61,11.3);
#61 = AXIS2_PLACEMENT_3D('',#62,#63,#64);
#62 = CARTESIAN_POINT('',(0.,0.,2.));
#63 = DIRECTION('',(0.,0.,1.));
#64 = DIRECTION('',(-0.575221238938,0.817997876693,0.));
#65 = PCURVE('',#32,#66);
#66 = DEFINITIONAL_REPRESENTATION('',(#67),#71);
#67 = LINE('',#68,#69);
#68 = CARTESIAN_POINT('',(2.183670913083,0.));
#69 = VECTOR('',#70,1.);
#70 = DIRECTION('',(1.,0.));
#71 = ( GEOMETRIC_REPRESENTATION_CONTEXT(2) 
PARAMETRIC_REPRESENTATION_CONTEXT() REPRESENTATION_CONTEXT('2D SPACE',''
  ) );
#72 = PCURVE('',#73,#78);
#73 = PLANE('',#74);
#74 = AXIS2_PLACEMENT_3D('',#75,#76,#77);
#75 = CARTESIAN_POINT('',(0.,0.,2.));
#76 = DIRECTION('',(0.,0.,1.));
#77 = DIRECTION('',(1.,0.,-0.));
#78 = DEFINITIONAL_REPRESENTATION('',(#79),#83);
#79 = CIRCLE('',#80,11.3);
#80 = AXIS2_PLACEMENT_2D('',#81,#82);
#81 = CARTESIAN_POINT('',(0.,0.));
#82 = DIRECTION('',(-0.575221238938,0.817997876693));
#83 = ( GEOMETRIC_REPRESENTATION_CONTEXT(2) 
PARAMETRIC_REPRESENTATION_CONTEXT() REPRESENTATION_CONTEXT('2D SPACE',''
  ) );
#84 = ORIENTED_EDGE('',*,*,#85,.T.);
#85 = EDGE_CURVE('',#57,#86,#88,.T.);
#86 = VERTEX_POINT('',#87);
#87 = CARTESIAN_POINT('',(6.5,9.243376006633,21.4));
#88 = SURFACE_CURVE('',#89,(#93,#100),.PCURVE_S1.);
#89 = LINE('',#90,#91);
#90 = CARTESIAN_POINT('',(6.5,9.243376006633,2.));
#91 = VECTOR('',#92,1.);
#92 = DIRECTION('',(0.,0.,1.));
#93 = PCURVE('',#32,#94);
#94 = DEFINITIONAL_REPRESENTATION('',(#95),#99);
#95 = LINE('',#96,#97);
#96 = CARTESIAN_POINT('',(7.241107047686,0.));
#97 = VECTOR('',#98,1.);
#98 = DIRECTION('',(0.,1.));
#99 = ( GEOMETRIC_REPRESENTATION_CONTEXT(2) 
PARAMETRIC_REPRESENTATION_CONTEXT() REPRESENTATION_CONTEXT('2D SPACE',''
  ) );
#100 = PCURVE('',#101,#106);
#101 = PLANE('',#102);
#102 = AXIS2_PLACEMENT_3D('',#103,#104,#105);
#103 = CARTESIAN_POINT('',(6.5,0.,1.));
#104 = DIRECTION('',(1.,0.,0.));
#105 = DIRECTION('',(0.,0.,1.));
#106 = DEFINITIONAL_REPRESENTATION('',(#107),#111);
#107 = LINE('',#108,#109);
#108 = CARTESIAN_POINT('',(1.,-9.243376006633));
#109 = VECTOR('',#110,1.);
#110 = DIRECTION('',(1.,0.));
#111 = ( GEOMETRIC_REPRESENTATION_CONTEXT(2) 
PARAMETRIC_REPRESENTATION_CONTEXT() REPRESENTATION_CONTEXT('2D SPACE',''
  ) );
#112 = ORIENTED_EDGE('',*,*,#113,.T.);
#113 = EDGE_CURVE('',#86,#24,#114,.T.);
#114 = SURFACE_CURVE('',#115,(#120,#127),.PCURVE_S1.);
#115 = CIRCLE('',#116,11.3);
#116 = AXIS2_PLACEMENT_3D('',#117,#118,#119);
#117 = CARTESIAN_POINT('',(0.,0.,21.4));
#118 = DIRECTION('',(0.,0.,-1.));
#119 = DIRECTION('',(0.575221238938,0.817997876693,0.));
#120 = PCURVE('',#32,#121);
#121 = DEFINITIONAL_REPRESENTATION('',(#122),#126);
#122 = LINE('',#123,#124);
#123 = CARTESIAN_POINT('',(7.241107047686,19.4));
#124 = VECTOR('',#125,1.);
#125 = DIRECTION('',(-1.,-0.));
#126 = ( GEOMETRIC_REPRESENTATION_CONTEXT(2) 
PARAMETRIC_REPRESENTATION_CONTEXT() REPRESENTATION_CONTEXT('2D SPACE',''
  ) );
#127 = PCURVE('',#128,#133);
#128 = CONICAL_SURFACE('',#129,11.3,0.785398163397);
#129 = AXIS2_PLACEMENT_3D('',#130,#131,#132);
#130 = CARTESIAN_POINT('',(0.,0.,21.4));
#131 = DIRECTION('',(-0.,-0.,-1.));
#132 = DIRECTION('',(1.,0.,-0.));
#133 = DEFINITIONAL_REPRESENTATION('',(#134),#138);
#134 = LINE('',#135,#136);
#135 = CARTESIAN_POINT('',(-7.241107047686,-0.));
#136 = VECTOR('',#137,1.);
#137 = DIRECTION('',(1.,-0.));
#138 = ( GEOMETRIC_REPRESENTATION_CONTEXT(2) 
PARAMETRIC_REPRESENTATION_CONTEXT() REPRESENTATION_CONTEXT('2D SPACE',''
  ) );
#139 = ADVANCED_FACE('',(#140),#44,.T.);
#140 = FACE_BOUND('',#141,.T.);
#141 = EDGE_LOOP('',(#142,#172,#200,#228,#249,#250,#277));
#142 = ORIENTED_EDGE('',*,*,#143,.T.);
#143 = EDGE_CURVE('',#144,#146,#148,.T.);
#144 = VERTEX_POINT('',#145);
#145 = CARTESIAN_POINT('',(-6.5,6.224949798994,22.));
#146 = VERTEX_POINT('',#147);
#147 = CARTESIAN_POINT('',(-6.5,6.224949798994,0.));
#148 = SURFACE_CURVE('',#149,(#153,#160),.PCURVE_S1.);
#149 = LINE('',#150,#151);
#150 = CARTESIAN_POINT('',(-6.5,6.224949798994,22.));
#151 = VECTOR('',#152,1.);
#152 = DIRECTION('',(0.,0.,-1.));
#153 = PCURVE('',#44,#154);
#154 = DEFINITIONAL_REPRESENTATION('',(#155),#159);
#155 = LINE('',#156,#157);
#156 = CARTESIAN_POINT('',(21.,-6.224949798994));
#157 = VECTOR('',#158,1.);
#158 = DIRECTION('',(-1.,0.));
#159 = ( GEOMETRIC_REPRESENTATION_CONTEXT(2) 
PARAMETRIC_REPRESENTATION_CONTEXT() REPRESENTATION_CONTEXT('2D SPACE',''
  ) );
#160 = PCURVE('',#161,#166);
#161 = CYLINDRICAL_SURFACE('',#162,9.);
#162 = AXIS2_PLACEMENT_3D('',#163,#164,#165);
#163 = CARTESIAN_POINT('',(0.,0.,1.));
#164 = DIRECTION('',(0.,0.,1.));
#165 = DIRECTION('',(1.,0.,-0.));
#166 = DEFINITIONAL_REPRESENTATION('',(#167),#171);
#167 = LINE('',#168,#169);
#168 = CARTESIAN_POINT('',(2.377806157192,21.));
#169 = VECTOR('',#170,1.);
#170 = DIRECTION('',(-0.,-1.));
#171 = ( GEOMETRIC_REPRESENTATION_CONTEXT(2) 
PARAMETRIC_REPRESENTATION_CONTEXT() REPRESENTATION_CONTEXT('2D SPACE',''
  ) );
#172 = ORIENTED_EDGE('',*,*,#173,.T.);
#173 = EDGE_CURVE('',#146,#174,#176,.T.);
#174 = VERTEX_POINT('',#175);
#175 = CARTESIAN_POINT('',(-6.5,13.795379661321,0.));
#176 = SURFACE_CURVE('',#177,(#181,#188),.PCURVE_S1.);
#177 = LINE('',#178,#179);
#178 = CARTESIAN_POINT('',(-6.5,0.,0.));
#179 = VECTOR('',#180,1.);
#180 = DIRECTION('',(0.,1.,0.));
#181 = PCURVE('',#44,#182);
#182 = DEFINITIONAL_REPRESENTATION('',(#183),#187);
#183 = LINE('',#184,#185);
#184 = CARTESIAN_POINT('',(-1.,0.));
#185 = VECTOR('',#186,1.);
#186 = DIRECTION('',(0.,-1.));
#187 = ( GEOMETRIC_REPRESENTATION_CONTEXT(2) 
PARAMETRIC_REPRESENTATION_CONTEXT() REPRESENTATION_CONTEXT('2D SPACE',''
  ) );
#188 = PCURVE('',#189,#194);
#189 = PLANE('',#190);
#190 = AXIS2_PLACEMENT_3D('',#191,#192,#193);
#191 = CARTESIAN_POINT('',(0.,0.,0.));
#192 = DIRECTION('',(0.,0.,1.));
#193 = DIRECTION('',(1.,0.,-0.));
#194 = DEFINITIONAL_REPRESENTATION('',(#195),#199);
#195 = LINE('',#196,#197);
#196 = CARTESIAN_POINT('',(-6.5,0.));
#197 = VECTOR('',#198,1.);
#198 = DIRECTION('',(0.,1.));
#199 = ( GEOMETRIC_REPRESENTATION_CONTEXT(2) 
PARAMETRIC_REPRESENTATION_CONTEXT() REPRESENTATION_CONTEXT('2D SPACE',''
  ) );
#200 = ORIENTED_EDGE('',*,*,#201,.T.);
#201 = EDGE_CURVE('',#174,#202,#204,.T.);
#202 = VERTEX_POINT('',#203);
#203 = CARTESIAN_POINT('',(-6.5,13.795379661321,2.));
#204 = SURFACE_CURVE('',#205,(#209,#216),.PCURVE_S1.);
#205 = LINE('',#206,#207);
#206 = CARTESIAN_POINT('',(-6.5,13.795379661321,0.));
#207 = VECTOR('',#208,1.);
#208 = DIRECTION('',(0.,0.,1.));
#209 = PCURVE('',#44,#210);
#210 = DEFINITIONAL_REPRESENTATION('',(#211),#215);
#211 = LINE('',#212,#213);
#212 = CARTESIAN_POINT('',(-1.,-13.79537966132));
#213 = VECTOR('',#214,1.);
#214 = DIRECTION('',(1.,0.));
#215 = ( GEOMETRIC_REPRESENTATION_CONTEXT(2) 
PARAMETRIC_REPRESENTATION_CONTEXT() REPRESENTATION_CONTEXT('2D SPACE',''
  ) );
#216 = PCURVE('',#217,#222);
#217 = CYLINDRICAL_SURFACE('',#218,15.25);
#218 = AXIS2_PLACEMENT_3D('',#219,#220,#221);
#219 = CARTESIAN_POINT('',(0.,0.,0.));
#220 = DIRECTION('',(0.,0.,1.));
#221 = DIRECTION('',(1.,0.,-0.));
#222 = DEFINITIONAL_REPRESENTATION('',(#223),#227);
#223 = LINE('',#224,#225);
#224 = CARTESIAN_POINT('',(2.01111692861,0.));
#225 = VECTOR('',#226,1.);
#226 = DIRECTION('',(0.,1.));
#227 = ( GEOMETRIC_REPRESENTATION_CONTEXT(2) 
PARAMETRIC_REPRESENTATION_CONTEXT() REPRESENTATION_CONTEXT('2D SPACE',''
  ) );
#228 = ORIENTED_EDGE('',*,*,#229,.F.);
#229 = EDGE_CURVE('',#22,#202,#230,.T.);
#230 = SURFACE_CURVE('',#231,(#235,#242),.PCURVE_S1.);
#231 = LINE('',#232,#233);
#232 = CARTESIAN_POINT('',(-6.5,0.,2.));
#233 = VECTOR('',#234,1.);
#234 = DIRECTION('',(0.,1.,0.));
#235 = PCURVE('',#44,#236);
#236 = DEFINITIONAL_REPRESENTATION('',(#237),#241);
#237 = LINE('',#238,#239);
#238 = CARTESIAN_POINT('',(1.,0.));
#239 = VECTOR('',#240,1.);
#240 = DIRECTION('',(0.,-1.));
#241 = ( GEOMETRIC_REPRESENTATION_CONTEXT(2) 
PARAMETRIC_REPRESENTATION_CONTEXT() REPRESENTATION_CONTEXT('2D SPACE',''
  ) );
#242 = PCURVE('',#73,#243);
#243 = DEFINITIONAL_REPRESENTATION('',(#244),#248);
#244 = LINE('',#245,#246);
#245 = CARTESIAN_POINT('',(-6.5,0.));
#246 = VECTOR('',#247,1.);
#247 = DIRECTION('',(0.,1.));
#248 = ( GEOMETRIC_REPRESENTATION_CONTEXT(2) 
PARAMETRIC_REPRESENTATION_CONTEXT() REPRESENTATION_CONTEXT('2D SPACE',''
  ) );
#249 = ORIENTED_EDGE('',*,*,#21,.T.);
#250 = ORIENTED_EDGE('',*,*,#251,.F.);
#251 = EDGE_CURVE('',#252,#24,#254,.T.);
#252 = VERTEX_POINT('',#253);
#253 = CARTESIAN_POINT('',(-6.5,8.49941174435,22.));
#254 = SURFACE_CURVE('',#255,(#260,#267),.PCURVE_S1.);
#255 = HYPERBOLA('',#256,6.5,6.5);
#256 = AXIS2_PLACEMENT_3D('',#257,#258,#259);
#257 = CARTESIAN_POINT('',(-6.5,0.,32.7));
#258 = DIRECTION('',(1.,0.,0.));
#259 = DIRECTION('',(0.,0.,-1.));
#260 = PCURVE('',#44,#261);
#261 = DEFINITIONAL_REPRESENTATION('',(#262),#266);
#262 = HYPERBOLA('',#263,6.5,6.5);
#263 = AXIS2_PLACEMENT_2D('',#264,#265);
#264 = CARTESIAN_POINT('',(31.7,0.));
#265 = DIRECTION('',(-1.,0.));
#266 = ( GEOMETRIC_REPRESENTATION_CONTEXT(2) 
PARAMETRIC_REPRESENTATION_CONTEXT() REPRESENTATION_CONTEXT('2D SPACE',''
  ) );
#267 = PCURVE('',#128,#268);
#268 = DEFINITIONAL_REPRESENTATION('',(#269),#276);
#269 = B_SPLINE_CURVE_WITH_KNOTS('',5,(#270,#271,#272,#273,#274,#275),
  .UNSPECIFIED.,.F.,.F.,(6,6),(1.083077463348,1.150736376636),
  .PIECEWISE_BEZIER_KNOTS.);
#270 = CARTESIAN_POINT('',(-2.22367635378,-0.6));
#271 = CARTESIAN_POINT('',(-2.215456111978,-0.484987807558));
#272 = CARTESIAN_POINT('',(-2.207346317384,-0.367526530375));
#273 = CARTESIAN_POINT('',(-2.199346148535,-0.247572293692));
#274 = CARTESIAN_POINT('',(-2.191454681869,-0.125079355144));
#275 = CARTESIAN_POINT('',(-2.183670913083,0.));
#276 = ( GEOMETRIC_REPRESENTATION_CONTEXT(2) 
PARAMETRIC_REPRESENTATION_CONTEXT() REPRESENTATION_CONTEXT('2D SPACE',''
  ) );
#277 = ORIENTED_EDGE('',*,*,#278,.F.);
#278 = EDGE_CURVE('',#144,#252,#279,.T.);
#279 = SURFACE_CURVE('',#280,(#284,#291),.PCURVE_S1.);
#280 = LINE('',#281,#282);
#281 = CARTESIAN_POINT('',(-6.5,0.,22.));
#282 = VECTOR('',#283,1.);
#283 = DIRECTION('',(0.,1.,0.));
#284 = PCURVE('',#44,#285);
#285 = DEFINITIONAL_REPRESENTATION('',(#286),#290);
#286 = LINE('',#287,#288);
#287 = CARTESIAN_POINT('',(21.,0.));
#288 = VECTOR('',#289,1.);
#289 = DIRECTION('',(0.,-1.));
#290 = ( GEOMETRIC_REPRESENTATION_CONTEXT(2) 
PARAMETRIC_REPRESENTATION_CONTEXT() REPRESENTATION_CONTEXT('2D SPACE',''
  ) );
#291 = PCURVE('',#292,#297);
#292 = PLANE('',#293);
#293 = AXIS2_PLACEMENT_3D('',#294,#295,#296);
#294 = CARTESIAN_POINT('',(0.,0.,22.));
#295 = DIRECTION('',(0.,0.,1.));
#296 = DIRECTION('',(1.,0.,-0.));
#297 = DEFINITIONAL_REPRESENTATION('',(#298),#302);
#298 = LINE('',#299,#300);
#299 = CARTESIAN_POINT('',(-6.5,0.));
#300 = VECTOR('',#301,1.);
#301 = DIRECTION('',(0.,1.));
#302 = ( GEOMETRIC_REPRESENTATION_CONTEXT(2) 
PARAMETRIC_REPRESENTATION_CONTEXT() REPRESENTATION_CONTEXT('2D SPACE',''
  ) );
#303 = ADVANCED_FACE('',(#304,#650,#868,#1854,#2840,#2950,#3924,#4514),
  #73,.T.);
#304 = FACE_BOUND('',#305,.T.);
#305 = EDGE_LOOP('',(#306,#307,#308,#336,#364,#393,#421,#454,#482,#511,
    #539,#568,#596,#629));
#306 = ORIENTED_EDGE('',*,*,#56,.F.);
#307 = ORIENTED_EDGE('',*,*,#229,.T.);
#308 = ORIENTED_EDGE('',*,*,#309,.F.);
#309 = EDGE_CURVE('',#310,#202,#312,.T.);
#310 = VERTEX_POINT('',#311);
#311 = CARTESIAN_POINT('',(-7.54983443527,-13.25,2.));
#312 = SURFACE_CURVE('',#313,(#318,#329),.PCURVE_S1.);
#313 = CIRCLE('',#314,15.25);
#314 = AXIS2_PLACEMENT_3D('',#315,#316,#317);
#315 = CARTESIAN_POINT('',(0.,0.,2.));
#316 = DIRECTION('',(0.,0.,-1.));
#317 = DIRECTION('',(0.426229508197,0.904615059759,0.));
#318 = PCURVE('',#73,#319);
#319 = DEFINITIONAL_REPRESENTATION('',(#320),#328);
#320 = ( BOUNDED_CURVE() B_SPLINE_CURVE(2,(#321,#322,#323,#324,#325,#326
,#327),.UNSPECIFIED.,.T.,.F.) B_SPLINE_CURVE_WITH_KNOTS((1,2,2,2,2,1),(
    -2.094395102393,0.,2.094395102393,4.188790204786,6.28318530718,
8.377580409573),.UNSPECIFIED.) CURVE() GEOMETRIC_REPRESENTATION_ITEM() 
RATIONAL_B_SPLINE_CURVE((1.,0.5,1.,0.5,1.,0.5,1.)) REPRESENTATION_ITEM(
  '') );
#321 = CARTESIAN_POINT('',(6.5,13.795379661321));
#322 = CARTESIAN_POINT('',(30.394298483111,2.537049412124));
#323 = CARTESIAN_POINT('',(8.697149241555,-12.52685495526));
#324 = CARTESIAN_POINT('',(-13.,-27.59075932264));
#325 = CARTESIAN_POINT('',(-15.19714924155,-1.268524706062));
#326 = CARTESIAN_POINT('',(-17.39429848311,25.053709910519));
#327 = CARTESIAN_POINT('',(6.5,13.795379661321));
#328 = ( GEOMETRIC_REPRESENTATION_CONTEXT(2) 
PARAMETRIC_REPRESENTATION_CONTEXT() REPRESENTATION_CONTEXT('2D SPACE',''
  ) );
#329 = PCURVE('',#217,#330);
#330 = DEFINITIONAL_REPRESENTATION('',(#331),#335);
#331 = LINE('',#332,#333);
#332 = CARTESIAN_POINT('',(7.413661032159,2.));
#333 = VECTOR('',#334,1.);
#334 = DIRECTION('',(-1.,-0.));
#335 = ( GEOMETRIC_REPRESENTATION_CONTEXT(2) 
PARAMETRIC_REPRESENTATION_CONTEXT() REPRESENTATION_CONTEXT('2D SPACE',''
  ) );
#336 = ORIENTED_EDGE('',*,*,#337,.T.);
#337 = EDGE_CURVE('',#310,#338,#340,.T.);
#338 = VERTEX_POINT('',#339);
#339 = CARTESIAN_POINT('',(-11.,-13.25,2.));
#340 = SURFACE_CURVE('',#341,(#345,#352),.PCURVE_S1.);
#341 = LINE('',#342,#343);
#342 = CARTESIAN_POINT('',(12.,-13.25,2.));
#343 = VECTOR('',#344,1.);
#344 = DIRECTION('',(-1.,0.,0.));
#345 = PCURVE('',#73,#346);
#346 = DEFINITIONAL_REPRESENTATION('',(#347),#351);
#347 = LINE('',#348,#349);
#348 = CARTESIAN_POINT('',(12.,-13.25));
#349 = VECTOR('',#350,1.);
#350 = DIRECTION('',(-1.,0.));
#351 = ( GEOMETRIC_REPRESENTATION_CONTEXT(2) 
PARAMETRIC_REPRESENTATION_CONTEXT() REPRESENTATION_CONTEXT('2D SPACE',''
  ) );
#352 = PCURVE('',#353,#358);
#353 = PLANE('',#354);
#354 = AXIS2_PLACEMENT_3D('',#355,#356,#357);
#355 = CARTESIAN_POINT('',(12.,-13.25,0.));
#356 = DIRECTION('',(0.,-1.,0.));
#357 = DIRECTION('',(-1.,0.,0.));
#358 = DEFINITIONAL_REPRESENTATION('',(#359),#363);
#359 = LINE('',#360,#361);
#360 = CARTESIAN_POINT('',(0.,-2.));
#361 = VECTOR('',#362,1.);
#362 = DIRECTION('',(1.,0.));
#363 = ( GEOMETRIC_REPRESENTATION_CONTEXT(2) 
PARAMETRIC_REPRESENTATION_CONTEXT() REPRESENTATION_CONTEXT('2D SPACE',''
  ) );
#364 = ORIENTED_EDGE('',*,*,#365,.T.);
#365 = EDGE_CURVE('',#338,#366,#368,.T.);
#366 = VERTEX_POINT('',#367);
#367 = CARTESIAN_POINT('',(-12.,-14.25,2.));
#368 = SURFACE_CURVE('',#369,(#374,#381),.PCURVE_S1.);
#369 = CIRCLE('',#370,1.);
#370 = AXIS2_PLACEMENT_3D('',#371,#372,#373);
#371 = CARTESIAN_POINT('',(-11.,-14.25,2.));
#372 = DIRECTION('',(0.,0.,1.));
#373 = DIRECTION('',(0.,-1.,0.));
#374 = PCURVE('',#73,#375);
#375 = DEFINITIONAL_REPRESENTATION('',(#376),#380);
#376 = CIRCLE('',#377,1.);
#377 = AXIS2_PLACEMENT_2D('',#378,#379);
#378 = CARTESIAN_POINT('',(-11.,-14.25));
#379 = DIRECTION('',(0.,-1.));
#380 = ( GEOMETRIC_REPRESENTATION_CONTEXT(2) 
PARAMETRIC_REPRESENTATION_CONTEXT() REPRESENTATION_CONTEXT('2D SPACE',''
  ) );
#381 = PCURVE('',#382,#387);
#382 = CYLINDRICAL_SURFACE('',#383,1.);
#383 = AXIS2_PLACEMENT_3D('',#384,#385,#386);
#384 = CARTESIAN_POINT('',(-11.,-14.25,0.));
#385 = DIRECTION('',(0.,0.,1.));
#386 = DIRECTION('',(-0.,1.,0.));
#387 = DEFINITIONAL_REPRESENTATION('',(#388),#392);
#388 = LINE('',#389,#390);
#389 = CARTESIAN_POINT('',(-3.14159265359,2.));
#390 = VECTOR('',#391,1.);
#391 = DIRECTION('',(1.,0.));
#392 = ( GEOMETRIC_REPRESENTATION_CONTEXT(2) 
PARAMETRIC_REPRESENTATION_CONTEXT() REPRESENTATION_CONTEXT('2D SPACE',''
  ) );
#393 = ORIENTED_EDGE('',*,*,#394,.T.);
#394 = EDGE_CURVE('',#366,#395,#397,.T.);
#395 = VERTEX_POINT('',#396);
#396 = CARTESIAN_POINT('',(-12.,-26.25,2.));
#397 = SURFACE_CURVE('',#398,(#402,#409),.PCURVE_S1.);
#398 = LINE('',#399,#400);
#399 = CARTESIAN_POINT('',(-12.,-13.25,2.));
#400 = VECTOR('',#401,1.);
#401 = DIRECTION('',(0.,-1.,0.));
#402 = PCURVE('',#73,#403);
#403 = DEFINITIONAL_REPRESENTATION('',(#404),#408);
#404 = LINE('',#405,#406);
#405 = CARTESIAN_POINT('',(-12.,-13.25));
#406 = VECTOR('',#407,1.);
#407 = DIRECTION('',(0.,-1.));
#408 = ( GEOMETRIC_REPRESENTATION_CONTEXT(2) 
PARAMETRIC_REPRESENTATION_CONTEXT() REPRESENTATION_CONTEXT('2D SPACE',''
  ) );
#409 = PCURVE('',#410,#415);
#410 = PLANE('',#411);
#411 = AXIS2_PLACEMENT_3D('',#412,#413,#414);
#412 = CARTESIAN_POINT('',(-12.,-13.25,0.));
#413 = DIRECTION('',(1.,0.,-0.));
#414 = DIRECTION('',(0.,-1.,0.));
#415 = DEFINITIONAL_REPRESENTATION('',(#416),#420);
#416 = LINE('',#417,#418);
#417 = CARTESIAN_POINT('',(0.,-2.));
#418 = VECTOR('',#419,1.);
#419 = DIRECTION('',(1.,0.));
#420 = ( GEOMETRIC_REPRESENTATION_CONTEXT(2) 
PARAMETRIC_REPRESENTATION_CONTEXT() REPRESENTATION_CONTEXT('2D SPACE',''
  ) );
#421 = ORIENTED_EDGE('',*,*,#422,.F.);
#422 = EDGE_CURVE('',#423,#395,#425,.T.);
#423 = VERTEX_POINT('',#424);
#424 = CARTESIAN_POINT('',(-11.,-27.25,2.));
#425 = SURFACE_CURVE('',#426,(#431,#442),.PCURVE_S1.);
#426 = CIRCLE('',#427,1.);
#427 = AXIS2_PLACEMENT_3D('',#428,#429,#430);
#428 = CARTESIAN_POINT('',(-11.,-26.25,2.));
#429 = DIRECTION('',(-0.,-0.,-1.));
#430 = DIRECTION('',(0.,-1.,0.));
#431 = PCURVE('',#73,#432);
#432 = DEFINITIONAL_REPRESENTATION('',(#433),#441);
#433 = ( BOUNDED_CURVE() B_SPLINE_CURVE(2,(#434,#435,#436,#437,#438,#439
,#440),.UNSPECIFIED.,.T.,.F.) B_SPLINE_CURVE_WITH_KNOTS((1,2,2,2,2,1),(
    -2.094395102393,0.,2.094395102393,4.188790204786,6.28318530718,
8.377580409573),.UNSPECIFIED.) CURVE() GEOMETRIC_REPRESENTATION_ITEM() 
RATIONAL_B_SPLINE_CURVE((1.,0.5,1.,0.5,1.,0.5,1.)) REPRESENTATION_ITEM(
  '') );
#434 = CARTESIAN_POINT('',(-11.,-27.25));
#435 = CARTESIAN_POINT('',(-12.73205080756,-27.25));
#436 = CARTESIAN_POINT('',(-11.86602540378,-25.75));
#437 = CARTESIAN_POINT('',(-11.,-24.25));
#438 = CARTESIAN_POINT('',(-10.13397459621,-25.75));
#439 = CARTESIAN_POINT('',(-9.267949192431,-27.25));
#440 = CARTESIAN_POINT('',(-11.,-27.25));
#441 = ( GEOMETRIC_REPRESENTATION_CONTEXT(2) 
PARAMETRIC_REPRESENTATION_CONTEXT() REPRESENTATION_CONTEXT('2D SPACE',''
  ) );
#442 = PCURVE('',#443,#448);
#443 = CYLINDRICAL_SURFACE('',#444,1.);
#444 = AXIS2_PLACEMENT_3D('',#445,#446,#447);
#445 = CARTESIAN_POINT('',(-11.,-26.25,0.));
#446 = DIRECTION('',(0.,0.,1.));
#447 = DIRECTION('',(0.,-1.,0.));
#448 = DEFINITIONAL_REPRESENTATION('',(#449),#453);
#449 = LINE('',#450,#451);
#450 = CARTESIAN_POINT('',(-0.,2.));
#451 = VECTOR('',#452,1.);
#452 = DIRECTION('',(-1.,0.));
#453 = ( GEOMETRIC_REPRESENTATION_CONTEXT(2) 
PARAMETRIC_REPRESENTATION_CONTEXT() REPRESENTATION_CONTEXT('2D SPACE',''
  ) );
#454 = ORIENTED_EDGE('',*,*,#455,.T.);
#455 = EDGE_CURVE('',#423,#456,#458,.T.);
#456 = VERTEX_POINT('',#457);
#457 = CARTESIAN_POINT('',(11.,-27.25,2.));
#458 = SURFACE_CURVE('',#459,(#463,#470),.PCURVE_S1.);
#459 = LINE('',#460,#461);
#460 = CARTESIAN_POINT('',(-12.,-27.25,2.));
#461 = VECTOR('',#462,1.);
#462 = DIRECTION('',(1.,0.,0.));
#463 = PCURVE('',#73,#464);
#464 = DEFINITIONAL_REPRESENTATION('',(#465),#469);
#465 = LINE('',#466,#467);
#466 = CARTESIAN_POINT('',(-12.,-27.25));
#467 = VECTOR('',#468,1.);
#468 = DIRECTION('',(1.,0.));
#469 = ( GEOMETRIC_REPRESENTATION_CONTEXT(2) 
PARAMETRIC_REPRESENTATION_CONTEXT() REPRESENTATION_CONTEXT('2D SPACE',''
  ) );
#470 = PCURVE('',#471,#476);
#471 = PLANE('',#472);
#472 = AXIS2_PLACEMENT_3D('',#473,#474,#475);
#473 = CARTESIAN_POINT('',(-12.,-27.25,0.));
#474 = DIRECTION('',(0.,1.,0.));
#475 = DIRECTION('',(1.,0.,0.));
#476 = DEFINITIONAL_REPRESENTATION('',(#477),#481);
#477 = LINE('',#478,#479);
#478 = CARTESIAN_POINT('',(0.,-2.));
#479 = VECTOR('',#480,1.);
#480 = DIRECTION('',(1.,0.));
#481 = ( GEOMETRIC_REPRESENTATION_CONTEXT(2) 
PARAMETRIC_REPRESENTATION_CONTEXT() REPRESENTATION_CONTEXT('2D SPACE',''
  ) );
#482 = ORIENTED_EDGE('',*,*,#483,.T.);
#483 = EDGE_CURVE('',#456,#484,#486,.T.);
#484 = VERTEX_POINT('',#485);
#485 = CARTESIAN_POINT('',(12.,-26.25,2.));
#486 = SURFACE_CURVE('',#487,(#492,#499),.PCURVE_S1.);
#487 = CIRCLE('',#488,1.);
#488 = AXIS2_PLACEMENT_3D('',#489,#490,#491);
#489 = CARTESIAN_POINT('',(11.,-26.25,2.));
#490 = DIRECTION('',(0.,0.,1.));
#491 = DIRECTION('',(0.,-1.,0.));
#492 = PCURVE('',#73,#493);
#493 = DEFINITIONAL_REPRESENTATION('',(#494),#498);
#494 = CIRCLE('',#495,1.);
#495 = AXIS2_PLACEMENT_2D('',#496,#497);
#496 = CARTESIAN_POINT('',(11.,-26.25));
#497 = DIRECTION('',(0.,-1.));
#498 = ( GEOMETRIC_REPRESENTATION_CONTEXT(2) 
PARAMETRIC_REPRESENTATION_CONTEXT() REPRESENTATION_CONTEXT('2D SPACE',''
  ) );
#499 = PCURVE('',#500,#505);
#500 = CYLINDRICAL_SURFACE('',#501,1.);
#501 = AXIS2_PLACEMENT_3D('',#502,#503,#504);
#502 = CARTESIAN_POINT('',(11.,-26.25,0.));
#503 = DIRECTION('',(0.,0.,1.));
#504 = DIRECTION('',(0.,-1.,0.));
#505 = DEFINITIONAL_REPRESENTATION('',(#506),#510);
#506 = LINE('',#507,#508);
#507 = CARTESIAN_POINT('',(0.,2.));
#508 = VECTOR('',#509,1.);
#509 = DIRECTION('',(1.,0.));
#510 = ( GEOMETRIC_REPRESENTATION_CONTEXT(2) 
PARAMETRIC_REPRESENTATION_CONTEXT() REPRESENTATION_CONTEXT('2D SPACE',''
  ) );
#511 = ORIENTED_EDGE('',*,*,#512,.T.);
#512 = EDGE_CURVE('',#484,#513,#515,.T.);
#513 = VERTEX_POINT('',#514);
#514 = CARTESIAN_POINT('',(12.,-14.25,2.));
#515 = SURFACE_CURVE('',#516,(#520,#527),.PCURVE_S1.);
#516 = LINE('',#517,#518);
#517 = CARTESIAN_POINT('',(12.,-27.25,2.));
#518 = VECTOR('',#519,1.);
#519 = DIRECTION('',(0.,1.,0.));
#520 = PCURVE('',#73,#521);
#521 = DEFINITIONAL_REPRESENTATION('',(#522),#526);
#522 = LINE('',#523,#524);
#523 = CARTESIAN_POINT('',(12.,-27.25));
#524 = VECTOR('',#525,1.);
#525 = DIRECTION('',(0.,1.));
#526 = ( GEOMETRIC_REPRESENTATION_CONTEXT(2) 
PARAMETRIC_REPRESENTATION_CONTEXT() REPRESENTATION_CONTEXT('2D SPACE',''
  ) );
#527 = PCURVE('',#528,#533);
#528 = PLANE('',#529);
#529 = AXIS2_PLACEMENT_3D('',#530,#531,#532);
#530 = CARTESIAN_POINT('',(12.,-27.25,0.));
#531 = DIRECTION('',(-1.,0.,0.));
#532 = DIRECTION('',(0.,1.,0.));
#533 = DEFINITIONAL_REPRESENTATION('',(#534),#538);
#534 = LINE('',#535,#536);
#535 = CARTESIAN_POINT('',(0.,-2.));
#536 = VECTOR('',#537,1.);
#537 = DIRECTION('',(1.,0.));
#538 = ( GEOMETRIC_REPRESENTATION_CONTEXT(2) 
PARAMETRIC_REPRESENTATION_CONTEXT() REPRESENTATION_CONTEXT('2D SPACE',''
  ) );
#539 = ORIENTED_EDGE('',*,*,#540,.T.);
#540 = EDGE_CURVE('',#513,#541,#543,.T.);
#541 = VERTEX_POINT('',#542);
#542 = CARTESIAN_POINT('',(11.,-13.25,2.));
#543 = SURFACE_CURVE('',#544,(#549,#556),.PCURVE_S1.);
#544 = CIRCLE('',#545,1.);
#545 = AXIS2_PLACEMENT_3D('',#546,#547,#548);
#546 = CARTESIAN_POINT('',(11.,-14.25,2.));
#547 = DIRECTION('',(0.,0.,1.));
#548 = DIRECTION('',(0.,-1.,0.));
#549 = PCURVE('',#73,#550);
#550 = DEFINITIONAL_REPRESENTATION('',(#551),#555);
#551 = CIRCLE('',#552,1.);
#552 = AXIS2_PLACEMENT_2D('',#553,#554);
#553 = CARTESIAN_POINT('',(11.,-14.25));
#554 = DIRECTION('',(0.,-1.));
#555 = ( GEOMETRIC_REPRESENTATION_CONTEXT(2) 
PARAMETRIC_REPRESENTATION_CONTEXT() REPRESENTATION_CONTEXT('2D SPACE',''
  ) );
#556 = PCURVE('',#557,#562);
#557 = CYLINDRICAL_SURFACE('',#558,1.);
#558 = AXIS2_PLACEMENT_3D('',#559,#560,#561);
#559 = CARTESIAN_POINT('',(11.,-14.25,0.));
#560 = DIRECTION('',(0.,0.,1.));
#561 = DIRECTION('',(1.,0.,-0.));
#562 = DEFINITIONAL_REPRESENTATION('',(#563),#567);
#563 = LINE('',#564,#565);
#564 = CARTESIAN_POINT('',(-1.570796326795,2.));
#565 = VECTOR('',#566,1.);
#566 = DIRECTION('',(1.,0.));
#567 = ( GEOMETRIC_REPRESENTATION_CONTEXT(2) 
PARAMETRIC_REPRESENTATION_CONTEXT() REPRESENTATION_CONTEXT('2D SPACE',''
  ) );
#568 = ORIENTED_EDGE('',*,*,#569,.T.);
#569 = EDGE_CURVE('',#541,#570,#572,.T.);
#570 = VERTEX_POINT('',#571);
#571 = CARTESIAN_POINT('',(7.54983443527,-13.25,2.));
#572 = SURFACE_CURVE('',#573,(#577,#584),.PCURVE_S1.);
#573 = LINE('',#574,#575);
#574 = CARTESIAN_POINT('',(12.,-13.25,2.));
#575 = VECTOR('',#576,1.);
#576 = DIRECTION('',(-1.,0.,0.));
#577 = PCURVE('',#73,#578);
#578 = DEFINITIONAL_REPRESENTATION('',(#579),#583);
#579 = LINE('',#580,#581);
#580 = CARTESIAN_POINT('',(12.,-13.25));
#581 = VECTOR('',#582,1.);
#582 = DIRECTION('',(-1.,0.));
#583 = ( GEOMETRIC_REPRESENTATION_CONTEXT(2) 
PARAMETRIC_REPRESENTATION_CONTEXT() REPRESENTATION_CONTEXT('2D SPACE',''
  ) );
#584 = PCURVE('',#585,#590);
#585 = PLANE('',#586);
#586 = AXIS2_PLACEMENT_3D('',#587,#588,#589);
#587 = CARTESIAN_POINT('',(12.,-13.25,0.));
#588 = DIRECTION('',(0.,-1.,0.));
#589 = DIRECTION('',(-1.,0.,0.));
#590 = DEFINITIONAL_REPRESENTATION('',(#591),#595);
#591 = LINE('',#592,#593);
#592 = CARTESIAN_POINT('',(0.,-2.));
#593 = VECTOR('',#594,1.);
#594 = DIRECTION('',(1.,0.));
#595 = ( GEOMETRIC_REPRESENTATION_CONTEXT(2) 
PARAMETRIC_REPRESENTATION_CONTEXT() REPRESENTATION_CONTEXT('2D SPACE',''
  ) );
#596 = ORIENTED_EDGE('',*,*,#597,.F.);
#597 = EDGE_CURVE('',#598,#570,#600,.T.);
#598 = VERTEX_POINT('',#599);
#599 = CARTESIAN_POINT('',(6.5,13.795379661321,2.));
#600 = SURFACE_CURVE('',#601,(#606,#617),.PCURVE_S1.);
#601 = CIRCLE('',#602,15.25);
#602 = AXIS2_PLACEMENT_3D('',#603,#604,#605);
#603 = CARTESIAN_POINT('',(0.,0.,2.));
#604 = DIRECTION('',(0.,0.,-1.));
#605 = DIRECTION('',(0.426229508197,0.904615059759,0.));
#606 = PCURVE('',#73,#607);
#607 = DEFINITIONAL_REPRESENTATION('',(#608),#616);
#608 = ( BOUNDED_CURVE() B_SPLINE_CURVE(2,(#609,#610,#611,#612,#613,#614
,#615),.UNSPECIFIED.,.T.,.F.) B_SPLINE_CURVE_WITH_KNOTS((1,2,2,2,2,1),(
    -2.094395102393,0.,2.094395102393,4.188790204786,6.28318530718,
8.377580409573),.UNSPECIFIED.) CURVE() GEOMETRIC_REPRESENTATION_ITEM() 
RATIONAL_B_SPLINE_CURVE((1.,0.5,1.,0.5,1.,0.5,1.)) REPRESENTATION_ITEM(
  '') );
#609 = CARTESIAN_POINT('',(6.5,13.795379661321));
#610 = CARTESIAN_POINT('',(30.394298483111,2.537049412124));
#611 = CARTESIAN_POINT('',(8.697149241555,-12.52685495526));
#612 = CARTESIAN_POINT('',(-13.,-27.59075932264));
#613 = CARTESIAN_POINT('',(-15.19714924155,-1.268524706062));
#614 = CARTESIAN_POINT('',(-17.39429848311,25.053709910519));
#615 = CARTESIAN_POINT('',(6.5,13.795379661321));
#616 = ( GEOMETRIC_REPRESENTATION_CONTEXT(2) 
PARAMETRIC_REPRESENTATION_CONTEXT() REPRESENTATION_CONTEXT('2D SPACE',''
  ) );
#617 = PCURVE('',#618,#623);
#618 = CYLINDRICAL_SURFACE('',#619,15.25);
#619 = AXIS2_PLACEMENT_3D('',#620,#621,#622);
#620 = CARTESIAN_POINT('',(0.,0.,0.));
#621 = DIRECTION('',(0.,0.,1.));
#622 = DIRECTION('',(1.,0.,-0.));
#623 = DEFINITIONAL_REPRESENTATION('',(#624),#628);
#624 = LINE('',#625,#626);
#625 = CARTESIAN_POINT('',(7.413661032159,2.));
#626 = VECTOR('',#627,1.);
#627 = DIRECTION('',(-1.,-0.));
#628 = ( GEOMETRIC_REPRESENTATION_CONTEXT(2) 
PARAMETRIC_REPRESENTATION_CONTEXT() REPRESENTATION_CONTEXT('2D SPACE',''
  ) );
#629 = ORIENTED_EDGE('',*,*,#630,.F.);
#630 = EDGE_CURVE('',#57,#598,#631,.T.);
#631 = SURFACE_CURVE('',#632,(#636,#643),.PCURVE_S1.);
#632 = LINE('',#633,#634);
#633 = CARTESIAN_POINT('',(6.5,0.,2.));
#634 = VECTOR('',#635,1.);
#635 = DIRECTION('',(0.,1.,0.));
#636 = PCURVE('',#73,#637);
#637 = DEFINITIONAL_REPRESENTATION('',(#638),#642);
#638 = LINE('',#639,#640);
#639 = CARTESIAN_POINT('',(6.5,0.));
#640 = VECTOR('',#641,1.);
#641 = DIRECTION('',(0.,1.));
#642 = ( GEOMETRIC_REPRESENTATION_CONTEXT(2) 
PARAMETRIC_REPRESENTATION_CONTEXT() REPRESENTATION_CONTEXT('2D SPACE',''
  ) );
#643 = PCURVE('',#101,#644);
#644 = DEFINITIONAL_REPRESENTATION('',(#645),#649);
#645 = LINE('',#646,#647);
#646 = CARTESIAN_POINT('',(1.,0.));
#647 = VECTOR('',#648,1.);
#648 = DIRECTION('',(0.,-1.));
#649 = ( GEOMETRIC_REPRESENTATION_CONTEXT(2) 
PARAMETRIC_REPRESENTATION_CONTEXT() REPRESENTATION_CONTEXT('2D SPACE',''
  ) );
#650 = FACE_BOUND('',#651,.T.);
#651 = EDGE_LOOP('',(#652,#681,#708,#735,#762,#789,#816,#843));
#652 = ORIENTED_EDGE('',*,*,#653,.F.);
#653 = EDGE_CURVE('',#654,#656,#658,.T.);
#654 = VERTEX_POINT('',#655);
#655 = CARTESIAN_POINT('',(3.934521484375,-16.08510742187,2.));
#656 = VERTEX_POINT('',#657);
#657 = CARTESIAN_POINT('',(1.778466796875,-16.08510742187,2.));
#658 = SURFACE_CURVE('',#659,(#663,#670),.PCURVE_S1.);
#659 = LINE('',#660,#661);
#660 = CARTESIAN_POINT('',(0.889233398438,-16.08510742187,2.));
#661 = VECTOR('',#662,1.);
#662 = DIRECTION('',(-1.,0.,0.));
#663 = PCURVE('',#73,#664);
#664 = DEFINITIONAL_REPRESENTATION('',(#665),#669);
#665 = LINE('',#666,#667);
#666 = CARTESIAN_POINT('',(0.889233398438,-16.08510742187));
#667 = VECTOR('',#668,1.);
#668 = DIRECTION('',(-1.,0.));
#669 = ( GEOMETRIC_REPRESENTATION_CONTEXT(2) 
PARAMETRIC_REPRESENTATION_CONTEXT() REPRESENTATION_CONTEXT('2D SPACE',''
  ) );
#670 = PCURVE('',#671,#676);
#671 = PLANE('',#672);
#672 = AXIS2_PLACEMENT_3D('',#673,#674,#675);
#673 = CARTESIAN_POINT('',(1.778466796875,-16.08510742187,1.9));
#674 = DIRECTION('',(0.,1.,0.));
#675 = DIRECTION('',(1.,0.,0.));
#676 = DEFINITIONAL_REPRESENTATION('',(#677),#680);
#677 = B_SPLINE_CURVE_WITH_KNOTS('',1,(#678,#679),.UNSPECIFIED.,.F.,.F.,
  (2,2),(-3.045288085938,-0.889233398438),.PIECEWISE_BEZIER_KNOTS.);
#678 = CARTESIAN_POINT('',(2.1560546875,-0.1));
#679 = CARTESIAN_POINT('',(0.,-0.1));
#680 = ( GEOMETRIC_REPRESENTATION_CONTEXT(2) 
PARAMETRIC_REPRESENTATION_CONTEXT() REPRESENTATION_CONTEXT('2D SPACE',''
  ) );
#681 = ORIENTED_EDGE('',*,*,#682,.F.);
#682 = EDGE_CURVE('',#683,#654,#685,.T.);
#683 = VERTEX_POINT('',#684);
#684 = CARTESIAN_POINT('',(3.934521484375,-16.40610351562,2.));
#685 = SURFACE_CURVE('',#686,(#690,#697),.PCURVE_S1.);
#686 = LINE('',#687,#688);
#687 = CARTESIAN_POINT('',(3.934521484375,-18.16755371093,2.));
#688 = VECTOR('',#689,1.);
#689 = DIRECTION('',(0.,1.,0.));
#690 = PCURVE('',#73,#691);
#691 = DEFINITIONAL_REPRESENTATION('',(#692),#696);
#692 = LINE('',#693,#694);
#693 = CARTESIAN_POINT('',(3.934521484375,-18.16755371093));
#694 = VECTOR('',#695,1.);
#695 = DIRECTION('',(0.,1.));
#696 = ( GEOMETRIC_REPRESENTATION_CONTEXT(2) 
PARAMETRIC_REPRESENTATION_CONTEXT() REPRESENTATION_CONTEXT('2D SPACE',''
  ) );
#697 = PCURVE('',#698,#703);
#698 = PLANE('',#699);
#699 = AXIS2_PLACEMENT_3D('',#700,#701,#702);
#700 = CARTESIAN_POINT('',(3.934521484375,-16.08510742187,1.9));
#701 = DIRECTION('',(1.,0.,0.));
#702 = DIRECTION('',(0.,-1.,0.));
#703 = DEFINITIONAL_REPRESENTATION('',(#704),#707);
#704 = B_SPLINE_CURVE_WITH_KNOTS('',1,(#705,#706),.UNSPECIFIED.,.F.,.F.,
  (2,2),(1.761450195312,2.082446289062),.PIECEWISE_BEZIER_KNOTS.);
#705 = CARTESIAN_POINT('',(0.32099609375,-0.1));
#706 = CARTESIAN_POINT('',(0.,-0.1));
#707 = ( GEOMETRIC_REPRESENTATION_CONTEXT(2) 
PARAMETRIC_REPRESENTATION_CONTEXT() REPRESENTATION_CONTEXT('2D SPACE',''
  ) );
#708 = ORIENTED_EDGE('',*,*,#709,.F.);
#709 = EDGE_CURVE('',#710,#683,#712,.T.);
#710 = VERTEX_POINT('',#711);
#711 = CARTESIAN_POINT('',(3.034619140625,-16.40610351562,2.));
#712 = SURFACE_CURVE('',#713,(#717,#724),.PCURVE_S1.);
#713 = LINE('',#714,#715);
#714 = CARTESIAN_POINT('',(1.967260742187,-16.40610351562,2.));
#715 = VECTOR('',#716,1.);
#716 = DIRECTION('',(1.,0.,-0.));
#717 = PCURVE('',#73,#718);
#718 = DEFINITIONAL_REPRESENTATION('',(#719),#723);
#719 = LINE('',#720,#721);
#720 = CARTESIAN_POINT('',(1.967260742187,-16.40610351562));
#721 = VECTOR('',#722,1.);
#722 = DIRECTION('',(1.,0.));
#723 = ( GEOMETRIC_REPRESENTATION_CONTEXT(2) 
PARAMETRIC_REPRESENTATION_CONTEXT() REPRESENTATION_CONTEXT('2D SPACE',''
  ) );
#724 = PCURVE('',#725,#730);
#725 = PLANE('',#726);
#726 = AXIS2_PLACEMENT_3D('',#727,#728,#729);
#727 = CARTESIAN_POINT('',(3.934521484375,-16.40610351562,1.9));
#728 = DIRECTION('',(0.,-1.,0.));
#729 = DIRECTION('',(-1.,0.,0.));
#730 = DEFINITIONAL_REPRESENTATION('',(#731),#734);
#731 = B_SPLINE_CURVE_WITH_KNOTS('',1,(#732,#733),.UNSPECIFIED.,.F.,.F.,
  (2,2),(1.067358398437,1.967260742187),.PIECEWISE_BEZIER_KNOTS.);
#732 = CARTESIAN_POINT('',(0.89990234375,-0.1));
#733 = CARTESIAN_POINT('',(0.,-0.1));
#734 = ( GEOMETRIC_REPRESENTATION_CONTEXT(2) 
PARAMETRIC_REPRESENTATION_CONTEXT() REPRESENTATION_CONTEXT('2D SPACE',''
  ) );
#735 = ORIENTED_EDGE('',*,*,#736,.F.);
#736 = EDGE_CURVE('',#737,#710,#739,.T.);
#737 = VERTEX_POINT('',#738);
#738 = CARTESIAN_POINT('',(3.034619140625,-18.80522460937,2.));
#739 = SURFACE_CURVE('',#740,(#744,#751),.PCURVE_S1.);
#740 = LINE('',#741,#742);
#741 = CARTESIAN_POINT('',(3.034619140625,-18.32805175781,2.));
#742 = VECTOR('',#743,1.);
#743 = DIRECTION('',(0.,1.,0.));
#744 = PCURVE('',#73,#745);
#745 = DEFINITIONAL_REPRESENTATION('',(#746),#750);
#746 = LINE('',#747,#748);
#747 = CARTESIAN_POINT('',(3.034619140625,-18.32805175781));
#748 = VECTOR('',#749,1.);
#749 = DIRECTION('',(0.,1.));
#750 = ( GEOMETRIC_REPRESENTATION_CONTEXT(2) 
PARAMETRIC_REPRESENTATION_CONTEXT() REPRESENTATION_CONTEXT('2D SPACE',''
  ) );
#751 = PCURVE('',#752,#757);
#752 = PLANE('',#753);
#753 = AXIS2_PLACEMENT_3D('',#754,#755,#756);
#754 = CARTESIAN_POINT('',(3.034619140625,-16.40610351562,1.9));
#755 = DIRECTION('',(1.,0.,0.));
#756 = DIRECTION('',(0.,-1.,0.));
#757 = DEFINITIONAL_REPRESENTATION('',(#758),#761);
#758 = B_SPLINE_CURVE_WITH_KNOTS('',1,(#759,#760),.UNSPECIFIED.,.F.,.F.,
  (2,2),(-0.477172851562,1.921948242188),.PIECEWISE_BEZIER_KNOTS.);
#759 = CARTESIAN_POINT('',(2.39912109375,-0.1));
#760 = CARTESIAN_POINT('',(0.,-0.1));
#761 = ( GEOMETRIC_REPRESENTATION_CONTEXT(2) 
PARAMETRIC_REPRESENTATION_CONTEXT() REPRESENTATION_CONTEXT('2D SPACE',''
  ) );
#762 = ORIENTED_EDGE('',*,*,#763,.F.);
#763 = EDGE_CURVE('',#764,#737,#766,.T.);
#764 = VERTEX_POINT('',#765);
#765 = CARTESIAN_POINT('',(2.674658203125,-18.80522460937,2.));
#766 = SURFACE_CURVE('',#767,(#771,#778),.PCURVE_S1.);
#767 = LINE('',#768,#769);
#768 = CARTESIAN_POINT('',(1.517309570312,-18.80522460937,2.));
#769 = VECTOR('',#770,1.);
#770 = DIRECTION('',(1.,0.,-0.));
#771 = PCURVE('',#73,#772);
#772 = DEFINITIONAL_REPRESENTATION('',(#773),#777);
#773 = LINE('',#774,#775);
#774 = CARTESIAN_POINT('',(1.517309570312,-18.80522460937));
#775 = VECTOR('',#776,1.);
#776 = DIRECTION('',(1.,0.));
#777 = ( GEOMETRIC_REPRESENTATION_CONTEXT(2) 
PARAMETRIC_REPRESENTATION_CONTEXT() REPRESENTATION_CONTEXT('2D SPACE',''
  ) );
#778 = PCURVE('',#779,#784);
#779 = PLANE('',#780);
#780 = AXIS2_PLACEMENT_3D('',#781,#782,#783);
#781 = CARTESIAN_POINT('',(3.034619140625,-18.80522460937,1.9));
#782 = DIRECTION('',(0.,-1.,0.));
#783 = DIRECTION('',(-1.,0.,0.));
#784 = DEFINITIONAL_REPRESENTATION('',(#785),#788);
#785 = B_SPLINE_CURVE_WITH_KNOTS('',1,(#786,#787),.UNSPECIFIED.,.F.,.F.,
  (2,2),(1.157348632812,1.517309570312),.PIECEWISE_BEZIER_KNOTS.);
#786 = CARTESIAN_POINT('',(0.3599609375,-0.1));
#787 = CARTESIAN_POINT('',(0.,-0.1));
#788 = ( GEOMETRIC_REPRESENTATION_CONTEXT(2) 
PARAMETRIC_REPRESENTATION_CONTEXT() REPRESENTATION_CONTEXT('2D SPACE',''
  ) );
#789 = ORIENTED_EDGE('',*,*,#790,.F.);
#790 = EDGE_CURVE('',#791,#764,#793,.T.);
#791 = VERTEX_POINT('',#792);
#792 = CARTESIAN_POINT('',(2.674658203125,-16.40610351562,2.));
#793 = SURFACE_CURVE('',#794,(#798,#805),.PCURVE_S1.);
#794 = LINE('',#795,#796);
#795 = CARTESIAN_POINT('',(2.674658203125,-19.52761230468,2.));
#796 = VECTOR('',#797,1.);
#797 = DIRECTION('',(0.,-1.,0.));
#798 = PCURVE('',#73,#799);
#799 = DEFINITIONAL_REPRESENTATION('',(#800),#804);
#800 = LINE('',#801,#802);
#801 = CARTESIAN_POINT('',(2.674658203125,-19.52761230468));
#802 = VECTOR('',#803,1.);
#803 = DIRECTION('',(0.,-1.));
#804 = ( GEOMETRIC_REPRESENTATION_CONTEXT(2) 
PARAMETRIC_REPRESENTATION_CONTEXT() REPRESENTATION_CONTEXT('2D SPACE',''
  ) );
#805 = PCURVE('',#806,#811);
#806 = PLANE('',#807);
#807 = AXIS2_PLACEMENT_3D('',#808,#809,#810);
#808 = CARTESIAN_POINT('',(2.674658203125,-18.80522460937,1.9));
#809 = DIRECTION('',(-1.,0.,0.));
#810 = DIRECTION('',(0.,1.,0.));
#811 = DEFINITIONAL_REPRESENTATION('',(#812),#815);
#812 = B_SPLINE_CURVE_WITH_KNOTS('',1,(#813,#814),.UNSPECIFIED.,.F.,.F.,
  (2,2),(-3.121508789063,-0.722387695313),.PIECEWISE_BEZIER_KNOTS.);
#813 = CARTESIAN_POINT('',(2.39912109375,-0.1));
#814 = CARTESIAN_POINT('',(0.,-0.1));
#815 = ( GEOMETRIC_REPRESENTATION_CONTEXT(2) 
PARAMETRIC_REPRESENTATION_CONTEXT() REPRESENTATION_CONTEXT('2D SPACE',''
  ) );
#816 = ORIENTED_EDGE('',*,*,#817,.F.);
#817 = EDGE_CURVE('',#818,#791,#820,.T.);
#818 = VERTEX_POINT('',#819);
#819 = CARTESIAN_POINT('',(1.778466796875,-16.40610351562,2.));
#820 = SURFACE_CURVE('',#821,(#825,#832),.PCURVE_S1.);
#821 = LINE('',#822,#823);
#822 = CARTESIAN_POINT('',(1.337329101562,-16.40610351562,2.));
#823 = VECTOR('',#824,1.);
#824 = DIRECTION('',(1.,0.,-0.));
#825 = PCURVE('',#73,#826);
#826 = DEFINITIONAL_REPRESENTATION('',(#827),#831);
#827 = LINE('',#828,#829);
#828 = CARTESIAN_POINT('',(1.337329101562,-16.40610351562));
#829 = VECTOR('',#830,1.);
#830 = DIRECTION('',(1.,0.));
#831 = ( GEOMETRIC_REPRESENTATION_CONTEXT(2) 
PARAMETRIC_REPRESENTATION_CONTEXT() REPRESENTATION_CONTEXT('2D SPACE',''
  ) );
#832 = PCURVE('',#833,#838);
#833 = PLANE('',#834);
#834 = AXIS2_PLACEMENT_3D('',#835,#836,#837);
#835 = CARTESIAN_POINT('',(2.674658203125,-16.40610351562,1.9));
#836 = DIRECTION('',(0.,-1.,0.));
#837 = DIRECTION('',(-1.,0.,0.));
#838 = DEFINITIONAL_REPRESENTATION('',(#839),#842);
#839 = B_SPLINE_CURVE_WITH_KNOTS('',1,(#840,#841),.UNSPECIFIED.,.F.,.F.,
  (2,2),(0.441137695313,1.337329101562),.PIECEWISE_BEZIER_KNOTS.);
#840 = CARTESIAN_POINT('',(0.89619140625,-0.1));
#841 = CARTESIAN_POINT('',(0.,-0.1));
#842 = ( GEOMETRIC_REPRESENTATION_CONTEXT(2) 
PARAMETRIC_REPRESENTATION_CONTEXT() REPRESENTATION_CONTEXT('2D SPACE',''
  ) );
#843 = ORIENTED_EDGE('',*,*,#844,.F.);
#844 = EDGE_CURVE('',#656,#818,#845,.T.);
#845 = SURFACE_CURVE('',#846,(#850,#857),.PCURVE_S1.);
#846 = LINE('',#847,#848);
#847 = CARTESIAN_POINT('',(1.778466796875,-18.32805175781,2.));
#848 = VECTOR('',#849,1.);
#849 = DIRECTION('',(0.,-1.,0.));
#850 = PCURVE('',#73,#851);
#851 = DEFINITIONAL_REPRESENTATION('',(#852),#856);
#852 = LINE('',#853,#854);
#853 = CARTESIAN_POINT('',(1.778466796875,-18.32805175781));
#854 = VECTOR('',#855,1.);
#855 = DIRECTION('',(0.,-1.));
#856 = ( GEOMETRIC_REPRESENTATION_CONTEXT(2) 
PARAMETRIC_REPRESENTATION_CONTEXT() REPRESENTATION_CONTEXT('2D SPACE',''
  ) );
#857 = PCURVE('',#858,#863);
#858 = PLANE('',#859);
#859 = AXIS2_PLACEMENT_3D('',#860,#861,#862);
#860 = CARTESIAN_POINT('',(1.778466796875,-16.40610351562,1.9));
#861 = DIRECTION('',(-1.,0.,0.));
#862 = DIRECTION('',(0.,1.,0.));
#863 = DEFINITIONAL_REPRESENTATION('',(#864),#867);
#864 = B_SPLINE_CURVE_WITH_KNOTS('',1,(#865,#866),.UNSPECIFIED.,.F.,.F.,
  (2,2),(-2.242944335938,-1.921948242188),.PIECEWISE_BEZIER_KNOTS.);
#865 = CARTESIAN_POINT('',(0.32099609375,-0.1));
#866 = CARTESIAN_POINT('',(0.,-0.1));
#867 = ( GEOMETRIC_REPRESENTATION_CONTEXT(2) 
PARAMETRIC_REPRESENTATION_CONTEXT() REPRESENTATION_CONTEXT('2D SPACE',''
  ) );
#868 = FACE_BOUND('',#869,.T.);
#869 = EDGE_LOOP('',(#870,#899,#926,#953,#998,#1037,#1079,#1127,#1178,
    #1229,#1280,#1331,#1388,#1415,#1472,#1535,#1592,#1643,#1694,#1733,
    #1775,#1820));
#870 = ORIENTED_EDGE('',*,*,#871,.F.);
#871 = EDGE_CURVE('',#872,#874,#876,.T.);
#872 = VERTEX_POINT('',#873);
#873 = CARTESIAN_POINT('',(-2.3486328125,-23.97924804687,2.));
#874 = VERTEX_POINT('',#875);
#875 = CARTESIAN_POINT('',(-4.10400390625,-23.97924804687,2.));
#876 = SURFACE_CURVE('',#877,(#881,#888),.PCURVE_S1.);
#877 = LINE('',#878,#879);
#878 = CARTESIAN_POINT('',(-2.052001953125,-23.97924804687,2.));
#879 = VECTOR('',#880,1.);
#880 = DIRECTION('',(-1.,0.,0.));
#881 = PCURVE('',#73,#882);
#882 = DEFINITIONAL_REPRESENTATION('',(#883),#887);
#883 = LINE('',#884,#885);
#884 = CARTESIAN_POINT('',(-2.052001953125,-23.97924804687));
#885 = VECTOR('',#886,1.);
#886 = DIRECTION('',(-1.,0.));
#887 = ( GEOMETRIC_REPRESENTATION_CONTEXT(2) 
PARAMETRIC_REPRESENTATION_CONTEXT() REPRESENTATION_CONTEXT('2D SPACE',''
  ) );
#888 = PCURVE('',#889,#894);
#889 = PLANE('',#890);
#890 = AXIS2_PLACEMENT_3D('',#891,#892,#893);
#891 = CARTESIAN_POINT('',(-4.10400390625,-23.97924804687,1.9));
#892 = DIRECTION('',(0.,1.,0.));
#893 = DIRECTION('',(1.,0.,0.));
#894 = DEFINITIONAL_REPRESENTATION('',(#895),#898);
#895 = B_SPLINE_CURVE_WITH_KNOTS('',1,(#896,#897),.UNSPECIFIED.,.F.,.F.,
  (2,2),(0.296630859375,2.052001953125),.PIECEWISE_BEZIER_KNOTS.);
#896 = CARTESIAN_POINT('',(1.75537109375,-0.1));
#897 = CARTESIAN_POINT('',(0.,-0.1));
#898 = ( GEOMETRIC_REPRESENTATION_CONTEXT(2) 
PARAMETRIC_REPRESENTATION_CONTEXT() REPRESENTATION_CONTEXT('2D SPACE',''
  ) );
#899 = ORIENTED_EDGE('',*,*,#900,.F.);
#900 = EDGE_CURVE('',#901,#872,#903,.T.);
#901 = VERTEX_POINT('',#902);
#902 = CARTESIAN_POINT('',(-2.3486328125,-24.40161132812,2.));
#903 = SURFACE_CURVE('',#904,(#908,#915),.PCURVE_S1.);
#904 = LINE('',#905,#906);
#905 = CARTESIAN_POINT('',(-2.3486328125,-22.11462402343,2.));
#906 = VECTOR('',#907,1.);
#907 = DIRECTION('',(0.,1.,0.));
#908 = PCURVE('',#73,#909);
#909 = DEFINITIONAL_REPRESENTATION('',(#910),#914);
#910 = LINE('',#911,#912);
#911 = CARTESIAN_POINT('',(-2.3486328125,-22.11462402343));
#912 = VECTOR('',#913,1.);
#913 = DIRECTION('',(0.,1.));
#914 = ( GEOMETRIC_REPRESENTATION_CONTEXT(2) 
PARAMETRIC_REPRESENTATION_CONTEXT() REPRESENTATION_CONTEXT('2D SPACE',''
  ) );
#915 = PCURVE('',#916,#921);
#916 = PLANE('',#917);
#917 = AXIS2_PLACEMENT_3D('',#918,#919,#920);
#918 = CARTESIAN_POINT('',(-2.3486328125,-23.97924804687,1.9));
#919 = DIRECTION('',(1.,0.,0.));
#920 = DIRECTION('',(0.,-1.,0.));
#921 = DEFINITIONAL_REPRESENTATION('',(#922),#925);
#922 = B_SPLINE_CURVE_WITH_KNOTS('',1,(#923,#924),.UNSPECIFIED.,.F.,.F.,
  (2,2),(-2.286987304688,-1.864624023438),.PIECEWISE_BEZIER_KNOTS.);
#923 = CARTESIAN_POINT('',(0.42236328125,-0.1));
#924 = CARTESIAN_POINT('',(0.,-0.1));
#925 = ( GEOMETRIC_REPRESENTATION_CONTEXT(2) 
PARAMETRIC_REPRESENTATION_CONTEXT() REPRESENTATION_CONTEXT('2D SPACE',''
  ) );
#926 = ORIENTED_EDGE('',*,*,#927,.F.);
#927 = EDGE_CURVE('',#928,#901,#930,.T.);
#928 = VERTEX_POINT('',#929);
#929 = CARTESIAN_POINT('',(-4.71435546875,-24.40161132812,2.));
#930 = SURFACE_CURVE('',#931,(#935,#942),.PCURVE_S1.);
#931 = LINE('',#932,#933);
#932 = CARTESIAN_POINT('',(-1.17431640625,-24.40161132812,2.));
#933 = VECTOR('',#934,1.);
#934 = DIRECTION('',(1.,0.,-0.));
#935 = PCURVE('',#73,#936);
#936 = DEFINITIONAL_REPRESENTATION('',(#937),#941);
#937 = LINE('',#938,#939);
#938 = CARTESIAN_POINT('',(-1.17431640625,-24.40161132812));
#939 = VECTOR('',#940,1.);
#940 = DIRECTION('',(1.,0.));
#941 = ( GEOMETRIC_REPRESENTATION_CONTEXT(2) 
PARAMETRIC_REPRESENTATION_CONTEXT() REPRESENTATION_CONTEXT('2D SPACE',''
  ) );
#942 = PCURVE('',#943,#948);
#943 = PLANE('',#944);
#944 = AXIS2_PLACEMENT_3D('',#945,#946,#947);
#945 = CARTESIAN_POINT('',(-2.3486328125,-24.40161132812,1.9));
#946 = DIRECTION('',(0.,-1.,0.));
#947 = DIRECTION('',(-1.,0.,0.));
#948 = DEFINITIONAL_REPRESENTATION('',(#949),#952);
#949 = B_SPLINE_CURVE_WITH_KNOTS('',1,(#950,#951),.UNSPECIFIED.,.F.,.F.,
  (2,2),(-3.5400390625,-1.17431640625),.PIECEWISE_BEZIER_KNOTS.);
#950 = CARTESIAN_POINT('',(2.36572265625,-0.1));
#951 = CARTESIAN_POINT('',(0.,-0.1));
#952 = ( GEOMETRIC_REPRESENTATION_CONTEXT(2) 
PARAMETRIC_REPRESENTATION_CONTEXT() REPRESENTATION_CONTEXT('2D SPACE',''
  ) );
#953 = ORIENTED_EDGE('',*,*,#954,.F.);
#954 = EDGE_CURVE('',#955,#928,#957,.T.);
#955 = VERTEX_POINT('',#956);
#956 = CARTESIAN_POINT('',(-4.6630859375,-24.09643554687,2.));
#957 = SURFACE_CURVE('',#958,(#967,#979),.PCURVE_S1.);
#958 = B_SPLINE_CURVE_WITH_KNOTS('',4,(#959,#960,#961,#962,#963,#964,
    #965,#966),.UNSPECIFIED.,.F.,.F.,(5,3,5),(0.,0.423911080615,1.),
  .UNSPECIFIED.);
#959 = CARTESIAN_POINT('',(-4.6630859375,-24.09643554687,2.));
#960 = CARTESIAN_POINT('',(-4.674980197007,-24.12746404993,2.));
#961 = CARTESIAN_POINT('',(-4.685058796637,-24.1588838556,2.));
#962 = CARTESIAN_POINT('',(-4.693309799258,-24.19068334515,2.));
#963 = CARTESIAN_POINT('',(-4.70845606409,-24.26656124607,2.));
#964 = CARTESIAN_POINT('',(-4.713801323262,-24.31094966914,2.));
#965 = CARTESIAN_POINT('',(-4.715759521763,-24.35597960521,2.));
#966 = CARTESIAN_POINT('',(-4.71435546875,-24.40161132812,2.));
#967 = PCURVE('',#73,#968);
#968 = DEFINITIONAL_REPRESENTATION('',(#969),#978);
#969 = B_SPLINE_CURVE_WITH_KNOTS('',4,(#970,#971,#972,#973,#974,#975,
    #976,#977),.UNSPECIFIED.,.F.,.F.,(5,3,5),(0.,0.423911080615,1.),
  .UNSPECIFIED.);
#970 = CARTESIAN_POINT('',(-4.6630859375,-24.09643554687));
#971 = CARTESIAN_POINT('',(-4.674980197007,-24.12746404993));
#972 = CARTESIAN_POINT('',(-4.685058796637,-24.1588838556));
#973 = CARTESIAN_POINT('',(-4.693309799258,-24.19068334515));
#974 = CARTESIAN_POINT('',(-4.70845606409,-24.26656124607));
#975 = CARTESIAN_POINT('',(-4.713801323262,-24.31094966914));
#976 = CARTESIAN_POINT('',(-4.715759521763,-24.35597960521));
#977 = CARTESIAN_POINT('',(-4.71435546875,-24.40161132812));
#978 = ( GEOMETRIC_REPRESENTATION_CONTEXT(2) 
PARAMETRIC_REPRESENTATION_CONTEXT() REPRESENTATION_CONTEXT('2D SPACE',''
  ) );
#979 = PCURVE('',#980,#987);
#980 = SURFACE_OF_LINEAR_EXTRUSION('',#981,#985);
#981 = B_SPLINE_CURVE_WITH_KNOTS('',2,(#982,#983,#984),.UNSPECIFIED.,.F.
  ,.F.,(3,3),(0.,1.),.PIECEWISE_BEZIER_KNOTS.);
#982 = CARTESIAN_POINT('',(-4.71435546875,-24.40161132812,1.9));
#983 = CARTESIAN_POINT('',(-4.71923828125,-24.24291992187,1.9));
#984 = CARTESIAN_POINT('',(-4.6630859375,-24.09643554687,1.9));
#985 = VECTOR('',#986,1.);
#986 = DIRECTION('',(-0.,-0.,-1.));
#987 = DEFINITIONAL_REPRESENTATION('',(#988),#997);
#988 = B_SPLINE_CURVE_WITH_KNOTS('',4,(#989,#990,#991,#992,#993,#994,
    #995,#996),.UNSPECIFIED.,.F.,.F.,(5,3,5),(0.,0.423911080615,1.),
  .UNSPECIFIED.);
#989 = CARTESIAN_POINT('',(1.,-0.1));
#990 = CARTESIAN_POINT('',(0.894089376214,-0.1));
#991 = CARTESIAN_POINT('',(0.788089443674,-0.1));
#992 = CARTESIAN_POINT('',(0.682044605809,-0.1));
#993 = CARTESIAN_POINT('',(0.431886941482,-0.1));
#994 = CARTESIAN_POINT('',(0.287774079864,-0.1));
#995 = CARTESIAN_POINT('',(0.143775028501,-0.1));
#996 = CARTESIAN_POINT('',(0.,-0.1));
#997 = ( GEOMETRIC_REPRESENTATION_CONTEXT(2) 
PARAMETRIC_REPRESENTATION_CONTEXT() REPRESENTATION_CONTEXT('2D SPACE',''
  ) );
#998 = ORIENTED_EDGE('',*,*,#999,.F.);
#999 = EDGE_CURVE('',#1000,#955,#1002,.T.);
#1000 = VERTEX_POINT('',#1001);
#1001 = CARTESIAN_POINT('',(-4.373779296875,-23.62036132812,2.));
#1002 = SURFACE_CURVE('',#1003,(#1010,#1020),.PCURVE_S1.);
#1003 = B_SPLINE_CURVE_WITH_KNOTS('',5,(#1004,#1005,#1006,#1007,#1008,
    #1009),.UNSPECIFIED.,.F.,.F.,(6,6),(0.,1.),
  .PIECEWISE_BEZIER_KNOTS.);
#1004 = CARTESIAN_POINT('',(-4.373779296875,-23.62036132812,2.));
#1005 = CARTESIAN_POINT('',(-4.451498496873,-23.71190787045,2.));
#1006 = CARTESIAN_POINT('',(-4.519956757925,-23.80544713673,2.));
#1007 = CARTESIAN_POINT('',(-4.578432711521,-23.90085744733,2.));
#1008 = CARTESIAN_POINT('',(-4.626277842232,-23.99794902169,2.));
#1009 = CARTESIAN_POINT('',(-4.6630859375,-24.09643554687,2.));
#1010 = PCURVE('',#73,#1011);
#1011 = DEFINITIONAL_REPRESENTATION('',(#1012),#1019);
#1012 = B_SPLINE_CURVE_WITH_KNOTS('',5,(#1013,#1014,#1015,#1016,#1017,
    #1018),.UNSPECIFIED.,.F.,.F.,(6,6),(0.,1.),
  .PIECEWISE_BEZIER_KNOTS.);
#1013 = CARTESIAN_POINT('',(-4.373779296875,-23.62036132812));
#1014 = CARTESIAN_POINT('',(-4.451498496873,-23.71190787045));
#1015 = CARTESIAN_POINT('',(-4.519956757925,-23.80544713673));
#1016 = CARTESIAN_POINT('',(-4.578432711521,-23.90085744733));
#1017 = CARTESIAN_POINT('',(-4.626277842232,-23.99794902169));
#1018 = CARTESIAN_POINT('',(-4.6630859375,-24.09643554687));
#1019 = ( GEOMETRIC_REPRESENTATION_CONTEXT(2) 
PARAMETRIC_REPRESENTATION_CONTEXT() REPRESENTATION_CONTEXT('2D SPACE',''
  ) );
#1020 = PCURVE('',#1021,#1028);
#1021 = SURFACE_OF_LINEAR_EXTRUSION('',#1022,#1026);
#1022 = B_SPLINE_CURVE_WITH_KNOTS('',2,(#1023,#1024,#1025),
  .UNSPECIFIED.,.F.,.F.,(3,3),(0.,1.),.PIECEWISE_BEZIER_KNOTS.);
#1023 = CARTESIAN_POINT('',(-4.6630859375,-24.09643554687,1.9));
#1024 = CARTESIAN_POINT('',(-4.57275390625,-23.85473632812,1.9));
#1025 = CARTESIAN_POINT('',(-4.373779296875,-23.62036132812,1.9));
#1026 = VECTOR('',#1027,1.);
#1027 = DIRECTION('',(-0.,-0.,-1.));
#1028 = DEFINITIONAL_REPRESENTATION('',(#1029),#1036);
#1029 = B_SPLINE_CURVE_WITH_KNOTS('',5,(#1030,#1031,#1032,#1033,#1034,
    #1035),.UNSPECIFIED.,.F.,.F.,(6,6),(0.,1.),
  .PIECEWISE_BEZIER_KNOTS.);
#1030 = CARTESIAN_POINT('',(1.,-0.1));
#1031 = CARTESIAN_POINT('',(0.804700709697,-0.1));
#1032 = CARTESIAN_POINT('',(0.606640217553,-0.1));
#1033 = CARTESIAN_POINT('',(0.406162185316,-0.1));
#1034 = CARTESIAN_POINT('',(0.203737781377,-0.1));
#1035 = CARTESIAN_POINT('',(0.,-0.1));
#1036 = ( GEOMETRIC_REPRESENTATION_CONTEXT(2) 
PARAMETRIC_REPRESENTATION_CONTEXT() REPRESENTATION_CONTEXT('2D SPACE',''
  ) );
#1037 = ORIENTED_EDGE('',*,*,#1038,.F.);
#1038 = EDGE_CURVE('',#1039,#1000,#1041,.T.);
#1039 = VERTEX_POINT('',#1040);
#1040 = CARTESIAN_POINT('',(-3.798828125,-23.07836914062,2.));
#1041 = SURFACE_CURVE('',#1042,(#1050,#1061),.PCURVE_S1.);
#1042 = B_SPLINE_CURVE_WITH_KNOTS('',6,(#1043,#1044,#1045,#1046,#1047,
    #1048,#1049),.UNSPECIFIED.,.F.,.F.,(7,7),(0.,1.),
  .PIECEWISE_BEZIER_KNOTS.);
#1043 = CARTESIAN_POINT('',(-3.798828125,-23.07836914062,2.));
#1044 = CARTESIAN_POINT('',(-3.913682557626,-23.17234094913,2.));
#1045 = CARTESIAN_POINT('',(-4.022458258796,-23.26534689985,2.));
#1046 = CARTESIAN_POINT('',(-4.124254048825,-23.35715183503,2.));
#1047 = CARTESIAN_POINT('',(-4.21782266205,-23.4473410972,2.));
#1048 = CARTESIAN_POINT('',(-4.301585455747,-23.53532318397,2.));
#1049 = CARTESIAN_POINT('',(-4.373779296875,-23.62036132812,2.));
#1050 = PCURVE('',#73,#1051);
#1051 = DEFINITIONAL_REPRESENTATION('',(#1052),#1060);
#1052 = B_SPLINE_CURVE_WITH_KNOTS('',6,(#1053,#1054,#1055,#1056,#1057,
    #1058,#1059),.UNSPECIFIED.,.F.,.F.,(7,7),(0.,1.),
  .PIECEWISE_BEZIER_KNOTS.);
#1053 = CARTESIAN_POINT('',(-3.798828125,-23.07836914062));
#1054 = CARTESIAN_POINT('',(-3.913682557626,-23.17234094913));
#1055 = CARTESIAN_POINT('',(-4.022458258796,-23.26534689985));
#1056 = CARTESIAN_POINT('',(-4.124254048825,-23.35715183503));
#1057 = CARTESIAN_POINT('',(-4.21782266205,-23.4473410972));
#1058 = CARTESIAN_POINT('',(-4.301585455747,-23.53532318397));
#1059 = CARTESIAN_POINT('',(-4.373779296875,-23.62036132812));
#1060 = ( GEOMETRIC_REPRESENTATION_CONTEXT(2) 
PARAMETRIC_REPRESENTATION_CONTEXT() REPRESENTATION_CONTEXT('2D SPACE',''
  ) );
#1061 = PCURVE('',#1062,#1069);
#1062 = SURFACE_OF_LINEAR_EXTRUSION('',#1063,#1067);
#1063 = B_SPLINE_CURVE_WITH_KNOTS('',2,(#1064,#1065,#1066),
  .UNSPECIFIED.,.F.,.F.,(3,3),(0.,1.),.PIECEWISE_BEZIER_KNOTS.);
#1064 = CARTESIAN_POINT('',(-4.373779296875,-23.62036132812,1.9));
#1065 = CARTESIAN_POINT('',(-4.1748046875,-23.38598632812,1.9));
#1066 = CARTESIAN_POINT('',(-3.798828125,-23.07836914062,1.9));
#1067 = VECTOR('',#1068,1.);
#1068 = DIRECTION('',(-0.,-0.,-1.));
#1069 = DEFINITIONAL_REPRESENTATION('',(#1070),#1078);
#1070 = B_SPLINE_CURVE_WITH_KNOTS('',6,(#1071,#1072,#1073,#1074,#1075,
    #1076,#1077),.UNSPECIFIED.,.F.,.F.,(7,7),(0.,1.),
  .PIECEWISE_BEZIER_KNOTS.);
#1071 = CARTESIAN_POINT('',(1.,-0.1));
#1072 = CARTESIAN_POINT('',(0.847258520768,-0.1));
#1073 = CARTESIAN_POINT('',(0.689421433656,-0.1));
#1074 = CARTESIAN_POINT('',(0.526035754006,-0.1));
#1075 = CARTESIAN_POINT('',(0.356767845911,-1.E-01));
#1076 = CARTESIAN_POINT('',(0.181414707522,-0.1));
#1077 = CARTESIAN_POINT('',(0.,-0.1));
#1078 = ( GEOMETRIC_REPRESENTATION_CONTEXT(2) 
PARAMETRIC_REPRESENTATION_CONTEXT() REPRESENTATION_CONTEXT('2D SPACE',''
  ) );
#1079 = ORIENTED_EDGE('',*,*,#1080,.F.);
#1080 = EDGE_CURVE('',#1081,#1039,#1083,.T.);
#1081 = VERTEX_POINT('',#1082);
#1082 = CARTESIAN_POINT('',(-3.01025390625,-22.3203125,2.));
#1083 = SURFACE_CURVE('',#1084,(#1094,#1107),.PCURVE_S1.);
#1084 = B_SPLINE_CURVE_WITH_KNOTS('',8,(#1085,#1086,#1087,#1088,#1089,
    #1090,#1091,#1092,#1093),.UNSPECIFIED.,.F.,.F.,(9,9),(0.,1.),
  .PIECEWISE_BEZIER_KNOTS.);
#1085 = CARTESIAN_POINT('',(-3.01025390625,-22.3203125,2.));
#1086 = CARTESIAN_POINT('',(-3.073208390154,-22.40612545722,2.));
#1087 = CARTESIAN_POINT('',(-3.152322732615,-22.49690451378,2.));
#1088 = CARTESIAN_POINT('',(-3.243379995872,-22.59089804628,2.));
#1089 = CARTESIAN_POINT('',(-3.34340944884,-22.68685299929,2.));
#1090 = CARTESIAN_POINT('',(-3.450146476554,-22.7838890308,2.));
#1091 = CARTESIAN_POINT('',(-3.562093954105,-22.88151605943,2.));
#1092 = CARTESIAN_POINT('',(-3.678390021736,-22.97959981744,2.));
#1093 = CARTESIAN_POINT('',(-3.798828125,-23.07836914062,2.));
#1094 = PCURVE('',#73,#1095);
#1095 = DEFINITIONAL_REPRESENTATION('',(#1096),#1106);
#1096 = B_SPLINE_CURVE_WITH_KNOTS('',8,(#1097,#1098,#1099,#1100,#1101,
    #1102,#1103,#1104,#1105),.UNSPECIFIED.,.F.,.F.,(9,9),(0.,1.),
  .PIECEWISE_BEZIER_KNOTS.);
#1097 = CARTESIAN_POINT('',(-3.01025390625,-22.3203125));
#1098 = CARTESIAN_POINT('',(-3.073208390154,-22.40612545722));
#1099 = CARTESIAN_POINT('',(-3.152322732615,-22.49690451378));
#1100 = CARTESIAN_POINT('',(-3.243379995872,-22.59089804628));
#1101 = CARTESIAN_POINT('',(-3.34340944884,-22.68685299929));
#1102 = CARTESIAN_POINT('',(-3.450146476554,-22.7838890308));
#1103 = CARTESIAN_POINT('',(-3.562093954105,-22.88151605943));
#1104 = CARTESIAN_POINT('',(-3.678390021736,-22.97959981744));
#1105 = CARTESIAN_POINT('',(-3.798828125,-23.07836914062));
#1106 = ( GEOMETRIC_REPRESENTATION_CONTEXT(2) 
PARAMETRIC_REPRESENTATION_CONTEXT() REPRESENTATION_CONTEXT('2D SPACE',''
  ) );
#1107 = PCURVE('',#1108,#1115);
#1108 = SURFACE_OF_LINEAR_EXTRUSION('',#1109,#1113);
#1109 = B_SPLINE_CURVE_WITH_KNOTS('',2,(#1110,#1111,#1112),
  .UNSPECIFIED.,.F.,.F.,(3,3),(0.,1.),.PIECEWISE_BEZIER_KNOTS.);
#1110 = CARTESIAN_POINT('',(-3.798828125,-23.07836914062,1.9));
#1111 = CARTESIAN_POINT('',(-3.21533203125,-22.59985351562,1.9));
#1112 = CARTESIAN_POINT('',(-3.01025390625,-22.3203125,1.9));
#1113 = VECTOR('',#1114,1.);
#1114 = DIRECTION('',(-0.,-0.,-1.));
#1115 = DEFINITIONAL_REPRESENTATION('',(#1116),#1126);
#1116 = B_SPLINE_CURVE_WITH_KNOTS('',8,(#1117,#1118,#1119,#1120,#1121,
    #1122,#1123,#1124,#1125),.UNSPECIFIED.,.F.,.F.,(9,9),(0.,1.),
  .PIECEWISE_BEZIER_KNOTS.);
#1117 = CARTESIAN_POINT('',(1.,-0.1));
#1118 = CARTESIAN_POINT('',(0.846510972576,-0.1));
#1119 = CARTESIAN_POINT('',(0.703303426976,-0.1));
#1120 = CARTESIAN_POINT('',(0.569021382914,-0.1));
#1121 = CARTESIAN_POINT('',(0.442765140845,-1.E-01));
#1122 = CARTESIAN_POINT('',(0.323630828373,-0.1));
#1123 = CARTESIAN_POINT('',(0.210753273968,-1.E-01));
#1124 = CARTESIAN_POINT('',(0.10320386422,-0.1));
#1125 = CARTESIAN_POINT('',(0.,-0.1));
#1126 = ( GEOMETRIC_REPRESENTATION_CONTEXT(2) 
PARAMETRIC_REPRESENTATION_CONTEXT() REPRESENTATION_CONTEXT('2D SPACE',''
  ) );
#1127 = ORIENTED_EDGE('',*,*,#1128,.F.);
#1128 = EDGE_CURVE('',#1129,#1081,#1131,.T.);
#1129 = VERTEX_POINT('',#1130);
#1130 = CARTESIAN_POINT('',(-2.80517578125,-21.79174804687,2.));
#1131 = SURFACE_CURVE('',#1132,(#1143,#1157),.PCURVE_S1.);
#1132 = B_SPLINE_CURVE_WITH_KNOTS('',5,(#1133,#1134,#1135,#1136,#1137,
    #1138,#1139,#1140,#1141,#1142),.UNSPECIFIED.,.F.,.F.,(6,4,6),(0.,
    0.441469199033,1.),.UNSPECIFIED.);
#1133 = CARTESIAN_POINT('',(-2.80517578125,-21.79174804687,2.));
#1134 = CARTESIAN_POINT('',(-2.80517578125,-21.83722686156,2.));
#1135 = CARTESIAN_POINT('',(-2.809450800228,-21.88321643921,2.));
#1136 = CARTESIAN_POINT('',(-2.817953636154,-21.92959941957,2.));
#1137 = CARTESIAN_POINT('',(-2.830554577994,-21.97626269492,2.));
#1138 = CARTESIAN_POINT('',(-2.867973914479,-22.08235707894,2.));
#1139 = CARTESIAN_POINT('',(-2.89514690709,-22.1418949677,2.));
#1140 = CARTESIAN_POINT('',(-2.928230499679,-22.20150358158,2.));
#1141 = CARTESIAN_POINT('',(-2.966753022931,-22.26101665309,2.));
#1142 = CARTESIAN_POINT('',(-3.01025390625,-22.3203125,2.));
#1143 = PCURVE('',#73,#1144);
#1144 = DEFINITIONAL_REPRESENTATION('',(#1145),#1156);
#1145 = B_SPLINE_CURVE_WITH_KNOTS('',5,(#1146,#1147,#1148,#1149,#1150,
    #1151,#1152,#1153,#1154,#1155),.UNSPECIFIED.,.F.,.F.,(6,4,6),(0.,
    0.441469199033,1.),.UNSPECIFIED.);
#1146 = CARTESIAN_POINT('',(-2.80517578125,-21.79174804687));
#1147 = CARTESIAN_POINT('',(-2.80517578125,-21.83722686156));
#1148 = CARTESIAN_POINT('',(-2.809450800228,-21.88321643921));
#1149 = CARTESIAN_POINT('',(-2.817953636154,-21.92959941957));
#1150 = CARTESIAN_POINT('',(-2.830554577994,-21.97626269492));
#1151 = CARTESIAN_POINT('',(-2.867973914479,-22.08235707894));
#1152 = CARTESIAN_POINT('',(-2.89514690709,-22.1418949677));
#1153 = CARTESIAN_POINT('',(-2.928230499679,-22.20150358158));
#1154 = CARTESIAN_POINT('',(-2.966753022931,-22.26101665309));
#1155 = CARTESIAN_POINT('',(-3.01025390625,-22.3203125));
#1156 = ( GEOMETRIC_REPRESENTATION_CONTEXT(2) 
PARAMETRIC_REPRESENTATION_CONTEXT() REPRESENTATION_CONTEXT('2D SPACE',''
  ) );
#1157 = PCURVE('',#1158,#1165);
#1158 = SURFACE_OF_LINEAR_EXTRUSION('',#1159,#1163);
#1159 = B_SPLINE_CURVE_WITH_KNOTS('',2,(#1160,#1161,#1162),
  .UNSPECIFIED.,.F.,.F.,(3,3),(0.,1.),.PIECEWISE_BEZIER_KNOTS.);
#1160 = CARTESIAN_POINT('',(-3.01025390625,-22.3203125,1.9));
#1161 = CARTESIAN_POINT('',(-2.80517578125,-22.04077148437,1.9));
#1162 = CARTESIAN_POINT('',(-2.80517578125,-21.79174804687,1.9));
#1163 = VECTOR('',#1164,1.);
#1164 = DIRECTION('',(-0.,-0.,-1.));
#1165 = DEFINITIONAL_REPRESENTATION('',(#1166),#1177);
#1166 = B_SPLINE_CURVE_WITH_KNOTS('',5,(#1167,#1168,#1169,#1170,#1171,
    #1172,#1173,#1174,#1175,#1176),.UNSPECIFIED.,.F.,.F.,(6,4,6),(0.,
    0.441469199033,1.),.UNSPECIFIED.);
#1167 = CARTESIAN_POINT('',(1.,-0.1));
#1168 = CARTESIAN_POINT('',(0.908685674041,-0.1));
#1169 = CARTESIAN_POINT('',(0.817623132751,-0.1));
#1170 = CARTESIAN_POINT('',(0.727033913834,-0.1));
#1171 = CARTESIAN_POINT('',(0.637106363961,-0.1));
#1172 = CARTESIAN_POINT('',(0.435265863748,-0.1));
#1173 = CARTESIAN_POINT('',(0.323842037081,-0.1));
#1174 = CARTESIAN_POINT('',(0.214042211072,-0.1));
#1175 = CARTESIAN_POINT('',(0.106059296473,-0.1));
#1176 = CARTESIAN_POINT('',(0.,-0.1));
#1177 = ( GEOMETRIC_REPRESENTATION_CONTEXT(2) 
PARAMETRIC_REPRESENTATION_CONTEXT() REPRESENTATION_CONTEXT('2D SPACE',''
  ) );
#1178 = ORIENTED_EDGE('',*,*,#1179,.F.);
#1179 = EDGE_CURVE('',#1180,#1129,#1182,.T.);
#1180 = VERTEX_POINT('',#1181);
#1181 = CARTESIAN_POINT('',(-2.991943359375,-21.35107421875,2.));
#1182 = SURFACE_CURVE('',#1183,(#1194,#1208),.PCURVE_S1.);
#1183 = B_SPLINE_CURVE_WITH_KNOTS('',5,(#1184,#1185,#1186,#1187,#1188,
    #1189,#1190,#1191,#1192,#1193),.UNSPECIFIED.,.F.,.F.,(6,4,6),(0.,
    0.485846062669,1.),.UNSPECIFIED.);
#1184 = CARTESIAN_POINT('',(-2.991943359375,-21.35107421875,2.));
#1185 = CARTESIAN_POINT('',(-2.956013275142,-21.38559528007,2.));
#1186 = CARTESIAN_POINT('',(-2.92412656365,-21.42227402637,2.));
#1187 = CARTESIAN_POINT('',(-2.896499759554,-21.46108866316,2.));
#1188 = CARTESIAN_POINT('',(-2.87327996419,-21.5019744123,2.));
#1189 = CARTESIAN_POINT('',(-2.834664984444,-21.59014336773,2.));
#1190 = CARTESIAN_POINT('',(-2.81980290032,-21.63766423758,2.));
#1191 = CARTESIAN_POINT('',(-2.809996337372,-21.68723117473,2.));
#1192 = CARTESIAN_POINT('',(-2.80517578125,-21.73866177485,2.));
#1193 = CARTESIAN_POINT('',(-2.80517578125,-21.79174804687,2.));
#1194 = PCURVE('',#73,#1195);
#1195 = DEFINITIONAL_REPRESENTATION('',(#1196),#1207);
#1196 = B_SPLINE_CURVE_WITH_KNOTS('',5,(#1197,#1198,#1199,#1200,#1201,
    #1202,#1203,#1204,#1205,#1206),.UNSPECIFIED.,.F.,.F.,(6,4,6),(0.,
    0.485846062669,1.),.UNSPECIFIED.);
#1197 = CARTESIAN_POINT('',(-2.991943359375,-21.35107421875));
#1198 = CARTESIAN_POINT('',(-2.956013275142,-21.38559528007));
#1199 = CARTESIAN_POINT('',(-2.92412656365,-21.42227402637));
#1200 = CARTESIAN_POINT('',(-2.896499759554,-21.46108866316));
#1201 = CARTESIAN_POINT('',(-2.87327996419,-21.5019744123));
#1202 = CARTESIAN_POINT('',(-2.834664984444,-21.59014336773));
#1203 = CARTESIAN_POINT('',(-2.81980290032,-21.63766423758));
#1204 = CARTESIAN_POINT('',(-2.809996337372,-21.68723117473));
#1205 = CARTESIAN_POINT('',(-2.80517578125,-21.73866177485));
#1206 = CARTESIAN_POINT('',(-2.80517578125,-21.79174804687));
#1207 = ( GEOMETRIC_REPRESENTATION_CONTEXT(2) 
PARAMETRIC_REPRESENTATION_CONTEXT() REPRESENTATION_CONTEXT('2D SPACE',''
  ) );
#1208 = PCURVE('',#1209,#1216);
#1209 = SURFACE_OF_LINEAR_EXTRUSION('',#1210,#1214);
#1210 = B_SPLINE_CURVE_WITH_KNOTS('',2,(#1211,#1212,#1213),
  .UNSPECIFIED.,.F.,.F.,(3,3),(0.,1.),.PIECEWISE_BEZIER_KNOTS.);
#1211 = CARTESIAN_POINT('',(-2.80517578125,-21.79174804687,1.9));
#1212 = CARTESIAN_POINT('',(-2.80517578125,-21.53051757812,1.9));
#1213 = CARTESIAN_POINT('',(-2.991943359375,-21.35107421875,1.9));
#1214 = VECTOR('',#1215,1.);
#1215 = DIRECTION('',(-0.,-0.,-1.));
#1216 = DEFINITIONAL_REPRESENTATION('',(#1217),#1228);
#1217 = B_SPLINE_CURVE_WITH_KNOTS('',5,(#1218,#1219,#1220,#1221,#1222,
    #1223,#1224,#1225,#1226,#1227),.UNSPECIFIED.,.F.,.F.,(6,4,6),(0.,
    0.485846062669,1.),.UNSPECIFIED.);
#1218 = CARTESIAN_POINT('',(1.,-0.1));
#1219 = CARTESIAN_POINT('',(0.903810702602,-0.1));
#1220 = CARTESIAN_POINT('',(0.806880569519,-0.1));
#1221 = CARTESIAN_POINT('',(0.709432807625,-0.1));
#1222 = CARTESIAN_POINT('',(0.611714698663,-0.1));
#1223 = CARTESIAN_POINT('',(0.410591943595,-0.1));
#1224 = CARTESIAN_POINT('',(0.307179231014,-0.1));
#1225 = CARTESIAN_POINT('',(0.204087668508,-0.1));
#1226 = CARTESIAN_POINT('',(0.10160811692,-0.1));
#1227 = CARTESIAN_POINT('',(0.,-0.1));
#1228 = ( GEOMETRIC_REPRESENTATION_CONTEXT(2) 
PARAMETRIC_REPRESENTATION_CONTEXT() REPRESENTATION_CONTEXT('2D SPACE',''
  ) );
#1229 = ORIENTED_EDGE('',*,*,#1230,.F.);
#1230 = EDGE_CURVE('',#1231,#1180,#1233,.T.);
#1231 = VERTEX_POINT('',#1232);
#1232 = CARTESIAN_POINT('',(-3.47900390625,-21.17163085937,2.));
#1233 = SURFACE_CURVE('',#1234,(#1245,#1259),.PCURVE_S1.);
#1234 = B_SPLINE_CURVE_WITH_KNOTS('',5,(#1235,#1236,#1237,#1238,#1239,
    #1240,#1241,#1242,#1243,#1244),.UNSPECIFIED.,.F.,.F.,(6,4,6),(0.,
    0.758199815233,1.),.UNSPECIFIED.);
#1235 = CARTESIAN_POINT('',(-3.47900390625,-21.17163085937,2.));
#1236 = CARTESIAN_POINT('',(-3.39053025362,-21.17163085937,2.));
#1237 = CARTESIAN_POINT('',(-3.306561535104,-21.18136622508,2.));
#1238 = CARTESIAN_POINT('',(-3.227978425247,-21.20156389587,2.));
#1239 = CARTESIAN_POINT('',(-3.155573431451,-21.23261328272,2.));
#1240 = CARTESIAN_POINT('',(-3.06888303009,-21.28744832179,2.));
#1241 = CARTESIAN_POINT('',(-3.048599018609,-21.30177888313,2.));
#1242 = CARTESIAN_POINT('',(-3.029007829254,-21.31717123813,2.));
#1243 = CARTESIAN_POINT('',(-3.010120366223,-21.3336100357,2.));
#1244 = CARTESIAN_POINT('',(-2.991943359375,-21.35107421875,2.));
#1245 = PCURVE('',#73,#1246);
#1246 = DEFINITIONAL_REPRESENTATION('',(#1247),#1258);
#1247 = B_SPLINE_CURVE_WITH_KNOTS('',5,(#1248,#1249,#1250,#1251,#1252,
    #1253,#1254,#1255,#1256,#1257),.UNSPECIFIED.,.F.,.F.,(6,4,6),(0.,
    0.758199815233,1.),.UNSPECIFIED.);
#1248 = CARTESIAN_POINT('',(-3.47900390625,-21.17163085937));
#1249 = CARTESIAN_POINT('',(-3.39053025362,-21.17163085937));
#1250 = CARTESIAN_POINT('',(-3.306561535104,-21.18136622508));
#1251 = CARTESIAN_POINT('',(-3.227978425247,-21.20156389587));
#1252 = CARTESIAN_POINT('',(-3.155573431451,-21.23261328272));
#1253 = CARTESIAN_POINT('',(-3.06888303009,-21.28744832179));
#1254 = CARTESIAN_POINT('',(-3.048599018609,-21.30177888313));
#1255 = CARTESIAN_POINT('',(-3.029007829254,-21.31717123813));
#1256 = CARTESIAN_POINT('',(-3.010120366223,-21.3336100357));
#1257 = CARTESIAN_POINT('',(-2.991943359375,-21.35107421875));
#1258 = ( GEOMETRIC_REPRESENTATION_CONTEXT(2) 
PARAMETRIC_REPRESENTATION_CONTEXT() REPRESENTATION_CONTEXT('2D SPACE',''
  ) );
#1259 = PCURVE('',#1260,#1267);
#1260 = SURFACE_OF_LINEAR_EXTRUSION('',#1261,#1265);
#1261 = B_SPLINE_CURVE_WITH_KNOTS('',2,(#1262,#1263,#1264),
  .UNSPECIFIED.,.F.,.F.,(3,3),(0.,1.),.PIECEWISE_BEZIER_KNOTS.);
#1262 = CARTESIAN_POINT('',(-2.991943359375,-21.35107421875,1.9));
#1263 = CARTESIAN_POINT('',(-3.1787109375,-21.17163085937,1.9));
#1264 = CARTESIAN_POINT('',(-3.47900390625,-21.17163085937,1.9));
#1265 = VECTOR('',#1266,1.);
#1266 = DIRECTION('',(-0.,-0.,-1.));
#1267 = DEFINITIONAL_REPRESENTATION('',(#1268),#1279);
#1268 = B_SPLINE_CURVE_WITH_KNOTS('',5,(#1269,#1270,#1271,#1272,#1273,
    #1274,#1275,#1276,#1277,#1278),.UNSPECIFIED.,.F.,.F.,(6,4,6),(0.,
    0.758199815233,1.),.UNSPECIFIED.);
#1269 = CARTESIAN_POINT('',(1.,-0.1));
#1270 = CARTESIAN_POINT('',(0.852687771881,-0.1));
#1271 = CARTESIAN_POINT('',(0.702621275467,-0.1));
#1272 = CARTESIAN_POINT('',(0.550501116793,-0.1));
#1273 = CARTESIAN_POINT('',(0.397236650059,-0.1));
#1274 = CARTESIAN_POINT('',(0.195130757944,-0.1));
#1275 = CARTESIAN_POINT('',(0.146261340348,-0.1));
#1276 = CARTESIAN_POINT('',(9.742701367947E-02,-0.1));
#1277 = CARTESIAN_POINT('',(4.866210460767E-02,-0.1));
#1278 = CARTESIAN_POINT('',(0.,-0.1));
#1279 = ( GEOMETRIC_REPRESENTATION_CONTEXT(2) 
PARAMETRIC_REPRESENTATION_CONTEXT() REPRESENTATION_CONTEXT('2D SPACE',''
  ) );
#1280 = ORIENTED_EDGE('',*,*,#1281,.F.);
#1281 = EDGE_CURVE('',#1282,#1231,#1284,.T.);
#1282 = VERTEX_POINT('',#1283);
#1283 = CARTESIAN_POINT('',(-3.98681640625,-21.36206054687,2.));
#1284 = SURFACE_CURVE('',#1285,(#1296,#1310),.PCURVE_S1.);
#1285 = B_SPLINE_CURVE_WITH_KNOTS('',5,(#1286,#1287,#1288,#1289,#1290,
    #1291,#1292,#1293,#1294,#1295),.UNSPECIFIED.,.F.,.F.,(6,4,6),(0.,
    0.227478441791,1.),.UNSPECIFIED.);
#1286 = CARTESIAN_POINT('',(-3.98681640625,-21.36206054687,2.));
#1287 = CARTESIAN_POINT('',(-3.969347398614,-21.34459153923,2.));
#1288 = CARTESIAN_POINT('',(-3.951173101428,-21.32808648789,2.));
#1289 = CARTESIAN_POINT('',(-3.932299857823,-21.31256626411,2.));
#1290 = CARTESIAN_POINT('',(-3.91273821609,-21.29804630652,2.));
#1291 = CARTESIAN_POINT('',(-3.82378347276,-21.23865744609,2.));
#1292 = CARTESIAN_POINT('',(-3.747277809417,-21.20441827385,2.));
#1293 = CARTESIAN_POINT('',(-3.663611399818,-21.18225237613,2.));
#1294 = CARTESIAN_POINT('',(-3.573815536707,-21.17163085937,2.));
#1295 = CARTESIAN_POINT('',(-3.47900390625,-21.17163085937,2.));
#1296 = PCURVE('',#73,#1297);
#1297 = DEFINITIONAL_REPRESENTATION('',(#1298),#1309);
#1298 = B_SPLINE_CURVE_WITH_KNOTS('',5,(#1299,#1300,#1301,#1302,#1303,
    #1304,#1305,#1306,#1307,#1308),.UNSPECIFIED.,.F.,.F.,(6,4,6),(0.,
    0.227478441791,1.),.UNSPECIFIED.);
#1299 = CARTESIAN_POINT('',(-3.98681640625,-21.36206054687));
#1300 = CARTESIAN_POINT('',(-3.969347398614,-21.34459153923));
#1301 = CARTESIAN_POINT('',(-3.951173101428,-21.32808648789));
#1302 = CARTESIAN_POINT('',(-3.932299857823,-21.31256626411));
#1303 = CARTESIAN_POINT('',(-3.91273821609,-21.29804630652));
#1304 = CARTESIAN_POINT('',(-3.82378347276,-21.23865744609));
#1305 = CARTESIAN_POINT('',(-3.747277809417,-21.20441827385));
#1306 = CARTESIAN_POINT('',(-3.663611399818,-21.18225237613));
#1307 = CARTESIAN_POINT('',(-3.573815536707,-21.17163085937));
#1308 = CARTESIAN_POINT('',(-3.47900390625,-21.17163085937));
#1309 = ( GEOMETRIC_REPRESENTATION_CONTEXT(2) 
PARAMETRIC_REPRESENTATION_CONTEXT() REPRESENTATION_CONTEXT('2D SPACE',''
  ) );
#1310 = PCURVE('',#1311,#1318);
#1311 = SURFACE_OF_LINEAR_EXTRUSION('',#1312,#1316);
#1312 = B_SPLINE_CURVE_WITH_KNOTS('',2,(#1313,#1314,#1315),
  .UNSPECIFIED.,.F.,.F.,(3,3),(0.,1.),.PIECEWISE_BEZIER_KNOTS.);
#1313 = CARTESIAN_POINT('',(-3.47900390625,-21.17163085937,1.9));
#1314 = CARTESIAN_POINT('',(-3.79638671875,-21.17163085937,1.9));
#1315 = CARTESIAN_POINT('',(-3.98681640625,-21.36206054687,1.9));
#1316 = VECTOR('',#1317,1.);
#1317 = DIRECTION('',(-0.,-0.,-1.));
#1318 = DEFINITIONAL_REPRESENTATION('',(#1319),#1330);
#1319 = B_SPLINE_CURVE_WITH_KNOTS('',5,(#1320,#1321,#1322,#1323,#1324,
    #1325,#1326,#1327,#1328,#1329),.UNSPECIFIED.,.F.,.F.,(6,4,6),(0.,
    0.227478441791,1.),.UNSPECIFIED.);
#1320 = CARTESIAN_POINT('',(1.,-0.1));
#1321 = CARTESIAN_POINT('',(0.954132656873,-0.1));
#1322 = CARTESIAN_POINT('',(0.908166612716,-0.1));
#1323 = CARTESIAN_POINT('',(0.862133780585,-0.1));
#1324 = CARTESIAN_POINT('',(0.816066992611,-0.1));
#1325 = CARTESIAN_POINT('',(0.613555527137,-0.1));
#1326 = CARTESIAN_POINT('',(0.457069771997,-0.1));
#1327 = CARTESIAN_POINT('',(0.301983121315,-0.1));
#1328 = CARTESIAN_POINT('',(0.149364783982,-0.1));
#1329 = CARTESIAN_POINT('',(0.,-0.1));
#1330 = ( GEOMETRIC_REPRESENTATION_CONTEXT(2) 
PARAMETRIC_REPRESENTATION_CONTEXT() REPRESENTATION_CONTEXT('2D SPACE',''
  ) );
#1331 = ORIENTED_EDGE('',*,*,#1332,.F.);
#1332 = EDGE_CURVE('',#1333,#1282,#1335,.T.);
#1333 = VERTEX_POINT('',#1334);
#1334 = CARTESIAN_POINT('',(-4.1796875,-21.88940429687,2.));
#1335 = SURFACE_CURVE('',#1336,(#1349,#1365),.PCURVE_S1.);
#1336 = B_SPLINE_CURVE_WITH_KNOTS('',6,(#1337,#1338,#1339,#1340,#1341,
    #1342,#1343,#1344,#1345,#1346,#1347,#1348),.UNSPECIFIED.,.F.,.F.,(7,
    5,7),(0.,0.862461154721,1.),.UNSPECIFIED.);
#1337 = CARTESIAN_POINT('',(-4.1796875,-21.88940429687,2.));
#1338 = CARTESIAN_POINT('',(-4.179015392969,-21.79665352655,2.));
#1339 = CARTESIAN_POINT('',(-4.169779697449,-21.70846076587,2.));
#1340 = CARTESIAN_POINT('',(-4.15125643448,-21.62572526017,2.));
#1341 = CARTESIAN_POINT('',(-4.122897852453,-21.54932692163,2.));
#1342 = CARTESIAN_POINT('',(-4.084503478612,-21.48001385326,2.));
#1343 = CARTESIAN_POINT('',(-4.028789282197,-21.40840262787,2.));
#1344 = CARTESIAN_POINT('',(-4.020880463745,-21.39874488147,2.));
#1345 = CARTESIAN_POINT('',(-4.012727026305,-21.38928043085,2.));
#1346 = CARTESIAN_POINT('',(-4.004330574699,-21.3800107612,2.));
#1347 = CARTESIAN_POINT('',(-3.995692985342,-21.37093712596,2.));
#1348 = CARTESIAN_POINT('',(-3.98681640625,-21.36206054687,2.));
#1349 = PCURVE('',#73,#1350);
#1350 = DEFINITIONAL_REPRESENTATION('',(#1351),#1364);
#1351 = B_SPLINE_CURVE_WITH_KNOTS('',6,(#1352,#1353,#1354,#1355,#1356,
    #1357,#1358,#1359,#1360,#1361,#1362,#1363),.UNSPECIFIED.,.F.,.F.,(7,
    5,7),(0.,0.862461154721,1.),.UNSPECIFIED.);
#1352 = CARTESIAN_POINT('',(-4.1796875,-21.88940429687));
#1353 = CARTESIAN_POINT('',(-4.179015392969,-21.79665352655));
#1354 = CARTESIAN_POINT('',(-4.169779697449,-21.70846076587));
#1355 = CARTESIAN_POINT('',(-4.15125643448,-21.62572526017));
#1356 = CARTESIAN_POINT('',(-4.122897852453,-21.54932692163));
#1357 = CARTESIAN_POINT('',(-4.084503478612,-21.48001385326));
#1358 = CARTESIAN_POINT('',(-4.028789282197,-21.40840262787));
#1359 = CARTESIAN_POINT('',(-4.020880463745,-21.39874488147));
#1360 = CARTESIAN_POINT('',(-4.012727026305,-21.38928043085));
#1361 = CARTESIAN_POINT('',(-4.004330574699,-21.3800107612));
#1362 = CARTESIAN_POINT('',(-3.995692985342,-21.37093712596));
#1363 = CARTESIAN_POINT('',(-3.98681640625,-21.36206054687));
#1364 = ( GEOMETRIC_REPRESENTATION_CONTEXT(2) 
PARAMETRIC_REPRESENTATION_CONTEXT() REPRESENTATION_CONTEXT('2D SPACE',''
  ) );
#1365 = PCURVE('',#1366,#1373);
#1366 = SURFACE_OF_LINEAR_EXTRUSION('',#1367,#1371);
#1367 = B_SPLINE_CURVE_WITH_KNOTS('',2,(#1368,#1369,#1370),
  .UNSPECIFIED.,.F.,.F.,(3,3),(0.,1.),.PIECEWISE_BEZIER_KNOTS.);
#1368 = CARTESIAN_POINT('',(-3.98681640625,-21.36206054687,1.9));
#1369 = CARTESIAN_POINT('',(-4.17724609375,-21.55249023437,1.9));
#1370 = CARTESIAN_POINT('',(-4.1796875,-21.88940429687,1.9));
#1371 = VECTOR('',#1372,1.);
#1372 = DIRECTION('',(-0.,-0.,-1.));
#1373 = DEFINITIONAL_REPRESENTATION('',(#1374),#1387);
#1374 = B_SPLINE_CURVE_WITH_KNOTS('',6,(#1375,#1376,#1377,#1378,#1379,
    #1380,#1381,#1382,#1383,#1384,#1385,#1386),.UNSPECIFIED.,.F.,.F.,(7,
    5,7),(0.,0.862461154721,1.),.UNSPECIFIED.);
#1375 = CARTESIAN_POINT('',(1.,-0.1));
#1376 = CARTESIAN_POINT('',(0.862352479994,-0.1));
#1377 = CARTESIAN_POINT('',(0.72158392436,-0.1));
#1378 = CARTESIAN_POINT('',(0.578188857357,-0.1));
#1379 = CARTESIAN_POINT('',(0.432835919368,-0.1));
#1380 = CARTESIAN_POINT('',(0.286398578099,-0.1));
#1381 = CARTESIAN_POINT('',(0.116653451263,-0.1));
#1382 = CARTESIAN_POINT('',(9.330679594415E-02,-0.1));
#1383 = CARTESIAN_POINT('',(6.996410084907E-02,-0.1));
#1384 = CARTESIAN_POINT('',(4.662940311955E-02,-0.1));
#1385 = CARTESIAN_POINT('',(2.330671023247E-02,-0.1));
#1386 = CARTESIAN_POINT('',(0.,-0.1));
#1387 = ( GEOMETRIC_REPRESENTATION_CONTEXT(2) 
PARAMETRIC_REPRESENTATION_CONTEXT() REPRESENTATION_CONTEXT('2D SPACE',''
  ) );
#1388 = ORIENTED_EDGE('',*,*,#1389,.F.);
#1389 = EDGE_CURVE('',#1390,#1333,#1392,.T.);
#1390 = VERTEX_POINT('',#1391);
#1391 = CARTESIAN_POINT('',(-4.63134765625,-21.84301757812,2.));
#1392 = SURFACE_CURVE('',#1393,(#1397,#1404),.PCURVE_S1.);
#1393 = LINE('',#1394,#1395);
#1394 = CARTESIAN_POINT('',(-2.194963932892,-22.09324077133,2.));
#1395 = VECTOR('',#1396,1.);
#1396 = DIRECTION('',(0.994767435445,-0.102165304181,0.));
#1397 = PCURVE('',#73,#1398);
#1398 = DEFINITIONAL_REPRESENTATION('',(#1399),#1403);
#1399 = LINE('',#1400,#1401);
#1400 = CARTESIAN_POINT('',(-2.194963932892,-22.09324077133));
#1401 = VECTOR('',#1402,1.);
#1402 = DIRECTION('',(0.994767435445,-0.102165304181));
#1403 = ( GEOMETRIC_REPRESENTATION_CONTEXT(2) 
PARAMETRIC_REPRESENTATION_CONTEXT() REPRESENTATION_CONTEXT('2D SPACE',''
  ) );
#1404 = PCURVE('',#1405,#1410);
#1405 = PLANE('',#1406);
#1406 = AXIS2_PLACEMENT_3D('',#1407,#1408,#1409);
#1407 = CARTESIAN_POINT('',(-4.1796875,-21.88940429687,1.9));
#1408 = DIRECTION('',(-0.102165304181,-0.994767435445,0.));
#1409 = DIRECTION('',(-0.994767435445,0.102165304181,0.));
#1410 = DEFINITIONAL_REPRESENTATION('',(#1411),#1414);
#1411 = B_SPLINE_CURVE_WITH_KNOTS('',1,(#1412,#1413),.UNSPECIFIED.,.F.,
  .F.,(2,2),(-2.449199316892,-1.995163388335),.PIECEWISE_BEZIER_KNOTS.);
#1412 = CARTESIAN_POINT('',(0.454035928557,-0.1));
#1413 = CARTESIAN_POINT('',(0.,-0.1));
#1414 = ( GEOMETRIC_REPRESENTATION_CONTEXT(2) 
PARAMETRIC_REPRESENTATION_CONTEXT() REPRESENTATION_CONTEXT('2D SPACE',''
  ) );
#1415 = ORIENTED_EDGE('',*,*,#1416,.F.);
#1416 = EDGE_CURVE('',#1417,#1390,#1419,.T.);
#1417 = VERTEX_POINT('',#1418);
#1418 = CARTESIAN_POINT('',(-4.2822265625,-21.07275390625,2.));
#1419 = SURFACE_CURVE('',#1420,(#1433,#1449),.PCURVE_S1.);
#1420 = B_SPLINE_CURVE_WITH_KNOTS('',6,(#1421,#1422,#1423,#1424,#1425,
    #1426,#1427,#1428,#1429,#1430,#1431,#1432),.UNSPECIFIED.,.F.,.F.,(7,
    5,7),(0.,0.108385136257,1.),.UNSPECIFIED.);
#1421 = CARTESIAN_POINT('',(-4.2822265625,-21.07275390625,2.));
#1422 = CARTESIAN_POINT('',(-4.293514352753,-21.08263072272,2.));
#1423 = CARTESIAN_POINT('',(-4.304596842249,-21.09271559909,2.));
#1424 = CARTESIAN_POINT('',(-4.315471324435,-21.10300727133,2.));
#1425 = CARTESIAN_POINT('',(-4.326135344486,-21.11350420763,2.));
#1426 = CARTESIAN_POINT('',(-4.336586699299,-21.1242046084,2.));
#1427 = CARTESIAN_POINT('',(-4.431034504176,-21.22478849126,2.));
#1428 = CARTESIAN_POINT('',(-4.500763520239,-21.32814352669,2.));
#1429 = CARTESIAN_POINT('',(-4.554722164832,-21.44385965599,2.));
#1430 = CARTESIAN_POINT('',(-4.593524117484,-21.56973260945,2.));
#1431 = CARTESIAN_POINT('',(-4.618537904704,-21.70345870601,2.));
#1432 = CARTESIAN_POINT('',(-4.63134765625,-21.84301757812,2.));
#1433 = PCURVE('',#73,#1434);
#1434 = DEFINITIONAL_REPRESENTATION('',(#1435),#1448);
#1435 = B_SPLINE_CURVE_WITH_KNOTS('',6,(#1436,#1437,#1438,#1439,#1440,
    #1441,#1442,#1443,#1444,#1445,#1446,#1447),.UNSPECIFIED.,.F.,.F.,(7,
    5,7),(0.,0.108385136257,1.),.UNSPECIFIED.);
#1436 = CARTESIAN_POINT('',(-4.2822265625,-21.07275390625));
#1437 = CARTESIAN_POINT('',(-4.293514352753,-21.08263072272));
#1438 = CARTESIAN_POINT('',(-4.304596842249,-21.09271559909));
#1439 = CARTESIAN_POINT('',(-4.315471324435,-21.10300727133));
#1440 = CARTESIAN_POINT('',(-4.326135344486,-21.11350420763));
#1441 = CARTESIAN_POINT('',(-4.336586699299,-21.1242046084));
#1442 = CARTESIAN_POINT('',(-4.431034504176,-21.22478849126));
#1443 = CARTESIAN_POINT('',(-4.500763520239,-21.32814352669));
#1444 = CARTESIAN_POINT('',(-4.554722164832,-21.44385965599));
#1445 = CARTESIAN_POINT('',(-4.593524117484,-21.56973260945));
#1446 = CARTESIAN_POINT('',(-4.618537904704,-21.70345870601));
#1447 = CARTESIAN_POINT('',(-4.63134765625,-21.84301757812));
#1448 = ( GEOMETRIC_REPRESENTATION_CONTEXT(2) 
PARAMETRIC_REPRESENTATION_CONTEXT() REPRESENTATION_CONTEXT('2D SPACE',''
  ) );
#1449 = PCURVE('',#1450,#1457);
#1450 = SURFACE_OF_LINEAR_EXTRUSION('',#1451,#1455);
#1451 = B_SPLINE_CURVE_WITH_KNOTS('',2,(#1452,#1453,#1454),
  .UNSPECIFIED.,.F.,.F.,(3,3),(0.,1.),.PIECEWISE_BEZIER_KNOTS.);
#1452 = CARTESIAN_POINT('',(-4.63134765625,-21.84301757812,1.9));
#1453 = CARTESIAN_POINT('',(-4.5849609375,-21.33764648437,1.9));
#1454 = CARTESIAN_POINT('',(-4.2822265625,-21.07275390625,1.9));
#1455 = VECTOR('',#1456,1.);
#1456 = DIRECTION('',(-0.,-0.,-1.));
#1457 = DEFINITIONAL_REPRESENTATION('',(#1458),#1471);
#1458 = B_SPLINE_CURVE_WITH_KNOTS('',6,(#1459,#1460,#1461,#1462,#1463,
    #1464,#1465,#1466,#1467,#1468,#1469,#1470),.UNSPECIFIED.,.F.,.F.,(7,
    5,7),(0.,0.108385136257,1.),.UNSPECIFIED.);
#1459 = CARTESIAN_POINT('',(1.,-0.1));
#1460 = CARTESIAN_POINT('',(0.981356939969,-0.1));
#1461 = CARTESIAN_POINT('',(0.962699789374,-0.1));
#1462 = CARTESIAN_POINT('',(0.944032012528,-0.1));
#1463 = CARTESIAN_POINT('',(0.92535710257,-0.1));
#1464 = CARTESIAN_POINT('',(0.906678581464,-0.1));
#1465 = CARTESIAN_POINT('',(0.734343313834,-0.1));
#1466 = CARTESIAN_POINT('',(0.580607004891,-0.1));
#1467 = CARTESIAN_POINT('',(0.42908701717,-0.1));
#1468 = CARTESIAN_POINT('',(0.281266881961,-1.E-01));
#1469 = CARTESIAN_POINT('',(0.138075637719,-0.1));
#1470 = CARTESIAN_POINT('',(0.,-0.1));
#1471 = ( GEOMETRIC_REPRESENTATION_CONTEXT(2) 
PARAMETRIC_REPRESENTATION_CONTEXT() REPRESENTATION_CONTEXT('2D SPACE',''
  ) );
#1472 = ORIENTED_EDGE('',*,*,#1473,.F.);
#1473 = EDGE_CURVE('',#1474,#1417,#1476,.T.);
#1474 = VERTEX_POINT('',#1475);
#1475 = CARTESIAN_POINT('',(-3.46923828125,-20.80786132812,2.));
#1476 = SURFACE_CURVE('',#1477,(#1492,#1510),.PCURVE_S1.);
#1477 = B_SPLINE_CURVE_WITH_KNOTS('',5,(#1478,#1479,#1480,#1481,#1482,
    #1483,#1484,#1485,#1486,#1487,#1488,#1489,#1490,#1491),
  .UNSPECIFIED.,.F.,.F.,(6,4,4,6),(0.,0.482150021423,0.938228605088,1.),
  .UNSPECIFIED.);
#1478 = CARTESIAN_POINT('',(-3.46923828125,-20.80786132812,2.));
#1479 = CARTESIAN_POINT('',(-3.560787492382,-20.80786132812,2.));
#1480 = CARTESIAN_POINT('',(-3.650293758182,-20.81319134203,2.));
#1481 = CARTESIAN_POINT('',(-3.737291378626,-20.82434468779,2.));
#1482 = CARTESIAN_POINT('',(-3.821190777461,-20.84181545268,2.));
#1483 = CARTESIAN_POINT('',(-3.977241260848,-20.8886416638,2.));
#1484 = CARTESIAN_POINT('',(-4.049791970208,-20.9173057444,2.));
#1485 = CARTESIAN_POINT('',(-4.118497134775,-20.95209713496,2.));
#1486 = CARTESIAN_POINT('',(-4.182883746978,-20.99305965429,2.));
#1487 = CARTESIAN_POINT('',(-4.250718144045,-21.04628114709,2.));
#1488 = CARTESIAN_POINT('',(-4.258724661912,-21.05273815655,2.));
#1489 = CARTESIAN_POINT('',(-4.266645355721,-21.05930308514,2.));
#1490 = CARTESIAN_POINT('',(-4.274479531664,-21.06597525426,2.));
#1491 = CARTESIAN_POINT('',(-4.2822265625,-21.07275390625,2.));
#1492 = PCURVE('',#73,#1493);
#1493 = DEFINITIONAL_REPRESENTATION('',(#1494),#1509);
#1494 = B_SPLINE_CURVE_WITH_KNOTS('',5,(#1495,#1496,#1497,#1498,#1499,
    #1500,#1501,#1502,#1503,#1504,#1505,#1506,#1507,#1508),
  .UNSPECIFIED.,.F.,.F.,(6,4,4,6),(0.,0.482150021423,0.938228605088,1.),
  .UNSPECIFIED.);
#1495 = CARTESIAN_POINT('',(-3.46923828125,-20.80786132812));
#1496 = CARTESIAN_POINT('',(-3.560787492382,-20.80786132812));
#1497 = CARTESIAN_POINT('',(-3.650293758182,-20.81319134203));
#1498 = CARTESIAN_POINT('',(-3.737291378626,-20.82434468779));
#1499 = CARTESIAN_POINT('',(-3.821190777461,-20.84181545268));
#1500 = CARTESIAN_POINT('',(-3.977241260848,-20.8886416638));
#1501 = CARTESIAN_POINT('',(-4.049791970208,-20.9173057444));
#1502 = CARTESIAN_POINT('',(-4.118497134775,-20.95209713496));
#1503 = CARTESIAN_POINT('',(-4.182883746978,-20.99305965429));
#1504 = CARTESIAN_POINT('',(-4.250718144045,-21.04628114709));
#1505 = CARTESIAN_POINT('',(-4.258724661912,-21.05273815655));
#1506 = CARTESIAN_POINT('',(-4.266645355721,-21.05930308514));
#1507 = CARTESIAN_POINT('',(-4.274479531664,-21.06597525426));
#1508 = CARTESIAN_POINT('',(-4.2822265625,-21.07275390625));
#1509 = ( GEOMETRIC_REPRESENTATION_CONTEXT(2) 
PARAMETRIC_REPRESENTATION_CONTEXT() REPRESENTATION_CONTEXT('2D SPACE',''
  ) );
#1510 = PCURVE('',#1511,#1518);
#1511 = SURFACE_OF_LINEAR_EXTRUSION('',#1512,#1516);
#1512 = B_SPLINE_CURVE_WITH_KNOTS('',2,(#1513,#1514,#1515),
  .UNSPECIFIED.,.F.,.F.,(3,3),(0.,1.),.PIECEWISE_BEZIER_KNOTS.);
#1513 = CARTESIAN_POINT('',(-4.2822265625,-21.07275390625,1.9));
#1514 = CARTESIAN_POINT('',(-3.9794921875,-20.80786132812,1.9));
#1515 = CARTESIAN_POINT('',(-3.46923828125,-20.80786132812,1.9));
#1516 = VECTOR('',#1517,1.);
#1517 = DIRECTION('',(-0.,-0.,-1.));
#1518 = DEFINITIONAL_REPRESENTATION('',(#1519),#1534);
#1519 = B_SPLINE_CURVE_WITH_KNOTS('',5,(#1520,#1521,#1522,#1523,#1524,
    #1525,#1526,#1527,#1528,#1529,#1530,#1531,#1532,#1533),
  .UNSPECIFIED.,.F.,.F.,(6,4,4,6),(0.,0.482150021423,0.938228605088,1.),
  .UNSPECIFIED.);
#1520 = CARTESIAN_POINT('',(1.,-0.1));
#1521 = CARTESIAN_POINT('',(0.910290533781,-0.1));
#1522 = CARTESIAN_POINT('',(0.818491282869,-0.1));
#1523 = CARTESIAN_POINT('',(0.724679884842,-0.1));
#1524 = CARTESIAN_POINT('',(0.629054773526,-0.1));
#1525 = CARTESIAN_POINT('',(0.440193297354,-0.1));
#1526 = CARTESIAN_POINT('',(0.347096076984,-0.1));
#1527 = CARTESIAN_POINT('',(0.253063389062,-0.1));
#1528 = CARTESIAN_POINT('',(0.158525097489,-0.1));
#1529 = CARTESIAN_POINT('',(5.119749767864E-02,-0.1));
#1530 = CARTESIAN_POINT('',(3.839504346835E-02,-0.1));
#1531 = CARTESIAN_POINT('',(2.559384267455E-02,-0.1));
#1532 = CARTESIAN_POINT('',(1.279509609106E-02,-0.1));
#1533 = CARTESIAN_POINT('',(0.,-0.1));
#1534 = ( GEOMETRIC_REPRESENTATION_CONTEXT(2) 
PARAMETRIC_REPRESENTATION_CONTEXT() REPRESENTATION_CONTEXT('2D SPACE',''
  ) );
#1535 = ORIENTED_EDGE('',*,*,#1536,.F.);
#1536 = EDGE_CURVE('',#1537,#1474,#1539,.T.);
#1537 = VERTEX_POINT('',#1538);
#1538 = CARTESIAN_POINT('',(-2.65380859375,-21.09350585937,2.));
#1539 = SURFACE_CURVE('',#1540,(#1553,#1569),.PCURVE_S1.);
#1540 = B_SPLINE_CURVE_WITH_KNOTS('',6,(#1541,#1542,#1543,#1544,#1545,
    #1546,#1547,#1548,#1549,#1550,#1551,#1552),.UNSPECIFIED.,.F.,.F.,(7,
    5,7),(0.,0.129952580841,1.),.UNSPECIFIED.);
#1541 = CARTESIAN_POINT('',(-2.65380859375,-21.09350585937,2.));
#1542 = CARTESIAN_POINT('',(-2.667197422044,-21.08077014465,2.));
#1543 = CARTESIAN_POINT('',(-2.680857015727,-21.06836131977,2.));
#1544 = CARTESIAN_POINT('',(-2.69478484692,-21.05628418196,2.));
#1545 = CARTESIAN_POINT('',(-2.708977878207,-21.04454294811,2.));
#1546 = CARTESIAN_POINT('',(-2.723432562643,-21.03314125478,2.));
#1547 = CARTESIAN_POINT('',(-2.836645251548,-20.9480402394,2.));
#1548 = CARTESIAN_POINT('',(-2.946739976009,-20.8893186482,2.));
#1549 = CARTESIAN_POINT('',(-3.06704152407,-20.84700501984,2.));
#1550 = CARTESIAN_POINT('',(-3.195538490786,-20.82034813343,2.));
#1551 = CARTESIAN_POINT('',(-3.330192473542,-20.80786132812,2.));
#1552 = CARTESIAN_POINT('',(-3.46923828125,-20.80786132812,2.));
#1553 = PCURVE('',#73,#1554);
#1554 = DEFINITIONAL_REPRESENTATION('',(#1555),#1568);
#1555 = B_SPLINE_CURVE_WITH_KNOTS('',6,(#1556,#1557,#1558,#1559,#1560,
    #1561,#1562,#1563,#1564,#1565,#1566,#1567),.UNSPECIFIED.,.F.,.F.,(7,
    5,7),(0.,0.129952580841,1.),.UNSPECIFIED.);
#1556 = CARTESIAN_POINT('',(-2.65380859375,-21.09350585937));
#1557 = CARTESIAN_POINT('',(-2.667197422044,-21.08077014465));
#1558 = CARTESIAN_POINT('',(-2.680857015727,-21.06836131977));
#1559 = CARTESIAN_POINT('',(-2.69478484692,-21.05628418196));
#1560 = CARTESIAN_POINT('',(-2.708977878207,-21.04454294811));
#1561 = CARTESIAN_POINT('',(-2.723432562643,-21.03314125478));
#1562 = CARTESIAN_POINT('',(-2.836645251548,-20.9480402394));
#1563 = CARTESIAN_POINT('',(-2.946739976009,-20.8893186482));
#1564 = CARTESIAN_POINT('',(-3.06704152407,-20.84700501984));
#1565 = CARTESIAN_POINT('',(-3.195538490786,-20.82034813343));
#1566 = CARTESIAN_POINT('',(-3.330192473542,-20.80786132812));
#1567 = CARTESIAN_POINT('',(-3.46923828125,-20.80786132812));
#1568 = ( GEOMETRIC_REPRESENTATION_CONTEXT(2) 
PARAMETRIC_REPRESENTATION_CONTEXT() REPRESENTATION_CONTEXT('2D SPACE',''
  ) );
#1569 = PCURVE('',#1570,#1577);
#1570 = SURFACE_OF_LINEAR_EXTRUSION('',#1571,#1575);
#1571 = B_SPLINE_CURVE_WITH_KNOTS('',2,(#1572,#1573,#1574),
  .UNSPECIFIED.,.F.,.F.,(3,3),(0.,1.),.PIECEWISE_BEZIER_KNOTS.);
#1572 = CARTESIAN_POINT('',(-3.46923828125,-20.80786132812,1.9));
#1573 = CARTESIAN_POINT('',(-2.9541015625,-20.80786132812,1.9));
#1574 = CARTESIAN_POINT('',(-2.65380859375,-21.09350585937,1.9));
#1575 = VECTOR('',#1576,1.);
#1576 = DIRECTION('',(-0.,-0.,-1.));
#1577 = DEFINITIONAL_REPRESENTATION('',(#1578),#1591);
#1578 = B_SPLINE_CURVE_WITH_KNOTS('',6,(#1579,#1580,#1581,#1582,#1583,
    #1584,#1585,#1586,#1587,#1588,#1589,#1590),.UNSPECIFIED.,.F.,.F.,(7,
    5,7),(0.,0.129952580841,1.),.UNSPECIFIED.);
#1579 = CARTESIAN_POINT('',(1.,-0.1));
#1580 = CARTESIAN_POINT('',(0.977707056629,-0.1));
#1581 = CARTESIAN_POINT('',(0.955389945374,-0.1));
#1582 = CARTESIAN_POINT('',(0.933054621988,-0.1));
#1583 = CARTESIAN_POINT('',(0.91070711312,-0.1));
#1584 = CARTESIAN_POINT('',(0.888353516312,-0.1));
#1585 = CARTESIAN_POINT('',(0.716340646945,-0.1));
#1586 = CARTESIAN_POINT('',(0.566612054775,-0.1));
#1587 = CARTESIAN_POINT('',(0.418954959551,-0.1));
#1588 = CARTESIAN_POINT('',(0.274773244996,-1.E-01));
#1589 = CARTESIAN_POINT('',(0.13496010151,-0.1));
#1590 = CARTESIAN_POINT('',(0.,-0.1));
#1591 = ( GEOMETRIC_REPRESENTATION_CONTEXT(2) 
PARAMETRIC_REPRESENTATION_CONTEXT() REPRESENTATION_CONTEXT('2D SPACE',''
  ) );
#1592 = ORIENTED_EDGE('',*,*,#1593,.F.);
#1593 = EDGE_CURVE('',#1594,#1537,#1596,.T.);
#1594 = VERTEX_POINT('',#1595);
#1595 = CARTESIAN_POINT('',(-2.353515625,-21.80151367187,2.));
#1596 = SURFACE_CURVE('',#1597,(#1608,#1622),.PCURVE_S1.);
#1597 = B_SPLINE_CURVE_WITH_KNOTS('',5,(#1598,#1599,#1600,#1601,#1602,
    #1603,#1604,#1605,#1606,#1607),.UNSPECIFIED.,.F.,.F.,(6,4,6),(0.,
    0.530672287261,1.),.UNSPECIFIED.);
#1598 = CARTESIAN_POINT('',(-2.353515625,-21.80151367187,2.));
#1599 = CARTESIAN_POINT('',(-2.353515625,-21.71414209183,2.));
#1600 = CARTESIAN_POINT('',(-2.361547159285,-21.62888563477,2.));
#1601 = CARTESIAN_POINT('',(-2.378176343709,-21.54640080962,2.));
#1602 = CARTESIAN_POINT('',(-2.403699528394,-21.4673319867,2.));
#1603 = CARTESIAN_POINT('',(-2.468086518911,-21.3257774004,2.));
#1604 = CARTESIAN_POINT('',(-2.505074891893,-21.26241403455,2.));
#1605 = CARTESIAN_POINT('',(-2.548670165748,-21.20249010413,2.));
#1606 = CARTESIAN_POINT('',(-2.598439508836,-21.14617401331,2.));
#1607 = CARTESIAN_POINT('',(-2.65380859375,-21.09350585937,2.));
#1608 = PCURVE('',#73,#1609);
#1609 = DEFINITIONAL_REPRESENTATION('',(#1610),#1621);
#1610 = B_SPLINE_CURVE_WITH_KNOTS('',5,(#1611,#1612,#1613,#1614,#1615,
    #1616,#1617,#1618,#1619,#1620),.UNSPECIFIED.,.F.,.F.,(6,4,6),(0.,
    0.530672287261,1.),.UNSPECIFIED.);
#1611 = CARTESIAN_POINT('',(-2.353515625,-21.80151367187));
#1612 = CARTESIAN_POINT('',(-2.353515625,-21.71414209183));
#1613 = CARTESIAN_POINT('',(-2.361547159285,-21.62888563477));
#1614 = CARTESIAN_POINT('',(-2.378176343709,-21.54640080962));
#1615 = CARTESIAN_POINT('',(-2.403699528394,-21.4673319867));
#1616 = CARTESIAN_POINT('',(-2.468086518911,-21.3257774004));
#1617 = CARTESIAN_POINT('',(-2.505074891893,-21.26241403455));
#1618 = CARTESIAN_POINT('',(-2.548670165748,-21.20249010413));
#1619 = CARTESIAN_POINT('',(-2.598439508836,-21.14617401331));
#1620 = CARTESIAN_POINT('',(-2.65380859375,-21.09350585937));
#1621 = ( GEOMETRIC_REPRESENTATION_CONTEXT(2) 
PARAMETRIC_REPRESENTATION_CONTEXT() REPRESENTATION_CONTEXT('2D SPACE',''
  ) );
#1622 = PCURVE('',#1623,#1630);
#1623 = SURFACE_OF_LINEAR_EXTRUSION('',#1624,#1628);
#1624 = B_SPLINE_CURVE_WITH_KNOTS('',2,(#1625,#1626,#1627),
  .UNSPECIFIED.,.F.,.F.,(3,3),(0.,1.),.PIECEWISE_BEZIER_KNOTS.);
#1625 = CARTESIAN_POINT('',(-2.65380859375,-21.09350585937,1.9));
#1626 = CARTESIAN_POINT('',(-2.353515625,-21.37915039062,1.9));
#1627 = CARTESIAN_POINT('',(-2.353515625,-21.80151367187,1.9));
#1628 = VECTOR('',#1629,1.);
#1629 = DIRECTION('',(-0.,-0.,-1.));
#1630 = DEFINITIONAL_REPRESENTATION('',(#1631),#1642);
#1631 = B_SPLINE_CURVE_WITH_KNOTS('',5,(#1632,#1633,#1634,#1635,#1636,
    #1637,#1638,#1639,#1640,#1641),.UNSPECIFIED.,.F.,.F.,(6,4,6),(0.,
    0.530672287261,1.),.UNSPECIFIED.);
#1632 = CARTESIAN_POINT('',(1.,-0.1));
#1633 = CARTESIAN_POINT('',(0.896568210446,-0.1));
#1634 = CARTESIAN_POINT('',(0.791311557583,-0.1));
#1635 = CARTESIAN_POINT('',(0.684702105557,-0.1));
#1636 = CARTESIAN_POINT('',(0.577342945005,-0.1));
#1637 = CARTESIAN_POINT('',(0.37506566846,-0.1));
#1638 = CARTESIAN_POINT('',(0.280119440572,-0.1));
#1639 = CARTESIAN_POINT('',(0.185683928865,-0.1));
#1640 = CARTESIAN_POINT('',(9.219177715685E-02,-0.1));
#1641 = CARTESIAN_POINT('',(0.,-0.1));
#1642 = ( GEOMETRIC_REPRESENTATION_CONTEXT(2) 
PARAMETRIC_REPRESENTATION_CONTEXT() REPRESENTATION_CONTEXT('2D SPACE',''
  ) );
#1643 = ORIENTED_EDGE('',*,*,#1644,.F.);
#1644 = EDGE_CURVE('',#1645,#1594,#1647,.T.);
#1645 = VERTEX_POINT('',#1646);
#1646 = CARTESIAN_POINT('',(-2.44140625,-22.22387695312,2.));
#1647 = SURFACE_CURVE('',#1648,(#1659,#1673),.PCURVE_S1.);
#1648 = B_SPLINE_CURVE_WITH_KNOTS('',5,(#1649,#1650,#1651,#1652,#1653,
    #1654,#1655,#1656,#1657,#1658),.UNSPECIFIED.,.F.,.F.,(6,4,6),(0.,
    0.798417946797,1.),.UNSPECIFIED.);
#1649 = CARTESIAN_POINT('',(-2.44140625,-22.22387695312,2.));
#1650 = CARTESIAN_POINT('',(-2.413506057092,-22.15800149764,2.));
#1651 = CARTESIAN_POINT('',(-2.391026794953,-22.09139441105,2.));
#1652 = CARTESIAN_POINT('',(-2.374095609935,-22.0241336785,2.));
#1653 = CARTESIAN_POINT('',(-2.362784705075,-21.95630677164,2.));
#1654 = CARTESIAN_POINT('',(-2.355667140853,-21.8707687618,2.));
#1655 = CARTESIAN_POINT('',(-2.354591125983,-21.85349594371,2.));
#1656 = CARTESIAN_POINT('',(-2.353873996963,-21.83619477971,2.));
#1657 = CARTESIAN_POINT('',(-2.353515625,-21.81886683028,2.));
#1658 = CARTESIAN_POINT('',(-2.353515625,-21.80151367187,2.));
#1659 = PCURVE('',#73,#1660);
#1660 = DEFINITIONAL_REPRESENTATION('',(#1661),#1672);
#1661 = B_SPLINE_CURVE_WITH_KNOTS('',5,(#1662,#1663,#1664,#1665,#1666,
    #1667,#1668,#1669,#1670,#1671),.UNSPECIFIED.,.F.,.F.,(6,4,6),(0.,
    0.798417946797,1.),.UNSPECIFIED.);
#1662 = CARTESIAN_POINT('',(-2.44140625,-22.22387695312));
#1663 = CARTESIAN_POINT('',(-2.413506057092,-22.15800149764));
#1664 = CARTESIAN_POINT('',(-2.391026794953,-22.09139441105));
#1665 = CARTESIAN_POINT('',(-2.374095609935,-22.0241336785));
#1666 = CARTESIAN_POINT('',(-2.362784705075,-21.95630677164));
#1667 = CARTESIAN_POINT('',(-2.355667140853,-21.8707687618));
#1668 = CARTESIAN_POINT('',(-2.354591125983,-21.85349594371));
#1669 = CARTESIAN_POINT('',(-2.353873996963,-21.83619477971));
#1670 = CARTESIAN_POINT('',(-2.353515625,-21.81886683028));
#1671 = CARTESIAN_POINT('',(-2.353515625,-21.80151367187));
#1672 = ( GEOMETRIC_REPRESENTATION_CONTEXT(2) 
PARAMETRIC_REPRESENTATION_CONTEXT() REPRESENTATION_CONTEXT('2D SPACE',''
  ) );
#1673 = PCURVE('',#1674,#1681);
#1674 = SURFACE_OF_LINEAR_EXTRUSION('',#1675,#1679);
#1675 = B_SPLINE_CURVE_WITH_KNOTS('',2,(#1676,#1677,#1678),
  .UNSPECIFIED.,.F.,.F.,(3,3),(0.,1.),.PIECEWISE_BEZIER_KNOTS.);
#1676 = CARTESIAN_POINT('',(-2.353515625,-21.80151367187,1.9));
#1677 = CARTESIAN_POINT('',(-2.353515625,-22.01635742187,1.9));
#1678 = CARTESIAN_POINT('',(-2.44140625,-22.22387695312,1.9));
#1679 = VECTOR('',#1680,1.);
#1680 = DIRECTION('',(-0.,-0.,-1.));
#1681 = DEFINITIONAL_REPRESENTATION('',(#1682),#1693);
#1682 = B_SPLINE_CURVE_WITH_KNOTS('',5,(#1683,#1684,#1685,#1686,#1687,
    #1688,#1689,#1690,#1691,#1692),.UNSPECIFIED.,.F.,.F.,(6,4,6),(0.,
    0.798417946797,1.),.UNSPECIFIED.);
#1683 = CARTESIAN_POINT('',(1.,-0.1));
#1684 = CARTESIAN_POINT('',(0.841278902569,-0.1));
#1685 = CARTESIAN_POINT('',(0.68190643203,-0.1));
#1686 = CARTESIAN_POINT('',(0.522088739779,-0.1));
#1687 = CARTESIAN_POINT('',(0.362043399247,-0.1));
#1688 = CARTESIAN_POINT('',(0.16159274569,-0.1));
#1689 = CARTESIAN_POINT('',(0.121185505561,-0.1));
#1690 = CARTESIAN_POINT('',(8.078189886533E-02,-0.1));
#1691 = CARTESIAN_POINT('',(4.038553229822E-02,-0.1));
#1692 = CARTESIAN_POINT('',(0.,-0.1));
#1693 = ( GEOMETRIC_REPRESENTATION_CONTEXT(2) 
PARAMETRIC_REPRESENTATION_CONTEXT() REPRESENTATION_CONTEXT('2D SPACE',''
  ) );
#1694 = ORIENTED_EDGE('',*,*,#1695,.F.);
#1695 = EDGE_CURVE('',#1696,#1645,#1698,.T.);
#1696 = VERTEX_POINT('',#1697);
#1697 = CARTESIAN_POINT('',(-2.733154296875,-22.66088867187,2.));
#1698 = SURFACE_CURVE('',#1699,(#1706,#1716),.PCURVE_S1.);
#1699 = B_SPLINE_CURVE_WITH_KNOTS('',5,(#1700,#1701,#1702,#1703,#1704,
    #1705),.UNSPECIFIED.,.F.,.F.,(6,6),(0.,1.),
  .PIECEWISE_BEZIER_KNOTS.);
#1700 = CARTESIAN_POINT('',(-2.733154296875,-22.66088867187,2.));
#1701 = CARTESIAN_POINT('',(-2.654526027488,-22.57237301532,2.));
#1702 = CARTESIAN_POINT('',(-2.585099440651,-22.48412016462,2.));
#1703 = CARTESIAN_POINT('',(-2.525818289785,-22.39638428771,2.));
#1704 = CARTESIAN_POINT('',(-2.477671420081,-22.30950304914,2.));
#1705 = CARTESIAN_POINT('',(-2.44140625,-22.22387695312,2.));
#1706 = PCURVE('',#73,#1707);
#1707 = DEFINITIONAL_REPRESENTATION('',(#1708),#1715);
#1708 = B_SPLINE_CURVE_WITH_KNOTS('',5,(#1709,#1710,#1711,#1712,#1713,
    #1714),.UNSPECIFIED.,.F.,.F.,(6,6),(0.,1.),
  .PIECEWISE_BEZIER_KNOTS.);
#1709 = CARTESIAN_POINT('',(-2.733154296875,-22.66088867187));
#1710 = CARTESIAN_POINT('',(-2.654526027488,-22.57237301532));
#1711 = CARTESIAN_POINT('',(-2.585099440651,-22.48412016462));
#1712 = CARTESIAN_POINT('',(-2.525818289785,-22.39638428771));
#1713 = CARTESIAN_POINT('',(-2.477671420081,-22.30950304914));
#1714 = CARTESIAN_POINT('',(-2.44140625,-22.22387695312));
#1715 = ( GEOMETRIC_REPRESENTATION_CONTEXT(2) 
PARAMETRIC_REPRESENTATION_CONTEXT() REPRESENTATION_CONTEXT('2D SPACE',''
  ) );
#1716 = PCURVE('',#1717,#1724);
#1717 = SURFACE_OF_LINEAR_EXTRUSION('',#1718,#1722);
#1718 = B_SPLINE_CURVE_WITH_KNOTS('',2,(#1719,#1720,#1721),
  .UNSPECIFIED.,.F.,.F.,(3,3),(0.,1.),.PIECEWISE_BEZIER_KNOTS.);
#1719 = CARTESIAN_POINT('',(-2.44140625,-22.22387695312,1.9));
#1720 = CARTESIAN_POINT('',(-2.529296875,-22.43139648437,1.9));
#1721 = CARTESIAN_POINT('',(-2.733154296875,-22.66088867187,1.9));
#1722 = VECTOR('',#1723,1.);
#1723 = DIRECTION('',(-0.,-0.,-1.));
#1724 = DEFINITIONAL_REPRESENTATION('',(#1725),#1732);
#1725 = B_SPLINE_CURVE_WITH_KNOTS('',5,(#1726,#1727,#1728,#1729,#1730,
    #1731),.UNSPECIFIED.,.F.,.F.,(6,6),(0.,1.),
  .PIECEWISE_BEZIER_KNOTS.);
#1726 = CARTESIAN_POINT('',(1.,-0.1));
#1727 = CARTESIAN_POINT('',(0.80714886742,-0.1));
#1728 = CARTESIAN_POINT('',(0.610418923519,-0.1));
#1729 = CARTESIAN_POINT('',(0.410007561375,-0.1));
#1730 = CARTESIAN_POINT('',(0.206308523127,-0.1));
#1731 = CARTESIAN_POINT('',(0.,-0.1));
#1732 = ( GEOMETRIC_REPRESENTATION_CONTEXT(2) 
PARAMETRIC_REPRESENTATION_CONTEXT() REPRESENTATION_CONTEXT('2D SPACE',''
  ) );
#1733 = ORIENTED_EDGE('',*,*,#1734,.F.);
#1734 = EDGE_CURVE('',#1735,#1696,#1737,.T.);
#1735 = VERTEX_POINT('',#1736);
#1736 = CARTESIAN_POINT('',(-3.41064453125,-23.29077148437,2.));
#1737 = SURFACE_CURVE('',#1738,(#1746,#1757),.PCURVE_S1.);
#1738 = B_SPLINE_CURVE_WITH_KNOTS('',6,(#1739,#1740,#1741,#1742,#1743,
    #1744,#1745),.UNSPECIFIED.,.F.,.F.,(7,7),(0.,1.),
  .PIECEWISE_BEZIER_KNOTS.);
#1739 = CARTESIAN_POINT('',(-3.41064453125,-23.29077148437,2.));
#1740 = CARTESIAN_POINT('',(-3.274886634499,-23.17600707681,2.));
#1741 = CARTESIAN_POINT('',(-3.145469656291,-23.0637852442,2.));
#1742 = CARTESIAN_POINT('',(-3.023389794784,-22.95440762282,2.));
#1743 = CARTESIAN_POINT('',(-2.911096201063,-22.84913831185,2.));
#1744 = CARTESIAN_POINT('',(-2.812491773989,-22.75020271796,2.));
#1745 = CARTESIAN_POINT('',(-2.733154296875,-22.66088867187,2.));
#1746 = PCURVE('',#73,#1747);
#1747 = DEFINITIONAL_REPRESENTATION('',(#1748),#1756);
#1748 = B_SPLINE_CURVE_WITH_KNOTS('',6,(#1749,#1750,#1751,#1752,#1753,
    #1754,#1755),.UNSPECIFIED.,.F.,.F.,(7,7),(0.,1.),
  .PIECEWISE_BEZIER_KNOTS.);
#1749 = CARTESIAN_POINT('',(-3.41064453125,-23.29077148437));
#1750 = CARTESIAN_POINT('',(-3.274886634499,-23.17600707681));
#1751 = CARTESIAN_POINT('',(-3.145469656291,-23.0637852442));
#1752 = CARTESIAN_POINT('',(-3.023389794784,-22.95440762282));
#1753 = CARTESIAN_POINT('',(-2.911096201063,-22.84913831185));
#1754 = CARTESIAN_POINT('',(-2.812491773989,-22.75020271796));
#1755 = CARTESIAN_POINT('',(-2.733154296875,-22.66088867187));
#1756 = ( GEOMETRIC_REPRESENTATION_CONTEXT(2) 
PARAMETRIC_REPRESENTATION_CONTEXT() REPRESENTATION_CONTEXT('2D SPACE',''
  ) );
#1757 = PCURVE('',#1758,#1765);
#1758 = SURFACE_OF_LINEAR_EXTRUSION('',#1759,#1763);
#1759 = B_SPLINE_CURVE_WITH_KNOTS('',2,(#1760,#1761,#1762),
  .UNSPECIFIED.,.F.,.F.,(3,3),(0.,1.),.PIECEWISE_BEZIER_KNOTS.);
#1760 = CARTESIAN_POINT('',(-2.733154296875,-22.66088867187,1.9));
#1761 = CARTESIAN_POINT('',(-2.93701171875,-22.89038085937,1.9));
#1762 = CARTESIAN_POINT('',(-3.41064453125,-23.29077148437,1.9));
#1763 = VECTOR('',#1764,1.);
#1764 = DIRECTION('',(-0.,-0.,-1.));
#1765 = DEFINITIONAL_REPRESENTATION('',(#1766),#1774);
#1766 = B_SPLINE_CURVE_WITH_KNOTS('',6,(#1767,#1768,#1769,#1770,#1771,
    #1772,#1773),.UNSPECIFIED.,.F.,.F.,(7,7),(0.,1.),
  .PIECEWISE_BEZIER_KNOTS.);
#1767 = CARTESIAN_POINT('',(1.,-0.1));
#1768 = CARTESIAN_POINT('',(0.856684447141,-0.1));
#1769 = CARTESIAN_POINT('',(0.706023249221,-0.1));
#1770 = CARTESIAN_POINT('',(0.546374982262,-0.1));
#1771 = CARTESIAN_POINT('',(0.376307686969,-1.E-01));
#1772 = CARTESIAN_POINT('',(0.19459060255,-0.1));
#1773 = CARTESIAN_POINT('',(0.,-0.1));
#1774 = ( GEOMETRIC_REPRESENTATION_CONTEXT(2) 
PARAMETRIC_REPRESENTATION_CONTEXT() REPRESENTATION_CONTEXT('2D SPACE',''
  ) );
#1775 = ORIENTED_EDGE('',*,*,#1776,.F.);
#1776 = EDGE_CURVE('',#1777,#1735,#1779,.T.);
#1777 = VERTEX_POINT('',#1778);
#1778 = CARTESIAN_POINT('',(-3.91845703125,-23.7412109375,2.));
#1779 = SURFACE_CURVE('',#1780,(#1789,#1801),.PCURVE_S1.);
#1780 = B_SPLINE_CURVE_WITH_KNOTS('',7,(#1781,#1782,#1783,#1784,#1785,
    #1786,#1787,#1788),.UNSPECIFIED.,.F.,.F.,(8,8),(0.,1.),
  .PIECEWISE_BEZIER_KNOTS.);
#1781 = CARTESIAN_POINT('',(-3.91845703125,-23.7412109375,2.));
#1782 = CARTESIAN_POINT('',(-3.881173393247,-23.70190101482,2.));
#1783 = CARTESIAN_POINT('',(-3.827306755605,-23.65057019657,2.));
#1784 = CARTESIAN_POINT('',(-3.759977129981,-23.58964766563,2.));
#1785 = CARTESIAN_POINT('',(-3.682547953766,-23.52166677327,2.));
#1786 = CARTESIAN_POINT('',(-3.597526584647,-23.44848939459,2.));
#1787 = CARTESIAN_POINT('',(-3.506640921617,-23.37136104665,2.));
#1788 = CARTESIAN_POINT('',(-3.41064453125,-23.29077148437,2.));
#1789 = PCURVE('',#73,#1790);
#1790 = DEFINITIONAL_REPRESENTATION('',(#1791),#1800);
#1791 = B_SPLINE_CURVE_WITH_KNOTS('',7,(#1792,#1793,#1794,#1795,#1796,
    #1797,#1798,#1799),.UNSPECIFIED.,.F.,.F.,(8,8),(0.,1.),
  .PIECEWISE_BEZIER_KNOTS.);
#1792 = CARTESIAN_POINT('',(-3.91845703125,-23.7412109375));
#1793 = CARTESIAN_POINT('',(-3.881173393247,-23.70190101482));
#1794 = CARTESIAN_POINT('',(-3.827306755605,-23.65057019657));
#1795 = CARTESIAN_POINT('',(-3.759977129981,-23.58964766563));
#1796 = CARTESIAN_POINT('',(-3.682547953766,-23.52166677327));
#1797 = CARTESIAN_POINT('',(-3.597526584647,-23.44848939459));
#1798 = CARTESIAN_POINT('',(-3.506640921617,-23.37136104665));
#1799 = CARTESIAN_POINT('',(-3.41064453125,-23.29077148437));
#1800 = ( GEOMETRIC_REPRESENTATION_CONTEXT(2) 
PARAMETRIC_REPRESENTATION_CONTEXT() REPRESENTATION_CONTEXT('2D SPACE',''
  ) );
#1801 = PCURVE('',#1802,#1809);
#1802 = SURFACE_OF_LINEAR_EXTRUSION('',#1803,#1807);
#1803 = B_SPLINE_CURVE_WITH_KNOTS('',2,(#1804,#1805,#1806),
  .UNSPECIFIED.,.F.,.F.,(3,3),(0.,1.),.PIECEWISE_BEZIER_KNOTS.);
#1804 = CARTESIAN_POINT('',(-3.41064453125,-23.29077148437,1.9));
#1805 = CARTESIAN_POINT('',(-3.80615234375,-23.62280273437,1.9));
#1806 = CARTESIAN_POINT('',(-3.91845703125,-23.7412109375,1.9));
#1807 = VECTOR('',#1808,1.);
#1808 = DIRECTION('',(-0.,-0.,-1.));
#1809 = DEFINITIONAL_REPRESENTATION('',(#1810),#1819);
#1810 = B_SPLINE_CURVE_WITH_KNOTS('',7,(#1811,#1812,#1813,#1814,#1815,
    #1816,#1817,#1818),.UNSPECIFIED.,.F.,.F.,(8,8),(0.,1.),
  .PIECEWISE_BEZIER_KNOTS.);
#1811 = CARTESIAN_POINT('',(1.,-0.1));
#1812 = CARTESIAN_POINT('',(0.834006759501,-0.1));
#1813 = CARTESIAN_POINT('',(0.675252333277,-0.1));
#1814 = CARTESIAN_POINT('',(0.524860395861,-1.E-01));
#1815 = CARTESIAN_POINT('',(0.382775682628,-0.1));
#1816 = CARTESIAN_POINT('',(0.248561182192,-1.E-01));
#1817 = CARTESIAN_POINT('',(0.121358399673,-0.1));
#1818 = CARTESIAN_POINT('',(0.,-0.1));
#1819 = ( GEOMETRIC_REPRESENTATION_CONTEXT(2) 
PARAMETRIC_REPRESENTATION_CONTEXT() REPRESENTATION_CONTEXT('2D SPACE',''
  ) );
#1820 = ORIENTED_EDGE('',*,*,#1821,.F.);
#1821 = EDGE_CURVE('',#874,#1777,#1822,.T.);
#1822 = SURFACE_CURVE('',#1823,(#1829,#1838),.PCURVE_S1.);
#1823 = B_SPLINE_CURVE_WITH_KNOTS('',4,(#1824,#1825,#1826,#1827,#1828),
  .UNSPECIFIED.,.F.,.F.,(5,5),(0.,1.),.PIECEWISE_BEZIER_KNOTS.);
#1824 = CARTESIAN_POINT('',(-4.10400390625,-23.97924804687,2.));
#1825 = CARTESIAN_POINT('',(-4.067164806136,-23.91907751668,2.));
#1826 = CARTESIAN_POINT('',(-4.023861608522,-23.85931594784,2.));
#1827 = CARTESIAN_POINT('',(-3.974228798105,-23.80001377864,2.));
#1828 = CARTESIAN_POINT('',(-3.91845703125,-23.7412109375,2.));
#1829 = PCURVE('',#73,#1830);
#1830 = DEFINITIONAL_REPRESENTATION('',(#1831),#1837);
#1831 = B_SPLINE_CURVE_WITH_KNOTS('',4,(#1832,#1833,#1834,#1835,#1836),
  .UNSPECIFIED.,.F.,.F.,(5,5),(0.,1.),.PIECEWISE_BEZIER_KNOTS.);
#1832 = CARTESIAN_POINT('',(-4.10400390625,-23.97924804687));
#1833 = CARTESIAN_POINT('',(-4.067164806136,-23.91907751668));
#1834 = CARTESIAN_POINT('',(-4.023861608522,-23.85931594784));
#1835 = CARTESIAN_POINT('',(-3.974228798105,-23.80001377864));
#1836 = CARTESIAN_POINT('',(-3.91845703125,-23.7412109375));
#1837 = ( GEOMETRIC_REPRESENTATION_CONTEXT(2) 
PARAMETRIC_REPRESENTATION_CONTEXT() REPRESENTATION_CONTEXT('2D SPACE',''
  ) );
#1838 = PCURVE('',#1839,#1846);
#1839 = SURFACE_OF_LINEAR_EXTRUSION('',#1840,#1844);
#1840 = B_SPLINE_CURVE_WITH_KNOTS('',2,(#1841,#1842,#1843),
  .UNSPECIFIED.,.F.,.F.,(3,3),(0.,1.),.PIECEWISE_BEZIER_KNOTS.);
#1841 = CARTESIAN_POINT('',(-3.91845703125,-23.7412109375,1.9));
#1842 = CARTESIAN_POINT('',(-4.03076171875,-23.85961914062,1.9));
#1843 = CARTESIAN_POINT('',(-4.10400390625,-23.97924804687,1.9));
#1844 = VECTOR('',#1845,1.);
#1845 = DIRECTION('',(-0.,-0.,-1.));
#1846 = DEFINITIONAL_REPRESENTATION('',(#1847),#1853);
#1847 = B_SPLINE_CURVE_WITH_KNOTS('',4,(#1848,#1849,#1850,#1851,#1852),
  .UNSPECIFIED.,.F.,.F.,(5,5),(0.,1.),.PIECEWISE_BEZIER_KNOTS.);
#1848 = CARTESIAN_POINT('',(1.,-0.1));
#1849 = CARTESIAN_POINT('',(0.748511743225,-0.1));
#1850 = CARTESIAN_POINT('',(0.497872248583,-0.1));
#1851 = CARTESIAN_POINT('',(0.248305605477,-0.1));
#1852 = CARTESIAN_POINT('',(0.,-0.1));
#1853 = ( GEOMETRIC_REPRESENTATION_CONTEXT(2) 
PARAMETRIC_REPRESENTATION_CONTEXT() REPRESENTATION_CONTEXT('2D SPACE',''
  ) );
#1854 = FACE_BOUND('',#1855,.T.);
#1855 = EDGE_LOOP('',(#1856,#1885,#1912,#1939,#1984,#2023,#2065,#2113,
    #2164,#2215,#2266,#2317,#2374,#2401,#2458,#2521,#2578,#2629,#2680,
    #2719,#2761,#2806));
#1856 = ORIENTED_EDGE('',*,*,#1857,.F.);
#1857 = EDGE_CURVE('',#1858,#1860,#1862,.T.);
#1858 = VERTEX_POINT('',#1859);
#1859 = CARTESIAN_POINT('',(0.43212890625,-23.97924804687,2.));
#1860 = VERTEX_POINT('',#1861);
#1861 = CARTESIAN_POINT('',(-1.3232421875,-23.97924804687,2.));
#1862 = SURFACE_CURVE('',#1863,(#1867,#1874),.PCURVE_S1.);
#1863 = LINE('',#1864,#1865);
#1864 = CARTESIAN_POINT('',(-0.66162109375,-23.97924804687,2.));
#1865 = VECTOR('',#1866,1.);
#1866 = DIRECTION('',(-1.,0.,0.));
#1867 = PCURVE('',#73,#1868);
#1868 = DEFINITIONAL_REPRESENTATION('',(#1869),#1873);
#1869 = LINE('',#1870,#1871);
#1870 = CARTESIAN_POINT('',(-0.66162109375,-23.97924804687));
#1871 = VECTOR('',#1872,1.);
#1872 = DIRECTION('',(-1.,0.));
#1873 = ( GEOMETRIC_REPRESENTATION_CONTEXT(2) 
PARAMETRIC_REPRESENTATION_CONTEXT() REPRESENTATION_CONTEXT('2D SPACE',''
  ) );
#1874 = PCURVE('',#1875,#1880);
#1875 = PLANE('',#1876);
#1876 = AXIS2_PLACEMENT_3D('',#1877,#1878,#1879);
#1877 = CARTESIAN_POINT('',(-1.3232421875,-23.97924804687,1.9));
#1878 = DIRECTION('',(0.,1.,0.));
#1879 = DIRECTION('',(1.,0.,0.));
#1880 = DEFINITIONAL_REPRESENTATION('',(#1881),#1884);
#1881 = B_SPLINE_CURVE_WITH_KNOTS('',1,(#1882,#1883),.UNSPECIFIED.,.F.,
  .F.,(2,2),(-1.09375,0.66162109375),.PIECEWISE_BEZIER_KNOTS.);
#1882 = CARTESIAN_POINT('',(1.75537109375,-0.1));
#1883 = CARTESIAN_POINT('',(0.,-0.1));
#1884 = ( GEOMETRIC_REPRESENTATION_CONTEXT(2) 
PARAMETRIC_REPRESENTATION_CONTEXT() REPRESENTATION_CONTEXT('2D SPACE',''
  ) );
#1885 = ORIENTED_EDGE('',*,*,#1886,.F.);
#1886 = EDGE_CURVE('',#1887,#1858,#1889,.T.);
#1887 = VERTEX_POINT('',#1888);
#1888 = CARTESIAN_POINT('',(0.43212890625,-24.40161132812,2.));
#1889 = SURFACE_CURVE('',#1890,(#1894,#1901),.PCURVE_S1.);
#1890 = LINE('',#1891,#1892);
#1891 = CARTESIAN_POINT('',(0.43212890625,-22.11462402343,2.));
#1892 = VECTOR('',#1893,1.);
#1893 = DIRECTION('',(0.,1.,0.));
#1894 = PCURVE('',#73,#1895);
#1895 = DEFINITIONAL_REPRESENTATION('',(#1896),#1900);
#1896 = LINE('',#1897,#1898);
#1897 = CARTESIAN_POINT('',(0.43212890625,-22.11462402343));
#1898 = VECTOR('',#1899,1.);
#1899 = DIRECTION('',(0.,1.));
#1900 = ( GEOMETRIC_REPRESENTATION_CONTEXT(2) 
PARAMETRIC_REPRESENTATION_CONTEXT() REPRESENTATION_CONTEXT('2D SPACE',''
  ) );
#1901 = PCURVE('',#1902,#1907);
#1902 = PLANE('',#1903);
#1903 = AXIS2_PLACEMENT_3D('',#1904,#1905,#1906);
#1904 = CARTESIAN_POINT('',(0.43212890625,-23.97924804687,1.9));
#1905 = DIRECTION('',(1.,0.,0.));
#1906 = DIRECTION('',(0.,-1.,0.));
#1907 = DEFINITIONAL_REPRESENTATION('',(#1908),#1911);
#1908 = B_SPLINE_CURVE_WITH_KNOTS('',1,(#1909,#1910),.UNSPECIFIED.,.F.,
  .F.,(2,2),(-2.286987304688,-1.864624023438),.PIECEWISE_BEZIER_KNOTS.);
#1909 = CARTESIAN_POINT('',(0.42236328125,-0.1));
#1910 = CARTESIAN_POINT('',(0.,-0.1));
#1911 = ( GEOMETRIC_REPRESENTATION_CONTEXT(2) 
PARAMETRIC_REPRESENTATION_CONTEXT() REPRESENTATION_CONTEXT('2D SPACE',''
  ) );
#1912 = ORIENTED_EDGE('',*,*,#1913,.F.);
#1913 = EDGE_CURVE('',#1914,#1887,#1916,.T.);
#1914 = VERTEX_POINT('',#1915);
#1915 = CARTESIAN_POINT('',(-1.93359375,-24.40161132812,2.));
#1916 = SURFACE_CURVE('',#1917,(#1921,#1928),.PCURVE_S1.);
#1917 = LINE('',#1918,#1919);
#1918 = CARTESIAN_POINT('',(0.216064453125,-24.40161132812,2.));
#1919 = VECTOR('',#1920,1.);
#1920 = DIRECTION('',(1.,0.,-0.));
#1921 = PCURVE('',#73,#1922);
#1922 = DEFINITIONAL_REPRESENTATION('',(#1923),#1927);
#1923 = LINE('',#1924,#1925);
#1924 = CARTESIAN_POINT('',(0.216064453125,-24.40161132812));
#1925 = VECTOR('',#1926,1.);
#1926 = DIRECTION('',(1.,0.));
#1927 = ( GEOMETRIC_REPRESENTATION_CONTEXT(2) 
PARAMETRIC_REPRESENTATION_CONTEXT() REPRESENTATION_CONTEXT('2D SPACE',''
  ) );
#1928 = PCURVE('',#1929,#1934);
#1929 = PLANE('',#1930);
#1930 = AXIS2_PLACEMENT_3D('',#1931,#1932,#1933);
#1931 = CARTESIAN_POINT('',(0.43212890625,-24.40161132812,1.9));
#1932 = DIRECTION('',(0.,-1.,0.));
#1933 = DIRECTION('',(-1.,0.,0.));
#1934 = DEFINITIONAL_REPRESENTATION('',(#1935),#1938);
#1935 = B_SPLINE_CURVE_WITH_KNOTS('',1,(#1936,#1937),.UNSPECIFIED.,.F.,
  .F.,(2,2),(-2.149658203125,0.216064453125),.PIECEWISE_BEZIER_KNOTS.);
#1936 = CARTESIAN_POINT('',(2.36572265625,-0.1));
#1937 = CARTESIAN_POINT('',(0.,-0.1));
#1938 = ( GEOMETRIC_REPRESENTATION_CONTEXT(2) 
PARAMETRIC_REPRESENTATION_CONTEXT() REPRESENTATION_CONTEXT('2D SPACE',''
  ) );
#1939 = ORIENTED_EDGE('',*,*,#1940,.F.);
#1940 = EDGE_CURVE('',#1941,#1914,#1943,.T.);
#1941 = VERTEX_POINT('',#1942);
#1942 = CARTESIAN_POINT('',(-1.88232421875,-24.09643554687,2.));
#1943 = SURFACE_CURVE('',#1944,(#1953,#1965),.PCURVE_S1.);
#1944 = B_SPLINE_CURVE_WITH_KNOTS('',4,(#1945,#1946,#1947,#1948,#1949,
    #1950,#1951,#1952),.UNSPECIFIED.,.F.,.F.,(5,3,5),(0.,0.423911080615,
    1.),.UNSPECIFIED.);
#1945 = CARTESIAN_POINT('',(-1.88232421875,-24.09643554687,2.));
#1946 = CARTESIAN_POINT('',(-1.894218478257,-24.12746404993,2.));
#1947 = CARTESIAN_POINT('',(-1.904297077887,-24.1588838556,2.));
#1948 = CARTESIAN_POINT('',(-1.912548080508,-24.19068334515,2.));
#1949 = CARTESIAN_POINT('',(-1.92769434534,-24.26656124607,2.));
#1950 = CARTESIAN_POINT('',(-1.933039604512,-24.31094966914,2.));
#1951 = CARTESIAN_POINT('',(-1.934997803013,-24.35597960521,2.));
#1952 = CARTESIAN_POINT('',(-1.93359375,-24.40161132812,2.));
#1953 = PCURVE('',#73,#1954);
#1954 = DEFINITIONAL_REPRESENTATION('',(#1955),#1964);
#1955 = B_SPLINE_CURVE_WITH_KNOTS('',4,(#1956,#1957,#1958,#1959,#1960,
    #1961,#1962,#1963),.UNSPECIFIED.,.F.,.F.,(5,3,5),(0.,0.423911080615,
    1.),.UNSPECIFIED.);
#1956 = CARTESIAN_POINT('',(-1.88232421875,-24.09643554687));
#1957 = CARTESIAN_POINT('',(-1.894218478257,-24.12746404993));
#1958 = CARTESIAN_POINT('',(-1.904297077887,-24.1588838556));
#1959 = CARTESIAN_POINT('',(-1.912548080508,-24.19068334515));
#1960 = CARTESIAN_POINT('',(-1.92769434534,-24.26656124607));
#1961 = CARTESIAN_POINT('',(-1.933039604512,-24.31094966914));
#1962 = CARTESIAN_POINT('',(-1.934997803013,-24.35597960521));
#1963 = CARTESIAN_POINT('',(-1.93359375,-24.40161132812));
#1964 = ( GEOMETRIC_REPRESENTATION_CONTEXT(2) 
PARAMETRIC_REPRESENTATION_CONTEXT() REPRESENTATION_CONTEXT('2D SPACE',''
  ) );
#1965 = PCURVE('',#1966,#1973);
#1966 = SURFACE_OF_LINEAR_EXTRUSION('',#1967,#1971);
#1967 = B_SPLINE_CURVE_WITH_KNOTS('',2,(#1968,#1969,#1970),
  .UNSPECIFIED.,.F.,.F.,(3,3),(0.,1.),.PIECEWISE_BEZIER_KNOTS.);
#1968 = CARTESIAN_POINT('',(-1.93359375,-24.40161132812,1.9));
#1969 = CARTESIAN_POINT('',(-1.9384765625,-24.24291992187,1.9));
#1970 = CARTESIAN_POINT('',(-1.88232421875,-24.09643554687,1.9));
#1971 = VECTOR('',#1972,1.);
#1972 = DIRECTION('',(-0.,-0.,-1.));
#1973 = DEFINITIONAL_REPRESENTATION('',(#1974),#1983);
#1974 = B_SPLINE_CURVE_WITH_KNOTS('',4,(#1975,#1976,#1977,#1978,#1979,
    #1980,#1981,#1982),.UNSPECIFIED.,.F.,.F.,(5,3,5),(0.,0.423911080615,
    1.),.UNSPECIFIED.);
#1975 = CARTESIAN_POINT('',(1.,-0.1));
#1976 = CARTESIAN_POINT('',(0.894089376214,-0.1));
#1977 = CARTESIAN_POINT('',(0.788089443674,-0.1));
#1978 = CARTESIAN_POINT('',(0.682044605809,-0.1));
#1979 = CARTESIAN_POINT('',(0.431886941482,-0.1));
#1980 = CARTESIAN_POINT('',(0.287774079864,-0.1));
#1981 = CARTESIAN_POINT('',(0.143775028501,-0.1));
#1982 = CARTESIAN_POINT('',(0.,-0.1));
#1983 = ( GEOMETRIC_REPRESENTATION_CONTEXT(2) 
PARAMETRIC_REPRESENTATION_CONTEXT() REPRESENTATION_CONTEXT('2D SPACE',''
  ) );
#1984 = ORIENTED_EDGE('',*,*,#1985,.F.);
#1985 = EDGE_CURVE('',#1986,#1941,#1988,.T.);
#1986 = VERTEX_POINT('',#1987);
#1987 = CARTESIAN_POINT('',(-1.593017578125,-23.62036132812,2.));
#1988 = SURFACE_CURVE('',#1989,(#1996,#2006),.PCURVE_S1.);
#1989 = B_SPLINE_CURVE_WITH_KNOTS('',5,(#1990,#1991,#1992,#1993,#1994,
    #1995),.UNSPECIFIED.,.F.,.F.,(6,6),(0.,1.),
  .PIECEWISE_BEZIER_KNOTS.);
#1990 = CARTESIAN_POINT('',(-1.593017578125,-23.62036132812,2.));
#1991 = CARTESIAN_POINT('',(-1.670736778123,-23.71190787045,2.));
#1992 = CARTESIAN_POINT('',(-1.739195039175,-23.80544713673,2.));
#1993 = CARTESIAN_POINT('',(-1.797670992771,-23.90085744733,2.));
#1994 = CARTESIAN_POINT('',(-1.845516123482,-23.99794902169,2.));
#1995 = CARTESIAN_POINT('',(-1.88232421875,-24.09643554687,2.));
#1996 = PCURVE('',#73,#1997);
#1997 = DEFINITIONAL_REPRESENTATION('',(#1998),#2005);
#1998 = B_SPLINE_CURVE_WITH_KNOTS('',5,(#1999,#2000,#2001,#2002,#2003,
    #2004),.UNSPECIFIED.,.F.,.F.,(6,6),(0.,1.),
  .PIECEWISE_BEZIER_KNOTS.);
#1999 = CARTESIAN_POINT('',(-1.593017578125,-23.62036132812));
#2000 = CARTESIAN_POINT('',(-1.670736778123,-23.71190787045));
#2001 = CARTESIAN_POINT('',(-1.739195039175,-23.80544713673));
#2002 = CARTESIAN_POINT('',(-1.797670992771,-23.90085744733));
#2003 = CARTESIAN_POINT('',(-1.845516123482,-23.99794902169));
#2004 = CARTESIAN_POINT('',(-1.88232421875,-24.09643554687));
#2005 = ( GEOMETRIC_REPRESENTATION_CONTEXT(2) 
PARAMETRIC_REPRESENTATION_CONTEXT() REPRESENTATION_CONTEXT('2D SPACE',''
  ) );
#2006 = PCURVE('',#2007,#2014);
#2007 = SURFACE_OF_LINEAR_EXTRUSION('',#2008,#2012);
#2008 = B_SPLINE_CURVE_WITH_KNOTS('',2,(#2009,#2010,#2011),
  .UNSPECIFIED.,.F.,.F.,(3,3),(0.,1.),.PIECEWISE_BEZIER_KNOTS.);
#2009 = CARTESIAN_POINT('',(-1.88232421875,-24.09643554687,1.9));
#2010 = CARTESIAN_POINT('',(-1.7919921875,-23.85473632812,1.9));
#2011 = CARTESIAN_POINT('',(-1.593017578125,-23.62036132812,1.9));
#2012 = VECTOR('',#2013,1.);
#2013 = DIRECTION('',(-0.,-0.,-1.));
#2014 = DEFINITIONAL_REPRESENTATION('',(#2015),#2022);
#2015 = B_SPLINE_CURVE_WITH_KNOTS('',5,(#2016,#2017,#2018,#2019,#2020,
    #2021),.UNSPECIFIED.,.F.,.F.,(6,6),(0.,1.),
  .PIECEWISE_BEZIER_KNOTS.);
#2016 = CARTESIAN_POINT('',(1.,-0.1));
#2017 = CARTESIAN_POINT('',(0.804700709697,-0.1));
#2018 = CARTESIAN_POINT('',(0.606640217553,-0.1));
#2019 = CARTESIAN_POINT('',(0.406162185316,-0.1));
#2020 = CARTESIAN_POINT('',(0.203737781377,-0.1));
#2021 = CARTESIAN_POINT('',(0.,-0.1));
#2022 = ( GEOMETRIC_REPRESENTATION_CONTEXT(2) 
PARAMETRIC_REPRESENTATION_CONTEXT() REPRESENTATION_CONTEXT('2D SPACE',''
  ) );
#2023 = ORIENTED_EDGE('',*,*,#2024,.F.);
#2024 = EDGE_CURVE('',#2025,#1986,#2027,.T.);
#2025 = VERTEX_POINT('',#2026);
#2026 = CARTESIAN_POINT('',(-1.01806640625,-23.07836914062,2.));
#2027 = SURFACE_CURVE('',#2028,(#2036,#2047),.PCURVE_S1.);
#2028 = B_SPLINE_CURVE_WITH_KNOTS('',6,(#2029,#2030,#2031,#2032,#2033,
    #2034,#2035),.UNSPECIFIED.,.F.,.F.,(7,7),(0.,1.),
  .PIECEWISE_BEZIER_KNOTS.);
#2029 = CARTESIAN_POINT('',(-1.01806640625,-23.07836914062,2.));
#2030 = CARTESIAN_POINT('',(-1.132920838876,-23.17234094913,2.));
#2031 = CARTESIAN_POINT('',(-1.241696540046,-23.26534689985,2.));
#2032 = CARTESIAN_POINT('',(-1.343492330075,-23.35715183503,2.));
#2033 = CARTESIAN_POINT('',(-1.4370609433,-23.4473410972,2.));
#2034 = CARTESIAN_POINT('',(-1.520823736997,-23.53532318397,2.));
#2035 = CARTESIAN_POINT('',(-1.593017578125,-23.62036132812,2.));
#2036 = PCURVE('',#73,#2037);
#2037 = DEFINITIONAL_REPRESENTATION('',(#2038),#2046);
#2038 = B_SPLINE_CURVE_WITH_KNOTS('',6,(#2039,#2040,#2041,#2042,#2043,
    #2044,#2045),.UNSPECIFIED.,.F.,.F.,(7,7),(0.,1.),
  .PIECEWISE_BEZIER_KNOTS.);
#2039 = CARTESIAN_POINT('',(-1.01806640625,-23.07836914062));
#2040 = CARTESIAN_POINT('',(-1.132920838876,-23.17234094913));
#2041 = CARTESIAN_POINT('',(-1.241696540046,-23.26534689985));
#2042 = CARTESIAN_POINT('',(-1.343492330075,-23.35715183503));
#2043 = CARTESIAN_POINT('',(-1.4370609433,-23.4473410972));
#2044 = CARTESIAN_POINT('',(-1.520823736997,-23.53532318397));
#2045 = CARTESIAN_POINT('',(-1.593017578125,-23.62036132812));
#2046 = ( GEOMETRIC_REPRESENTATION_CONTEXT(2) 
PARAMETRIC_REPRESENTATION_CONTEXT() REPRESENTATION_CONTEXT('2D SPACE',''
  ) );
#2047 = PCURVE('',#2048,#2055);
#2048 = SURFACE_OF_LINEAR_EXTRUSION('',#2049,#2053);
#2049 = B_SPLINE_CURVE_WITH_KNOTS('',2,(#2050,#2051,#2052),
  .UNSPECIFIED.,.F.,.F.,(3,3),(0.,1.),.PIECEWISE_BEZIER_KNOTS.);
#2050 = CARTESIAN_POINT('',(-1.593017578125,-23.62036132812,1.9));
#2051 = CARTESIAN_POINT('',(-1.39404296875,-23.38598632812,1.9));
#2052 = CARTESIAN_POINT('',(-1.01806640625,-23.07836914062,1.9));
#2053 = VECTOR('',#2054,1.);
#2054 = DIRECTION('',(-0.,-0.,-1.));
#2055 = DEFINITIONAL_REPRESENTATION('',(#2056),#2064);
#2056 = B_SPLINE_CURVE_WITH_KNOTS('',6,(#2057,#2058,#2059,#2060,#2061,
    #2062,#2063),.UNSPECIFIED.,.F.,.F.,(7,7),(0.,1.),
  .PIECEWISE_BEZIER_KNOTS.);
#2057 = CARTESIAN_POINT('',(1.,-0.1));
#2058 = CARTESIAN_POINT('',(0.847258520768,-0.1));
#2059 = CARTESIAN_POINT('',(0.689421433656,-0.1));
#2060 = CARTESIAN_POINT('',(0.526035754006,-0.1));
#2061 = CARTESIAN_POINT('',(0.356767845911,-1.E-01));
#2062 = CARTESIAN_POINT('',(0.181414707522,-0.1));
#2063 = CARTESIAN_POINT('',(0.,-0.1));
#2064 = ( GEOMETRIC_REPRESENTATION_CONTEXT(2) 
PARAMETRIC_REPRESENTATION_CONTEXT() REPRESENTATION_CONTEXT('2D SPACE',''
  ) );
#2065 = ORIENTED_EDGE('',*,*,#2066,.F.);
#2066 = EDGE_CURVE('',#2067,#2025,#2069,.T.);
#2067 = VERTEX_POINT('',#2068);
#2068 = CARTESIAN_POINT('',(-0.2294921875,-22.3203125,2.));
#2069 = SURFACE_CURVE('',#2070,(#2080,#2093),.PCURVE_S1.);
#2070 = B_SPLINE_CURVE_WITH_KNOTS('',8,(#2071,#2072,#2073,#2074,#2075,
    #2076,#2077,#2078,#2079),.UNSPECIFIED.,.F.,.F.,(9,9),(0.,1.),
  .PIECEWISE_BEZIER_KNOTS.);
#2071 = CARTESIAN_POINT('',(-0.2294921875,-22.3203125,2.));
#2072 = CARTESIAN_POINT('',(-0.292446671404,-22.40612545722,2.));
#2073 = CARTESIAN_POINT('',(-0.371561013865,-22.49690451378,2.));
#2074 = CARTESIAN_POINT('',(-0.462618277123,-22.59089804628,2.));
#2075 = CARTESIAN_POINT('',(-0.562647730089,-22.68685299929,2.));
#2076 = CARTESIAN_POINT('',(-0.669384757806,-22.7838890308,2.));
#2077 = CARTESIAN_POINT('',(-0.781332235354,-22.88151605943,2.));
#2078 = CARTESIAN_POINT('',(-0.897628302986,-22.97959981744,2.));
#2079 = CARTESIAN_POINT('',(-1.01806640625,-23.07836914062,2.));
#2080 = PCURVE('',#73,#2081);
#2081 = DEFINITIONAL_REPRESENTATION('',(#2082),#2092);
#2082 = B_SPLINE_CURVE_WITH_KNOTS('',8,(#2083,#2084,#2085,#2086,#2087,
    #2088,#2089,#2090,#2091),.UNSPECIFIED.,.F.,.F.,(9,9),(0.,1.),
  .PIECEWISE_BEZIER_KNOTS.);
#2083 = CARTESIAN_POINT('',(-0.2294921875,-22.3203125));
#2084 = CARTESIAN_POINT('',(-0.292446671404,-22.40612545722));
#2085 = CARTESIAN_POINT('',(-0.371561013865,-22.49690451378));
#2086 = CARTESIAN_POINT('',(-0.462618277123,-22.59089804628));
#2087 = CARTESIAN_POINT('',(-0.562647730089,-22.68685299929));
#2088 = CARTESIAN_POINT('',(-0.669384757806,-22.7838890308));
#2089 = CARTESIAN_POINT('',(-0.781332235354,-22.88151605943));
#2090 = CARTESIAN_POINT('',(-0.897628302986,-22.97959981744));
#2091 = CARTESIAN_POINT('',(-1.01806640625,-23.07836914062));
#2092 = ( GEOMETRIC_REPRESENTATION_CONTEXT(2) 
PARAMETRIC_REPRESENTATION_CONTEXT() REPRESENTATION_CONTEXT('2D SPACE',''
  ) );
#2093 = PCURVE('',#2094,#2101);
#2094 = SURFACE_OF_LINEAR_EXTRUSION('',#2095,#2099);
#2095 = B_SPLINE_CURVE_WITH_KNOTS('',2,(#2096,#2097,#2098),
  .UNSPECIFIED.,.F.,.F.,(3,3),(0.,1.),.PIECEWISE_BEZIER_KNOTS.);
#2096 = CARTESIAN_POINT('',(-1.01806640625,-23.07836914062,1.9));
#2097 = CARTESIAN_POINT('',(-0.4345703125,-22.59985351562,1.9));
#2098 = CARTESIAN_POINT('',(-0.2294921875,-22.3203125,1.9));
#2099 = VECTOR('',#2100,1.);
#2100 = DIRECTION('',(-0.,-0.,-1.));
#2101 = DEFINITIONAL_REPRESENTATION('',(#2102),#2112);
#2102 = B_SPLINE_CURVE_WITH_KNOTS('',8,(#2103,#2104,#2105,#2106,#2107,
    #2108,#2109,#2110,#2111),.UNSPECIFIED.,.F.,.F.,(9,9),(0.,1.),
  .PIECEWISE_BEZIER_KNOTS.);
#2103 = CARTESIAN_POINT('',(1.,-0.1));
#2104 = CARTESIAN_POINT('',(0.846510972576,-0.1));
#2105 = CARTESIAN_POINT('',(0.703303426977,-0.1));
#2106 = CARTESIAN_POINT('',(0.569021382911,-0.1));
#2107 = CARTESIAN_POINT('',(0.442765140848,-1.E-01));
#2108 = CARTESIAN_POINT('',(0.323630828371,-0.1));
#2109 = CARTESIAN_POINT('',(0.210753273969,-1.E-01));
#2110 = CARTESIAN_POINT('',(0.10320386422,-0.1));
#2111 = CARTESIAN_POINT('',(0.,-0.1));
#2112 = ( GEOMETRIC_REPRESENTATION_CONTEXT(2) 
PARAMETRIC_REPRESENTATION_CONTEXT() REPRESENTATION_CONTEXT('2D SPACE',''
  ) );
#2113 = ORIENTED_EDGE('',*,*,#2114,.F.);
#2114 = EDGE_CURVE('',#2115,#2067,#2117,.T.);
#2115 = VERTEX_POINT('',#2116);
#2116 = CARTESIAN_POINT('',(-2.44140625E-02,-21.79174804687,2.));
#2117 = SURFACE_CURVE('',#2118,(#2129,#2143),.PCURVE_S1.);
#2118 = B_SPLINE_CURVE_WITH_KNOTS('',5,(#2119,#2120,#2121,#2122,#2123,
    #2124,#2125,#2126,#2127,#2128),.UNSPECIFIED.,.F.,.F.,(6,4,6),(0.,
    0.441469199033,1.),.UNSPECIFIED.);
#2119 = CARTESIAN_POINT('',(-2.44140625E-02,-21.79174804687,2.));
#2120 = CARTESIAN_POINT('',(-2.44140625E-02,-21.83722686156,2.));
#2121 = CARTESIAN_POINT('',(-2.86890814778E-02,-21.88321643921,2.));
#2122 = CARTESIAN_POINT('',(-3.719191740383E-02,-21.92959941957,2.));
#2123 = CARTESIAN_POINT('',(-4.97928592437E-02,-21.97626269492,2.));
#2124 = CARTESIAN_POINT('',(-8.721219572851E-02,-22.08235707894,2.));
#2125 = CARTESIAN_POINT('',(-0.11438518834,-22.1418949677,2.));
#2126 = CARTESIAN_POINT('',(-0.147468780929,-22.20150358158,2.));
#2127 = CARTESIAN_POINT('',(-0.185991304181,-22.26101665309,2.));
#2128 = CARTESIAN_POINT('',(-0.2294921875,-22.3203125,2.));
#2129 = PCURVE('',#73,#2130);
#2130 = DEFINITIONAL_REPRESENTATION('',(#2131),#2142);
#2131 = B_SPLINE_CURVE_WITH_KNOTS('',5,(#2132,#2133,#2134,#2135,#2136,
    #2137,#2138,#2139,#2140,#2141),.UNSPECIFIED.,.F.,.F.,(6,4,6),(0.,
    0.441469199033,1.),.UNSPECIFIED.);
#2132 = CARTESIAN_POINT('',(-2.44140625E-02,-21.79174804687));
#2133 = CARTESIAN_POINT('',(-2.44140625E-02,-21.83722686156));
#2134 = CARTESIAN_POINT('',(-2.86890814778E-02,-21.88321643921));
#2135 = CARTESIAN_POINT('',(-3.719191740383E-02,-21.92959941957));
#2136 = CARTESIAN_POINT('',(-4.97928592437E-02,-21.97626269492));
#2137 = CARTESIAN_POINT('',(-8.721219572851E-02,-22.08235707894));
#2138 = CARTESIAN_POINT('',(-0.11438518834,-22.1418949677));
#2139 = CARTESIAN_POINT('',(-0.147468780929,-22.20150358158));
#2140 = CARTESIAN_POINT('',(-0.185991304181,-22.26101665309));
#2141 = CARTESIAN_POINT('',(-0.2294921875,-22.3203125));
#2142 = ( GEOMETRIC_REPRESENTATION_CONTEXT(2) 
PARAMETRIC_REPRESENTATION_CONTEXT() REPRESENTATION_CONTEXT('2D SPACE',''
  ) );
#2143 = PCURVE('',#2144,#2151);
#2144 = SURFACE_OF_LINEAR_EXTRUSION('',#2145,#2149);
#2145 = B_SPLINE_CURVE_WITH_KNOTS('',2,(#2146,#2147,#2148),
  .UNSPECIFIED.,.F.,.F.,(3,3),(0.,1.),.PIECEWISE_BEZIER_KNOTS.);
#2146 = CARTESIAN_POINT('',(-0.2294921875,-22.3203125,1.9));
#2147 = CARTESIAN_POINT('',(-2.44140625E-02,-22.04077148437,1.9));
#2148 = CARTESIAN_POINT('',(-2.44140625E-02,-21.79174804687,1.9));
#2149 = VECTOR('',#2150,1.);
#2150 = DIRECTION('',(-0.,-0.,-1.));
#2151 = DEFINITIONAL_REPRESENTATION('',(#2152),#2163);
#2152 = B_SPLINE_CURVE_WITH_KNOTS('',5,(#2153,#2154,#2155,#2156,#2157,
    #2158,#2159,#2160,#2161,#2162),.UNSPECIFIED.,.F.,.F.,(6,4,6),(0.,
    0.441469199033,1.),.UNSPECIFIED.);
#2153 = CARTESIAN_POINT('',(1.,-0.1));
#2154 = CARTESIAN_POINT('',(0.908685674041,-0.1));
#2155 = CARTESIAN_POINT('',(0.817623132751,-0.1));
#2156 = CARTESIAN_POINT('',(0.727033913834,-0.1));
#2157 = CARTESIAN_POINT('',(0.637106363961,-0.1));
#2158 = CARTESIAN_POINT('',(0.435265863748,-0.1));
#2159 = CARTESIAN_POINT('',(0.323842037081,-0.1));
#2160 = CARTESIAN_POINT('',(0.214042211072,-0.1));
#2161 = CARTESIAN_POINT('',(0.106059296473,-0.1));
#2162 = CARTESIAN_POINT('',(0.,-0.1));
#2163 = ( GEOMETRIC_REPRESENTATION_CONTEXT(2) 
PARAMETRIC_REPRESENTATION_CONTEXT() REPRESENTATION_CONTEXT('2D SPACE',''
  ) );
#2164 = ORIENTED_EDGE('',*,*,#2165,.F.);
#2165 = EDGE_CURVE('',#2166,#2115,#2168,.T.);
#2166 = VERTEX_POINT('',#2167);
#2167 = CARTESIAN_POINT('',(-0.211181640625,-21.35107421875,2.));
#2168 = SURFACE_CURVE('',#2169,(#2180,#2194),.PCURVE_S1.);
#2169 = B_SPLINE_CURVE_WITH_KNOTS('',5,(#2170,#2171,#2172,#2173,#2174,
    #2175,#2176,#2177,#2178,#2179),.UNSPECIFIED.,.F.,.F.,(6,4,6),(0.,
    0.485846062669,1.),.UNSPECIFIED.);
#2170 = CARTESIAN_POINT('',(-0.211181640625,-21.35107421875,2.));
#2171 = CARTESIAN_POINT('',(-0.175251556392,-21.38559528007,2.));
#2172 = CARTESIAN_POINT('',(-0.1433648449,-21.42227402637,2.));
#2173 = CARTESIAN_POINT('',(-0.115738040804,-21.46108866316,2.));
#2174 = CARTESIAN_POINT('',(-9.25182454401E-02,-21.5019744123,2.));
#2175 = CARTESIAN_POINT('',(-5.390326569378E-02,-21.59014336773,2.));
#2176 = CARTESIAN_POINT('',(-3.904118156953E-02,-21.63766423758,2.));
#2177 = CARTESIAN_POINT('',(-2.92346186221E-02,-21.68723117473,2.));
#2178 = CARTESIAN_POINT('',(-2.44140625E-02,-21.73866177485,2.));
#2179 = CARTESIAN_POINT('',(-2.44140625E-02,-21.79174804687,2.));
#2180 = PCURVE('',#73,#2181);
#2181 = DEFINITIONAL_REPRESENTATION('',(#2182),#2193);
#2182 = B_SPLINE_CURVE_WITH_KNOTS('',5,(#2183,#2184,#2185,#2186,#2187,
    #2188,#2189,#2190,#2191,#2192),.UNSPECIFIED.,.F.,.F.,(6,4,6),(0.,
    0.485846062669,1.),.UNSPECIFIED.);
#2183 = CARTESIAN_POINT('',(-0.211181640625,-21.35107421875));
#2184 = CARTESIAN_POINT('',(-0.175251556392,-21.38559528007));
#2185 = CARTESIAN_POINT('',(-0.1433648449,-21.42227402637));
#2186 = CARTESIAN_POINT('',(-0.115738040804,-21.46108866316));
#2187 = CARTESIAN_POINT('',(-9.25182454401E-02,-21.5019744123));
#2188 = CARTESIAN_POINT('',(-5.390326569378E-02,-21.59014336773));
#2189 = CARTESIAN_POINT('',(-3.904118156953E-02,-21.63766423758));
#2190 = CARTESIAN_POINT('',(-2.92346186221E-02,-21.68723117473));
#2191 = CARTESIAN_POINT('',(-2.44140625E-02,-21.73866177485));
#2192 = CARTESIAN_POINT('',(-2.44140625E-02,-21.79174804687));
#2193 = ( GEOMETRIC_REPRESENTATION_CONTEXT(2) 
PARAMETRIC_REPRESENTATION_CONTEXT() REPRESENTATION_CONTEXT('2D SPACE',''
  ) );
#2194 = PCURVE('',#2195,#2202);
#2195 = SURFACE_OF_LINEAR_EXTRUSION('',#2196,#2200);
#2196 = B_SPLINE_CURVE_WITH_KNOTS('',2,(#2197,#2198,#2199),
  .UNSPECIFIED.,.F.,.F.,(3,3),(0.,1.),.PIECEWISE_BEZIER_KNOTS.);
#2197 = CARTESIAN_POINT('',(-2.44140625E-02,-21.79174804687,1.9));
#2198 = CARTESIAN_POINT('',(-2.44140625E-02,-21.53051757812,1.9));
#2199 = CARTESIAN_POINT('',(-0.211181640625,-21.35107421875,1.9));
#2200 = VECTOR('',#2201,1.);
#2201 = DIRECTION('',(-0.,-0.,-1.));
#2202 = DEFINITIONAL_REPRESENTATION('',(#2203),#2214);
#2203 = B_SPLINE_CURVE_WITH_KNOTS('',5,(#2204,#2205,#2206,#2207,#2208,
    #2209,#2210,#2211,#2212,#2213),.UNSPECIFIED.,.F.,.F.,(6,4,6),(0.,
    0.485846062669,1.),.UNSPECIFIED.);
#2204 = CARTESIAN_POINT('',(1.,-0.1));
#2205 = CARTESIAN_POINT('',(0.903810702602,-0.1));
#2206 = CARTESIAN_POINT('',(0.806880569519,-0.1));
#2207 = CARTESIAN_POINT('',(0.709432807625,-0.1));
#2208 = CARTESIAN_POINT('',(0.611714698663,-0.1));
#2209 = CARTESIAN_POINT('',(0.410591943595,-0.1));
#2210 = CARTESIAN_POINT('',(0.307179231014,-0.1));
#2211 = CARTESIAN_POINT('',(0.204087668508,-0.1));
#2212 = CARTESIAN_POINT('',(0.10160811692,-0.1));
#2213 = CARTESIAN_POINT('',(0.,-0.1));
#2214 = ( GEOMETRIC_REPRESENTATION_CONTEXT(2) 
PARAMETRIC_REPRESENTATION_CONTEXT() REPRESENTATION_CONTEXT('2D SPACE',''
  ) );
#2215 = ORIENTED_EDGE('',*,*,#2216,.F.);
#2216 = EDGE_CURVE('',#2217,#2166,#2219,.T.);
#2217 = VERTEX_POINT('',#2218);
#2218 = CARTESIAN_POINT('',(-0.6982421875,-21.17163085937,2.));
#2219 = SURFACE_CURVE('',#2220,(#2231,#2245),.PCURVE_S1.);
#2220 = B_SPLINE_CURVE_WITH_KNOTS('',5,(#2221,#2222,#2223,#2224,#2225,
    #2226,#2227,#2228,#2229,#2230),.UNSPECIFIED.,.F.,.F.,(6,4,6),(0.,
    0.758199815233,1.),.UNSPECIFIED.);
#2221 = CARTESIAN_POINT('',(-0.6982421875,-21.17163085937,2.));
#2222 = CARTESIAN_POINT('',(-0.60976853487,-21.17163085937,2.));
#2223 = CARTESIAN_POINT('',(-0.525799816354,-21.18136622508,2.));
#2224 = CARTESIAN_POINT('',(-0.447216706497,-21.20156389587,2.));
#2225 = CARTESIAN_POINT('',(-0.374811712701,-21.23261328272,2.));
#2226 = CARTESIAN_POINT('',(-0.28812131134,-21.28744832179,2.));
#2227 = CARTESIAN_POINT('',(-0.267837299859,-21.30177888313,2.));
#2228 = CARTESIAN_POINT('',(-0.248246110504,-21.31717123813,2.));
#2229 = CARTESIAN_POINT('',(-0.229358647473,-21.3336100357,2.));
#2230 = CARTESIAN_POINT('',(-0.211181640625,-21.35107421875,2.));
#2231 = PCURVE('',#73,#2232);
#2232 = DEFINITIONAL_REPRESENTATION('',(#2233),#2244);
#2233 = B_SPLINE_CURVE_WITH_KNOTS('',5,(#2234,#2235,#2236,#2237,#2238,
    #2239,#2240,#2241,#2242,#2243),.UNSPECIFIED.,.F.,.F.,(6,4,6),(0.,
    0.758199815233,1.),.UNSPECIFIED.);
#2234 = CARTESIAN_POINT('',(-0.6982421875,-21.17163085937));
#2235 = CARTESIAN_POINT('',(-0.60976853487,-21.17163085937));
#2236 = CARTESIAN_POINT('',(-0.525799816354,-21.18136622508));
#2237 = CARTESIAN_POINT('',(-0.447216706497,-21.20156389587));
#2238 = CARTESIAN_POINT('',(-0.374811712701,-21.23261328272));
#2239 = CARTESIAN_POINT('',(-0.28812131134,-21.28744832179));
#2240 = CARTESIAN_POINT('',(-0.267837299859,-21.30177888313));
#2241 = CARTESIAN_POINT('',(-0.248246110504,-21.31717123813));
#2242 = CARTESIAN_POINT('',(-0.229358647473,-21.3336100357));
#2243 = CARTESIAN_POINT('',(-0.211181640625,-21.35107421875));
#2244 = ( GEOMETRIC_REPRESENTATION_CONTEXT(2) 
PARAMETRIC_REPRESENTATION_CONTEXT() REPRESENTATION_CONTEXT('2D SPACE',''
  ) );
#2245 = PCURVE('',#2246,#2253);
#2246 = SURFACE_OF_LINEAR_EXTRUSION('',#2247,#2251);
#2247 = B_SPLINE_CURVE_WITH_KNOTS('',2,(#2248,#2249,#2250),
  .UNSPECIFIED.,.F.,.F.,(3,3),(0.,1.),.PIECEWISE_BEZIER_KNOTS.);
#2248 = CARTESIAN_POINT('',(-0.211181640625,-21.35107421875,1.9));
#2249 = CARTESIAN_POINT('',(-0.39794921875,-21.17163085937,1.9));
#2250 = CARTESIAN_POINT('',(-0.6982421875,-21.17163085937,1.9));
#2251 = VECTOR('',#2252,1.);
#2252 = DIRECTION('',(-0.,-0.,-1.));
#2253 = DEFINITIONAL_REPRESENTATION('',(#2254),#2265);
#2254 = B_SPLINE_CURVE_WITH_KNOTS('',5,(#2255,#2256,#2257,#2258,#2259,
    #2260,#2261,#2262,#2263,#2264),.UNSPECIFIED.,.F.,.F.,(6,4,6),(0.,
    0.758199815233,1.),.UNSPECIFIED.);
#2255 = CARTESIAN_POINT('',(1.,-0.1));
#2256 = CARTESIAN_POINT('',(0.852687771881,-0.1));
#2257 = CARTESIAN_POINT('',(0.702621275467,-0.1));
#2258 = CARTESIAN_POINT('',(0.550501116793,-0.1));
#2259 = CARTESIAN_POINT('',(0.397236650059,-0.1));
#2260 = CARTESIAN_POINT('',(0.195130757944,-0.1));
#2261 = CARTESIAN_POINT('',(0.146261340348,-0.1));
#2262 = CARTESIAN_POINT('',(9.742701367947E-02,-0.1));
#2263 = CARTESIAN_POINT('',(4.866210460767E-02,-0.1));
#2264 = CARTESIAN_POINT('',(0.,-0.1));
#2265 = ( GEOMETRIC_REPRESENTATION_CONTEXT(2) 
PARAMETRIC_REPRESENTATION_CONTEXT() REPRESENTATION_CONTEXT('2D SPACE',''
  ) );
#2266 = ORIENTED_EDGE('',*,*,#2267,.F.);
#2267 = EDGE_CURVE('',#2268,#2217,#2270,.T.);
#2268 = VERTEX_POINT('',#2269);
#2269 = CARTESIAN_POINT('',(-1.2060546875,-21.36206054687,2.));
#2270 = SURFACE_CURVE('',#2271,(#2282,#2296),.PCURVE_S1.);
#2271 = B_SPLINE_CURVE_WITH_KNOTS('',5,(#2272,#2273,#2274,#2275,#2276,
    #2277,#2278,#2279,#2280,#2281),.UNSPECIFIED.,.F.,.F.,(6,4,6),(0.,
    0.227478441791,1.),.UNSPECIFIED.);
#2272 = CARTESIAN_POINT('',(-1.2060546875,-21.36206054687,2.));
#2273 = CARTESIAN_POINT('',(-1.188585679864,-21.34459153923,2.));
#2274 = CARTESIAN_POINT('',(-1.170411382678,-21.32808648789,2.));
#2275 = CARTESIAN_POINT('',(-1.151538139073,-21.31256626411,2.));
#2276 = CARTESIAN_POINT('',(-1.13197649734,-21.29804630652,2.));
#2277 = CARTESIAN_POINT('',(-1.04302175401,-21.23865744609,2.));
#2278 = CARTESIAN_POINT('',(-0.966516090667,-21.20441827385,2.));
#2279 = CARTESIAN_POINT('',(-0.882849681068,-21.18225237613,2.));
#2280 = CARTESIAN_POINT('',(-0.793053817957,-21.17163085937,2.));
#2281 = CARTESIAN_POINT('',(-0.6982421875,-21.17163085937,2.));
#2282 = PCURVE('',#73,#2283);
#2283 = DEFINITIONAL_REPRESENTATION('',(#2284),#2295);
#2284 = B_SPLINE_CURVE_WITH_KNOTS('',5,(#2285,#2286,#2287,#2288,#2289,
    #2290,#2291,#2292,#2293,#2294),.UNSPECIFIED.,.F.,.F.,(6,4,6),(0.,
    0.227478441791,1.),.UNSPECIFIED.);
#2285 = CARTESIAN_POINT('',(-1.2060546875,-21.36206054687));
#2286 = CARTESIAN_POINT('',(-1.188585679864,-21.34459153923));
#2287 = CARTESIAN_POINT('',(-1.170411382678,-21.32808648789));
#2288 = CARTESIAN_POINT('',(-1.151538139073,-21.31256626411));
#2289 = CARTESIAN_POINT('',(-1.13197649734,-21.29804630652));
#2290 = CARTESIAN_POINT('',(-1.04302175401,-21.23865744609));
#2291 = CARTESIAN_POINT('',(-0.966516090667,-21.20441827385));
#2292 = CARTESIAN_POINT('',(-0.882849681068,-21.18225237613));
#2293 = CARTESIAN_POINT('',(-0.793053817957,-21.17163085937));
#2294 = CARTESIAN_POINT('',(-0.6982421875,-21.17163085937));
#2295 = ( GEOMETRIC_REPRESENTATION_CONTEXT(2) 
PARAMETRIC_REPRESENTATION_CONTEXT() REPRESENTATION_CONTEXT('2D SPACE',''
  ) );
#2296 = PCURVE('',#2297,#2304);
#2297 = SURFACE_OF_LINEAR_EXTRUSION('',#2298,#2302);
#2298 = B_SPLINE_CURVE_WITH_KNOTS('',2,(#2299,#2300,#2301),
  .UNSPECIFIED.,.F.,.F.,(3,3),(0.,1.),.PIECEWISE_BEZIER_KNOTS.);
#2299 = CARTESIAN_POINT('',(-0.6982421875,-21.17163085937,1.9));
#2300 = CARTESIAN_POINT('',(-1.015625,-21.17163085937,1.9));
#2301 = CARTESIAN_POINT('',(-1.2060546875,-21.36206054687,1.9));
#2302 = VECTOR('',#2303,1.);
#2303 = DIRECTION('',(-0.,-0.,-1.));
#2304 = DEFINITIONAL_REPRESENTATION('',(#2305),#2316);
#2305 = B_SPLINE_CURVE_WITH_KNOTS('',5,(#2306,#2307,#2308,#2309,#2310,
    #2311,#2312,#2313,#2314,#2315),.UNSPECIFIED.,.F.,.F.,(6,4,6),(0.,
    0.227478441791,1.),.UNSPECIFIED.);
#2306 = CARTESIAN_POINT('',(1.,-0.1));
#2307 = CARTESIAN_POINT('',(0.954132656873,-0.1));
#2308 = CARTESIAN_POINT('',(0.908166612716,-0.1));
#2309 = CARTESIAN_POINT('',(0.862133780585,-0.1));
#2310 = CARTESIAN_POINT('',(0.816066992611,-0.1));
#2311 = CARTESIAN_POINT('',(0.613555527137,-0.1));
#2312 = CARTESIAN_POINT('',(0.457069771997,-0.1));
#2313 = CARTESIAN_POINT('',(0.301983121315,-0.1));
#2314 = CARTESIAN_POINT('',(0.149364783982,-0.1));
#2315 = CARTESIAN_POINT('',(0.,-0.1));
#2316 = ( GEOMETRIC_REPRESENTATION_CONTEXT(2) 
PARAMETRIC_REPRESENTATION_CONTEXT() REPRESENTATION_CONTEXT('2D SPACE',''
  ) );
#2317 = ORIENTED_EDGE('',*,*,#2318,.F.);
#2318 = EDGE_CURVE('',#2319,#2268,#2321,.T.);
#2319 = VERTEX_POINT('',#2320);
#2320 = CARTESIAN_POINT('',(-1.39892578125,-21.88940429687,2.));
#2321 = SURFACE_CURVE('',#2322,(#2335,#2351),.PCURVE_S1.);
#2322 = B_SPLINE_CURVE_WITH_KNOTS('',6,(#2323,#2324,#2325,#2326,#2327,
    #2328,#2329,#2330,#2331,#2332,#2333,#2334),.UNSPECIFIED.,.F.,.F.,(7,
    5,7),(0.,0.862461154721,1.),.UNSPECIFIED.);
#2323 = CARTESIAN_POINT('',(-1.39892578125,-21.88940429687,2.));
#2324 = CARTESIAN_POINT('',(-1.398253674219,-21.79665352655,2.));
#2325 = CARTESIAN_POINT('',(-1.389017978699,-21.70846076587,2.));
#2326 = CARTESIAN_POINT('',(-1.37049471573,-21.62572526017,2.));
#2327 = CARTESIAN_POINT('',(-1.342136133703,-21.54932692163,2.));
#2328 = CARTESIAN_POINT('',(-1.303741759862,-21.48001385326,2.));
#2329 = CARTESIAN_POINT('',(-1.248027563447,-21.40840262787,2.));
#2330 = CARTESIAN_POINT('',(-1.240118744995,-21.39874488147,2.));
#2331 = CARTESIAN_POINT('',(-1.231965307555,-21.38928043085,2.));
#2332 = CARTESIAN_POINT('',(-1.223568855949,-21.3800107612,2.));
#2333 = CARTESIAN_POINT('',(-1.214931266592,-21.37093712596,2.));
#2334 = CARTESIAN_POINT('',(-1.2060546875,-21.36206054687,2.));
#2335 = PCURVE('',#73,#2336);
#2336 = DEFINITIONAL_REPRESENTATION('',(#2337),#2350);
#2337 = B_SPLINE_CURVE_WITH_KNOTS('',6,(#2338,#2339,#2340,#2341,#2342,
    #2343,#2344,#2345,#2346,#2347,#2348,#2349),.UNSPECIFIED.,.F.,.F.,(7,
    5,7),(0.,0.862461154721,1.),.UNSPECIFIED.);
#2338 = CARTESIAN_POINT('',(-1.39892578125,-21.88940429687));
#2339 = CARTESIAN_POINT('',(-1.398253674219,-21.79665352655));
#2340 = CARTESIAN_POINT('',(-1.389017978699,-21.70846076587));
#2341 = CARTESIAN_POINT('',(-1.37049471573,-21.62572526017));
#2342 = CARTESIAN_POINT('',(-1.342136133703,-21.54932692163));
#2343 = CARTESIAN_POINT('',(-1.303741759862,-21.48001385326));
#2344 = CARTESIAN_POINT('',(-1.248027563447,-21.40840262787));
#2345 = CARTESIAN_POINT('',(-1.240118744995,-21.39874488147));
#2346 = CARTESIAN_POINT('',(-1.231965307555,-21.38928043085));
#2347 = CARTESIAN_POINT('',(-1.223568855949,-21.3800107612));
#2348 = CARTESIAN_POINT('',(-1.214931266592,-21.37093712596));
#2349 = CARTESIAN_POINT('',(-1.2060546875,-21.36206054687));
#2350 = ( GEOMETRIC_REPRESENTATION_CONTEXT(2) 
PARAMETRIC_REPRESENTATION_CONTEXT() REPRESENTATION_CONTEXT('2D SPACE',''
  ) );
#2351 = PCURVE('',#2352,#2359);
#2352 = SURFACE_OF_LINEAR_EXTRUSION('',#2353,#2357);
#2353 = B_SPLINE_CURVE_WITH_KNOTS('',2,(#2354,#2355,#2356),
  .UNSPECIFIED.,.F.,.F.,(3,3),(0.,1.),.PIECEWISE_BEZIER_KNOTS.);
#2354 = CARTESIAN_POINT('',(-1.2060546875,-21.36206054687,1.9));
#2355 = CARTESIAN_POINT('',(-1.396484375,-21.55249023437,1.9));
#2356 = CARTESIAN_POINT('',(-1.39892578125,-21.88940429687,1.9));
#2357 = VECTOR('',#2358,1.);
#2358 = DIRECTION('',(-0.,-0.,-1.));
#2359 = DEFINITIONAL_REPRESENTATION('',(#2360),#2373);
#2360 = B_SPLINE_CURVE_WITH_KNOTS('',6,(#2361,#2362,#2363,#2364,#2365,
    #2366,#2367,#2368,#2369,#2370,#2371,#2372),.UNSPECIFIED.,.F.,.F.,(7,
    5,7),(0.,0.862461154721,1.),.UNSPECIFIED.);
#2361 = CARTESIAN_POINT('',(1.,-0.1));
#2362 = CARTESIAN_POINT('',(0.862352479994,-0.1));
#2363 = CARTESIAN_POINT('',(0.72158392436,-0.1));
#2364 = CARTESIAN_POINT('',(0.578188857357,-0.1));
#2365 = CARTESIAN_POINT('',(0.432835919368,-0.1));
#2366 = CARTESIAN_POINT('',(0.286398578099,-0.1));
#2367 = CARTESIAN_POINT('',(0.116653451263,-0.1));
#2368 = CARTESIAN_POINT('',(9.330679594415E-02,-0.1));
#2369 = CARTESIAN_POINT('',(6.996410084907E-02,-0.1));
#2370 = CARTESIAN_POINT('',(4.662940311955E-02,-0.1));
#2371 = CARTESIAN_POINT('',(2.330671023247E-02,-0.1));
#2372 = CARTESIAN_POINT('',(0.,-0.1));
#2373 = ( GEOMETRIC_REPRESENTATION_CONTEXT(2) 
PARAMETRIC_REPRESENTATION_CONTEXT() REPRESENTATION_CONTEXT('2D SPACE',''
  ) );
#2374 = ORIENTED_EDGE('',*,*,#2375,.F.);
#2375 = EDGE_CURVE('',#2376,#2319,#2378,.T.);
#2376 = VERTEX_POINT('',#2377);
#2377 = CARTESIAN_POINT('',(-1.8505859375,-21.84301757812,2.));
#2378 = SURFACE_CURVE('',#2379,(#2383,#2390),.PCURVE_S1.);
#2379 = LINE('',#2380,#2381);
#2380 = CARTESIAN_POINT('',(-0.790070626567,-21.95193536681,2.));
#2381 = VECTOR('',#2382,1.);
#2382 = DIRECTION('',(0.994767435445,-0.102165304181,0.));
#2383 = PCURVE('',#73,#2384);
#2384 = DEFINITIONAL_REPRESENTATION('',(#2385),#2389);
#2385 = LINE('',#2386,#2387);
#2386 = CARTESIAN_POINT('',(-0.790070626567,-21.95193536681));
#2387 = VECTOR('',#2388,1.);
#2388 = DIRECTION('',(0.994767435445,-0.102165304181));
#2389 = ( GEOMETRIC_REPRESENTATION_CONTEXT(2) 
PARAMETRIC_REPRESENTATION_CONTEXT() REPRESENTATION_CONTEXT('2D SPACE',''
  ) );
#2390 = PCURVE('',#2391,#2396);
#2391 = PLANE('',#2392);
#2392 = AXIS2_PLACEMENT_3D('',#2393,#2394,#2395);
#2393 = CARTESIAN_POINT('',(-1.39892578125,-21.88940429687,1.9));
#2394 = DIRECTION('',(-0.102165304181,-0.994767435445,0.));
#2395 = DIRECTION('',(-0.994767435445,0.102165304181,0.));
#2396 = DEFINITIONAL_REPRESENTATION('',(#2397),#2400);
#2397 = B_SPLINE_CURVE_WITH_KNOTS('',1,(#2398,#2399),.UNSPECIFIED.,.F.,
  .F.,(2,2),(-1.06609371512,-0.612057786563),.PIECEWISE_BEZIER_KNOTS.);
#2398 = CARTESIAN_POINT('',(0.454035928557,-0.1));
#2399 = CARTESIAN_POINT('',(0.,-0.1));
#2400 = ( GEOMETRIC_REPRESENTATION_CONTEXT(2) 
PARAMETRIC_REPRESENTATION_CONTEXT() REPRESENTATION_CONTEXT('2D SPACE',''
  ) );
#2401 = ORIENTED_EDGE('',*,*,#2402,.F.);
#2402 = EDGE_CURVE('',#2403,#2376,#2405,.T.);
#2403 = VERTEX_POINT('',#2404);
#2404 = CARTESIAN_POINT('',(-1.50146484375,-21.07275390625,2.));
#2405 = SURFACE_CURVE('',#2406,(#2419,#2435),.PCURVE_S1.);
#2406 = B_SPLINE_CURVE_WITH_KNOTS('',6,(#2407,#2408,#2409,#2410,#2411,
    #2412,#2413,#2414,#2415,#2416,#2417,#2418),.UNSPECIFIED.,.F.,.F.,(7,
    5,7),(0.,0.108385136257,1.),.UNSPECIFIED.);
#2407 = CARTESIAN_POINT('',(-1.50146484375,-21.07275390625,2.));
#2408 = CARTESIAN_POINT('',(-1.512752634003,-21.08263072272,2.));
#2409 = CARTESIAN_POINT('',(-1.523835123499,-21.09271559909,2.));
#2410 = CARTESIAN_POINT('',(-1.534709605685,-21.10300727133,2.));
#2411 = CARTESIAN_POINT('',(-1.545373625736,-21.11350420763,2.));
#2412 = CARTESIAN_POINT('',(-1.555824980549,-21.1242046084,2.));
#2413 = CARTESIAN_POINT('',(-1.650272785426,-21.22478849126,2.));
#2414 = CARTESIAN_POINT('',(-1.720001801489,-21.32814352669,2.));
#2415 = CARTESIAN_POINT('',(-1.773960446082,-21.44385965599,2.));
#2416 = CARTESIAN_POINT('',(-1.812762398734,-21.56973260945,2.));
#2417 = CARTESIAN_POINT('',(-1.837776185954,-21.70345870601,2.));
#2418 = CARTESIAN_POINT('',(-1.8505859375,-21.84301757812,2.));
#2419 = PCURVE('',#73,#2420);
#2420 = DEFINITIONAL_REPRESENTATION('',(#2421),#2434);
#2421 = B_SPLINE_CURVE_WITH_KNOTS('',6,(#2422,#2423,#2424,#2425,#2426,
    #2427,#2428,#2429,#2430,#2431,#2432,#2433),.UNSPECIFIED.,.F.,.F.,(7,
    5,7),(0.,0.108385136257,1.),.UNSPECIFIED.);
#2422 = CARTESIAN_POINT('',(-1.50146484375,-21.07275390625));
#2423 = CARTESIAN_POINT('',(-1.512752634003,-21.08263072272));
#2424 = CARTESIAN_POINT('',(-1.523835123499,-21.09271559909));
#2425 = CARTESIAN_POINT('',(-1.534709605685,-21.10300727133));
#2426 = CARTESIAN_POINT('',(-1.545373625736,-21.11350420763));
#2427 = CARTESIAN_POINT('',(-1.555824980549,-21.1242046084));
#2428 = CARTESIAN_POINT('',(-1.650272785426,-21.22478849126));
#2429 = CARTESIAN_POINT('',(-1.720001801489,-21.32814352669));
#2430 = CARTESIAN_POINT('',(-1.773960446082,-21.44385965599));
#2431 = CARTESIAN_POINT('',(-1.812762398734,-21.56973260945));
#2432 = CARTESIAN_POINT('',(-1.837776185954,-21.70345870601));
#2433 = CARTESIAN_POINT('',(-1.8505859375,-21.84301757812));
#2434 = ( GEOMETRIC_REPRESENTATION_CONTEXT(2) 
PARAMETRIC_REPRESENTATION_CONTEXT() REPRESENTATION_CONTEXT('2D SPACE',''
  ) );
#2435 = PCURVE('',#2436,#2443);
#2436 = SURFACE_OF_LINEAR_EXTRUSION('',#2437,#2441);
#2437 = B_SPLINE_CURVE_WITH_KNOTS('',2,(#2438,#2439,#2440),
  .UNSPECIFIED.,.F.,.F.,(3,3),(0.,1.),.PIECEWISE_BEZIER_KNOTS.);
#2438 = CARTESIAN_POINT('',(-1.8505859375,-21.84301757812,1.9));
#2439 = CARTESIAN_POINT('',(-1.80419921875,-21.33764648437,1.9));
#2440 = CARTESIAN_POINT('',(-1.50146484375,-21.07275390625,1.9));
#2441 = VECTOR('',#2442,1.);
#2442 = DIRECTION('',(-0.,-0.,-1.));
#2443 = DEFINITIONAL_REPRESENTATION('',(#2444),#2457);
#2444 = B_SPLINE_CURVE_WITH_KNOTS('',6,(#2445,#2446,#2447,#2448,#2449,
    #2450,#2451,#2452,#2453,#2454,#2455,#2456),.UNSPECIFIED.,.F.,.F.,(7,
    5,7),(0.,0.108385136257,1.),.UNSPECIFIED.);
#2445 = CARTESIAN_POINT('',(1.,-0.1));
#2446 = CARTESIAN_POINT('',(0.981356939969,-0.1));
#2447 = CARTESIAN_POINT('',(0.962699789374,-0.1));
#2448 = CARTESIAN_POINT('',(0.944032012528,-0.1));
#2449 = CARTESIAN_POINT('',(0.92535710257,-0.1));
#2450 = CARTESIAN_POINT('',(0.906678581464,-0.1));
#2451 = CARTESIAN_POINT('',(0.734343313834,-0.1));
#2452 = CARTESIAN_POINT('',(0.58060700489,-0.1));
#2453 = CARTESIAN_POINT('',(0.42908701717,-0.1));
#2454 = CARTESIAN_POINT('',(0.281266881961,-1.E-01));
#2455 = CARTESIAN_POINT('',(0.138075637719,-0.1));
#2456 = CARTESIAN_POINT('',(0.,-0.1));
#2457 = ( GEOMETRIC_REPRESENTATION_CONTEXT(2) 
PARAMETRIC_REPRESENTATION_CONTEXT() REPRESENTATION_CONTEXT('2D SPACE',''
  ) );
#2458 = ORIENTED_EDGE('',*,*,#2459,.F.);
#2459 = EDGE_CURVE('',#2460,#2403,#2462,.T.);
#2460 = VERTEX_POINT('',#2461);
#2461 = CARTESIAN_POINT('',(-0.6884765625,-20.80786132812,2.));
#2462 = SURFACE_CURVE('',#2463,(#2478,#2496),.PCURVE_S1.);
#2463 = B_SPLINE_CURVE_WITH_KNOTS('',5,(#2464,#2465,#2466,#2467,#2468,
    #2469,#2470,#2471,#2472,#2473,#2474,#2475,#2476,#2477),
  .UNSPECIFIED.,.F.,.F.,(6,4,4,6),(0.,0.482150021423,0.938228605088,1.),
  .UNSPECIFIED.);
#2464 = CARTESIAN_POINT('',(-0.6884765625,-20.80786132812,2.));
#2465 = CARTESIAN_POINT('',(-0.780025773632,-20.80786132812,2.));
#2466 = CARTESIAN_POINT('',(-0.869532039432,-20.81319134203,2.));
#2467 = CARTESIAN_POINT('',(-0.956529659876,-20.82434468779,2.));
#2468 = CARTESIAN_POINT('',(-1.040429058711,-20.84181545268,2.));
#2469 = CARTESIAN_POINT('',(-1.196479542098,-20.8886416638,2.));
#2470 = CARTESIAN_POINT('',(-1.269030251458,-20.9173057444,2.));
#2471 = CARTESIAN_POINT('',(-1.337735416025,-20.95209713496,2.));
#2472 = CARTESIAN_POINT('',(-1.402122028228,-20.99305965429,2.));
#2473 = CARTESIAN_POINT('',(-1.469956425295,-21.04628114709,2.));
#2474 = CARTESIAN_POINT('',(-1.477962943162,-21.05273815655,2.));
#2475 = CARTESIAN_POINT('',(-1.485883636971,-21.05930308514,2.));
#2476 = CARTESIAN_POINT('',(-1.493717812914,-21.06597525426,2.));
#2477 = CARTESIAN_POINT('',(-1.50146484375,-21.07275390625,2.));
#2478 = PCURVE('',#73,#2479);
#2479 = DEFINITIONAL_REPRESENTATION('',(#2480),#2495);
#2480 = B_SPLINE_CURVE_WITH_KNOTS('',5,(#2481,#2482,#2483,#2484,#2485,
    #2486,#2487,#2488,#2489,#2490,#2491,#2492,#2493,#2494),
  .UNSPECIFIED.,.F.,.F.,(6,4,4,6),(0.,0.482150021423,0.938228605088,1.),
  .UNSPECIFIED.);
#2481 = CARTESIAN_POINT('',(-0.6884765625,-20.80786132812));
#2482 = CARTESIAN_POINT('',(-0.780025773632,-20.80786132812));
#2483 = CARTESIAN_POINT('',(-0.869532039432,-20.81319134203));
#2484 = CARTESIAN_POINT('',(-0.956529659876,-20.82434468779));
#2485 = CARTESIAN_POINT('',(-1.040429058711,-20.84181545268));
#2486 = CARTESIAN_POINT('',(-1.196479542098,-20.8886416638));
#2487 = CARTESIAN_POINT('',(-1.269030251458,-20.9173057444));
#2488 = CARTESIAN_POINT('',(-1.337735416025,-20.95209713496));
#2489 = CARTESIAN_POINT('',(-1.402122028228,-20.99305965429));
#2490 = CARTESIAN_POINT('',(-1.469956425295,-21.04628114709));
#2491 = CARTESIAN_POINT('',(-1.477962943162,-21.05273815655));
#2492 = CARTESIAN_POINT('',(-1.485883636971,-21.05930308514));
#2493 = CARTESIAN_POINT('',(-1.493717812914,-21.06597525426));
#2494 = CARTESIAN_POINT('',(-1.50146484375,-21.07275390625));
#2495 = ( GEOMETRIC_REPRESENTATION_CONTEXT(2) 
PARAMETRIC_REPRESENTATION_CONTEXT() REPRESENTATION_CONTEXT('2D SPACE',''
  ) );
#2496 = PCURVE('',#2497,#2504);
#2497 = SURFACE_OF_LINEAR_EXTRUSION('',#2498,#2502);
#2498 = B_SPLINE_CURVE_WITH_KNOTS('',2,(#2499,#2500,#2501),
  .UNSPECIFIED.,.F.,.F.,(3,3),(0.,1.),.PIECEWISE_BEZIER_KNOTS.);
#2499 = CARTESIAN_POINT('',(-1.50146484375,-21.07275390625,1.9));
#2500 = CARTESIAN_POINT('',(-1.19873046875,-20.80786132812,1.9));
#2501 = CARTESIAN_POINT('',(-0.6884765625,-20.80786132812,1.9));
#2502 = VECTOR('',#2503,1.);
#2503 = DIRECTION('',(-0.,-0.,-1.));
#2504 = DEFINITIONAL_REPRESENTATION('',(#2505),#2520);
#2505 = B_SPLINE_CURVE_WITH_KNOTS('',5,(#2506,#2507,#2508,#2509,#2510,
    #2511,#2512,#2513,#2514,#2515,#2516,#2517,#2518,#2519),
  .UNSPECIFIED.,.F.,.F.,(6,4,4,6),(0.,0.482150021423,0.938228605088,1.),
  .UNSPECIFIED.);
#2506 = CARTESIAN_POINT('',(1.,-0.1));
#2507 = CARTESIAN_POINT('',(0.910290533781,-0.1));
#2508 = CARTESIAN_POINT('',(0.818491282869,-0.1));
#2509 = CARTESIAN_POINT('',(0.724679884842,-0.1));
#2510 = CARTESIAN_POINT('',(0.629054773526,-0.1));
#2511 = CARTESIAN_POINT('',(0.440193297354,-0.1));
#2512 = CARTESIAN_POINT('',(0.347096076984,-0.1));
#2513 = CARTESIAN_POINT('',(0.253063389062,-0.1));
#2514 = CARTESIAN_POINT('',(0.158525097489,-0.1));
#2515 = CARTESIAN_POINT('',(5.119749767864E-02,-0.1));
#2516 = CARTESIAN_POINT('',(3.839504346835E-02,-0.1));
#2517 = CARTESIAN_POINT('',(2.559384267455E-02,-0.1));
#2518 = CARTESIAN_POINT('',(1.279509609106E-02,-0.1));
#2519 = CARTESIAN_POINT('',(0.,-0.1));
#2520 = ( GEOMETRIC_REPRESENTATION_CONTEXT(2) 
PARAMETRIC_REPRESENTATION_CONTEXT() REPRESENTATION_CONTEXT('2D SPACE',''
  ) );
#2521 = ORIENTED_EDGE('',*,*,#2522,.F.);
#2522 = EDGE_CURVE('',#2523,#2460,#2525,.T.);
#2523 = VERTEX_POINT('',#2524);
#2524 = CARTESIAN_POINT('',(0.126953125,-21.09350585937,2.));
#2525 = SURFACE_CURVE('',#2526,(#2539,#2555),.PCURVE_S1.);
#2526 = B_SPLINE_CURVE_WITH_KNOTS('',6,(#2527,#2528,#2529,#2530,#2531,
    #2532,#2533,#2534,#2535,#2536,#2537,#2538),.UNSPECIFIED.,.F.,.F.,(7,
    5,7),(0.,0.129952580841,1.),.UNSPECIFIED.);
#2527 = CARTESIAN_POINT('',(0.126953125,-21.09350585937,2.));
#2528 = CARTESIAN_POINT('',(0.113564296706,-21.08077014465,2.));
#2529 = CARTESIAN_POINT('',(9.990470302255E-02,-21.06836131977,2.));
#2530 = CARTESIAN_POINT('',(8.597687183045E-02,-21.05628418196,2.));
#2531 = CARTESIAN_POINT('',(7.178384054336E-02,-21.04454294811,2.));
#2532 = CARTESIAN_POINT('',(5.732915610715E-02,-21.03314125478,2.));
#2533 = CARTESIAN_POINT('',(-5.58835327977E-02,-20.9480402394,2.));
#2534 = CARTESIAN_POINT('',(-0.165978257259,-20.8893186482,2.));
#2535 = CARTESIAN_POINT('',(-0.28627980532,-20.84700501984,2.));
#2536 = CARTESIAN_POINT('',(-0.414776772036,-20.82034813343,2.));
#2537 = CARTESIAN_POINT('',(-0.549430754792,-20.80786132812,2.));
#2538 = CARTESIAN_POINT('',(-0.6884765625,-20.80786132812,2.));
#2539 = PCURVE('',#73,#2540);
#2540 = DEFINITIONAL_REPRESENTATION('',(#2541),#2554);
#2541 = B_SPLINE_CURVE_WITH_KNOTS('',6,(#2542,#2543,#2544,#2545,#2546,
    #2547,#2548,#2549,#2550,#2551,#2552,#2553),.UNSPECIFIED.,.F.,.F.,(7,
    5,7),(0.,0.129952580841,1.),.UNSPECIFIED.);
#2542 = CARTESIAN_POINT('',(0.126953125,-21.09350585937));
#2543 = CARTESIAN_POINT('',(0.113564296706,-21.08077014465));
#2544 = CARTESIAN_POINT('',(9.990470302255E-02,-21.06836131977));
#2545 = CARTESIAN_POINT('',(8.597687183045E-02,-21.05628418196));
#2546 = CARTESIAN_POINT('',(7.178384054336E-02,-21.04454294811));
#2547 = CARTESIAN_POINT('',(5.732915610715E-02,-21.03314125478));
#2548 = CARTESIAN_POINT('',(-5.58835327977E-02,-20.9480402394));
#2549 = CARTESIAN_POINT('',(-0.165978257259,-20.8893186482));
#2550 = CARTESIAN_POINT('',(-0.28627980532,-20.84700501984));
#2551 = CARTESIAN_POINT('',(-0.414776772036,-20.82034813343));
#2552 = CARTESIAN_POINT('',(-0.549430754792,-20.80786132812));
#2553 = CARTESIAN_POINT('',(-0.6884765625,-20.80786132812));
#2554 = ( GEOMETRIC_REPRESENTATION_CONTEXT(2) 
PARAMETRIC_REPRESENTATION_CONTEXT() REPRESENTATION_CONTEXT('2D SPACE',''
  ) );
#2555 = PCURVE('',#2556,#2563);
#2556 = SURFACE_OF_LINEAR_EXTRUSION('',#2557,#2561);
#2557 = B_SPLINE_CURVE_WITH_KNOTS('',2,(#2558,#2559,#2560),
  .UNSPECIFIED.,.F.,.F.,(3,3),(0.,1.),.PIECEWISE_BEZIER_KNOTS.);
#2558 = CARTESIAN_POINT('',(-0.6884765625,-20.80786132812,1.9));
#2559 = CARTESIAN_POINT('',(-0.17333984375,-20.80786132812,1.9));
#2560 = CARTESIAN_POINT('',(0.126953125,-21.09350585937,1.9));
#2561 = VECTOR('',#2562,1.);
#2562 = DIRECTION('',(-0.,-0.,-1.));
#2563 = DEFINITIONAL_REPRESENTATION('',(#2564),#2577);
#2564 = B_SPLINE_CURVE_WITH_KNOTS('',6,(#2565,#2566,#2567,#2568,#2569,
    #2570,#2571,#2572,#2573,#2574,#2575,#2576),.UNSPECIFIED.,.F.,.F.,(7,
    5,7),(0.,0.129952580841,1.),.UNSPECIFIED.);
#2565 = CARTESIAN_POINT('',(1.,-0.1));
#2566 = CARTESIAN_POINT('',(0.977707056629,-0.1));
#2567 = CARTESIAN_POINT('',(0.955389945374,-0.1));
#2568 = CARTESIAN_POINT('',(0.933054621988,-0.1));
#2569 = CARTESIAN_POINT('',(0.91070711312,-0.1));
#2570 = CARTESIAN_POINT('',(0.888353516312,-0.1));
#2571 = CARTESIAN_POINT('',(0.716340646945,-0.1));
#2572 = CARTESIAN_POINT('',(0.566612054775,-0.1));
#2573 = CARTESIAN_POINT('',(0.418954959551,-0.1));
#2574 = CARTESIAN_POINT('',(0.274773244996,-1.E-01));
#2575 = CARTESIAN_POINT('',(0.13496010151,-0.1));
#2576 = CARTESIAN_POINT('',(0.,-0.1));
#2577 = ( GEOMETRIC_REPRESENTATION_CONTEXT(2) 
PARAMETRIC_REPRESENTATION_CONTEXT() REPRESENTATION_CONTEXT('2D SPACE',''
  ) );
#2578 = ORIENTED_EDGE('',*,*,#2579,.F.);
#2579 = EDGE_CURVE('',#2580,#2523,#2582,.T.);
#2580 = VERTEX_POINT('',#2581);
#2581 = CARTESIAN_POINT('',(0.42724609375,-21.80151367187,2.));
#2582 = SURFACE_CURVE('',#2583,(#2594,#2608),.PCURVE_S1.);
#2583 = B_SPLINE_CURVE_WITH_KNOTS('',5,(#2584,#2585,#2586,#2587,#2588,
    #2589,#2590,#2591,#2592,#2593),.UNSPECIFIED.,.F.,.F.,(6,4,6),(0.,
    0.530672287261,1.),.UNSPECIFIED.);
#2584 = CARTESIAN_POINT('',(0.42724609375,-21.80151367187,2.));
#2585 = CARTESIAN_POINT('',(0.42724609375,-21.71414209183,2.));
#2586 = CARTESIAN_POINT('',(0.419214559465,-21.62888563477,2.));
#2587 = CARTESIAN_POINT('',(0.402585375041,-21.54640080962,2.));
#2588 = CARTESIAN_POINT('',(0.377062190356,-21.4673319867,2.));
#2589 = CARTESIAN_POINT('',(0.312675199839,-21.3257774004,2.));
#2590 = CARTESIAN_POINT('',(0.275686826857,-21.26241403455,2.));
#2591 = CARTESIAN_POINT('',(0.232091553002,-21.20249010413,2.));
#2592 = CARTESIAN_POINT('',(0.182322209914,-21.14617401331,2.));
#2593 = CARTESIAN_POINT('',(0.126953125,-21.09350585937,2.));
#2594 = PCURVE('',#73,#2595);
#2595 = DEFINITIONAL_REPRESENTATION('',(#2596),#2607);
#2596 = B_SPLINE_CURVE_WITH_KNOTS('',5,(#2597,#2598,#2599,#2600,#2601,
    #2602,#2603,#2604,#2605,#2606),.UNSPECIFIED.,.F.,.F.,(6,4,6),(0.,
    0.530672287261,1.),.UNSPECIFIED.);
#2597 = CARTESIAN_POINT('',(0.42724609375,-21.80151367187));
#2598 = CARTESIAN_POINT('',(0.42724609375,-21.71414209183));
#2599 = CARTESIAN_POINT('',(0.419214559465,-21.62888563477));
#2600 = CARTESIAN_POINT('',(0.402585375041,-21.54640080962));
#2601 = CARTESIAN_POINT('',(0.377062190356,-21.4673319867));
#2602 = CARTESIAN_POINT('',(0.312675199839,-21.3257774004));
#2603 = CARTESIAN_POINT('',(0.275686826857,-21.26241403455));
#2604 = CARTESIAN_POINT('',(0.232091553002,-21.20249010413));
#2605 = CARTESIAN_POINT('',(0.182322209914,-21.14617401331));
#2606 = CARTESIAN_POINT('',(0.126953125,-21.09350585937));
#2607 = ( GEOMETRIC_REPRESENTATION_CONTEXT(2) 
PARAMETRIC_REPRESENTATION_CONTEXT() REPRESENTATION_CONTEXT('2D SPACE',''
  ) );
#2608 = PCURVE('',#2609,#2616);
#2609 = SURFACE_OF_LINEAR_EXTRUSION('',#2610,#2614);
#2610 = B_SPLINE_CURVE_WITH_KNOTS('',2,(#2611,#2612,#2613),
  .UNSPECIFIED.,.F.,.F.,(3,3),(0.,1.),.PIECEWISE_BEZIER_KNOTS.);
#2611 = CARTESIAN_POINT('',(0.126953125,-21.09350585937,1.9));
#2612 = CARTESIAN_POINT('',(0.42724609375,-21.37915039062,1.9));
#2613 = CARTESIAN_POINT('',(0.42724609375,-21.80151367187,1.9));
#2614 = VECTOR('',#2615,1.);
#2615 = DIRECTION('',(-0.,-0.,-1.));
#2616 = DEFINITIONAL_REPRESENTATION('',(#2617),#2628);
#2617 = B_SPLINE_CURVE_WITH_KNOTS('',5,(#2618,#2619,#2620,#2621,#2622,
    #2623,#2624,#2625,#2626,#2627),.UNSPECIFIED.,.F.,.F.,(6,4,6),(0.,
    0.530672287261,1.),.UNSPECIFIED.);
#2618 = CARTESIAN_POINT('',(1.,-0.1));
#2619 = CARTESIAN_POINT('',(0.896568210446,-0.1));
#2620 = CARTESIAN_POINT('',(0.791311557583,-0.1));
#2621 = CARTESIAN_POINT('',(0.684702105557,-0.1));
#2622 = CARTESIAN_POINT('',(0.577342945005,-0.1));
#2623 = CARTESIAN_POINT('',(0.37506566846,-0.1));
#2624 = CARTESIAN_POINT('',(0.280119440572,-0.1));
#2625 = CARTESIAN_POINT('',(0.185683928865,-0.1));
#2626 = CARTESIAN_POINT('',(9.219177715685E-02,-0.1));
#2627 = CARTESIAN_POINT('',(0.,-0.1));
#2628 = ( GEOMETRIC_REPRESENTATION_CONTEXT(2) 
PARAMETRIC_REPRESENTATION_CONTEXT() REPRESENTATION_CONTEXT('2D SPACE',''
  ) );
#2629 = ORIENTED_EDGE('',*,*,#2630,.F.);
#2630 = EDGE_CURVE('',#2631,#2580,#2633,.T.);
#2631 = VERTEX_POINT('',#2632);
#2632 = CARTESIAN_POINT('',(0.33935546875,-22.22387695312,2.));
#2633 = SURFACE_CURVE('',#2634,(#2645,#2659),.PCURVE_S1.);
#2634 = B_SPLINE_CURVE_WITH_KNOTS('',5,(#2635,#2636,#2637,#2638,#2639,
    #2640,#2641,#2642,#2643,#2644),.UNSPECIFIED.,.F.,.F.,(6,4,6),(0.,
    0.798417946797,1.),.UNSPECIFIED.);
#2635 = CARTESIAN_POINT('',(0.33935546875,-22.22387695312,2.));
#2636 = CARTESIAN_POINT('',(0.367255661658,-22.15800149764,2.));
#2637 = CARTESIAN_POINT('',(0.389734923797,-22.09139441105,2.));
#2638 = CARTESIAN_POINT('',(0.406666108815,-22.0241336785,2.));
#2639 = CARTESIAN_POINT('',(0.417977013675,-21.95630677164,2.));
#2640 = CARTESIAN_POINT('',(0.425094577897,-21.8707687618,2.));
#2641 = CARTESIAN_POINT('',(0.426170592767,-21.85349594371,2.));
#2642 = CARTESIAN_POINT('',(0.426887721787,-21.83619477971,2.));
#2643 = CARTESIAN_POINT('',(0.42724609375,-21.81886683028,2.));
#2644 = CARTESIAN_POINT('',(0.42724609375,-21.80151367187,2.));
#2645 = PCURVE('',#73,#2646);
#2646 = DEFINITIONAL_REPRESENTATION('',(#2647),#2658);
#2647 = B_SPLINE_CURVE_WITH_KNOTS('',5,(#2648,#2649,#2650,#2651,#2652,
    #2653,#2654,#2655,#2656,#2657),.UNSPECIFIED.,.F.,.F.,(6,4,6),(0.,
    0.798417946797,1.),.UNSPECIFIED.);
#2648 = CARTESIAN_POINT('',(0.33935546875,-22.22387695312));
#2649 = CARTESIAN_POINT('',(0.367255661658,-22.15800149764));
#2650 = CARTESIAN_POINT('',(0.389734923797,-22.09139441105));
#2651 = CARTESIAN_POINT('',(0.406666108815,-22.0241336785));
#2652 = CARTESIAN_POINT('',(0.417977013675,-21.95630677164));
#2653 = CARTESIAN_POINT('',(0.425094577897,-21.8707687618));
#2654 = CARTESIAN_POINT('',(0.426170592767,-21.85349594371));
#2655 = CARTESIAN_POINT('',(0.426887721787,-21.83619477971));
#2656 = CARTESIAN_POINT('',(0.42724609375,-21.81886683028));
#2657 = CARTESIAN_POINT('',(0.42724609375,-21.80151367187));
#2658 = ( GEOMETRIC_REPRESENTATION_CONTEXT(2) 
PARAMETRIC_REPRESENTATION_CONTEXT() REPRESENTATION_CONTEXT('2D SPACE',''
  ) );
#2659 = PCURVE('',#2660,#2667);
#2660 = SURFACE_OF_LINEAR_EXTRUSION('',#2661,#2665);
#2661 = B_SPLINE_CURVE_WITH_KNOTS('',2,(#2662,#2663,#2664),
  .UNSPECIFIED.,.F.,.F.,(3,3),(0.,1.),.PIECEWISE_BEZIER_KNOTS.);
#2662 = CARTESIAN_POINT('',(0.42724609375,-21.80151367187,1.9));
#2663 = CARTESIAN_POINT('',(0.42724609375,-22.01635742187,1.9));
#2664 = CARTESIAN_POINT('',(0.33935546875,-22.22387695312,1.9));
#2665 = VECTOR('',#2666,1.);
#2666 = DIRECTION('',(-0.,-0.,-1.));
#2667 = DEFINITIONAL_REPRESENTATION('',(#2668),#2679);
#2668 = B_SPLINE_CURVE_WITH_KNOTS('',5,(#2669,#2670,#2671,#2672,#2673,
    #2674,#2675,#2676,#2677,#2678),.UNSPECIFIED.,.F.,.F.,(6,4,6),(0.,
    0.798417946797,1.),.UNSPECIFIED.);
#2669 = CARTESIAN_POINT('',(1.,-0.1));
#2670 = CARTESIAN_POINT('',(0.841278902569,-0.1));
#2671 = CARTESIAN_POINT('',(0.68190643203,-0.1));
#2672 = CARTESIAN_POINT('',(0.522088739779,-0.1));
#2673 = CARTESIAN_POINT('',(0.362043399247,-0.1));
#2674 = CARTESIAN_POINT('',(0.16159274569,-0.1));
#2675 = CARTESIAN_POINT('',(0.121185505561,-0.1));
#2676 = CARTESIAN_POINT('',(8.078189886533E-02,-0.1));
#2677 = CARTESIAN_POINT('',(4.038553229822E-02,-0.1));
#2678 = CARTESIAN_POINT('',(0.,-0.1));
#2679 = ( GEOMETRIC_REPRESENTATION_CONTEXT(2) 
PARAMETRIC_REPRESENTATION_CONTEXT() REPRESENTATION_CONTEXT('2D SPACE',''
  ) );
#2680 = ORIENTED_EDGE('',*,*,#2681,.F.);
#2681 = EDGE_CURVE('',#2682,#2631,#2684,.T.);
#2682 = VERTEX_POINT('',#2683);
#2683 = CARTESIAN_POINT('',(4.7607421875E-02,-22.66088867187,2.));
#2684 = SURFACE_CURVE('',#2685,(#2692,#2702),.PCURVE_S1.);
#2685 = B_SPLINE_CURVE_WITH_KNOTS('',5,(#2686,#2687,#2688,#2689,#2690,
    #2691),.UNSPECIFIED.,.F.,.F.,(6,6),(0.,1.),
  .PIECEWISE_BEZIER_KNOTS.);
#2686 = CARTESIAN_POINT('',(4.7607421875E-02,-22.66088867187,2.));
#2687 = CARTESIAN_POINT('',(0.126235691262,-22.57237301532,2.));
#2688 = CARTESIAN_POINT('',(0.195662278099,-22.48412016462,2.));
#2689 = CARTESIAN_POINT('',(0.254943428965,-22.39638428771,2.));
#2690 = CARTESIAN_POINT('',(0.303090298669,-22.30950304914,2.));
#2691 = CARTESIAN_POINT('',(0.33935546875,-22.22387695312,2.));
#2692 = PCURVE('',#73,#2693);
#2693 = DEFINITIONAL_REPRESENTATION('',(#2694),#2701);
#2694 = B_SPLINE_CURVE_WITH_KNOTS('',5,(#2695,#2696,#2697,#2698,#2699,
    #2700),.UNSPECIFIED.,.F.,.F.,(6,6),(0.,1.),
  .PIECEWISE_BEZIER_KNOTS.);
#2695 = CARTESIAN_POINT('',(4.7607421875E-02,-22.66088867187));
#2696 = CARTESIAN_POINT('',(0.126235691262,-22.57237301532));
#2697 = CARTESIAN_POINT('',(0.195662278099,-22.48412016462));
#2698 = CARTESIAN_POINT('',(0.254943428965,-22.39638428771));
#2699 = CARTESIAN_POINT('',(0.303090298669,-22.30950304914));
#2700 = CARTESIAN_POINT('',(0.33935546875,-22.22387695312));
#2701 = ( GEOMETRIC_REPRESENTATION_CONTEXT(2) 
PARAMETRIC_REPRESENTATION_CONTEXT() REPRESENTATION_CONTEXT('2D SPACE',''
  ) );
#2702 = PCURVE('',#2703,#2710);
#2703 = SURFACE_OF_LINEAR_EXTRUSION('',#2704,#2708);
#2704 = B_SPLINE_CURVE_WITH_KNOTS('',2,(#2705,#2706,#2707),
  .UNSPECIFIED.,.F.,.F.,(3,3),(0.,1.),.PIECEWISE_BEZIER_KNOTS.);
#2705 = CARTESIAN_POINT('',(0.33935546875,-22.22387695312,1.9));
#2706 = CARTESIAN_POINT('',(0.25146484375,-22.43139648437,1.9));
#2707 = CARTESIAN_POINT('',(4.7607421875E-02,-22.66088867187,1.9));
#2708 = VECTOR('',#2709,1.);
#2709 = DIRECTION('',(-0.,-0.,-1.));
#2710 = DEFINITIONAL_REPRESENTATION('',(#2711),#2718);
#2711 = B_SPLINE_CURVE_WITH_KNOTS('',5,(#2712,#2713,#2714,#2715,#2716,
    #2717),.UNSPECIFIED.,.F.,.F.,(6,6),(0.,1.),
  .PIECEWISE_BEZIER_KNOTS.);
#2712 = CARTESIAN_POINT('',(1.,-0.1));
#2713 = CARTESIAN_POINT('',(0.80714886742,-0.1));
#2714 = CARTESIAN_POINT('',(0.610418923519,-0.1));
#2715 = CARTESIAN_POINT('',(0.410007561375,-0.1));
#2716 = CARTESIAN_POINT('',(0.206308523127,-0.1));
#2717 = CARTESIAN_POINT('',(0.,-0.1));
#2718 = ( GEOMETRIC_REPRESENTATION_CONTEXT(2) 
PARAMETRIC_REPRESENTATION_CONTEXT() REPRESENTATION_CONTEXT('2D SPACE',''
  ) );
#2719 = ORIENTED_EDGE('',*,*,#2720,.F.);
#2720 = EDGE_CURVE('',#2721,#2682,#2723,.T.);
#2721 = VERTEX_POINT('',#2722);
#2722 = CARTESIAN_POINT('',(-0.6298828125,-23.29077148437,2.));
#2723 = SURFACE_CURVE('',#2724,(#2732,#2743),.PCURVE_S1.);
#2724 = B_SPLINE_CURVE_WITH_KNOTS('',6,(#2725,#2726,#2727,#2728,#2729,
    #2730,#2731),.UNSPECIFIED.,.F.,.F.,(7,7),(0.,1.),
  .PIECEWISE_BEZIER_KNOTS.);
#2725 = CARTESIAN_POINT('',(-0.6298828125,-23.29077148437,2.));
#2726 = CARTESIAN_POINT('',(-0.494124915749,-23.17600707681,2.));
#2727 = CARTESIAN_POINT('',(-0.364707937541,-23.0637852442,2.));
#2728 = CARTESIAN_POINT('',(-0.242628076034,-22.95440762282,2.));
#2729 = CARTESIAN_POINT('',(-0.130334482313,-22.84913831185,2.));
#2730 = CARTESIAN_POINT('',(-3.173005523893E-02,-22.75020271796,2.));
#2731 = CARTESIAN_POINT('',(4.7607421875E-02,-22.66088867187,2.));
#2732 = PCURVE('',#73,#2733);
#2733 = DEFINITIONAL_REPRESENTATION('',(#2734),#2742);
#2734 = B_SPLINE_CURVE_WITH_KNOTS('',6,(#2735,#2736,#2737,#2738,#2739,
    #2740,#2741),.UNSPECIFIED.,.F.,.F.,(7,7),(0.,1.),
  .PIECEWISE_BEZIER_KNOTS.);
#2735 = CARTESIAN_POINT('',(-0.6298828125,-23.29077148437));
#2736 = CARTESIAN_POINT('',(-0.494124915749,-23.17600707681));
#2737 = CARTESIAN_POINT('',(-0.364707937541,-23.0637852442));
#2738 = CARTESIAN_POINT('',(-0.242628076034,-22.95440762282));
#2739 = CARTESIAN_POINT('',(-0.130334482313,-22.84913831185));
#2740 = CARTESIAN_POINT('',(-3.173005523893E-02,-22.75020271796));
#2741 = CARTESIAN_POINT('',(4.7607421875E-02,-22.66088867187));
#2742 = ( GEOMETRIC_REPRESENTATION_CONTEXT(2) 
PARAMETRIC_REPRESENTATION_CONTEXT() REPRESENTATION_CONTEXT('2D SPACE',''
  ) );
#2743 = PCURVE('',#2744,#2751);
#2744 = SURFACE_OF_LINEAR_EXTRUSION('',#2745,#2749);
#2745 = B_SPLINE_CURVE_WITH_KNOTS('',2,(#2746,#2747,#2748),
  .UNSPECIFIED.,.F.,.F.,(3,3),(0.,1.),.PIECEWISE_BEZIER_KNOTS.);
#2746 = CARTESIAN_POINT('',(4.7607421875E-02,-22.66088867187,1.9));
#2747 = CARTESIAN_POINT('',(-0.15625,-22.89038085937,1.9));
#2748 = CARTESIAN_POINT('',(-0.6298828125,-23.29077148437,1.9));
#2749 = VECTOR('',#2750,1.);
#2750 = DIRECTION('',(-0.,-0.,-1.));
#2751 = DEFINITIONAL_REPRESENTATION('',(#2752),#2760);
#2752 = B_SPLINE_CURVE_WITH_KNOTS('',6,(#2753,#2754,#2755,#2756,#2757,
    #2758,#2759),.UNSPECIFIED.,.F.,.F.,(7,7),(0.,1.),
  .PIECEWISE_BEZIER_KNOTS.);
#2753 = CARTESIAN_POINT('',(1.,-0.1));
#2754 = CARTESIAN_POINT('',(0.856684447141,-0.1));
#2755 = CARTESIAN_POINT('',(0.706023249221,-0.1));
#2756 = CARTESIAN_POINT('',(0.546374982262,-0.1));
#2757 = CARTESIAN_POINT('',(0.376307686968,-1.E-01));
#2758 = CARTESIAN_POINT('',(0.19459060255,-0.1));
#2759 = CARTESIAN_POINT('',(0.,-0.1));
#2760 = ( GEOMETRIC_REPRESENTATION_CONTEXT(2) 
PARAMETRIC_REPRESENTATION_CONTEXT() REPRESENTATION_CONTEXT('2D SPACE',''
  ) );
#2761 = ORIENTED_EDGE('',*,*,#2762,.F.);
#2762 = EDGE_CURVE('',#2763,#2721,#2765,.T.);
#2763 = VERTEX_POINT('',#2764);
#2764 = CARTESIAN_POINT('',(-1.1376953125,-23.7412109375,2.));
#2765 = SURFACE_CURVE('',#2766,(#2775,#2787),.PCURVE_S1.);
#2766 = B_SPLINE_CURVE_WITH_KNOTS('',7,(#2767,#2768,#2769,#2770,#2771,
    #2772,#2773,#2774),.UNSPECIFIED.,.F.,.F.,(8,8),(0.,1.),
  .PIECEWISE_BEZIER_KNOTS.);
#2767 = CARTESIAN_POINT('',(-1.1376953125,-23.7412109375,2.));
#2768 = CARTESIAN_POINT('',(-1.100411674497,-23.70190101482,2.));
#2769 = CARTESIAN_POINT('',(-1.046545036855,-23.65057019657,2.));
#2770 = CARTESIAN_POINT('',(-0.979215411231,-23.58964766563,2.));
#2771 = CARTESIAN_POINT('',(-0.901786235016,-23.52166677327,2.));
#2772 = CARTESIAN_POINT('',(-0.816764865897,-23.44848939459,2.));
#2773 = CARTESIAN_POINT('',(-0.725879202867,-23.37136104665,2.));
#2774 = CARTESIAN_POINT('',(-0.6298828125,-23.29077148437,2.));
#2775 = PCURVE('',#73,#2776);
#2776 = DEFINITIONAL_REPRESENTATION('',(#2777),#2786);
#2777 = B_SPLINE_CURVE_WITH_KNOTS('',7,(#2778,#2779,#2780,#2781,#2782,
    #2783,#2784,#2785),.UNSPECIFIED.,.F.,.F.,(8,8),(0.,1.),
  .PIECEWISE_BEZIER_KNOTS.);
#2778 = CARTESIAN_POINT('',(-1.1376953125,-23.7412109375));
#2779 = CARTESIAN_POINT('',(-1.100411674497,-23.70190101482));
#2780 = CARTESIAN_POINT('',(-1.046545036855,-23.65057019657));
#2781 = CARTESIAN_POINT('',(-0.979215411231,-23.58964766563));
#2782 = CARTESIAN_POINT('',(-0.901786235016,-23.52166677327));
#2783 = CARTESIAN_POINT('',(-0.816764865897,-23.44848939459));
#2784 = CARTESIAN_POINT('',(-0.725879202867,-23.37136104665));
#2785 = CARTESIAN_POINT('',(-0.6298828125,-23.29077148437));
#2786 = ( GEOMETRIC_REPRESENTATION_CONTEXT(2) 
PARAMETRIC_REPRESENTATION_CONTEXT() REPRESENTATION_CONTEXT('2D SPACE',''
  ) );
#2787 = PCURVE('',#2788,#2795);
#2788 = SURFACE_OF_LINEAR_EXTRUSION('',#2789,#2793);
#2789 = B_SPLINE_CURVE_WITH_KNOTS('',2,(#2790,#2791,#2792),
  .UNSPECIFIED.,.F.,.F.,(3,3),(0.,1.),.PIECEWISE_BEZIER_KNOTS.);
#2790 = CARTESIAN_POINT('',(-0.6298828125,-23.29077148437,1.9));
#2791 = CARTESIAN_POINT('',(-1.025390625,-23.62280273437,1.9));
#2792 = CARTESIAN_POINT('',(-1.1376953125,-23.7412109375,1.9));
#2793 = VECTOR('',#2794,1.);
#2794 = DIRECTION('',(-0.,-0.,-1.));
#2795 = DEFINITIONAL_REPRESENTATION('',(#2796),#2805);
#2796 = B_SPLINE_CURVE_WITH_KNOTS('',7,(#2797,#2798,#2799,#2800,#2801,
    #2802,#2803,#2804),.UNSPECIFIED.,.F.,.F.,(8,8),(0.,1.),
  .PIECEWISE_BEZIER_KNOTS.);
#2797 = CARTESIAN_POINT('',(1.,-0.1));
#2798 = CARTESIAN_POINT('',(0.834006759501,-0.1));
#2799 = CARTESIAN_POINT('',(0.675252333276,-0.1));
#2800 = CARTESIAN_POINT('',(0.524860395861,-1.E-01));
#2801 = CARTESIAN_POINT('',(0.382775682627,-0.1));
#2802 = CARTESIAN_POINT('',(0.248561182192,-1.E-01));
#2803 = CARTESIAN_POINT('',(0.121358399673,-0.1));
#2804 = CARTESIAN_POINT('',(0.,-0.1));
#2805 = ( GEOMETRIC_REPRESENTATION_CONTEXT(2) 
PARAMETRIC_REPRESENTATION_CONTEXT() REPRESENTATION_CONTEXT('2D SPACE',''
  ) );
#2806 = ORIENTED_EDGE('',*,*,#2807,.F.);
#2807 = EDGE_CURVE('',#1860,#2763,#2808,.T.);
#2808 = SURFACE_CURVE('',#2809,(#2815,#2824),.PCURVE_S1.);
#2809 = B_SPLINE_CURVE_WITH_KNOTS('',4,(#2810,#2811,#2812,#2813,#2814),
  .UNSPECIFIED.,.F.,.F.,(5,5),(0.,1.),.PIECEWISE_BEZIER_KNOTS.);
#2810 = CARTESIAN_POINT('',(-1.3232421875,-23.97924804687,2.));
#2811 = CARTESIAN_POINT('',(-1.286403087386,-23.91907751668,2.));
#2812 = CARTESIAN_POINT('',(-1.243099889772,-23.85931594784,2.));
#2813 = CARTESIAN_POINT('',(-1.193467079355,-23.80001377864,2.));
#2814 = CARTESIAN_POINT('',(-1.1376953125,-23.7412109375,2.));
#2815 = PCURVE('',#73,#2816);
#2816 = DEFINITIONAL_REPRESENTATION('',(#2817),#2823);
#2817 = B_SPLINE_CURVE_WITH_KNOTS('',4,(#2818,#2819,#2820,#2821,#2822),
  .UNSPECIFIED.,.F.,.F.,(5,5),(0.,1.),.PIECEWISE_BEZIER_KNOTS.);
#2818 = CARTESIAN_POINT('',(-1.3232421875,-23.97924804687));
#2819 = CARTESIAN_POINT('',(-1.286403087386,-23.91907751668));
#2820 = CARTESIAN_POINT('',(-1.243099889772,-23.85931594784));
#2821 = CARTESIAN_POINT('',(-1.193467079355,-23.80001377864));
#2822 = CARTESIAN_POINT('',(-1.1376953125,-23.7412109375));
#2823 = ( GEOMETRIC_REPRESENTATION_CONTEXT(2) 
PARAMETRIC_REPRESENTATION_CONTEXT() REPRESENTATION_CONTEXT('2D SPACE',''
  ) );
#2824 = PCURVE('',#2825,#2832);
#2825 = SURFACE_OF_LINEAR_EXTRUSION('',#2826,#2830);
#2826 = B_SPLINE_CURVE_WITH_KNOTS('',2,(#2827,#2828,#2829),
  .UNSPECIFIED.,.F.,.F.,(3,3),(0.,1.),.PIECEWISE_BEZIER_KNOTS.);
#2827 = CARTESIAN_POINT('',(-1.1376953125,-23.7412109375,1.9));
#2828 = CARTESIAN_POINT('',(-1.25,-23.85961914062,1.9));
#2829 = CARTESIAN_POINT('',(-1.3232421875,-23.97924804687,1.9));
#2830 = VECTOR('',#2831,1.);
#2831 = DIRECTION('',(-0.,-0.,-1.));
#2832 = DEFINITIONAL_REPRESENTATION('',(#2833),#2839);
#2833 = B_SPLINE_CURVE_WITH_KNOTS('',4,(#2834,#2835,#2836,#2837,#2838),
  .UNSPECIFIED.,.F.,.F.,(5,5),(0.,1.),.PIECEWISE_BEZIER_KNOTS.);
#2834 = CARTESIAN_POINT('',(1.,-0.1));
#2835 = CARTESIAN_POINT('',(0.748511743225,-0.1));
#2836 = CARTESIAN_POINT('',(0.497872248583,-0.1));
#2837 = CARTESIAN_POINT('',(0.248305605477,-0.1));
#2838 = CARTESIAN_POINT('',(0.,-0.1));
#2839 = ( GEOMETRIC_REPRESENTATION_CONTEXT(2) 
PARAMETRIC_REPRESENTATION_CONTEXT() REPRESENTATION_CONTEXT('2D SPACE',''
  ) );
#2840 = FACE_BOUND('',#2841,.T.);
#2841 = EDGE_LOOP('',(#2842,#2871,#2898,#2925));
#2842 = ORIENTED_EDGE('',*,*,#2843,.F.);
#2843 = EDGE_CURVE('',#2844,#2846,#2848,.T.);
#2844 = VERTEX_POINT('',#2845);
#2845 = CARTESIAN_POINT('',(1.14990234375,-24.40161132812,2.));
#2846 = VERTEX_POINT('',#2847);
#2847 = CARTESIAN_POINT('',(1.650390625,-24.40161132812,2.));
#2848 = SURFACE_CURVE('',#2849,(#2853,#2860),.PCURVE_S1.);
#2849 = LINE('',#2850,#2851);
#2850 = CARTESIAN_POINT('',(0.8251953125,-24.40161132812,2.));
#2851 = VECTOR('',#2852,1.);
#2852 = DIRECTION('',(1.,0.,-0.));
#2853 = PCURVE('',#73,#2854);
#2854 = DEFINITIONAL_REPRESENTATION('',(#2855),#2859);
#2855 = LINE('',#2856,#2857);
#2856 = CARTESIAN_POINT('',(0.8251953125,-24.40161132812));
#2857 = VECTOR('',#2858,1.);
#2858 = DIRECTION('',(1.,0.));
#2859 = ( GEOMETRIC_REPRESENTATION_CONTEXT(2) 
PARAMETRIC_REPRESENTATION_CONTEXT() REPRESENTATION_CONTEXT('2D SPACE',''
  ) );
#2860 = PCURVE('',#2861,#2866);
#2861 = PLANE('',#2862);
#2862 = AXIS2_PLACEMENT_3D('',#2863,#2864,#2865);
#2863 = CARTESIAN_POINT('',(1.650390625,-24.40161132812,1.9));
#2864 = DIRECTION('',(0.,-1.,0.));
#2865 = DIRECTION('',(-1.,0.,0.));
#2866 = DEFINITIONAL_REPRESENTATION('',(#2867),#2870);
#2867 = B_SPLINE_CURVE_WITH_KNOTS('',1,(#2868,#2869),.UNSPECIFIED.,.F.,
  .F.,(2,2),(0.32470703125,0.8251953125),.PIECEWISE_BEZIER_KNOTS.);
#2868 = CARTESIAN_POINT('',(0.50048828125,-0.1));
#2869 = CARTESIAN_POINT('',(0.,-0.1));
#2870 = ( GEOMETRIC_REPRESENTATION_CONTEXT(2) 
PARAMETRIC_REPRESENTATION_CONTEXT() REPRESENTATION_CONTEXT('2D SPACE',''
  ) );
#2871 = ORIENTED_EDGE('',*,*,#2872,.F.);
#2872 = EDGE_CURVE('',#2873,#2844,#2875,.T.);
#2873 = VERTEX_POINT('',#2874);
#2874 = CARTESIAN_POINT('',(1.14990234375,-23.90112304687,2.));
#2875 = SURFACE_CURVE('',#2876,(#2880,#2887),.PCURVE_S1.);
#2876 = LINE('',#2877,#2878);
#2877 = CARTESIAN_POINT('',(1.14990234375,-22.32580566406,2.));
#2878 = VECTOR('',#2879,1.);
#2879 = DIRECTION('',(0.,-1.,0.));
#2880 = PCURVE('',#73,#2881);
#2881 = DEFINITIONAL_REPRESENTATION('',(#2882),#2886);
#2882 = LINE('',#2883,#2884);
#2883 = CARTESIAN_POINT('',(1.14990234375,-22.32580566406));
#2884 = VECTOR('',#2885,1.);
#2885 = DIRECTION('',(0.,-1.));
#2886 = ( GEOMETRIC_REPRESENTATION_CONTEXT(2) 
PARAMETRIC_REPRESENTATION_CONTEXT() REPRESENTATION_CONTEXT('2D SPACE',''
  ) );
#2887 = PCURVE('',#2888,#2893);
#2888 = PLANE('',#2889);
#2889 = AXIS2_PLACEMENT_3D('',#2890,#2891,#2892);
#2890 = CARTESIAN_POINT('',(1.14990234375,-24.40161132812,1.9));
#2891 = DIRECTION('',(-1.,0.,0.));
#2892 = DIRECTION('',(0.,1.,0.));
#2893 = DEFINITIONAL_REPRESENTATION('',(#2894),#2897);
#2894 = B_SPLINE_CURVE_WITH_KNOTS('',1,(#2895,#2896),.UNSPECIFIED.,.F.,
  .F.,(2,2),(1.575317382812,2.075805664062),.PIECEWISE_BEZIER_KNOTS.);
#2895 = CARTESIAN_POINT('',(0.50048828125,-0.1));
#2896 = CARTESIAN_POINT('',(0.,-0.1));
#2897 = ( GEOMETRIC_REPRESENTATION_CONTEXT(2) 
PARAMETRIC_REPRESENTATION_CONTEXT() REPRESENTATION_CONTEXT('2D SPACE',''
  ) );
#2898 = ORIENTED_EDGE('',*,*,#2899,.F.);
#2899 = EDGE_CURVE('',#2900,#2873,#2902,.T.);
#2900 = VERTEX_POINT('',#2901);
#2901 = CARTESIAN_POINT('',(1.650390625,-23.90112304687,2.));
#2902 = SURFACE_CURVE('',#2903,(#2907,#2914),.PCURVE_S1.);
#2903 = LINE('',#2904,#2905);
#2904 = CARTESIAN_POINT('',(0.574951171875,-23.90112304687,2.));
#2905 = VECTOR('',#2906,1.);
#2906 = DIRECTION('',(-1.,0.,0.));
#2907 = PCURVE('',#73,#2908);
#2908 = DEFINITIONAL_REPRESENTATION('',(#2909),#2913);
#2909 = LINE('',#2910,#2911);
#2910 = CARTESIAN_POINT('',(0.574951171875,-23.90112304687));
#2911 = VECTOR('',#2912,1.);
#2912 = DIRECTION('',(-1.,0.));
#2913 = ( GEOMETRIC_REPRESENTATION_CONTEXT(2) 
PARAMETRIC_REPRESENTATION_CONTEXT() REPRESENTATION_CONTEXT('2D SPACE',''
  ) );
#2914 = PCURVE('',#2915,#2920);
#2915 = PLANE('',#2916);
#2916 = AXIS2_PLACEMENT_3D('',#2917,#2918,#2919);
#2917 = CARTESIAN_POINT('',(1.14990234375,-23.90112304687,1.9));
#2918 = DIRECTION('',(0.,1.,0.));
#2919 = DIRECTION('',(1.,0.,0.));
#2920 = DEFINITIONAL_REPRESENTATION('',(#2921),#2924);
#2921 = B_SPLINE_CURVE_WITH_KNOTS('',1,(#2922,#2923),.UNSPECIFIED.,.F.,
  .F.,(2,2),(-1.075439453125,-0.574951171875),.PIECEWISE_BEZIER_KNOTS.);
#2922 = CARTESIAN_POINT('',(0.50048828125,-0.1));
#2923 = CARTESIAN_POINT('',(0.,-0.1));
#2924 = ( GEOMETRIC_REPRESENTATION_CONTEXT(2) 
PARAMETRIC_REPRESENTATION_CONTEXT() REPRESENTATION_CONTEXT('2D SPACE',''
  ) );
#2925 = ORIENTED_EDGE('',*,*,#2926,.F.);
#2926 = EDGE_CURVE('',#2846,#2900,#2927,.T.);
#2927 = SURFACE_CURVE('',#2928,(#2932,#2939),.PCURVE_S1.);
#2928 = LINE('',#2929,#2930);
#2929 = CARTESIAN_POINT('',(1.650390625,-22.07556152343,2.));
#2930 = VECTOR('',#2931,1.);
#2931 = DIRECTION('',(0.,1.,0.));
#2932 = PCURVE('',#73,#2933);
#2933 = DEFINITIONAL_REPRESENTATION('',(#2934),#2938);
#2934 = LINE('',#2935,#2936);
#2935 = CARTESIAN_POINT('',(1.650390625,-22.07556152343));
#2936 = VECTOR('',#2937,1.);
#2937 = DIRECTION('',(0.,1.));
#2938 = ( GEOMETRIC_REPRESENTATION_CONTEXT(2) 
PARAMETRIC_REPRESENTATION_CONTEXT() REPRESENTATION_CONTEXT('2D SPACE',''
  ) );
#2939 = PCURVE('',#2940,#2945);
#2940 = PLANE('',#2941);
#2941 = AXIS2_PLACEMENT_3D('',#2942,#2943,#2944);
#2942 = CARTESIAN_POINT('',(1.650390625,-23.90112304687,1.9));
#2943 = DIRECTION('',(1.,0.,0.));
#2944 = DIRECTION('',(0.,-1.,0.));
#2945 = DEFINITIONAL_REPRESENTATION('',(#2946),#2949);
#2946 = B_SPLINE_CURVE_WITH_KNOTS('',1,(#2947,#2948),.UNSPECIFIED.,.F.,
  .F.,(2,2),(-2.326049804688,-1.825561523438),.PIECEWISE_BEZIER_KNOTS.);
#2947 = CARTESIAN_POINT('',(0.50048828125,-0.1));
#2948 = CARTESIAN_POINT('',(0.,-0.1));
#2949 = ( GEOMETRIC_REPRESENTATION_CONTEXT(2) 
PARAMETRIC_REPRESENTATION_CONTEXT() REPRESENTATION_CONTEXT('2D SPACE',''
  ) );
#2950 = FACE_BOUND('',#2951,.T.);
#2951 = EDGE_LOOP('',(#2952,#2981,#3023,#3074,#3125,#3164,#3209,#3260,
    #3311,#3362,#3419,#3470,#3521,#3572,#3635,#3692,#3749,#3812,#3869));
#2952 = ORIENTED_EDGE('',*,*,#2953,.F.);
#2953 = EDGE_CURVE('',#2954,#2956,#2958,.T.);
#2954 = VERTEX_POINT('',#2955);
#2955 = CARTESIAN_POINT('',(4.1357421875,-21.73315429687,2.));
#2956 = VERTEX_POINT('',#2957);
#2957 = CARTESIAN_POINT('',(4.57275390625,-21.69897460937,2.));
#2958 = SURFACE_CURVE('',#2959,(#2963,#2970),.PCURVE_S1.);
#2959 = LINE('',#2960,#2961);
#2960 = CARTESIAN_POINT('',(2.356597354166,-21.87230528942,2.));
#2961 = VECTOR('',#2962,1.);
#2962 = DIRECTION('',(0.996955380034,7.797416380157E-02,-0.));
#2963 = PCURVE('',#73,#2964);
#2964 = DEFINITIONAL_REPRESENTATION('',(#2965),#2969);
#2965 = LINE('',#2966,#2967);
#2966 = CARTESIAN_POINT('',(2.356597354166,-21.87230528942));
#2967 = VECTOR('',#2968,1.);
#2968 = DIRECTION('',(0.996955380034,7.797416380157E-02));
#2969 = ( GEOMETRIC_REPRESENTATION_CONTEXT(2) 
PARAMETRIC_REPRESENTATION_CONTEXT() REPRESENTATION_CONTEXT('2D SPACE',''
  ) );
#2970 = PCURVE('',#2971,#2976);
#2971 = PLANE('',#2972);
#2972 = AXIS2_PLACEMENT_3D('',#2973,#2974,#2975);
#2973 = CARTESIAN_POINT('',(4.57275390625,-21.69897460937,1.9));
#2974 = DIRECTION('',(7.797416380157E-02,-0.996955380034,0.));
#2975 = DIRECTION('',(-0.996955380034,-7.797416380157E-02,0.));
#2976 = DEFINITIONAL_REPRESENTATION('',(#2977),#2980);
#2977 = B_SPLINE_CURVE_WITH_KNOTS('',1,(#2978,#2979),.UNSPECIFIED.,.F.,
  .F.,(2,2),(1.784578195739,2.222924512437),.PIECEWISE_BEZIER_KNOTS.);
#2978 = CARTESIAN_POINT('',(0.438346316698,-0.1));
#2979 = CARTESIAN_POINT('',(0.,-0.1));
#2980 = ( GEOMETRIC_REPRESENTATION_CONTEXT(2) 
PARAMETRIC_REPRESENTATION_CONTEXT() REPRESENTATION_CONTEXT('2D SPACE',''
  ) );
#2981 = ORIENTED_EDGE('',*,*,#2982,.F.);
#2982 = EDGE_CURVE('',#2983,#2954,#2985,.T.);
#2983 = VERTEX_POINT('',#2984);
#2984 = CARTESIAN_POINT('',(3.9697265625,-21.35717773437,2.));
#2985 = SURFACE_CURVE('',#2986,(#2994,#3005),.PCURVE_S1.);
#2986 = B_SPLINE_CURVE_WITH_KNOTS('',6,(#2987,#2988,#2989,#2990,#2991,
    #2992,#2993),.UNSPECIFIED.,.F.,.F.,(7,7),(0.,1.),
  .PIECEWISE_BEZIER_KNOTS.);
#2987 = CARTESIAN_POINT('',(3.9697265625,-21.35717773437,2.));
#2988 = CARTESIAN_POINT('',(4.006729078397,-21.39754411535,2.));
#2989 = CARTESIAN_POINT('',(4.039941381486,-21.44764872376,2.));
#2990 = CARTESIAN_POINT('',(4.069320419798,-21.50700297067,2.));
#2991 = CARTESIAN_POINT('',(4.094962342969,-21.5748924057,2.));
#2992 = CARTESIAN_POINT('',(4.117035320673,-21.65053230172,2.));
#2993 = CARTESIAN_POINT('',(4.1357421875,-21.73315429687,2.));
#2994 = PCURVE('',#73,#2995);
#2995 = DEFINITIONAL_REPRESENTATION('',(#2996),#3004);
#2996 = B_SPLINE_CURVE_WITH_KNOTS('',6,(#2997,#2998,#2999,#3000,#3001,
    #3002,#3003),.UNSPECIFIED.,.F.,.F.,(7,7),(0.,1.),
  .PIECEWISE_BEZIER_KNOTS.);
#2997 = CARTESIAN_POINT('',(3.9697265625,-21.35717773437));
#2998 = CARTESIAN_POINT('',(4.006729078397,-21.39754411535));
#2999 = CARTESIAN_POINT('',(4.039941381486,-21.44764872376));
#3000 = CARTESIAN_POINT('',(4.069320419798,-21.50700297067));
#3001 = CARTESIAN_POINT('',(4.094962342969,-21.5748924057));
#3002 = CARTESIAN_POINT('',(4.117035320673,-21.65053230172));
#3003 = CARTESIAN_POINT('',(4.1357421875,-21.73315429687));
#3004 = ( GEOMETRIC_REPRESENTATION_CONTEXT(2) 
PARAMETRIC_REPRESENTATION_CONTEXT() REPRESENTATION_CONTEXT('2D SPACE',''
  ) );
#3005 = PCURVE('',#3006,#3013);
#3006 = SURFACE_OF_LINEAR_EXTRUSION('',#3007,#3011);
#3007 = B_SPLINE_CURVE_WITH_KNOTS('',2,(#3008,#3009,#3010),
  .UNSPECIFIED.,.F.,.F.,(3,3),(0.,1.),.PIECEWISE_BEZIER_KNOTS.);
#3008 = CARTESIAN_POINT('',(4.1357421875,-21.73315429687,1.9));
#3009 = CARTESIAN_POINT('',(4.0771484375,-21.47436523437,1.9));
#3010 = CARTESIAN_POINT('',(3.9697265625,-21.35717773437,1.9));
#3011 = VECTOR('',#3012,1.);
#3012 = DIRECTION('',(-0.,-0.,-1.));
#3013 = DEFINITIONAL_REPRESENTATION('',(#3014),#3022);
#3014 = B_SPLINE_CURVE_WITH_KNOTS('',6,(#3015,#3016,#3017,#3018,#3019,
    #3020,#3021),.UNSPECIFIED.,.F.,.F.,(7,7),(0.,1.),
  .PIECEWISE_BEZIER_KNOTS.);
#3015 = CARTESIAN_POINT('',(1.,-0.1));
#3016 = CARTESIAN_POINT('',(0.827770107826,-0.1));
#3017 = CARTESIAN_POINT('',(0.657002027794,-0.1));
#3018 = CARTESIAN_POINT('',(0.4884112066,-0.1));
#3019 = CARTESIAN_POINT('',(0.322505698035,-1.E-01));
#3020 = CARTESIAN_POINT('',(0.159631930261,-0.1));
#3021 = CARTESIAN_POINT('',(0.,-0.1));
#3022 = ( GEOMETRIC_REPRESENTATION_CONTEXT(2) 
PARAMETRIC_REPRESENTATION_CONTEXT() REPRESENTATION_CONTEXT('2D SPACE',''
  ) );
#3023 = ORIENTED_EDGE('',*,*,#3024,.F.);
#3024 = EDGE_CURVE('',#3025,#2983,#3027,.T.);
#3025 = VERTEX_POINT('',#3026);
#3026 = CARTESIAN_POINT('',(3.5302734375,-21.16918945312,2.));
#3027 = SURFACE_CURVE('',#3028,(#3039,#3053),.PCURVE_S1.);
#3028 = B_SPLINE_CURVE_WITH_KNOTS('',5,(#3029,#3030,#3031,#3032,#3033,
    #3034,#3035,#3036,#3037,#3038),.UNSPECIFIED.,.F.,.F.,(6,4,6),(0.,
    0.514148543481,1.),.UNSPECIFIED.);
#3029 = CARTESIAN_POINT('',(3.5302734375,-21.16918945312,2.));
#3030 = CARTESIAN_POINT('',(3.583350625453,-21.16918945312,2.));
#3031 = CARTESIAN_POINT('',(3.634748051442,-21.17403985562,2.));
#3032 = CARTESIAN_POINT('',(3.684253683782,-21.18390960778,2.));
#3033 = CARTESIAN_POINT('',(3.731681789875,-21.19886981047,2.));
#3034 = CARTESIAN_POINT('',(3.819606258478,-21.23774066765,2.));
#3035 = CARTESIAN_POINT('',(3.860343868105,-21.26111491116,2.));
#3036 = CARTESIAN_POINT('',(3.898978863668,-21.28892471415,2.));
#3037 = CARTESIAN_POINT('',(3.935446591798,-21.32101940911,2.));
#3038 = CARTESIAN_POINT('',(3.9697265625,-21.35717773437,2.));
#3039 = PCURVE('',#73,#3040);
#3040 = DEFINITIONAL_REPRESENTATION('',(#3041),#3052);
#3041 = B_SPLINE_CURVE_WITH_KNOTS('',5,(#3042,#3043,#3044,#3045,#3046,
    #3047,#3048,#3049,#3050,#3051),.UNSPECIFIED.,.F.,.F.,(6,4,6),(0.,
    0.514148543481,1.),.UNSPECIFIED.);
#3042 = CARTESIAN_POINT('',(3.5302734375,-21.16918945312));
#3043 = CARTESIAN_POINT('',(3.583350625453,-21.16918945312));
#3044 = CARTESIAN_POINT('',(3.634748051442,-21.17403985562));
#3045 = CARTESIAN_POINT('',(3.684253683782,-21.18390960778));
#3046 = CARTESIAN_POINT('',(3.731681789875,-21.19886981047));
#3047 = CARTESIAN_POINT('',(3.819606258478,-21.23774066765));
#3048 = CARTESIAN_POINT('',(3.860343868105,-21.26111491116));
#3049 = CARTESIAN_POINT('',(3.898978863668,-21.28892471415));
#3050 = CARTESIAN_POINT('',(3.935446591798,-21.32101940911));
#3051 = CARTESIAN_POINT('',(3.9697265625,-21.35717773437));
#3052 = ( GEOMETRIC_REPRESENTATION_CONTEXT(2) 
PARAMETRIC_REPRESENTATION_CONTEXT() REPRESENTATION_CONTEXT('2D SPACE',''
  ) );
#3053 = PCURVE('',#3054,#3061);
#3054 = SURFACE_OF_LINEAR_EXTRUSION('',#3055,#3059);
#3055 = B_SPLINE_CURVE_WITH_KNOTS('',2,(#3056,#3057,#3058),
  .UNSPECIFIED.,.F.,.F.,(3,3),(0.,1.),.PIECEWISE_BEZIER_KNOTS.);
#3056 = CARTESIAN_POINT('',(3.9697265625,-21.35717773437,1.9));
#3057 = CARTESIAN_POINT('',(3.79150390625,-21.16918945312,1.9));
#3058 = CARTESIAN_POINT('',(3.5302734375,-21.16918945312,1.9));
#3059 = VECTOR('',#3060,1.);
#3060 = DIRECTION('',(-0.,-0.,-1.));
#3061 = DEFINITIONAL_REPRESENTATION('',(#3062),#3073);
#3062 = B_SPLINE_CURVE_WITH_KNOTS('',5,(#3063,#3064,#3065,#3066,#3067,
    #3068,#3069,#3070,#3071,#3072),.UNSPECIFIED.,.F.,.F.,(6,4,6),(0.,
    0.514148543481,1.),.UNSPECIFIED.);
#3063 = CARTESIAN_POINT('',(1.,-0.1));
#3064 = CARTESIAN_POINT('',(0.898409270161,-0.1));
#3065 = CARTESIAN_POINT('',(0.795934313059,-0.1));
#3066 = CARTESIAN_POINT('',(0.692838175423,-0.1));
#3067 = CARTESIAN_POINT('',(0.589416261936,-0.1));
#3068 = CARTESIAN_POINT('',(0.388275437466,-0.1));
#3069 = CARTESIAN_POINT('',(0.290548123326,-0.1));
#3070 = CARTESIAN_POINT('',(0.193096533789,-0.1));
#3071 = CARTESIAN_POINT('',(9.617175342285E-02,-0.1));
#3072 = CARTESIAN_POINT('',(0.,-0.1));
#3073 = ( GEOMETRIC_REPRESENTATION_CONTEXT(2) 
PARAMETRIC_REPRESENTATION_CONTEXT() REPRESENTATION_CONTEXT('2D SPACE',''
  ) );
#3074 = ORIENTED_EDGE('',*,*,#3075,.F.);
#3075 = EDGE_CURVE('',#3076,#3025,#3078,.T.);
#3076 = VERTEX_POINT('',#3077);
#3077 = CARTESIAN_POINT('',(3.16162109375,-21.28637695312,2.));
#3078 = SURFACE_CURVE('',#3079,(#3090,#3104),.PCURVE_S1.);
#3079 = B_SPLINE_CURVE_WITH_KNOTS('',5,(#3080,#3081,#3082,#3083,#3084,
    #3085,#3086,#3087,#3088,#3089),.UNSPECIFIED.,.F.,.F.,(6,4,6),(0.,
    0.341331000452,1.),.UNSPECIFIED.);
#3080 = CARTESIAN_POINT('',(3.16162109375,-21.28637695312,2.));
#3081 = CARTESIAN_POINT('',(3.183282057687,-21.27038116437,2.));
#3082 = CARTESIAN_POINT('',(3.205575869457,-21.25572350681,2.));
#3083 = CARTESIAN_POINT('',(3.228494815104,-21.24242172749,2.));
#3084 = CARTESIAN_POINT('',(3.252028271247,-21.23048769948,2.));
#3085 = CARTESIAN_POINT('',(3.322735103616,-21.19954917473,2.));
#3086 = CARTESIAN_POINT('',(3.37154655344,-21.1842858626,2.));
#3087 = CARTESIAN_POINT('',(3.422497588213,-21.17418165281,2.));
#3088 = CARTESIAN_POINT('',(3.475457825898,-21.16918945312,2.));
#3089 = CARTESIAN_POINT('',(3.5302734375,-21.16918945312,2.));
#3090 = PCURVE('',#73,#3091);
#3091 = DEFINITIONAL_REPRESENTATION('',(#3092),#3103);
#3092 = B_SPLINE_CURVE_WITH_KNOTS('',5,(#3093,#3094,#3095,#3096,#3097,
    #3098,#3099,#3100,#3101,#3102),.UNSPECIFIED.,.F.,.F.,(6,4,6),(0.,
    0.341331000452,1.),.UNSPECIFIED.);
#3093 = CARTESIAN_POINT('',(3.16162109375,-21.28637695312));
#3094 = CARTESIAN_POINT('',(3.183282057687,-21.27038116437));
#3095 = CARTESIAN_POINT('',(3.205575869457,-21.25572350681));
#3096 = CARTESIAN_POINT('',(3.228494815104,-21.24242172749));
#3097 = CARTESIAN_POINT('',(3.252028271247,-21.23048769948));
#3098 = CARTESIAN_POINT('',(3.322735103616,-21.19954917473));
#3099 = CARTESIAN_POINT('',(3.37154655344,-21.1842858626));
#3100 = CARTESIAN_POINT('',(3.422497588213,-21.17418165281));
#3101 = CARTESIAN_POINT('',(3.475457825898,-21.16918945312));
#3102 = CARTESIAN_POINT('',(3.5302734375,-21.16918945312));
#3103 = ( GEOMETRIC_REPRESENTATION_CONTEXT(2) 
PARAMETRIC_REPRESENTATION_CONTEXT() REPRESENTATION_CONTEXT('2D SPACE',''
  ) );
#3104 = PCURVE('',#3105,#3112);
#3105 = SURFACE_OF_LINEAR_EXTRUSION('',#3106,#3110);
#3106 = B_SPLINE_CURVE_WITH_KNOTS('',2,(#3107,#3108,#3109),
  .UNSPECIFIED.,.F.,.F.,(3,3),(0.,1.),.PIECEWISE_BEZIER_KNOTS.);
#3107 = CARTESIAN_POINT('',(3.5302734375,-21.16918945312,1.9));
#3108 = CARTESIAN_POINT('',(3.3203125,-21.16918945312,1.9));
#3109 = CARTESIAN_POINT('',(3.16162109375,-21.28637695312,1.9));
#3110 = VECTOR('',#3111,1.);
#3111 = DIRECTION('',(-0.,-0.,-1.));
#3112 = DEFINITIONAL_REPRESENTATION('',(#3113),#3124);
#3113 = B_SPLINE_CURVE_WITH_KNOTS('',5,(#3114,#3115,#3116,#3117,#3118,
    #3119,#3120,#3121,#3122,#3123),.UNSPECIFIED.,.F.,.F.,(6,4,6),(0.,
    0.341331000452,1.),.UNSPECIFIED.);
#3114 = CARTESIAN_POINT('',(1.,-0.1));
#3115 = CARTESIAN_POINT('',(0.931751301318,-0.1));
#3116 = CARTESIAN_POINT('',(0.86338968774,-0.1));
#3117 = CARTESIAN_POINT('',(0.794952019186,-0.1));
#3118 = CARTESIAN_POINT('',(0.726475964211,-0.1));
#3119 = CARTESIAN_POINT('',(0.525861416689,-0.1));
#3120 = CARTESIAN_POINT('',(0.393719815642,-0.1));
#3121 = CARTESIAN_POINT('',(0.261858081697,-0.1));
#3122 = CARTESIAN_POINT('',(0.130537642512,-0.1));
#3123 = CARTESIAN_POINT('',(0.,-0.1));
#3124 = ( GEOMETRIC_REPRESENTATION_CONTEXT(2) 
PARAMETRIC_REPRESENTATION_CONTEXT() REPRESENTATION_CONTEXT('2D SPACE',''
  ) );
#3125 = ORIENTED_EDGE('',*,*,#3126,.F.);
#3126 = EDGE_CURVE('',#3127,#3076,#3129,.T.);
#3127 = VERTEX_POINT('',#3128);
#3128 = CARTESIAN_POINT('',(2.83447265625,-21.72827148437,2.));
#3129 = SURFACE_CURVE('',#3130,(#3137,#3147),.PCURVE_S1.);
#3130 = B_SPLINE_CURVE_WITH_KNOTS('',5,(#3131,#3132,#3133,#3134,#3135,
    #3136),.UNSPECIFIED.,.F.,.F.,(6,6),(0.,1.),
  .PIECEWISE_BEZIER_KNOTS.);
#3131 = CARTESIAN_POINT('',(2.83447265625,-21.72827148437,2.));
#3132 = CARTESIAN_POINT('',(2.880861093479,-21.6156138511,2.));
#3133 = CARTESIAN_POINT('',(2.936485497786,-21.51366508468,2.));
#3134 = CARTESIAN_POINT('',(3.001837374655,-21.42400966364,2.));
#3135 = CARTESIAN_POINT('',(3.077081697498,-21.34804098333,2.));
#3136 = CARTESIAN_POINT('',(3.16162109375,-21.28637695312,2.));
#3137 = PCURVE('',#73,#3138);
#3138 = DEFINITIONAL_REPRESENTATION('',(#3139),#3146);
#3139 = B_SPLINE_CURVE_WITH_KNOTS('',5,(#3140,#3141,#3142,#3143,#3144,
    #3145),.UNSPECIFIED.,.F.,.F.,(6,6),(0.,1.),
  .PIECEWISE_BEZIER_KNOTS.);
#3140 = CARTESIAN_POINT('',(2.83447265625,-21.72827148437));
#3141 = CARTESIAN_POINT('',(2.880861093479,-21.6156138511));
#3142 = CARTESIAN_POINT('',(2.936485497786,-21.51366508468));
#3143 = CARTESIAN_POINT('',(3.001837374655,-21.42400966364));
#3144 = CARTESIAN_POINT('',(3.077081697498,-21.34804098333));
#3145 = CARTESIAN_POINT('',(3.16162109375,-21.28637695312));
#3146 = ( GEOMETRIC_REPRESENTATION_CONTEXT(2) 
PARAMETRIC_REPRESENTATION_CONTEXT() REPRESENTATION_CONTEXT('2D SPACE',''
  ) );
#3147 = PCURVE('',#3148,#3155);
#3148 = SURFACE_OF_LINEAR_EXTRUSION('',#3149,#3153);
#3149 = B_SPLINE_CURVE_WITH_KNOTS('',2,(#3150,#3151,#3152),
  .UNSPECIFIED.,.F.,.F.,(3,3),(0.,1.),.PIECEWISE_BEZIER_KNOTS.);
#3150 = CARTESIAN_POINT('',(3.16162109375,-21.28637695312,1.9));
#3151 = CARTESIAN_POINT('',(2.9541015625,-21.43774414062,1.9));
#3152 = CARTESIAN_POINT('',(2.83447265625,-21.72827148437,1.9));
#3153 = VECTOR('',#3154,1.);
#3154 = DIRECTION('',(-0.,-0.,-1.));
#3155 = DEFINITIONAL_REPRESENTATION('',(#3156),#3163);
#3156 = B_SPLINE_CURVE_WITH_KNOTS('',5,(#3157,#3158,#3159,#3160,#3161,
    #3162),.UNSPECIFIED.,.F.,.F.,(6,6),(0.,1.),
  .PIECEWISE_BEZIER_KNOTS.);
#3157 = CARTESIAN_POINT('',(1.,-0.1));
#3158 = CARTESIAN_POINT('',(0.806115266438,-0.1));
#3159 = CARTESIAN_POINT('',(0.608152159026,-0.1));
#3160 = CARTESIAN_POINT('',(0.406950638875,-0.1));
#3161 = CARTESIAN_POINT('',(0.203690215912,-0.1));
#3162 = CARTESIAN_POINT('',(0.,-0.1));
#3163 = ( GEOMETRIC_REPRESENTATION_CONTEXT(2) 
PARAMETRIC_REPRESENTATION_CONTEXT() REPRESENTATION_CONTEXT('2D SPACE',''
  ) );
#3164 = ORIENTED_EDGE('',*,*,#3165,.F.);
#3165 = EDGE_CURVE('',#3166,#3127,#3168,.T.);
#3166 = VERTEX_POINT('',#3167);
#3167 = CARTESIAN_POINT('',(2.7099609375,-22.55590820312,2.));
#3168 = SURFACE_CURVE('',#3169,(#3178,#3190),.PCURVE_S1.);
#3169 = B_SPLINE_CURVE_WITH_KNOTS('',7,(#3170,#3171,#3172,#3173,#3174,
    #3175,#3176,#3177),.UNSPECIFIED.,.F.,.F.,(8,8),(0.,1.),
  .PIECEWISE_BEZIER_KNOTS.);
#3170 = CARTESIAN_POINT('',(2.7099609375,-22.55590820312,2.));
#3171 = CARTESIAN_POINT('',(2.711207062266,-22.41883447885,2.));
#3172 = CARTESIAN_POINT('',(2.716857608845,-22.28619805445,2.));
#3173 = CARTESIAN_POINT('',(2.727481095351,-22.15871341667,2.));
#3174 = CARTESIAN_POINT('',(2.743772786028,-22.03752382168,2.));
#3175 = CARTESIAN_POINT('',(2.766512381425,-21.9241465743,2.));
#3176 = CARTESIAN_POINT('',(2.796526333552,-21.82042683949,2.));
#3177 = CARTESIAN_POINT('',(2.83447265625,-21.72827148437,2.));
#3178 = PCURVE('',#73,#3179);
#3179 = DEFINITIONAL_REPRESENTATION('',(#3180),#3189);
#3180 = B_SPLINE_CURVE_WITH_KNOTS('',7,(#3181,#3182,#3183,#3184,#3185,
    #3186,#3187,#3188),.UNSPECIFIED.,.F.,.F.,(8,8),(0.,1.),
  .PIECEWISE_BEZIER_KNOTS.);
#3181 = CARTESIAN_POINT('',(2.7099609375,-22.55590820312));
#3182 = CARTESIAN_POINT('',(2.711207062266,-22.41883447885));
#3183 = CARTESIAN_POINT('',(2.716857608845,-22.28619805445));
#3184 = CARTESIAN_POINT('',(2.727481095351,-22.15871341667));
#3185 = CARTESIAN_POINT('',(2.743772786028,-22.03752382168));
#3186 = CARTESIAN_POINT('',(2.766512381425,-21.9241465743));
#3187 = CARTESIAN_POINT('',(2.796526333552,-21.82042683949));
#3188 = CARTESIAN_POINT('',(2.83447265625,-21.72827148437));
#3189 = ( GEOMETRIC_REPRESENTATION_CONTEXT(2) 
PARAMETRIC_REPRESENTATION_CONTEXT() REPRESENTATION_CONTEXT('2D SPACE',''
  ) );
#3190 = PCURVE('',#3191,#3198);
#3191 = SURFACE_OF_LINEAR_EXTRUSION('',#3192,#3196);
#3192 = B_SPLINE_CURVE_WITH_KNOTS('',2,(#3193,#3194,#3195),
  .UNSPECIFIED.,.F.,.F.,(3,3),(0.,1.),.PIECEWISE_BEZIER_KNOTS.);
#3193 = CARTESIAN_POINT('',(2.83447265625,-21.72827148437,1.9));
#3194 = CARTESIAN_POINT('',(2.71484375,-22.01879882812,1.9));
#3195 = CARTESIAN_POINT('',(2.7099609375,-22.55590820312,1.9));
#3196 = VECTOR('',#3197,1.);
#3197 = DIRECTION('',(-0.,-0.,-1.));
#3198 = DEFINITIONAL_REPRESENTATION('',(#3199),#3208);
#3199 = B_SPLINE_CURVE_WITH_KNOTS('',7,(#3200,#3201,#3202,#3203,#3204,
    #3205,#3206,#3207),.UNSPECIFIED.,.F.,.F.,(8,8),(0.,1.),
  .PIECEWISE_BEZIER_KNOTS.);
#3200 = CARTESIAN_POINT('',(1.,-0.1));
#3201 = CARTESIAN_POINT('',(0.872396823948,-0.1));
#3202 = CARTESIAN_POINT('',(0.740203161212,-0.1));
#3203 = CARTESIAN_POINT('',(0.602955881465,-1.E-01));
#3204 = CARTESIAN_POINT('',(0.460334658852,-0.1));
#3205 = CARTESIAN_POINT('',(0.312195025449,-1.E-01));
#3206 = CARTESIAN_POINT('',(0.158600140583,-0.1));
#3207 = CARTESIAN_POINT('',(0.,-0.1));
#3208 = ( GEOMETRIC_REPRESENTATION_CONTEXT(2) 
PARAMETRIC_REPRESENTATION_CONTEXT() REPRESENTATION_CONTEXT('2D SPACE',''
  ) );
#3209 = ORIENTED_EDGE('',*,*,#3210,.F.);
#3210 = EDGE_CURVE('',#3211,#3166,#3213,.T.);
#3211 = VERTEX_POINT('',#3212);
#3212 = CARTESIAN_POINT('',(3.09814453125,-22.19702148437,2.));
#3213 = SURFACE_CURVE('',#3214,(#3225,#3239),.PCURVE_S1.);
#3214 = B_SPLINE_CURVE_WITH_KNOTS('',5,(#3215,#3216,#3217,#3218,#3219,
    #3220,#3221,#3222,#3223,#3224),.UNSPECIFIED.,.F.,.F.,(6,4,6),(0.,
    8.033737911275E-02,1.),.UNSPECIFIED.);
#3215 = CARTESIAN_POINT('',(3.09814453125,-22.19702148437,2.));
#3216 = CARTESIAN_POINT('',(3.090710034354,-22.20081782321,2.));
#3217 = CARTESIAN_POINT('',(3.083321188352,-22.20469623369,2.));
#3218 = CARTESIAN_POINT('',(3.07597827616,-22.20865661607,2.));
#3219 = CARTESIAN_POINT('',(3.06868156788,-22.21269884724,2.));
#3220 = CARTESIAN_POINT('',(2.978434074629,-22.26403153396,2.));
#3221 = CARTESIAN_POINT('',(2.901517499662,-22.32195143451,2.));
#3222 = CARTESIAN_POINT('',(2.831095043626,-22.39035273457,2.));
#3223 = CARTESIAN_POINT('',(2.767273215191,-22.46861719556,2.));
#3224 = CARTESIAN_POINT('',(2.7099609375,-22.55590820312,2.));
#3225 = PCURVE('',#73,#3226);
#3226 = DEFINITIONAL_REPRESENTATION('',(#3227),#3238);
#3227 = B_SPLINE_CURVE_WITH_KNOTS('',5,(#3228,#3229,#3230,#3231,#3232,
    #3233,#3234,#3235,#3236,#3237),.UNSPECIFIED.,.F.,.F.,(6,4,6),(0.,
    8.033737911275E-02,1.),.UNSPECIFIED.);
#3228 = CARTESIAN_POINT('',(3.09814453125,-22.19702148437));
#3229 = CARTESIAN_POINT('',(3.090710034354,-22.20081782321));
#3230 = CARTESIAN_POINT('',(3.083321188352,-22.20469623369));
#3231 = CARTESIAN_POINT('',(3.07597827616,-22.20865661607));
#3232 = CARTESIAN_POINT('',(3.06868156788,-22.21269884724));
#3233 = CARTESIAN_POINT('',(2.978434074629,-22.26403153396));
#3234 = CARTESIAN_POINT('',(2.901517499662,-22.32195143451));
#3235 = CARTESIAN_POINT('',(2.831095043626,-22.39035273457));
#3236 = CARTESIAN_POINT('',(2.767273215191,-22.46861719556));
#3237 = CARTESIAN_POINT('',(2.7099609375,-22.55590820312));
#3238 = ( GEOMETRIC_REPRESENTATION_CONTEXT(2) 
PARAMETRIC_REPRESENTATION_CONTEXT() REPRESENTATION_CONTEXT('2D SPACE',''
  ) );
#3239 = PCURVE('',#3240,#3247);
#3240 = SURFACE_OF_LINEAR_EXTRUSION('',#3241,#3245);
#3241 = B_SPLINE_CURVE_WITH_KNOTS('',2,(#3242,#3243,#3244),
  .UNSPECIFIED.,.F.,.F.,(3,3),(0.,1.),.PIECEWISE_BEZIER_KNOTS.);
#3242 = CARTESIAN_POINT('',(2.7099609375,-22.55590820312,1.9));
#3243 = CARTESIAN_POINT('',(2.86865234375,-22.31420898437,1.9));
#3244 = CARTESIAN_POINT('',(3.09814453125,-22.19702148437,1.9));
#3245 = VECTOR('',#3246,1.);
#3246 = DIRECTION('',(-0.,-0.,-1.));
#3247 = DEFINITIONAL_REPRESENTATION('',(#3248),#3259);
#3248 = B_SPLINE_CURVE_WITH_KNOTS('',5,(#3249,#3250,#3251,#3252,#3253,
    #3254,#3255,#3256,#3257,#3258),.UNSPECIFIED.,.F.,.F.,(6,4,6),(0.,
    8.033737911275E-02,1.),.UNSPECIFIED.);
#3249 = CARTESIAN_POINT('',(1.,-0.1));
#3250 = CARTESIAN_POINT('',(0.983802287614,-0.1));
#3251 = CARTESIAN_POINT('',(0.967602857571,-0.1));
#3252 = CARTESIAN_POINT('',(0.951402283325,-0.1));
#3253 = CARTESIAN_POINT('',(0.935201139124,-0.1));
#3254 = CARTESIAN_POINT('',(0.733537364394,-0.1));
#3255 = CARTESIAN_POINT('',(0.548057875942,-0.1));
#3256 = CARTESIAN_POINT('',(0.363480205377,-0.1));
#3257 = CARTESIAN_POINT('',(0.180577761095,-0.1));
#3258 = CARTESIAN_POINT('',(0.,-0.1));
#3259 = ( GEOMETRIC_REPRESENTATION_CONTEXT(2) 
PARAMETRIC_REPRESENTATION_CONTEXT() REPRESENTATION_CONTEXT('2D SPACE',''
  ) );
#3260 = ORIENTED_EDGE('',*,*,#3261,.F.);
#3261 = EDGE_CURVE('',#3262,#3211,#3264,.T.);
#3262 = VERTEX_POINT('',#3263);
#3263 = CARTESIAN_POINT('',(3.5791015625,-22.07983398437,2.));
#3264 = SURFACE_CURVE('',#3265,(#3276,#3290),.PCURVE_S1.);
#3265 = B_SPLINE_CURVE_WITH_KNOTS('',5,(#3266,#3267,#3268,#3269,#3270,
    #3271,#3272,#3273,#3274,#3275),.UNSPECIFIED.,.F.,.F.,(6,4,6),(0.,
    0.389596990869,1.),.UNSPECIFIED.);
#3266 = CARTESIAN_POINT('',(3.5791015625,-22.07983398437,2.));
#3267 = CARTESIAN_POINT('',(3.539962992632,-22.07983398437,2.));
#3268 = CARTESIAN_POINT('',(3.501089854799,-22.08160821515,2.));
#3269 = CARTESIAN_POINT('',(3.462506468688,-22.08516897693,2.));
#3270 = CARTESIAN_POINT('',(3.42423611299,-22.09052035168,2.));
#3271 = CARTESIAN_POINT('',(3.326866039584,-22.10884146711,2.));
#3272 = CARTESIAN_POINT('',(3.268253213018,-22.12441011816,2.));
#3273 = CARTESIAN_POINT('',(3.210549185171,-22.14434792142,2.));
#3274 = CARTESIAN_POINT('',(3.153826352569,-22.16858821391,2.));
#3275 = CARTESIAN_POINT('',(3.09814453125,-22.19702148437,2.));
#3276 = PCURVE('',#73,#3277);
#3277 = DEFINITIONAL_REPRESENTATION('',(#3278),#3289);
#3278 = B_SPLINE_CURVE_WITH_KNOTS('',5,(#3279,#3280,#3281,#3282,#3283,
    #3284,#3285,#3286,#3287,#3288),.UNSPECIFIED.,.F.,.F.,(6,4,6),(0.,
    0.389596990869,1.),.UNSPECIFIED.);
#3279 = CARTESIAN_POINT('',(3.5791015625,-22.07983398437));
#3280 = CARTESIAN_POINT('',(3.539962992632,-22.07983398437));
#3281 = CARTESIAN_POINT('',(3.501089854799,-22.08160821515));
#3282 = CARTESIAN_POINT('',(3.462506468688,-22.08516897693));
#3283 = CARTESIAN_POINT('',(3.42423611299,-22.09052035168));
#3284 = CARTESIAN_POINT('',(3.326866039584,-22.10884146711));
#3285 = CARTESIAN_POINT('',(3.268253213018,-22.12441011816));
#3286 = CARTESIAN_POINT('',(3.210549185171,-22.14434792142));
#3287 = CARTESIAN_POINT('',(3.153826352569,-22.16858821391));
#3288 = CARTESIAN_POINT('',(3.09814453125,-22.19702148437));
#3289 = ( GEOMETRIC_REPRESENTATION_CONTEXT(2) 
PARAMETRIC_REPRESENTATION_CONTEXT() REPRESENTATION_CONTEXT('2D SPACE',''
  ) );
#3290 = PCURVE('',#3291,#3298);
#3291 = SURFACE_OF_LINEAR_EXTRUSION('',#3292,#3296);
#3292 = B_SPLINE_CURVE_WITH_KNOTS('',2,(#3293,#3294,#3295),
  .UNSPECIFIED.,.F.,.F.,(3,3),(0.,1.),.PIECEWISE_BEZIER_KNOTS.);
#3293 = CARTESIAN_POINT('',(3.09814453125,-22.19702148437,1.9));
#3294 = CARTESIAN_POINT('',(3.32763671875,-22.07983398437,1.9));
#3295 = CARTESIAN_POINT('',(3.5791015625,-22.07983398437,1.9));
#3296 = VECTOR('',#3297,1.);
#3297 = DIRECTION('',(-0.,-0.,-1.));
#3298 = DEFINITIONAL_REPRESENTATION('',(#3299),#3310);
#3299 = B_SPLINE_CURVE_WITH_KNOTS('',5,(#3300,#3301,#3302,#3303,#3304,
    #3305,#3306,#3307,#3308,#3309),.UNSPECIFIED.,.F.,.F.,(6,4,6),(0.,
    0.389596990869,1.),.UNSPECIFIED.);
#3300 = CARTESIAN_POINT('',(1.,-0.1));
#3301 = CARTESIAN_POINT('',(0.922178843603,-0.1));
#3302 = CARTESIAN_POINT('',(0.844223998067,-0.1));
#3303 = CARTESIAN_POINT('',(0.76617923372,-0.1));
#3304 = CARTESIAN_POINT('',(0.68808931491,-0.1));
#3305 = CARTESIAN_POINT('',(0.487653180288,-0.1));
#3306 = CARTESIAN_POINT('',(0.365306160083,-0.1));
#3307 = CARTESIAN_POINT('',(0.243137261555,-0.1));
#3308 = CARTESIAN_POINT('',(0.1213152873,-0.1));
#3309 = CARTESIAN_POINT('',(0.,-0.1));
#3310 = ( GEOMETRIC_REPRESENTATION_CONTEXT(2) 
PARAMETRIC_REPRESENTATION_CONTEXT() REPRESENTATION_CONTEXT('2D SPACE',''
  ) );
#3311 = ORIENTED_EDGE('',*,*,#3312,.F.);
#3312 = EDGE_CURVE('',#3313,#3262,#3315,.T.);
#3313 = VERTEX_POINT('',#3314);
#3314 = CARTESIAN_POINT('',(4.327392578125,-22.4033203125,2.));
#3315 = SURFACE_CURVE('',#3316,(#3327,#3341),.PCURVE_S1.);
#3316 = B_SPLINE_CURVE_WITH_KNOTS('',5,(#3317,#3318,#3319,#3320,#3321,
    #3322,#3323,#3324,#3325,#3326),.UNSPECIFIED.,.F.,.F.,(6,4,6),(0.,
    0.528668966602,1.),.UNSPECIFIED.);
#3317 = CARTESIAN_POINT('',(4.327392578125,-22.4033203125,2.));
#3318 = CARTESIAN_POINT('',(4.263836517314,-22.33674973497,2.));
#3319 = CARTESIAN_POINT('',(4.195639813207,-22.27750206706,2.));
#3320 = CARTESIAN_POINT('',(4.122846521381,-22.22652945543,2.));
#3321 = CARTESIAN_POINT('',(4.045709528995,-22.18458169137,2.));
#3322 = CARTESIAN_POINT('',(3.892753320141,-22.1227658275,2.));
#3323 = CARTESIAN_POINT('',(3.817677674713,-22.10098795437,2.));
#3324 = CARTESIAN_POINT('',(3.740047927601,-22.08674596639,2.));
#3325 = CARTESIAN_POINT('',(3.660355617205,-22.07983398437,2.));
#3326 = CARTESIAN_POINT('',(3.5791015625,-22.07983398437,2.));
#3327 = PCURVE('',#73,#3328);
#3328 = DEFINITIONAL_REPRESENTATION('',(#3329),#3340);
#3329 = B_SPLINE_CURVE_WITH_KNOTS('',5,(#3330,#3331,#3332,#3333,#3334,
    #3335,#3336,#3337,#3338,#3339),.UNSPECIFIED.,.F.,.F.,(6,4,6),(0.,
    0.528668966602,1.),.UNSPECIFIED.);
#3330 = CARTESIAN_POINT('',(4.327392578125,-22.4033203125));
#3331 = CARTESIAN_POINT('',(4.263836517314,-22.33674973497));
#3332 = CARTESIAN_POINT('',(4.195639813207,-22.27750206706));
#3333 = CARTESIAN_POINT('',(4.122846521381,-22.22652945543));
#3334 = CARTESIAN_POINT('',(4.045709528995,-22.18458169137));
#3335 = CARTESIAN_POINT('',(3.892753320141,-22.1227658275));
#3336 = CARTESIAN_POINT('',(3.817677674713,-22.10098795437));
#3337 = CARTESIAN_POINT('',(3.740047927601,-22.08674596639));
#3338 = CARTESIAN_POINT('',(3.660355617205,-22.07983398437));
#3339 = CARTESIAN_POINT('',(3.5791015625,-22.07983398437));
#3340 = ( GEOMETRIC_REPRESENTATION_CONTEXT(2) 
PARAMETRIC_REPRESENTATION_CONTEXT() REPRESENTATION_CONTEXT('2D SPACE',''
  ) );
#3341 = PCURVE('',#3342,#3349);
#3342 = SURFACE_OF_LINEAR_EXTRUSION('',#3343,#3347);
#3343 = B_SPLINE_CURVE_WITH_KNOTS('',2,(#3344,#3345,#3346),
  .UNSPECIFIED.,.F.,.F.,(3,3),(0.,1.),.PIECEWISE_BEZIER_KNOTS.);
#3344 = CARTESIAN_POINT('',(3.5791015625,-22.07983398437,1.9));
#3345 = CARTESIAN_POINT('',(4.0185546875,-22.07983398437,1.9));
#3346 = CARTESIAN_POINT('',(4.327392578125,-22.4033203125,1.9));
#3347 = VECTOR('',#3348,1.);
#3348 = DIRECTION('',(-0.,-0.,-1.));
#3349 = DEFINITIONAL_REPRESENTATION('',(#3350),#3361);
#3350 = B_SPLINE_CURVE_WITH_KNOTS('',5,(#3351,#3352,#3353,#3354,#3355,
    #3356,#3357,#3358,#3359,#3360),.UNSPECIFIED.,.F.,.F.,(6,4,6),(0.,
    0.528668966602,1.),.UNSPECIFIED.);
#3351 = CARTESIAN_POINT('',(1.,-0.1));
#3352 = CARTESIAN_POINT('',(0.897104496015,-0.1));
#3353 = CARTESIAN_POINT('',(0.792293149668,-0.1));
#3354 = CARTESIAN_POINT('',(0.686053506982,-0.1));
#3355 = CARTESIAN_POINT('',(0.579017754919,-0.1));
#3356 = CARTESIAN_POINT('',(0.376589086547,-0.1));
#3357 = CARTESIAN_POINT('',(0.281164830169,-0.1));
#3358 = CARTESIAN_POINT('',(0.186296594044,-0.1));
#3359 = CARTESIAN_POINT('',(9.244905779759E-02,-0.1));
#3360 = CARTESIAN_POINT('',(0.,-0.1));
#3361 = ( GEOMETRIC_REPRESENTATION_CONTEXT(2) 
PARAMETRIC_REPRESENTATION_CONTEXT() REPRESENTATION_CONTEXT('2D SPACE',''
  ) );
#3362 = ORIENTED_EDGE('',*,*,#3363,.F.);
#3363 = EDGE_CURVE('',#3364,#3313,#3366,.T.);
#3364 = VERTEX_POINT('',#3365);
#3365 = CARTESIAN_POINT('',(4.63623046875,-23.23950195312,2.));
#3366 = SURFACE_CURVE('',#3367,(#3380,#3396),.PCURVE_S1.);
#3367 = B_SPLINE_CURVE_WITH_KNOTS('',6,(#3368,#3369,#3370,#3371,#3372,
    #3373,#3374,#3375,#3376,#3377,#3378,#3379),.UNSPECIFIED.,.F.,.F.,(7,
    5,7),(0.,0.744346559972,1.),.UNSPECIFIED.);
#3368 = CARTESIAN_POINT('',(4.63623046875,-23.23950195312,2.));
#3369 = CARTESIAN_POINT('',(4.63623046875,-23.11914051069,2.));
#3370 = CARTESIAN_POINT('',(4.626017722135,-23.00174791131,2.));
#3371 = CARTESIAN_POINT('',(4.604546747258,-22.88842196592,2.));
#3372 = CARTESIAN_POINT('',(4.570980218818,-22.78034997158,2.));
#3373 = CARTESIAN_POINT('',(4.524972860384,-22.67867943429,2.));
#3374 = CARTESIAN_POINT('',(4.447237537012,-22.55191629881,2.));
#3375 = CARTESIAN_POINT('',(4.42596282182,-22.52036731123,2.));
#3376 = CARTESIAN_POINT('',(4.40330777549,-22.48971008776,2.));
#3377 = CARTESIAN_POINT('',(4.379301553659,-22.45997115577,2.));
#3378 = CARTESIAN_POINT('',(4.35398138638,-22.43117025,2.));
#3379 = CARTESIAN_POINT('',(4.327392578125,-22.4033203125,2.));
#3380 = PCURVE('',#73,#3381);
#3381 = DEFINITIONAL_REPRESENTATION('',(#3382),#3395);
#3382 = B_SPLINE_CURVE_WITH_KNOTS('',6,(#3383,#3384,#3385,#3386,#3387,
    #3388,#3389,#3390,#3391,#3392,#3393,#3394),.UNSPECIFIED.,.F.,.F.,(7,
    5,7),(0.,0.744346559972,1.),.UNSPECIFIED.);
#3383 = CARTESIAN_POINT('',(4.63623046875,-23.23950195312));
#3384 = CARTESIAN_POINT('',(4.63623046875,-23.11914051069));
#3385 = CARTESIAN_POINT('',(4.626017722135,-23.00174791131));
#3386 = CARTESIAN_POINT('',(4.604546747258,-22.88842196592));
#3387 = CARTESIAN_POINT('',(4.570980218818,-22.78034997158));
#3388 = CARTESIAN_POINT('',(4.524972860384,-22.67867943429));
#3389 = CARTESIAN_POINT('',(4.447237537012,-22.55191629881));
#3390 = CARTESIAN_POINT('',(4.42596282182,-22.52036731123));
#3391 = CARTESIAN_POINT('',(4.40330777549,-22.48971008776));
#3392 = CARTESIAN_POINT('',(4.379301553659,-22.45997115577));
#3393 = CARTESIAN_POINT('',(4.35398138638,-22.43117025));
#3394 = CARTESIAN_POINT('',(4.327392578125,-22.4033203125));
#3395 = ( GEOMETRIC_REPRESENTATION_CONTEXT(2) 
PARAMETRIC_REPRESENTATION_CONTEXT() REPRESENTATION_CONTEXT('2D SPACE',''
  ) );
#3396 = PCURVE('',#3397,#3404);
#3397 = SURFACE_OF_LINEAR_EXTRUSION('',#3398,#3402);
#3398 = B_SPLINE_CURVE_WITH_KNOTS('',2,(#3399,#3400,#3401),
  .UNSPECIFIED.,.F.,.F.,(3,3),(0.,1.),.PIECEWISE_BEZIER_KNOTS.);
#3399 = CARTESIAN_POINT('',(4.327392578125,-22.4033203125,1.9));
#3400 = CARTESIAN_POINT('',(4.63623046875,-22.72680664062,1.9));
#3401 = CARTESIAN_POINT('',(4.63623046875,-23.23950195312,1.9));
#3402 = VECTOR('',#3403,1.);
#3403 = DIRECTION('',(-0.,-0.,-1.));
#3404 = DEFINITIONAL_REPRESENTATION('',(#3405),#3418);
#3405 = B_SPLINE_CURVE_WITH_KNOTS('',6,(#3406,#3407,#3408,#3409,#3410,
    #3411,#3412,#3413,#3414,#3415,#3416,#3417),.UNSPECIFIED.,.F.,.F.,(7,
    5,7),(0.,0.744346559972,1.),.UNSPECIFIED.);
#3406 = CARTESIAN_POINT('',(1.,-0.1));
#3407 = CARTESIAN_POINT('',(0.882618936145,-0.1));
#3408 = CARTESIAN_POINT('',(0.762031310889,-0.1));
#3409 = CARTESIAN_POINT('',(0.638683099116,-0.1));
#3410 = CARTESIAN_POINT('',(0.51323191481,-0.1));
#3411 = CARTESIAN_POINT('',(0.386590554498,-0.1));
#3412 = CARTESIAN_POINT('',(0.216521179149,-0.1));
#3413 = CARTESIAN_POINT('',(0.173042232769,-0.1));
#3414 = CARTESIAN_POINT('',(0.129608251391,-0.1));
#3415 = CARTESIAN_POINT('',(8.626252537542E-02,-0.1));
#3416 = CARTESIAN_POINT('',(4.30465449069E-02,-0.1));
#3417 = CARTESIAN_POINT('',(0.,-0.1));
#3418 = ( GEOMETRIC_REPRESENTATION_CONTEXT(2) 
PARAMETRIC_REPRESENTATION_CONTEXT() REPRESENTATION_CONTEXT('2D SPACE',''
  ) );
#3419 = ORIENTED_EDGE('',*,*,#3420,.F.);
#3420 = EDGE_CURVE('',#3421,#3364,#3423,.T.);
#3421 = VERTEX_POINT('',#3422);
#3422 = CARTESIAN_POINT('',(4.490966796875,-23.86572265625,2.));
#3423 = SURFACE_CURVE('',#3424,(#3435,#3449),.PCURVE_S1.);
#3424 = B_SPLINE_CURVE_WITH_KNOTS('',5,(#3425,#3426,#3427,#3428,#3429,
    #3430,#3431,#3432,#3433,#3434),.UNSPECIFIED.,.F.,.F.,(6,4,6),(0.,
    0.314117822085,1.),.UNSPECIFIED.);
#3425 = CARTESIAN_POINT('',(4.490966796875,-23.86572265625,2.));
#3426 = CARTESIAN_POINT('',(4.509230353077,-23.8293490191,2.));
#3427 = CARTESIAN_POINT('',(4.526088465688,-23.79244594803,2.));
#3428 = CARTESIAN_POINT('',(4.54152199143,-23.75502975377,2.));
#3429 = CARTESIAN_POINT('',(4.555517869649,-23.71711922458,2.));
#3430 = CARTESIAN_POINT('',(4.595475018792,-23.5949243166,2.));
#3431 = CARTESIAN_POINT('',(4.615994436069,-23.50885440758,2.));
#3432 = CARTESIAN_POINT('',(4.629552096051,-23.42075397433,2.));
#3433 = CARTESIAN_POINT('',(4.63623046875,-23.3308788671,2.));
#3434 = CARTESIAN_POINT('',(4.63623046875,-23.23950195312,2.));
#3435 = PCURVE('',#73,#3436);
#3436 = DEFINITIONAL_REPRESENTATION('',(#3437),#3448);
#3437 = B_SPLINE_CURVE_WITH_KNOTS('',5,(#3438,#3439,#3440,#3441,#3442,
    #3443,#3444,#3445,#3446,#3447),.UNSPECIFIED.,.F.,.F.,(6,4,6),(0.,
    0.314117822085,1.),.UNSPECIFIED.);
#3438 = CARTESIAN_POINT('',(4.490966796875,-23.86572265625));
#3439 = CARTESIAN_POINT('',(4.509230353077,-23.8293490191));
#3440 = CARTESIAN_POINT('',(4.526088465688,-23.79244594803));
#3441 = CARTESIAN_POINT('',(4.54152199143,-23.75502975377));
#3442 = CARTESIAN_POINT('',(4.555517869649,-23.71711922458));
#3443 = CARTESIAN_POINT('',(4.595475018792,-23.5949243166));
#3444 = CARTESIAN_POINT('',(4.615994436069,-23.50885440758));
#3445 = CARTESIAN_POINT('',(4.629552096051,-23.42075397433));
#3446 = CARTESIAN_POINT('',(4.63623046875,-23.3308788671));
#3447 = CARTESIAN_POINT('',(4.63623046875,-23.23950195312));
#3448 = ( GEOMETRIC_REPRESENTATION_CONTEXT(2) 
PARAMETRIC_REPRESENTATION_CONTEXT() REPRESENTATION_CONTEXT('2D SPACE',''
  ) );
#3449 = PCURVE('',#3450,#3457);
#3450 = SURFACE_OF_LINEAR_EXTRUSION('',#3451,#3455);
#3451 = B_SPLINE_CURVE_WITH_KNOTS('',2,(#3452,#3453,#3454),
  .UNSPECIFIED.,.F.,.F.,(3,3),(0.,1.),.PIECEWISE_BEZIER_KNOTS.);
#3452 = CARTESIAN_POINT('',(4.63623046875,-23.23950195312,1.9));
#3453 = CARTESIAN_POINT('',(4.63623046875,-23.57641601562,1.9));
#3454 = CARTESIAN_POINT('',(4.490966796875,-23.86572265625,1.9));
#3455 = VECTOR('',#3456,1.);
#3456 = DIRECTION('',(-0.,-0.,-1.));
#3457 = DEFINITIONAL_REPRESENTATION('',(#3458),#3469);
#3458 = B_SPLINE_CURVE_WITH_KNOTS('',5,(#3459,#3460,#3461,#3462,#3463,
    #3464,#3465,#3466,#3467,#3468),.UNSPECIFIED.,.F.,.F.,(6,4,6),(0.,
    0.314117822085,1.),.UNSPECIFIED.);
#3459 = CARTESIAN_POINT('',(1.,-0.1));
#3460 = CARTESIAN_POINT('',(0.937136532602,-0.1));
#3461 = CARTESIAN_POINT('',(0.874170922883,-0.1));
#3462 = CARTESIAN_POINT('',(0.811136687693,-0.1));
#3463 = CARTESIAN_POINT('',(0.74806806222,-0.1));
#3464 = CARTESIAN_POINT('',(0.547289698861,-0.1));
#3465 = CARTESIAN_POINT('',(0.409576895533,-0.1));
#3466 = CARTESIAN_POINT('',(0.272236679927,-0.1));
#3467 = CARTESIAN_POINT('',(0.13560863756,-0.1));
#3468 = CARTESIAN_POINT('',(0.,-0.1));
#3469 = ( GEOMETRIC_REPRESENTATION_CONTEXT(2) 
PARAMETRIC_REPRESENTATION_CONTEXT() REPRESENTATION_CONTEXT('2D SPACE',''
  ) );
#3470 = ORIENTED_EDGE('',*,*,#3471,.F.);
#3471 = EDGE_CURVE('',#3472,#3421,#3474,.T.);
#3472 = VERTEX_POINT('',#3473);
#3473 = CARTESIAN_POINT('',(4.091796875,-24.30883789062,2.));
#3474 = SURFACE_CURVE('',#3475,(#3486,#3500),.PCURVE_S1.);
#3475 = B_SPLINE_CURVE_WITH_KNOTS('',5,(#3476,#3477,#3478,#3479,#3480,
    #3481,#3482,#3483,#3484,#3485),.UNSPECIFIED.,.F.,.F.,(6,4,6),(0.,
    0.222589183643,1.),.UNSPECIFIED.);
#3476 = CARTESIAN_POINT('',(4.091796875,-24.30883789062,2.));
#3477 = CARTESIAN_POINT('',(4.114512989499,-24.29507716741,2.));
#3478 = CARTESIAN_POINT('',(4.136710959521,-24.28062323842,2.));
#3479 = CARTESIAN_POINT('',(4.158379994218,-24.26547811828,2.));
#3480 = CARTESIAN_POINT('',(4.179510808894,-24.24964592712,2.));
#3481 = CARTESIAN_POINT('',(4.271989768424,-24.17545976842,2.));
#3482 = CARTESIAN_POINT('',(4.337230395963,-24.10947640424,2.));
#3483 = CARTESIAN_POINT('',(4.395465266909,-24.03546060558,2.));
#3484 = CARTESIAN_POINT('',(4.446656350332,-23.95397119264,2.));
#3485 = CARTESIAN_POINT('',(4.490966796875,-23.86572265625,2.));
#3486 = PCURVE('',#73,#3487);
#3487 = DEFINITIONAL_REPRESENTATION('',(#3488),#3499);
#3488 = B_SPLINE_CURVE_WITH_KNOTS('',5,(#3489,#3490,#3491,#3492,#3493,
    #3494,#3495,#3496,#3497,#3498),.UNSPECIFIED.,.F.,.F.,(6,4,6),(0.,
    0.222589183643,1.),.UNSPECIFIED.);
#3489 = CARTESIAN_POINT('',(4.091796875,-24.30883789062));
#3490 = CARTESIAN_POINT('',(4.114512989499,-24.29507716741));
#3491 = CARTESIAN_POINT('',(4.136710959521,-24.28062323842));
#3492 = CARTESIAN_POINT('',(4.158379994218,-24.26547811828));
#3493 = CARTESIAN_POINT('',(4.179510808894,-24.24964592712));
#3494 = CARTESIAN_POINT('',(4.271989768424,-24.17545976842));
#3495 = CARTESIAN_POINT('',(4.337230395963,-24.10947640424));
#3496 = CARTESIAN_POINT('',(4.395465266909,-24.03546060558));
#3497 = CARTESIAN_POINT('',(4.446656350332,-23.95397119264));
#3498 = CARTESIAN_POINT('',(4.490966796875,-23.86572265625));
#3499 = ( GEOMETRIC_REPRESENTATION_CONTEXT(2) 
PARAMETRIC_REPRESENTATION_CONTEXT() REPRESENTATION_CONTEXT('2D SPACE',''
  ) );
#3500 = PCURVE('',#3501,#3508);
#3501 = SURFACE_OF_LINEAR_EXTRUSION('',#3502,#3506);
#3502 = B_SPLINE_CURVE_WITH_KNOTS('',2,(#3503,#3504,#3505),
  .UNSPECIFIED.,.F.,.F.,(3,3),(0.,1.),.PIECEWISE_BEZIER_KNOTS.);
#3503 = CARTESIAN_POINT('',(4.490966796875,-23.86572265625,1.9));
#3504 = CARTESIAN_POINT('',(4.345703125,-24.15502929687,1.9));
#3505 = CARTESIAN_POINT('',(4.091796875,-24.30883789062,1.9));
#3506 = VECTOR('',#3507,1.);
#3507 = DIRECTION('',(-0.,-0.,-1.));
#3508 = DEFINITIONAL_REPRESENTATION('',(#3509),#3520);
#3509 = B_SPLINE_CURVE_WITH_KNOTS('',5,(#3510,#3511,#3512,#3513,#3514,
    #3515,#3516,#3517,#3518,#3519),.UNSPECIFIED.,.F.,.F.,(6,4,6),(0.,
    0.222589183643,1.),.UNSPECIFIED.);
#3510 = CARTESIAN_POINT('',(1.,-0.1));
#3511 = CARTESIAN_POINT('',(0.95526672837,-0.1));
#3512 = CARTESIAN_POINT('',(0.910483528123,-0.1));
#3513 = CARTESIAN_POINT('',(0.865666843039,-0.1));
#3514 = CARTESIAN_POINT('',(0.820833358203,-0.1));
#3515 = CARTESIAN_POINT('',(0.619415852335,-0.1));
#3516 = CARTESIAN_POINT('',(0.462818912607,-0.1));
#3517 = CARTESIAN_POINT('',(0.306971297913,-0.1));
#3518 = CARTESIAN_POINT('',(0.152517301716,-0.1));
#3519 = CARTESIAN_POINT('',(0.,-0.1));
#3520 = ( GEOMETRIC_REPRESENTATION_CONTEXT(2) 
PARAMETRIC_REPRESENTATION_CONTEXT() REPRESENTATION_CONTEXT('2D SPACE',''
  ) );
#3521 = ORIENTED_EDGE('',*,*,#3522,.F.);
#3522 = EDGE_CURVE('',#3523,#3472,#3525,.T.);
#3523 = VERTEX_POINT('',#3524);
#3524 = CARTESIAN_POINT('',(3.515625,-24.46264648437,2.));
#3525 = SURFACE_CURVE('',#3526,(#3537,#3551),.PCURVE_S1.);
#3526 = B_SPLINE_CURVE_WITH_KNOTS('',5,(#3527,#3528,#3529,#3530,#3531,
    #3532,#3533,#3534,#3535,#3536),.UNSPECIFIED.,.F.,.F.,(6,4,6),(0.,
    0.7783280825,1.),.UNSPECIFIED.);
#3527 = CARTESIAN_POINT('',(3.515625,-24.46264648437,2.));
#3528 = CARTESIAN_POINT('',(3.614151022418,-24.46264648437,2.));
#3529 = CARTESIAN_POINT('',(3.709865625804,-24.45366115921,2.));
#3530 = CARTESIAN_POINT('',(3.80224228738,-24.43525922991,2.));
#3531 = CARTESIAN_POINT('',(3.890800041079,-24.40724352444,2.));
#3532 = CARTESIAN_POINT('',(3.99918004812,-24.35912018236,2.));
#3533 = CARTESIAN_POINT('',(4.022864521715,-24.34768661462,2.));
#3534 = CARTESIAN_POINT('',(4.046200230963,-24.33549082352,2.));
#3535 = CARTESIAN_POINT('',(4.069179792789,-24.32253862311,2.));
#3536 = CARTESIAN_POINT('',(4.091796875,-24.30883789062,2.));
#3537 = PCURVE('',#73,#3538);
#3538 = DEFINITIONAL_REPRESENTATION('',(#3539),#3550);
#3539 = B_SPLINE_CURVE_WITH_KNOTS('',5,(#3540,#3541,#3542,#3543,#3544,
    #3545,#3546,#3547,#3548,#3549),.UNSPECIFIED.,.F.,.F.,(6,4,6),(0.,
    0.7783280825,1.),.UNSPECIFIED.);
#3540 = CARTESIAN_POINT('',(3.515625,-24.46264648437));
#3541 = CARTESIAN_POINT('',(3.614151022418,-24.46264648437));
#3542 = CARTESIAN_POINT('',(3.709865625804,-24.45366115921));
#3543 = CARTESIAN_POINT('',(3.80224228738,-24.43525922991));
#3544 = CARTESIAN_POINT('',(3.890800041079,-24.40724352444));
#3545 = CARTESIAN_POINT('',(3.99918004812,-24.35912018236));
#3546 = CARTESIAN_POINT('',(4.022864521715,-24.34768661462));
#3547 = CARTESIAN_POINT('',(4.046200230963,-24.33549082352));
#3548 = CARTESIAN_POINT('',(4.069179792789,-24.32253862311));
#3549 = CARTESIAN_POINT('',(4.091796875,-24.30883789062));
#3550 = ( GEOMETRIC_REPRESENTATION_CONTEXT(2) 
PARAMETRIC_REPRESENTATION_CONTEXT() REPRESENTATION_CONTEXT('2D SPACE',''
  ) );
#3551 = PCURVE('',#3552,#3559);
#3552 = SURFACE_OF_LINEAR_EXTRUSION('',#3553,#3557);
#3553 = B_SPLINE_CURVE_WITH_KNOTS('',2,(#3554,#3555,#3556),
  .UNSPECIFIED.,.F.,.F.,(3,3),(0.,1.),.PIECEWISE_BEZIER_KNOTS.);
#3554 = CARTESIAN_POINT('',(4.091796875,-24.30883789062,1.9));
#3555 = CARTESIAN_POINT('',(3.837890625,-24.46264648437,1.9));
#3556 = CARTESIAN_POINT('',(3.515625,-24.46264648437,1.9));
#3557 = VECTOR('',#3558,1.);
#3558 = DIRECTION('',(-0.,-0.,-1.));
#3559 = DEFINITIONAL_REPRESENTATION('',(#3560),#3571);
#3560 = B_SPLINE_CURVE_WITH_KNOTS('',5,(#3561,#3562,#3563,#3564,#3565,
    #3566,#3567,#3568,#3569,#3570),.UNSPECIFIED.,.F.,.F.,(6,4,6),(0.,
    0.7783280825,1.),.UNSPECIFIED.);
#3561 = CARTESIAN_POINT('',(1.,-0.1));
#3562 = CARTESIAN_POINT('',(0.8471353834,-0.1));
#3563 = CARTESIAN_POINT('',(0.692436784637,-0.1));
#3564 = CARTESIAN_POINT('',(0.53642371805,-0.1));
#3565 = CARTESIAN_POINT('',(0.379706447399,-0.1));
#3566 = CARTESIAN_POINT('',(0.178369182404,-0.1));
#3567 = CARTESIAN_POINT('',(0.133738205618,-0.1));
#3568 = CARTESIAN_POINT('',(8.912274151561E-02,-0.1));
#3569 = CARTESIAN_POINT('',(4.453825420062E-02,-0.1));
#3570 = CARTESIAN_POINT('',(0.,-0.1));
#3571 = ( GEOMETRIC_REPRESENTATION_CONTEXT(2) 
PARAMETRIC_REPRESENTATION_CONTEXT() REPRESENTATION_CONTEXT('2D SPACE',''
  ) );
#3572 = ORIENTED_EDGE('',*,*,#3573,.F.);
#3573 = EDGE_CURVE('',#3574,#3523,#3576,.T.);
#3574 = VERTEX_POINT('',#3575);
#3575 = CARTESIAN_POINT('',(2.61962890625,-24.05859375,2.));
#3576 = SURFACE_CURVE('',#3577,(#3592,#3610),.PCURVE_S1.);
#3577 = B_SPLINE_CURVE_WITH_KNOTS('',5,(#3578,#3579,#3580,#3581,#3582,
    #3583,#3584,#3585,#3586,#3587,#3588,#3589,#3590,#3591),
  .UNSPECIFIED.,.F.,.F.,(6,4,4,6),(0.,0.454511246839,0.81958264771,1.),
  .UNSPECIFIED.);
#3578 = CARTESIAN_POINT('',(2.61962890625,-24.05859375,2.));
#3579 = CARTESIAN_POINT('',(2.68115705977,-24.13030437963,2.));
#3580 = CARTESIAN_POINT('',(2.747881053063,-24.19546660661,2.));
#3581 = CARTESIAN_POINT('',(2.819810190186,-24.25310450418,2.));
#3582 = CARTESIAN_POINT('',(2.896716174658,-24.30241392347,2.));
#3583 = CARTESIAN_POINT('',(3.043173638272,-24.37573060402,2.));
#3584 = CARTESIAN_POINT('',(3.11121124051,-24.4028160384,2.));
#3585 = CARTESIAN_POINT('',(3.181716885666,-24.42416072825,2.));
#3586 = CARTESIAN_POINT('',(3.254298121454,-24.43985168523,2.));
#3587 = CARTESIAN_POINT('',(3.365233881926,-24.455210334,2.));
#3588 = CARTESIAN_POINT('',(3.402333706762,-24.4589683884,2.));
#3589 = CARTESIAN_POINT('',(3.439794626013,-24.46143486984,2.));
#3590 = CARTESIAN_POINT('',(3.477572220428,-24.46264648437,2.));
#3591 = CARTESIAN_POINT('',(3.515625,-24.46264648437,2.));
#3592 = PCURVE('',#73,#3593);
#3593 = DEFINITIONAL_REPRESENTATION('',(#3594),#3609);
#3594 = B_SPLINE_CURVE_WITH_KNOTS('',5,(#3595,#3596,#3597,#3598,#3599,
    #3600,#3601,#3602,#3603,#3604,#3605,#3606,#3607,#3608),
  .UNSPECIFIED.,.F.,.F.,(6,4,4,6),(0.,0.454511246839,0.81958264771,1.),
  .UNSPECIFIED.);
#3595 = CARTESIAN_POINT('',(2.61962890625,-24.05859375));
#3596 = CARTESIAN_POINT('',(2.68115705977,-24.13030437963));
#3597 = CARTESIAN_POINT('',(2.747881053063,-24.19546660661));
#3598 = CARTESIAN_POINT('',(2.819810190186,-24.25310450418));
#3599 = CARTESIAN_POINT('',(2.896716174658,-24.30241392347));
#3600 = CARTESIAN_POINT('',(3.043173638272,-24.37573060402));
#3601 = CARTESIAN_POINT('',(3.11121124051,-24.4028160384));
#3602 = CARTESIAN_POINT('',(3.181716885666,-24.42416072825));
#3603 = CARTESIAN_POINT('',(3.254298121454,-24.43985168523));
#3604 = CARTESIAN_POINT('',(3.365233881926,-24.455210334));
#3605 = CARTESIAN_POINT('',(3.402333706762,-24.4589683884));
#3606 = CARTESIAN_POINT('',(3.439794626013,-24.46143486984));
#3607 = CARTESIAN_POINT('',(3.477572220428,-24.46264648437));
#3608 = CARTESIAN_POINT('',(3.515625,-24.46264648437));
#3609 = ( GEOMETRIC_REPRESENTATION_CONTEXT(2) 
PARAMETRIC_REPRESENTATION_CONTEXT() REPRESENTATION_CONTEXT('2D SPACE',''
  ) );
#3610 = PCURVE('',#3611,#3618);
#3611 = SURFACE_OF_LINEAR_EXTRUSION('',#3612,#3616);
#3612 = B_SPLINE_CURVE_WITH_KNOTS('',2,(#3613,#3614,#3615),
  .UNSPECIFIED.,.F.,.F.,(3,3),(0.,1.),.PIECEWISE_BEZIER_KNOTS.);
#3613 = CARTESIAN_POINT('',(3.515625,-24.46264648437,1.9));
#3614 = CARTESIAN_POINT('',(2.96630859375,-24.46264648437,1.9));
#3615 = CARTESIAN_POINT('',(2.61962890625,-24.05859375,1.9));
#3616 = VECTOR('',#3617,1.);
#3617 = DIRECTION('',(-0.,-0.,-1.));
#3618 = DEFINITIONAL_REPRESENTATION('',(#3619),#3634);
#3619 = B_SPLINE_CURVE_WITH_KNOTS('',5,(#3620,#3621,#3622,#3623,#3624,
    #3625,#3626,#3627,#3628,#3629,#3630,#3631,#3632,#3633),
  .UNSPECIFIED.,.F.,.F.,(6,4,4,6),(0.,0.454511246839,0.81958264771,1.),
  .UNSPECIFIED.);
#3620 = CARTESIAN_POINT('',(1.,-0.1));
#3621 = CARTESIAN_POINT('',(0.911260803937,-0.1));
#3622 = CARTESIAN_POINT('',(0.820781493635,-0.1));
#3623 = CARTESIAN_POINT('',(0.728999097303,-0.1));
#3624 = CARTESIAN_POINT('',(0.636488498232,-0.1));
#3625 = CARTESIAN_POINT('',(0.469711616932,-0.1));
#3626 = CARTESIAN_POINT('',(0.395418155955,-0.1));
#3627 = CARTESIAN_POINT('',(0.321498797378,-0.1));
#3628 = CARTESIAN_POINT('',(0.248271040374,-0.1));
#3629 = CARTESIAN_POINT('',(0.14028383675,-0.1));
#3630 = CARTESIAN_POINT('',(0.104799252262,-0.1));
#3631 = CARTESIAN_POINT('',(6.957557667846E-02,-0.1));
#3632 = CARTESIAN_POINT('',(3.46364855838E-02,-0.1));
#3633 = CARTESIAN_POINT('',(0.,-0.1));
#3634 = ( GEOMETRIC_REPRESENTATION_CONTEXT(2) 
PARAMETRIC_REPRESENTATION_CONTEXT() REPRESENTATION_CONTEXT('2D SPACE',''
  ) );
#3635 = ORIENTED_EDGE('',*,*,#3636,.F.);
#3636 = EDGE_CURVE('',#3637,#3574,#3639,.T.);
#3637 = VERTEX_POINT('',#3638);
#3638 = CARTESIAN_POINT('',(2.27294921875,-22.72680664062,2.));
#3639 = SURFACE_CURVE('',#3640,(#3653,#3669),.PCURVE_S1.);
#3640 = B_SPLINE_CURVE_WITH_KNOTS('',6,(#3641,#3642,#3643,#3644,#3645,
    #3646,#3647,#3648,#3649,#3650,#3651,#3652),.UNSPECIFIED.,.F.,.F.,(7,
    5,7),(0.,0.590914710781,1.),.UNSPECIFIED.);
#3641 = CARTESIAN_POINT('',(2.27294921875,-22.72680664062,2.));
#3642 = CARTESIAN_POINT('',(2.27294921875,-22.87668896454,2.));
#3643 = CARTESIAN_POINT('',(2.278378287466,-23.02462770884,2.));
#3644 = CARTESIAN_POINT('',(2.290087063315,-23.17024339714,2.));
#3645 = CARTESIAN_POINT('',(2.309201061337,-23.31261398866,2.));
#3646 = CARTESIAN_POINT('',(2.337131306829,-23.45026891765,2.));
#3647 = CARTESIAN_POINT('',(2.402137154915,-23.67185161068,2.));
#3648 = CARTESIAN_POINT('',(2.433743199584,-23.75924183053,2.));
#3649 = CARTESIAN_POINT('',(2.470885187925,-23.84263492844,2.));
#3650 = CARTESIAN_POINT('',(2.514064534644,-23.92105385411,2.));
#3651 = CARTESIAN_POINT('',(2.563666065568,-23.99336945329,2.));
#3652 = CARTESIAN_POINT('',(2.61962890625,-24.05859375,2.));
#3653 = PCURVE('',#73,#3654);
#3654 = DEFINITIONAL_REPRESENTATION('',(#3655),#3668);
#3655 = B_SPLINE_CURVE_WITH_KNOTS('',6,(#3656,#3657,#3658,#3659,#3660,
    #3661,#3662,#3663,#3664,#3665,#3666,#3667),.UNSPECIFIED.,.F.,.F.,(7,
    5,7),(0.,0.590914710781,1.),.UNSPECIFIED.);
#3656 = CARTESIAN_POINT('',(2.27294921875,-22.72680664062));
#3657 = CARTESIAN_POINT('',(2.27294921875,-22.87668896454));
#3658 = CARTESIAN_POINT('',(2.278378287466,-23.02462770884));
#3659 = CARTESIAN_POINT('',(2.290087063315,-23.17024339714));
#3660 = CARTESIAN_POINT('',(2.309201061337,-23.31261398866));
#3661 = CARTESIAN_POINT('',(2.337131306829,-23.45026891765));
#3662 = CARTESIAN_POINT('',(2.402137154915,-23.67185161068));
#3663 = CARTESIAN_POINT('',(2.433743199584,-23.75924183053));
#3664 = CARTESIAN_POINT('',(2.470885187925,-23.84263492844));
#3665 = CARTESIAN_POINT('',(2.514064534644,-23.92105385411));
#3666 = CARTESIAN_POINT('',(2.563666065568,-23.99336945329));
#3667 = CARTESIAN_POINT('',(2.61962890625,-24.05859375));
#3668 = ( GEOMETRIC_REPRESENTATION_CONTEXT(2) 
PARAMETRIC_REPRESENTATION_CONTEXT() REPRESENTATION_CONTEXT('2D SPACE',''
  ) );
#3669 = PCURVE('',#3670,#3677);
#3670 = SURFACE_OF_LINEAR_EXTRUSION('',#3671,#3675);
#3671 = B_SPLINE_CURVE_WITH_KNOTS('',2,(#3672,#3673,#3674),
  .UNSPECIFIED.,.F.,.F.,(3,3),(0.,1.),.PIECEWISE_BEZIER_KNOTS.);
#3672 = CARTESIAN_POINT('',(2.61962890625,-24.05859375,1.9));
#3673 = CARTESIAN_POINT('',(2.27294921875,-23.65454101562,1.9));
#3674 = CARTESIAN_POINT('',(2.27294921875,-22.72680664062,1.9));
#3675 = VECTOR('',#3676,1.);
#3676 = DIRECTION('',(-0.,-0.,-1.));
#3677 = DEFINITIONAL_REPRESENTATION('',(#3678),#3691);
#3678 = B_SPLINE_CURVE_WITH_KNOTS('',6,(#3679,#3680,#3681,#3682,#3683,
    #3684,#3685,#3686,#3687,#3688,#3689,#3690),.UNSPECIFIED.,.F.,.F.,(7,
    5,7),(0.,0.590914710781,1.),.UNSPECIFIED.);
#3679 = CARTESIAN_POINT('',(1.,-0.1));
#3680 = CARTESIAN_POINT('',(0.919221315952,-0.1));
#3681 = CARTESIAN_POINT('',(0.835070237312,-0.1));
#3682 = CARTESIAN_POINT('',(0.747058765106,-0.1));
#3683 = CARTESIAN_POINT('',(0.654767533043,-0.1));
#3684 = CARTESIAN_POINT('',(0.557840363005,-0.1));
#3685 = CARTESIAN_POINT('',(0.385496772387,-0.1));
#3686 = CARTESIAN_POINT('',(0.312667114912,-0.1));
#3687 = CARTESIAN_POINT('',(0.237484805659,-0.1));
#3688 = CARTESIAN_POINT('',(0.160068214514,-1.E-01));
#3689 = CARTESIAN_POINT('',(8.07126040252E-02,-0.1));
#3690 = CARTESIAN_POINT('',(0.,-0.1));
#3691 = ( GEOMETRIC_REPRESENTATION_CONTEXT(2) 
PARAMETRIC_REPRESENTATION_CONTEXT() REPRESENTATION_CONTEXT('2D SPACE',''
  ) );
#3692 = ORIENTED_EDGE('',*,*,#3693,.F.);
#3693 = EDGE_CURVE('',#3694,#3637,#3696,.T.);
#3694 = VERTEX_POINT('',#3695);
#3695 = CARTESIAN_POINT('',(2.65625,-21.21801757812,2.));
#3696 = SURFACE_CURVE('',#3697,(#3710,#3726),.PCURVE_S1.);
#3697 = B_SPLINE_CURVE_WITH_KNOTS('',6,(#3698,#3699,#3700,#3701,#3702,
    #3703,#3704,#3705,#3706,#3707,#3708,#3709),.UNSPECIFIED.,.F.,.F.,(7,
    5,7),(0.,0.386125695632,1.),.UNSPECIFIED.);
#3698 = CARTESIAN_POINT('',(2.65625,-21.21801757812,2.));
#3699 = CARTESIAN_POINT('',(2.597304904892,-21.29047874599,2.));
#3700 = CARTESIAN_POINT('',(2.544864394843,-21.36966723203,2.));
#3701 = CARTESIAN_POINT('',(2.498931513397,-21.45457843337,2.));
#3702 = CARTESIAN_POINT('',(2.4591040767,-21.5441274233,2.));
#3703 = CARTESIAN_POINT('',(2.424880233223,-21.63739592021,2.));
#3704 = CARTESIAN_POINT('',(2.349416958635,-21.88680126994,2.));
#3705 = CARTESIAN_POINT('',(2.315982885634,-22.04745190052,2.));
#3706 = CARTESIAN_POINT('',(2.293232944878,-22.21317888438,2.));
#3707 = CARTESIAN_POINT('',(2.279361435653,-22.38222698565,2.));
#3708 = CARTESIAN_POINT('',(2.27294921875,-22.55355039342,2.));
#3709 = CARTESIAN_POINT('',(2.27294921875,-22.72680664062,2.));
#3710 = PCURVE('',#73,#3711);
#3711 = DEFINITIONAL_REPRESENTATION('',(#3712),#3725);
#3712 = B_SPLINE_CURVE_WITH_KNOTS('',6,(#3713,#3714,#3715,#3716,#3717,
    #3718,#3719,#3720,#3721,#3722,#3723,#3724),.UNSPECIFIED.,.F.,.F.,(7,
    5,7),(0.,0.386125695632,1.),.UNSPECIFIED.);
#3713 = CARTESIAN_POINT('',(2.65625,-21.21801757812));
#3714 = CARTESIAN_POINT('',(2.597304904892,-21.29047874599));
#3715 = CARTESIAN_POINT('',(2.544864394843,-21.36966723203));
#3716 = CARTESIAN_POINT('',(2.498931513397,-21.45457843337));
#3717 = CARTESIAN_POINT('',(2.4591040767,-21.5441274233));
#3718 = CARTESIAN_POINT('',(2.424880233223,-21.63739592021));
#3719 = CARTESIAN_POINT('',(2.349416958635,-21.88680126994));
#3720 = CARTESIAN_POINT('',(2.315982885634,-22.04745190052));
#3721 = CARTESIAN_POINT('',(2.293232944878,-22.21317888438));
#3722 = CARTESIAN_POINT('',(2.279361435653,-22.38222698565));
#3723 = CARTESIAN_POINT('',(2.27294921875,-22.55355039342));
#3724 = CARTESIAN_POINT('',(2.27294921875,-22.72680664062));
#3725 = ( GEOMETRIC_REPRESENTATION_CONTEXT(2) 
PARAMETRIC_REPRESENTATION_CONTEXT() REPRESENTATION_CONTEXT('2D SPACE',''
  ) );
#3726 = PCURVE('',#3727,#3734);
#3727 = SURFACE_OF_LINEAR_EXTRUSION('',#3728,#3732);
#3728 = B_SPLINE_CURVE_WITH_KNOTS('',2,(#3729,#3730,#3731),
  .UNSPECIFIED.,.F.,.F.,(3,3),(0.,1.),.PIECEWISE_BEZIER_KNOTS.);
#3729 = CARTESIAN_POINT('',(2.27294921875,-22.72680664062,1.9));
#3730 = CARTESIAN_POINT('',(2.27294921875,-21.68920898437,1.9));
#3731 = CARTESIAN_POINT('',(2.65625,-21.21801757812,1.9));
#3732 = VECTOR('',#3733,1.);
#3733 = DIRECTION('',(-0.,-0.,-1.));
#3734 = DEFINITIONAL_REPRESENTATION('',(#3735),#3748);
#3735 = B_SPLINE_CURVE_WITH_KNOTS('',6,(#3736,#3737,#3738,#3739,#3740,
    #3741,#3742,#3743,#3744,#3745,#3746,#3747),.UNSPECIFIED.,.F.,.F.,(7,
    5,7),(0.,0.386125695632,1.),.UNSPECIFIED.);
#3736 = CARTESIAN_POINT('',(1.,-0.1));
#3737 = CARTESIAN_POINT('',(0.923108563834,-0.1));
#3738 = CARTESIAN_POINT('',(0.847607142732,-0.1));
#3739 = CARTESIAN_POINT('',(0.773982004341,-0.1));
#3740 = CARTESIAN_POINT('',(0.70246956824,-0.1));
#3741 = CARTESIAN_POINT('',(0.633154979227,-0.1));
#3742 = CARTESIAN_POINT('',(0.459234983777,-0.1));
#3743 = CARTESIAN_POINT('',(0.35801251414,-0.1));
#3744 = CARTESIAN_POINT('',(0.261951806264,-0.1));
#3745 = CARTESIAN_POINT('',(0.170612872281,-0.1));
#3746 = CARTESIAN_POINT('',(8.348912806296E-02,-0.1));
#3747 = CARTESIAN_POINT('',(0.,-0.1));
#3748 = ( GEOMETRIC_REPRESENTATION_CONTEXT(2) 
PARAMETRIC_REPRESENTATION_CONTEXT() REPRESENTATION_CONTEXT('2D SPACE',''
  ) );
#3749 = ORIENTED_EDGE('',*,*,#3750,.F.);
#3750 = EDGE_CURVE('',#3751,#3694,#3753,.T.);
#3751 = VERTEX_POINT('',#3752);
#3752 = CARTESIAN_POINT('',(3.55712890625,-20.80786132812,2.));
#3753 = SURFACE_CURVE('',#3754,(#3769,#3787),.PCURVE_S1.);
#3754 = B_SPLINE_CURVE_WITH_KNOTS('',5,(#3755,#3756,#3757,#3758,#3759,
    #3760,#3761,#3762,#3763,#3764,#3765,#3766,#3767,#3768),
  .UNSPECIFIED.,.F.,.F.,(6,4,4,6),(0.,0.200474681756,0.595150166369,1.),
  .UNSPECIFIED.);
#3755 = CARTESIAN_POINT('',(3.55712890625,-20.80786132812,2.));
#3756 = CARTESIAN_POINT('',(3.514061363591,-20.80786132812,2.));
#3757 = CARTESIAN_POINT('',(3.47136075485,-20.80934342455,2.));
#3758 = CARTESIAN_POINT('',(3.429086941258,-20.81237240767,2.));
#3759 = CARTESIAN_POINT('',(3.387306945346,-20.817008384,2.));
#3760 = CARTESIAN_POINT('',(3.264952927403,-20.83568030493,2.));
#3761 = CARTESIAN_POINT('',(3.185989481544,-20.85447404735,2.));
#3762 = CARTESIAN_POINT('',(3.109785618224,-20.88003336036,2.));
#3763 = CARTESIAN_POINT('',(3.036901138588,-20.91249795113,2.));
#3764 = CARTESIAN_POINT('',(2.896893761864,-20.99172288092,2.));
#3765 = CARTESIAN_POINT('',(2.829945799017,-21.0388426601,2.));
#3766 = CARTESIAN_POINT('',(2.767438714441,-21.09269112527,2.));
#3767 = CARTESIAN_POINT('',(2.709544852035,-21.15266330701,2.));
#3768 = CARTESIAN_POINT('',(2.65625,-21.21801757812,2.));
#3769 = PCURVE('',#73,#3770);
#3770 = DEFINITIONAL_REPRESENTATION('',(#3771),#3786);
#3771 = B_SPLINE_CURVE_WITH_KNOTS('',5,(#3772,#3773,#3774,#3775,#3776,
    #3777,#3778,#3779,#3780,#3781,#3782,#3783,#3784,#3785),
  .UNSPECIFIED.,.F.,.F.,(6,4,4,6),(0.,0.200474681756,0.595150166369,1.),
  .UNSPECIFIED.);
#3772 = CARTESIAN_POINT('',(3.55712890625,-20.80786132812));
#3773 = CARTESIAN_POINT('',(3.514061363591,-20.80786132812));
#3774 = CARTESIAN_POINT('',(3.47136075485,-20.80934342455));
#3775 = CARTESIAN_POINT('',(3.429086941258,-20.81237240767));
#3776 = CARTESIAN_POINT('',(3.387306945346,-20.817008384));
#3777 = CARTESIAN_POINT('',(3.264952927403,-20.83568030493));
#3778 = CARTESIAN_POINT('',(3.185989481544,-20.85447404735));
#3779 = CARTESIAN_POINT('',(3.109785618224,-20.88003336036));
#3780 = CARTESIAN_POINT('',(3.036901138588,-20.91249795113));
#3781 = CARTESIAN_POINT('',(2.896893761864,-20.99172288092));
#3782 = CARTESIAN_POINT('',(2.829945799017,-21.0388426601));
#3783 = CARTESIAN_POINT('',(2.767438714441,-21.09269112527));
#3784 = CARTESIAN_POINT('',(2.709544852035,-21.15266330701));
#3785 = CARTESIAN_POINT('',(2.65625,-21.21801757812));
#3786 = ( GEOMETRIC_REPRESENTATION_CONTEXT(2) 
PARAMETRIC_REPRESENTATION_CONTEXT() REPRESENTATION_CONTEXT('2D SPACE',''
  ) );
#3787 = PCURVE('',#3788,#3795);
#3788 = SURFACE_OF_LINEAR_EXTRUSION('',#3789,#3793);
#3789 = B_SPLINE_CURVE_WITH_KNOTS('',2,(#3790,#3791,#3792),
  .UNSPECIFIED.,.F.,.F.,(3,3),(0.,1.),.PIECEWISE_BEZIER_KNOTS.);
#3790 = CARTESIAN_POINT('',(2.65625,-21.21801757812,1.9));
#3791 = CARTESIAN_POINT('',(2.99072265625,-20.80786132812,1.9));
#3792 = CARTESIAN_POINT('',(3.55712890625,-20.80786132812,1.9));
#3793 = VECTOR('',#3794,1.);
#3794 = DIRECTION('',(-0.,-0.,-1.));
#3795 = DEFINITIONAL_REPRESENTATION('',(#3796),#3811);
#3796 = B_SPLINE_CURVE_WITH_KNOTS('',5,(#3797,#3798,#3799,#3800,#3801,
    #3802,#3803,#3804,#3805,#3806,#3807,#3808,#3809,#3810),
  .UNSPECIFIED.,.F.,.F.,(6,4,4,6),(0.,0.200474681756,0.595150166369,1.),
  .UNSPECIFIED.);
#3797 = CARTESIAN_POINT('',(1.,-0.1));
#3798 = CARTESIAN_POINT('',(0.961981755446,-0.1));
#3799 = CARTESIAN_POINT('',(0.923547593582,-0.1));
#3800 = CARTESIAN_POINT('',(0.884718015495,-0.1));
#3801 = CARTESIAN_POINT('',(0.845522181987,-0.1));
#3802 = CARTESIAN_POINT('',(0.728192487391,-0.1));
#3803 = CARTESIAN_POINT('',(0.649105383635,-0.1));
#3804 = CARTESIAN_POINT('',(0.569077094509,-0.1));
#3805 = CARTESIAN_POINT('',(0.488532050426,-0.1));
#3806 = CARTESIAN_POINT('',(0.325391911867,-0.1));
#3807 = CARTESIAN_POINT('',(0.242771817125,-0.1));
#3808 = CARTESIAN_POINT('',(0.160713127341,-0.1));
#3809 = CARTESIAN_POINT('',(7.966996858933E-02,-0.1));
#3810 = CARTESIAN_POINT('',(0.,-0.1));
#3811 = ( GEOMETRIC_REPRESENTATION_CONTEXT(2) 
PARAMETRIC_REPRESENTATION_CONTEXT() REPRESENTATION_CONTEXT('2D SPACE',''
  ) );
#3812 = ORIENTED_EDGE('',*,*,#3813,.F.);
#3813 = EDGE_CURVE('',#3814,#3751,#3816,.T.);
#3814 = VERTEX_POINT('',#3815);
#3815 = CARTESIAN_POINT('',(4.249267578125,-21.04467773437,2.));
#3816 = SURFACE_CURVE('',#3817,(#3830,#3846),.PCURVE_S1.);
#3817 = B_SPLINE_CURVE_WITH_KNOTS('',6,(#3818,#3819,#3820,#3821,#3822,
    #3823,#3824,#3825,#3826,#3827,#3828,#3829),.UNSPECIFIED.,.F.,.F.,(7,
    5,7),(0.,0.184786736158,1.),.UNSPECIFIED.);
#3818 = CARTESIAN_POINT('',(4.249267578125,-21.04467773437,2.));
#3819 = CARTESIAN_POINT('',(4.232403435283,-21.02987391667,2.));
#3820 = CARTESIAN_POINT('',(4.215156599592,-21.01560344741,2.));
#3821 = CARTESIAN_POINT('',(4.197531161241,-21.00187478335,2.));
#3822 = CARTESIAN_POINT('',(4.179532199264,-20.9886950889,2.));
#3823 = CARTESIAN_POINT('',(4.161165781552,-20.9760702361,2.));
#3824 = CARTESIAN_POINT('',(4.059822919516,-20.91077641864,2.));
#3825 = CARTESIAN_POINT('',(3.970166067461,-20.86841834827,2.));
#3826 = CARTESIAN_POINT('',(3.874139298995,-20.83738204618,2.));
#3827 = CARTESIAN_POINT('',(3.77264179488,-20.81741608079,2.));
#3828 = CARTESIAN_POINT('',(3.66665370232,-20.80786132812,2.));
#3829 = CARTESIAN_POINT('',(3.55712890625,-20.80786132812,2.));
#3830 = PCURVE('',#73,#3831);
#3831 = DEFINITIONAL_REPRESENTATION('',(#3832),#3845);
#3832 = B_SPLINE_CURVE_WITH_KNOTS('',6,(#3833,#3834,#3835,#3836,#3837,
    #3838,#3839,#3840,#3841,#3842,#3843,#3844),.UNSPECIFIED.,.F.,.F.,(7,
    5,7),(0.,0.184786736158,1.),.UNSPECIFIED.);
#3833 = CARTESIAN_POINT('',(4.249267578125,-21.04467773437));
#3834 = CARTESIAN_POINT('',(4.232403435283,-21.02987391667));
#3835 = CARTESIAN_POINT('',(4.215156599592,-21.01560344741));
#3836 = CARTESIAN_POINT('',(4.197531161241,-21.00187478335));
#3837 = CARTESIAN_POINT('',(4.179532199264,-20.9886950889));
#3838 = CARTESIAN_POINT('',(4.161165781552,-20.9760702361));
#3839 = CARTESIAN_POINT('',(4.059822919516,-20.91077641864));
#3840 = CARTESIAN_POINT('',(3.970166067461,-20.86841834827));
#3841 = CARTESIAN_POINT('',(3.874139298995,-20.83738204618));
#3842 = CARTESIAN_POINT('',(3.77264179488,-20.81741608079));
#3843 = CARTESIAN_POINT('',(3.66665370232,-20.80786132812));
#3844 = CARTESIAN_POINT('',(3.55712890625,-20.80786132812));
#3845 = ( GEOMETRIC_REPRESENTATION_CONTEXT(2) 
PARAMETRIC_REPRESENTATION_CONTEXT() REPRESENTATION_CONTEXT('2D SPACE',''
  ) );
#3846 = PCURVE('',#3847,#3854);
#3847 = SURFACE_OF_LINEAR_EXTRUSION('',#3848,#3852);
#3848 = B_SPLINE_CURVE_WITH_KNOTS('',2,(#3849,#3850,#3851),
  .UNSPECIFIED.,.F.,.F.,(3,3),(0.,1.),.PIECEWISE_BEZIER_KNOTS.);
#3849 = CARTESIAN_POINT('',(3.55712890625,-20.80786132812,1.9));
#3850 = CARTESIAN_POINT('',(3.9794921875,-20.80786132812,1.9));
#3851 = CARTESIAN_POINT('',(4.249267578125,-21.04467773437,1.9));
#3852 = VECTOR('',#3853,1.);
#3853 = DIRECTION('',(-0.,-0.,-1.));
#3854 = DEFINITIONAL_REPRESENTATION('',(#3855),#3868);
#3855 = B_SPLINE_CURVE_WITH_KNOTS('',6,(#3856,#3857,#3858,#3859,#3860,
    #3861,#3862,#3863,#3864,#3865,#3866,#3867),.UNSPECIFIED.,.F.,.F.,(7,
    5,7),(0.,0.184786736158,1.),.UNSPECIFIED.);
#3856 = CARTESIAN_POINT('',(1.,-0.1));
#3857 = CARTESIAN_POINT('',(0.968744104488,-0.1));
#3858 = CARTESIAN_POINT('',(0.937441992242,-0.1));
#3859 = CARTESIAN_POINT('',(0.906104955826,-0.1));
#3860 = CARTESIAN_POINT('',(0.874744472656,-0.1));
#3861 = CARTESIAN_POINT('',(0.843372205006,-0.1));
#3862 = CARTESIAN_POINT('',(0.673597005454,-0.1));
#3863 = CARTESIAN_POINT('',(0.535150520689,-0.1));
#3864 = CARTESIAN_POINT('',(0.397799109068,-0.1));
#3865 = CARTESIAN_POINT('',(0.262415450484,-1.E-01));
#3866 = CARTESIAN_POINT('',(0.129657099625,-0.1));
#3867 = CARTESIAN_POINT('',(0.,-0.1));
#3868 = ( GEOMETRIC_REPRESENTATION_CONTEXT(2) 
PARAMETRIC_REPRESENTATION_CONTEXT() REPRESENTATION_CONTEXT('2D SPACE',''
  ) );
#3869 = ORIENTED_EDGE('',*,*,#3870,.F.);
#3870 = EDGE_CURVE('',#2956,#3814,#3871,.T.);
#3871 = SURFACE_CURVE('',#3872,(#3885,#3901),.PCURVE_S1.);
#3872 = B_SPLINE_CURVE_WITH_KNOTS('',6,(#3873,#3874,#3875,#3876,#3877,
    #3878,#3879,#3880,#3881,#3882,#3883,#3884),.UNSPECIFIED.,.F.,.F.,(7,
    5,7),(0.,0.807242433101,1.),.UNSPECIFIED.);
#3873 = CARTESIAN_POINT('',(4.57275390625,-21.69897460937,2.));
#3874 = CARTESIAN_POINT('',(4.558952899295,-21.59170314622,2.));
#3875 = CARTESIAN_POINT('',(4.536267978515,-21.48906481623,2.));
#3876 = CARTESIAN_POINT('',(4.503994800641,-21.39208162834,2.));
#3877 = CARTESIAN_POINT('',(4.461624110673,-21.30177372043,2.));
#3878 = CARTESIAN_POINT('',(4.409028036932,-21.21903294003,2.));
#3879 = CARTESIAN_POINT('',(4.331840769318,-21.12664088936,2.));
#3880 = CARTESIAN_POINT('',(4.316407395364,-21.10929544851,2.));
#3881 = CARTESIAN_POINT('',(4.300425209674,-21.09242113593,2.));
#3882 = CARTESIAN_POINT('',(4.283901709416,-21.07602390347,2.));
#3883 = CARTESIAN_POINT('',(4.26684575661,-21.06010835259,2.));
#3884 = CARTESIAN_POINT('',(4.249267578125,-21.04467773437,2.));
#3885 = PCURVE('',#73,#3886);
#3886 = DEFINITIONAL_REPRESENTATION('',(#3887),#3900);
#3887 = B_SPLINE_CURVE_WITH_KNOTS('',6,(#3888,#3889,#3890,#3891,#3892,
    #3893,#3894,#3895,#3896,#3897,#3898,#3899),.UNSPECIFIED.,.F.,.F.,(7,
    5,7),(0.,0.807242433101,1.),.UNSPECIFIED.);
#3888 = CARTESIAN_POINT('',(4.57275390625,-21.69897460937));
#3889 = CARTESIAN_POINT('',(4.558952899295,-21.59170314622));
#3890 = CARTESIAN_POINT('',(4.536267978515,-21.48906481623));
#3891 = CARTESIAN_POINT('',(4.503994800641,-21.39208162834));
#3892 = CARTESIAN_POINT('',(4.461624110673,-21.30177372043));
#3893 = CARTESIAN_POINT('',(4.409028036932,-21.21903294003));
#3894 = CARTESIAN_POINT('',(4.331840769318,-21.12664088936));
#3895 = CARTESIAN_POINT('',(4.316407395364,-21.10929544851));
#3896 = CARTESIAN_POINT('',(4.300425209674,-21.09242113593));
#3897 = CARTESIAN_POINT('',(4.283901709416,-21.07602390347));
#3898 = CARTESIAN_POINT('',(4.26684575661,-21.06010835259));
#3899 = CARTESIAN_POINT('',(4.249267578125,-21.04467773437));
#3900 = ( GEOMETRIC_REPRESENTATION_CONTEXT(2) 
PARAMETRIC_REPRESENTATION_CONTEXT() REPRESENTATION_CONTEXT('2D SPACE',''
  ) );
#3901 = PCURVE('',#3902,#3909);
#3902 = SURFACE_OF_LINEAR_EXTRUSION('',#3903,#3907);
#3903 = B_SPLINE_CURVE_WITH_KNOTS('',2,(#3904,#3905,#3906),
  .UNSPECIFIED.,.F.,.F.,(3,3),(0.,1.),.PIECEWISE_BEZIER_KNOTS.);
#3904 = CARTESIAN_POINT('',(4.249267578125,-21.04467773437,1.9));
#3905 = CARTESIAN_POINT('',(4.51904296875,-21.28149414062,1.9));
#3906 = CARTESIAN_POINT('',(4.57275390625,-21.69897460937,1.9));
#3907 = VECTOR('',#3908,1.);
#3908 = DIRECTION('',(-0.,-0.,-1.));
#3909 = DEFINITIONAL_REPRESENTATION('',(#3910),#3923);
#3910 = B_SPLINE_CURVE_WITH_KNOTS('',6,(#3911,#3912,#3913,#3914,#3915,
    #3916,#3917,#3918,#3919,#3920,#3921,#3922),.UNSPECIFIED.,.F.,.F.,(7,
    5,7),(0.,0.807242433101,1.),.UNSPECIFIED.);
#3911 = CARTESIAN_POINT('',(1.,-0.1));
#3912 = CARTESIAN_POINT('',(0.871525171616,-0.1));
#3913 = CARTESIAN_POINT('',(0.740027768947,-0.1));
#3914 = CARTESIAN_POINT('',(0.605976082095,-0.1));
#3915 = CARTESIAN_POINT('',(0.470012770349,-0.1));
#3916 = CARTESIAN_POINT('',(0.332986602439,-0.1));
#3917 = CARTESIAN_POINT('',(0.163289623165,-0.1));
#3918 = CARTESIAN_POINT('',(0.130579035495,-0.1));
#3919 = CARTESIAN_POINT('',(9.788167778924E-02,-0.1));
#3920 = CARTESIAN_POINT('',(6.521076468243E-02,-0.1));
#3921 = CARTESIAN_POINT('',(3.257928464878E-02,-0.1));
#3922 = CARTESIAN_POINT('',(0.,-0.1));
#3923 = ( GEOMETRIC_REPRESENTATION_CONTEXT(2) 
PARAMETRIC_REPRESENTATION_CONTEXT() REPRESENTATION_CONTEXT('2D SPACE',''
  ) );
#3924 = FACE_BOUND('',#3925,.T.);
#3925 = EDGE_LOOP('',(#3926,#4000,#4057,#4108,#4159,#4210,#4261,#4312,
    #4363,#4414,#4465));
#3926 = ORIENTED_EDGE('',*,*,#3927,.F.);
#3927 = EDGE_CURVE('',#3928,#3930,#3932,.T.);
#3928 = VERTEX_POINT('',#3929);
#3929 = CARTESIAN_POINT('',(-3.463232421875,-16.42001953125,2.));
#3930 = VERTEX_POINT('',#3931);
#3931 = CARTESIAN_POINT('',(-3.826904296875,-17.48041992187,2.));
#3932 = SURFACE_CURVE('',#3933,(#3951,#3972),.PCURVE_S1.);
#3933 = B_SPLINE_CURVE_WITH_KNOTS('',6,(#3934,#3935,#3936,#3937,#3938,
    #3939,#3940,#3941,#3942,#3943,#3944,#3945,#3946,#3947,#3948,#3949,
    #3950),.UNSPECIFIED.,.F.,.F.,(7,5,5,7),(0.,8.577393347589E-02,
    0.52629457912,1.),.UNSPECIFIED.);
#3934 = CARTESIAN_POINT('',(-3.463232421875,-16.42001953125,2.));
#3935 = CARTESIAN_POINT('',(-3.474130493929,-16.43150142859,2.));
#3936 = CARTESIAN_POINT('',(-3.484839872493,-16.44314942578,2.));
#3937 = CARTESIAN_POINT('',(-3.495358261054,-16.45496201799,2.));
#3938 = CARTESIAN_POINT('',(-3.505683569471,-16.46693750919,2.));
#3939 = CARTESIAN_POINT('',(-3.51581391398,-16.4790740121,2.));
#3940 = CARTESIAN_POINT('',(-3.576765463442,-16.5545167617,2.));
#3941 = CARTESIAN_POINT('',(-3.622604722686,-16.62186643833,2.));
#3942 = CARTESIAN_POINT('',(-3.663015397451,-16.69311407504,2.));
#3943 = CARTESIAN_POINT('',(-3.697953393667,-16.76786793128,2.));
#3944 = CARTESIAN_POINT('',(-3.727527389581,-16.84568340251,2.));
#3945 = CARTESIAN_POINT('',(-3.778203471149,-17.01256924287,2.));
#3946 = CARTESIAN_POINT('',(-3.798503919391,-17.10206000303,2.));
#3947 = CARTESIAN_POINT('',(-3.813117079732,-17.19404020827,2.));
#3948 = CARTESIAN_POINT('',(-3.822443141314,-17.2880180914,2.));
#3949 = CARTESIAN_POINT('',(-3.826904296875,-17.38358274402,2.));
#3950 = CARTESIAN_POINT('',(-3.826904296875,-17.48041992187,2.));
#3951 = PCURVE('',#73,#3952);
#3952 = DEFINITIONAL_REPRESENTATION('',(#3953),#3971);
#3953 = B_SPLINE_CURVE_WITH_KNOTS('',6,(#3954,#3955,#3956,#3957,#3958,
    #3959,#3960,#3961,#3962,#3963,#3964,#3965,#3966,#3967,#3968,#3969,
    #3970),.UNSPECIFIED.,.F.,.F.,(7,5,5,7),(0.,8.577393347589E-02,
    0.52629457912,1.),.UNSPECIFIED.);
#3954 = CARTESIAN_POINT('',(-3.463232421875,-16.42001953125));
#3955 = CARTESIAN_POINT('',(-3.474130493929,-16.43150142859));
#3956 = CARTESIAN_POINT('',(-3.484839872493,-16.44314942578));
#3957 = CARTESIAN_POINT('',(-3.495358261054,-16.45496201799));
#3958 = CARTESIAN_POINT('',(-3.505683569471,-16.46693750919));
#3959 = CARTESIAN_POINT('',(-3.51581391398,-16.4790740121));
#3960 = CARTESIAN_POINT('',(-3.576765463442,-16.5545167617));
#3961 = CARTESIAN_POINT('',(-3.622604722686,-16.62186643833));
#3962 = CARTESIAN_POINT('',(-3.663015397451,-16.69311407504));
#3963 = CARTESIAN_POINT('',(-3.697953393667,-16.76786793128));
#3964 = CARTESIAN_POINT('',(-3.727527389581,-16.84568340251));
#3965 = CARTESIAN_POINT('',(-3.778203471149,-17.01256924287));
#3966 = CARTESIAN_POINT('',(-3.798503919391,-17.10206000303));
#3967 = CARTESIAN_POINT('',(-3.813117079732,-17.19404020827));
#3968 = CARTESIAN_POINT('',(-3.822443141314,-17.2880180914));
#3969 = CARTESIAN_POINT('',(-3.826904296875,-17.38358274402));
#3970 = CARTESIAN_POINT('',(-3.826904296875,-17.48041992187));
#3971 = ( GEOMETRIC_REPRESENTATION_CONTEXT(2) 
PARAMETRIC_REPRESENTATION_CONTEXT() REPRESENTATION_CONTEXT('2D SPACE',''
  ) );
#3972 = PCURVE('',#3973,#3980);
#3973 = SURFACE_OF_LINEAR_EXTRUSION('',#3974,#3978);
#3974 = B_SPLINE_CURVE_WITH_KNOTS('',2,(#3975,#3976,#3977),
  .UNSPECIFIED.,.F.,.F.,(3,3),(0.,1.),.PIECEWISE_BEZIER_KNOTS.);
#3975 = CARTESIAN_POINT('',(-3.826904296875,-17.48041992187,1.9));
#3976 = CARTESIAN_POINT('',(-3.826904296875,-16.80317382812,1.9));
#3977 = CARTESIAN_POINT('',(-3.463232421875,-16.42001953125,1.9));
#3978 = VECTOR('',#3979,1.);
#3979 = DIRECTION('',(-0.,-0.,-1.));
#3980 = DEFINITIONAL_REPRESENTATION('',(#3981),#3999);
#3981 = B_SPLINE_CURVE_WITH_KNOTS('',6,(#3982,#3983,#3984,#3985,#3986,
    #3987,#3988,#3989,#3990,#3991,#3992,#3993,#3994,#3995,#3996,#3997,
    #3998),.UNSPECIFIED.,.F.,.F.,(7,5,5,7),(0.,8.577393347589E-02,
    0.52629457912,1.),.UNSPECIFIED.);
#3982 = CARTESIAN_POINT('',(1.,-0.1));
#3983 = CARTESIAN_POINT('',(0.985016614147,-0.1));
#3984 = CARTESIAN_POINT('',(0.970023255238,-0.1));
#3985 = CARTESIAN_POINT('',(0.955022405345,-0.1));
#3986 = CARTESIAN_POINT('',(0.940016564509,-0.1));
#3987 = CARTESIAN_POINT('',(0.925008250736,-0.1));
#3988 = CARTESIAN_POINT('',(0.832920122277,-0.1));
#3989 = CARTESIAN_POINT('',(0.7558294824,-0.1));
#3990 = CARTESIAN_POINT('',(0.679102072506,-0.1));
#3991 = CARTESIAN_POINT('',(0.603053433903,-0.1));
#3992 = CARTESIAN_POINT('',(0.527946926795,-0.1));
#3993 = CARTESIAN_POINT('',(0.374482591618,-0.1));
#3994 = CARTESIAN_POINT('',(0.296292997727,-0.1));
#3995 = CARTESIAN_POINT('',(0.21966097189,-0.1));
#3996 = CARTESIAN_POINT('',(0.144710652764,-1.E-01));
#3997 = CARTESIAN_POINT('',(7.149334543592E-02,-0.1));
#3998 = CARTESIAN_POINT('',(0.,-0.1));
#3999 = ( GEOMETRIC_REPRESENTATION_CONTEXT(2) 
PARAMETRIC_REPRESENTATION_CONTEXT() REPRESENTATION_CONTEXT('2D SPACE',''
  ) );
#4000 = ORIENTED_EDGE('',*,*,#4001,.F.);
#4001 = EDGE_CURVE('',#4002,#3928,#4004,.T.);
#4002 = VERTEX_POINT('',#4003);
#4003 = CARTESIAN_POINT('',(-2.524365234375,-16.03686523437,2.));
#4004 = SURFACE_CURVE('',#4005,(#4018,#4034),.PCURVE_S1.);
#4005 = B_SPLINE_CURVE_WITH_KNOTS('',6,(#4006,#4007,#4008,#4009,#4010,
    #4011,#4012,#4013,#4014,#4015,#4016,#4017),.UNSPECIFIED.,.F.,.F.,(7,
    5,7),(0.,0.639761832406,1.),.UNSPECIFIED.);
#4006 = CARTESIAN_POINT('',(-2.524365234375,-16.03686523437,2.));
#4007 = CARTESIAN_POINT('',(-2.640716903765,-16.03686523437,2.));
#4008 = CARTESIAN_POINT('',(-2.75490458122,-16.04627207764,2.));
#4009 = CARTESIAN_POINT('',(-2.865982828853,-16.06600351018,2.));
#4010 = CARTESIAN_POINT('',(-2.972921869578,-16.09678319175,2.));
#4011 = CARTESIAN_POINT('',(-3.074702580715,-16.13889999327,2.));
#4012 = CARTESIAN_POINT('',(-3.224368756368,-16.22166457673,2.));
#4013 = CARTESIAN_POINT('',(-3.276386663624,-16.25492215808,2.));
#4014 = CARTESIAN_POINT('',(-3.326360089398,-16.29154189494,2.));
#4015 = CARTESIAN_POINT('',(-3.374191057163,-16.3313887081,2.));
#4016 = CARTESIAN_POINT('',(-3.419822865836,-16.37428446328,2.));
#4017 = CARTESIAN_POINT('',(-3.463232421875,-16.42001953125,2.));
#4018 = PCURVE('',#73,#4019);
#4019 = DEFINITIONAL_REPRESENTATION('',(#4020),#4033);
#4020 = B_SPLINE_CURVE_WITH_KNOTS('',6,(#4021,#4022,#4023,#4024,#4025,
    #4026,#4027,#4028,#4029,#4030,#4031,#4032),.UNSPECIFIED.,.F.,.F.,(7,
    5,7),(0.,0.639761832406,1.),.UNSPECIFIED.);
#4021 = CARTESIAN_POINT('',(-2.524365234375,-16.03686523437));
#4022 = CARTESIAN_POINT('',(-2.640716903765,-16.03686523437));
#4023 = CARTESIAN_POINT('',(-2.75490458122,-16.04627207764));
#4024 = CARTESIAN_POINT('',(-2.865982828853,-16.06600351018));
#4025 = CARTESIAN_POINT('',(-2.972921869578,-16.09678319175));
#4026 = CARTESIAN_POINT('',(-3.074702580715,-16.13889999327));
#4027 = CARTESIAN_POINT('',(-3.224368756368,-16.22166457673));
#4028 = CARTESIAN_POINT('',(-3.276386663624,-16.25492215808));
#4029 = CARTESIAN_POINT('',(-3.326360089398,-16.29154189494));
#4030 = CARTESIAN_POINT('',(-3.374191057163,-16.3313887081));
#4031 = CARTESIAN_POINT('',(-3.419822865836,-16.37428446328));
#4032 = CARTESIAN_POINT('',(-3.463232421875,-16.42001953125));
#4033 = ( GEOMETRIC_REPRESENTATION_CONTEXT(2) 
PARAMETRIC_REPRESENTATION_CONTEXT() REPRESENTATION_CONTEXT('2D SPACE',''
  ) );
#4034 = PCURVE('',#4035,#4042);
#4035 = SURFACE_OF_LINEAR_EXTRUSION('',#4036,#4040);
#4036 = B_SPLINE_CURVE_WITH_KNOTS('',2,(#4037,#4038,#4039),
  .UNSPECIFIED.,.F.,.F.,(3,3),(0.,1.),.PIECEWISE_BEZIER_KNOTS.);
#4037 = CARTESIAN_POINT('',(-3.463232421875,-16.42001953125,1.9));
#4038 = CARTESIAN_POINT('',(-3.099560546875,-16.03686523437,1.9));
#4039 = CARTESIAN_POINT('',(-2.524365234375,-16.03686523437,1.9));
#4040 = VECTOR('',#4041,1.);
#4041 = DIRECTION('',(-0.,-0.,-1.));
#4042 = DEFINITIONAL_REPRESENTATION('',(#4043),#4056);
#4043 = B_SPLINE_CURVE_WITH_KNOTS('',6,(#4044,#4045,#4046,#4047,#4048,
    #4049,#4050,#4051,#4052,#4053,#4054,#4055),.UNSPECIFIED.,.F.,.F.,(7,
    5,7),(0.,0.639761832406,1.),.UNSPECIFIED.);
#4044 = CARTESIAN_POINT('',(1.,-0.1));
#4045 = CARTESIAN_POINT('',(0.898858990275,-0.1));
#4046 = CARTESIAN_POINT('',(0.795084846962,-0.1));
#4047 = CARTESIAN_POINT('',(0.689058995948,-0.1));
#4048 = CARTESIAN_POINT('',(0.581329316212,-0.1));
#4049 = CARTESIAN_POINT('',(0.472643074928,-0.1));
#4050 = CARTESIAN_POINT('',(0.302825074815,-0.1));
#4051 = CARTESIAN_POINT('',(0.241647572773,-0.1));
#4052 = CARTESIAN_POINT('',(0.180633820559,-0.1));
#4053 = CARTESIAN_POINT('',(0.119933809046,-0.1));
#4054 = CARTESIAN_POINT('',(5.968231120293E-02,-0.1));
#4055 = CARTESIAN_POINT('',(0.,-0.1));
#4056 = ( GEOMETRIC_REPRESENTATION_CONTEXT(2) 
PARAMETRIC_REPRESENTATION_CONTEXT() REPRESENTATION_CONTEXT('2D SPACE',''
  ) );
#4057 = ORIENTED_EDGE('',*,*,#4058,.F.);
#4058 = EDGE_CURVE('',#4059,#4002,#4061,.T.);
#4059 = VERTEX_POINT('',#4060);
#4060 = CARTESIAN_POINT('',(-1.845263671875,-16.21684570312,2.));
#4061 = SURFACE_CURVE('',#4062,(#4073,#4087),.PCURVE_S1.);
#4062 = B_SPLINE_CURVE_WITH_KNOTS('',5,(#4063,#4064,#4065,#4066,#4067,
    #4068,#4069,#4070,#4071,#4072),.UNSPECIFIED.,.F.,.F.,(6,4,6),(0.,
    0.260466904334,1.),.UNSPECIFIED.);
#4063 = CARTESIAN_POINT('',(-1.845263671875,-16.21684570312,2.));
#4064 = CARTESIAN_POINT('',(-1.87688571253,-16.19802767893,2.));
#4065 = CARTESIAN_POINT('',(-1.90906988017,-16.180406593,2.));
#4066 = CARTESIAN_POINT('',(-1.941801815654,-16.16400174832,2.));
#4067 = CARTESIAN_POINT('',(-1.975064377248,-16.1488269523,2.));
#4068 = CARTESIAN_POINT('',(-2.104728694729,-16.09532136185,2.));
#4069 = CARTESIAN_POINT('',(-2.20474644636,-16.06573090342,2.));
#4070 = CARTESIAN_POINT('',(-2.308410141493,-16.04632264294,2.));
#4071 = CARTESIAN_POINT('',(-2.415150037397,-16.03686523437,2.));
#4072 = CARTESIAN_POINT('',(-2.524365234375,-16.03686523437,2.));
#4073 = PCURVE('',#73,#4074);
#4074 = DEFINITIONAL_REPRESENTATION('',(#4075),#4086);
#4075 = B_SPLINE_CURVE_WITH_KNOTS('',5,(#4076,#4077,#4078,#4079,#4080,
    #4081,#4082,#4083,#4084,#4085),.UNSPECIFIED.,.F.,.F.,(6,4,6),(0.,
    0.260466904334,1.),.UNSPECIFIED.);
#4076 = CARTESIAN_POINT('',(-1.845263671875,-16.21684570312));
#4077 = CARTESIAN_POINT('',(-1.87688571253,-16.19802767893));
#4078 = CARTESIAN_POINT('',(-1.90906988017,-16.180406593));
#4079 = CARTESIAN_POINT('',(-1.941801815654,-16.16400174832));
#4080 = CARTESIAN_POINT('',(-1.975064377248,-16.1488269523));
#4081 = CARTESIAN_POINT('',(-2.104728694729,-16.09532136185));
#4082 = CARTESIAN_POINT('',(-2.20474644636,-16.06573090342));
#4083 = CARTESIAN_POINT('',(-2.308410141493,-16.04632264294));
#4084 = CARTESIAN_POINT('',(-2.415150037397,-16.03686523437));
#4085 = CARTESIAN_POINT('',(-2.524365234375,-16.03686523437));
#4086 = ( GEOMETRIC_REPRESENTATION_CONTEXT(2) 
PARAMETRIC_REPRESENTATION_CONTEXT() REPRESENTATION_CONTEXT('2D SPACE',''
  ) );
#4087 = PCURVE('',#4088,#4095);
#4088 = SURFACE_OF_LINEAR_EXTRUSION('',#4089,#4093);
#4089 = B_SPLINE_CURVE_WITH_KNOTS('',2,(#4090,#4091,#4092),
  .UNSPECIFIED.,.F.,.F.,(3,3),(0.,1.),.PIECEWISE_BEZIER_KNOTS.);
#4090 = CARTESIAN_POINT('',(-2.524365234375,-16.03686523437,1.9));
#4091 = CARTESIAN_POINT('',(-2.147705078125,-16.03686523437,1.9));
#4092 = CARTESIAN_POINT('',(-1.845263671875,-16.21684570312,1.9));
#4093 = VECTOR('',#4094,1.);
#4094 = DIRECTION('',(-0.,-0.,-1.));
#4095 = DEFINITIONAL_REPRESENTATION('',(#4096),#4107);
#4096 = B_SPLINE_CURVE_WITH_KNOTS('',5,(#4097,#4098,#4099,#4100,#4101,
    #4102,#4103,#4104,#4105,#4106),.UNSPECIFIED.,.F.,.F.,(6,4,6),(0.,
    0.260466904334,1.),.UNSPECIFIED.);
#4097 = CARTESIAN_POINT('',(1.,-0.1));
#4098 = CARTESIAN_POINT('',(0.947722038051,-0.1));
#4099 = CARTESIAN_POINT('',(0.89535308666,-0.1));
#4100 = CARTESIAN_POINT('',(0.842922773508,-0.1));
#4101 = CARTESIAN_POINT('',(0.790461411748,-0.1));
#4102 = CARTESIAN_POINT('',(0.589048445744,-0.1));
#4103 = CARTESIAN_POINT('',(0.440081265825,-0.1));
#4104 = CARTESIAN_POINT('',(0.291848037985,-0.1));
#4105 = CARTESIAN_POINT('',(0.144978431041,-0.1));
#4106 = CARTESIAN_POINT('',(0.,-0.1));
#4107 = ( GEOMETRIC_REPRESENTATION_CONTEXT(2) 
PARAMETRIC_REPRESENTATION_CONTEXT() REPRESENTATION_CONTEXT('2D SPACE',''
  ) );
#4108 = ORIENTED_EDGE('',*,*,#4109,.F.);
#4109 = EDGE_CURVE('',#4110,#4059,#4112,.T.);
#4110 = VERTEX_POINT('',#4111);
#4111 = CARTESIAN_POINT('',(-1.3841796875,-16.71875,2.));
#4112 = SURFACE_CURVE('',#4113,(#4124,#4138),.PCURVE_S1.);
#4113 = B_SPLINE_CURVE_WITH_KNOTS('',5,(#4114,#4115,#4116,#4117,#4118,
    #4119,#4120,#4121,#4122,#4123),.UNSPECIFIED.,.F.,.F.,(6,4,6),(0.,
    0.560547859453,1.),.UNSPECIFIED.);
#4114 = CARTESIAN_POINT('',(-1.3841796875,-16.71875,2.));
#4115 = CARTESIAN_POINT('',(-1.419311597309,-16.64745893155,2.));
#4116 = CARTESIAN_POINT('',(-1.459146467443,-16.57991911284,2.));
#4117 = CARTESIAN_POINT('',(-1.503744564167,-16.51645560686,2.));
#4118 = CARTESIAN_POINT('',(-1.553069541581,-16.45732964345,2.));
#4119 = CARTESIAN_POINT('',(-1.64919897105,-16.3598876632,2.));
#4120 = CARTESIAN_POINT('',(-1.694248098812,-16.31983327303,2.));
#4121 = CARTESIAN_POINT('',(-1.742023604361,-16.28262570388,2.));
#4122 = CARTESIAN_POINT('',(-1.792410299831,-16.24829832329,2.));
#4123 = CARTESIAN_POINT('',(-1.845263671875,-16.21684570312,2.));
#4124 = PCURVE('',#73,#4125);
#4125 = DEFINITIONAL_REPRESENTATION('',(#4126),#4137);
#4126 = B_SPLINE_CURVE_WITH_KNOTS('',5,(#4127,#4128,#4129,#4130,#4131,
    #4132,#4133,#4134,#4135,#4136),.UNSPECIFIED.,.F.,.F.,(6,4,6),(0.,
    0.560547859453,1.),.UNSPECIFIED.);
#4127 = CARTESIAN_POINT('',(-1.3841796875,-16.71875));
#4128 = CARTESIAN_POINT('',(-1.419311597309,-16.64745893155));
#4129 = CARTESIAN_POINT('',(-1.459146467443,-16.57991911284));
#4130 = CARTESIAN_POINT('',(-1.503744564167,-16.51645560686));
#4131 = CARTESIAN_POINT('',(-1.553069541581,-16.45732964345));
#4132 = CARTESIAN_POINT('',(-1.64919897105,-16.3598876632));
#4133 = CARTESIAN_POINT('',(-1.694248098812,-16.31983327303));
#4134 = CARTESIAN_POINT('',(-1.742023604361,-16.28262570388));
#4135 = CARTESIAN_POINT('',(-1.792410299831,-16.24829832329));
#4136 = CARTESIAN_POINT('',(-1.845263671875,-16.21684570312));
#4137 = ( GEOMETRIC_REPRESENTATION_CONTEXT(2) 
PARAMETRIC_REPRESENTATION_CONTEXT() REPRESENTATION_CONTEXT('2D SPACE',''
  ) );
#4138 = PCURVE('',#4139,#4146);
#4139 = SURFACE_OF_LINEAR_EXTRUSION('',#4140,#4144);
#4140 = B_SPLINE_CURVE_WITH_KNOTS('',2,(#4141,#4142,#4143),
  .UNSPECIFIED.,.F.,.F.,(3,3),(0.,1.),.PIECEWISE_BEZIER_KNOTS.);
#4141 = CARTESIAN_POINT('',(-1.845263671875,-16.21684570312,1.9));
#4142 = CARTESIAN_POINT('',(-1.542822265625,-16.39682617187,1.9));
#4143 = CARTESIAN_POINT('',(-1.3841796875,-16.71875,1.9));
#4144 = VECTOR('',#4145,1.);
#4145 = DIRECTION('',(-0.,-0.,-1.));
#4146 = DEFINITIONAL_REPRESENTATION('',(#4147),#4158);
#4147 = B_SPLINE_CURVE_WITH_KNOTS('',5,(#4148,#4149,#4150,#4151,#4152,
    #4153,#4154,#4155,#4156,#4157),.UNSPECIFIED.,.F.,.F.,(6,4,6),(0.,
    0.560547859453,1.),.UNSPECIFIED.);
#4148 = CARTESIAN_POINT('',(1.,-0.1));
#4149 = CARTESIAN_POINT('',(0.88927338983,-0.1));
#4150 = CARTESIAN_POINT('',(0.777615754475,-0.1));
#4151 = CARTESIAN_POINT('',(0.665304589851,-0.1));
#4152 = CARTESIAN_POINT('',(0.55265033976,-0.1));
#4153 = CARTESIAN_POINT('',(0.351685626649,-0.1));
#4154 = CARTESIAN_POINT('',(0.263369209451,-0.1));
#4155 = CARTESIAN_POINT('',(0.175215400397,-0.1));
#4156 = CARTESIAN_POINT('',(8.737787047597E-02,-0.1));
#4157 = CARTESIAN_POINT('',(0.,-0.1));
#4158 = ( GEOMETRIC_REPRESENTATION_CONTEXT(2) 
PARAMETRIC_REPRESENTATION_CONTEXT() REPRESENTATION_CONTEXT('2D SPACE',''
  ) );
#4159 = ORIENTED_EDGE('',*,*,#4160,.F.);
#4160 = EDGE_CURVE('',#4161,#4110,#4163,.T.);
#4161 = VERTEX_POINT('',#4162);
#4162 = CARTESIAN_POINT('',(-1.225537109375,-17.44887695312,2.));
#4163 = SURFACE_CURVE('',#4164,(#4175,#4189),.PCURVE_S1.);
#4164 = B_SPLINE_CURVE_WITH_KNOTS('',5,(#4165,#4166,#4167,#4168,#4169,
    #4170,#4171,#4172,#4173,#4174),.UNSPECIFIED.,.F.,.F.,(6,4,6),(0.,
    0.547835112629,1.),.UNSPECIFIED.);
#4165 = CARTESIAN_POINT('',(-1.225537109375,-17.44887695312,2.));
#4166 = CARTESIAN_POINT('',(-1.225537109375,-17.36208816391,2.));
#4167 = CARTESIAN_POINT('',(-1.230019177327,-17.27676069905,2.));
#4168 = CARTESIAN_POINT('',(-1.239184723612,-17.19310886264,2.));
#4169 = CARTESIAN_POINT('',(-1.253197581417,-17.11135850935,2.));
#4170 = CARTESIAN_POINT('',(-1.287775515255,-16.96600821959,2.));
#4171 = CARTESIAN_POINT('',(-1.306769309366,-16.90173034859,2.));
#4172 = CARTESIAN_POINT('',(-1.329168568259,-16.83902176728,2.));
#4173 = CARTESIAN_POINT('',(-1.354983630589,-16.77799579969,2.));
#4174 = CARTESIAN_POINT('',(-1.3841796875,-16.71875,2.));
#4175 = PCURVE('',#73,#4176);
#4176 = DEFINITIONAL_REPRESENTATION('',(#4177),#4188);
#4177 = B_SPLINE_CURVE_WITH_KNOTS('',5,(#4178,#4179,#4180,#4181,#4182,
    #4183,#4184,#4185,#4186,#4187),.UNSPECIFIED.,.F.,.F.,(6,4,6),(0.,
    0.547835112629,1.),.UNSPECIFIED.);
#4178 = CARTESIAN_POINT('',(-1.225537109375,-17.44887695312));
#4179 = CARTESIAN_POINT('',(-1.225537109375,-17.36208816391));
#4180 = CARTESIAN_POINT('',(-1.230019177327,-17.27676069905));
#4181 = CARTESIAN_POINT('',(-1.239184723612,-17.19310886264));
#4182 = CARTESIAN_POINT('',(-1.253197581417,-17.11135850935));
#4183 = CARTESIAN_POINT('',(-1.287775515255,-16.96600821959));
#4184 = CARTESIAN_POINT('',(-1.306769309366,-16.90173034859));
#4185 = CARTESIAN_POINT('',(-1.329168568259,-16.83902176728));
#4186 = CARTESIAN_POINT('',(-1.354983630589,-16.77799579969));
#4187 = CARTESIAN_POINT('',(-1.3841796875,-16.71875));
#4188 = ( GEOMETRIC_REPRESENTATION_CONTEXT(2) 
PARAMETRIC_REPRESENTATION_CONTEXT() REPRESENTATION_CONTEXT('2D SPACE',''
  ) );
#4189 = PCURVE('',#4190,#4197);
#4190 = SURFACE_OF_LINEAR_EXTRUSION('',#4191,#4195);
#4191 = B_SPLINE_CURVE_WITH_KNOTS('',2,(#4192,#4193,#4194),
  .UNSPECIFIED.,.F.,.F.,(3,3),(0.,1.),.PIECEWISE_BEZIER_KNOTS.);
#4192 = CARTESIAN_POINT('',(-1.3841796875,-16.71875,1.9));
#4193 = CARTESIAN_POINT('',(-1.225537109375,-17.04067382812,1.9));
#4194 = CARTESIAN_POINT('',(-1.225537109375,-17.44887695312,1.9));
#4195 = VECTOR('',#4196,1.);
#4196 = DIRECTION('',(-0.,-0.,-1.));
#4197 = DEFINITIONAL_REPRESENTATION('',(#4198),#4209);
#4198 = B_SPLINE_CURVE_WITH_KNOTS('',5,(#4199,#4200,#4201,#4202,#4203,
    #4204,#4205,#4206,#4207,#4208),.UNSPECIFIED.,.F.,.F.,(6,4,6),(0.,
    0.547835112629,1.),.UNSPECIFIED.);
#4199 = CARTESIAN_POINT('',(1.,-0.1));
#4200 = CARTESIAN_POINT('',(0.893694114647,-0.1));
#4201 = CARTESIAN_POINT('',(0.786192388936,-0.1));
#4202 = CARTESIAN_POINT('',(0.677623147586,-0.1));
#4203 = CARTESIAN_POINT('',(0.568153895943,-0.1));
#4204 = CARTESIAN_POINT('',(0.367082636719,-0.1));
#4205 = CARTESIAN_POINT('',(0.275696970332,-0.1));
#4206 = CARTESIAN_POINT('',(0.183964901417,-0.1));
#4207 = CARTESIAN_POINT('',(9.201835111371E-02,-0.1));
#4208 = CARTESIAN_POINT('',(0.,-0.1));
#4209 = ( GEOMETRIC_REPRESENTATION_CONTEXT(2) 
PARAMETRIC_REPRESENTATION_CONTEXT() REPRESENTATION_CONTEXT('2D SPACE',''
  ) );
#4210 = ORIENTED_EDGE('',*,*,#4211,.F.);
#4211 = EDGE_CURVE('',#4212,#4161,#4214,.T.);
#4212 = VERTEX_POINT('',#4213);
#4213 = CARTESIAN_POINT('',(-1.392529296875,-18.18920898437,2.));
#4214 = SURFACE_CURVE('',#4215,(#4226,#4240),.PCURVE_S1.);
#4215 = B_SPLINE_CURVE_WITH_KNOTS('',5,(#4216,#4217,#4218,#4219,#4220,
    #4221,#4222,#4223,#4224,#4225),.UNSPECIFIED.,.F.,.F.,(6,4,6),(0.,
    0.496226703305,1.),.UNSPECIFIED.);
#4216 = CARTESIAN_POINT('',(-1.392529296875,-18.18920898437,2.));
#4217 = CARTESIAN_POINT('',(-1.358854980046,-18.12335698702,2.));
#4218 = CARTESIAN_POINT('',(-1.329430592268,-18.05530014553,2.));
#4219 = CARTESIAN_POINT('',(-1.304321038591,-17.98517259905,2.));
#4220 = CARTESIAN_POINT('',(-1.283517433266,-17.91313419679,2.));
#4221 = CARTESIAN_POINT('',(-1.250134317621,-17.76447133235,2.));
#4222 = CARTESIAN_POINT('',(-1.237684209899,-17.68779147864,2.));
#4223 = CARTESIAN_POINT('',(-1.229530373895,-17.60950895564,2.));
#4224 = CARTESIAN_POINT('',(-1.225537109375,-17.52981131304,2.));
#4225 = CARTESIAN_POINT('',(-1.225537109375,-17.44887695312,2.));
#4226 = PCURVE('',#73,#4227);
#4227 = DEFINITIONAL_REPRESENTATION('',(#4228),#4239);
#4228 = B_SPLINE_CURVE_WITH_KNOTS('',5,(#4229,#4230,#4231,#4232,#4233,
    #4234,#4235,#4236,#4237,#4238),.UNSPECIFIED.,.F.,.F.,(6,4,6),(0.,
    0.496226703305,1.),.UNSPECIFIED.);
#4229 = CARTESIAN_POINT('',(-1.392529296875,-18.18920898437));
#4230 = CARTESIAN_POINT('',(-1.358854980046,-18.12335698702));
#4231 = CARTESIAN_POINT('',(-1.329430592268,-18.05530014553));
#4232 = CARTESIAN_POINT('',(-1.304321038591,-17.98517259905));
#4233 = CARTESIAN_POINT('',(-1.283517433266,-17.91313419679));
#4234 = CARTESIAN_POINT('',(-1.250134317621,-17.76447133235));
#4235 = CARTESIAN_POINT('',(-1.237684209899,-17.68779147864));
#4236 = CARTESIAN_POINT('',(-1.229530373895,-17.60950895564));
#4237 = CARTESIAN_POINT('',(-1.225537109375,-17.52981131304));
#4238 = CARTESIAN_POINT('',(-1.225537109375,-17.44887695312));
#4239 = ( GEOMETRIC_REPRESENTATION_CONTEXT(2) 
PARAMETRIC_REPRESENTATION_CONTEXT() REPRESENTATION_CONTEXT('2D SPACE',''
  ) );
#4240 = PCURVE('',#4241,#4248);
#4241 = SURFACE_OF_LINEAR_EXTRUSION('',#4242,#4246);
#4242 = B_SPLINE_CURVE_WITH_KNOTS('',2,(#4243,#4244,#4245),
  .UNSPECIFIED.,.F.,.F.,(3,3),(0.,1.),.PIECEWISE_BEZIER_KNOTS.);
#4243 = CARTESIAN_POINT('',(-1.225537109375,-17.44887695312,1.9));
#4244 = CARTESIAN_POINT('',(-1.225537109375,-17.86264648437,1.9));
#4245 = CARTESIAN_POINT('',(-1.392529296875,-18.18920898437,1.9));
#4246 = VECTOR('',#4247,1.);
#4247 = DIRECTION('',(-0.,-0.,-1.));
#4248 = DEFINITIONAL_REPRESENTATION('',(#4249),#4260);
#4249 = B_SPLINE_CURVE_WITH_KNOTS('',5,(#4250,#4251,#4252,#4253,#4254,
    #4255,#4256,#4257,#4258,#4259),.UNSPECIFIED.,.F.,.F.,(6,4,6),(0.,
    0.496226703305,1.),.UNSPECIFIED.);
#4250 = CARTESIAN_POINT('',(1.,-0.1));
#4251 = CARTESIAN_POINT('',(0.899173975342,-0.1));
#4252 = CARTESIAN_POINT('',(0.798365548964,-0.1));
#4253 = CARTESIAN_POINT('',(0.69777777351,-0.1));
#4254 = CARTESIAN_POINT('',(0.597598203719,-0.1));
#4255 = CARTESIAN_POINT('',(0.396887111277,-0.1));
#4256 = CARTESIAN_POINT('',(0.296370313454,-0.1));
#4257 = CARTESIAN_POINT('',(0.196628028052,-0.1));
#4258 = CARTESIAN_POINT('',(9.780125626648E-02,-0.1));
#4259 = CARTESIAN_POINT('',(0.,-0.1));
#4260 = ( GEOMETRIC_REPRESENTATION_CONTEXT(2) 
PARAMETRIC_REPRESENTATION_CONTEXT() REPRESENTATION_CONTEXT('2D SPACE',''
  ) );
#4261 = ORIENTED_EDGE('',*,*,#4262,.F.);
#4262 = EDGE_CURVE('',#4263,#4212,#4265,.T.);
#4263 = VERTEX_POINT('',#4264);
#4264 = CARTESIAN_POINT('',(-1.865673828125,-18.68369140625,2.));
#4265 = SURFACE_CURVE('',#4266,(#4277,#4291),.PCURVE_S1.);
#4266 = B_SPLINE_CURVE_WITH_KNOTS('',5,(#4267,#4268,#4269,#4270,#4271,
    #4272,#4273,#4274,#4275,#4276),.UNSPECIFIED.,.F.,.F.,(6,4,6),(0.,
    0.356708029088,1.),.UNSPECIFIED.);
#4267 = CARTESIAN_POINT('',(-1.865673828125,-18.68369140625,2.));
#4268 = CARTESIAN_POINT('',(-1.822058339943,-18.65976897182,2.));
#4269 = CARTESIAN_POINT('',(-1.780040811256,-18.63374265444,2.));
#4270 = CARTESIAN_POINT('',(-1.739701825792,-18.60561006089,2.));
#4271 = CARTESIAN_POINT('',(-1.701106417843,-18.57539119844,2.));
#4272 = CARTESIAN_POINT('',(-1.59793423618,-18.48494545288,2.));
#4273 = CARTESIAN_POINT('',(-1.537389154381,-18.42011007714,2.));
#4274 = CARTESIAN_POINT('',(-1.482970048793,-18.34888188463,2.));
#4275 = CARTESIAN_POINT('',(-1.434723733824,-18.27172254996,2.));
#4276 = CARTESIAN_POINT('',(-1.392529296875,-18.18920898437,2.));
#4277 = PCURVE('',#73,#4278);
#4278 = DEFINITIONAL_REPRESENTATION('',(#4279),#4290);
#4279 = B_SPLINE_CURVE_WITH_KNOTS('',5,(#4280,#4281,#4282,#4283,#4284,
    #4285,#4286,#4287,#4288,#4289),.UNSPECIFIED.,.F.,.F.,(6,4,6),(0.,
    0.356708029088,1.),.UNSPECIFIED.);
#4280 = CARTESIAN_POINT('',(-1.865673828125,-18.68369140625));
#4281 = CARTESIAN_POINT('',(-1.822058339943,-18.65976897182));
#4282 = CARTESIAN_POINT('',(-1.780040811256,-18.63374265444));
#4283 = CARTESIAN_POINT('',(-1.739701825792,-18.60561006089));
#4284 = CARTESIAN_POINT('',(-1.701106417843,-18.57539119844));
#4285 = CARTESIAN_POINT('',(-1.59793423618,-18.48494545288));
#4286 = CARTESIAN_POINT('',(-1.537389154381,-18.42011007714));
#4287 = CARTESIAN_POINT('',(-1.482970048793,-18.34888188463));
#4288 = CARTESIAN_POINT('',(-1.434723733824,-18.27172254996));
#4289 = CARTESIAN_POINT('',(-1.392529296875,-18.18920898437));
#4290 = ( GEOMETRIC_REPRESENTATION_CONTEXT(2) 
PARAMETRIC_REPRESENTATION_CONTEXT() REPRESENTATION_CONTEXT('2D SPACE',''
  ) );
#4291 = PCURVE('',#4292,#4299);
#4292 = SURFACE_OF_LINEAR_EXTRUSION('',#4293,#4297);
#4293 = B_SPLINE_CURVE_WITH_KNOTS('',2,(#4294,#4295,#4296),
  .UNSPECIFIED.,.F.,.F.,(3,3),(0.,1.),.PIECEWISE_BEZIER_KNOTS.);
#4294 = CARTESIAN_POINT('',(-1.392529296875,-18.18920898437,1.9));
#4295 = CARTESIAN_POINT('',(-1.559521484375,-18.51577148437,1.9));
#4296 = CARTESIAN_POINT('',(-1.865673828125,-18.68369140625,1.9));
#4297 = VECTOR('',#4298,1.);
#4298 = DIRECTION('',(-0.,-0.,-1.));
#4299 = DEFINITIONAL_REPRESENTATION('',(#4300),#4311);
#4300 = B_SPLINE_CURVE_WITH_KNOTS('',5,(#4301,#4302,#4303,#4304,#4305,
    #4306,#4307,#4308,#4309,#4310),.UNSPECIFIED.,.F.,.F.,(6,4,6),(0.,
    0.356708029088,1.),.UNSPECIFIED.);
#4301 = CARTESIAN_POINT('',(1.,-0.1));
#4302 = CARTESIAN_POINT('',(0.928768325521,-0.1));
#4303 = CARTESIAN_POINT('',(0.857263686455,-0.1));
#4304 = CARTESIAN_POINT('',(0.78557262413,-0.1));
#4305 = CARTESIAN_POINT('',(0.713786200872,-0.1));
#4306 = CARTESIAN_POINT('',(0.512539817225,-0.1));
#4307 = CARTESIAN_POINT('',(0.383067898002,-0.1));
#4308 = CARTESIAN_POINT('',(0.254167421719,-0.1));
#4309 = CARTESIAN_POINT('',(0.126336559753,-0.1));
#4310 = CARTESIAN_POINT('',(0.,-0.1));
#4311 = ( GEOMETRIC_REPRESENTATION_CONTEXT(2) 
PARAMETRIC_REPRESENTATION_CONTEXT() REPRESENTATION_CONTEXT('2D SPACE',''
  ) );
#4312 = ORIENTED_EDGE('',*,*,#4313,.F.);
#4313 = EDGE_CURVE('',#4314,#4263,#4316,.T.);
#4314 = VERTEX_POINT('',#4315);
#4315 = CARTESIAN_POINT('',(-2.526220703125,-18.85161132812,2.));
#4316 = SURFACE_CURVE('',#4317,(#4328,#4342),.PCURVE_S1.);
#4317 = B_SPLINE_CURVE_WITH_KNOTS('',5,(#4318,#4319,#4320,#4321,#4322,
    #4323,#4324,#4325,#4326,#4327),.UNSPECIFIED.,.F.,.F.,(6,4,6),(0.,
    0.560407156774,1.),.UNSPECIFIED.);
#4318 = CARTESIAN_POINT('',(-2.526220703125,-18.85161132812,2.));
#4319 = CARTESIAN_POINT('',(-2.447514884322,-18.85161132812,2.));
#4320 = CARTESIAN_POINT('',(-2.369796790513,-18.84643500994,2.));
#4321 = CARTESIAN_POINT('',(-2.293257474711,-18.83595092746,2.));
#4322 = CARTESIAN_POINT('',(-2.218078647802,-18.82010691273,2.));
#4323 = CARTESIAN_POINT('',(-2.086654434555,-18.78235708771,2.));
#4324 = CARTESIAN_POINT('',(-2.029819765342,-18.76249373737,2.));
#4325 = CARTESIAN_POINT('',(-1.974003076674,-18.73938534843,2.));
#4326 = CARTESIAN_POINT('',(-1.919270307219,-18.71308826296,2.));
#4327 = CARTESIAN_POINT('',(-1.865673828125,-18.68369140625,2.));
#4328 = PCURVE('',#73,#4329);
#4329 = DEFINITIONAL_REPRESENTATION('',(#4330),#4341);
#4330 = B_SPLINE_CURVE_WITH_KNOTS('',5,(#4331,#4332,#4333,#4334,#4335,
    #4336,#4337,#4338,#4339,#4340),.UNSPECIFIED.,.F.,.F.,(6,4,6),(0.,
    0.560407156774,1.),.UNSPECIFIED.);
#4331 = CARTESIAN_POINT('',(-2.526220703125,-18.85161132812));
#4332 = CARTESIAN_POINT('',(-2.447514884322,-18.85161132812));
#4333 = CARTESIAN_POINT('',(-2.369796790513,-18.84643500994));
#4334 = CARTESIAN_POINT('',(-2.293257474711,-18.83595092746));
#4335 = CARTESIAN_POINT('',(-2.218078647802,-18.82010691273));
#4336 = CARTESIAN_POINT('',(-2.086654434555,-18.78235708771));
#4337 = CARTESIAN_POINT('',(-2.029819765342,-18.76249373737));
#4338 = CARTESIAN_POINT('',(-1.974003076674,-18.73938534843));
#4339 = CARTESIAN_POINT('',(-1.919270307219,-18.71308826296));
#4340 = CARTESIAN_POINT('',(-1.865673828125,-18.68369140625));
#4341 = ( GEOMETRIC_REPRESENTATION_CONTEXT(2) 
PARAMETRIC_REPRESENTATION_CONTEXT() REPRESENTATION_CONTEXT('2D SPACE',''
  ) );
#4342 = PCURVE('',#4343,#4350);
#4343 = SURFACE_OF_LINEAR_EXTRUSION('',#4344,#4348);
#4344 = B_SPLINE_CURVE_WITH_KNOTS('',2,(#4345,#4346,#4347),
  .UNSPECIFIED.,.F.,.F.,(3,3),(0.,1.),.PIECEWISE_BEZIER_KNOTS.);
#4345 = CARTESIAN_POINT('',(-1.865673828125,-18.68369140625,1.9));
#4346 = CARTESIAN_POINT('',(-2.171826171875,-18.85161132812,1.9));
#4347 = CARTESIAN_POINT('',(-2.526220703125,-18.85161132812,1.9));
#4348 = VECTOR('',#4349,1.);
#4349 = DIRECTION('',(-0.,-0.,-1.));
#4350 = DEFINITIONAL_REPRESENTATION('',(#4351),#4362);
#4351 = B_SPLINE_CURVE_WITH_KNOTS('',5,(#4352,#4353,#4354,#4355,#4356,
    #4357,#4358,#4359,#4360,#4361),.UNSPECIFIED.,.F.,.F.,(6,4,6),(0.,
    0.560407156774,1.),.UNSPECIFIED.);
#4352 = CARTESIAN_POINT('',(1.,-0.1));
#4353 = CARTESIAN_POINT('',(0.888957345751,-0.1));
#4354 = CARTESIAN_POINT('',(0.777210117929,-0.1));
#4355 = CARTESIAN_POINT('',(0.664974586081,-0.1));
#4356 = CARTESIAN_POINT('',(0.552485973089,-0.1));
#4357 = CARTESIAN_POINT('',(0.351764101982,-0.1));
#4358 = CARTESIAN_POINT('',(0.263527318419,-0.1));
#4359 = CARTESIAN_POINT('',(0.175411451313,-0.1));
#4360 = CARTESIAN_POINT('',(8.753236777105E-02,-0.1));
#4361 = CARTESIAN_POINT('',(0.,-0.1));
#4362 = ( GEOMETRIC_REPRESENTATION_CONTEXT(2) 
PARAMETRIC_REPRESENTATION_CONTEXT() REPRESENTATION_CONTEXT('2D SPACE',''
  ) );
#4363 = ORIENTED_EDGE('',*,*,#4364,.F.);
#4364 = EDGE_CURVE('',#4365,#4314,#4367,.T.);
#4365 = VERTEX_POINT('',#4366);
#4366 = CARTESIAN_POINT('',(-3.212744140625,-18.66606445312,2.));
#4367 = SURFACE_CURVE('',#4368,(#4379,#4393),.PCURVE_S1.);
#4368 = B_SPLINE_CURVE_WITH_KNOTS('',5,(#4369,#4370,#4371,#4372,#4373,
    #4374,#4375,#4376,#4377,#4378),.UNSPECIFIED.,.F.,.F.,(6,4,6),(0.,
    0.234300128389,1.),.UNSPECIFIED.);
#4369 = CARTESIAN_POINT('',(-3.212744140625,-18.66606445312,2.));
#4370 = CARTESIAN_POINT('',(-3.184252040574,-18.6835442691,2.));
#4371 = CARTESIAN_POINT('',(-3.155263602428,-18.70002158076,2.));
#4372 = CARTESIAN_POINT('',(-3.125790206262,-18.71548136248,2.));
#4373 = CARTESIAN_POINT('',(-3.095845368243,-18.7299126138,2.));
#4374 = CARTESIAN_POINT('',(-2.966094574562,-18.78708605908,2.));
#4375 = CARTESIAN_POINT('',(-2.861863846908,-18.81981029494,2.));
#4376 = CARTESIAN_POINT('',(-2.753333129577,-18.84121756145,2.));
#4377 = CARTESIAN_POINT('',(-2.641206160538,-18.85161132812,2.));
#4378 = CARTESIAN_POINT('',(-2.526220703125,-18.85161132812,2.));
#4379 = PCURVE('',#73,#4380);
#4380 = DEFINITIONAL_REPRESENTATION('',(#4381),#4392);
#4381 = B_SPLINE_CURVE_WITH_KNOTS('',5,(#4382,#4383,#4384,#4385,#4386,
    #4387,#4388,#4389,#4390,#4391),.UNSPECIFIED.,.F.,.F.,(6,4,6),(0.,
    0.234300128389,1.),.UNSPECIFIED.);
#4382 = CARTESIAN_POINT('',(-3.212744140625,-18.66606445312));
#4383 = CARTESIAN_POINT('',(-3.184252040574,-18.6835442691));
#4384 = CARTESIAN_POINT('',(-3.155263602428,-18.70002158076));
#4385 = CARTESIAN_POINT('',(-3.125790206262,-18.71548136248));
#4386 = CARTESIAN_POINT('',(-3.095845368243,-18.7299126138));
#4387 = CARTESIAN_POINT('',(-2.966094574562,-18.78708605908));
#4388 = CARTESIAN_POINT('',(-2.861863846908,-18.81981029494));
#4389 = CARTESIAN_POINT('',(-2.753333129577,-18.84121756145));
#4390 = CARTESIAN_POINT('',(-2.641206160538,-18.85161132812));
#4391 = CARTESIAN_POINT('',(-2.526220703125,-18.85161132812));
#4392 = ( GEOMETRIC_REPRESENTATION_CONTEXT(2) 
PARAMETRIC_REPRESENTATION_CONTEXT() REPRESENTATION_CONTEXT('2D SPACE',''
  ) );
#4393 = PCURVE('',#4394,#4401);
#4394 = SURFACE_OF_LINEAR_EXTRUSION('',#4395,#4399);
#4395 = B_SPLINE_CURVE_WITH_KNOTS('',2,(#4396,#4397,#4398),
  .UNSPECIFIED.,.F.,.F.,(3,3),(0.,1.),.PIECEWISE_BEZIER_KNOTS.);
#4396 = CARTESIAN_POINT('',(-2.526220703125,-18.85161132812,1.9));
#4397 = CARTESIAN_POINT('',(-2.910302734375,-18.85161132812,1.9));
#4398 = CARTESIAN_POINT('',(-3.212744140625,-18.66606445312,1.9));
#4399 = VECTOR('',#4400,1.);
#4400 = DIRECTION('',(-0.,-0.,-1.));
#4401 = DEFINITIONAL_REPRESENTATION('',(#4402),#4413);
#4402 = B_SPLINE_CURVE_WITH_KNOTS('',5,(#4403,#4404,#4405,#4406,#4407,
    #4408,#4409,#4410,#4411,#4412),.UNSPECIFIED.,.F.,.F.,(6,4,6),(0.,
    0.234300128389,1.),.UNSPECIFIED.);
#4403 = CARTESIAN_POINT('',(1.,-0.1));
#4404 = CARTESIAN_POINT('',(0.95289649588,-0.1));
#4405 = CARTESIAN_POINT('',(0.905721084997,-0.1));
#4406 = CARTESIAN_POINT('',(0.858497188573,-0.1));
#4407 = CARTESIAN_POINT('',(0.811248703032,-0.1));
#4408 = CARTESIAN_POINT('',(0.609589816385,-0.1));
#4409 = CARTESIAN_POINT('',(0.455157453273,-0.1));
#4410 = CARTESIAN_POINT('',(0.301609636661,-0.1));
#4411 = CARTESIAN_POINT('',(0.149688670724,-0.1));
#4412 = CARTESIAN_POINT('',(0.,-0.1));
#4413 = ( GEOMETRIC_REPRESENTATION_CONTEXT(2) 
PARAMETRIC_REPRESENTATION_CONTEXT() REPRESENTATION_CONTEXT('2D SPACE',''
  ) );
#4414 = ORIENTED_EDGE('',*,*,#4415,.F.);
#4415 = EDGE_CURVE('',#4416,#4365,#4418,.T.);
#4416 = VERTEX_POINT('',#4417);
#4417 = CARTESIAN_POINT('',(-3.671044921875,-18.15952148437,2.));
#4418 = SURFACE_CURVE('',#4419,(#4430,#4444),.PCURVE_S1.);
#4419 = B_SPLINE_CURVE_WITH_KNOTS('',5,(#4420,#4421,#4422,#4423,#4424,
    #4425,#4426,#4427,#4428,#4429),.UNSPECIFIED.,.F.,.F.,(6,4,6),(0.,
    0.518160055765,1.),.UNSPECIFIED.);
#4420 = CARTESIAN_POINT('',(-3.671044921875,-18.15952148437,2.));
#4421 = CARTESIAN_POINT('',(-3.639057754641,-18.22539981689,2.));
#4422 = CARTESIAN_POINT('',(-3.602986433671,-18.28817672594,2.));
#4423 = CARTESIAN_POINT('',(-3.562790677979,-18.34761047488,2.));
#4424 = CARTESIAN_POINT('',(-3.518501782263,-18.40350542301,2.));
#4425 = CARTESIAN_POINT('',(-3.425367143064,-18.50429230871,2.));
#4426 = CARTESIAN_POINT('',(-3.377056112803,-18.54968335449,2.));
#4427 = CARTESIAN_POINT('',(-3.325408001815,-18.59179555982,2.));
#4428 = CARTESIAN_POINT('',(-3.27057357885,-18.63058627016,2.));
#4429 = CARTESIAN_POINT('',(-3.212744140625,-18.66606445312,2.));
#4430 = PCURVE('',#73,#4431);
#4431 = DEFINITIONAL_REPRESENTATION('',(#4432),#4443);
#4432 = B_SPLINE_CURVE_WITH_KNOTS('',5,(#4433,#4434,#4435,#4436,#4437,
    #4438,#4439,#4440,#4441,#4442),.UNSPECIFIED.,.F.,.F.,(6,4,6),(0.,
    0.518160055765,1.),.UNSPECIFIED.);
#4433 = CARTESIAN_POINT('',(-3.671044921875,-18.15952148437));
#4434 = CARTESIAN_POINT('',(-3.639057754641,-18.22539981689));
#4435 = CARTESIAN_POINT('',(-3.602986433671,-18.28817672594));
#4436 = CARTESIAN_POINT('',(-3.562790677979,-18.34761047488));
#4437 = CARTESIAN_POINT('',(-3.518501782263,-18.40350542301));
#4438 = CARTESIAN_POINT('',(-3.425367143064,-18.50429230871));
#4439 = CARTESIAN_POINT('',(-3.377056112803,-18.54968335449));
#4440 = CARTESIAN_POINT('',(-3.325408001815,-18.59179555982));
#4441 = CARTESIAN_POINT('',(-3.27057357885,-18.63058627016));
#4442 = CARTESIAN_POINT('',(-3.212744140625,-18.66606445312));
#4443 = ( GEOMETRIC_REPRESENTATION_CONTEXT(2) 
PARAMETRIC_REPRESENTATION_CONTEXT() REPRESENTATION_CONTEXT('2D SPACE',''
  ) );
#4444 = PCURVE('',#4445,#4452);
#4445 = SURFACE_OF_LINEAR_EXTRUSION('',#4446,#4450);
#4446 = B_SPLINE_CURVE_WITH_KNOTS('',2,(#4447,#4448,#4449),
  .UNSPECIFIED.,.F.,.F.,(3,3),(0.,1.),.PIECEWISE_BEZIER_KNOTS.);
#4447 = CARTESIAN_POINT('',(-3.212744140625,-18.66606445312,1.9));
#4448 = CARTESIAN_POINT('',(-3.515185546875,-18.48051757812,1.9));
#4449 = CARTESIAN_POINT('',(-3.671044921875,-18.15952148437,1.9));
#4450 = VECTOR('',#4451,1.);
#4451 = DIRECTION('',(-0.,-0.,-1.));
#4452 = DEFINITIONAL_REPRESENTATION('',(#4453),#4464);
#4453 = B_SPLINE_CURVE_WITH_KNOTS('',5,(#4454,#4455,#4456,#4457,#4458,
    #4459,#4460,#4461,#4462,#4463),.UNSPECIFIED.,.F.,.F.,(6,4,6),(0.,
    0.518160055765,1.),.UNSPECIFIED.);
#4454 = CARTESIAN_POINT('',(1.,-0.1));
#4455 = CARTESIAN_POINT('',(0.897384526166,-0.1));
#4456 = CARTESIAN_POINT('',(0.794045917631,-0.1));
#4457 = CARTESIAN_POINT('',(0.690204074418,-0.1));
#4458 = CARTESIAN_POINT('',(0.586100448022,-0.1));
#4459 = CARTESIAN_POINT('',(0.38519640908,-0.1));
#4460 = CARTESIAN_POINT('',(0.288390613813,-0.1));
#4461 = CARTESIAN_POINT('',(0.191794712443,-0.1));
#4462 = CARTESIAN_POINT('',(9.560436671352E-02,-0.1));
#4463 = CARTESIAN_POINT('',(0.,-0.1));
#4464 = ( GEOMETRIC_REPRESENTATION_CONTEXT(2) 
PARAMETRIC_REPRESENTATION_CONTEXT() REPRESENTATION_CONTEXT('2D SPACE',''
  ) );
#4465 = ORIENTED_EDGE('',*,*,#4466,.F.);
#4466 = EDGE_CURVE('',#3930,#4416,#4467,.T.);
#4467 = SURFACE_CURVE('',#4468,(#4479,#4493),.PCURVE_S1.);
#4468 = B_SPLINE_CURVE_WITH_KNOTS('',5,(#4469,#4470,#4471,#4472,#4473,
    #4474,#4475,#4476,#4477,#4478),.UNSPECIFIED.,.F.,.F.,(6,4,6),(0.,
    0.519097084626,1.),.UNSPECIFIED.);
#4469 = CARTESIAN_POINT('',(-3.826904296875,-17.48041992187,2.));
#4470 = CARTESIAN_POINT('',(-3.826904296875,-17.55430942293,2.));
#4471 = CARTESIAN_POINT('',(-3.822757088093,-17.62754729223,2.));
#4472 = CARTESIAN_POINT('',(-3.814387244012,-17.70000966221,2.));
#4473 = CARTESIAN_POINT('',(-3.801766365942,-17.77157735166,2.));
#4474 = CARTESIAN_POINT('',(-3.769316740091,-17.90750612203,2.));
#4475 = CARTESIAN_POINT('',(-3.7500860555,-17.97201130504,2.));
#4476 = CARTESIAN_POINT('',(-3.727252242205,-18.03556402971,2.));
#4477 = CARTESIAN_POINT('',(-3.700873725924,-18.09808835222,2.));
#4478 = CARTESIAN_POINT('',(-3.671044921875,-18.15952148437,2.));
#4479 = PCURVE('',#73,#4480);
#4480 = DEFINITIONAL_REPRESENTATION('',(#4481),#4492);
#4481 = B_SPLINE_CURVE_WITH_KNOTS('',5,(#4482,#4483,#4484,#4485,#4486,
    #4487,#4488,#4489,#4490,#4491),.UNSPECIFIED.,.F.,.F.,(6,4,6),(0.,
    0.519097084626,1.),.UNSPECIFIED.);
#4482 = CARTESIAN_POINT('',(-3.826904296875,-17.48041992187));
#4483 = CARTESIAN_POINT('',(-3.826904296875,-17.55430942293));
#4484 = CARTESIAN_POINT('',(-3.822757088093,-17.62754729223));
#4485 = CARTESIAN_POINT('',(-3.814387244012,-17.70000966221));
#4486 = CARTESIAN_POINT('',(-3.801766365942,-17.77157735166));
#4487 = CARTESIAN_POINT('',(-3.769316740091,-17.90750612203));
#4488 = CARTESIAN_POINT('',(-3.7500860555,-17.97201130504));
#4489 = CARTESIAN_POINT('',(-3.727252242205,-18.03556402971));
#4490 = CARTESIAN_POINT('',(-3.700873725924,-18.09808835222));
#4491 = CARTESIAN_POINT('',(-3.671044921875,-18.15952148437));
#4492 = ( GEOMETRIC_REPRESENTATION_CONTEXT(2) 
PARAMETRIC_REPRESENTATION_CONTEXT() REPRESENTATION_CONTEXT('2D SPACE',''
  ) );
#4493 = PCURVE('',#4494,#4501);
#4494 = SURFACE_OF_LINEAR_EXTRUSION('',#4495,#4499);
#4495 = B_SPLINE_CURVE_WITH_KNOTS('',2,(#4496,#4497,#4498),
  .UNSPECIFIED.,.F.,.F.,(3,3),(0.,1.),.PIECEWISE_BEZIER_KNOTS.);
#4496 = CARTESIAN_POINT('',(-3.671044921875,-18.15952148437,1.9));
#4497 = CARTESIAN_POINT('',(-3.826904296875,-17.83852539062,1.9));
#4498 = CARTESIAN_POINT('',(-3.826904296875,-17.48041992187,1.9));
#4499 = VECTOR('',#4500,1.);
#4500 = DIRECTION('',(-0.,-0.,-1.));
#4501 = DEFINITIONAL_REPRESENTATION('',(#4502),#4513);
#4502 = B_SPLINE_CURVE_WITH_KNOTS('',5,(#4503,#4504,#4505,#4506,#4507,
    #4508,#4509,#4510,#4511,#4512),.UNSPECIFIED.,.F.,.F.,(6,4,6),(0.,
    0.519097084626,1.),.UNSPECIFIED.);
#4503 = CARTESIAN_POINT('',(1.,-0.1));
#4504 = CARTESIAN_POINT('',(0.896832766449,-0.1));
#4505 = CARTESIAN_POINT('',(0.793196678144,-0.1));
#4506 = CARTESIAN_POINT('',(0.689239608934,-0.1));
#4507 = CARTESIAN_POINT('',(0.585118523214,-0.1));
#4508 = CARTESIAN_POINT('',(0.384542318304,-0.1));
#4509 = CARTESIAN_POINT('',(0.288084817,-0.1));
#4510 = CARTESIAN_POINT('',(0.191759358578,-0.1));
#4511 = CARTESIAN_POINT('',(9.569140146038E-02,-0.1));
#4512 = CARTESIAN_POINT('',(0.,-0.1));
#4513 = ( GEOMETRIC_REPRESENTATION_CONTEXT(2) 
PARAMETRIC_REPRESENTATION_CONTEXT() REPRESENTATION_CONTEXT('2D SPACE',''
  ) );
#4514 = FACE_BOUND('',#4515,.T.);
#4515 = EDGE_LOOP('',(#4516,#4545,#4572,#4599,#4641,#4692,#4743,#4785,
    #4836,#4878,#4905,#4932,#4959,#5001,#5046,#5085,#5136));
#4516 = ORIENTED_EDGE('',*,*,#4517,.F.);
#4517 = EDGE_CURVE('',#4518,#4520,#4522,.T.);
#4518 = VERTEX_POINT('',#4519);
#4519 = CARTESIAN_POINT('',(1.023291015625,-16.08510742187,2.));
#4520 = VERTEX_POINT('',#4521);
#4521 = CARTESIAN_POINT('',(1.023291015625,-17.65483398437,2.));
#4522 = SURFACE_CURVE('',#4523,(#4527,#4534),.PCURVE_S1.);
#4523 = LINE('',#4524,#4525);
#4524 = CARTESIAN_POINT('',(1.023291015625,-18.95241699218,2.));
#4525 = VECTOR('',#4526,1.);
#4526 = DIRECTION('',(0.,-1.,0.));
#4527 = PCURVE('',#73,#4528);
#4528 = DEFINITIONAL_REPRESENTATION('',(#4529),#4533);
#4529 = LINE('',#4530,#4531);
#4530 = CARTESIAN_POINT('',(1.023291015625,-18.95241699218));
#4531 = VECTOR('',#4532,1.);
#4532 = DIRECTION('',(0.,-1.));
#4533 = ( GEOMETRIC_REPRESENTATION_CONTEXT(2) 
PARAMETRIC_REPRESENTATION_CONTEXT() REPRESENTATION_CONTEXT('2D SPACE',''
  ) );
#4534 = PCURVE('',#4535,#4540);
#4535 = PLANE('',#4536);
#4536 = AXIS2_PLACEMENT_3D('',#4537,#4538,#4539);
#4537 = CARTESIAN_POINT('',(1.023291015625,-17.65483398437,1.9));
#4538 = DIRECTION('',(-1.,0.,0.));
#4539 = DIRECTION('',(0.,1.,0.));
#4540 = DEFINITIONAL_REPRESENTATION('',(#4541),#4544);
#4541 = B_SPLINE_CURVE_WITH_KNOTS('',1,(#4542,#4543),.UNSPECIFIED.,.F.,
  .F.,(2,2),(-2.867309570313,-1.297583007813),.PIECEWISE_BEZIER_KNOTS.);
#4542 = CARTESIAN_POINT('',(1.5697265625,-0.1));
#4543 = CARTESIAN_POINT('',(0.,-0.1));
#4544 = ( GEOMETRIC_REPRESENTATION_CONTEXT(2) 
PARAMETRIC_REPRESENTATION_CONTEXT() REPRESENTATION_CONTEXT('2D SPACE',''
  ) );
#4545 = ORIENTED_EDGE('',*,*,#4546,.F.);
#4546 = EDGE_CURVE('',#4547,#4518,#4549,.T.);
#4547 = VERTEX_POINT('',#4548);
#4548 = CARTESIAN_POINT('',(1.383251953125,-16.08510742187,2.));
#4549 = SURFACE_CURVE('',#4550,(#4554,#4561),.PCURVE_S1.);
#4550 = LINE('',#4551,#4552);
#4551 = CARTESIAN_POINT('',(0.511645507813,-16.08510742187,2.));
#4552 = VECTOR('',#4553,1.);
#4553 = DIRECTION('',(-1.,0.,0.));
#4554 = PCURVE('',#73,#4555);
#4555 = DEFINITIONAL_REPRESENTATION('',(#4556),#4560);
#4556 = LINE('',#4557,#4558);
#4557 = CARTESIAN_POINT('',(0.511645507813,-16.08510742187));
#4558 = VECTOR('',#4559,1.);
#4559 = DIRECTION('',(-1.,0.));
#4560 = ( GEOMETRIC_REPRESENTATION_CONTEXT(2) 
PARAMETRIC_REPRESENTATION_CONTEXT() REPRESENTATION_CONTEXT('2D SPACE',''
  ) );
#4561 = PCURVE('',#4562,#4567);
#4562 = PLANE('',#4563);
#4563 = AXIS2_PLACEMENT_3D('',#4564,#4565,#4566);
#4564 = CARTESIAN_POINT('',(1.023291015625,-16.08510742187,1.9));
#4565 = DIRECTION('',(0.,1.,0.));
#4566 = DIRECTION('',(1.,0.,0.));
#4567 = DEFINITIONAL_REPRESENTATION('',(#4568),#4571);
#4568 = B_SPLINE_CURVE_WITH_KNOTS('',1,(#4569,#4570),.UNSPECIFIED.,.F.,
  .F.,(2,2),(-0.871606445312,-0.511645507813),.PIECEWISE_BEZIER_KNOTS.);
#4569 = CARTESIAN_POINT('',(0.3599609375,-0.1));
#4570 = CARTESIAN_POINT('',(0.,-0.1));
#4571 = ( GEOMETRIC_REPRESENTATION_CONTEXT(2) 
PARAMETRIC_REPRESENTATION_CONTEXT() REPRESENTATION_CONTEXT('2D SPACE',''
  ) );
#4572 = ORIENTED_EDGE('',*,*,#4573,.F.);
#4573 = EDGE_CURVE('',#4574,#4547,#4576,.T.);
#4574 = VERTEX_POINT('',#4575);
#4575 = CARTESIAN_POINT('',(1.383251953125,-17.65668945312,2.));
#4576 = SURFACE_CURVE('',#4577,(#4581,#4588),.PCURVE_S1.);
#4577 = LINE('',#4578,#4579);
#4578 = CARTESIAN_POINT('',(1.383251953125,-18.16755371093,2.));
#4579 = VECTOR('',#4580,1.);
#4580 = DIRECTION('',(0.,1.,0.));
#4581 = PCURVE('',#73,#4582);
#4582 = DEFINITIONAL_REPRESENTATION('',(#4583),#4587);
#4583 = LINE('',#4584,#4585);
#4584 = CARTESIAN_POINT('',(1.383251953125,-18.16755371093));
#4585 = VECTOR('',#4586,1.);
#4586 = DIRECTION('',(0.,1.));
#4587 = ( GEOMETRIC_REPRESENTATION_CONTEXT(2) 
PARAMETRIC_REPRESENTATION_CONTEXT() REPRESENTATION_CONTEXT('2D SPACE',''
  ) );
#4588 = PCURVE('',#4589,#4594);
#4589 = PLANE('',#4590);
#4590 = AXIS2_PLACEMENT_3D('',#4591,#4592,#4593);
#4591 = CARTESIAN_POINT('',(1.383251953125,-16.08510742187,1.9));
#4592 = DIRECTION('',(1.,0.,0.));
#4593 = DIRECTION('',(0.,-1.,0.));
#4594 = DEFINITIONAL_REPRESENTATION('',(#4595),#4598);
#4595 = B_SPLINE_CURVE_WITH_KNOTS('',1,(#4596,#4597),.UNSPECIFIED.,.F.,
  .F.,(2,2),(0.510864257812,2.082446289062),.PIECEWISE_BEZIER_KNOTS.);
#4596 = CARTESIAN_POINT('',(1.57158203125,-0.1));
#4597 = CARTESIAN_POINT('',(0.,-0.1));
#4598 = ( GEOMETRIC_REPRESENTATION_CONTEXT(2) 
PARAMETRIC_REPRESENTATION_CONTEXT() REPRESENTATION_CONTEXT('2D SPACE',''
  ) );
#4599 = ORIENTED_EDGE('',*,*,#4600,.F.);
#4600 = EDGE_CURVE('',#4601,#4574,#4603,.T.);
#4601 = VERTEX_POINT('',#4602);
#4602 = CARTESIAN_POINT('',(1.290478515625,-18.30795898437,2.));
#4603 = SURFACE_CURVE('',#4604,(#4612,#4623),.PCURVE_S1.);
#4604 = B_SPLINE_CURVE_WITH_KNOTS('',6,(#4605,#4606,#4607,#4608,#4609,
    #4610,#4611),.UNSPECIFIED.,.F.,.F.,(7,7),(0.,1.),
  .PIECEWISE_BEZIER_KNOTS.);
#4605 = CARTESIAN_POINT('',(1.290478515625,-18.30795898437,2.));
#4606 = CARTESIAN_POINT('',(1.323478880342,-18.22215803611,2.));
#4607 = CARTESIAN_POINT('',(1.348714910233,-18.12541299357,2.));
#4608 = CARTESIAN_POINT('',(1.366632070528,-18.01912170615,2.));
#4609 = CARTESIAN_POINT('',(1.377917213045,-17.90477288636,2.));
#4610 = CARTESIAN_POINT('',(1.383251953125,-17.78363655094,2.));
#4611 = CARTESIAN_POINT('',(1.383251953125,-17.65668945312,2.));
#4612 = PCURVE('',#73,#4613);
#4613 = DEFINITIONAL_REPRESENTATION('',(#4614),#4622);
#4614 = B_SPLINE_CURVE_WITH_KNOTS('',6,(#4615,#4616,#4617,#4618,#4619,
    #4620,#4621),.UNSPECIFIED.,.F.,.F.,(7,7),(0.,1.),
  .PIECEWISE_BEZIER_KNOTS.);
#4615 = CARTESIAN_POINT('',(1.290478515625,-18.30795898437));
#4616 = CARTESIAN_POINT('',(1.323478880342,-18.22215803611));
#4617 = CARTESIAN_POINT('',(1.348714910233,-18.12541299357));
#4618 = CARTESIAN_POINT('',(1.366632070528,-18.01912170615));
#4619 = CARTESIAN_POINT('',(1.377917213045,-17.90477288636));
#4620 = CARTESIAN_POINT('',(1.383251953125,-17.78363655094));
#4621 = CARTESIAN_POINT('',(1.383251953125,-17.65668945312));
#4622 = ( GEOMETRIC_REPRESENTATION_CONTEXT(2) 
PARAMETRIC_REPRESENTATION_CONTEXT() REPRESENTATION_CONTEXT('2D SPACE',''
  ) );
#4623 = PCURVE('',#4624,#4631);
#4624 = SURFACE_OF_LINEAR_EXTRUSION('',#4625,#4629);
#4625 = B_SPLINE_CURVE_WITH_KNOTS('',2,(#4626,#4627,#4628),
  .UNSPECIFIED.,.F.,.F.,(3,3),(0.,1.),.PIECEWISE_BEZIER_KNOTS.);
#4626 = CARTESIAN_POINT('',(1.383251953125,-17.65668945312,1.9));
#4627 = CARTESIAN_POINT('',(1.383251953125,-18.06674804687,1.9));
#4628 = CARTESIAN_POINT('',(1.290478515625,-18.30795898437,1.9));
#4629 = VECTOR('',#4630,1.);
#4630 = DIRECTION('',(-0.,-0.,-1.));
#4631 = DEFINITIONAL_REPRESENTATION('',(#4632),#4640);
#4632 = B_SPLINE_CURVE_WITH_KNOTS('',6,(#4633,#4634,#4635,#4636,#4637,
    #4638,#4639),.UNSPECIFIED.,.F.,.F.,(7,7),(0.,1.),
  .PIECEWISE_BEZIER_KNOTS.);
#4633 = CARTESIAN_POINT('',(1.,-0.1));
#4634 = CARTESIAN_POINT('',(0.822145402789,-0.1));
#4635 = CARTESIAN_POINT('',(0.648176829624,-0.1));
#4636 = CARTESIAN_POINT('',(0.478810157065,-0.1));
#4637 = CARTESIAN_POINT('',(0.314336370602,-1.E-01));
#4638 = CARTESIAN_POINT('',(0.154791412438,-0.1));
#4639 = CARTESIAN_POINT('',(0.,-0.1));
#4640 = ( GEOMETRIC_REPRESENTATION_CONTEXT(2) 
PARAMETRIC_REPRESENTATION_CONTEXT() REPRESENTATION_CONTEXT('2D SPACE',''
  ) );
#4641 = ORIENTED_EDGE('',*,*,#4642,.F.);
#4642 = EDGE_CURVE('',#4643,#4601,#4645,.T.);
#4643 = VERTEX_POINT('',#4644);
#4644 = CARTESIAN_POINT('',(0.95556640625,-18.700390625,2.));
#4645 = SURFACE_CURVE('',#4646,(#4657,#4671),.PCURVE_S1.);
#4646 = B_SPLINE_CURVE_WITH_KNOTS('',5,(#4647,#4648,#4649,#4650,#4651,
    #4652,#4653,#4654,#4655,#4656),.UNSPECIFIED.,.F.,.F.,(6,4,6),(0.,
    0.743464430873,1.),.UNSPECIFIED.);
#4647 = CARTESIAN_POINT('',(0.95556640625,-18.700390625,2.));
#4648 = CARTESIAN_POINT('',(1.026209200343,-18.65627271144,2.));
#4649 = CARTESIAN_POINT('',(1.089790639315,-18.60681524923,2.));
#4650 = CARTESIAN_POINT('',(1.145663862093,-18.55193392845,2.));
#4651 = CARTESIAN_POINT('',(1.19335042928,-18.49170183998,2.));
#4652 = CARTESIAN_POINT('',(1.246230760203,-18.40391267468,2.));
#4653 = CARTESIAN_POINT('',(1.258800075737,-18.38079131132,2.));
#4654 = CARTESIAN_POINT('',(1.270365718621,-18.35708185538,2.));
#4655 = CARTESIAN_POINT('',(1.280924734213,-18.33279881604,2.));
#4656 = CARTESIAN_POINT('',(1.290478515625,-18.30795898437,2.));
#4657 = PCURVE('',#73,#4658);
#4658 = DEFINITIONAL_REPRESENTATION('',(#4659),#4670);
#4659 = B_SPLINE_CURVE_WITH_KNOTS('',5,(#4660,#4661,#4662,#4663,#4664,
    #4665,#4666,#4667,#4668,#4669),.UNSPECIFIED.,.F.,.F.,(6,4,6),(0.,
    0.743464430873,1.),.UNSPECIFIED.);
#4660 = CARTESIAN_POINT('',(0.95556640625,-18.700390625));
#4661 = CARTESIAN_POINT('',(1.026209200343,-18.65627271144));
#4662 = CARTESIAN_POINT('',(1.089790639315,-18.60681524923));
#4663 = CARTESIAN_POINT('',(1.145663862093,-18.55193392845));
#4664 = CARTESIAN_POINT('',(1.19335042928,-18.49170183998));
#4665 = CARTESIAN_POINT('',(1.246230760203,-18.40391267468));
#4666 = CARTESIAN_POINT('',(1.258800075737,-18.38079131132));
#4667 = CARTESIAN_POINT('',(1.270365718621,-18.35708185538));
#4668 = CARTESIAN_POINT('',(1.280924734213,-18.33279881604));
#4669 = CARTESIAN_POINT('',(1.290478515625,-18.30795898437));
#4670 = ( GEOMETRIC_REPRESENTATION_CONTEXT(2) 
PARAMETRIC_REPRESENTATION_CONTEXT() REPRESENTATION_CONTEXT('2D SPACE',''
  ) );
#4671 = PCURVE('',#4672,#4679);
#4672 = SURFACE_OF_LINEAR_EXTRUSION('',#4673,#4677);
#4673 = B_SPLINE_CURVE_WITH_KNOTS('',2,(#4674,#4675,#4676),
  .UNSPECIFIED.,.F.,.F.,(3,3),(0.,1.),.PIECEWISE_BEZIER_KNOTS.);
#4674 = CARTESIAN_POINT('',(1.290478515625,-18.30795898437,1.9));
#4675 = CARTESIAN_POINT('',(1.197705078125,-18.54916992187,1.9));
#4676 = CARTESIAN_POINT('',(0.95556640625,-18.700390625,1.9));
#4677 = VECTOR('',#4678,1.);
#4678 = DIRECTION('',(-0.,-0.,-1.));
#4679 = DEFINITIONAL_REPRESENTATION('',(#4680),#4691);
#4680 = B_SPLINE_CURVE_WITH_KNOTS('',5,(#4681,#4682,#4683,#4684,#4685,
    #4686,#4687,#4688,#4689,#4690),.UNSPECIFIED.,.F.,.F.,(6,4,6),(0.,
    0.743464430873,1.),.UNSPECIFIED.);
#4681 = CARTESIAN_POINT('',(1.,-0.1));
#4682 = CARTESIAN_POINT('',(0.854127402398,-0.1));
#4683 = CARTESIAN_POINT('',(0.706428531167,-0.1));
#4684 = CARTESIAN_POINT('',(0.557417368485,-0.1));
#4685 = CARTESIAN_POINT('',(0.407702020204,-0.1));
#4686 = CARTESIAN_POINT('',(0.206344680179,-0.1));
#4687 = CARTESIAN_POINT('',(0.154689322891,-0.1));
#4688 = CARTESIAN_POINT('',(0.103061909554,-0.1));
#4689 = CARTESIAN_POINT('',(5.148985350504E-02,-0.1));
#4690 = CARTESIAN_POINT('',(0.,-0.1));
#4691 = ( GEOMETRIC_REPRESENTATION_CONTEXT(2) 
PARAMETRIC_REPRESENTATION_CONTEXT() REPRESENTATION_CONTEXT('2D SPACE',''
  ) );
#4692 = ORIENTED_EDGE('',*,*,#4693,.F.);
#4693 = EDGE_CURVE('',#4694,#4643,#4696,.T.);
#4694 = VERTEX_POINT('',#4695);
#4695 = CARTESIAN_POINT('',(0.320068359375,-18.85161132812,2.));
#4696 = SURFACE_CURVE('',#4697,(#4708,#4722),.PCURVE_S1.);
#4697 = B_SPLINE_CURVE_WITH_KNOTS('',5,(#4698,#4699,#4700,#4701,#4702,
    #4703,#4704,#4705,#4706,#4707),.UNSPECIFIED.,.F.,.F.,(6,4,6),(0.,
    0.555377416005,1.),.UNSPECIFIED.);
#4698 = CARTESIAN_POINT('',(0.320068359375,-18.85161132812,2.));
#4699 = CARTESIAN_POINT('',(0.402502907206,-18.85161132812,2.));
#4700 = CARTESIAN_POINT('',(0.482374044921,-18.84746033263,2.));
#4701 = CARTESIAN_POINT('',(0.559312702037,-18.83883986814,2.));
#4702 = CARTESIAN_POINT('',(0.632887209721,-18.82543393489,2.));
#4703 = CARTESIAN_POINT('',(0.758535383012,-18.79228552206,2.));
#4704 = CARTESIAN_POINT('',(0.811971926365,-18.77433965726,2.));
#4705 = CARTESIAN_POINT('',(0.862756329182,-18.75307580944,2.));
#4706 = CARTESIAN_POINT('',(0.910678002327,-18.72842437917,2.));
#4707 = CARTESIAN_POINT('',(0.95556640625,-18.700390625,2.));
#4708 = PCURVE('',#73,#4709);
#4709 = DEFINITIONAL_REPRESENTATION('',(#4710),#4721);
#4710 = B_SPLINE_CURVE_WITH_KNOTS('',5,(#4711,#4712,#4713,#4714,#4715,
    #4716,#4717,#4718,#4719,#4720),.UNSPECIFIED.,.F.,.F.,(6,4,6),(0.,
    0.555377416005,1.),.UNSPECIFIED.);
#4711 = CARTESIAN_POINT('',(0.320068359375,-18.85161132812));
#4712 = CARTESIAN_POINT('',(0.402502907206,-18.85161132812));
#4713 = CARTESIAN_POINT('',(0.482374044921,-18.84746033263));
#4714 = CARTESIAN_POINT('',(0.559312702037,-18.83883986814));
#4715 = CARTESIAN_POINT('',(0.632887209721,-18.82543393489));
#4716 = CARTESIAN_POINT('',(0.758535383012,-18.79228552206));
#4717 = CARTESIAN_POINT('',(0.811971926365,-18.77433965726));
#4718 = CARTESIAN_POINT('',(0.862756329182,-18.75307580944));
#4719 = CARTESIAN_POINT('',(0.910678002327,-18.72842437917));
#4720 = CARTESIAN_POINT('',(0.95556640625,-18.700390625));
#4721 = ( GEOMETRIC_REPRESENTATION_CONTEXT(2) 
PARAMETRIC_REPRESENTATION_CONTEXT() REPRESENTATION_CONTEXT('2D SPACE',''
  ) );
#4722 = PCURVE('',#4723,#4730);
#4723 = SURFACE_OF_LINEAR_EXTRUSION('',#4724,#4728);
#4724 = B_SPLINE_CURVE_WITH_KNOTS('',2,(#4725,#4726,#4727),
  .UNSPECIFIED.,.F.,.F.,(3,3),(0.,1.),.PIECEWISE_BEZIER_KNOTS.);
#4725 = CARTESIAN_POINT('',(0.95556640625,-18.700390625,1.9));
#4726 = CARTESIAN_POINT('',(0.713427734375,-18.85161132812,1.9));
#4727 = CARTESIAN_POINT('',(0.320068359375,-18.85161132812,1.9));
#4728 = VECTOR('',#4729,1.);
#4729 = DIRECTION('',(-0.,-0.,-1.));
#4730 = DEFINITIONAL_REPRESENTATION('',(#4731),#4742);
#4731 = B_SPLINE_CURVE_WITH_KNOTS('',5,(#4732,#4733,#4734,#4735,#4736,
    #4737,#4738,#4739,#4740,#4741),.UNSPECIFIED.,.F.,.F.,(6,4,6),(0.,
    0.555377416005,1.),.UNSPECIFIED.);
#4732 = CARTESIAN_POINT('',(1.,-0.1));
#4733 = CARTESIAN_POINT('',(0.895217257971,-0.1));
#4734 = CARTESIAN_POINT('',(0.788416532551,-0.1));
#4735 = CARTESIAN_POINT('',(0.679662137654,-0.1));
#4736 = CARTESIAN_POINT('',(0.569101100516,-0.1));
#4737 = CARTESIAN_POINT('',(0.367254397201,-0.1));
#4738 = CARTESIAN_POINT('',(0.276520055163,-0.1));
#4739 = CARTESIAN_POINT('',(0.184939359228,-0.1));
#4740 = CARTESIAN_POINT('',(9.269152171319E-02,-0.1));
#4741 = CARTESIAN_POINT('',(0.,-0.1));
#4742 = ( GEOMETRIC_REPRESENTATION_CONTEXT(2) 
PARAMETRIC_REPRESENTATION_CONTEXT() REPRESENTATION_CONTEXT('2D SPACE',''
  ) );
#4743 = ORIENTED_EDGE('',*,*,#4744,.F.);
#4744 = EDGE_CURVE('',#4745,#4694,#4747,.T.);
#4745 = VERTEX_POINT('',#4746);
#4746 = CARTESIAN_POINT('',(-0.305224609375,-18.71987304687,2.));
#4747 = SURFACE_CURVE('',#4748,(#4756,#4767),.PCURVE_S1.);
#4748 = B_SPLINE_CURVE_WITH_KNOTS('',6,(#4749,#4750,#4751,#4752,#4753,
    #4754,#4755),.UNSPECIFIED.,.F.,.F.,(7,7),(0.,1.),
  .PIECEWISE_BEZIER_KNOTS.);
#4749 = CARTESIAN_POINT('',(-0.305224609375,-18.71987304687,2.));
#4750 = CARTESIAN_POINT('',(-0.220746974652,-18.76565863516,2.));
#4751 = CARTESIAN_POINT('',(-0.127071479236,-18.80141537973,2.));
#4752 = CARTESIAN_POINT('',(-2.508446909744E-02,-18.82725501189,2.));
#4753 = CARTESIAN_POINT('',(8.412201634884E-02,-18.8437444208,2.));
#4754 = CARTESIAN_POINT('',(0.199483415166,-18.85161132812,2.));
#4755 = CARTESIAN_POINT('',(0.320068359375,-18.85161132812,2.));
#4756 = PCURVE('',#73,#4757);
#4757 = DEFINITIONAL_REPRESENTATION('',(#4758),#4766);
#4758 = B_SPLINE_CURVE_WITH_KNOTS('',6,(#4759,#4760,#4761,#4762,#4763,
    #4764,#4765),.UNSPECIFIED.,.F.,.F.,(7,7),(0.,1.),
  .PIECEWISE_BEZIER_KNOTS.);
#4759 = CARTESIAN_POINT('',(-0.305224609375,-18.71987304687));
#4760 = CARTESIAN_POINT('',(-0.220746974652,-18.76565863516));
#4761 = CARTESIAN_POINT('',(-0.127071479236,-18.80141537973));
#4762 = CARTESIAN_POINT('',(-2.508446909744E-02,-18.82725501189));
#4763 = CARTESIAN_POINT('',(8.412201634884E-02,-18.8437444208));
#4764 = CARTESIAN_POINT('',(0.199483415166,-18.85161132812));
#4765 = CARTESIAN_POINT('',(0.320068359375,-18.85161132812));
#4766 = ( GEOMETRIC_REPRESENTATION_CONTEXT(2) 
PARAMETRIC_REPRESENTATION_CONTEXT() REPRESENTATION_CONTEXT('2D SPACE',''
  ) );
#4767 = PCURVE('',#4768,#4775);
#4768 = SURFACE_OF_LINEAR_EXTRUSION('',#4769,#4773);
#4769 = B_SPLINE_CURVE_WITH_KNOTS('',2,(#4770,#4771,#4772),
  .UNSPECIFIED.,.F.,.F.,(3,3),(0.,1.),.PIECEWISE_BEZIER_KNOTS.);
#4770 = CARTESIAN_POINT('',(0.320068359375,-18.85161132812,1.9));
#4771 = CARTESIAN_POINT('',(-6.2158203125E-02,-18.85161132812,1.9));
#4772 = CARTESIAN_POINT('',(-0.305224609375,-18.71987304687,1.9));
#4773 = VECTOR('',#4774,1.);
#4774 = DIRECTION('',(-0.,-0.,-1.));
#4775 = DEFINITIONAL_REPRESENTATION('',(#4776),#4784);
#4776 = B_SPLINE_CURVE_WITH_KNOTS('',6,(#4777,#4778,#4779,#4780,#4781,
    #4782,#4783),.UNSPECIFIED.,.F.,.F.,(7,7),(0.,1.),
  .PIECEWISE_BEZIER_KNOTS.);
#4777 = CARTESIAN_POINT('',(1.,-0.1));
#4778 = CARTESIAN_POINT('',(0.826225194944,-0.1));
#4779 = CARTESIAN_POINT('',(0.654276516641,-0.1));
#4780 = CARTESIAN_POINT('',(0.485159023369,-0.1));
#4781 = CARTESIAN_POINT('',(0.319517899008,-1.E-01));
#4782 = CARTESIAN_POINT('',(0.157740141633,-0.1));
#4783 = CARTESIAN_POINT('',(0.,-0.1));
#4784 = ( GEOMETRIC_REPRESENTATION_CONTEXT(2) 
PARAMETRIC_REPRESENTATION_CONTEXT() REPRESENTATION_CONTEXT('2D SPACE',''
  ) );
#4785 = ORIENTED_EDGE('',*,*,#4786,.F.);
#4786 = EDGE_CURVE('',#4787,#4745,#4789,.T.);
#4787 = VERTEX_POINT('',#4788);
#4788 = CARTESIAN_POINT('',(-0.652197265625,-18.33857421875,2.));
#4789 = SURFACE_CURVE('',#4790,(#4801,#4815),.PCURVE_S1.);
#4790 = B_SPLINE_CURVE_WITH_KNOTS('',5,(#4791,#4792,#4793,#4794,#4795,
    #4796,#4797,#4798,#4799,#4800),.UNSPECIFIED.,.F.,.F.,(6,4,6),(0.,
    0.449566070174,1.),.UNSPECIFIED.);
#4791 = CARTESIAN_POINT('',(-0.652197265625,-18.33857421875,2.));
#4792 = CARTESIAN_POINT('',(-0.633624456607,-18.38318212612,2.));
#4793 = CARTESIAN_POINT('',(-0.612176483621,-18.42566857999,2.));
#4794 = CARTESIAN_POINT('',(-0.587825751941,-18.46591252598,2.));
#4795 = CARTESIAN_POINT('',(-0.56058231719,-18.50381788126,2.));
#4796 = CARTESIAN_POINT('',(-0.493672000328,-18.58278696554,2.));
#4797 = CARTESIAN_POINT('',(-0.452587100881,-18.6226535861,2.));
#4798 = CARTESIAN_POINT('',(-0.407349077493,-18.65879797096,2.));
#4799 = CARTESIAN_POINT('',(-0.358145327627,-18.69119082553,2.));
#4800 = CARTESIAN_POINT('',(-0.305224609375,-18.71987304687,2.));
#4801 = PCURVE('',#73,#4802);
#4802 = DEFINITIONAL_REPRESENTATION('',(#4803),#4814);
#4803 = B_SPLINE_CURVE_WITH_KNOTS('',5,(#4804,#4805,#4806,#4807,#4808,
    #4809,#4810,#4811,#4812,#4813),.UNSPECIFIED.,.F.,.F.,(6,4,6),(0.,
    0.449566070174,1.),.UNSPECIFIED.);
#4804 = CARTESIAN_POINT('',(-0.652197265625,-18.33857421875));
#4805 = CARTESIAN_POINT('',(-0.633624456607,-18.38318212612));
#4806 = CARTESIAN_POINT('',(-0.612176483621,-18.42566857999));
#4807 = CARTESIAN_POINT('',(-0.587825751941,-18.46591252598));
#4808 = CARTESIAN_POINT('',(-0.56058231719,-18.50381788126));
#4809 = CARTESIAN_POINT('',(-0.493672000328,-18.58278696554));
#4810 = CARTESIAN_POINT('',(-0.452587100881,-18.6226535861));
#4811 = CARTESIAN_POINT('',(-0.407349077493,-18.65879797096));
#4812 = CARTESIAN_POINT('',(-0.358145327627,-18.69119082553));
#4813 = CARTESIAN_POINT('',(-0.305224609375,-18.71987304687));
#4814 = ( GEOMETRIC_REPRESENTATION_CONTEXT(2) 
PARAMETRIC_REPRESENTATION_CONTEXT() REPRESENTATION_CONTEXT('2D SPACE',''
  ) );
#4815 = PCURVE('',#4816,#4823);
#4816 = SURFACE_OF_LINEAR_EXTRUSION('',#4817,#4821);
#4817 = B_SPLINE_CURVE_WITH_KNOTS('',2,(#4818,#4819,#4820),
  .UNSPECIFIED.,.F.,.F.,(3,3),(0.,1.),.PIECEWISE_BEZIER_KNOTS.);
#4818 = CARTESIAN_POINT('',(-0.305224609375,-18.71987304687,1.9));
#4819 = CARTESIAN_POINT('',(-0.548291015625,-18.58813476562,1.9));
#4820 = CARTESIAN_POINT('',(-0.652197265625,-18.33857421875,1.9));
#4821 = VECTOR('',#4822,1.);
#4822 = DIRECTION('',(-0.,-0.,-1.));
#4823 = DEFINITIONAL_REPRESENTATION('',(#4824),#4835);
#4824 = B_SPLINE_CURVE_WITH_KNOTS('',5,(#4825,#4826,#4827,#4828,#4829,
    #4830,#4831,#4832,#4833,#4834),.UNSPECIFIED.,.F.,.F.,(6,4,6),(0.,
    0.449566070174,1.),.UNSPECIFIED.);
#4825 = CARTESIAN_POINT('',(1.,-0.1));
#4826 = CARTESIAN_POINT('',(0.910627084424,-0.1));
#4827 = CARTESIAN_POINT('',(0.820790731796,-0.1));
#4828 = CARTESIAN_POINT('',(0.730635654501,-0.1));
#4829 = CARTESIAN_POINT('',(0.640316794612,-0.1));
#4830 = CARTESIAN_POINT('',(0.439419083232,-0.1));
#4831 = CARTESIAN_POINT('',(0.328835077334,-0.1));
#4832 = CARTESIAN_POINT('',(0.218556112988,-0.1));
#4833 = CARTESIAN_POINT('',(0.108860617699,-0.1));
#4834 = CARTESIAN_POINT('',(0.,-0.1));
#4835 = ( GEOMETRIC_REPRESENTATION_CONTEXT(2) 
PARAMETRIC_REPRESENTATION_CONTEXT() REPRESENTATION_CONTEXT('2D SPACE',''
  ) );
#4836 = ORIENTED_EDGE('',*,*,#4837,.F.);
#4837 = EDGE_CURVE('',#4838,#4787,#4840,.T.);
#4838 = VERTEX_POINT('',#4839);
#4839 = CARTESIAN_POINT('',(-0.756103515625,-17.65668945312,2.));
#4840 = SURFACE_CURVE('',#4841,(#4849,#4860),.PCURVE_S1.);
#4841 = B_SPLINE_CURVE_WITH_KNOTS('',6,(#4842,#4843,#4844,#4845,#4846,
    #4847,#4848),.UNSPECIFIED.,.F.,.F.,(7,7),(0.,1.),
  .PIECEWISE_BEZIER_KNOTS.);
#4842 = CARTESIAN_POINT('',(-0.756103515625,-17.65668945312,2.));
#4843 = CARTESIAN_POINT('',(-0.756103515625,-17.78964393268,2.));
#4844 = CARTESIAN_POINT('',(-0.750207521315,-17.91665523824,2.));
#4845 = CARTESIAN_POINT('',(-0.73767711349,-18.03663572627,2.));
#4846 = CARTESIAN_POINT('',(-0.717679958728,-18.14811305537,2.));
#4847 = CARTESIAN_POINT('',(-0.689361861464,-18.24931282338,2.));
#4848 = CARTESIAN_POINT('',(-0.652197265625,-18.33857421875,2.));
#4849 = PCURVE('',#73,#4850);
#4850 = DEFINITIONAL_REPRESENTATION('',(#4851),#4859);
#4851 = B_SPLINE_CURVE_WITH_KNOTS('',6,(#4852,#4853,#4854,#4855,#4856,
    #4857,#4858),.UNSPECIFIED.,.F.,.F.,(7,7),(0.,1.),
  .PIECEWISE_BEZIER_KNOTS.);
#4852 = CARTESIAN_POINT('',(-0.756103515625,-17.65668945312));
#4853 = CARTESIAN_POINT('',(-0.756103515625,-17.78964393268));
#4854 = CARTESIAN_POINT('',(-0.750207521315,-17.91665523824));
#4855 = CARTESIAN_POINT('',(-0.73767711349,-18.03663572627));
#4856 = CARTESIAN_POINT('',(-0.717679958728,-18.14811305537));
#4857 = CARTESIAN_POINT('',(-0.689361861464,-18.24931282338));
#4858 = CARTESIAN_POINT('',(-0.652197265625,-18.33857421875));
#4859 = ( GEOMETRIC_REPRESENTATION_CONTEXT(2) 
PARAMETRIC_REPRESENTATION_CONTEXT() REPRESENTATION_CONTEXT('2D SPACE',''
  ) );
#4860 = PCURVE('',#4861,#4868);
#4861 = SURFACE_OF_LINEAR_EXTRUSION('',#4862,#4866);
#4862 = B_SPLINE_CURVE_WITH_KNOTS('',2,(#4863,#4864,#4865),
  .UNSPECIFIED.,.F.,.F.,(3,3),(0.,1.),.PIECEWISE_BEZIER_KNOTS.);
#4863 = CARTESIAN_POINT('',(-0.652197265625,-18.33857421875,1.9));
#4864 = CARTESIAN_POINT('',(-0.756103515625,-18.08901367187,1.9));
#4865 = CARTESIAN_POINT('',(-0.756103515625,-17.65668945312,1.9));
#4866 = VECTOR('',#4867,1.);
#4867 = DIRECTION('',(-0.,-0.,-1.));
#4868 = DEFINITIONAL_REPRESENTATION('',(#4869),#4877);
#4869 = B_SPLINE_CURVE_WITH_KNOTS('',6,(#4870,#4871,#4872,#4873,#4874,
    #4875,#4876),.UNSPECIFIED.,.F.,.F.,(7,7),(0.,1.),
  .PIECEWISE_BEZIER_KNOTS.);
#4870 = CARTESIAN_POINT('',(1.,-0.1));
#4871 = CARTESIAN_POINT('',(0.846232903699,-0.1));
#4872 = CARTESIAN_POINT('',(0.687345276717,-0.1));
#4873 = CARTESIAN_POINT('',(0.523092877468,-0.1));
#4874 = CARTESIAN_POINT('',(0.353485335717,-1.E-01));
#4875 = CARTESIAN_POINT('',(0.178837152909,-0.1));
#4876 = CARTESIAN_POINT('',(0.,-0.1));
#4877 = ( GEOMETRIC_REPRESENTATION_CONTEXT(2) 
PARAMETRIC_REPRESENTATION_CONTEXT() REPRESENTATION_CONTEXT('2D SPACE',''
  ) );
#4878 = ORIENTED_EDGE('',*,*,#4879,.F.);
#4879 = EDGE_CURVE('',#4880,#4838,#4882,.T.);
#4880 = VERTEX_POINT('',#4881);
#4881 = CARTESIAN_POINT('',(-0.756103515625,-16.08510742187,2.));
#4882 = SURFACE_CURVE('',#4883,(#4887,#4894),.PCURVE_S1.);
#4883 = LINE('',#4884,#4885);
#4884 = CARTESIAN_POINT('',(-0.756103515625,-18.95334472656,2.));
#4885 = VECTOR('',#4886,1.);
#4886 = DIRECTION('',(0.,-1.,0.));
#4887 = PCURVE('',#73,#4888);
#4888 = DEFINITIONAL_REPRESENTATION('',(#4889),#4893);
#4889 = LINE('',#4890,#4891);
#4890 = CARTESIAN_POINT('',(-0.756103515625,-18.95334472656));
#4891 = VECTOR('',#4892,1.);
#4892 = DIRECTION('',(0.,-1.));
#4893 = ( GEOMETRIC_REPRESENTATION_CONTEXT(2) 
PARAMETRIC_REPRESENTATION_CONTEXT() REPRESENTATION_CONTEXT('2D SPACE',''
  ) );
#4894 = PCURVE('',#4895,#4900);
#4895 = PLANE('',#4896);
#4896 = AXIS2_PLACEMENT_3D('',#4897,#4898,#4899);
#4897 = CARTESIAN_POINT('',(-0.756103515625,-17.65668945312,1.9));
#4898 = DIRECTION('',(-1.,0.,0.));
#4899 = DIRECTION('',(0.,1.,0.));
#4900 = DEFINITIONAL_REPRESENTATION('',(#4901),#4904);
#4901 = B_SPLINE_CURVE_WITH_KNOTS('',1,(#4902,#4903),.UNSPECIFIED.,.F.,
  .F.,(2,2),(-2.868237304687,-1.296655273437),.PIECEWISE_BEZIER_KNOTS.);
#4902 = CARTESIAN_POINT('',(1.57158203125,-0.1));
#4903 = CARTESIAN_POINT('',(0.,-0.1));
#4904 = ( GEOMETRIC_REPRESENTATION_CONTEXT(2) 
PARAMETRIC_REPRESENTATION_CONTEXT() REPRESENTATION_CONTEXT('2D SPACE',''
  ) );
#4905 = ORIENTED_EDGE('',*,*,#4906,.F.);
#4906 = EDGE_CURVE('',#4907,#4880,#4909,.T.);
#4907 = VERTEX_POINT('',#4908);
#4908 = CARTESIAN_POINT('',(-0.396142578125,-16.08510742187,2.));
#4909 = SURFACE_CURVE('',#4910,(#4914,#4921),.PCURVE_S1.);
#4910 = LINE('',#4911,#4912);
#4911 = CARTESIAN_POINT('',(-0.378051757812,-16.08510742187,2.));
#4912 = VECTOR('',#4913,1.);
#4913 = DIRECTION('',(-1.,0.,0.));
#4914 = PCURVE('',#73,#4915);
#4915 = DEFINITIONAL_REPRESENTATION('',(#4916),#4920);
#4916 = LINE('',#4917,#4918);
#4917 = CARTESIAN_POINT('',(-0.378051757812,-16.08510742187));
#4918 = VECTOR('',#4919,1.);
#4919 = DIRECTION('',(-1.,0.));
#4920 = ( GEOMETRIC_REPRESENTATION_CONTEXT(2) 
PARAMETRIC_REPRESENTATION_CONTEXT() REPRESENTATION_CONTEXT('2D SPACE',''
  ) );
#4921 = PCURVE('',#4922,#4927);
#4922 = PLANE('',#4923);
#4923 = AXIS2_PLACEMENT_3D('',#4924,#4925,#4926);
#4924 = CARTESIAN_POINT('',(-0.756103515625,-16.08510742187,1.9));
#4925 = DIRECTION('',(0.,1.,0.));
#4926 = DIRECTION('',(1.,0.,0.));
#4927 = DEFINITIONAL_REPRESENTATION('',(#4928),#4931);
#4928 = B_SPLINE_CURVE_WITH_KNOTS('',1,(#4929,#4930),.UNSPECIFIED.,.F.,
  .F.,(2,2),(1.80908203125E-02,0.378051757812),
  .PIECEWISE_BEZIER_KNOTS.);
#4929 = CARTESIAN_POINT('',(0.3599609375,-0.1));
#4930 = CARTESIAN_POINT('',(0.,-0.1));
#4931 = ( GEOMETRIC_REPRESENTATION_CONTEXT(2) 
PARAMETRIC_REPRESENTATION_CONTEXT() REPRESENTATION_CONTEXT('2D SPACE',''
  ) );
#4932 = ORIENTED_EDGE('',*,*,#4933,.F.);
#4933 = EDGE_CURVE('',#4934,#4907,#4936,.T.);
#4934 = VERTEX_POINT('',#4935);
#4935 = CARTESIAN_POINT('',(-0.396142578125,-17.65483398437,2.));
#4936 = SURFACE_CURVE('',#4937,(#4941,#4948),.PCURVE_S1.);
#4937 = LINE('',#4938,#4939);
#4938 = CARTESIAN_POINT('',(-0.396142578125,-18.16755371093,2.));
#4939 = VECTOR('',#4940,1.);
#4940 = DIRECTION('',(0.,1.,0.));
#4941 = PCURVE('',#73,#4942);
#4942 = DEFINITIONAL_REPRESENTATION('',(#4943),#4947);
#4943 = LINE('',#4944,#4945);
#4944 = CARTESIAN_POINT('',(-0.396142578125,-18.16755371093));
#4945 = VECTOR('',#4946,1.);
#4946 = DIRECTION('',(0.,1.));
#4947 = ( GEOMETRIC_REPRESENTATION_CONTEXT(2) 
PARAMETRIC_REPRESENTATION_CONTEXT() REPRESENTATION_CONTEXT('2D SPACE',''
  ) );
#4948 = PCURVE('',#4949,#4954);
#4949 = PLANE('',#4950);
#4950 = AXIS2_PLACEMENT_3D('',#4951,#4952,#4953);
#4951 = CARTESIAN_POINT('',(-0.396142578125,-16.08510742187,1.9));
#4952 = DIRECTION('',(1.,0.,0.));
#4953 = DIRECTION('',(0.,-1.,0.));
#4954 = DEFINITIONAL_REPRESENTATION('',(#4955),#4958);
#4955 = B_SPLINE_CURVE_WITH_KNOTS('',1,(#4956,#4957),.UNSPECIFIED.,.F.,
  .F.,(2,2),(0.512719726562,2.082446289062),.PIECEWISE_BEZIER_KNOTS.);
#4956 = CARTESIAN_POINT('',(1.5697265625,-0.1));
#4957 = CARTESIAN_POINT('',(0.,-0.1));
#4958 = ( GEOMETRIC_REPRESENTATION_CONTEXT(2) 
PARAMETRIC_REPRESENTATION_CONTEXT() REPRESENTATION_CONTEXT('2D SPACE',''
  ) );
#4959 = ORIENTED_EDGE('',*,*,#4960,.F.);
#4960 = EDGE_CURVE('',#4961,#4934,#4963,.T.);
#4961 = VERTEX_POINT('',#4962);
#4962 = CARTESIAN_POINT('',(-0.3302734375,-18.1771484375,2.));
#4963 = SURFACE_CURVE('',#4964,(#4972,#4983),.PCURVE_S1.);
#4964 = B_SPLINE_CURVE_WITH_KNOTS('',6,(#4965,#4966,#4967,#4968,#4969,
    #4970,#4971),.UNSPECIFIED.,.F.,.F.,(7,7),(0.,1.),
  .PIECEWISE_BEZIER_KNOTS.);
#4965 = CARTESIAN_POINT('',(-0.3302734375,-18.1771484375,2.));
#4966 = CARTESIAN_POINT('',(-0.353714939124,-18.11738911645,2.));
#4967 = CARTESIAN_POINT('',(-0.371667536312,-18.04469127694,2.));
#4968 = CARTESIAN_POINT('',(-0.384389319921,-17.96048493571,2.));
#4969 = CARTESIAN_POINT('',(-0.392378516165,-17.866486503,2.));
#4970 = CARTESIAN_POINT('',(-0.396142578125,-17.76420674368,2.));
#4971 = CARTESIAN_POINT('',(-0.396142578125,-17.65483398437,2.));
#4972 = PCURVE('',#73,#4973);
#4973 = DEFINITIONAL_REPRESENTATION('',(#4974),#4982);
#4974 = B_SPLINE_CURVE_WITH_KNOTS('',6,(#4975,#4976,#4977,#4978,#4979,
    #4980,#4981),.UNSPECIFIED.,.F.,.F.,(7,7),(0.,1.),
  .PIECEWISE_BEZIER_KNOTS.);
#4975 = CARTESIAN_POINT('',(-0.3302734375,-18.1771484375));
#4976 = CARTESIAN_POINT('',(-0.353714939124,-18.11738911645));
#4977 = CARTESIAN_POINT('',(-0.371667536312,-18.04469127694));
#4978 = CARTESIAN_POINT('',(-0.384389319921,-17.96048493571));
#4979 = CARTESIAN_POINT('',(-0.392378516165,-17.866486503));
#4980 = CARTESIAN_POINT('',(-0.396142578125,-17.76420674368));
#4981 = CARTESIAN_POINT('',(-0.396142578125,-17.65483398437));
#4982 = ( GEOMETRIC_REPRESENTATION_CONTEXT(2) 
PARAMETRIC_REPRESENTATION_CONTEXT() REPRESENTATION_CONTEXT('2D SPACE',''
  ) );
#4983 = PCURVE('',#4984,#4991);
#4984 = SURFACE_OF_LINEAR_EXTRUSION('',#4985,#4989);
#4985 = B_SPLINE_CURVE_WITH_KNOTS('',2,(#4986,#4987,#4988),
  .UNSPECIFIED.,.F.,.F.,(3,3),(0.,1.),.PIECEWISE_BEZIER_KNOTS.);
#4986 = CARTESIAN_POINT('',(-0.396142578125,-17.65483398437,1.9));
#4987 = CARTESIAN_POINT('',(-0.396142578125,-18.00922851562,1.9));
#4988 = CARTESIAN_POINT('',(-0.3302734375,-18.1771484375,1.9));
#4989 = VECTOR('',#4990,1.);
#4990 = DIRECTION('',(-0.,-0.,-1.));
#4991 = DEFINITIONAL_REPRESENTATION('',(#4992),#5000);
#4992 = B_SPLINE_CURVE_WITH_KNOTS('',6,(#4993,#4994,#4995,#4996,#4997,
    #4998,#4999),.UNSPECIFIED.,.F.,.F.,(7,7),(0.,1.),
  .PIECEWISE_BEZIER_KNOTS.);
#4993 = CARTESIAN_POINT('',(1.,-0.1));
#4994 = CARTESIAN_POINT('',(0.822060061804,-0.1));
#4995 = CARTESIAN_POINT('',(0.647789046865,-0.1));
#4996 = CARTESIAN_POINT('',(0.478173659423,-0.1));
#4997 = CARTESIAN_POINT('',(0.31364553544,-1.E-01));
#4998 = CARTESIAN_POINT('',(0.154309321484,-0.1));
#4999 = CARTESIAN_POINT('',(0.,-0.1));
#5000 = ( GEOMETRIC_REPRESENTATION_CONTEXT(2) 
PARAMETRIC_REPRESENTATION_CONTEXT() REPRESENTATION_CONTEXT('2D SPACE',''
  ) );
#5001 = ORIENTED_EDGE('',*,*,#5002,.F.);
#5002 = EDGE_CURVE('',#5003,#4961,#5005,.T.);
#5003 = VERTEX_POINT('',#5004);
#5004 = CARTESIAN_POINT('',(-0.10390625,-18.43598632812,2.));
#5005 = SURFACE_CURVE('',#5006,(#5015,#5027),.PCURVE_S1.);
#5006 = B_SPLINE_CURVE_WITH_KNOTS('',4,(#5007,#5008,#5009,#5010,#5011,
    #5012,#5013,#5014),.UNSPECIFIED.,.F.,.F.,(5,3,5),(0.,0.549220630194,
    1.),.UNSPECIFIED.);
#5007 = CARTESIAN_POINT('',(-0.10390625,-18.43598632812,2.));
#5008 = CARTESIAN_POINT('',(-0.147729493966,-18.41116160032,2.));
#5009 = CARTESIAN_POINT('',(-0.187080378638,-18.38237938162,2.));
#5010 = CARTESIAN_POINT('',(-0.221735860705,-18.3496091982,2.));
#5011 = CARTESIAN_POINT('',(-0.276132939308,-18.28286140428,2.));
#5012 = CARTESIAN_POINT('',(-0.297434833961,-18.2501526332,2.));
#5013 = CARTESIAN_POINT('',(-0.315472943657,-18.21487927391,2.));
#5014 = CARTESIAN_POINT('',(-0.3302734375,-18.1771484375,2.));
#5015 = PCURVE('',#73,#5016);
#5016 = DEFINITIONAL_REPRESENTATION('',(#5017),#5026);
#5017 = B_SPLINE_CURVE_WITH_KNOTS('',4,(#5018,#5019,#5020,#5021,#5022,
    #5023,#5024,#5025),.UNSPECIFIED.,.F.,.F.,(5,3,5),(0.,0.549220630194,
    1.),.UNSPECIFIED.);
#5018 = CARTESIAN_POINT('',(-0.10390625,-18.43598632812));
#5019 = CARTESIAN_POINT('',(-0.147729493966,-18.41116160032));
#5020 = CARTESIAN_POINT('',(-0.187080378638,-18.38237938162));
#5021 = CARTESIAN_POINT('',(-0.221735860705,-18.3496091982));
#5022 = CARTESIAN_POINT('',(-0.276132939308,-18.28286140428));
#5023 = CARTESIAN_POINT('',(-0.297434833961,-18.2501526332));
#5024 = CARTESIAN_POINT('',(-0.315472943657,-18.21487927391));
#5025 = CARTESIAN_POINT('',(-0.3302734375,-18.1771484375));
#5026 = ( GEOMETRIC_REPRESENTATION_CONTEXT(2) 
PARAMETRIC_REPRESENTATION_CONTEXT() REPRESENTATION_CONTEXT('2D SPACE',''
  ) );
#5027 = PCURVE('',#5028,#5035);
#5028 = SURFACE_OF_LINEAR_EXTRUSION('',#5029,#5033);
#5029 = B_SPLINE_CURVE_WITH_KNOTS('',2,(#5030,#5031,#5032),
  .UNSPECIFIED.,.F.,.F.,(3,3),(0.,1.),.PIECEWISE_BEZIER_KNOTS.);
#5030 = CARTESIAN_POINT('',(-0.3302734375,-18.1771484375,1.9));
#5031 = CARTESIAN_POINT('',(-0.264404296875,-18.34506835937,1.9));
#5032 = CARTESIAN_POINT('',(-0.10390625,-18.43598632812,1.9));
#5033 = VECTOR('',#5034,1.);
#5034 = DIRECTION('',(-0.,-0.,-1.));
#5035 = DEFINITIONAL_REPRESENTATION('',(#5036),#5045);
#5036 = B_SPLINE_CURVE_WITH_KNOTS('',4,(#5037,#5038,#5039,#5040,#5041,
    #5042,#5043,#5044),.UNSPECIFIED.,.F.,.F.,(5,3,5),(0.,0.549220630194,
    1.),.UNSPECIFIED.);
#5037 = CARTESIAN_POINT('',(1.,-0.1));
#5038 = CARTESIAN_POINT('',(0.863477329417,-0.1));
#5039 = CARTESIAN_POINT('',(0.72623639609,-0.1));
#5040 = CARTESIAN_POINT('',(0.588618078223,-0.1));
#5041 = CARTESIAN_POINT('',(0.33804832418,-0.1));
#5042 = CARTESIAN_POINT('',(0.225095048563,-0.1));
#5043 = CARTESIAN_POINT('',(0.112347707159,-0.1));
#5044 = CARTESIAN_POINT('',(0.,-0.1));
#5045 = ( GEOMETRIC_REPRESENTATION_CONTEXT(2) 
PARAMETRIC_REPRESENTATION_CONTEXT() REPRESENTATION_CONTEXT('2D SPACE',''
  ) );
#5046 = ORIENTED_EDGE('',*,*,#5047,.F.);
#5047 = EDGE_CURVE('',#5048,#5003,#5050,.T.);
#5048 = VERTEX_POINT('',#5049);
#5049 = CARTESIAN_POINT('',(0.288525390625,-18.52690429687,2.));
#5050 = SURFACE_CURVE('',#5051,(#5058,#5068),.PCURVE_S1.);
#5051 = B_SPLINE_CURVE_WITH_KNOTS('',5,(#5052,#5053,#5054,#5055,#5056,
    #5057),.UNSPECIFIED.,.F.,.F.,(6,6),(0.,1.),
  .PIECEWISE_BEZIER_KNOTS.);
#5052 = CARTESIAN_POINT('',(0.288525390625,-18.52690429687,2.));
#5053 = CARTESIAN_POINT('',(0.19762636573,-18.52690429687,2.));
#5054 = CARTESIAN_POINT('',(0.112364034934,-18.51817608626,2.));
#5055 = CARTESIAN_POINT('',(3.335678626599E-02,-18.5002512109,2.));
#5056 = CARTESIAN_POINT('',(-3.885145782021E-02,-18.47283817571,2.));
#5057 = CARTESIAN_POINT('',(-0.10390625,-18.43598632812,2.));
#5058 = PCURVE('',#73,#5059);
#5059 = DEFINITIONAL_REPRESENTATION('',(#5060),#5067);
#5060 = B_SPLINE_CURVE_WITH_KNOTS('',5,(#5061,#5062,#5063,#5064,#5065,
    #5066),.UNSPECIFIED.,.F.,.F.,(6,6),(0.,1.),
  .PIECEWISE_BEZIER_KNOTS.);
#5061 = CARTESIAN_POINT('',(0.288525390625,-18.52690429687));
#5062 = CARTESIAN_POINT('',(0.19762636573,-18.52690429687));
#5063 = CARTESIAN_POINT('',(0.112364034934,-18.51817608626));
#5064 = CARTESIAN_POINT('',(3.335678626599E-02,-18.5002512109));
#5065 = CARTESIAN_POINT('',(-3.885145782021E-02,-18.47283817571));
#5066 = CARTESIAN_POINT('',(-0.10390625,-18.43598632812));
#5067 = ( GEOMETRIC_REPRESENTATION_CONTEXT(2) 
PARAMETRIC_REPRESENTATION_CONTEXT() REPRESENTATION_CONTEXT('2D SPACE',''
  ) );
#5068 = PCURVE('',#5069,#5076);
#5069 = SURFACE_OF_LINEAR_EXTRUSION('',#5070,#5074);
#5070 = B_SPLINE_CURVE_WITH_KNOTS('',2,(#5071,#5072,#5073),
  .UNSPECIFIED.,.F.,.F.,(3,3),(0.,1.),.PIECEWISE_BEZIER_KNOTS.);
#5071 = CARTESIAN_POINT('',(-0.10390625,-18.43598632812,1.9));
#5072 = CARTESIAN_POINT('',(5.6591796875E-02,-18.52690429687,1.9));
#5073 = CARTESIAN_POINT('',(0.288525390625,-18.52690429687,1.9));
#5074 = VECTOR('',#5075,1.);
#5075 = DIRECTION('',(-0.,-0.,-1.));
#5076 = DEFINITIONAL_REPRESENTATION('',(#5077),#5084);
#5077 = B_SPLINE_CURVE_WITH_KNOTS('',5,(#5078,#5079,#5080,#5081,#5082,
    #5083),.UNSPECIFIED.,.F.,.F.,(6,6),(0.,1.),
  .PIECEWISE_BEZIER_KNOTS.);
#5078 = CARTESIAN_POINT('',(1.,-0.1));
#5079 = CARTESIAN_POINT('',(0.804040838962,-0.1));
#5080 = CARTESIAN_POINT('',(0.605449058715,-0.1));
#5081 = CARTESIAN_POINT('',(0.40476428986,-0.1));
#5082 = CARTESIAN_POINT('',(0.202665370222,-0.1));
#5083 = CARTESIAN_POINT('',(0.,-0.1));
#5084 = ( GEOMETRIC_REPRESENTATION_CONTEXT(2) 
PARAMETRIC_REPRESENTATION_CONTEXT() REPRESENTATION_CONTEXT('2D SPACE',''
  ) );
#5085 = ORIENTED_EDGE('',*,*,#5086,.F.);
#5086 = EDGE_CURVE('',#5087,#5048,#5089,.T.);
#5087 = VERTEX_POINT('',#5088);
#5088 = CARTESIAN_POINT('',(0.854443359375,-18.34692382812,2.));
#5089 = SURFACE_CURVE('',#5090,(#5101,#5115),.PCURVE_S1.);
#5090 = B_SPLINE_CURVE_WITH_KNOTS('',5,(#5091,#5092,#5093,#5094,#5095,
    #5096,#5097,#5098,#5099,#5100),.UNSPECIFIED.,.F.,.F.,(6,4,6),(0.,
    0.484499298908,1.),.UNSPECIFIED.);
#5091 = CARTESIAN_POINT('',(0.854443359375,-18.34692382812,2.));
#5092 = CARTESIAN_POINT('',(0.819991539654,-18.38364719639,2.));
#5093 = CARTESIAN_POINT('',(0.77968401586,-18.41559899439,2.));
#5094 = CARTESIAN_POINT('',(0.73379437759,-18.44259475894,2.));
#5095 = CARTESIAN_POINT('',(0.682838566171,-18.46473825156,2.));
#5096 = CARTESIAN_POINT('',(0.568429162356,-18.50092028356,2.));
#5097 = CARTESIAN_POINT('',(0.504377005141,-18.51435136132,2.));
#5098 = CARTESIAN_POINT('',(0.435934967451,-18.5228608467,2.));
#5099 = CARTESIAN_POINT('',(0.363802308634,-18.52690429687,2.));
#5100 = CARTESIAN_POINT('',(0.288525390625,-18.52690429687,2.));
#5101 = PCURVE('',#73,#5102);
#5102 = DEFINITIONAL_REPRESENTATION('',(#5103),#5114);
#5103 = B_SPLINE_CURVE_WITH_KNOTS('',5,(#5104,#5105,#5106,#5107,#5108,
    #5109,#5110,#5111,#5112,#5113),.UNSPECIFIED.,.F.,.F.,(6,4,6),(0.,
    0.484499298908,1.),.UNSPECIFIED.);
#5104 = CARTESIAN_POINT('',(0.854443359375,-18.34692382812));
#5105 = CARTESIAN_POINT('',(0.819991539654,-18.38364719639));
#5106 = CARTESIAN_POINT('',(0.77968401586,-18.41559899439));
#5107 = CARTESIAN_POINT('',(0.73379437759,-18.44259475894));
#5108 = CARTESIAN_POINT('',(0.682838566171,-18.46473825156));
#5109 = CARTESIAN_POINT('',(0.568429162356,-18.50092028356));
#5110 = CARTESIAN_POINT('',(0.504377005141,-18.51435136132));
#5111 = CARTESIAN_POINT('',(0.435934967451,-18.5228608467));
#5112 = CARTESIAN_POINT('',(0.363802308634,-18.52690429687));
#5113 = CARTESIAN_POINT('',(0.288525390625,-18.52690429687));
#5114 = ( GEOMETRIC_REPRESENTATION_CONTEXT(2) 
PARAMETRIC_REPRESENTATION_CONTEXT() REPRESENTATION_CONTEXT('2D SPACE',''
  ) );
#5115 = PCURVE('',#5116,#5123);
#5116 = SURFACE_OF_LINEAR_EXTRUSION('',#5117,#5121);
#5117 = B_SPLINE_CURVE_WITH_KNOTS('',2,(#5118,#5119,#5120),
  .UNSPECIFIED.,.F.,.F.,(3,3),(0.,1.),.PIECEWISE_BEZIER_KNOTS.);
#5118 = CARTESIAN_POINT('',(0.288525390625,-18.52690429687,1.9));
#5119 = CARTESIAN_POINT('',(0.685595703125,-18.52690429687,1.9));
#5120 = CARTESIAN_POINT('',(0.854443359375,-18.34692382812,1.9));
#5121 = VECTOR('',#5122,1.);
#5122 = DIRECTION('',(-0.,-0.,-1.));
#5123 = DEFINITIONAL_REPRESENTATION('',(#5124),#5135);
#5124 = B_SPLINE_CURVE_WITH_KNOTS('',5,(#5125,#5126,#5127,#5128,#5129,
    #5130,#5131,#5132,#5133,#5134),.UNSPECIFIED.,.F.,.F.,(6,4,6),(0.,
    0.484499298908,1.),.UNSPECIFIED.);
#5125 = CARTESIAN_POINT('',(1.,-0.1));
#5126 = CARTESIAN_POINT('',(0.897979573758,-0.1));
#5127 = CARTESIAN_POINT('',(0.79620449929,-0.1));
#5128 = CARTESIAN_POINT('',(0.695313827759,-0.1));
#5129 = CARTESIAN_POINT('',(0.595791563427,-0.1));
#5130 = CARTESIAN_POINT('',(0.393951099163,-0.1));
#5131 = CARTESIAN_POINT('',(0.291849134963,-0.1));
#5132 = CARTESIAN_POINT('',(0.192077868306,-0.1));
#5133 = CARTESIAN_POINT('',(9.479041323334E-02,-0.1));
#5134 = CARTESIAN_POINT('',(0.,-0.1));
#5135 = ( GEOMETRIC_REPRESENTATION_CONTEXT(2) 
PARAMETRIC_REPRESENTATION_CONTEXT() REPRESENTATION_CONTEXT('2D SPACE',''
  ) );
#5136 = ORIENTED_EDGE('',*,*,#5137,.F.);
#5137 = EDGE_CURVE('',#4520,#5087,#5138,.T.);
#5138 = SURFACE_CURVE('',#5139,(#5152,#5168),.PCURVE_S1.);
#5139 = B_SPLINE_CURVE_WITH_KNOTS('',6,(#5140,#5141,#5142,#5143,#5144,
    #5145,#5146,#5147,#5148,#5149,#5150,#5151),.UNSPECIFIED.,.F.,.F.,(7,
    5,7),(0.,0.532421780972,1.),.UNSPECIFIED.);
#5140 = CARTESIAN_POINT('',(1.023291015625,-17.65483398437,2.));
#5141 = CARTESIAN_POINT('',(1.023291015625,-17.73375213009,2.));
#5142 = CARTESIAN_POINT('',(1.020885188587,-17.81034872458,2.));
#5143 = CARTESIAN_POINT('',(1.015797545493,-17.8842510662,2.));
#5144 = CARTESIAN_POINT('',(1.007705172587,-17.95493560948,2.));
#5145 = CARTESIAN_POINT('',(0.996247411082,-18.02173773225,2.));
#5146 = CARTESIAN_POINT('',(0.967758137988,-18.13851244504,2.));
#5147 = CARTESIAN_POINT('',(0.951575818913,-18.18954251539,2.));
#5148 = CARTESIAN_POINT('',(0.932305947388,-18.23646697029,2.));
#5149 = CARTESIAN_POINT('',(0.909749141132,-18.27869655894,2.));
#5150 = CARTESIAN_POINT('',(0.883778812743,-18.31565416904,2.));
#5151 = CARTESIAN_POINT('',(0.854443359375,-18.34692382812,2.));
#5152 = PCURVE('',#73,#5153);
#5153 = DEFINITIONAL_REPRESENTATION('',(#5154),#5167);
#5154 = B_SPLINE_CURVE_WITH_KNOTS('',6,(#5155,#5156,#5157,#5158,#5159,
    #5160,#5161,#5162,#5163,#5164,#5165,#5166),.UNSPECIFIED.,.F.,.F.,(7,
    5,7),(0.,0.532421780972,1.),.UNSPECIFIED.);
#5155 = CARTESIAN_POINT('',(1.023291015625,-17.65483398437));
#5156 = CARTESIAN_POINT('',(1.023291015625,-17.73375213009));
#5157 = CARTESIAN_POINT('',(1.020885188587,-17.81034872458));
#5158 = CARTESIAN_POINT('',(1.015797545493,-17.8842510662));
#5159 = CARTESIAN_POINT('',(1.007705172587,-17.95493560948));
#5160 = CARTESIAN_POINT('',(0.996247411082,-18.02173773225));
#5161 = CARTESIAN_POINT('',(0.967758137988,-18.13851244504));
#5162 = CARTESIAN_POINT('',(0.951575818913,-18.18954251539));
#5163 = CARTESIAN_POINT('',(0.932305947388,-18.23646697029));
#5164 = CARTESIAN_POINT('',(0.909749141132,-18.27869655894));
#5165 = CARTESIAN_POINT('',(0.883778812743,-18.31565416904));
#5166 = CARTESIAN_POINT('',(0.854443359375,-18.34692382812));
#5167 = ( GEOMETRIC_REPRESENTATION_CONTEXT(2) 
PARAMETRIC_REPRESENTATION_CONTEXT() REPRESENTATION_CONTEXT('2D SPACE',''
  ) );
#5168 = PCURVE('',#5169,#5176);
#5169 = SURFACE_OF_LINEAR_EXTRUSION('',#5170,#5174);
#5170 = B_SPLINE_CURVE_WITH_KNOTS('',2,(#5171,#5172,#5173),
  .UNSPECIFIED.,.F.,.F.,(3,3),(0.,1.),.PIECEWISE_BEZIER_KNOTS.);
#5171 = CARTESIAN_POINT('',(0.854443359375,-18.34692382812,1.9));
#5172 = CARTESIAN_POINT('',(1.023291015625,-18.16694335937,1.9));
#5173 = CARTESIAN_POINT('',(1.023291015625,-17.65483398437,1.9));
#5174 = VECTOR('',#5175,1.);
#5175 = DIRECTION('',(-0.,-0.,-1.));
#5176 = DEFINITIONAL_REPRESENTATION('',(#5177),#5190);
#5177 = B_SPLINE_CURVE_WITH_KNOTS('',6,(#5178,#5179,#5180,#5181,#5182,
    #5183,#5184,#5185,#5186,#5187,#5188,#5189),.UNSPECIFIED.,.F.,.F.,(7,
    5,7),(0.,0.532421780972,1.),.UNSPECIFIED.);
#5178 = CARTESIAN_POINT('',(1.,-0.1));
#5179 = CARTESIAN_POINT('',(0.922947958411,-0.1));
#5180 = CARTESIAN_POINT('',(0.843542132671,-0.1));
#5181 = CARTESIAN_POINT('',(0.761616368952,-0.1));
#5182 = CARTESIAN_POINT('',(0.677061670483,-0.1));
#5183 = CARTESIAN_POINT('',(0.589834291195,-0.1));
#5184 = CARTESIAN_POINT('',(0.42110661249,-0.1));
#5185 = CARTESIAN_POINT('',(0.340204729517,-0.1));
#5186 = CARTESIAN_POINT('',(0.257381672963,-0.1));
#5187 = CARTESIAN_POINT('',(0.172829842417,-1.E-01));
#5188 = CARTESIAN_POINT('',(8.686959007741E-02,-0.1));
#5189 = CARTESIAN_POINT('',(0.,-0.1));
#5190 = ( GEOMETRIC_REPRESENTATION_CONTEXT(2) 
PARAMETRIC_REPRESENTATION_CONTEXT() REPRESENTATION_CONTEXT('2D SPACE',''
  ) );
#5191 = ADVANCED_FACE('',(#5192),#101,.F.);
#5192 = FACE_BOUND('',#5193,.F.);
#5193 = EDGE_LOOP('',(#5194,#5219,#5242,#5263,#5264,#5265,#5292));
#5194 = ORIENTED_EDGE('',*,*,#5195,.T.);
#5195 = EDGE_CURVE('',#5196,#5198,#5200,.T.);
#5196 = VERTEX_POINT('',#5197);
#5197 = CARTESIAN_POINT('',(6.5,6.224949798994,22.));
#5198 = VERTEX_POINT('',#5199);
#5199 = CARTESIAN_POINT('',(6.5,6.224949798994,0.));
#5200 = SURFACE_CURVE('',#5201,(#5205,#5212),.PCURVE_S1.);
#5201 = LINE('',#5202,#5203);
#5202 = CARTESIAN_POINT('',(6.5,6.224949798994,22.));
#5203 = VECTOR('',#5204,1.);
#5204 = DIRECTION('',(0.,0.,-1.));
#5205 = PCURVE('',#101,#5206);
#5206 = DEFINITIONAL_REPRESENTATION('',(#5207),#5211);
#5207 = LINE('',#5208,#5209);
#5208 = CARTESIAN_POINT('',(21.,-6.224949798994));
#5209 = VECTOR('',#5210,1.);
#5210 = DIRECTION('',(-1.,0.));
#5211 = ( GEOMETRIC_REPRESENTATION_CONTEXT(2) 
PARAMETRIC_REPRESENTATION_CONTEXT() REPRESENTATION_CONTEXT('2D SPACE',''
  ) );
#5212 = PCURVE('',#161,#5213);
#5213 = DEFINITIONAL_REPRESENTATION('',(#5214),#5218);
#5214 = LINE('',#5215,#5216);
#5215 = CARTESIAN_POINT('',(7.046971803577,21.));
#5216 = VECTOR('',#5217,1.);
#5217 = DIRECTION('',(-0.,-1.));
#5218 = ( GEOMETRIC_REPRESENTATION_CONTEXT(2) 
PARAMETRIC_REPRESENTATION_CONTEXT() REPRESENTATION_CONTEXT('2D SPACE',''
  ) );
#5219 = ORIENTED_EDGE('',*,*,#5220,.T.);
#5220 = EDGE_CURVE('',#5198,#5221,#5223,.T.);
#5221 = VERTEX_POINT('',#5222);
#5222 = CARTESIAN_POINT('',(6.5,13.795379661321,0.));
#5223 = SURFACE_CURVE('',#5224,(#5228,#5235),.PCURVE_S1.);
#5224 = LINE('',#5225,#5226);
#5225 = CARTESIAN_POINT('',(6.5,0.,0.));
#5226 = VECTOR('',#5227,1.);
#5227 = DIRECTION('',(0.,1.,0.));
#5228 = PCURVE('',#101,#5229);
#5229 = DEFINITIONAL_REPRESENTATION('',(#5230),#5234);
#5230 = LINE('',#5231,#5232);
#5231 = CARTESIAN_POINT('',(-1.,0.));
#5232 = VECTOR('',#5233,1.);
#5233 = DIRECTION('',(0.,-1.));
#5234 = ( GEOMETRIC_REPRESENTATION_CONTEXT(2) 
PARAMETRIC_REPRESENTATION_CONTEXT() REPRESENTATION_CONTEXT('2D SPACE',''
  ) );
#5235 = PCURVE('',#189,#5236);
#5236 = DEFINITIONAL_REPRESENTATION('',(#5237),#5241);
#5237 = LINE('',#5238,#5239);
#5238 = CARTESIAN_POINT('',(6.5,0.));
#5239 = VECTOR('',#5240,1.);
#5240 = DIRECTION('',(0.,1.));
#5241 = ( GEOMETRIC_REPRESENTATION_CONTEXT(2) 
PARAMETRIC_REPRESENTATION_CONTEXT() REPRESENTATION_CONTEXT('2D SPACE',''
  ) );
#5242 = ORIENTED_EDGE('',*,*,#5243,.T.);
#5243 = EDGE_CURVE('',#5221,#598,#5244,.T.);
#5244 = SURFACE_CURVE('',#5245,(#5249,#5256),.PCURVE_S1.);
#5245 = LINE('',#5246,#5247);
#5246 = CARTESIAN_POINT('',(6.5,13.795379661321,0.));
#5247 = VECTOR('',#5248,1.);
#5248 = DIRECTION('',(0.,0.,1.));
#5249 = PCURVE('',#101,#5250);
#5250 = DEFINITIONAL_REPRESENTATION('',(#5251),#5255);
#5251 = LINE('',#5252,#5253);
#5252 = CARTESIAN_POINT('',(-1.,-13.79537966132));
#5253 = VECTOR('',#5254,1.);
#5254 = DIRECTION('',(1.,0.));
#5255 = ( GEOMETRIC_REPRESENTATION_CONTEXT(2) 
PARAMETRIC_REPRESENTATION_CONTEXT() REPRESENTATION_CONTEXT('2D SPACE',''
  ) );
#5256 = PCURVE('',#618,#5257);
#5257 = DEFINITIONAL_REPRESENTATION('',(#5258),#5262);
#5258 = LINE('',#5259,#5260);
#5259 = CARTESIAN_POINT('',(7.413661032159,0.));
#5260 = VECTOR('',#5261,1.);
#5261 = DIRECTION('',(0.,1.));
#5262 = ( GEOMETRIC_REPRESENTATION_CONTEXT(2) 
PARAMETRIC_REPRESENTATION_CONTEXT() REPRESENTATION_CONTEXT('2D SPACE',''
  ) );
#5263 = ORIENTED_EDGE('',*,*,#630,.F.);
#5264 = ORIENTED_EDGE('',*,*,#85,.T.);
#5265 = ORIENTED_EDGE('',*,*,#5266,.F.);
#5266 = EDGE_CURVE('',#5267,#86,#5269,.T.);
#5267 = VERTEX_POINT('',#5268);
#5268 = CARTESIAN_POINT('',(6.5,8.499411744351,22.));
#5269 = SURFACE_CURVE('',#5270,(#5275,#5282),.PCURVE_S1.);
#5270 = HYPERBOLA('',#5271,6.5,6.5);
#5271 = AXIS2_PLACEMENT_3D('',#5272,#5273,#5274);
#5272 = CARTESIAN_POINT('',(6.5,0.,32.7));
#5273 = DIRECTION('',(1.,0.,0.));
#5274 = DIRECTION('',(0.,0.,-1.));
#5275 = PCURVE('',#101,#5276);
#5276 = DEFINITIONAL_REPRESENTATION('',(#5277),#5281);
#5277 = HYPERBOLA('',#5278,6.5,6.5);
#5278 = AXIS2_PLACEMENT_2D('',#5279,#5280);
#5279 = CARTESIAN_POINT('',(31.7,0.));
#5280 = DIRECTION('',(-1.,0.));
#5281 = ( GEOMETRIC_REPRESENTATION_CONTEXT(2) 
PARAMETRIC_REPRESENTATION_CONTEXT() REPRESENTATION_CONTEXT('2D SPACE',''
  ) );
#5282 = PCURVE('',#128,#5283);
#5283 = DEFINITIONAL_REPRESENTATION('',(#5284),#5291);
#5284 = B_SPLINE_CURVE_WITH_KNOTS('',5,(#5285,#5286,#5287,#5288,#5289,
    #5290),.UNSPECIFIED.,.F.,.F.,(6,6),(1.083077463348,1.150736376636),
  .PIECEWISE_BEZIER_KNOTS.);
#5285 = CARTESIAN_POINT('',(-7.20110160699,-0.6));
#5286 = CARTESIAN_POINT('',(-7.209321848791,-0.484987807558));
#5287 = CARTESIAN_POINT('',(-7.217431643385,-0.367526530375));
#5288 = CARTESIAN_POINT('',(-7.225431812234,-0.247572293692));
#5289 = CARTESIAN_POINT('',(-7.233323278901,-0.125079355144));
#5290 = CARTESIAN_POINT('',(-7.241107047686,-8.881784197001E-16));
#5291 = ( GEOMETRIC_REPRESENTATION_CONTEXT(2) 
PARAMETRIC_REPRESENTATION_CONTEXT() REPRESENTATION_CONTEXT('2D SPACE',''
  ) );
#5292 = ORIENTED_EDGE('',*,*,#5293,.F.);
#5293 = EDGE_CURVE('',#5196,#5267,#5294,.T.);
#5294 = SURFACE_CURVE('',#5295,(#5299,#5306),.PCURVE_S1.);
#5295 = LINE('',#5296,#5297);
#5296 = CARTESIAN_POINT('',(6.5,0.,22.));
#5297 = VECTOR('',#5298,1.);
#5298 = DIRECTION('',(0.,1.,0.));
#5299 = PCURVE('',#101,#5300);
#5300 = DEFINITIONAL_REPRESENTATION('',(#5301),#5305);
#5301 = LINE('',#5302,#5303);
#5302 = CARTESIAN_POINT('',(21.,0.));
#5303 = VECTOR('',#5304,1.);
#5304 = DIRECTION('',(0.,-1.));
#5305 = ( GEOMETRIC_REPRESENTATION_CONTEXT(2) 
PARAMETRIC_REPRESENTATION_CONTEXT() REPRESENTATION_CONTEXT('2D SPACE',''
  ) );
#5306 = PCURVE('',#292,#5307);
#5307 = DEFINITIONAL_REPRESENTATION('',(#5308),#5312);
#5308 = LINE('',#5309,#5310);
#5309 = CARTESIAN_POINT('',(6.5,0.));
#5310 = VECTOR('',#5311,1.);
#5311 = DIRECTION('',(0.,1.));
#5312 = ( GEOMETRIC_REPRESENTATION_CONTEXT(2) 
PARAMETRIC_REPRESENTATION_CONTEXT() REPRESENTATION_CONTEXT('2D SPACE',''
  ) );
#5313 = ADVANCED_FACE('',(#5314),#128,.T.);
#5314 = FACE_BOUND('',#5315,.T.);
#5315 = EDGE_LOOP('',(#5316,#5317,#5318,#5344));
#5316 = ORIENTED_EDGE('',*,*,#113,.F.);
#5317 = ORIENTED_EDGE('',*,*,#5266,.F.);
#5318 = ORIENTED_EDGE('',*,*,#5319,.T.);
#5319 = EDGE_CURVE('',#5267,#252,#5320,.T.);
#5320 = SURFACE_CURVE('',#5321,(#5326,#5333),.PCURVE_S1.);
#5321 = CIRCLE('',#5322,10.7);
#5322 = AXIS2_PLACEMENT_3D('',#5323,#5324,#5325);
#5323 = CARTESIAN_POINT('',(0.,0.,22.));
#5324 = DIRECTION('',(0.,0.,-1.));
#5325 = DIRECTION('',(0.607476635514,0.794337546201,0.));
#5326 = PCURVE('',#128,#5327);
#5327 = DEFINITIONAL_REPRESENTATION('',(#5328),#5332);
#5328 = LINE('',#5329,#5330);
#5329 = CARTESIAN_POINT('',(-7.20110160699,-0.6));
#5330 = VECTOR('',#5331,1.);
#5331 = DIRECTION('',(1.,-0.));
#5332 = ( GEOMETRIC_REPRESENTATION_CONTEXT(2) 
PARAMETRIC_REPRESENTATION_CONTEXT() REPRESENTATION_CONTEXT('2D SPACE',''
  ) );
#5333 = PCURVE('',#292,#5334);
#5334 = DEFINITIONAL_REPRESENTATION('',(#5335),#5343);
#5335 = ( BOUNDED_CURVE() B_SPLINE_CURVE(2,(#5336,#5337,#5338,#5339,
#5340,#5341,#5342),.UNSPECIFIED.,.T.,.F.) B_SPLINE_CURVE_WITH_KNOTS((1,2
    ,2,2,2,1),(-2.094395102393,0.,2.094395102393,4.188790204786,
6.28318530718,8.377580409573),.UNSPECIFIED.) CURVE() 
GEOMETRIC_REPRESENTATION_ITEM() RATIONAL_B_SPLINE_CURVE((1.,0.5,1.,0.5,
1.,0.5,1.)) REPRESENTATION_ITEM('') );
#5336 = CARTESIAN_POINT('',(6.5,8.499411744351));
#5337 = CARTESIAN_POINT('',(21.221412975662,-2.758918504846));
#5338 = CARTESIAN_POINT('',(4.110706487832,-9.878870996774));
#5339 = CARTESIAN_POINT('',(-12.99999999999,-16.9988234887));
#5340 = CARTESIAN_POINT('',(-10.61070648783,1.379459252423));
#5341 = CARTESIAN_POINT('',(-8.221412975663,19.757741993548));
#5342 = CARTESIAN_POINT('',(6.5,8.499411744351));
#5343 = ( GEOMETRIC_REPRESENTATION_CONTEXT(2) 
PARAMETRIC_REPRESENTATION_CONTEXT() REPRESENTATION_CONTEXT('2D SPACE',''
  ) );
#5344 = ORIENTED_EDGE('',*,*,#251,.T.);
#5345 = ADVANCED_FACE('',(#5346),#161,.F.);
#5346 = FACE_BOUND('',#5347,.F.);
#5347 = EDGE_LOOP('',(#5348,#5349,#5375,#5376));
#5348 = ORIENTED_EDGE('',*,*,#5195,.F.);
#5349 = ORIENTED_EDGE('',*,*,#5350,.T.);
#5350 = EDGE_CURVE('',#5196,#144,#5351,.T.);
#5351 = SURFACE_CURVE('',#5352,(#5357,#5364),.PCURVE_S1.);
#5352 = CIRCLE('',#5353,9.);
#5353 = AXIS2_PLACEMENT_3D('',#5354,#5355,#5356);
#5354 = CARTESIAN_POINT('',(0.,0.,22.));
#5355 = DIRECTION('',(0.,0.,-1.));
#5356 = DIRECTION('',(0.722222222222,0.691661088777,0.));
#5357 = PCURVE('',#161,#5358);
#5358 = DEFINITIONAL_REPRESENTATION('',(#5359),#5363);
#5359 = LINE('',#5360,#5361);
#5360 = CARTESIAN_POINT('',(7.046971803577,21.));
#5361 = VECTOR('',#5362,1.);
#5362 = DIRECTION('',(-1.,-0.));
#5363 = ( GEOMETRIC_REPRESENTATION_CONTEXT(2) 
PARAMETRIC_REPRESENTATION_CONTEXT() REPRESENTATION_CONTEXT('2D SPACE',''
  ) );
#5364 = PCURVE('',#292,#5365);
#5365 = DEFINITIONAL_REPRESENTATION('',(#5366),#5374);
#5366 = ( BOUNDED_CURVE() B_SPLINE_CURVE(2,(#5367,#5368,#5369,#5370,
#5371,#5372,#5373),.UNSPECIFIED.,.T.,.F.) B_SPLINE_CURVE_WITH_KNOTS((1,2
    ,2,2,2,1),(-2.094395102393,0.,2.094395102393,4.188790204786,
6.28318530718,8.377580409573),.UNSPECIFIED.) CURVE() 
GEOMETRIC_REPRESENTATION_ITEM() RATIONAL_B_SPLINE_CURVE((1.,0.5,1.,0.5,
1.,0.5,1.)) REPRESENTATION_ITEM('') );
#5367 = CARTESIAN_POINT('',(6.5,6.224949798994));
#5368 = CARTESIAN_POINT('',(17.281929326424,-5.033380450203));
#5369 = CARTESIAN_POINT('',(2.140964663212,-8.741640024096));
#5370 = CARTESIAN_POINT('',(-13.,-12.44989959798));
#5371 = CARTESIAN_POINT('',(-8.640964663212,2.516690225102));
#5372 = CARTESIAN_POINT('',(-4.281929326424,17.483280048192));
#5373 = CARTESIAN_POINT('',(6.5,6.224949798994));
#5374 = ( GEOMETRIC_REPRESENTATION_CONTEXT(2) 
PARAMETRIC_REPRESENTATION_CONTEXT() REPRESENTATION_CONTEXT('2D SPACE',''
  ) );
#5375 = ORIENTED_EDGE('',*,*,#143,.T.);
#5376 = ORIENTED_EDGE('',*,*,#5377,.T.);
#5377 = EDGE_CURVE('',#146,#5198,#5378,.T.);
#5378 = SURFACE_CURVE('',#5379,(#5384,#5391),.PCURVE_S1.);
#5379 = CIRCLE('',#5380,9.);
#5380 = AXIS2_PLACEMENT_3D('',#5381,#5382,#5383);
#5381 = CARTESIAN_POINT('',(0.,0.,0.));
#5382 = DIRECTION('',(0.,0.,1.));
#5383 = DIRECTION('',(-0.722222222222,0.691661088777,0.));
#5384 = PCURVE('',#161,#5385);
#5385 = DEFINITIONAL_REPRESENTATION('',(#5386),#5390);
#5386 = LINE('',#5387,#5388);
#5387 = CARTESIAN_POINT('',(2.377806157192,-1.));
#5388 = VECTOR('',#5389,1.);
#5389 = DIRECTION('',(1.,0.));
#5390 = ( GEOMETRIC_REPRESENTATION_CONTEXT(2) 
PARAMETRIC_REPRESENTATION_CONTEXT() REPRESENTATION_CONTEXT('2D SPACE',''
  ) );
#5391 = PCURVE('',#189,#5392);
#5392 = DEFINITIONAL_REPRESENTATION('',(#5393),#5397);
#5393 = CIRCLE('',#5394,9.);
#5394 = AXIS2_PLACEMENT_2D('',#5395,#5396);
#5395 = CARTESIAN_POINT('',(0.,0.));
#5396 = DIRECTION('',(-0.722222222222,0.691661088777));
#5397 = ( GEOMETRIC_REPRESENTATION_CONTEXT(2) 
PARAMETRIC_REPRESENTATION_CONTEXT() REPRESENTATION_CONTEXT('2D SPACE',''
  ) );
#5398 = ADVANCED_FACE('',(#5399),#189,.F.);
#5399 = FACE_BOUND('',#5400,.F.);
#5400 = EDGE_LOOP('',(#5401,#5402,#5426,#5449,#5473,#5496,#5524,#5547,
    #5571,#5594,#5618,#5641,#5663,#5664));
#5401 = ORIENTED_EDGE('',*,*,#173,.T.);
#5402 = ORIENTED_EDGE('',*,*,#5403,.T.);
#5403 = EDGE_CURVE('',#174,#5404,#5406,.T.);
#5404 = VERTEX_POINT('',#5405);
#5405 = CARTESIAN_POINT('',(-7.54983443527,-13.25,0.));
#5406 = SURFACE_CURVE('',#5407,(#5412,#5419),.PCURVE_S1.);
#5407 = CIRCLE('',#5408,15.25);
#5408 = AXIS2_PLACEMENT_3D('',#5409,#5410,#5411);
#5409 = CARTESIAN_POINT('',(0.,0.,0.));
#5410 = DIRECTION('',(0.,0.,1.));
#5411 = DIRECTION('',(-0.426229508197,0.904615059759,0.));
#5412 = PCURVE('',#189,#5413);
#5413 = DEFINITIONAL_REPRESENTATION('',(#5414),#5418);
#5414 = CIRCLE('',#5415,15.25);
#5415 = AXIS2_PLACEMENT_2D('',#5416,#5417);
#5416 = CARTESIAN_POINT('',(0.,0.));
#5417 = DIRECTION('',(-0.426229508197,0.904615059759));
#5418 = ( GEOMETRIC_REPRESENTATION_CONTEXT(2) 
PARAMETRIC_REPRESENTATION_CONTEXT() REPRESENTATION_CONTEXT('2D SPACE',''
  ) );
#5419 = PCURVE('',#217,#5420);
#5420 = DEFINITIONAL_REPRESENTATION('',(#5421),#5425);
#5421 = LINE('',#5422,#5423);
#5422 = CARTESIAN_POINT('',(2.01111692861,0.));
#5423 = VECTOR('',#5424,1.);
#5424 = DIRECTION('',(1.,0.));
#5425 = ( GEOMETRIC_REPRESENTATION_CONTEXT(2) 
PARAMETRIC_REPRESENTATION_CONTEXT() REPRESENTATION_CONTEXT('2D SPACE',''
  ) );
#5426 = ORIENTED_EDGE('',*,*,#5427,.T.);
#5427 = EDGE_CURVE('',#5404,#5428,#5430,.T.);
#5428 = VERTEX_POINT('',#5429);
#5429 = CARTESIAN_POINT('',(-11.,-13.25,0.));
#5430 = SURFACE_CURVE('',#5431,(#5435,#5442),.PCURVE_S1.);
#5431 = LINE('',#5432,#5433);
#5432 = CARTESIAN_POINT('',(12.,-13.25,0.));
#5433 = VECTOR('',#5434,1.);
#5434 = DIRECTION('',(-1.,0.,0.));
#5435 = PCURVE('',#189,#5436);
#5436 = DEFINITIONAL_REPRESENTATION('',(#5437),#5441);
#5437 = LINE('',#5438,#5439);
#5438 = CARTESIAN_POINT('',(12.,-13.25));
#5439 = VECTOR('',#5440,1.);
#5440 = DIRECTION('',(-1.,0.));
#5441 = ( GEOMETRIC_REPRESENTATION_CONTEXT(2) 
PARAMETRIC_REPRESENTATION_CONTEXT() REPRESENTATION_CONTEXT('2D SPACE',''
  ) );
#5442 = PCURVE('',#353,#5443);
#5443 = DEFINITIONAL_REPRESENTATION('',(#5444),#5448);
#5444 = LINE('',#5445,#5446);
#5445 = CARTESIAN_POINT('',(0.,-0.));
#5446 = VECTOR('',#5447,1.);
#5447 = DIRECTION('',(1.,0.));
#5448 = ( GEOMETRIC_REPRESENTATION_CONTEXT(2) 
PARAMETRIC_REPRESENTATION_CONTEXT() REPRESENTATION_CONTEXT('2D SPACE',''
  ) );
#5449 = ORIENTED_EDGE('',*,*,#5450,.T.);
#5450 = EDGE_CURVE('',#5428,#5451,#5453,.T.);
#5451 = VERTEX_POINT('',#5452);
#5452 = CARTESIAN_POINT('',(-12.,-14.25,0.));
#5453 = SURFACE_CURVE('',#5454,(#5459,#5466),.PCURVE_S1.);
#5454 = CIRCLE('',#5455,1.);
#5455 = AXIS2_PLACEMENT_3D('',#5456,#5457,#5458);
#5456 = CARTESIAN_POINT('',(-11.,-14.25,0.));
#5457 = DIRECTION('',(0.,0.,1.));
#5458 = DIRECTION('',(0.,-1.,0.));
#5459 = PCURVE('',#189,#5460);
#5460 = DEFINITIONAL_REPRESENTATION('',(#5461),#5465);
#5461 = CIRCLE('',#5462,1.);
#5462 = AXIS2_PLACEMENT_2D('',#5463,#5464);
#5463 = CARTESIAN_POINT('',(-11.,-14.25));
#5464 = DIRECTION('',(0.,-1.));
#5465 = ( GEOMETRIC_REPRESENTATION_CONTEXT(2) 
PARAMETRIC_REPRESENTATION_CONTEXT() REPRESENTATION_CONTEXT('2D SPACE',''
  ) );
#5466 = PCURVE('',#382,#5467);
#5467 = DEFINITIONAL_REPRESENTATION('',(#5468),#5472);
#5468 = LINE('',#5469,#5470);
#5469 = CARTESIAN_POINT('',(-3.14159265359,0.));
#5470 = VECTOR('',#5471,1.);
#5471 = DIRECTION('',(1.,0.));
#5472 = ( GEOMETRIC_REPRESENTATION_CONTEXT(2) 
PARAMETRIC_REPRESENTATION_CONTEXT() REPRESENTATION_CONTEXT('2D SPACE',''
  ) );
#5473 = ORIENTED_EDGE('',*,*,#5474,.T.);
#5474 = EDGE_CURVE('',#5451,#5475,#5477,.T.);
#5475 = VERTEX_POINT('',#5476);
#5476 = CARTESIAN_POINT('',(-12.,-26.25,0.));
#5477 = SURFACE_CURVE('',#5478,(#5482,#5489),.PCURVE_S1.);
#5478 = LINE('',#5479,#5480);
#5479 = CARTESIAN_POINT('',(-12.,-13.25,0.));
#5480 = VECTOR('',#5481,1.);
#5481 = DIRECTION('',(0.,-1.,0.));
#5482 = PCURVE('',#189,#5483);
#5483 = DEFINITIONAL_REPRESENTATION('',(#5484),#5488);
#5484 = LINE('',#5485,#5486);
#5485 = CARTESIAN_POINT('',(-12.,-13.25));
#5486 = VECTOR('',#5487,1.);
#5487 = DIRECTION('',(0.,-1.));
#5488 = ( GEOMETRIC_REPRESENTATION_CONTEXT(2) 
PARAMETRIC_REPRESENTATION_CONTEXT() REPRESENTATION_CONTEXT('2D SPACE',''
  ) );
#5489 = PCURVE('',#410,#5490);
#5490 = DEFINITIONAL_REPRESENTATION('',(#5491),#5495);
#5491 = LINE('',#5492,#5493);
#5492 = CARTESIAN_POINT('',(0.,0.));
#5493 = VECTOR('',#5494,1.);
#5494 = DIRECTION('',(1.,0.));
#5495 = ( GEOMETRIC_REPRESENTATION_CONTEXT(2) 
PARAMETRIC_REPRESENTATION_CONTEXT() REPRESENTATION_CONTEXT('2D SPACE',''
  ) );
#5496 = ORIENTED_EDGE('',*,*,#5497,.F.);
#5497 = EDGE_CURVE('',#5498,#5475,#5500,.T.);
#5498 = VERTEX_POINT('',#5499);
#5499 = CARTESIAN_POINT('',(-11.,-27.25,0.));
#5500 = SURFACE_CURVE('',#5501,(#5506,#5517),.PCURVE_S1.);
#5501 = CIRCLE('',#5502,1.);
#5502 = AXIS2_PLACEMENT_3D('',#5503,#5504,#5505);
#5503 = CARTESIAN_POINT('',(-11.,-26.25,0.));
#5504 = DIRECTION('',(-0.,-0.,-1.));
#5505 = DIRECTION('',(0.,-1.,0.));
#5506 = PCURVE('',#189,#5507);
#5507 = DEFINITIONAL_REPRESENTATION('',(#5508),#5516);
#5508 = ( BOUNDED_CURVE() B_SPLINE_CURVE(2,(#5509,#5510,#5511,#5512,
#5513,#5514,#5515),.UNSPECIFIED.,.T.,.F.) B_SPLINE_CURVE_WITH_KNOTS((1,2
    ,2,2,2,1),(-2.094395102393,0.,2.094395102393,4.188790204786,
6.28318530718,8.377580409573),.UNSPECIFIED.) CURVE() 
GEOMETRIC_REPRESENTATION_ITEM() RATIONAL_B_SPLINE_CURVE((1.,0.5,1.,0.5,
1.,0.5,1.)) REPRESENTATION_ITEM('') );
#5509 = CARTESIAN_POINT('',(-11.,-27.25));
#5510 = CARTESIAN_POINT('',(-12.73205080756,-27.25));
#5511 = CARTESIAN_POINT('',(-11.86602540378,-25.75));
#5512 = CARTESIAN_POINT('',(-11.,-24.25));
#5513 = CARTESIAN_POINT('',(-10.13397459621,-25.75));
#5514 = CARTESIAN_POINT('',(-9.267949192431,-27.25));
#5515 = CARTESIAN_POINT('',(-11.,-27.25));
#5516 = ( GEOMETRIC_REPRESENTATION_CONTEXT(2) 
PARAMETRIC_REPRESENTATION_CONTEXT() REPRESENTATION_CONTEXT('2D SPACE',''
  ) );
#5517 = PCURVE('',#443,#5518);
#5518 = DEFINITIONAL_REPRESENTATION('',(#5519),#5523);
#5519 = LINE('',#5520,#5521);
#5520 = CARTESIAN_POINT('',(-0.,0.));
#5521 = VECTOR('',#5522,1.);
#5522 = DIRECTION('',(-1.,0.));
#5523 = ( GEOMETRIC_REPRESENTATION_CONTEXT(2) 
PARAMETRIC_REPRESENTATION_CONTEXT() REPRESENTATION_CONTEXT('2D SPACE',''
  ) );
#5524 = ORIENTED_EDGE('',*,*,#5525,.T.);
#5525 = EDGE_CURVE('',#5498,#5526,#5528,.T.);
#5526 = VERTEX_POINT('',#5527);
#5527 = CARTESIAN_POINT('',(11.,-27.25,0.));
#5528 = SURFACE_CURVE('',#5529,(#5533,#5540),.PCURVE_S1.);
#5529 = LINE('',#5530,#5531);
#5530 = CARTESIAN_POINT('',(-12.,-27.25,0.));
#5531 = VECTOR('',#5532,1.);
#5532 = DIRECTION('',(1.,0.,0.));
#5533 = PCURVE('',#189,#5534);
#5534 = DEFINITIONAL_REPRESENTATION('',(#5535),#5539);
#5535 = LINE('',#5536,#5537);
#5536 = CARTESIAN_POINT('',(-12.,-27.25));
#5537 = VECTOR('',#5538,1.);
#5538 = DIRECTION('',(1.,0.));
#5539 = ( GEOMETRIC_REPRESENTATION_CONTEXT(2) 
PARAMETRIC_REPRESENTATION_CONTEXT() REPRESENTATION_CONTEXT('2D SPACE',''
  ) );
#5540 = PCURVE('',#471,#5541);
#5541 = DEFINITIONAL_REPRESENTATION('',(#5542),#5546);
#5542 = LINE('',#5543,#5544);
#5543 = CARTESIAN_POINT('',(0.,0.));
#5544 = VECTOR('',#5545,1.);
#5545 = DIRECTION('',(1.,0.));
#5546 = ( GEOMETRIC_REPRESENTATION_CONTEXT(2) 
PARAMETRIC_REPRESENTATION_CONTEXT() REPRESENTATION_CONTEXT('2D SPACE',''
  ) );
#5547 = ORIENTED_EDGE('',*,*,#5548,.T.);
#5548 = EDGE_CURVE('',#5526,#5549,#5551,.T.);
#5549 = VERTEX_POINT('',#5550);
#5550 = CARTESIAN_POINT('',(12.,-26.25,0.));
#5551 = SURFACE_CURVE('',#5552,(#5557,#5564),.PCURVE_S1.);
#5552 = CIRCLE('',#5553,1.);
#5553 = AXIS2_PLACEMENT_3D('',#5554,#5555,#5556);
#5554 = CARTESIAN_POINT('',(11.,-26.25,0.));
#5555 = DIRECTION('',(0.,0.,1.));
#5556 = DIRECTION('',(0.,-1.,0.));
#5557 = PCURVE('',#189,#5558);
#5558 = DEFINITIONAL_REPRESENTATION('',(#5559),#5563);
#5559 = CIRCLE('',#5560,1.);
#5560 = AXIS2_PLACEMENT_2D('',#5561,#5562);
#5561 = CARTESIAN_POINT('',(11.,-26.25));
#5562 = DIRECTION('',(0.,-1.));
#5563 = ( GEOMETRIC_REPRESENTATION_CONTEXT(2) 
PARAMETRIC_REPRESENTATION_CONTEXT() REPRESENTATION_CONTEXT('2D SPACE',''
  ) );
#5564 = PCURVE('',#500,#5565);
#5565 = DEFINITIONAL_REPRESENTATION('',(#5566),#5570);
#5566 = LINE('',#5567,#5568);
#5567 = CARTESIAN_POINT('',(0.,0.));
#5568 = VECTOR('',#5569,1.);
#5569 = DIRECTION('',(1.,0.));
#5570 = ( GEOMETRIC_REPRESENTATION_CONTEXT(2) 
PARAMETRIC_REPRESENTATION_CONTEXT() REPRESENTATION_CONTEXT('2D SPACE',''
  ) );
#5571 = ORIENTED_EDGE('',*,*,#5572,.T.);
#5572 = EDGE_CURVE('',#5549,#5573,#5575,.T.);
#5573 = VERTEX_POINT('',#5574);
#5574 = CARTESIAN_POINT('',(12.,-14.25,0.));
#5575 = SURFACE_CURVE('',#5576,(#5580,#5587),.PCURVE_S1.);
#5576 = LINE('',#5577,#5578);
#5577 = CARTESIAN_POINT('',(12.,-27.25,0.));
#5578 = VECTOR('',#5579,1.);
#5579 = DIRECTION('',(0.,1.,0.));
#5580 = PCURVE('',#189,#5581);
#5581 = DEFINITIONAL_REPRESENTATION('',(#5582),#5586);
#5582 = LINE('',#5583,#5584);
#5583 = CARTESIAN_POINT('',(12.,-27.25));
#5584 = VECTOR('',#5585,1.);
#5585 = DIRECTION('',(0.,1.));
#5586 = ( GEOMETRIC_REPRESENTATION_CONTEXT(2) 
PARAMETRIC_REPRESENTATION_CONTEXT() REPRESENTATION_CONTEXT('2D SPACE',''
  ) );
#5587 = PCURVE('',#528,#5588);
#5588 = DEFINITIONAL_REPRESENTATION('',(#5589),#5593);
#5589 = LINE('',#5590,#5591);
#5590 = CARTESIAN_POINT('',(0.,0.));
#5591 = VECTOR('',#5592,1.);
#5592 = DIRECTION('',(1.,0.));
#5593 = ( GEOMETRIC_REPRESENTATION_CONTEXT(2) 
PARAMETRIC_REPRESENTATION_CONTEXT() REPRESENTATION_CONTEXT('2D SPACE',''
  ) );
#5594 = ORIENTED_EDGE('',*,*,#5595,.T.);
#5595 = EDGE_CURVE('',#5573,#5596,#5598,.T.);
#5596 = VERTEX_POINT('',#5597);
#5597 = CARTESIAN_POINT('',(11.,-13.25,0.));
#5598 = SURFACE_CURVE('',#5599,(#5604,#5611),.PCURVE_S1.);
#5599 = CIRCLE('',#5600,1.);
#5600 = AXIS2_PLACEMENT_3D('',#5601,#5602,#5603);
#5601 = CARTESIAN_POINT('',(11.,-14.25,0.));
#5602 = DIRECTION('',(0.,0.,1.));
#5603 = DIRECTION('',(0.,-1.,0.));
#5604 = PCURVE('',#189,#5605);
#5605 = DEFINITIONAL_REPRESENTATION('',(#5606),#5610);
#5606 = CIRCLE('',#5607,1.);
#5607 = AXIS2_PLACEMENT_2D('',#5608,#5609);
#5608 = CARTESIAN_POINT('',(11.,-14.25));
#5609 = DIRECTION('',(0.,-1.));
#5610 = ( GEOMETRIC_REPRESENTATION_CONTEXT(2) 
PARAMETRIC_REPRESENTATION_CONTEXT() REPRESENTATION_CONTEXT('2D SPACE',''
  ) );
#5611 = PCURVE('',#557,#5612);
#5612 = DEFINITIONAL_REPRESENTATION('',(#5613),#5617);
#5613 = LINE('',#5614,#5615);
#5614 = CARTESIAN_POINT('',(-1.570796326795,0.));
#5615 = VECTOR('',#5616,1.);
#5616 = DIRECTION('',(1.,0.));
#5617 = ( GEOMETRIC_REPRESENTATION_CONTEXT(2) 
PARAMETRIC_REPRESENTATION_CONTEXT() REPRESENTATION_CONTEXT('2D SPACE',''
  ) );
#5618 = ORIENTED_EDGE('',*,*,#5619,.T.);
#5619 = EDGE_CURVE('',#5596,#5620,#5622,.T.);
#5620 = VERTEX_POINT('',#5621);
#5621 = CARTESIAN_POINT('',(7.54983443527,-13.25,0.));
#5622 = SURFACE_CURVE('',#5623,(#5627,#5634),.PCURVE_S1.);
#5623 = LINE('',#5624,#5625);
#5624 = CARTESIAN_POINT('',(12.,-13.25,0.));
#5625 = VECTOR('',#5626,1.);
#5626 = DIRECTION('',(-1.,0.,0.));
#5627 = PCURVE('',#189,#5628);
#5628 = DEFINITIONAL_REPRESENTATION('',(#5629),#5633);
#5629 = LINE('',#5630,#5631);
#5630 = CARTESIAN_POINT('',(12.,-13.25));
#5631 = VECTOR('',#5632,1.);
#5632 = DIRECTION('',(-1.,0.));
#5633 = ( GEOMETRIC_REPRESENTATION_CONTEXT(2) 
PARAMETRIC_REPRESENTATION_CONTEXT() REPRESENTATION_CONTEXT('2D SPACE',''
  ) );
#5634 = PCURVE('',#585,#5635);
#5635 = DEFINITIONAL_REPRESENTATION('',(#5636),#5640);
#5636 = LINE('',#5637,#5638);
#5637 = CARTESIAN_POINT('',(0.,-0.));
#5638 = VECTOR('',#5639,1.);
#5639 = DIRECTION('',(1.,0.));
#5640 = ( GEOMETRIC_REPRESENTATION_CONTEXT(2) 
PARAMETRIC_REPRESENTATION_CONTEXT() REPRESENTATION_CONTEXT('2D SPACE',''
  ) );
#5641 = ORIENTED_EDGE('',*,*,#5642,.T.);
#5642 = EDGE_CURVE('',#5620,#5221,#5643,.T.);
#5643 = SURFACE_CURVE('',#5644,(#5649,#5656),.PCURVE_S1.);
#5644 = CIRCLE('',#5645,15.25);
#5645 = AXIS2_PLACEMENT_3D('',#5646,#5647,#5648);
#5646 = CARTESIAN_POINT('',(0.,0.,0.));
#5647 = DIRECTION('',(0.,0.,1.));
#5648 = DIRECTION('',(-0.426229508197,0.904615059759,0.));
#5649 = PCURVE('',#189,#5650);
#5650 = DEFINITIONAL_REPRESENTATION('',(#5651),#5655);
#5651 = CIRCLE('',#5652,15.25);
#5652 = AXIS2_PLACEMENT_2D('',#5653,#5654);
#5653 = CARTESIAN_POINT('',(0.,0.));
#5654 = DIRECTION('',(-0.426229508197,0.904615059759));
#5655 = ( GEOMETRIC_REPRESENTATION_CONTEXT(2) 
PARAMETRIC_REPRESENTATION_CONTEXT() REPRESENTATION_CONTEXT('2D SPACE',''
  ) );
#5656 = PCURVE('',#618,#5657);
#5657 = DEFINITIONAL_REPRESENTATION('',(#5658),#5662);
#5658 = LINE('',#5659,#5660);
#5659 = CARTESIAN_POINT('',(2.01111692861,0.));
#5660 = VECTOR('',#5661,1.);
#5661 = DIRECTION('',(1.,0.));
#5662 = ( GEOMETRIC_REPRESENTATION_CONTEXT(2) 
PARAMETRIC_REPRESENTATION_CONTEXT() REPRESENTATION_CONTEXT('2D SPACE',''
  ) );
#5663 = ORIENTED_EDGE('',*,*,#5220,.F.);
#5664 = ORIENTED_EDGE('',*,*,#5377,.F.);
#5665 = ADVANCED_FACE('',(#5666),#217,.T.);
#5666 = FACE_BOUND('',#5667,.T.);
#5667 = EDGE_LOOP('',(#5668,#5669,#5670,#5689));
#5668 = ORIENTED_EDGE('',*,*,#201,.F.);
#5669 = ORIENTED_EDGE('',*,*,#5403,.T.);
#5670 = ORIENTED_EDGE('',*,*,#5671,.T.);
#5671 = EDGE_CURVE('',#5404,#310,#5672,.T.);
#5672 = SURFACE_CURVE('',#5673,(#5677,#5683),.PCURVE_S1.);
#5673 = LINE('',#5674,#5675);
#5674 = CARTESIAN_POINT('',(-7.549834435271,-13.25,0.));
#5675 = VECTOR('',#5676,1.);
#5676 = DIRECTION('',(0.,0.,1.));
#5677 = PCURVE('',#217,#5678);
#5678 = DEFINITIONAL_REPRESENTATION('',(#5679),#5682);
#5679 = B_SPLINE_CURVE_WITH_KNOTS('',1,(#5680,#5681),.UNSPECIFIED.,.F.,
  .F.,(2,2),(-6.E-07,2.0000006),.PIECEWISE_BEZIER_KNOTS.);
#5680 = CARTESIAN_POINT('',(4.194472306489,-6.E-07));
#5681 = CARTESIAN_POINT('',(4.194472306489,2.0000006));
#5682 = ( GEOMETRIC_REPRESENTATION_CONTEXT(2) 
PARAMETRIC_REPRESENTATION_CONTEXT() REPRESENTATION_CONTEXT('2D SPACE',''
  ) );
#5683 = PCURVE('',#353,#5684);
#5684 = DEFINITIONAL_REPRESENTATION('',(#5685),#5688);
#5685 = B_SPLINE_CURVE_WITH_KNOTS('',1,(#5686,#5687),.UNSPECIFIED.,.F.,
  .F.,(2,2),(-6.E-07,2.0000006),.PIECEWISE_BEZIER_KNOTS.);
#5686 = CARTESIAN_POINT('',(19.549834435271,6.E-07));
#5687 = CARTESIAN_POINT('',(19.549834435271,-2.0000006));
#5688 = ( GEOMETRIC_REPRESENTATION_CONTEXT(2) 
PARAMETRIC_REPRESENTATION_CONTEXT() REPRESENTATION_CONTEXT('2D SPACE',''
  ) );
#5689 = ORIENTED_EDGE('',*,*,#309,.T.);
#5690 = ADVANCED_FACE('',(#5691),#292,.T.);
#5691 = FACE_BOUND('',#5692,.T.);
#5692 = EDGE_LOOP('',(#5693,#5694,#5695,#5696));
#5693 = ORIENTED_EDGE('',*,*,#5350,.T.);
#5694 = ORIENTED_EDGE('',*,*,#278,.T.);
#5695 = ORIENTED_EDGE('',*,*,#5319,.F.);
#5696 = ORIENTED_EDGE('',*,*,#5293,.F.);
#5697 = ADVANCED_FACE('',(#5698),#618,.T.);
#5698 = FACE_BOUND('',#5699,.T.);
#5699 = EDGE_LOOP('',(#5700,#5719,#5720,#5721));
#5700 = ORIENTED_EDGE('',*,*,#5701,.F.);
#5701 = EDGE_CURVE('',#5620,#570,#5702,.T.);
#5702 = SURFACE_CURVE('',#5703,(#5707,#5713),.PCURVE_S1.);
#5703 = LINE('',#5704,#5705);
#5704 = CARTESIAN_POINT('',(7.549834435271,-13.25,0.));
#5705 = VECTOR('',#5706,1.);
#5706 = DIRECTION('',(0.,0.,1.));
#5707 = PCURVE('',#618,#5708);
#5708 = DEFINITIONAL_REPRESENTATION('',(#5709),#5712);
#5709 = B_SPLINE_CURVE_WITH_KNOTS('',1,(#5710,#5711),.UNSPECIFIED.,.F.,
  .F.,(2,2),(-6.E-07,2.0000006),.PIECEWISE_BEZIER_KNOTS.);
#5710 = CARTESIAN_POINT('',(5.23030565428,-6.E-07));
#5711 = CARTESIAN_POINT('',(5.23030565428,2.0000006));
#5712 = ( GEOMETRIC_REPRESENTATION_CONTEXT(2) 
PARAMETRIC_REPRESENTATION_CONTEXT() REPRESENTATION_CONTEXT('2D SPACE',''
  ) );
#5713 = PCURVE('',#585,#5714);
#5714 = DEFINITIONAL_REPRESENTATION('',(#5715),#5718);
#5715 = B_SPLINE_CURVE_WITH_KNOTS('',1,(#5716,#5717),.UNSPECIFIED.,.F.,
  .F.,(2,2),(-6.E-07,2.0000006),.PIECEWISE_BEZIER_KNOTS.);
#5716 = CARTESIAN_POINT('',(4.450165564729,6.E-07));
#5717 = CARTESIAN_POINT('',(4.450165564729,-2.0000006));
#5718 = ( GEOMETRIC_REPRESENTATION_CONTEXT(2) 
PARAMETRIC_REPRESENTATION_CONTEXT() REPRESENTATION_CONTEXT('2D SPACE',''
  ) );
#5719 = ORIENTED_EDGE('',*,*,#5642,.T.);
#5720 = ORIENTED_EDGE('',*,*,#5243,.T.);
#5721 = ORIENTED_EDGE('',*,*,#597,.T.);
#5722 = ADVANCED_FACE('',(#5723),#353,.F.);
#5723 = FACE_BOUND('',#5724,.F.);
#5724 = EDGE_LOOP('',(#5725,#5726,#5727,#5728));
#5725 = ORIENTED_EDGE('',*,*,#5427,.F.);
#5726 = ORIENTED_EDGE('',*,*,#5671,.T.);
#5727 = ORIENTED_EDGE('',*,*,#337,.T.);
#5728 = ORIENTED_EDGE('',*,*,#5729,.F.);
#5729 = EDGE_CURVE('',#5428,#338,#5730,.T.);
#5730 = SURFACE_CURVE('',#5731,(#5735,#5742),.PCURVE_S1.);
#5731 = LINE('',#5732,#5733);
#5732 = CARTESIAN_POINT('',(-11.,-13.25,0.));
#5733 = VECTOR('',#5734,1.);
#5734 = DIRECTION('',(0.,0.,1.));
#5735 = PCURVE('',#353,#5736);
#5736 = DEFINITIONAL_REPRESENTATION('',(#5737),#5741);
#5737 = LINE('',#5738,#5739);
#5738 = CARTESIAN_POINT('',(23.,0.));
#5739 = VECTOR('',#5740,1.);
#5740 = DIRECTION('',(0.,-1.));
#5741 = ( GEOMETRIC_REPRESENTATION_CONTEXT(2) 
PARAMETRIC_REPRESENTATION_CONTEXT() REPRESENTATION_CONTEXT('2D SPACE',''
  ) );
#5742 = PCURVE('',#382,#5743);
#5743 = DEFINITIONAL_REPRESENTATION('',(#5744),#5748);
#5744 = LINE('',#5745,#5746);
#5745 = CARTESIAN_POINT('',(0.,0.));
#5746 = VECTOR('',#5747,1.);
#5747 = DIRECTION('',(0.,1.));
#5748 = ( GEOMETRIC_REPRESENTATION_CONTEXT(2) 
PARAMETRIC_REPRESENTATION_CONTEXT() REPRESENTATION_CONTEXT('2D SPACE',''
  ) );
#5749 = ADVANCED_FACE('',(#5750),#585,.F.);
#5750 = FACE_BOUND('',#5751,.F.);
#5751 = EDGE_LOOP('',(#5752,#5753,#5774,#5775));
#5752 = ORIENTED_EDGE('',*,*,#5619,.F.);
#5753 = ORIENTED_EDGE('',*,*,#5754,.T.);
#5754 = EDGE_CURVE('',#5596,#541,#5755,.T.);
#5755 = SURFACE_CURVE('',#5756,(#5760,#5767),.PCURVE_S1.);
#5756 = LINE('',#5757,#5758);
#5757 = CARTESIAN_POINT('',(11.,-13.25,0.));
#5758 = VECTOR('',#5759,1.);
#5759 = DIRECTION('',(0.,0.,1.));
#5760 = PCURVE('',#585,#5761);
#5761 = DEFINITIONAL_REPRESENTATION('',(#5762),#5766);
#5762 = LINE('',#5763,#5764);
#5763 = CARTESIAN_POINT('',(1.,0.));
#5764 = VECTOR('',#5765,1.);
#5765 = DIRECTION('',(0.,-1.));
#5766 = ( GEOMETRIC_REPRESENTATION_CONTEXT(2) 
PARAMETRIC_REPRESENTATION_CONTEXT() REPRESENTATION_CONTEXT('2D SPACE',''
  ) );
#5767 = PCURVE('',#557,#5768);
#5768 = DEFINITIONAL_REPRESENTATION('',(#5769),#5773);
#5769 = LINE('',#5770,#5771);
#5770 = CARTESIAN_POINT('',(1.570796326795,0.));
#5771 = VECTOR('',#5772,1.);
#5772 = DIRECTION('',(0.,1.));
#5773 = ( GEOMETRIC_REPRESENTATION_CONTEXT(2) 
PARAMETRIC_REPRESENTATION_CONTEXT() REPRESENTATION_CONTEXT('2D SPACE',''
  ) );
#5774 = ORIENTED_EDGE('',*,*,#569,.T.);
#5775 = ORIENTED_EDGE('',*,*,#5701,.F.);
#5776 = ADVANCED_FACE('',(#5777),#382,.T.);
#5777 = FACE_BOUND('',#5778,.T.);
#5778 = EDGE_LOOP('',(#5779,#5780,#5801,#5802));
#5779 = ORIENTED_EDGE('',*,*,#5450,.T.);
#5780 = ORIENTED_EDGE('',*,*,#5781,.T.);
#5781 = EDGE_CURVE('',#5451,#366,#5782,.T.);
#5782 = SURFACE_CURVE('',#5783,(#5787,#5794),.PCURVE_S1.);
#5783 = LINE('',#5784,#5785);
#5784 = CARTESIAN_POINT('',(-12.,-14.25,0.));
#5785 = VECTOR('',#5786,1.);
#5786 = DIRECTION('',(0.,0.,1.));
#5787 = PCURVE('',#382,#5788);
#5788 = DEFINITIONAL_REPRESENTATION('',(#5789),#5793);
#5789 = LINE('',#5790,#5791);
#5790 = CARTESIAN_POINT('',(1.570796326795,0.));
#5791 = VECTOR('',#5792,1.);
#5792 = DIRECTION('',(0.,1.));
#5793 = ( GEOMETRIC_REPRESENTATION_CONTEXT(2) 
PARAMETRIC_REPRESENTATION_CONTEXT() REPRESENTATION_CONTEXT('2D SPACE',''
  ) );
#5794 = PCURVE('',#410,#5795);
#5795 = DEFINITIONAL_REPRESENTATION('',(#5796),#5800);
#5796 = LINE('',#5797,#5798);
#5797 = CARTESIAN_POINT('',(1.,0.));
#5798 = VECTOR('',#5799,1.);
#5799 = DIRECTION('',(0.,-1.));
#5800 = ( GEOMETRIC_REPRESENTATION_CONTEXT(2) 
PARAMETRIC_REPRESENTATION_CONTEXT() REPRESENTATION_CONTEXT('2D SPACE',''
  ) );
#5801 = ORIENTED_EDGE('',*,*,#365,.F.);
#5802 = ORIENTED_EDGE('',*,*,#5729,.F.);
#5803 = ADVANCED_FACE('',(#5804),#557,.T.);
#5804 = FACE_BOUND('',#5805,.T.);
#5805 = EDGE_LOOP('',(#5806,#5807,#5808,#5809));
#5806 = ORIENTED_EDGE('',*,*,#5595,.T.);
#5807 = ORIENTED_EDGE('',*,*,#5754,.T.);
#5808 = ORIENTED_EDGE('',*,*,#540,.F.);
#5809 = ORIENTED_EDGE('',*,*,#5810,.F.);
#5810 = EDGE_CURVE('',#5573,#513,#5811,.T.);
#5811 = SURFACE_CURVE('',#5812,(#5816,#5823),.PCURVE_S1.);
#5812 = LINE('',#5813,#5814);
#5813 = CARTESIAN_POINT('',(12.,-14.25,0.));
#5814 = VECTOR('',#5815,1.);
#5815 = DIRECTION('',(0.,0.,1.));
#5816 = PCURVE('',#557,#5817);
#5817 = DEFINITIONAL_REPRESENTATION('',(#5818),#5822);
#5818 = LINE('',#5819,#5820);
#5819 = CARTESIAN_POINT('',(0.,0.));
#5820 = VECTOR('',#5821,1.);
#5821 = DIRECTION('',(0.,1.));
#5822 = ( GEOMETRIC_REPRESENTATION_CONTEXT(2) 
PARAMETRIC_REPRESENTATION_CONTEXT() REPRESENTATION_CONTEXT('2D SPACE',''
  ) );
#5823 = PCURVE('',#528,#5824);
#5824 = DEFINITIONAL_REPRESENTATION('',(#5825),#5829);
#5825 = LINE('',#5826,#5827);
#5826 = CARTESIAN_POINT('',(13.,0.));
#5827 = VECTOR('',#5828,1.);
#5828 = DIRECTION('',(0.,-1.));
#5829 = ( GEOMETRIC_REPRESENTATION_CONTEXT(2) 
PARAMETRIC_REPRESENTATION_CONTEXT() REPRESENTATION_CONTEXT('2D SPACE',''
  ) );
#5830 = ADVANCED_FACE('',(#5831),#443,.T.);
#5831 = FACE_BOUND('',#5832,.F.);
#5832 = EDGE_LOOP('',(#5833,#5834,#5855,#5856));
#5833 = ORIENTED_EDGE('',*,*,#5497,.T.);
#5834 = ORIENTED_EDGE('',*,*,#5835,.T.);
#5835 = EDGE_CURVE('',#5475,#395,#5836,.T.);
#5836 = SURFACE_CURVE('',#5837,(#5841,#5848),.PCURVE_S1.);
#5837 = LINE('',#5838,#5839);
#5838 = CARTESIAN_POINT('',(-12.,-26.25,0.));
#5839 = VECTOR('',#5840,1.);
#5840 = DIRECTION('',(0.,0.,1.));
#5841 = PCURVE('',#443,#5842);
#5842 = DEFINITIONAL_REPRESENTATION('',(#5843),#5847);
#5843 = LINE('',#5844,#5845);
#5844 = CARTESIAN_POINT('',(-1.570796326795,0.));
#5845 = VECTOR('',#5846,1.);
#5846 = DIRECTION('',(-0.,1.));
#5847 = ( GEOMETRIC_REPRESENTATION_CONTEXT(2) 
PARAMETRIC_REPRESENTATION_CONTEXT() REPRESENTATION_CONTEXT('2D SPACE',''
  ) );
#5848 = PCURVE('',#410,#5849);
#5849 = DEFINITIONAL_REPRESENTATION('',(#5850),#5854);
#5850 = LINE('',#5851,#5852);
#5851 = CARTESIAN_POINT('',(13.,0.));
#5852 = VECTOR('',#5853,1.);
#5853 = DIRECTION('',(0.,-1.));
#5854 = ( GEOMETRIC_REPRESENTATION_CONTEXT(2) 
PARAMETRIC_REPRESENTATION_CONTEXT() REPRESENTATION_CONTEXT('2D SPACE',''
  ) );
#5855 = ORIENTED_EDGE('',*,*,#422,.F.);
#5856 = ORIENTED_EDGE('',*,*,#5857,.F.);
#5857 = EDGE_CURVE('',#5498,#423,#5858,.T.);
#5858 = SURFACE_CURVE('',#5859,(#5863,#5870),.PCURVE_S1.);
#5859 = LINE('',#5860,#5861);
#5860 = CARTESIAN_POINT('',(-11.,-27.25,0.));
#5861 = VECTOR('',#5862,1.);
#5862 = DIRECTION('',(0.,0.,1.));
#5863 = PCURVE('',#443,#5864);
#5864 = DEFINITIONAL_REPRESENTATION('',(#5865),#5869);
#5865 = LINE('',#5866,#5867);
#5866 = CARTESIAN_POINT('',(-0.,0.));
#5867 = VECTOR('',#5868,1.);
#5868 = DIRECTION('',(-0.,1.));
#5869 = ( GEOMETRIC_REPRESENTATION_CONTEXT(2) 
PARAMETRIC_REPRESENTATION_CONTEXT() REPRESENTATION_CONTEXT('2D SPACE',''
  ) );
#5870 = PCURVE('',#471,#5871);
#5871 = DEFINITIONAL_REPRESENTATION('',(#5872),#5876);
#5872 = LINE('',#5873,#5874);
#5873 = CARTESIAN_POINT('',(1.,0.));
#5874 = VECTOR('',#5875,1.);
#5875 = DIRECTION('',(0.,-1.));
#5876 = ( GEOMETRIC_REPRESENTATION_CONTEXT(2) 
PARAMETRIC_REPRESENTATION_CONTEXT() REPRESENTATION_CONTEXT('2D SPACE',''
  ) );
#5877 = ADVANCED_FACE('',(#5878),#471,.F.);
#5878 = FACE_BOUND('',#5879,.F.);
#5879 = EDGE_LOOP('',(#5880,#5881,#5882,#5883));
#5880 = ORIENTED_EDGE('',*,*,#5525,.F.);
#5881 = ORIENTED_EDGE('',*,*,#5857,.T.);
#5882 = ORIENTED_EDGE('',*,*,#455,.T.);
#5883 = ORIENTED_EDGE('',*,*,#5884,.F.);
#5884 = EDGE_CURVE('',#5526,#456,#5885,.T.);
#5885 = SURFACE_CURVE('',#5886,(#5890,#5897),.PCURVE_S1.);
#5886 = LINE('',#5887,#5888);
#5887 = CARTESIAN_POINT('',(11.,-27.25,0.));
#5888 = VECTOR('',#5889,1.);
#5889 = DIRECTION('',(0.,0.,1.));
#5890 = PCURVE('',#471,#5891);
#5891 = DEFINITIONAL_REPRESENTATION('',(#5892),#5896);
#5892 = LINE('',#5893,#5894);
#5893 = CARTESIAN_POINT('',(23.,0.));
#5894 = VECTOR('',#5895,1.);
#5895 = DIRECTION('',(0.,-1.));
#5896 = ( GEOMETRIC_REPRESENTATION_CONTEXT(2) 
PARAMETRIC_REPRESENTATION_CONTEXT() REPRESENTATION_CONTEXT('2D SPACE',''
  ) );
#5897 = PCURVE('',#500,#5898);
#5898 = DEFINITIONAL_REPRESENTATION('',(#5899),#5903);
#5899 = LINE('',#5900,#5901);
#5900 = CARTESIAN_POINT('',(0.,0.));
#5901 = VECTOR('',#5902,1.);
#5902 = DIRECTION('',(0.,1.));
#5903 = ( GEOMETRIC_REPRESENTATION_CONTEXT(2) 
PARAMETRIC_REPRESENTATION_CONTEXT() REPRESENTATION_CONTEXT('2D SPACE',''
  ) );
#5904 = ADVANCED_FACE('',(#5905),#410,.F.);
#5905 = FACE_BOUND('',#5906,.F.);
#5906 = EDGE_LOOP('',(#5907,#5908,#5909,#5910));
#5907 = ORIENTED_EDGE('',*,*,#5474,.F.);
#5908 = ORIENTED_EDGE('',*,*,#5781,.T.);
#5909 = ORIENTED_EDGE('',*,*,#394,.T.);
#5910 = ORIENTED_EDGE('',*,*,#5835,.F.);
#5911 = ADVANCED_FACE('',(#5912),#500,.T.);
#5912 = FACE_BOUND('',#5913,.T.);
#5913 = EDGE_LOOP('',(#5914,#5915,#5936,#5937));
#5914 = ORIENTED_EDGE('',*,*,#5548,.T.);
#5915 = ORIENTED_EDGE('',*,*,#5916,.T.);
#5916 = EDGE_CURVE('',#5549,#484,#5917,.T.);
#5917 = SURFACE_CURVE('',#5918,(#5922,#5929),.PCURVE_S1.);
#5918 = LINE('',#5919,#5920);
#5919 = CARTESIAN_POINT('',(12.,-26.25,0.));
#5920 = VECTOR('',#5921,1.);
#5921 = DIRECTION('',(0.,0.,1.));
#5922 = PCURVE('',#500,#5923);
#5923 = DEFINITIONAL_REPRESENTATION('',(#5924),#5928);
#5924 = LINE('',#5925,#5926);
#5925 = CARTESIAN_POINT('',(1.570796326795,0.));
#5926 = VECTOR('',#5927,1.);
#5927 = DIRECTION('',(0.,1.));
#5928 = ( GEOMETRIC_REPRESENTATION_CONTEXT(2) 
PARAMETRIC_REPRESENTATION_CONTEXT() REPRESENTATION_CONTEXT('2D SPACE',''
  ) );
#5929 = PCURVE('',#528,#5930);
#5930 = DEFINITIONAL_REPRESENTATION('',(#5931),#5935);
#5931 = LINE('',#5932,#5933);
#5932 = CARTESIAN_POINT('',(1.,0.));
#5933 = VECTOR('',#5934,1.);
#5934 = DIRECTION('',(0.,-1.));
#5935 = ( GEOMETRIC_REPRESENTATION_CONTEXT(2) 
PARAMETRIC_REPRESENTATION_CONTEXT() REPRESENTATION_CONTEXT('2D SPACE',''
  ) );
#5936 = ORIENTED_EDGE('',*,*,#483,.F.);
#5937 = ORIENTED_EDGE('',*,*,#5884,.F.);
#5938 = ADVANCED_FACE('',(#5939),#528,.F.);
#5939 = FACE_BOUND('',#5940,.F.);
#5940 = EDGE_LOOP('',(#5941,#5942,#5943,#5944));
#5941 = ORIENTED_EDGE('',*,*,#5572,.F.);
#5942 = ORIENTED_EDGE('',*,*,#5916,.T.);
#5943 = ORIENTED_EDGE('',*,*,#512,.T.);
#5944 = ORIENTED_EDGE('',*,*,#5810,.F.);
#5945 = ADVANCED_FACE('',(#5946),#889,.T.);
#5946 = FACE_BOUND('',#5947,.T.);
#5947 = EDGE_LOOP('',(#5948,#5949,#5972,#6000));
#5948 = ORIENTED_EDGE('',*,*,#871,.T.);
#5949 = ORIENTED_EDGE('',*,*,#5950,.T.);
#5950 = EDGE_CURVE('',#874,#5951,#5953,.T.);
#5951 = VERTEX_POINT('',#5952);
#5952 = CARTESIAN_POINT('',(-4.10400390625,-23.97924804687,2.6));
#5953 = SURFACE_CURVE('',#5954,(#5958,#5965),.PCURVE_S1.);
#5954 = LINE('',#5955,#5956);
#5955 = CARTESIAN_POINT('',(-4.10400390625,-23.97924804687,1.9));
#5956 = VECTOR('',#5957,1.);
#5957 = DIRECTION('',(0.,0.,1.));
#5958 = PCURVE('',#889,#5959);
#5959 = DEFINITIONAL_REPRESENTATION('',(#5960),#5964);
#5960 = LINE('',#5961,#5962);
#5961 = CARTESIAN_POINT('',(0.,0.));
#5962 = VECTOR('',#5963,1.);
#5963 = DIRECTION('',(0.,-1.));
#5964 = ( GEOMETRIC_REPRESENTATION_CONTEXT(2) 
PARAMETRIC_REPRESENTATION_CONTEXT() REPRESENTATION_CONTEXT('2D SPACE',''
  ) );
#5965 = PCURVE('',#1839,#5966);
#5966 = DEFINITIONAL_REPRESENTATION('',(#5967),#5971);
#5967 = LINE('',#5968,#5969);
#5968 = CARTESIAN_POINT('',(1.,0.));
#5969 = VECTOR('',#5970,1.);
#5970 = DIRECTION('',(0.,-1.));
#5971 = ( GEOMETRIC_REPRESENTATION_CONTEXT(2) 
PARAMETRIC_REPRESENTATION_CONTEXT() REPRESENTATION_CONTEXT('2D SPACE',''
  ) );
#5972 = ORIENTED_EDGE('',*,*,#5973,.T.);
#5973 = EDGE_CURVE('',#5951,#5974,#5976,.T.);
#5974 = VERTEX_POINT('',#5975);
#5975 = CARTESIAN_POINT('',(-2.3486328125,-23.97924804687,2.6));
#5976 = SURFACE_CURVE('',#5977,(#5981,#5988),.PCURVE_S1.);
#5977 = LINE('',#5978,#5979);
#5978 = CARTESIAN_POINT('',(-4.10400390625,-23.97924804687,2.6));
#5979 = VECTOR('',#5980,1.);
#5980 = DIRECTION('',(1.,0.,0.));
#5981 = PCURVE('',#889,#5982);
#5982 = DEFINITIONAL_REPRESENTATION('',(#5983),#5987);
#5983 = LINE('',#5984,#5985);
#5984 = CARTESIAN_POINT('',(0.,-0.7));
#5985 = VECTOR('',#5986,1.);
#5986 = DIRECTION('',(1.,0.));
#5987 = ( GEOMETRIC_REPRESENTATION_CONTEXT(2) 
PARAMETRIC_REPRESENTATION_CONTEXT() REPRESENTATION_CONTEXT('2D SPACE',''
  ) );
#5988 = PCURVE('',#5989,#5994);
#5989 = PLANE('',#5990);
#5990 = AXIS2_PLACEMENT_3D('',#5991,#5992,#5993);
#5991 = CARTESIAN_POINT('',(-4.86572265625,-24.40161132812,2.6));
#5992 = DIRECTION('',(0.,0.,1.));
#5993 = DIRECTION('',(1.,0.,0.));
#5994 = DEFINITIONAL_REPRESENTATION('',(#5995),#5999);
#5995 = LINE('',#5996,#5997);
#5996 = CARTESIAN_POINT('',(0.76171875,0.42236328125));
#5997 = VECTOR('',#5998,1.);
#5998 = DIRECTION('',(1.,0.));
#5999 = ( GEOMETRIC_REPRESENTATION_CONTEXT(2) 
PARAMETRIC_REPRESENTATION_CONTEXT() REPRESENTATION_CONTEXT('2D SPACE',''
  ) );
#6000 = ORIENTED_EDGE('',*,*,#6001,.F.);
#6001 = EDGE_CURVE('',#872,#5974,#6002,.T.);
#6002 = SURFACE_CURVE('',#6003,(#6007,#6014),.PCURVE_S1.);
#6003 = LINE('',#6004,#6005);
#6004 = CARTESIAN_POINT('',(-2.3486328125,-23.97924804687,1.9));
#6005 = VECTOR('',#6006,1.);
#6006 = DIRECTION('',(0.,0.,1.));
#6007 = PCURVE('',#889,#6008);
#6008 = DEFINITIONAL_REPRESENTATION('',(#6009),#6013);
#6009 = LINE('',#6010,#6011);
#6010 = CARTESIAN_POINT('',(1.75537109375,0.));
#6011 = VECTOR('',#6012,1.);
#6012 = DIRECTION('',(0.,-1.));
#6013 = ( GEOMETRIC_REPRESENTATION_CONTEXT(2) 
PARAMETRIC_REPRESENTATION_CONTEXT() REPRESENTATION_CONTEXT('2D SPACE',''
  ) );
#6014 = PCURVE('',#916,#6015);
#6015 = DEFINITIONAL_REPRESENTATION('',(#6016),#6020);
#6016 = LINE('',#6017,#6018);
#6017 = CARTESIAN_POINT('',(0.,0.));
#6018 = VECTOR('',#6019,1.);
#6019 = DIRECTION('',(0.,-1.));
#6020 = ( GEOMETRIC_REPRESENTATION_CONTEXT(2) 
PARAMETRIC_REPRESENTATION_CONTEXT() REPRESENTATION_CONTEXT('2D SPACE',''
  ) );
#6021 = ADVANCED_FACE('',(#6022),#1839,.T.);
#6022 = FACE_BOUND('',#6023,.T.);
#6023 = EDGE_LOOP('',(#6024,#6025,#6048,#6069));
#6024 = ORIENTED_EDGE('',*,*,#1821,.T.);
#6025 = ORIENTED_EDGE('',*,*,#6026,.T.);
#6026 = EDGE_CURVE('',#1777,#6027,#6029,.T.);
#6027 = VERTEX_POINT('',#6028);
#6028 = CARTESIAN_POINT('',(-3.91845703125,-23.7412109375,2.6));
#6029 = SURFACE_CURVE('',#6030,(#6034,#6041),.PCURVE_S1.);
#6030 = LINE('',#6031,#6032);
#6031 = CARTESIAN_POINT('',(-3.91845703125,-23.7412109375,1.9));
#6032 = VECTOR('',#6033,1.);
#6033 = DIRECTION('',(0.,0.,1.));
#6034 = PCURVE('',#1839,#6035);
#6035 = DEFINITIONAL_REPRESENTATION('',(#6036),#6040);
#6036 = LINE('',#6037,#6038);
#6037 = CARTESIAN_POINT('',(0.,0.));
#6038 = VECTOR('',#6039,1.);
#6039 = DIRECTION('',(0.,-1.));
#6040 = ( GEOMETRIC_REPRESENTATION_CONTEXT(2) 
PARAMETRIC_REPRESENTATION_CONTEXT() REPRESENTATION_CONTEXT('2D SPACE',''
  ) );
#6041 = PCURVE('',#1802,#6042);
#6042 = DEFINITIONAL_REPRESENTATION('',(#6043),#6047);
#6043 = LINE('',#6044,#6045);
#6044 = CARTESIAN_POINT('',(1.,0.));
#6045 = VECTOR('',#6046,1.);
#6046 = DIRECTION('',(0.,-1.));
#6047 = ( GEOMETRIC_REPRESENTATION_CONTEXT(2) 
PARAMETRIC_REPRESENTATION_CONTEXT() REPRESENTATION_CONTEXT('2D SPACE',''
  ) );
#6048 = ORIENTED_EDGE('',*,*,#6049,.T.);
#6049 = EDGE_CURVE('',#6027,#5951,#6050,.T.);
#6050 = SURFACE_CURVE('',#6051,(#6055,#6062),.PCURVE_S1.);
#6051 = B_SPLINE_CURVE_WITH_KNOTS('',2,(#6052,#6053,#6054),
  .UNSPECIFIED.,.F.,.F.,(3,3),(0.,1.),.PIECEWISE_BEZIER_KNOTS.);
#6052 = CARTESIAN_POINT('',(-3.91845703125,-23.7412109375,2.6));
#6053 = CARTESIAN_POINT('',(-4.03076171875,-23.85961914062,2.6));
#6054 = CARTESIAN_POINT('',(-4.10400390625,-23.97924804687,2.6));
#6055 = PCURVE('',#1839,#6056);
#6056 = DEFINITIONAL_REPRESENTATION('',(#6057),#6061);
#6057 = LINE('',#6058,#6059);
#6058 = CARTESIAN_POINT('',(0.,-0.7));
#6059 = VECTOR('',#6060,1.);
#6060 = DIRECTION('',(1.,0.));
#6061 = ( GEOMETRIC_REPRESENTATION_CONTEXT(2) 
PARAMETRIC_REPRESENTATION_CONTEXT() REPRESENTATION_CONTEXT('2D SPACE',''
  ) );
#6062 = PCURVE('',#5989,#6063);
#6063 = DEFINITIONAL_REPRESENTATION('',(#6064),#6068);
#6064 = B_SPLINE_CURVE_WITH_KNOTS('',2,(#6065,#6066,#6067),
  .UNSPECIFIED.,.F.,.F.,(3,3),(0.,1.),.PIECEWISE_BEZIER_KNOTS.);
#6065 = CARTESIAN_POINT('',(0.947265625,0.660400390625));
#6066 = CARTESIAN_POINT('',(0.8349609375,0.5419921875));
#6067 = CARTESIAN_POINT('',(0.76171875,0.42236328125));
#6068 = ( GEOMETRIC_REPRESENTATION_CONTEXT(2) 
PARAMETRIC_REPRESENTATION_CONTEXT() REPRESENTATION_CONTEXT('2D SPACE',''
  ) );
#6069 = ORIENTED_EDGE('',*,*,#5950,.F.);
#6070 = ADVANCED_FACE('',(#6071),#1802,.T.);
#6071 = FACE_BOUND('',#6072,.T.);
#6072 = EDGE_LOOP('',(#6073,#6074,#6097,#6118));
#6073 = ORIENTED_EDGE('',*,*,#1776,.T.);
#6074 = ORIENTED_EDGE('',*,*,#6075,.T.);
#6075 = EDGE_CURVE('',#1735,#6076,#6078,.T.);
#6076 = VERTEX_POINT('',#6077);
#6077 = CARTESIAN_POINT('',(-3.41064453125,-23.29077148437,2.6));
#6078 = SURFACE_CURVE('',#6079,(#6083,#6090),.PCURVE_S1.);
#6079 = LINE('',#6080,#6081);
#6080 = CARTESIAN_POINT('',(-3.41064453125,-23.29077148437,1.9));
#6081 = VECTOR('',#6082,1.);
#6082 = DIRECTION('',(0.,0.,1.));
#6083 = PCURVE('',#1802,#6084);
#6084 = DEFINITIONAL_REPRESENTATION('',(#6085),#6089);
#6085 = LINE('',#6086,#6087);
#6086 = CARTESIAN_POINT('',(0.,0.));
#6087 = VECTOR('',#6088,1.);
#6088 = DIRECTION('',(0.,-1.));
#6089 = ( GEOMETRIC_REPRESENTATION_CONTEXT(2) 
PARAMETRIC_REPRESENTATION_CONTEXT() REPRESENTATION_CONTEXT('2D SPACE',''
  ) );
#6090 = PCURVE('',#1758,#6091);
#6091 = DEFINITIONAL_REPRESENTATION('',(#6092),#6096);
#6092 = LINE('',#6093,#6094);
#6093 = CARTESIAN_POINT('',(1.,0.));
#6094 = VECTOR('',#6095,1.);
#6095 = DIRECTION('',(0.,-1.));
#6096 = ( GEOMETRIC_REPRESENTATION_CONTEXT(2) 
PARAMETRIC_REPRESENTATION_CONTEXT() REPRESENTATION_CONTEXT('2D SPACE',''
  ) );
#6097 = ORIENTED_EDGE('',*,*,#6098,.T.);
#6098 = EDGE_CURVE('',#6076,#6027,#6099,.T.);
#6099 = SURFACE_CURVE('',#6100,(#6104,#6111),.PCURVE_S1.);
#6100 = B_SPLINE_CURVE_WITH_KNOTS('',2,(#6101,#6102,#6103),
  .UNSPECIFIED.,.F.,.F.,(3,3),(0.,1.),.PIECEWISE_BEZIER_KNOTS.);
#6101 = CARTESIAN_POINT('',(-3.41064453125,-23.29077148437,2.6));
#6102 = CARTESIAN_POINT('',(-3.80615234375,-23.62280273437,2.6));
#6103 = CARTESIAN_POINT('',(-3.91845703125,-23.7412109375,2.6));
#6104 = PCURVE('',#1802,#6105);
#6105 = DEFINITIONAL_REPRESENTATION('',(#6106),#6110);
#6106 = LINE('',#6107,#6108);
#6107 = CARTESIAN_POINT('',(0.,-0.7));
#6108 = VECTOR('',#6109,1.);
#6109 = DIRECTION('',(1.,0.));
#6110 = ( GEOMETRIC_REPRESENTATION_CONTEXT(2) 
PARAMETRIC_REPRESENTATION_CONTEXT() REPRESENTATION_CONTEXT('2D SPACE',''
  ) );
#6111 = PCURVE('',#5989,#6112);
#6112 = DEFINITIONAL_REPRESENTATION('',(#6113),#6117);
#6113 = B_SPLINE_CURVE_WITH_KNOTS('',2,(#6114,#6115,#6116),
  .UNSPECIFIED.,.F.,.F.,(3,3),(0.,1.),.PIECEWISE_BEZIER_KNOTS.);
#6114 = CARTESIAN_POINT('',(1.455078125,1.11083984375));
#6115 = CARTESIAN_POINT('',(1.0595703125,0.77880859375));
#6116 = CARTESIAN_POINT('',(0.947265625,0.660400390625));
#6117 = ( GEOMETRIC_REPRESENTATION_CONTEXT(2) 
PARAMETRIC_REPRESENTATION_CONTEXT() REPRESENTATION_CONTEXT('2D SPACE',''
  ) );
#6118 = ORIENTED_EDGE('',*,*,#6026,.F.);
#6119 = ADVANCED_FACE('',(#6120),#1758,.T.);
#6120 = FACE_BOUND('',#6121,.T.);
#6121 = EDGE_LOOP('',(#6122,#6123,#6146,#6167));
#6122 = ORIENTED_EDGE('',*,*,#1734,.T.);
#6123 = ORIENTED_EDGE('',*,*,#6124,.T.);
#6124 = EDGE_CURVE('',#1696,#6125,#6127,.T.);
#6125 = VERTEX_POINT('',#6126);
#6126 = CARTESIAN_POINT('',(-2.733154296875,-22.66088867187,2.6));
#6127 = SURFACE_CURVE('',#6128,(#6132,#6139),.PCURVE_S1.);
#6128 = LINE('',#6129,#6130);
#6129 = CARTESIAN_POINT('',(-2.733154296875,-22.66088867187,1.9));
#6130 = VECTOR('',#6131,1.);
#6131 = DIRECTION('',(0.,0.,1.));
#6132 = PCURVE('',#1758,#6133);
#6133 = DEFINITIONAL_REPRESENTATION('',(#6134),#6138);
#6134 = LINE('',#6135,#6136);
#6135 = CARTESIAN_POINT('',(0.,0.));
#6136 = VECTOR('',#6137,1.);
#6137 = DIRECTION('',(0.,-1.));
#6138 = ( GEOMETRIC_REPRESENTATION_CONTEXT(2) 
PARAMETRIC_REPRESENTATION_CONTEXT() REPRESENTATION_CONTEXT('2D SPACE',''
  ) );
#6139 = PCURVE('',#1717,#6140);
#6140 = DEFINITIONAL_REPRESENTATION('',(#6141),#6145);
#6141 = LINE('',#6142,#6143);
#6142 = CARTESIAN_POINT('',(1.,0.));
#6143 = VECTOR('',#6144,1.);
#6144 = DIRECTION('',(0.,-1.));
#6145 = ( GEOMETRIC_REPRESENTATION_CONTEXT(2) 
PARAMETRIC_REPRESENTATION_CONTEXT() REPRESENTATION_CONTEXT('2D SPACE',''
  ) );
#6146 = ORIENTED_EDGE('',*,*,#6147,.T.);
#6147 = EDGE_CURVE('',#6125,#6076,#6148,.T.);
#6148 = SURFACE_CURVE('',#6149,(#6153,#6160),.PCURVE_S1.);
#6149 = B_SPLINE_CURVE_WITH_KNOTS('',2,(#6150,#6151,#6152),
  .UNSPECIFIED.,.F.,.F.,(3,3),(0.,1.),.PIECEWISE_BEZIER_KNOTS.);
#6150 = CARTESIAN_POINT('',(-2.733154296875,-22.66088867187,2.6));
#6151 = CARTESIAN_POINT('',(-2.93701171875,-22.89038085937,2.6));
#6152 = CARTESIAN_POINT('',(-3.41064453125,-23.29077148437,2.6));
#6153 = PCURVE('',#1758,#6154);
#6154 = DEFINITIONAL_REPRESENTATION('',(#6155),#6159);
#6155 = LINE('',#6156,#6157);
#6156 = CARTESIAN_POINT('',(0.,-0.7));
#6157 = VECTOR('',#6158,1.);
#6158 = DIRECTION('',(1.,0.));
#6159 = ( GEOMETRIC_REPRESENTATION_CONTEXT(2) 
PARAMETRIC_REPRESENTATION_CONTEXT() REPRESENTATION_CONTEXT('2D SPACE',''
  ) );
#6160 = PCURVE('',#5989,#6161);
#6161 = DEFINITIONAL_REPRESENTATION('',(#6162),#6166);
#6162 = B_SPLINE_CURVE_WITH_KNOTS('',2,(#6163,#6164,#6165),
  .UNSPECIFIED.,.F.,.F.,(3,3),(0.,1.),.PIECEWISE_BEZIER_KNOTS.);
#6163 = CARTESIAN_POINT('',(2.132568359375,1.74072265625));
#6164 = CARTESIAN_POINT('',(1.9287109375,1.51123046875));
#6165 = CARTESIAN_POINT('',(1.455078125,1.11083984375));
#6166 = ( GEOMETRIC_REPRESENTATION_CONTEXT(2) 
PARAMETRIC_REPRESENTATION_CONTEXT() REPRESENTATION_CONTEXT('2D SPACE',''
  ) );
#6167 = ORIENTED_EDGE('',*,*,#6075,.F.);
#6168 = ADVANCED_FACE('',(#6169),#1717,.T.);
#6169 = FACE_BOUND('',#6170,.T.);
#6170 = EDGE_LOOP('',(#6171,#6172,#6195,#6216));
#6171 = ORIENTED_EDGE('',*,*,#1695,.T.);
#6172 = ORIENTED_EDGE('',*,*,#6173,.T.);
#6173 = EDGE_CURVE('',#1645,#6174,#6176,.T.);
#6174 = VERTEX_POINT('',#6175);
#6175 = CARTESIAN_POINT('',(-2.44140625,-22.22387695312,2.6));
#6176 = SURFACE_CURVE('',#6177,(#6181,#6188),.PCURVE_S1.);
#6177 = LINE('',#6178,#6179);
#6178 = CARTESIAN_POINT('',(-2.44140625,-22.22387695312,1.9));
#6179 = VECTOR('',#6180,1.);
#6180 = DIRECTION('',(0.,0.,1.));
#6181 = PCURVE('',#1717,#6182);
#6182 = DEFINITIONAL_REPRESENTATION('',(#6183),#6187);
#6183 = LINE('',#6184,#6185);
#6184 = CARTESIAN_POINT('',(0.,0.));
#6185 = VECTOR('',#6186,1.);
#6186 = DIRECTION('',(0.,-1.));
#6187 = ( GEOMETRIC_REPRESENTATION_CONTEXT(2) 
PARAMETRIC_REPRESENTATION_CONTEXT() REPRESENTATION_CONTEXT('2D SPACE',''
  ) );
#6188 = PCURVE('',#1674,#6189);
#6189 = DEFINITIONAL_REPRESENTATION('',(#6190),#6194);
#6190 = LINE('',#6191,#6192);
#6191 = CARTESIAN_POINT('',(1.,0.));
#6192 = VECTOR('',#6193,1.);
#6193 = DIRECTION('',(0.,-1.));
#6194 = ( GEOMETRIC_REPRESENTATION_CONTEXT(2) 
PARAMETRIC_REPRESENTATION_CONTEXT() REPRESENTATION_CONTEXT('2D SPACE',''
  ) );
#6195 = ORIENTED_EDGE('',*,*,#6196,.T.);
#6196 = EDGE_CURVE('',#6174,#6125,#6197,.T.);
#6197 = SURFACE_CURVE('',#6198,(#6202,#6209),.PCURVE_S1.);
#6198 = B_SPLINE_CURVE_WITH_KNOTS('',2,(#6199,#6200,#6201),
  .UNSPECIFIED.,.F.,.F.,(3,3),(0.,1.),.PIECEWISE_BEZIER_KNOTS.);
#6199 = CARTESIAN_POINT('',(-2.44140625,-22.22387695312,2.6));
#6200 = CARTESIAN_POINT('',(-2.529296875,-22.43139648437,2.6));
#6201 = CARTESIAN_POINT('',(-2.733154296875,-22.66088867187,2.6));
#6202 = PCURVE('',#1717,#6203);
#6203 = DEFINITIONAL_REPRESENTATION('',(#6204),#6208);
#6204 = LINE('',#6205,#6206);
#6205 = CARTESIAN_POINT('',(0.,-0.7));
#6206 = VECTOR('',#6207,1.);
#6207 = DIRECTION('',(1.,0.));
#6208 = ( GEOMETRIC_REPRESENTATION_CONTEXT(2) 
PARAMETRIC_REPRESENTATION_CONTEXT() REPRESENTATION_CONTEXT('2D SPACE',''
  ) );
#6209 = PCURVE('',#5989,#6210);
#6210 = DEFINITIONAL_REPRESENTATION('',(#6211),#6215);
#6211 = B_SPLINE_CURVE_WITH_KNOTS('',2,(#6212,#6213,#6214),
  .UNSPECIFIED.,.F.,.F.,(3,3),(0.,1.),.PIECEWISE_BEZIER_KNOTS.);
#6212 = CARTESIAN_POINT('',(2.42431640625,2.177734375));
#6213 = CARTESIAN_POINT('',(2.33642578125,1.97021484375));
#6214 = CARTESIAN_POINT('',(2.132568359375,1.74072265625));
#6215 = ( GEOMETRIC_REPRESENTATION_CONTEXT(2) 
PARAMETRIC_REPRESENTATION_CONTEXT() REPRESENTATION_CONTEXT('2D SPACE',''
  ) );
#6216 = ORIENTED_EDGE('',*,*,#6124,.F.);
#6217 = ADVANCED_FACE('',(#6218),#1674,.T.);
#6218 = FACE_BOUND('',#6219,.T.);
#6219 = EDGE_LOOP('',(#6220,#6221,#6244,#6265));
#6220 = ORIENTED_EDGE('',*,*,#1644,.T.);
#6221 = ORIENTED_EDGE('',*,*,#6222,.T.);
#6222 = EDGE_CURVE('',#1594,#6223,#6225,.T.);
#6223 = VERTEX_POINT('',#6224);
#6224 = CARTESIAN_POINT('',(-2.353515625,-21.80151367187,2.6));
#6225 = SURFACE_CURVE('',#6226,(#6230,#6237),.PCURVE_S1.);
#6226 = LINE('',#6227,#6228);
#6227 = CARTESIAN_POINT('',(-2.353515625,-21.80151367187,1.9));
#6228 = VECTOR('',#6229,1.);
#6229 = DIRECTION('',(0.,0.,1.));
#6230 = PCURVE('',#1674,#6231);
#6231 = DEFINITIONAL_REPRESENTATION('',(#6232),#6236);
#6232 = LINE('',#6233,#6234);
#6233 = CARTESIAN_POINT('',(0.,0.));
#6234 = VECTOR('',#6235,1.);
#6235 = DIRECTION('',(0.,-1.));
#6236 = ( GEOMETRIC_REPRESENTATION_CONTEXT(2) 
PARAMETRIC_REPRESENTATION_CONTEXT() REPRESENTATION_CONTEXT('2D SPACE',''
  ) );
#6237 = PCURVE('',#1623,#6238);
#6238 = DEFINITIONAL_REPRESENTATION('',(#6239),#6243);
#6239 = LINE('',#6240,#6241);
#6240 = CARTESIAN_POINT('',(1.,0.));
#6241 = VECTOR('',#6242,1.);
#6242 = DIRECTION('',(0.,-1.));
#6243 = ( GEOMETRIC_REPRESENTATION_CONTEXT(2) 
PARAMETRIC_REPRESENTATION_CONTEXT() REPRESENTATION_CONTEXT('2D SPACE',''
  ) );
#6244 = ORIENTED_EDGE('',*,*,#6245,.T.);
#6245 = EDGE_CURVE('',#6223,#6174,#6246,.T.);
#6246 = SURFACE_CURVE('',#6247,(#6251,#6258),.PCURVE_S1.);
#6247 = B_SPLINE_CURVE_WITH_KNOTS('',2,(#6248,#6249,#6250),
  .UNSPECIFIED.,.F.,.F.,(3,3),(0.,1.),.PIECEWISE_BEZIER_KNOTS.);
#6248 = CARTESIAN_POINT('',(-2.353515625,-21.80151367187,2.6));
#6249 = CARTESIAN_POINT('',(-2.353515625,-22.01635742187,2.6));
#6250 = CARTESIAN_POINT('',(-2.44140625,-22.22387695312,2.6));
#6251 = PCURVE('',#1674,#6252);
#6252 = DEFINITIONAL_REPRESENTATION('',(#6253),#6257);
#6253 = LINE('',#6254,#6255);
#6254 = CARTESIAN_POINT('',(0.,-0.7));
#6255 = VECTOR('',#6256,1.);
#6256 = DIRECTION('',(1.,0.));
#6257 = ( GEOMETRIC_REPRESENTATION_CONTEXT(2) 
PARAMETRIC_REPRESENTATION_CONTEXT() REPRESENTATION_CONTEXT('2D SPACE',''
  ) );
#6258 = PCURVE('',#5989,#6259);
#6259 = DEFINITIONAL_REPRESENTATION('',(#6260),#6264);
#6260 = B_SPLINE_CURVE_WITH_KNOTS('',2,(#6261,#6262,#6263),
  .UNSPECIFIED.,.F.,.F.,(3,3),(0.,1.),.PIECEWISE_BEZIER_KNOTS.);
#6261 = CARTESIAN_POINT('',(2.51220703125,2.60009765625));
#6262 = CARTESIAN_POINT('',(2.51220703125,2.38525390625));
#6263 = CARTESIAN_POINT('',(2.42431640625,2.177734375));
#6264 = ( GEOMETRIC_REPRESENTATION_CONTEXT(2) 
PARAMETRIC_REPRESENTATION_CONTEXT() REPRESENTATION_CONTEXT('2D SPACE',''
  ) );
#6265 = ORIENTED_EDGE('',*,*,#6173,.F.);
#6266 = ADVANCED_FACE('',(#6267),#1623,.T.);
#6267 = FACE_BOUND('',#6268,.T.);
#6268 = EDGE_LOOP('',(#6269,#6270,#6293,#6314));
#6269 = ORIENTED_EDGE('',*,*,#1593,.T.);
#6270 = ORIENTED_EDGE('',*,*,#6271,.T.);
#6271 = EDGE_CURVE('',#1537,#6272,#6274,.T.);
#6272 = VERTEX_POINT('',#6273);
#6273 = CARTESIAN_POINT('',(-2.65380859375,-21.09350585937,2.6));
#6274 = SURFACE_CURVE('',#6275,(#6279,#6286),.PCURVE_S1.);
#6275 = LINE('',#6276,#6277);
#6276 = CARTESIAN_POINT('',(-2.65380859375,-21.09350585937,1.9));
#6277 = VECTOR('',#6278,1.);
#6278 = DIRECTION('',(0.,0.,1.));
#6279 = PCURVE('',#1623,#6280);
#6280 = DEFINITIONAL_REPRESENTATION('',(#6281),#6285);
#6281 = LINE('',#6282,#6283);
#6282 = CARTESIAN_POINT('',(0.,0.));
#6283 = VECTOR('',#6284,1.);
#6284 = DIRECTION('',(0.,-1.));
#6285 = ( GEOMETRIC_REPRESENTATION_CONTEXT(2) 
PARAMETRIC_REPRESENTATION_CONTEXT() REPRESENTATION_CONTEXT('2D SPACE',''
  ) );
#6286 = PCURVE('',#1570,#6287);
#6287 = DEFINITIONAL_REPRESENTATION('',(#6288),#6292);
#6288 = LINE('',#6289,#6290);
#6289 = CARTESIAN_POINT('',(1.,0.));
#6290 = VECTOR('',#6291,1.);
#6291 = DIRECTION('',(0.,-1.));
#6292 = ( GEOMETRIC_REPRESENTATION_CONTEXT(2) 
PARAMETRIC_REPRESENTATION_CONTEXT() REPRESENTATION_CONTEXT('2D SPACE',''
  ) );
#6293 = ORIENTED_EDGE('',*,*,#6294,.T.);
#6294 = EDGE_CURVE('',#6272,#6223,#6295,.T.);
#6295 = SURFACE_CURVE('',#6296,(#6300,#6307),.PCURVE_S1.);
#6296 = B_SPLINE_CURVE_WITH_KNOTS('',2,(#6297,#6298,#6299),
  .UNSPECIFIED.,.F.,.F.,(3,3),(0.,1.),.PIECEWISE_BEZIER_KNOTS.);
#6297 = CARTESIAN_POINT('',(-2.65380859375,-21.09350585937,2.6));
#6298 = CARTESIAN_POINT('',(-2.353515625,-21.37915039062,2.6));
#6299 = CARTESIAN_POINT('',(-2.353515625,-21.80151367187,2.6));
#6300 = PCURVE('',#1623,#6301);
#6301 = DEFINITIONAL_REPRESENTATION('',(#6302),#6306);
#6302 = LINE('',#6303,#6304);
#6303 = CARTESIAN_POINT('',(0.,-0.7));
#6304 = VECTOR('',#6305,1.);
#6305 = DIRECTION('',(1.,0.));
#6306 = ( GEOMETRIC_REPRESENTATION_CONTEXT(2) 
PARAMETRIC_REPRESENTATION_CONTEXT() REPRESENTATION_CONTEXT('2D SPACE',''
  ) );
#6307 = PCURVE('',#5989,#6308);
#6308 = DEFINITIONAL_REPRESENTATION('',(#6309),#6313);
#6309 = B_SPLINE_CURVE_WITH_KNOTS('',2,(#6310,#6311,#6312),
  .UNSPECIFIED.,.F.,.F.,(3,3),(0.,1.),.PIECEWISE_BEZIER_KNOTS.);
#6310 = CARTESIAN_POINT('',(2.2119140625,3.30810546875));
#6311 = CARTESIAN_POINT('',(2.51220703125,3.0224609375));
#6312 = CARTESIAN_POINT('',(2.51220703125,2.60009765625));
#6313 = ( GEOMETRIC_REPRESENTATION_CONTEXT(2) 
PARAMETRIC_REPRESENTATION_CONTEXT() REPRESENTATION_CONTEXT('2D SPACE',''
  ) );
#6314 = ORIENTED_EDGE('',*,*,#6222,.F.);
#6315 = ADVANCED_FACE('',(#6316),#1570,.T.);
#6316 = FACE_BOUND('',#6317,.T.);
#6317 = EDGE_LOOP('',(#6318,#6319,#6342,#6363));
#6318 = ORIENTED_EDGE('',*,*,#1536,.T.);
#6319 = ORIENTED_EDGE('',*,*,#6320,.T.);
#6320 = EDGE_CURVE('',#1474,#6321,#6323,.T.);
#6321 = VERTEX_POINT('',#6322);
#6322 = CARTESIAN_POINT('',(-3.46923828125,-20.80786132812,2.6));
#6323 = SURFACE_CURVE('',#6324,(#6328,#6335),.PCURVE_S1.);
#6324 = LINE('',#6325,#6326);
#6325 = CARTESIAN_POINT('',(-3.46923828125,-20.80786132812,1.9));
#6326 = VECTOR('',#6327,1.);
#6327 = DIRECTION('',(0.,0.,1.));
#6328 = PCURVE('',#1570,#6329);
#6329 = DEFINITIONAL_REPRESENTATION('',(#6330),#6334);
#6330 = LINE('',#6331,#6332);
#6331 = CARTESIAN_POINT('',(0.,0.));
#6332 = VECTOR('',#6333,1.);
#6333 = DIRECTION('',(0.,-1.));
#6334 = ( GEOMETRIC_REPRESENTATION_CONTEXT(2) 
PARAMETRIC_REPRESENTATION_CONTEXT() REPRESENTATION_CONTEXT('2D SPACE',''
  ) );
#6335 = PCURVE('',#1511,#6336);
#6336 = DEFINITIONAL_REPRESENTATION('',(#6337),#6341);
#6337 = LINE('',#6338,#6339);
#6338 = CARTESIAN_POINT('',(1.,0.));
#6339 = VECTOR('',#6340,1.);
#6340 = DIRECTION('',(0.,-1.));
#6341 = ( GEOMETRIC_REPRESENTATION_CONTEXT(2) 
PARAMETRIC_REPRESENTATION_CONTEXT() REPRESENTATION_CONTEXT('2D SPACE',''
  ) );
#6342 = ORIENTED_EDGE('',*,*,#6343,.T.);
#6343 = EDGE_CURVE('',#6321,#6272,#6344,.T.);
#6344 = SURFACE_CURVE('',#6345,(#6349,#6356),.PCURVE_S1.);
#6345 = B_SPLINE_CURVE_WITH_KNOTS('',2,(#6346,#6347,#6348),
  .UNSPECIFIED.,.F.,.F.,(3,3),(0.,1.),.PIECEWISE_BEZIER_KNOTS.);
#6346 = CARTESIAN_POINT('',(-3.46923828125,-20.80786132812,2.6));
#6347 = CARTESIAN_POINT('',(-2.9541015625,-20.80786132812,2.6));
#6348 = CARTESIAN_POINT('',(-2.65380859375,-21.09350585937,2.6));
#6349 = PCURVE('',#1570,#6350);
#6350 = DEFINITIONAL_REPRESENTATION('',(#6351),#6355);
#6351 = LINE('',#6352,#6353);
#6352 = CARTESIAN_POINT('',(0.,-0.7));
#6353 = VECTOR('',#6354,1.);
#6354 = DIRECTION('',(1.,0.));
#6355 = ( GEOMETRIC_REPRESENTATION_CONTEXT(2) 
PARAMETRIC_REPRESENTATION_CONTEXT() REPRESENTATION_CONTEXT('2D SPACE',''
  ) );
#6356 = PCURVE('',#5989,#6357);
#6357 = DEFINITIONAL_REPRESENTATION('',(#6358),#6362);
#6358 = B_SPLINE_CURVE_WITH_KNOTS('',2,(#6359,#6360,#6361),
  .UNSPECIFIED.,.F.,.F.,(3,3),(0.,1.),.PIECEWISE_BEZIER_KNOTS.);
#6359 = CARTESIAN_POINT('',(1.396484375,3.59375));
#6360 = CARTESIAN_POINT('',(1.91162109375,3.59375));
#6361 = CARTESIAN_POINT('',(2.2119140625,3.30810546875));
#6362 = ( GEOMETRIC_REPRESENTATION_CONTEXT(2) 
PARAMETRIC_REPRESENTATION_CONTEXT() REPRESENTATION_CONTEXT('2D SPACE',''
  ) );
#6363 = ORIENTED_EDGE('',*,*,#6271,.F.);
#6364 = ADVANCED_FACE('',(#6365),#1511,.T.);
#6365 = FACE_BOUND('',#6366,.T.);
#6366 = EDGE_LOOP('',(#6367,#6368,#6391,#6412));
#6367 = ORIENTED_EDGE('',*,*,#1473,.T.);
#6368 = ORIENTED_EDGE('',*,*,#6369,.T.);
#6369 = EDGE_CURVE('',#1417,#6370,#6372,.T.);
#6370 = VERTEX_POINT('',#6371);
#6371 = CARTESIAN_POINT('',(-4.2822265625,-21.07275390625,2.6));
#6372 = SURFACE_CURVE('',#6373,(#6377,#6384),.PCURVE_S1.);
#6373 = LINE('',#6374,#6375);
#6374 = CARTESIAN_POINT('',(-4.2822265625,-21.07275390625,1.9));
#6375 = VECTOR('',#6376,1.);
#6376 = DIRECTION('',(0.,0.,1.));
#6377 = PCURVE('',#1511,#6378);
#6378 = DEFINITIONAL_REPRESENTATION('',(#6379),#6383);
#6379 = LINE('',#6380,#6381);
#6380 = CARTESIAN_POINT('',(0.,0.));
#6381 = VECTOR('',#6382,1.);
#6382 = DIRECTION('',(0.,-1.));
#6383 = ( GEOMETRIC_REPRESENTATION_CONTEXT(2) 
PARAMETRIC_REPRESENTATION_CONTEXT() REPRESENTATION_CONTEXT('2D SPACE',''
  ) );
#6384 = PCURVE('',#1450,#6385);
#6385 = DEFINITIONAL_REPRESENTATION('',(#6386),#6390);
#6386 = LINE('',#6387,#6388);
#6387 = CARTESIAN_POINT('',(1.,0.));
#6388 = VECTOR('',#6389,1.);
#6389 = DIRECTION('',(0.,-1.));
#6390 = ( GEOMETRIC_REPRESENTATION_CONTEXT(2) 
PARAMETRIC_REPRESENTATION_CONTEXT() REPRESENTATION_CONTEXT('2D SPACE',''
  ) );
#6391 = ORIENTED_EDGE('',*,*,#6392,.T.);
#6392 = EDGE_CURVE('',#6370,#6321,#6393,.T.);
#6393 = SURFACE_CURVE('',#6394,(#6398,#6405),.PCURVE_S1.);
#6394 = B_SPLINE_CURVE_WITH_KNOTS('',2,(#6395,#6396,#6397),
  .UNSPECIFIED.,.F.,.F.,(3,3),(0.,1.),.PIECEWISE_BEZIER_KNOTS.);
#6395 = CARTESIAN_POINT('',(-4.2822265625,-21.07275390625,2.6));
#6396 = CARTESIAN_POINT('',(-3.9794921875,-20.80786132812,2.6));
#6397 = CARTESIAN_POINT('',(-3.46923828125,-20.80786132812,2.6));
#6398 = PCURVE('',#1511,#6399);
#6399 = DEFINITIONAL_REPRESENTATION('',(#6400),#6404);
#6400 = LINE('',#6401,#6402);
#6401 = CARTESIAN_POINT('',(0.,-0.7));
#6402 = VECTOR('',#6403,1.);
#6403 = DIRECTION('',(1.,0.));
#6404 = ( GEOMETRIC_REPRESENTATION_CONTEXT(2) 
PARAMETRIC_REPRESENTATION_CONTEXT() REPRESENTATION_CONTEXT('2D SPACE',''
  ) );
#6405 = PCURVE('',#5989,#6406);
#6406 = DEFINITIONAL_REPRESENTATION('',(#6407),#6411);
#6407 = B_SPLINE_CURVE_WITH_KNOTS('',2,(#6408,#6409,#6410),
  .UNSPECIFIED.,.F.,.F.,(3,3),(0.,1.),.PIECEWISE_BEZIER_KNOTS.);
#6408 = CARTESIAN_POINT('',(0.58349609375,3.328857421875));
#6409 = CARTESIAN_POINT('',(0.88623046875,3.59375));
#6410 = CARTESIAN_POINT('',(1.396484375,3.59375));
#6411 = ( GEOMETRIC_REPRESENTATION_CONTEXT(2) 
PARAMETRIC_REPRESENTATION_CONTEXT() REPRESENTATION_CONTEXT('2D SPACE',''
  ) );
#6412 = ORIENTED_EDGE('',*,*,#6320,.F.);
#6413 = ADVANCED_FACE('',(#6414),#1450,.T.);
#6414 = FACE_BOUND('',#6415,.T.);
#6415 = EDGE_LOOP('',(#6416,#6417,#6440,#6461));
#6416 = ORIENTED_EDGE('',*,*,#1416,.T.);
#6417 = ORIENTED_EDGE('',*,*,#6418,.T.);
#6418 = EDGE_CURVE('',#1390,#6419,#6421,.T.);
#6419 = VERTEX_POINT('',#6420);
#6420 = CARTESIAN_POINT('',(-4.63134765625,-21.84301757812,2.6));
#6421 = SURFACE_CURVE('',#6422,(#6426,#6433),.PCURVE_S1.);
#6422 = LINE('',#6423,#6424);
#6423 = CARTESIAN_POINT('',(-4.63134765625,-21.84301757812,1.9));
#6424 = VECTOR('',#6425,1.);
#6425 = DIRECTION('',(0.,0.,1.));
#6426 = PCURVE('',#1450,#6427);
#6427 = DEFINITIONAL_REPRESENTATION('',(#6428),#6432);
#6428 = LINE('',#6429,#6430);
#6429 = CARTESIAN_POINT('',(0.,0.));
#6430 = VECTOR('',#6431,1.);
#6431 = DIRECTION('',(0.,-1.));
#6432 = ( GEOMETRIC_REPRESENTATION_CONTEXT(2) 
PARAMETRIC_REPRESENTATION_CONTEXT() REPRESENTATION_CONTEXT('2D SPACE',''
  ) );
#6433 = PCURVE('',#1405,#6434);
#6434 = DEFINITIONAL_REPRESENTATION('',(#6435),#6439);
#6435 = LINE('',#6436,#6437);
#6436 = CARTESIAN_POINT('',(0.454035928557,0.));
#6437 = VECTOR('',#6438,1.);
#6438 = DIRECTION('',(0.,-1.));
#6439 = ( GEOMETRIC_REPRESENTATION_CONTEXT(2) 
PARAMETRIC_REPRESENTATION_CONTEXT() REPRESENTATION_CONTEXT('2D SPACE',''
  ) );
#6440 = ORIENTED_EDGE('',*,*,#6441,.T.);
#6441 = EDGE_CURVE('',#6419,#6370,#6442,.T.);
#6442 = SURFACE_CURVE('',#6443,(#6447,#6454),.PCURVE_S1.);
#6443 = B_SPLINE_CURVE_WITH_KNOTS('',2,(#6444,#6445,#6446),
  .UNSPECIFIED.,.F.,.F.,(3,3),(0.,1.),.PIECEWISE_BEZIER_KNOTS.);
#6444 = CARTESIAN_POINT('',(-4.63134765625,-21.84301757812,2.6));
#6445 = CARTESIAN_POINT('',(-4.5849609375,-21.33764648437,2.6));
#6446 = CARTESIAN_POINT('',(-4.2822265625,-21.07275390625,2.6));
#6447 = PCURVE('',#1450,#6448);
#6448 = DEFINITIONAL_REPRESENTATION('',(#6449),#6453);
#6449 = LINE('',#6450,#6451);
#6450 = CARTESIAN_POINT('',(0.,-0.7));
#6451 = VECTOR('',#6452,1.);
#6452 = DIRECTION('',(1.,0.));
#6453 = ( GEOMETRIC_REPRESENTATION_CONTEXT(2) 
PARAMETRIC_REPRESENTATION_CONTEXT() REPRESENTATION_CONTEXT('2D SPACE',''
  ) );
#6454 = PCURVE('',#5989,#6455);
#6455 = DEFINITIONAL_REPRESENTATION('',(#6456),#6460);
#6456 = B_SPLINE_CURVE_WITH_KNOTS('',2,(#6457,#6458,#6459),
  .UNSPECIFIED.,.F.,.F.,(3,3),(0.,1.),.PIECEWISE_BEZIER_KNOTS.);
#6457 = CARTESIAN_POINT('',(0.234375,2.55859375));
#6458 = CARTESIAN_POINT('',(0.28076171875,3.06396484375));
#6459 = CARTESIAN_POINT('',(0.58349609375,3.328857421875));
#6460 = ( GEOMETRIC_REPRESENTATION_CONTEXT(2) 
PARAMETRIC_REPRESENTATION_CONTEXT() REPRESENTATION_CONTEXT('2D SPACE',''
  ) );
#6461 = ORIENTED_EDGE('',*,*,#6369,.F.);
#6462 = ADVANCED_FACE('',(#6463),#1405,.T.);
#6463 = FACE_BOUND('',#6464,.T.);
#6464 = EDGE_LOOP('',(#6465,#6466,#6489,#6510));
#6465 = ORIENTED_EDGE('',*,*,#1389,.T.);
#6466 = ORIENTED_EDGE('',*,*,#6467,.T.);
#6467 = EDGE_CURVE('',#1333,#6468,#6470,.T.);
#6468 = VERTEX_POINT('',#6469);
#6469 = CARTESIAN_POINT('',(-4.1796875,-21.88940429687,2.6));
#6470 = SURFACE_CURVE('',#6471,(#6475,#6482),.PCURVE_S1.);
#6471 = LINE('',#6472,#6473);
#6472 = CARTESIAN_POINT('',(-4.1796875,-21.88940429687,1.9));
#6473 = VECTOR('',#6474,1.);
#6474 = DIRECTION('',(0.,0.,1.));
#6475 = PCURVE('',#1405,#6476);
#6476 = DEFINITIONAL_REPRESENTATION('',(#6477),#6481);
#6477 = LINE('',#6478,#6479);
#6478 = CARTESIAN_POINT('',(0.,0.));
#6479 = VECTOR('',#6480,1.);
#6480 = DIRECTION('',(0.,-1.));
#6481 = ( GEOMETRIC_REPRESENTATION_CONTEXT(2) 
PARAMETRIC_REPRESENTATION_CONTEXT() REPRESENTATION_CONTEXT('2D SPACE',''
  ) );
#6482 = PCURVE('',#1366,#6483);
#6483 = DEFINITIONAL_REPRESENTATION('',(#6484),#6488);
#6484 = LINE('',#6485,#6486);
#6485 = CARTESIAN_POINT('',(1.,0.));
#6486 = VECTOR('',#6487,1.);
#6487 = DIRECTION('',(0.,-1.));
#6488 = ( GEOMETRIC_REPRESENTATION_CONTEXT(2) 
PARAMETRIC_REPRESENTATION_CONTEXT() REPRESENTATION_CONTEXT('2D SPACE',''
  ) );
#6489 = ORIENTED_EDGE('',*,*,#6490,.T.);
#6490 = EDGE_CURVE('',#6468,#6419,#6491,.T.);
#6491 = SURFACE_CURVE('',#6492,(#6496,#6503),.PCURVE_S1.);
#6492 = LINE('',#6493,#6494);
#6493 = CARTESIAN_POINT('',(-4.1796875,-21.88940429687,2.6));
#6494 = VECTOR('',#6495,1.);
#6495 = DIRECTION('',(-0.994767435445,0.102165304181,0.));
#6496 = PCURVE('',#1405,#6497);
#6497 = DEFINITIONAL_REPRESENTATION('',(#6498),#6502);
#6498 = LINE('',#6499,#6500);
#6499 = CARTESIAN_POINT('',(0.,-0.7));
#6500 = VECTOR('',#6501,1.);
#6501 = DIRECTION('',(1.,0.));
#6502 = ( GEOMETRIC_REPRESENTATION_CONTEXT(2) 
PARAMETRIC_REPRESENTATION_CONTEXT() REPRESENTATION_CONTEXT('2D SPACE',''
  ) );
#6503 = PCURVE('',#5989,#6504);
#6504 = DEFINITIONAL_REPRESENTATION('',(#6505),#6509);
#6505 = LINE('',#6506,#6507);
#6506 = CARTESIAN_POINT('',(0.68603515625,2.51220703125));
#6507 = VECTOR('',#6508,1.);
#6508 = DIRECTION('',(-0.994767435445,0.102165304181));
#6509 = ( GEOMETRIC_REPRESENTATION_CONTEXT(2) 
PARAMETRIC_REPRESENTATION_CONTEXT() REPRESENTATION_CONTEXT('2D SPACE',''
  ) );
#6510 = ORIENTED_EDGE('',*,*,#6418,.F.);
#6511 = ADVANCED_FACE('',(#6512),#1366,.T.);
#6512 = FACE_BOUND('',#6513,.T.);
#6513 = EDGE_LOOP('',(#6514,#6515,#6538,#6559));
#6514 = ORIENTED_EDGE('',*,*,#1332,.T.);
#6515 = ORIENTED_EDGE('',*,*,#6516,.T.);
#6516 = EDGE_CURVE('',#1282,#6517,#6519,.T.);
#6517 = VERTEX_POINT('',#6518);
#6518 = CARTESIAN_POINT('',(-3.98681640625,-21.36206054687,2.6));
#6519 = SURFACE_CURVE('',#6520,(#6524,#6531),.PCURVE_S1.);
#6520 = LINE('',#6521,#6522);
#6521 = CARTESIAN_POINT('',(-3.98681640625,-21.36206054687,1.9));
#6522 = VECTOR('',#6523,1.);
#6523 = DIRECTION('',(0.,0.,1.));
#6524 = PCURVE('',#1366,#6525);
#6525 = DEFINITIONAL_REPRESENTATION('',(#6526),#6530);
#6526 = LINE('',#6527,#6528);
#6527 = CARTESIAN_POINT('',(0.,0.));
#6528 = VECTOR('',#6529,1.);
#6529 = DIRECTION('',(0.,-1.));
#6530 = ( GEOMETRIC_REPRESENTATION_CONTEXT(2) 
PARAMETRIC_REPRESENTATION_CONTEXT() REPRESENTATION_CONTEXT('2D SPACE',''
  ) );
#6531 = PCURVE('',#1311,#6532);
#6532 = DEFINITIONAL_REPRESENTATION('',(#6533),#6537);
#6533 = LINE('',#6534,#6535);
#6534 = CARTESIAN_POINT('',(1.,0.));
#6535 = VECTOR('',#6536,1.);
#6536 = DIRECTION('',(0.,-1.));
#6537 = ( GEOMETRIC_REPRESENTATION_CONTEXT(2) 
PARAMETRIC_REPRESENTATION_CONTEXT() REPRESENTATION_CONTEXT('2D SPACE',''
  ) );
#6538 = ORIENTED_EDGE('',*,*,#6539,.T.);
#6539 = EDGE_CURVE('',#6517,#6468,#6540,.T.);
#6540 = SURFACE_CURVE('',#6541,(#6545,#6552),.PCURVE_S1.);
#6541 = B_SPLINE_CURVE_WITH_KNOTS('',2,(#6542,#6543,#6544),
  .UNSPECIFIED.,.F.,.F.,(3,3),(0.,1.),.PIECEWISE_BEZIER_KNOTS.);
#6542 = CARTESIAN_POINT('',(-3.98681640625,-21.36206054687,2.6));
#6543 = CARTESIAN_POINT('',(-4.17724609375,-21.55249023437,2.6));
#6544 = CARTESIAN_POINT('',(-4.1796875,-21.88940429687,2.6));
#6545 = PCURVE('',#1366,#6546);
#6546 = DEFINITIONAL_REPRESENTATION('',(#6547),#6551);
#6547 = LINE('',#6548,#6549);
#6548 = CARTESIAN_POINT('',(0.,-0.7));
#6549 = VECTOR('',#6550,1.);
#6550 = DIRECTION('',(1.,0.));
#6551 = ( GEOMETRIC_REPRESENTATION_CONTEXT(2) 
PARAMETRIC_REPRESENTATION_CONTEXT() REPRESENTATION_CONTEXT('2D SPACE',''
  ) );
#6552 = PCURVE('',#5989,#6553);
#6553 = DEFINITIONAL_REPRESENTATION('',(#6554),#6558);
#6554 = B_SPLINE_CURVE_WITH_KNOTS('',2,(#6555,#6556,#6557),
  .UNSPECIFIED.,.F.,.F.,(3,3),(0.,1.),.PIECEWISE_BEZIER_KNOTS.);
#6555 = CARTESIAN_POINT('',(0.87890625,3.03955078125));
#6556 = CARTESIAN_POINT('',(0.6884765625,2.84912109375));
#6557 = CARTESIAN_POINT('',(0.68603515625,2.51220703125));
#6558 = ( GEOMETRIC_REPRESENTATION_CONTEXT(2) 
PARAMETRIC_REPRESENTATION_CONTEXT() REPRESENTATION_CONTEXT('2D SPACE',''
  ) );
#6559 = ORIENTED_EDGE('',*,*,#6467,.F.);
#6560 = ADVANCED_FACE('',(#6561),#1311,.T.);
#6561 = FACE_BOUND('',#6562,.T.);
#6562 = EDGE_LOOP('',(#6563,#6564,#6587,#6608));
#6563 = ORIENTED_EDGE('',*,*,#1281,.T.);
#6564 = ORIENTED_EDGE('',*,*,#6565,.T.);
#6565 = EDGE_CURVE('',#1231,#6566,#6568,.T.);
#6566 = VERTEX_POINT('',#6567);
#6567 = CARTESIAN_POINT('',(-3.47900390625,-21.17163085937,2.6));
#6568 = SURFACE_CURVE('',#6569,(#6573,#6580),.PCURVE_S1.);
#6569 = LINE('',#6570,#6571);
#6570 = CARTESIAN_POINT('',(-3.47900390625,-21.17163085937,1.9));
#6571 = VECTOR('',#6572,1.);
#6572 = DIRECTION('',(0.,0.,1.));
#6573 = PCURVE('',#1311,#6574);
#6574 = DEFINITIONAL_REPRESENTATION('',(#6575),#6579);
#6575 = LINE('',#6576,#6577);
#6576 = CARTESIAN_POINT('',(0.,0.));
#6577 = VECTOR('',#6578,1.);
#6578 = DIRECTION('',(0.,-1.));
#6579 = ( GEOMETRIC_REPRESENTATION_CONTEXT(2) 
PARAMETRIC_REPRESENTATION_CONTEXT() REPRESENTATION_CONTEXT('2D SPACE',''
  ) );
#6580 = PCURVE('',#1260,#6581);
#6581 = DEFINITIONAL_REPRESENTATION('',(#6582),#6586);
#6582 = LINE('',#6583,#6584);
#6583 = CARTESIAN_POINT('',(1.,0.));
#6584 = VECTOR('',#6585,1.);
#6585 = DIRECTION('',(0.,-1.));
#6586 = ( GEOMETRIC_REPRESENTATION_CONTEXT(2) 
PARAMETRIC_REPRESENTATION_CONTEXT() REPRESENTATION_CONTEXT('2D SPACE',''
  ) );
#6587 = ORIENTED_EDGE('',*,*,#6588,.T.);
#6588 = EDGE_CURVE('',#6566,#6517,#6589,.T.);
#6589 = SURFACE_CURVE('',#6590,(#6594,#6601),.PCURVE_S1.);
#6590 = B_SPLINE_CURVE_WITH_KNOTS('',2,(#6591,#6592,#6593),
  .UNSPECIFIED.,.F.,.F.,(3,3),(0.,1.),.PIECEWISE_BEZIER_KNOTS.);
#6591 = CARTESIAN_POINT('',(-3.47900390625,-21.17163085937,2.6));
#6592 = CARTESIAN_POINT('',(-3.79638671875,-21.17163085937,2.6));
#6593 = CARTESIAN_POINT('',(-3.98681640625,-21.36206054687,2.6));
#6594 = PCURVE('',#1311,#6595);
#6595 = DEFINITIONAL_REPRESENTATION('',(#6596),#6600);
#6596 = LINE('',#6597,#6598);
#6597 = CARTESIAN_POINT('',(0.,-0.7));
#6598 = VECTOR('',#6599,1.);
#6599 = DIRECTION('',(1.,0.));
#6600 = ( GEOMETRIC_REPRESENTATION_CONTEXT(2) 
PARAMETRIC_REPRESENTATION_CONTEXT() REPRESENTATION_CONTEXT('2D SPACE',''
  ) );
#6601 = PCURVE('',#5989,#6602);
#6602 = DEFINITIONAL_REPRESENTATION('',(#6603),#6607);
#6603 = B_SPLINE_CURVE_WITH_KNOTS('',2,(#6604,#6605,#6606),
  .UNSPECIFIED.,.F.,.F.,(3,3),(0.,1.),.PIECEWISE_BEZIER_KNOTS.);
#6604 = CARTESIAN_POINT('',(1.38671875,3.22998046875));
#6605 = CARTESIAN_POINT('',(1.0693359375,3.22998046875));
#6606 = CARTESIAN_POINT('',(0.87890625,3.03955078125));
#6607 = ( GEOMETRIC_REPRESENTATION_CONTEXT(2) 
PARAMETRIC_REPRESENTATION_CONTEXT() REPRESENTATION_CONTEXT('2D SPACE',''
  ) );
#6608 = ORIENTED_EDGE('',*,*,#6516,.F.);
#6609 = ADVANCED_FACE('',(#6610),#1260,.T.);
#6610 = FACE_BOUND('',#6611,.T.);
#6611 = EDGE_LOOP('',(#6612,#6613,#6636,#6657));
#6612 = ORIENTED_EDGE('',*,*,#1230,.T.);
#6613 = ORIENTED_EDGE('',*,*,#6614,.T.);
#6614 = EDGE_CURVE('',#1180,#6615,#6617,.T.);
#6615 = VERTEX_POINT('',#6616);
#6616 = CARTESIAN_POINT('',(-2.991943359375,-21.35107421875,2.6));
#6617 = SURFACE_CURVE('',#6618,(#6622,#6629),.PCURVE_S1.);
#6618 = LINE('',#6619,#6620);
#6619 = CARTESIAN_POINT('',(-2.991943359375,-21.35107421875,1.9));
#6620 = VECTOR('',#6621,1.);
#6621 = DIRECTION('',(0.,0.,1.));
#6622 = PCURVE('',#1260,#6623);
#6623 = DEFINITIONAL_REPRESENTATION('',(#6624),#6628);
#6624 = LINE('',#6625,#6626);
#6625 = CARTESIAN_POINT('',(0.,0.));
#6626 = VECTOR('',#6627,1.);
#6627 = DIRECTION('',(0.,-1.));
#6628 = ( GEOMETRIC_REPRESENTATION_CONTEXT(2) 
PARAMETRIC_REPRESENTATION_CONTEXT() REPRESENTATION_CONTEXT('2D SPACE',''
  ) );
#6629 = PCURVE('',#1209,#6630);
#6630 = DEFINITIONAL_REPRESENTATION('',(#6631),#6635);
#6631 = LINE('',#6632,#6633);
#6632 = CARTESIAN_POINT('',(1.,0.));
#6633 = VECTOR('',#6634,1.);
#6634 = DIRECTION('',(0.,-1.));
#6635 = ( GEOMETRIC_REPRESENTATION_CONTEXT(2) 
PARAMETRIC_REPRESENTATION_CONTEXT() REPRESENTATION_CONTEXT('2D SPACE',''
  ) );
#6636 = ORIENTED_EDGE('',*,*,#6637,.T.);
#6637 = EDGE_CURVE('',#6615,#6566,#6638,.T.);
#6638 = SURFACE_CURVE('',#6639,(#6643,#6650),.PCURVE_S1.);
#6639 = B_SPLINE_CURVE_WITH_KNOTS('',2,(#6640,#6641,#6642),
  .UNSPECIFIED.,.F.,.F.,(3,3),(0.,1.),.PIECEWISE_BEZIER_KNOTS.);
#6640 = CARTESIAN_POINT('',(-2.991943359375,-21.35107421875,2.6));
#6641 = CARTESIAN_POINT('',(-3.1787109375,-21.17163085937,2.6));
#6642 = CARTESIAN_POINT('',(-3.47900390625,-21.17163085937,2.6));
#6643 = PCURVE('',#1260,#6644);
#6644 = DEFINITIONAL_REPRESENTATION('',(#6645),#6649);
#6645 = LINE('',#6646,#6647);
#6646 = CARTESIAN_POINT('',(0.,-0.7));
#6647 = VECTOR('',#6648,1.);
#6648 = DIRECTION('',(1.,0.));
#6649 = ( GEOMETRIC_REPRESENTATION_CONTEXT(2) 
PARAMETRIC_REPRESENTATION_CONTEXT() REPRESENTATION_CONTEXT('2D SPACE',''
  ) );
#6650 = PCURVE('',#5989,#6651);
#6651 = DEFINITIONAL_REPRESENTATION('',(#6652),#6656);
#6652 = B_SPLINE_CURVE_WITH_KNOTS('',2,(#6653,#6654,#6655),
  .UNSPECIFIED.,.F.,.F.,(3,3),(0.,1.),.PIECEWISE_BEZIER_KNOTS.);
#6653 = CARTESIAN_POINT('',(1.873779296875,3.050537109375));
#6654 = CARTESIAN_POINT('',(1.68701171875,3.22998046875));
#6655 = CARTESIAN_POINT('',(1.38671875,3.22998046875));
#6656 = ( GEOMETRIC_REPRESENTATION_CONTEXT(2) 
PARAMETRIC_REPRESENTATION_CONTEXT() REPRESENTATION_CONTEXT('2D SPACE',''
  ) );
#6657 = ORIENTED_EDGE('',*,*,#6565,.F.);
#6658 = ADVANCED_FACE('',(#6659),#1209,.T.);
#6659 = FACE_BOUND('',#6660,.T.);
#6660 = EDGE_LOOP('',(#6661,#6662,#6685,#6706));
#6661 = ORIENTED_EDGE('',*,*,#1179,.T.);
#6662 = ORIENTED_EDGE('',*,*,#6663,.T.);
#6663 = EDGE_CURVE('',#1129,#6664,#6666,.T.);
#6664 = VERTEX_POINT('',#6665);
#6665 = CARTESIAN_POINT('',(-2.80517578125,-21.79174804687,2.6));
#6666 = SURFACE_CURVE('',#6667,(#6671,#6678),.PCURVE_S1.);
#6667 = LINE('',#6668,#6669);
#6668 = CARTESIAN_POINT('',(-2.80517578125,-21.79174804687,1.9));
#6669 = VECTOR('',#6670,1.);
#6670 = DIRECTION('',(0.,0.,1.));
#6671 = PCURVE('',#1209,#6672);
#6672 = DEFINITIONAL_REPRESENTATION('',(#6673),#6677);
#6673 = LINE('',#6674,#6675);
#6674 = CARTESIAN_POINT('',(0.,0.));
#6675 = VECTOR('',#6676,1.);
#6676 = DIRECTION('',(0.,-1.));
#6677 = ( GEOMETRIC_REPRESENTATION_CONTEXT(2) 
PARAMETRIC_REPRESENTATION_CONTEXT() REPRESENTATION_CONTEXT('2D SPACE',''
  ) );
#6678 = PCURVE('',#1158,#6679);
#6679 = DEFINITIONAL_REPRESENTATION('',(#6680),#6684);
#6680 = LINE('',#6681,#6682);
#6681 = CARTESIAN_POINT('',(1.,0.));
#6682 = VECTOR('',#6683,1.);
#6683 = DIRECTION('',(0.,-1.));
#6684 = ( GEOMETRIC_REPRESENTATION_CONTEXT(2) 
PARAMETRIC_REPRESENTATION_CONTEXT() REPRESENTATION_CONTEXT('2D SPACE',''
  ) );
#6685 = ORIENTED_EDGE('',*,*,#6686,.T.);
#6686 = EDGE_CURVE('',#6664,#6615,#6687,.T.);
#6687 = SURFACE_CURVE('',#6688,(#6692,#6699),.PCURVE_S1.);
#6688 = B_SPLINE_CURVE_WITH_KNOTS('',2,(#6689,#6690,#6691),
  .UNSPECIFIED.,.F.,.F.,(3,3),(0.,1.),.PIECEWISE_BEZIER_KNOTS.);
#6689 = CARTESIAN_POINT('',(-2.80517578125,-21.79174804687,2.6));
#6690 = CARTESIAN_POINT('',(-2.80517578125,-21.53051757812,2.6));
#6691 = CARTESIAN_POINT('',(-2.991943359375,-21.35107421875,2.6));
#6692 = PCURVE('',#1209,#6693);
#6693 = DEFINITIONAL_REPRESENTATION('',(#6694),#6698);
#6694 = LINE('',#6695,#6696);
#6695 = CARTESIAN_POINT('',(0.,-0.7));
#6696 = VECTOR('',#6697,1.);
#6697 = DIRECTION('',(1.,0.));
#6698 = ( GEOMETRIC_REPRESENTATION_CONTEXT(2) 
PARAMETRIC_REPRESENTATION_CONTEXT() REPRESENTATION_CONTEXT('2D SPACE',''
  ) );
#6699 = PCURVE('',#5989,#6700);
#6700 = DEFINITIONAL_REPRESENTATION('',(#6701),#6705);
#6701 = B_SPLINE_CURVE_WITH_KNOTS('',2,(#6702,#6703,#6704),
  .UNSPECIFIED.,.F.,.F.,(3,3),(0.,1.),.PIECEWISE_BEZIER_KNOTS.);
#6702 = CARTESIAN_POINT('',(2.060546875,2.60986328125));
#6703 = CARTESIAN_POINT('',(2.060546875,2.87109375));
#6704 = CARTESIAN_POINT('',(1.873779296875,3.050537109375));
#6705 = ( GEOMETRIC_REPRESENTATION_CONTEXT(2) 
PARAMETRIC_REPRESENTATION_CONTEXT() REPRESENTATION_CONTEXT('2D SPACE',''
  ) );
#6706 = ORIENTED_EDGE('',*,*,#6614,.F.);
#6707 = ADVANCED_FACE('',(#6708),#1158,.T.);
#6708 = FACE_BOUND('',#6709,.T.);
#6709 = EDGE_LOOP('',(#6710,#6711,#6734,#6755));
#6710 = ORIENTED_EDGE('',*,*,#1128,.T.);
#6711 = ORIENTED_EDGE('',*,*,#6712,.T.);
#6712 = EDGE_CURVE('',#1081,#6713,#6715,.T.);
#6713 = VERTEX_POINT('',#6714);
#6714 = CARTESIAN_POINT('',(-3.01025390625,-22.3203125,2.6));
#6715 = SURFACE_CURVE('',#6716,(#6720,#6727),.PCURVE_S1.);
#6716 = LINE('',#6717,#6718);
#6717 = CARTESIAN_POINT('',(-3.01025390625,-22.3203125,1.9));
#6718 = VECTOR('',#6719,1.);
#6719 = DIRECTION('',(0.,0.,1.));
#6720 = PCURVE('',#1158,#6721);
#6721 = DEFINITIONAL_REPRESENTATION('',(#6722),#6726);
#6722 = LINE('',#6723,#6724);
#6723 = CARTESIAN_POINT('',(0.,0.));
#6724 = VECTOR('',#6725,1.);
#6725 = DIRECTION('',(0.,-1.));
#6726 = ( GEOMETRIC_REPRESENTATION_CONTEXT(2) 
PARAMETRIC_REPRESENTATION_CONTEXT() REPRESENTATION_CONTEXT('2D SPACE',''
  ) );
#6727 = PCURVE('',#1108,#6728);
#6728 = DEFINITIONAL_REPRESENTATION('',(#6729),#6733);
#6729 = LINE('',#6730,#6731);
#6730 = CARTESIAN_POINT('',(1.,0.));
#6731 = VECTOR('',#6732,1.);
#6732 = DIRECTION('',(0.,-1.));
#6733 = ( GEOMETRIC_REPRESENTATION_CONTEXT(2) 
PARAMETRIC_REPRESENTATION_CONTEXT() REPRESENTATION_CONTEXT('2D SPACE',''
  ) );
#6734 = ORIENTED_EDGE('',*,*,#6735,.T.);
#6735 = EDGE_CURVE('',#6713,#6664,#6736,.T.);
#6736 = SURFACE_CURVE('',#6737,(#6741,#6748),.PCURVE_S1.);
#6737 = B_SPLINE_CURVE_WITH_KNOTS('',2,(#6738,#6739,#6740),
  .UNSPECIFIED.,.F.,.F.,(3,3),(0.,1.),.PIECEWISE_BEZIER_KNOTS.);
#6738 = CARTESIAN_POINT('',(-3.01025390625,-22.3203125,2.6));
#6739 = CARTESIAN_POINT('',(-2.80517578125,-22.04077148437,2.6));
#6740 = CARTESIAN_POINT('',(-2.80517578125,-21.79174804687,2.6));
#6741 = PCURVE('',#1158,#6742);
#6742 = DEFINITIONAL_REPRESENTATION('',(#6743),#6747);
#6743 = LINE('',#6744,#6745);
#6744 = CARTESIAN_POINT('',(0.,-0.7));
#6745 = VECTOR('',#6746,1.);
#6746 = DIRECTION('',(1.,0.));
#6747 = ( GEOMETRIC_REPRESENTATION_CONTEXT(2) 
PARAMETRIC_REPRESENTATION_CONTEXT() REPRESENTATION_CONTEXT('2D SPACE',''
  ) );
#6748 = PCURVE('',#5989,#6749);
#6749 = DEFINITIONAL_REPRESENTATION('',(#6750),#6754);
#6750 = B_SPLINE_CURVE_WITH_KNOTS('',2,(#6751,#6752,#6753),
  .UNSPECIFIED.,.F.,.F.,(3,3),(0.,1.),.PIECEWISE_BEZIER_KNOTS.);
#6751 = CARTESIAN_POINT('',(1.85546875,2.081298828125));
#6752 = CARTESIAN_POINT('',(2.060546875,2.36083984375));
#6753 = CARTESIAN_POINT('',(2.060546875,2.60986328125));
#6754 = ( GEOMETRIC_REPRESENTATION_CONTEXT(2) 
PARAMETRIC_REPRESENTATION_CONTEXT() REPRESENTATION_CONTEXT('2D SPACE',''
  ) );
#6755 = ORIENTED_EDGE('',*,*,#6663,.F.);
#6756 = ADVANCED_FACE('',(#6757),#1108,.T.);
#6757 = FACE_BOUND('',#6758,.T.);
#6758 = EDGE_LOOP('',(#6759,#6760,#6783,#6804));
#6759 = ORIENTED_EDGE('',*,*,#1080,.T.);
#6760 = ORIENTED_EDGE('',*,*,#6761,.T.);
#6761 = EDGE_CURVE('',#1039,#6762,#6764,.T.);
#6762 = VERTEX_POINT('',#6763);
#6763 = CARTESIAN_POINT('',(-3.798828125,-23.07836914062,2.6));
#6764 = SURFACE_CURVE('',#6765,(#6769,#6776),.PCURVE_S1.);
#6765 = LINE('',#6766,#6767);
#6766 = CARTESIAN_POINT('',(-3.798828125,-23.07836914062,1.9));
#6767 = VECTOR('',#6768,1.);
#6768 = DIRECTION('',(0.,0.,1.));
#6769 = PCURVE('',#1108,#6770);
#6770 = DEFINITIONAL_REPRESENTATION('',(#6771),#6775);
#6771 = LINE('',#6772,#6773);
#6772 = CARTESIAN_POINT('',(0.,0.));
#6773 = VECTOR('',#6774,1.);
#6774 = DIRECTION('',(0.,-1.));
#6775 = ( GEOMETRIC_REPRESENTATION_CONTEXT(2) 
PARAMETRIC_REPRESENTATION_CONTEXT() REPRESENTATION_CONTEXT('2D SPACE',''
  ) );
#6776 = PCURVE('',#1062,#6777);
#6777 = DEFINITIONAL_REPRESENTATION('',(#6778),#6782);
#6778 = LINE('',#6779,#6780);
#6779 = CARTESIAN_POINT('',(1.,0.));
#6780 = VECTOR('',#6781,1.);
#6781 = DIRECTION('',(0.,-1.));
#6782 = ( GEOMETRIC_REPRESENTATION_CONTEXT(2) 
PARAMETRIC_REPRESENTATION_CONTEXT() REPRESENTATION_CONTEXT('2D SPACE',''
  ) );
#6783 = ORIENTED_EDGE('',*,*,#6784,.T.);
#6784 = EDGE_CURVE('',#6762,#6713,#6785,.T.);
#6785 = SURFACE_CURVE('',#6786,(#6790,#6797),.PCURVE_S1.);
#6786 = B_SPLINE_CURVE_WITH_KNOTS('',2,(#6787,#6788,#6789),
  .UNSPECIFIED.,.F.,.F.,(3,3),(0.,1.),.PIECEWISE_BEZIER_KNOTS.);
#6787 = CARTESIAN_POINT('',(-3.798828125,-23.07836914062,2.6));
#6788 = CARTESIAN_POINT('',(-3.21533203125,-22.59985351562,2.6));
#6789 = CARTESIAN_POINT('',(-3.01025390625,-22.3203125,2.6));
#6790 = PCURVE('',#1108,#6791);
#6791 = DEFINITIONAL_REPRESENTATION('',(#6792),#6796);
#6792 = LINE('',#6793,#6794);
#6793 = CARTESIAN_POINT('',(0.,-0.7));
#6794 = VECTOR('',#6795,1.);
#6795 = DIRECTION('',(1.,0.));
#6796 = ( GEOMETRIC_REPRESENTATION_CONTEXT(2) 
PARAMETRIC_REPRESENTATION_CONTEXT() REPRESENTATION_CONTEXT('2D SPACE',''
  ) );
#6797 = PCURVE('',#5989,#6798);
#6798 = DEFINITIONAL_REPRESENTATION('',(#6799),#6803);
#6799 = B_SPLINE_CURVE_WITH_KNOTS('',2,(#6800,#6801,#6802),
  .UNSPECIFIED.,.F.,.F.,(3,3),(0.,1.),.PIECEWISE_BEZIER_KNOTS.);
#6800 = CARTESIAN_POINT('',(1.06689453125,1.3232421875));
#6801 = CARTESIAN_POINT('',(1.650390625,1.8017578125));
#6802 = CARTESIAN_POINT('',(1.85546875,2.081298828125));
#6803 = ( GEOMETRIC_REPRESENTATION_CONTEXT(2) 
PARAMETRIC_REPRESENTATION_CONTEXT() REPRESENTATION_CONTEXT('2D SPACE',''
  ) );
#6804 = ORIENTED_EDGE('',*,*,#6712,.F.);
#6805 = ADVANCED_FACE('',(#6806),#1062,.T.);
#6806 = FACE_BOUND('',#6807,.T.);
#6807 = EDGE_LOOP('',(#6808,#6809,#6832,#6853));
#6808 = ORIENTED_EDGE('',*,*,#1038,.T.);
#6809 = ORIENTED_EDGE('',*,*,#6810,.T.);
#6810 = EDGE_CURVE('',#1000,#6811,#6813,.T.);
#6811 = VERTEX_POINT('',#6812);
#6812 = CARTESIAN_POINT('',(-4.373779296875,-23.62036132812,2.6));
#6813 = SURFACE_CURVE('',#6814,(#6818,#6825),.PCURVE_S1.);
#6814 = LINE('',#6815,#6816);
#6815 = CARTESIAN_POINT('',(-4.373779296875,-23.62036132812,1.9));
#6816 = VECTOR('',#6817,1.);
#6817 = DIRECTION('',(0.,0.,1.));
#6818 = PCURVE('',#1062,#6819);
#6819 = DEFINITIONAL_REPRESENTATION('',(#6820),#6824);
#6820 = LINE('',#6821,#6822);
#6821 = CARTESIAN_POINT('',(0.,0.));
#6822 = VECTOR('',#6823,1.);
#6823 = DIRECTION('',(0.,-1.));
#6824 = ( GEOMETRIC_REPRESENTATION_CONTEXT(2) 
PARAMETRIC_REPRESENTATION_CONTEXT() REPRESENTATION_CONTEXT('2D SPACE',''
  ) );
#6825 = PCURVE('',#1021,#6826);
#6826 = DEFINITIONAL_REPRESENTATION('',(#6827),#6831);
#6827 = LINE('',#6828,#6829);
#6828 = CARTESIAN_POINT('',(1.,0.));
#6829 = VECTOR('',#6830,1.);
#6830 = DIRECTION('',(0.,-1.));
#6831 = ( GEOMETRIC_REPRESENTATION_CONTEXT(2) 
PARAMETRIC_REPRESENTATION_CONTEXT() REPRESENTATION_CONTEXT('2D SPACE',''
  ) );
#6832 = ORIENTED_EDGE('',*,*,#6833,.T.);
#6833 = EDGE_CURVE('',#6811,#6762,#6834,.T.);
#6834 = SURFACE_CURVE('',#6835,(#6839,#6846),.PCURVE_S1.);
#6835 = B_SPLINE_CURVE_WITH_KNOTS('',2,(#6836,#6837,#6838),
  .UNSPECIFIED.,.F.,.F.,(3,3),(0.,1.),.PIECEWISE_BEZIER_KNOTS.);
#6836 = CARTESIAN_POINT('',(-4.373779296875,-23.62036132812,2.6));
#6837 = CARTESIAN_POINT('',(-4.1748046875,-23.38598632812,2.6));
#6838 = CARTESIAN_POINT('',(-3.798828125,-23.07836914062,2.6));
#6839 = PCURVE('',#1062,#6840);
#6840 = DEFINITIONAL_REPRESENTATION('',(#6841),#6845);
#6841 = LINE('',#6842,#6843);
#6842 = CARTESIAN_POINT('',(0.,-0.7));
#6843 = VECTOR('',#6844,1.);
#6844 = DIRECTION('',(1.,0.));
#6845 = ( GEOMETRIC_REPRESENTATION_CONTEXT(2) 
PARAMETRIC_REPRESENTATION_CONTEXT() REPRESENTATION_CONTEXT('2D SPACE',''
  ) );
#6846 = PCURVE('',#5989,#6847);
#6847 = DEFINITIONAL_REPRESENTATION('',(#6848),#6852);
#6848 = B_SPLINE_CURVE_WITH_KNOTS('',2,(#6849,#6850,#6851),
  .UNSPECIFIED.,.F.,.F.,(3,3),(0.,1.),.PIECEWISE_BEZIER_KNOTS.);
#6849 = CARTESIAN_POINT('',(0.491943359375,0.78125));
#6850 = CARTESIAN_POINT('',(0.69091796875,1.015625));
#6851 = CARTESIAN_POINT('',(1.06689453125,1.3232421875));
#6852 = ( GEOMETRIC_REPRESENTATION_CONTEXT(2) 
PARAMETRIC_REPRESENTATION_CONTEXT() REPRESENTATION_CONTEXT('2D SPACE',''
  ) );
#6853 = ORIENTED_EDGE('',*,*,#6761,.F.);
#6854 = ADVANCED_FACE('',(#6855),#1021,.T.);
#6855 = FACE_BOUND('',#6856,.T.);
#6856 = EDGE_LOOP('',(#6857,#6858,#6881,#6902));
#6857 = ORIENTED_EDGE('',*,*,#999,.T.);
#6858 = ORIENTED_EDGE('',*,*,#6859,.T.);
#6859 = EDGE_CURVE('',#955,#6860,#6862,.T.);
#6860 = VERTEX_POINT('',#6861);
#6861 = CARTESIAN_POINT('',(-4.6630859375,-24.09643554687,2.6));
#6862 = SURFACE_CURVE('',#6863,(#6867,#6874),.PCURVE_S1.);
#6863 = LINE('',#6864,#6865);
#6864 = CARTESIAN_POINT('',(-4.6630859375,-24.09643554687,1.9));
#6865 = VECTOR('',#6866,1.);
#6866 = DIRECTION('',(0.,0.,1.));
#6867 = PCURVE('',#1021,#6868);
#6868 = DEFINITIONAL_REPRESENTATION('',(#6869),#6873);
#6869 = LINE('',#6870,#6871);
#6870 = CARTESIAN_POINT('',(0.,0.));
#6871 = VECTOR('',#6872,1.);
#6872 = DIRECTION('',(0.,-1.));
#6873 = ( GEOMETRIC_REPRESENTATION_CONTEXT(2) 
PARAMETRIC_REPRESENTATION_CONTEXT() REPRESENTATION_CONTEXT('2D SPACE',''
  ) );
#6874 = PCURVE('',#980,#6875);
#6875 = DEFINITIONAL_REPRESENTATION('',(#6876),#6880);
#6876 = LINE('',#6877,#6878);
#6877 = CARTESIAN_POINT('',(1.,0.));
#6878 = VECTOR('',#6879,1.);
#6879 = DIRECTION('',(0.,-1.));
#6880 = ( GEOMETRIC_REPRESENTATION_CONTEXT(2) 
PARAMETRIC_REPRESENTATION_CONTEXT() REPRESENTATION_CONTEXT('2D SPACE',''
  ) );
#6881 = ORIENTED_EDGE('',*,*,#6882,.T.);
#6882 = EDGE_CURVE('',#6860,#6811,#6883,.T.);
#6883 = SURFACE_CURVE('',#6884,(#6888,#6895),.PCURVE_S1.);
#6884 = B_SPLINE_CURVE_WITH_KNOTS('',2,(#6885,#6886,#6887),
  .UNSPECIFIED.,.F.,.F.,(3,3),(0.,1.),.PIECEWISE_BEZIER_KNOTS.);
#6885 = CARTESIAN_POINT('',(-4.6630859375,-24.09643554687,2.6));
#6886 = CARTESIAN_POINT('',(-4.57275390625,-23.85473632812,2.6));
#6887 = CARTESIAN_POINT('',(-4.373779296875,-23.62036132812,2.6));
#6888 = PCURVE('',#1021,#6889);
#6889 = DEFINITIONAL_REPRESENTATION('',(#6890),#6894);
#6890 = LINE('',#6891,#6892);
#6891 = CARTESIAN_POINT('',(0.,-0.7));
#6892 = VECTOR('',#6893,1.);
#6893 = DIRECTION('',(1.,0.));
#6894 = ( GEOMETRIC_REPRESENTATION_CONTEXT(2) 
PARAMETRIC_REPRESENTATION_CONTEXT() REPRESENTATION_CONTEXT('2D SPACE',''
  ) );
#6895 = PCURVE('',#5989,#6896);
#6896 = DEFINITIONAL_REPRESENTATION('',(#6897),#6901);
#6897 = B_SPLINE_CURVE_WITH_KNOTS('',2,(#6898,#6899,#6900),
  .UNSPECIFIED.,.F.,.F.,(3,3),(0.,1.),.PIECEWISE_BEZIER_KNOTS.);
#6898 = CARTESIAN_POINT('',(0.20263671875,0.30517578125));
#6899 = CARTESIAN_POINT('',(0.29296875,0.546875));
#6900 = CARTESIAN_POINT('',(0.491943359375,0.78125));
#6901 = ( GEOMETRIC_REPRESENTATION_CONTEXT(2) 
PARAMETRIC_REPRESENTATION_CONTEXT() REPRESENTATION_CONTEXT('2D SPACE',''
  ) );
#6902 = ORIENTED_EDGE('',*,*,#6810,.F.);
#6903 = ADVANCED_FACE('',(#6904),#980,.T.);
#6904 = FACE_BOUND('',#6905,.T.);
#6905 = EDGE_LOOP('',(#6906,#6907,#6930,#6951));
#6906 = ORIENTED_EDGE('',*,*,#954,.T.);
#6907 = ORIENTED_EDGE('',*,*,#6908,.T.);
#6908 = EDGE_CURVE('',#928,#6909,#6911,.T.);
#6909 = VERTEX_POINT('',#6910);
#6910 = CARTESIAN_POINT('',(-4.71435546875,-24.40161132812,2.6));
#6911 = SURFACE_CURVE('',#6912,(#6916,#6923),.PCURVE_S1.);
#6912 = LINE('',#6913,#6914);
#6913 = CARTESIAN_POINT('',(-4.71435546875,-24.40161132812,1.9));
#6914 = VECTOR('',#6915,1.);
#6915 = DIRECTION('',(0.,0.,1.));
#6916 = PCURVE('',#980,#6917);
#6917 = DEFINITIONAL_REPRESENTATION('',(#6918),#6922);
#6918 = LINE('',#6919,#6920);
#6919 = CARTESIAN_POINT('',(0.,0.));
#6920 = VECTOR('',#6921,1.);
#6921 = DIRECTION('',(0.,-1.));
#6922 = ( GEOMETRIC_REPRESENTATION_CONTEXT(2) 
PARAMETRIC_REPRESENTATION_CONTEXT() REPRESENTATION_CONTEXT('2D SPACE',''
  ) );
#6923 = PCURVE('',#943,#6924);
#6924 = DEFINITIONAL_REPRESENTATION('',(#6925),#6929);
#6925 = LINE('',#6926,#6927);
#6926 = CARTESIAN_POINT('',(2.36572265625,0.));
#6927 = VECTOR('',#6928,1.);
#6928 = DIRECTION('',(0.,-1.));
#6929 = ( GEOMETRIC_REPRESENTATION_CONTEXT(2) 
PARAMETRIC_REPRESENTATION_CONTEXT() REPRESENTATION_CONTEXT('2D SPACE',''
  ) );
#6930 = ORIENTED_EDGE('',*,*,#6931,.T.);
#6931 = EDGE_CURVE('',#6909,#6860,#6932,.T.);
#6932 = SURFACE_CURVE('',#6933,(#6937,#6944),.PCURVE_S1.);
#6933 = B_SPLINE_CURVE_WITH_KNOTS('',2,(#6934,#6935,#6936),
  .UNSPECIFIED.,.F.,.F.,(3,3),(0.,1.),.PIECEWISE_BEZIER_KNOTS.);
#6934 = CARTESIAN_POINT('',(-4.71435546875,-24.40161132812,2.6));
#6935 = CARTESIAN_POINT('',(-4.71923828125,-24.24291992187,2.6));
#6936 = CARTESIAN_POINT('',(-4.6630859375,-24.09643554687,2.6));
#6937 = PCURVE('',#980,#6938);
#6938 = DEFINITIONAL_REPRESENTATION('',(#6939),#6943);
#6939 = LINE('',#6940,#6941);
#6940 = CARTESIAN_POINT('',(0.,-0.7));
#6941 = VECTOR('',#6942,1.);
#6942 = DIRECTION('',(1.,0.));
#6943 = ( GEOMETRIC_REPRESENTATION_CONTEXT(2) 
PARAMETRIC_REPRESENTATION_CONTEXT() REPRESENTATION_CONTEXT('2D SPACE',''
  ) );
#6944 = PCURVE('',#5989,#6945);
#6945 = DEFINITIONAL_REPRESENTATION('',(#6946),#6950);
#6946 = B_SPLINE_CURVE_WITH_KNOTS('',2,(#6947,#6948,#6949),
  .UNSPECIFIED.,.F.,.F.,(3,3),(0.,1.),.PIECEWISE_BEZIER_KNOTS.);
#6947 = CARTESIAN_POINT('',(0.1513671875,0.));
#6948 = CARTESIAN_POINT('',(0.146484375,0.15869140625));
#6949 = CARTESIAN_POINT('',(0.20263671875,0.30517578125));
#6950 = ( GEOMETRIC_REPRESENTATION_CONTEXT(2) 
PARAMETRIC_REPRESENTATION_CONTEXT() REPRESENTATION_CONTEXT('2D SPACE',''
  ) );
#6951 = ORIENTED_EDGE('',*,*,#6859,.F.);
#6952 = ADVANCED_FACE('',(#6953),#943,.T.);
#6953 = FACE_BOUND('',#6954,.T.);
#6954 = EDGE_LOOP('',(#6955,#6956,#6979,#7000));
#6955 = ORIENTED_EDGE('',*,*,#927,.T.);
#6956 = ORIENTED_EDGE('',*,*,#6957,.T.);
#6957 = EDGE_CURVE('',#901,#6958,#6960,.T.);
#6958 = VERTEX_POINT('',#6959);
#6959 = CARTESIAN_POINT('',(-2.3486328125,-24.40161132812,2.6));
#6960 = SURFACE_CURVE('',#6961,(#6965,#6972),.PCURVE_S1.);
#6961 = LINE('',#6962,#6963);
#6962 = CARTESIAN_POINT('',(-2.3486328125,-24.40161132812,1.9));
#6963 = VECTOR('',#6964,1.);
#6964 = DIRECTION('',(0.,0.,1.));
#6965 = PCURVE('',#943,#6966);
#6966 = DEFINITIONAL_REPRESENTATION('',(#6967),#6971);
#6967 = LINE('',#6968,#6969);
#6968 = CARTESIAN_POINT('',(0.,-0.));
#6969 = VECTOR('',#6970,1.);
#6970 = DIRECTION('',(0.,-1.));
#6971 = ( GEOMETRIC_REPRESENTATION_CONTEXT(2) 
PARAMETRIC_REPRESENTATION_CONTEXT() REPRESENTATION_CONTEXT('2D SPACE',''
  ) );
#6972 = PCURVE('',#916,#6973);
#6973 = DEFINITIONAL_REPRESENTATION('',(#6974),#6978);
#6974 = LINE('',#6975,#6976);
#6975 = CARTESIAN_POINT('',(0.42236328125,0.));
#6976 = VECTOR('',#6977,1.);
#6977 = DIRECTION('',(0.,-1.));
#6978 = ( GEOMETRIC_REPRESENTATION_CONTEXT(2) 
PARAMETRIC_REPRESENTATION_CONTEXT() REPRESENTATION_CONTEXT('2D SPACE',''
  ) );
#6979 = ORIENTED_EDGE('',*,*,#6980,.T.);
#6980 = EDGE_CURVE('',#6958,#6909,#6981,.T.);
#6981 = SURFACE_CURVE('',#6982,(#6986,#6993),.PCURVE_S1.);
#6982 = LINE('',#6983,#6984);
#6983 = CARTESIAN_POINT('',(-2.3486328125,-24.40161132812,2.6));
#6984 = VECTOR('',#6985,1.);
#6985 = DIRECTION('',(-1.,0.,0.));
#6986 = PCURVE('',#943,#6987);
#6987 = DEFINITIONAL_REPRESENTATION('',(#6988),#6992);
#6988 = LINE('',#6989,#6990);
#6989 = CARTESIAN_POINT('',(0.,-0.7));
#6990 = VECTOR('',#6991,1.);
#6991 = DIRECTION('',(1.,0.));
#6992 = ( GEOMETRIC_REPRESENTATION_CONTEXT(2) 
PARAMETRIC_REPRESENTATION_CONTEXT() REPRESENTATION_CONTEXT('2D SPACE',''
  ) );
#6993 = PCURVE('',#5989,#6994);
#6994 = DEFINITIONAL_REPRESENTATION('',(#6995),#6999);
#6995 = LINE('',#6996,#6997);
#6996 = CARTESIAN_POINT('',(2.51708984375,0.));
#6997 = VECTOR('',#6998,1.);
#6998 = DIRECTION('',(-1.,0.));
#6999 = ( GEOMETRIC_REPRESENTATION_CONTEXT(2) 
PARAMETRIC_REPRESENTATION_CONTEXT() REPRESENTATION_CONTEXT('2D SPACE',''
  ) );
#7000 = ORIENTED_EDGE('',*,*,#6908,.F.);
#7001 = ADVANCED_FACE('',(#7002),#916,.T.);
#7002 = FACE_BOUND('',#7003,.T.);
#7003 = EDGE_LOOP('',(#7004,#7005,#7006,#7027));
#7004 = ORIENTED_EDGE('',*,*,#900,.T.);
#7005 = ORIENTED_EDGE('',*,*,#6001,.T.);
#7006 = ORIENTED_EDGE('',*,*,#7007,.T.);
#7007 = EDGE_CURVE('',#5974,#6958,#7008,.T.);
#7008 = SURFACE_CURVE('',#7009,(#7013,#7020),.PCURVE_S1.);
#7009 = LINE('',#7010,#7011);
#7010 = CARTESIAN_POINT('',(-2.3486328125,-23.97924804687,2.6));
#7011 = VECTOR('',#7012,1.);
#7012 = DIRECTION('',(0.,-1.,0.));
#7013 = PCURVE('',#916,#7014);
#7014 = DEFINITIONAL_REPRESENTATION('',(#7015),#7019);
#7015 = LINE('',#7016,#7017);
#7016 = CARTESIAN_POINT('',(0.,-0.7));
#7017 = VECTOR('',#7018,1.);
#7018 = DIRECTION('',(1.,0.));
#7019 = ( GEOMETRIC_REPRESENTATION_CONTEXT(2) 
PARAMETRIC_REPRESENTATION_CONTEXT() REPRESENTATION_CONTEXT('2D SPACE',''
  ) );
#7020 = PCURVE('',#5989,#7021);
#7021 = DEFINITIONAL_REPRESENTATION('',(#7022),#7026);
#7022 = LINE('',#7023,#7024);
#7023 = CARTESIAN_POINT('',(2.51708984375,0.42236328125));
#7024 = VECTOR('',#7025,1.);
#7025 = DIRECTION('',(0.,-1.));
#7026 = ( GEOMETRIC_REPRESENTATION_CONTEXT(2) 
PARAMETRIC_REPRESENTATION_CONTEXT() REPRESENTATION_CONTEXT('2D SPACE',''
  ) );
#7027 = ORIENTED_EDGE('',*,*,#6957,.F.);
#7028 = ADVANCED_FACE('',(#7029),#1875,.T.);
#7029 = FACE_BOUND('',#7030,.T.);
#7030 = EDGE_LOOP('',(#7031,#7032,#7055,#7083));
#7031 = ORIENTED_EDGE('',*,*,#1857,.T.);
#7032 = ORIENTED_EDGE('',*,*,#7033,.T.);
#7033 = EDGE_CURVE('',#1860,#7034,#7036,.T.);
#7034 = VERTEX_POINT('',#7035);
#7035 = CARTESIAN_POINT('',(-1.3232421875,-23.97924804687,2.6));
#7036 = SURFACE_CURVE('',#7037,(#7041,#7048),.PCURVE_S1.);
#7037 = LINE('',#7038,#7039);
#7038 = CARTESIAN_POINT('',(-1.3232421875,-23.97924804687,1.9));
#7039 = VECTOR('',#7040,1.);
#7040 = DIRECTION('',(0.,0.,1.));
#7041 = PCURVE('',#1875,#7042);
#7042 = DEFINITIONAL_REPRESENTATION('',(#7043),#7047);
#7043 = LINE('',#7044,#7045);
#7044 = CARTESIAN_POINT('',(0.,0.));
#7045 = VECTOR('',#7046,1.);
#7046 = DIRECTION('',(0.,-1.));
#7047 = ( GEOMETRIC_REPRESENTATION_CONTEXT(2) 
PARAMETRIC_REPRESENTATION_CONTEXT() REPRESENTATION_CONTEXT('2D SPACE',''
  ) );
#7048 = PCURVE('',#2825,#7049);
#7049 = DEFINITIONAL_REPRESENTATION('',(#7050),#7054);
#7050 = LINE('',#7051,#7052);
#7051 = CARTESIAN_POINT('',(1.,0.));
#7052 = VECTOR('',#7053,1.);
#7053 = DIRECTION('',(0.,-1.));
#7054 = ( GEOMETRIC_REPRESENTATION_CONTEXT(2) 
PARAMETRIC_REPRESENTATION_CONTEXT() REPRESENTATION_CONTEXT('2D SPACE',''
  ) );
#7055 = ORIENTED_EDGE('',*,*,#7056,.T.);
#7056 = EDGE_CURVE('',#7034,#7057,#7059,.T.);
#7057 = VERTEX_POINT('',#7058);
#7058 = CARTESIAN_POINT('',(0.43212890625,-23.97924804687,2.6));
#7059 = SURFACE_CURVE('',#7060,(#7064,#7071),.PCURVE_S1.);
#7060 = LINE('',#7061,#7062);
#7061 = CARTESIAN_POINT('',(-1.3232421875,-23.97924804687,2.6));
#7062 = VECTOR('',#7063,1.);
#7063 = DIRECTION('',(1.,0.,0.));
#7064 = PCURVE('',#1875,#7065);
#7065 = DEFINITIONAL_REPRESENTATION('',(#7066),#7070);
#7066 = LINE('',#7067,#7068);
#7067 = CARTESIAN_POINT('',(0.,-0.7));
#7068 = VECTOR('',#7069,1.);
#7069 = DIRECTION('',(1.,0.));
#7070 = ( GEOMETRIC_REPRESENTATION_CONTEXT(2) 
PARAMETRIC_REPRESENTATION_CONTEXT() REPRESENTATION_CONTEXT('2D SPACE',''
  ) );
#7071 = PCURVE('',#7072,#7077);
#7072 = PLANE('',#7073);
#7073 = AXIS2_PLACEMENT_3D('',#7074,#7075,#7076);
#7074 = CARTESIAN_POINT('',(-2.0849609375,-24.40161132812,2.6));
#7075 = DIRECTION('',(0.,0.,1.));
#7076 = DIRECTION('',(1.,0.,0.));
#7077 = DEFINITIONAL_REPRESENTATION('',(#7078),#7082);
#7078 = LINE('',#7079,#7080);
#7079 = CARTESIAN_POINT('',(0.76171875,0.42236328125));
#7080 = VECTOR('',#7081,1.);
#7081 = DIRECTION('',(1.,0.));
#7082 = ( GEOMETRIC_REPRESENTATION_CONTEXT(2) 
PARAMETRIC_REPRESENTATION_CONTEXT() REPRESENTATION_CONTEXT('2D SPACE',''
  ) );
#7083 = ORIENTED_EDGE('',*,*,#7084,.F.);
#7084 = EDGE_CURVE('',#1858,#7057,#7085,.T.);
#7085 = SURFACE_CURVE('',#7086,(#7090,#7097),.PCURVE_S1.);
#7086 = LINE('',#7087,#7088);
#7087 = CARTESIAN_POINT('',(0.43212890625,-23.97924804687,1.9));
#7088 = VECTOR('',#7089,1.);
#7089 = DIRECTION('',(0.,0.,1.));
#7090 = PCURVE('',#1875,#7091);
#7091 = DEFINITIONAL_REPRESENTATION('',(#7092),#7096);
#7092 = LINE('',#7093,#7094);
#7093 = CARTESIAN_POINT('',(1.75537109375,0.));
#7094 = VECTOR('',#7095,1.);
#7095 = DIRECTION('',(0.,-1.));
#7096 = ( GEOMETRIC_REPRESENTATION_CONTEXT(2) 
PARAMETRIC_REPRESENTATION_CONTEXT() REPRESENTATION_CONTEXT('2D SPACE',''
  ) );
#7097 = PCURVE('',#1902,#7098);
#7098 = DEFINITIONAL_REPRESENTATION('',(#7099),#7103);
#7099 = LINE('',#7100,#7101);
#7100 = CARTESIAN_POINT('',(0.,0.));
#7101 = VECTOR('',#7102,1.);
#7102 = DIRECTION('',(0.,-1.));
#7103 = ( GEOMETRIC_REPRESENTATION_CONTEXT(2) 
PARAMETRIC_REPRESENTATION_CONTEXT() REPRESENTATION_CONTEXT('2D SPACE',''
  ) );
#7104 = ADVANCED_FACE('',(#7105),#2825,.T.);
#7105 = FACE_BOUND('',#7106,.T.);
#7106 = EDGE_LOOP('',(#7107,#7108,#7131,#7152));
#7107 = ORIENTED_EDGE('',*,*,#2807,.T.);
#7108 = ORIENTED_EDGE('',*,*,#7109,.T.);
#7109 = EDGE_CURVE('',#2763,#7110,#7112,.T.);
#7110 = VERTEX_POINT('',#7111);
#7111 = CARTESIAN_POINT('',(-1.1376953125,-23.7412109375,2.6));
#7112 = SURFACE_CURVE('',#7113,(#7117,#7124),.PCURVE_S1.);
#7113 = LINE('',#7114,#7115);
#7114 = CARTESIAN_POINT('',(-1.1376953125,-23.7412109375,1.9));
#7115 = VECTOR('',#7116,1.);
#7116 = DIRECTION('',(0.,0.,1.));
#7117 = PCURVE('',#2825,#7118);
#7118 = DEFINITIONAL_REPRESENTATION('',(#7119),#7123);
#7119 = LINE('',#7120,#7121);
#7120 = CARTESIAN_POINT('',(0.,0.));
#7121 = VECTOR('',#7122,1.);
#7122 = DIRECTION('',(0.,-1.));
#7123 = ( GEOMETRIC_REPRESENTATION_CONTEXT(2) 
PARAMETRIC_REPRESENTATION_CONTEXT() REPRESENTATION_CONTEXT('2D SPACE',''
  ) );
#7124 = PCURVE('',#2788,#7125);
#7125 = DEFINITIONAL_REPRESENTATION('',(#7126),#7130);
#7126 = LINE('',#7127,#7128);
#7127 = CARTESIAN_POINT('',(1.,0.));
#7128 = VECTOR('',#7129,1.);
#7129 = DIRECTION('',(0.,-1.));
#7130 = ( GEOMETRIC_REPRESENTATION_CONTEXT(2) 
PARAMETRIC_REPRESENTATION_CONTEXT() REPRESENTATION_CONTEXT('2D SPACE',''
  ) );
#7131 = ORIENTED_EDGE('',*,*,#7132,.T.);
#7132 = EDGE_CURVE('',#7110,#7034,#7133,.T.);
#7133 = SURFACE_CURVE('',#7134,(#7138,#7145),.PCURVE_S1.);
#7134 = B_SPLINE_CURVE_WITH_KNOTS('',2,(#7135,#7136,#7137),
  .UNSPECIFIED.,.F.,.F.,(3,3),(0.,1.),.PIECEWISE_BEZIER_KNOTS.);
#7135 = CARTESIAN_POINT('',(-1.1376953125,-23.7412109375,2.6));
#7136 = CARTESIAN_POINT('',(-1.25,-23.85961914062,2.6));
#7137 = CARTESIAN_POINT('',(-1.3232421875,-23.97924804687,2.6));
#7138 = PCURVE('',#2825,#7139);
#7139 = DEFINITIONAL_REPRESENTATION('',(#7140),#7144);
#7140 = LINE('',#7141,#7142);
#7141 = CARTESIAN_POINT('',(0.,-0.7));
#7142 = VECTOR('',#7143,1.);
#7143 = DIRECTION('',(1.,0.));
#7144 = ( GEOMETRIC_REPRESENTATION_CONTEXT(2) 
PARAMETRIC_REPRESENTATION_CONTEXT() REPRESENTATION_CONTEXT('2D SPACE',''
  ) );
#7145 = PCURVE('',#7072,#7146);
#7146 = DEFINITIONAL_REPRESENTATION('',(#7147),#7151);
#7147 = B_SPLINE_CURVE_WITH_KNOTS('',2,(#7148,#7149,#7150),
  .UNSPECIFIED.,.F.,.F.,(3,3),(0.,1.),.PIECEWISE_BEZIER_KNOTS.);
#7148 = CARTESIAN_POINT('',(0.947265625,0.660400390625));
#7149 = CARTESIAN_POINT('',(0.8349609375,0.5419921875));
#7150 = CARTESIAN_POINT('',(0.76171875,0.42236328125));
#7151 = ( GEOMETRIC_REPRESENTATION_CONTEXT(2) 
PARAMETRIC_REPRESENTATION_CONTEXT() REPRESENTATION_CONTEXT('2D SPACE',''
  ) );
#7152 = ORIENTED_EDGE('',*,*,#7033,.F.);
#7153 = ADVANCED_FACE('',(#7154),#2788,.T.);
#7154 = FACE_BOUND('',#7155,.T.);
#7155 = EDGE_LOOP('',(#7156,#7157,#7180,#7201));
#7156 = ORIENTED_EDGE('',*,*,#2762,.T.);
#7157 = ORIENTED_EDGE('',*,*,#7158,.T.);
#7158 = EDGE_CURVE('',#2721,#7159,#7161,.T.);
#7159 = VERTEX_POINT('',#7160);
#7160 = CARTESIAN_POINT('',(-0.6298828125,-23.29077148437,2.6));
#7161 = SURFACE_CURVE('',#7162,(#7166,#7173),.PCURVE_S1.);
#7162 = LINE('',#7163,#7164);
#7163 = CARTESIAN_POINT('',(-0.6298828125,-23.29077148437,1.9));
#7164 = VECTOR('',#7165,1.);
#7165 = DIRECTION('',(0.,0.,1.));
#7166 = PCURVE('',#2788,#7167);
#7167 = DEFINITIONAL_REPRESENTATION('',(#7168),#7172);
#7168 = LINE('',#7169,#7170);
#7169 = CARTESIAN_POINT('',(0.,0.));
#7170 = VECTOR('',#7171,1.);
#7171 = DIRECTION('',(0.,-1.));
#7172 = ( GEOMETRIC_REPRESENTATION_CONTEXT(2) 
PARAMETRIC_REPRESENTATION_CONTEXT() REPRESENTATION_CONTEXT('2D SPACE',''
  ) );
#7173 = PCURVE('',#2744,#7174);
#7174 = DEFINITIONAL_REPRESENTATION('',(#7175),#7179);
#7175 = LINE('',#7176,#7177);
#7176 = CARTESIAN_POINT('',(1.,0.));
#7177 = VECTOR('',#7178,1.);
#7178 = DIRECTION('',(0.,-1.));
#7179 = ( GEOMETRIC_REPRESENTATION_CONTEXT(2) 
PARAMETRIC_REPRESENTATION_CONTEXT() REPRESENTATION_CONTEXT('2D SPACE',''
  ) );
#7180 = ORIENTED_EDGE('',*,*,#7181,.T.);
#7181 = EDGE_CURVE('',#7159,#7110,#7182,.T.);
#7182 = SURFACE_CURVE('',#7183,(#7187,#7194),.PCURVE_S1.);
#7183 = B_SPLINE_CURVE_WITH_KNOTS('',2,(#7184,#7185,#7186),
  .UNSPECIFIED.,.F.,.F.,(3,3),(0.,1.),.PIECEWISE_BEZIER_KNOTS.);
#7184 = CARTESIAN_POINT('',(-0.6298828125,-23.29077148437,2.6));
#7185 = CARTESIAN_POINT('',(-1.025390625,-23.62280273437,2.6));
#7186 = CARTESIAN_POINT('',(-1.1376953125,-23.7412109375,2.6));
#7187 = PCURVE('',#2788,#7188);
#7188 = DEFINITIONAL_REPRESENTATION('',(#7189),#7193);
#7189 = LINE('',#7190,#7191);
#7190 = CARTESIAN_POINT('',(0.,-0.7));
#7191 = VECTOR('',#7192,1.);
#7192 = DIRECTION('',(1.,0.));
#7193 = ( GEOMETRIC_REPRESENTATION_CONTEXT(2) 
PARAMETRIC_REPRESENTATION_CONTEXT() REPRESENTATION_CONTEXT('2D SPACE',''
  ) );
#7194 = PCURVE('',#7072,#7195);
#7195 = DEFINITIONAL_REPRESENTATION('',(#7196),#7200);
#7196 = B_SPLINE_CURVE_WITH_KNOTS('',2,(#7197,#7198,#7199),
  .UNSPECIFIED.,.F.,.F.,(3,3),(0.,1.),.PIECEWISE_BEZIER_KNOTS.);
#7197 = CARTESIAN_POINT('',(1.455078125,1.11083984375));
#7198 = CARTESIAN_POINT('',(1.0595703125,0.77880859375));
#7199 = CARTESIAN_POINT('',(0.947265625,0.660400390625));
#7200 = ( GEOMETRIC_REPRESENTATION_CONTEXT(2) 
PARAMETRIC_REPRESENTATION_CONTEXT() REPRESENTATION_CONTEXT('2D SPACE',''
  ) );
#7201 = ORIENTED_EDGE('',*,*,#7109,.F.);
#7202 = ADVANCED_FACE('',(#7203),#2744,.T.);
#7203 = FACE_BOUND('',#7204,.T.);
#7204 = EDGE_LOOP('',(#7205,#7206,#7229,#7250));
#7205 = ORIENTED_EDGE('',*,*,#2720,.T.);
#7206 = ORIENTED_EDGE('',*,*,#7207,.T.);
#7207 = EDGE_CURVE('',#2682,#7208,#7210,.T.);
#7208 = VERTEX_POINT('',#7209);
#7209 = CARTESIAN_POINT('',(4.7607421875E-02,-22.66088867187,2.6));
#7210 = SURFACE_CURVE('',#7211,(#7215,#7222),.PCURVE_S1.);
#7211 = LINE('',#7212,#7213);
#7212 = CARTESIAN_POINT('',(4.7607421875E-02,-22.66088867187,1.9));
#7213 = VECTOR('',#7214,1.);
#7214 = DIRECTION('',(0.,0.,1.));
#7215 = PCURVE('',#2744,#7216);
#7216 = DEFINITIONAL_REPRESENTATION('',(#7217),#7221);
#7217 = LINE('',#7218,#7219);
#7218 = CARTESIAN_POINT('',(0.,0.));
#7219 = VECTOR('',#7220,1.);
#7220 = DIRECTION('',(0.,-1.));
#7221 = ( GEOMETRIC_REPRESENTATION_CONTEXT(2) 
PARAMETRIC_REPRESENTATION_CONTEXT() REPRESENTATION_CONTEXT('2D SPACE',''
  ) );
#7222 = PCURVE('',#2703,#7223);
#7223 = DEFINITIONAL_REPRESENTATION('',(#7224),#7228);
#7224 = LINE('',#7225,#7226);
#7225 = CARTESIAN_POINT('',(1.,0.));
#7226 = VECTOR('',#7227,1.);
#7227 = DIRECTION('',(0.,-1.));
#7228 = ( GEOMETRIC_REPRESENTATION_CONTEXT(2) 
PARAMETRIC_REPRESENTATION_CONTEXT() REPRESENTATION_CONTEXT('2D SPACE',''
  ) );
#7229 = ORIENTED_EDGE('',*,*,#7230,.T.);
#7230 = EDGE_CURVE('',#7208,#7159,#7231,.T.);
#7231 = SURFACE_CURVE('',#7232,(#7236,#7243),.PCURVE_S1.);
#7232 = B_SPLINE_CURVE_WITH_KNOTS('',2,(#7233,#7234,#7235),
  .UNSPECIFIED.,.F.,.F.,(3,3),(0.,1.),.PIECEWISE_BEZIER_KNOTS.);
#7233 = CARTESIAN_POINT('',(4.7607421875E-02,-22.66088867187,2.6));
#7234 = CARTESIAN_POINT('',(-0.15625,-22.89038085937,2.6));
#7235 = CARTESIAN_POINT('',(-0.6298828125,-23.29077148437,2.6));
#7236 = PCURVE('',#2744,#7237);
#7237 = DEFINITIONAL_REPRESENTATION('',(#7238),#7242);
#7238 = LINE('',#7239,#7240);
#7239 = CARTESIAN_POINT('',(0.,-0.7));
#7240 = VECTOR('',#7241,1.);
#7241 = DIRECTION('',(1.,0.));
#7242 = ( GEOMETRIC_REPRESENTATION_CONTEXT(2) 
PARAMETRIC_REPRESENTATION_CONTEXT() REPRESENTATION_CONTEXT('2D SPACE',''
  ) );
#7243 = PCURVE('',#7072,#7244);
#7244 = DEFINITIONAL_REPRESENTATION('',(#7245),#7249);
#7245 = B_SPLINE_CURVE_WITH_KNOTS('',2,(#7246,#7247,#7248),
  .UNSPECIFIED.,.F.,.F.,(3,3),(0.,1.),.PIECEWISE_BEZIER_KNOTS.);
#7246 = CARTESIAN_POINT('',(2.132568359375,1.74072265625));
#7247 = CARTESIAN_POINT('',(1.9287109375,1.51123046875));
#7248 = CARTESIAN_POINT('',(1.455078125,1.11083984375));
#7249 = ( GEOMETRIC_REPRESENTATION_CONTEXT(2) 
PARAMETRIC_REPRESENTATION_CONTEXT() REPRESENTATION_CONTEXT('2D SPACE',''
  ) );
#7250 = ORIENTED_EDGE('',*,*,#7158,.F.);
#7251 = ADVANCED_FACE('',(#7252),#2703,.T.);
#7252 = FACE_BOUND('',#7253,.T.);
#7253 = EDGE_LOOP('',(#7254,#7255,#7278,#7299));
#7254 = ORIENTED_EDGE('',*,*,#2681,.T.);
#7255 = ORIENTED_EDGE('',*,*,#7256,.T.);
#7256 = EDGE_CURVE('',#2631,#7257,#7259,.T.);
#7257 = VERTEX_POINT('',#7258);
#7258 = CARTESIAN_POINT('',(0.33935546875,-22.22387695312,2.6));
#7259 = SURFACE_CURVE('',#7260,(#7264,#7271),.PCURVE_S1.);
#7260 = LINE('',#7261,#7262);
#7261 = CARTESIAN_POINT('',(0.33935546875,-22.22387695312,1.9));
#7262 = VECTOR('',#7263,1.);
#7263 = DIRECTION('',(0.,0.,1.));
#7264 = PCURVE('',#2703,#7265);
#7265 = DEFINITIONAL_REPRESENTATION('',(#7266),#7270);
#7266 = LINE('',#7267,#7268);
#7267 = CARTESIAN_POINT('',(0.,0.));
#7268 = VECTOR('',#7269,1.);
#7269 = DIRECTION('',(0.,-1.));
#7270 = ( GEOMETRIC_REPRESENTATION_CONTEXT(2) 
PARAMETRIC_REPRESENTATION_CONTEXT() REPRESENTATION_CONTEXT('2D SPACE',''
  ) );
#7271 = PCURVE('',#2660,#7272);
#7272 = DEFINITIONAL_REPRESENTATION('',(#7273),#7277);
#7273 = LINE('',#7274,#7275);
#7274 = CARTESIAN_POINT('',(1.,0.));
#7275 = VECTOR('',#7276,1.);
#7276 = DIRECTION('',(0.,-1.));
#7277 = ( GEOMETRIC_REPRESENTATION_CONTEXT(2) 
PARAMETRIC_REPRESENTATION_CONTEXT() REPRESENTATION_CONTEXT('2D SPACE',''
  ) );
#7278 = ORIENTED_EDGE('',*,*,#7279,.T.);
#7279 = EDGE_CURVE('',#7257,#7208,#7280,.T.);
#7280 = SURFACE_CURVE('',#7281,(#7285,#7292),.PCURVE_S1.);
#7281 = B_SPLINE_CURVE_WITH_KNOTS('',2,(#7282,#7283,#7284),
  .UNSPECIFIED.,.F.,.F.,(3,3),(0.,1.),.PIECEWISE_BEZIER_KNOTS.);
#7282 = CARTESIAN_POINT('',(0.33935546875,-22.22387695312,2.6));
#7283 = CARTESIAN_POINT('',(0.25146484375,-22.43139648437,2.6));
#7284 = CARTESIAN_POINT('',(4.7607421875E-02,-22.66088867187,2.6));
#7285 = PCURVE('',#2703,#7286);
#7286 = DEFINITIONAL_REPRESENTATION('',(#7287),#7291);
#7287 = LINE('',#7288,#7289);
#7288 = CARTESIAN_POINT('',(0.,-0.7));
#7289 = VECTOR('',#7290,1.);
#7290 = DIRECTION('',(1.,0.));
#7291 = ( GEOMETRIC_REPRESENTATION_CONTEXT(2) 
PARAMETRIC_REPRESENTATION_CONTEXT() REPRESENTATION_CONTEXT('2D SPACE',''
  ) );
#7292 = PCURVE('',#7072,#7293);
#7293 = DEFINITIONAL_REPRESENTATION('',(#7294),#7298);
#7294 = B_SPLINE_CURVE_WITH_KNOTS('',2,(#7295,#7296,#7297),
  .UNSPECIFIED.,.F.,.F.,(3,3),(0.,1.),.PIECEWISE_BEZIER_KNOTS.);
#7295 = CARTESIAN_POINT('',(2.42431640625,2.177734375));
#7296 = CARTESIAN_POINT('',(2.33642578125,1.97021484375));
#7297 = CARTESIAN_POINT('',(2.132568359375,1.74072265625));
#7298 = ( GEOMETRIC_REPRESENTATION_CONTEXT(2) 
PARAMETRIC_REPRESENTATION_CONTEXT() REPRESENTATION_CONTEXT('2D SPACE',''
  ) );
#7299 = ORIENTED_EDGE('',*,*,#7207,.F.);
#7300 = ADVANCED_FACE('',(#7301),#2660,.T.);
#7301 = FACE_BOUND('',#7302,.T.);
#7302 = EDGE_LOOP('',(#7303,#7304,#7327,#7348));
#7303 = ORIENTED_EDGE('',*,*,#2630,.T.);
#7304 = ORIENTED_EDGE('',*,*,#7305,.T.);
#7305 = EDGE_CURVE('',#2580,#7306,#7308,.T.);
#7306 = VERTEX_POINT('',#7307);
#7307 = CARTESIAN_POINT('',(0.42724609375,-21.80151367187,2.6));
#7308 = SURFACE_CURVE('',#7309,(#7313,#7320),.PCURVE_S1.);
#7309 = LINE('',#7310,#7311);
#7310 = CARTESIAN_POINT('',(0.42724609375,-21.80151367187,1.9));
#7311 = VECTOR('',#7312,1.);
#7312 = DIRECTION('',(0.,0.,1.));
#7313 = PCURVE('',#2660,#7314);
#7314 = DEFINITIONAL_REPRESENTATION('',(#7315),#7319);
#7315 = LINE('',#7316,#7317);
#7316 = CARTESIAN_POINT('',(0.,0.));
#7317 = VECTOR('',#7318,1.);
#7318 = DIRECTION('',(0.,-1.));
#7319 = ( GEOMETRIC_REPRESENTATION_CONTEXT(2) 
PARAMETRIC_REPRESENTATION_CONTEXT() REPRESENTATION_CONTEXT('2D SPACE',''
  ) );
#7320 = PCURVE('',#2609,#7321);
#7321 = DEFINITIONAL_REPRESENTATION('',(#7322),#7326);
#7322 = LINE('',#7323,#7324);
#7323 = CARTESIAN_POINT('',(1.,0.));
#7324 = VECTOR('',#7325,1.);
#7325 = DIRECTION('',(0.,-1.));
#7326 = ( GEOMETRIC_REPRESENTATION_CONTEXT(2) 
PARAMETRIC_REPRESENTATION_CONTEXT() REPRESENTATION_CONTEXT('2D SPACE',''
  ) );
#7327 = ORIENTED_EDGE('',*,*,#7328,.T.);
#7328 = EDGE_CURVE('',#7306,#7257,#7329,.T.);
#7329 = SURFACE_CURVE('',#7330,(#7334,#7341),.PCURVE_S1.);
#7330 = B_SPLINE_CURVE_WITH_KNOTS('',2,(#7331,#7332,#7333),
  .UNSPECIFIED.,.F.,.F.,(3,3),(0.,1.),.PIECEWISE_BEZIER_KNOTS.);
#7331 = CARTESIAN_POINT('',(0.42724609375,-21.80151367187,2.6));
#7332 = CARTESIAN_POINT('',(0.42724609375,-22.01635742187,2.6));
#7333 = CARTESIAN_POINT('',(0.33935546875,-22.22387695312,2.6));
#7334 = PCURVE('',#2660,#7335);
#7335 = DEFINITIONAL_REPRESENTATION('',(#7336),#7340);
#7336 = LINE('',#7337,#7338);
#7337 = CARTESIAN_POINT('',(0.,-0.7));
#7338 = VECTOR('',#7339,1.);
#7339 = DIRECTION('',(1.,0.));
#7340 = ( GEOMETRIC_REPRESENTATION_CONTEXT(2) 
PARAMETRIC_REPRESENTATION_CONTEXT() REPRESENTATION_CONTEXT('2D SPACE',''
  ) );
#7341 = PCURVE('',#7072,#7342);
#7342 = DEFINITIONAL_REPRESENTATION('',(#7343),#7347);
#7343 = B_SPLINE_CURVE_WITH_KNOTS('',2,(#7344,#7345,#7346),
  .UNSPECIFIED.,.F.,.F.,(3,3),(0.,1.),.PIECEWISE_BEZIER_KNOTS.);
#7344 = CARTESIAN_POINT('',(2.51220703125,2.60009765625));
#7345 = CARTESIAN_POINT('',(2.51220703125,2.38525390625));
#7346 = CARTESIAN_POINT('',(2.42431640625,2.177734375));
#7347 = ( GEOMETRIC_REPRESENTATION_CONTEXT(2) 
PARAMETRIC_REPRESENTATION_CONTEXT() REPRESENTATION_CONTEXT('2D SPACE',''
  ) );
#7348 = ORIENTED_EDGE('',*,*,#7256,.F.);
#7349 = ADVANCED_FACE('',(#7350),#2609,.T.);
#7350 = FACE_BOUND('',#7351,.T.);
#7351 = EDGE_LOOP('',(#7352,#7353,#7376,#7397));
#7352 = ORIENTED_EDGE('',*,*,#2579,.T.);
#7353 = ORIENTED_EDGE('',*,*,#7354,.T.);
#7354 = EDGE_CURVE('',#2523,#7355,#7357,.T.);
#7355 = VERTEX_POINT('',#7356);
#7356 = CARTESIAN_POINT('',(0.126953125,-21.09350585937,2.6));
#7357 = SURFACE_CURVE('',#7358,(#7362,#7369),.PCURVE_S1.);
#7358 = LINE('',#7359,#7360);
#7359 = CARTESIAN_POINT('',(0.126953125,-21.09350585937,1.9));
#7360 = VECTOR('',#7361,1.);
#7361 = DIRECTION('',(0.,0.,1.));
#7362 = PCURVE('',#2609,#7363);
#7363 = DEFINITIONAL_REPRESENTATION('',(#7364),#7368);
#7364 = LINE('',#7365,#7366);
#7365 = CARTESIAN_POINT('',(0.,0.));
#7366 = VECTOR('',#7367,1.);
#7367 = DIRECTION('',(0.,-1.));
#7368 = ( GEOMETRIC_REPRESENTATION_CONTEXT(2) 
PARAMETRIC_REPRESENTATION_CONTEXT() REPRESENTATION_CONTEXT('2D SPACE',''
  ) );
#7369 = PCURVE('',#2556,#7370);
#7370 = DEFINITIONAL_REPRESENTATION('',(#7371),#7375);
#7371 = LINE('',#7372,#7373);
#7372 = CARTESIAN_POINT('',(1.,0.));
#7373 = VECTOR('',#7374,1.);
#7374 = DIRECTION('',(0.,-1.));
#7375 = ( GEOMETRIC_REPRESENTATION_CONTEXT(2) 
PARAMETRIC_REPRESENTATION_CONTEXT() REPRESENTATION_CONTEXT('2D SPACE',''
  ) );
#7376 = ORIENTED_EDGE('',*,*,#7377,.T.);
#7377 = EDGE_CURVE('',#7355,#7306,#7378,.T.);
#7378 = SURFACE_CURVE('',#7379,(#7383,#7390),.PCURVE_S1.);
#7379 = B_SPLINE_CURVE_WITH_KNOTS('',2,(#7380,#7381,#7382),
  .UNSPECIFIED.,.F.,.F.,(3,3),(0.,1.),.PIECEWISE_BEZIER_KNOTS.);
#7380 = CARTESIAN_POINT('',(0.126953125,-21.09350585937,2.6));
#7381 = CARTESIAN_POINT('',(0.42724609375,-21.37915039062,2.6));
#7382 = CARTESIAN_POINT('',(0.42724609375,-21.80151367187,2.6));
#7383 = PCURVE('',#2609,#7384);
#7384 = DEFINITIONAL_REPRESENTATION('',(#7385),#7389);
#7385 = LINE('',#7386,#7387);
#7386 = CARTESIAN_POINT('',(0.,-0.7));
#7387 = VECTOR('',#7388,1.);
#7388 = DIRECTION('',(1.,0.));
#7389 = ( GEOMETRIC_REPRESENTATION_CONTEXT(2) 
PARAMETRIC_REPRESENTATION_CONTEXT() REPRESENTATION_CONTEXT('2D SPACE',''
  ) );
#7390 = PCURVE('',#7072,#7391);
#7391 = DEFINITIONAL_REPRESENTATION('',(#7392),#7396);
#7392 = B_SPLINE_CURVE_WITH_KNOTS('',2,(#7393,#7394,#7395),
  .UNSPECIFIED.,.F.,.F.,(3,3),(0.,1.),.PIECEWISE_BEZIER_KNOTS.);
#7393 = CARTESIAN_POINT('',(2.2119140625,3.30810546875));
#7394 = CARTESIAN_POINT('',(2.51220703125,3.0224609375));
#7395 = CARTESIAN_POINT('',(2.51220703125,2.60009765625));
#7396 = ( GEOMETRIC_REPRESENTATION_CONTEXT(2) 
PARAMETRIC_REPRESENTATION_CONTEXT() REPRESENTATION_CONTEXT('2D SPACE',''
  ) );
#7397 = ORIENTED_EDGE('',*,*,#7305,.F.);
#7398 = ADVANCED_FACE('',(#7399),#2556,.T.);
#7399 = FACE_BOUND('',#7400,.T.);
#7400 = EDGE_LOOP('',(#7401,#7402,#7425,#7446));
#7401 = ORIENTED_EDGE('',*,*,#2522,.T.);
#7402 = ORIENTED_EDGE('',*,*,#7403,.T.);
#7403 = EDGE_CURVE('',#2460,#7404,#7406,.T.);
#7404 = VERTEX_POINT('',#7405);
#7405 = CARTESIAN_POINT('',(-0.6884765625,-20.80786132812,2.6));
#7406 = SURFACE_CURVE('',#7407,(#7411,#7418),.PCURVE_S1.);
#7407 = LINE('',#7408,#7409);
#7408 = CARTESIAN_POINT('',(-0.6884765625,-20.80786132812,1.9));
#7409 = VECTOR('',#7410,1.);
#7410 = DIRECTION('',(0.,0.,1.));
#7411 = PCURVE('',#2556,#7412);
#7412 = DEFINITIONAL_REPRESENTATION('',(#7413),#7417);
#7413 = LINE('',#7414,#7415);
#7414 = CARTESIAN_POINT('',(0.,0.));
#7415 = VECTOR('',#7416,1.);
#7416 = DIRECTION('',(0.,-1.));
#7417 = ( GEOMETRIC_REPRESENTATION_CONTEXT(2) 
PARAMETRIC_REPRESENTATION_CONTEXT() REPRESENTATION_CONTEXT('2D SPACE',''
  ) );
#7418 = PCURVE('',#2497,#7419);
#7419 = DEFINITIONAL_REPRESENTATION('',(#7420),#7424);
#7420 = LINE('',#7421,#7422);
#7421 = CARTESIAN_POINT('',(1.,0.));
#7422 = VECTOR('',#7423,1.);
#7423 = DIRECTION('',(0.,-1.));
#7424 = ( GEOMETRIC_REPRESENTATION_CONTEXT(2) 
PARAMETRIC_REPRESENTATION_CONTEXT() REPRESENTATION_CONTEXT('2D SPACE',''
  ) );
#7425 = ORIENTED_EDGE('',*,*,#7426,.T.);
#7426 = EDGE_CURVE('',#7404,#7355,#7427,.T.);
#7427 = SURFACE_CURVE('',#7428,(#7432,#7439),.PCURVE_S1.);
#7428 = B_SPLINE_CURVE_WITH_KNOTS('',2,(#7429,#7430,#7431),
  .UNSPECIFIED.,.F.,.F.,(3,3),(0.,1.),.PIECEWISE_BEZIER_KNOTS.);
#7429 = CARTESIAN_POINT('',(-0.6884765625,-20.80786132812,2.6));
#7430 = CARTESIAN_POINT('',(-0.17333984375,-20.80786132812,2.6));
#7431 = CARTESIAN_POINT('',(0.126953125,-21.09350585937,2.6));
#7432 = PCURVE('',#2556,#7433);
#7433 = DEFINITIONAL_REPRESENTATION('',(#7434),#7438);
#7434 = LINE('',#7435,#7436);
#7435 = CARTESIAN_POINT('',(0.,-0.7));
#7436 = VECTOR('',#7437,1.);
#7437 = DIRECTION('',(1.,0.));
#7438 = ( GEOMETRIC_REPRESENTATION_CONTEXT(2) 
PARAMETRIC_REPRESENTATION_CONTEXT() REPRESENTATION_CONTEXT('2D SPACE',''
  ) );
#7439 = PCURVE('',#7072,#7440);
#7440 = DEFINITIONAL_REPRESENTATION('',(#7441),#7445);
#7441 = B_SPLINE_CURVE_WITH_KNOTS('',2,(#7442,#7443,#7444),
  .UNSPECIFIED.,.F.,.F.,(3,3),(0.,1.),.PIECEWISE_BEZIER_KNOTS.);
#7442 = CARTESIAN_POINT('',(1.396484375,3.59375));
#7443 = CARTESIAN_POINT('',(1.91162109375,3.59375));
#7444 = CARTESIAN_POINT('',(2.2119140625,3.30810546875));
#7445 = ( GEOMETRIC_REPRESENTATION_CONTEXT(2) 
PARAMETRIC_REPRESENTATION_CONTEXT() REPRESENTATION_CONTEXT('2D SPACE',''
  ) );
#7446 = ORIENTED_EDGE('',*,*,#7354,.F.);
#7447 = ADVANCED_FACE('',(#7448),#2497,.T.);
#7448 = FACE_BOUND('',#7449,.T.);
#7449 = EDGE_LOOP('',(#7450,#7451,#7474,#7495));
#7450 = ORIENTED_EDGE('',*,*,#2459,.T.);
#7451 = ORIENTED_EDGE('',*,*,#7452,.T.);
#7452 = EDGE_CURVE('',#2403,#7453,#7455,.T.);
#7453 = VERTEX_POINT('',#7454);
#7454 = CARTESIAN_POINT('',(-1.50146484375,-21.07275390625,2.6));
#7455 = SURFACE_CURVE('',#7456,(#7460,#7467),.PCURVE_S1.);
#7456 = LINE('',#7457,#7458);
#7457 = CARTESIAN_POINT('',(-1.50146484375,-21.07275390625,1.9));
#7458 = VECTOR('',#7459,1.);
#7459 = DIRECTION('',(0.,0.,1.));
#7460 = PCURVE('',#2497,#7461);
#7461 = DEFINITIONAL_REPRESENTATION('',(#7462),#7466);
#7462 = LINE('',#7463,#7464);
#7463 = CARTESIAN_POINT('',(0.,0.));
#7464 = VECTOR('',#7465,1.);
#7465 = DIRECTION('',(0.,-1.));
#7466 = ( GEOMETRIC_REPRESENTATION_CONTEXT(2) 
PARAMETRIC_REPRESENTATION_CONTEXT() REPRESENTATION_CONTEXT('2D SPACE',''
  ) );
#7467 = PCURVE('',#2436,#7468);
#7468 = DEFINITIONAL_REPRESENTATION('',(#7469),#7473);
#7469 = LINE('',#7470,#7471);
#7470 = CARTESIAN_POINT('',(1.,0.));
#7471 = VECTOR('',#7472,1.);
#7472 = DIRECTION('',(0.,-1.));
#7473 = ( GEOMETRIC_REPRESENTATION_CONTEXT(2) 
PARAMETRIC_REPRESENTATION_CONTEXT() REPRESENTATION_CONTEXT('2D SPACE',''
  ) );
#7474 = ORIENTED_EDGE('',*,*,#7475,.T.);
#7475 = EDGE_CURVE('',#7453,#7404,#7476,.T.);
#7476 = SURFACE_CURVE('',#7477,(#7481,#7488),.PCURVE_S1.);
#7477 = B_SPLINE_CURVE_WITH_KNOTS('',2,(#7478,#7479,#7480),
  .UNSPECIFIED.,.F.,.F.,(3,3),(0.,1.),.PIECEWISE_BEZIER_KNOTS.);
#7478 = CARTESIAN_POINT('',(-1.50146484375,-21.07275390625,2.6));
#7479 = CARTESIAN_POINT('',(-1.19873046875,-20.80786132812,2.6));
#7480 = CARTESIAN_POINT('',(-0.6884765625,-20.80786132812,2.6));
#7481 = PCURVE('',#2497,#7482);
#7482 = DEFINITIONAL_REPRESENTATION('',(#7483),#7487);
#7483 = LINE('',#7484,#7485);
#7484 = CARTESIAN_POINT('',(0.,-0.7));
#7485 = VECTOR('',#7486,1.);
#7486 = DIRECTION('',(1.,0.));
#7487 = ( GEOMETRIC_REPRESENTATION_CONTEXT(2) 
PARAMETRIC_REPRESENTATION_CONTEXT() REPRESENTATION_CONTEXT('2D SPACE',''
  ) );
#7488 = PCURVE('',#7072,#7489);
#7489 = DEFINITIONAL_REPRESENTATION('',(#7490),#7494);
#7490 = B_SPLINE_CURVE_WITH_KNOTS('',2,(#7491,#7492,#7493),
  .UNSPECIFIED.,.F.,.F.,(3,3),(0.,1.),.PIECEWISE_BEZIER_KNOTS.);
#7491 = CARTESIAN_POINT('',(0.58349609375,3.328857421875));
#7492 = CARTESIAN_POINT('',(0.88623046875,3.59375));
#7493 = CARTESIAN_POINT('',(1.396484375,3.59375));
#7494 = ( GEOMETRIC_REPRESENTATION_CONTEXT(2) 
PARAMETRIC_REPRESENTATION_CONTEXT() REPRESENTATION_CONTEXT('2D SPACE',''
  ) );
#7495 = ORIENTED_EDGE('',*,*,#7403,.F.);
#7496 = ADVANCED_FACE('',(#7497),#2436,.T.);
#7497 = FACE_BOUND('',#7498,.T.);
#7498 = EDGE_LOOP('',(#7499,#7500,#7523,#7544));
#7499 = ORIENTED_EDGE('',*,*,#2402,.T.);
#7500 = ORIENTED_EDGE('',*,*,#7501,.T.);
#7501 = EDGE_CURVE('',#2376,#7502,#7504,.T.);
#7502 = VERTEX_POINT('',#7503);
#7503 = CARTESIAN_POINT('',(-1.8505859375,-21.84301757812,2.6));
#7504 = SURFACE_CURVE('',#7505,(#7509,#7516),.PCURVE_S1.);
#7505 = LINE('',#7506,#7507);
#7506 = CARTESIAN_POINT('',(-1.8505859375,-21.84301757812,1.9));
#7507 = VECTOR('',#7508,1.);
#7508 = DIRECTION('',(0.,0.,1.));
#7509 = PCURVE('',#2436,#7510);
#7510 = DEFINITIONAL_REPRESENTATION('',(#7511),#7515);
#7511 = LINE('',#7512,#7513);
#7512 = CARTESIAN_POINT('',(0.,0.));
#7513 = VECTOR('',#7514,1.);
#7514 = DIRECTION('',(0.,-1.));
#7515 = ( GEOMETRIC_REPRESENTATION_CONTEXT(2) 
PARAMETRIC_REPRESENTATION_CONTEXT() REPRESENTATION_CONTEXT('2D SPACE',''
  ) );
#7516 = PCURVE('',#2391,#7517);
#7517 = DEFINITIONAL_REPRESENTATION('',(#7518),#7522);
#7518 = LINE('',#7519,#7520);
#7519 = CARTESIAN_POINT('',(0.454035928557,0.));
#7520 = VECTOR('',#7521,1.);
#7521 = DIRECTION('',(0.,-1.));
#7522 = ( GEOMETRIC_REPRESENTATION_CONTEXT(2) 
PARAMETRIC_REPRESENTATION_CONTEXT() REPRESENTATION_CONTEXT('2D SPACE',''
  ) );
#7523 = ORIENTED_EDGE('',*,*,#7524,.T.);
#7524 = EDGE_CURVE('',#7502,#7453,#7525,.T.);
#7525 = SURFACE_CURVE('',#7526,(#7530,#7537),.PCURVE_S1.);
#7526 = B_SPLINE_CURVE_WITH_KNOTS('',2,(#7527,#7528,#7529),
  .UNSPECIFIED.,.F.,.F.,(3,3),(0.,1.),.PIECEWISE_BEZIER_KNOTS.);
#7527 = CARTESIAN_POINT('',(-1.8505859375,-21.84301757812,2.6));
#7528 = CARTESIAN_POINT('',(-1.80419921875,-21.33764648437,2.6));
#7529 = CARTESIAN_POINT('',(-1.50146484375,-21.07275390625,2.6));
#7530 = PCURVE('',#2436,#7531);
#7531 = DEFINITIONAL_REPRESENTATION('',(#7532),#7536);
#7532 = LINE('',#7533,#7534);
#7533 = CARTESIAN_POINT('',(0.,-0.7));
#7534 = VECTOR('',#7535,1.);
#7535 = DIRECTION('',(1.,0.));
#7536 = ( GEOMETRIC_REPRESENTATION_CONTEXT(2) 
PARAMETRIC_REPRESENTATION_CONTEXT() REPRESENTATION_CONTEXT('2D SPACE',''
  ) );
#7537 = PCURVE('',#7072,#7538);
#7538 = DEFINITIONAL_REPRESENTATION('',(#7539),#7543);
#7539 = B_SPLINE_CURVE_WITH_KNOTS('',2,(#7540,#7541,#7542),
  .UNSPECIFIED.,.F.,.F.,(3,3),(0.,1.),.PIECEWISE_BEZIER_KNOTS.);
#7540 = CARTESIAN_POINT('',(0.234375,2.55859375));
#7541 = CARTESIAN_POINT('',(0.28076171875,3.06396484375));
#7542 = CARTESIAN_POINT('',(0.58349609375,3.328857421875));
#7543 = ( GEOMETRIC_REPRESENTATION_CONTEXT(2) 
PARAMETRIC_REPRESENTATION_CONTEXT() REPRESENTATION_CONTEXT('2D SPACE',''
  ) );
#7544 = ORIENTED_EDGE('',*,*,#7452,.F.);
#7545 = ADVANCED_FACE('',(#7546),#2391,.T.);
#7546 = FACE_BOUND('',#7547,.T.);
#7547 = EDGE_LOOP('',(#7548,#7549,#7572,#7593));
#7548 = ORIENTED_EDGE('',*,*,#2375,.T.);
#7549 = ORIENTED_EDGE('',*,*,#7550,.T.);
#7550 = EDGE_CURVE('',#2319,#7551,#7553,.T.);
#7551 = VERTEX_POINT('',#7552);
#7552 = CARTESIAN_POINT('',(-1.39892578125,-21.88940429687,2.6));
#7553 = SURFACE_CURVE('',#7554,(#7558,#7565),.PCURVE_S1.);
#7554 = LINE('',#7555,#7556);
#7555 = CARTESIAN_POINT('',(-1.39892578125,-21.88940429687,1.9));
#7556 = VECTOR('',#7557,1.);
#7557 = DIRECTION('',(0.,0.,1.));
#7558 = PCURVE('',#2391,#7559);
#7559 = DEFINITIONAL_REPRESENTATION('',(#7560),#7564);
#7560 = LINE('',#7561,#7562);
#7561 = CARTESIAN_POINT('',(0.,0.));
#7562 = VECTOR('',#7563,1.);
#7563 = DIRECTION('',(0.,-1.));
#7564 = ( GEOMETRIC_REPRESENTATION_CONTEXT(2) 
PARAMETRIC_REPRESENTATION_CONTEXT() REPRESENTATION_CONTEXT('2D SPACE',''
  ) );
#7565 = PCURVE('',#2352,#7566);
#7566 = DEFINITIONAL_REPRESENTATION('',(#7567),#7571);
#7567 = LINE('',#7568,#7569);
#7568 = CARTESIAN_POINT('',(1.,0.));
#7569 = VECTOR('',#7570,1.);
#7570 = DIRECTION('',(0.,-1.));
#7571 = ( GEOMETRIC_REPRESENTATION_CONTEXT(2) 
PARAMETRIC_REPRESENTATION_CONTEXT() REPRESENTATION_CONTEXT('2D SPACE',''
  ) );
#7572 = ORIENTED_EDGE('',*,*,#7573,.T.);
#7573 = EDGE_CURVE('',#7551,#7502,#7574,.T.);
#7574 = SURFACE_CURVE('',#7575,(#7579,#7586),.PCURVE_S1.);
#7575 = LINE('',#7576,#7577);
#7576 = CARTESIAN_POINT('',(-1.39892578125,-21.88940429687,2.6));
#7577 = VECTOR('',#7578,1.);
#7578 = DIRECTION('',(-0.994767435445,0.102165304181,0.));
#7579 = PCURVE('',#2391,#7580);
#7580 = DEFINITIONAL_REPRESENTATION('',(#7581),#7585);
#7581 = LINE('',#7582,#7583);
#7582 = CARTESIAN_POINT('',(0.,-0.7));
#7583 = VECTOR('',#7584,1.);
#7584 = DIRECTION('',(1.,0.));
#7585 = ( GEOMETRIC_REPRESENTATION_CONTEXT(2) 
PARAMETRIC_REPRESENTATION_CONTEXT() REPRESENTATION_CONTEXT('2D SPACE',''
  ) );
#7586 = PCURVE('',#7072,#7587);
#7587 = DEFINITIONAL_REPRESENTATION('',(#7588),#7592);
#7588 = LINE('',#7589,#7590);
#7589 = CARTESIAN_POINT('',(0.68603515625,2.51220703125));
#7590 = VECTOR('',#7591,1.);
#7591 = DIRECTION('',(-0.994767435445,0.102165304181));
#7592 = ( GEOMETRIC_REPRESENTATION_CONTEXT(2) 
PARAMETRIC_REPRESENTATION_CONTEXT() REPRESENTATION_CONTEXT('2D SPACE',''
  ) );
#7593 = ORIENTED_EDGE('',*,*,#7501,.F.);
#7594 = ADVANCED_FACE('',(#7595),#2352,.T.);
#7595 = FACE_BOUND('',#7596,.T.);
#7596 = EDGE_LOOP('',(#7597,#7598,#7621,#7642));
#7597 = ORIENTED_EDGE('',*,*,#2318,.T.);
#7598 = ORIENTED_EDGE('',*,*,#7599,.T.);
#7599 = EDGE_CURVE('',#2268,#7600,#7602,.T.);
#7600 = VERTEX_POINT('',#7601);
#7601 = CARTESIAN_POINT('',(-1.2060546875,-21.36206054687,2.6));
#7602 = SURFACE_CURVE('',#7603,(#7607,#7614),.PCURVE_S1.);
#7603 = LINE('',#7604,#7605);
#7604 = CARTESIAN_POINT('',(-1.2060546875,-21.36206054687,1.9));
#7605 = VECTOR('',#7606,1.);
#7606 = DIRECTION('',(0.,0.,1.));
#7607 = PCURVE('',#2352,#7608);
#7608 = DEFINITIONAL_REPRESENTATION('',(#7609),#7613);
#7609 = LINE('',#7610,#7611);
#7610 = CARTESIAN_POINT('',(0.,0.));
#7611 = VECTOR('',#7612,1.);
#7612 = DIRECTION('',(0.,-1.));
#7613 = ( GEOMETRIC_REPRESENTATION_CONTEXT(2) 
PARAMETRIC_REPRESENTATION_CONTEXT() REPRESENTATION_CONTEXT('2D SPACE',''
  ) );
#7614 = PCURVE('',#2297,#7615);
#7615 = DEFINITIONAL_REPRESENTATION('',(#7616),#7620);
#7616 = LINE('',#7617,#7618);
#7617 = CARTESIAN_POINT('',(1.,0.));
#7618 = VECTOR('',#7619,1.);
#7619 = DIRECTION('',(0.,-1.));
#7620 = ( GEOMETRIC_REPRESENTATION_CONTEXT(2) 
PARAMETRIC_REPRESENTATION_CONTEXT() REPRESENTATION_CONTEXT('2D SPACE',''
  ) );
#7621 = ORIENTED_EDGE('',*,*,#7622,.T.);
#7622 = EDGE_CURVE('',#7600,#7551,#7623,.T.);
#7623 = SURFACE_CURVE('',#7624,(#7628,#7635),.PCURVE_S1.);
#7624 = B_SPLINE_CURVE_WITH_KNOTS('',2,(#7625,#7626,#7627),
  .UNSPECIFIED.,.F.,.F.,(3,3),(0.,1.),.PIECEWISE_BEZIER_KNOTS.);
#7625 = CARTESIAN_POINT('',(-1.2060546875,-21.36206054687,2.6));
#7626 = CARTESIAN_POINT('',(-1.396484375,-21.55249023437,2.6));
#7627 = CARTESIAN_POINT('',(-1.39892578125,-21.88940429687,2.6));
#7628 = PCURVE('',#2352,#7629);
#7629 = DEFINITIONAL_REPRESENTATION('',(#7630),#7634);
#7630 = LINE('',#7631,#7632);
#7631 = CARTESIAN_POINT('',(0.,-0.7));
#7632 = VECTOR('',#7633,1.);
#7633 = DIRECTION('',(1.,0.));
#7634 = ( GEOMETRIC_REPRESENTATION_CONTEXT(2) 
PARAMETRIC_REPRESENTATION_CONTEXT() REPRESENTATION_CONTEXT('2D SPACE',''
  ) );
#7635 = PCURVE('',#7072,#7636);
#7636 = DEFINITIONAL_REPRESENTATION('',(#7637),#7641);
#7637 = B_SPLINE_CURVE_WITH_KNOTS('',2,(#7638,#7639,#7640),
  .UNSPECIFIED.,.F.,.F.,(3,3),(0.,1.),.PIECEWISE_BEZIER_KNOTS.);
#7638 = CARTESIAN_POINT('',(0.87890625,3.03955078125));
#7639 = CARTESIAN_POINT('',(0.6884765625,2.84912109375));
#7640 = CARTESIAN_POINT('',(0.68603515625,2.51220703125));
#7641 = ( GEOMETRIC_REPRESENTATION_CONTEXT(2) 
PARAMETRIC_REPRESENTATION_CONTEXT() REPRESENTATION_CONTEXT('2D SPACE',''
  ) );
#7642 = ORIENTED_EDGE('',*,*,#7550,.F.);
#7643 = ADVANCED_FACE('',(#7644),#2297,.T.);
#7644 = FACE_BOUND('',#7645,.T.);
#7645 = EDGE_LOOP('',(#7646,#7647,#7670,#7691));
#7646 = ORIENTED_EDGE('',*,*,#2267,.T.);
#7647 = ORIENTED_EDGE('',*,*,#7648,.T.);
#7648 = EDGE_CURVE('',#2217,#7649,#7651,.T.);
#7649 = VERTEX_POINT('',#7650);
#7650 = CARTESIAN_POINT('',(-0.6982421875,-21.17163085937,2.6));
#7651 = SURFACE_CURVE('',#7652,(#7656,#7663),.PCURVE_S1.);
#7652 = LINE('',#7653,#7654);
#7653 = CARTESIAN_POINT('',(-0.6982421875,-21.17163085937,1.9));
#7654 = VECTOR('',#7655,1.);
#7655 = DIRECTION('',(0.,0.,1.));
#7656 = PCURVE('',#2297,#7657);
#7657 = DEFINITIONAL_REPRESENTATION('',(#7658),#7662);
#7658 = LINE('',#7659,#7660);
#7659 = CARTESIAN_POINT('',(0.,0.));
#7660 = VECTOR('',#7661,1.);
#7661 = DIRECTION('',(0.,-1.));
#7662 = ( GEOMETRIC_REPRESENTATION_CONTEXT(2) 
PARAMETRIC_REPRESENTATION_CONTEXT() REPRESENTATION_CONTEXT('2D SPACE',''
  ) );
#7663 = PCURVE('',#2246,#7664);
#7664 = DEFINITIONAL_REPRESENTATION('',(#7665),#7669);
#7665 = LINE('',#7666,#7667);
#7666 = CARTESIAN_POINT('',(1.,0.));
#7667 = VECTOR('',#7668,1.);
#7668 = DIRECTION('',(0.,-1.));
#7669 = ( GEOMETRIC_REPRESENTATION_CONTEXT(2) 
PARAMETRIC_REPRESENTATION_CONTEXT() REPRESENTATION_CONTEXT('2D SPACE',''
  ) );
#7670 = ORIENTED_EDGE('',*,*,#7671,.T.);
#7671 = EDGE_CURVE('',#7649,#7600,#7672,.T.);
#7672 = SURFACE_CURVE('',#7673,(#7677,#7684),.PCURVE_S1.);
#7673 = B_SPLINE_CURVE_WITH_KNOTS('',2,(#7674,#7675,#7676),
  .UNSPECIFIED.,.F.,.F.,(3,3),(0.,1.),.PIECEWISE_BEZIER_KNOTS.);
#7674 = CARTESIAN_POINT('',(-0.6982421875,-21.17163085937,2.6));
#7675 = CARTESIAN_POINT('',(-1.015625,-21.17163085937,2.6));
#7676 = CARTESIAN_POINT('',(-1.2060546875,-21.36206054687,2.6));
#7677 = PCURVE('',#2297,#7678);
#7678 = DEFINITIONAL_REPRESENTATION('',(#7679),#7683);
#7679 = LINE('',#7680,#7681);
#7680 = CARTESIAN_POINT('',(0.,-0.7));
#7681 = VECTOR('',#7682,1.);
#7682 = DIRECTION('',(1.,0.));
#7683 = ( GEOMETRIC_REPRESENTATION_CONTEXT(2) 
PARAMETRIC_REPRESENTATION_CONTEXT() REPRESENTATION_CONTEXT('2D SPACE',''
  ) );
#7684 = PCURVE('',#7072,#7685);
#7685 = DEFINITIONAL_REPRESENTATION('',(#7686),#7690);
#7686 = B_SPLINE_CURVE_WITH_KNOTS('',2,(#7687,#7688,#7689),
  .UNSPECIFIED.,.F.,.F.,(3,3),(0.,1.),.PIECEWISE_BEZIER_KNOTS.);
#7687 = CARTESIAN_POINT('',(1.38671875,3.22998046875));
#7688 = CARTESIAN_POINT('',(1.0693359375,3.22998046875));
#7689 = CARTESIAN_POINT('',(0.87890625,3.03955078125));
#7690 = ( GEOMETRIC_REPRESENTATION_CONTEXT(2) 
PARAMETRIC_REPRESENTATION_CONTEXT() REPRESENTATION_CONTEXT('2D SPACE',''
  ) );
#7691 = ORIENTED_EDGE('',*,*,#7599,.F.);
#7692 = ADVANCED_FACE('',(#7693),#2246,.T.);
#7693 = FACE_BOUND('',#7694,.T.);
#7694 = EDGE_LOOP('',(#7695,#7696,#7719,#7740));
#7695 = ORIENTED_EDGE('',*,*,#2216,.T.);
#7696 = ORIENTED_EDGE('',*,*,#7697,.T.);
#7697 = EDGE_CURVE('',#2166,#7698,#7700,.T.);
#7698 = VERTEX_POINT('',#7699);
#7699 = CARTESIAN_POINT('',(-0.211181640625,-21.35107421875,2.6));
#7700 = SURFACE_CURVE('',#7701,(#7705,#7712),.PCURVE_S1.);
#7701 = LINE('',#7702,#7703);
#7702 = CARTESIAN_POINT('',(-0.211181640625,-21.35107421875,1.9));
#7703 = VECTOR('',#7704,1.);
#7704 = DIRECTION('',(0.,0.,1.));
#7705 = PCURVE('',#2246,#7706);
#7706 = DEFINITIONAL_REPRESENTATION('',(#7707),#7711);
#7707 = LINE('',#7708,#7709);
#7708 = CARTESIAN_POINT('',(0.,0.));
#7709 = VECTOR('',#7710,1.);
#7710 = DIRECTION('',(0.,-1.));
#7711 = ( GEOMETRIC_REPRESENTATION_CONTEXT(2) 
PARAMETRIC_REPRESENTATION_CONTEXT() REPRESENTATION_CONTEXT('2D SPACE',''
  ) );
#7712 = PCURVE('',#2195,#7713);
#7713 = DEFINITIONAL_REPRESENTATION('',(#7714),#7718);
#7714 = LINE('',#7715,#7716);
#7715 = CARTESIAN_POINT('',(1.,0.));
#7716 = VECTOR('',#7717,1.);
#7717 = DIRECTION('',(0.,-1.));
#7718 = ( GEOMETRIC_REPRESENTATION_CONTEXT(2) 
PARAMETRIC_REPRESENTATION_CONTEXT() REPRESENTATION_CONTEXT('2D SPACE',''
  ) );
#7719 = ORIENTED_EDGE('',*,*,#7720,.T.);
#7720 = EDGE_CURVE('',#7698,#7649,#7721,.T.);
#7721 = SURFACE_CURVE('',#7722,(#7726,#7733),.PCURVE_S1.);
#7722 = B_SPLINE_CURVE_WITH_KNOTS('',2,(#7723,#7724,#7725),
  .UNSPECIFIED.,.F.,.F.,(3,3),(0.,1.),.PIECEWISE_BEZIER_KNOTS.);
#7723 = CARTESIAN_POINT('',(-0.211181640625,-21.35107421875,2.6));
#7724 = CARTESIAN_POINT('',(-0.39794921875,-21.17163085937,2.6));
#7725 = CARTESIAN_POINT('',(-0.6982421875,-21.17163085937,2.6));
#7726 = PCURVE('',#2246,#7727);
#7727 = DEFINITIONAL_REPRESENTATION('',(#7728),#7732);
#7728 = LINE('',#7729,#7730);
#7729 = CARTESIAN_POINT('',(0.,-0.7));
#7730 = VECTOR('',#7731,1.);
#7731 = DIRECTION('',(1.,0.));
#7732 = ( GEOMETRIC_REPRESENTATION_CONTEXT(2) 
PARAMETRIC_REPRESENTATION_CONTEXT() REPRESENTATION_CONTEXT('2D SPACE',''
  ) );
#7733 = PCURVE('',#7072,#7734);
#7734 = DEFINITIONAL_REPRESENTATION('',(#7735),#7739);
#7735 = B_SPLINE_CURVE_WITH_KNOTS('',2,(#7736,#7737,#7738),
  .UNSPECIFIED.,.F.,.F.,(3,3),(0.,1.),.PIECEWISE_BEZIER_KNOTS.);
#7736 = CARTESIAN_POINT('',(1.873779296875,3.050537109375));
#7737 = CARTESIAN_POINT('',(1.68701171875,3.22998046875));
#7738 = CARTESIAN_POINT('',(1.38671875,3.22998046875));
#7739 = ( GEOMETRIC_REPRESENTATION_CONTEXT(2) 
PARAMETRIC_REPRESENTATION_CONTEXT() REPRESENTATION_CONTEXT('2D SPACE',''
  ) );
#7740 = ORIENTED_EDGE('',*,*,#7648,.F.);
#7741 = ADVANCED_FACE('',(#7742),#2195,.T.);
#7742 = FACE_BOUND('',#7743,.T.);
#7743 = EDGE_LOOP('',(#7744,#7745,#7768,#7789));
#7744 = ORIENTED_EDGE('',*,*,#2165,.T.);
#7745 = ORIENTED_EDGE('',*,*,#7746,.T.);
#7746 = EDGE_CURVE('',#2115,#7747,#7749,.T.);
#7747 = VERTEX_POINT('',#7748);
#7748 = CARTESIAN_POINT('',(-2.44140625E-02,-21.79174804687,2.6));
#7749 = SURFACE_CURVE('',#7750,(#7754,#7761),.PCURVE_S1.);
#7750 = LINE('',#7751,#7752);
#7751 = CARTESIAN_POINT('',(-2.44140625E-02,-21.79174804687,1.9));
#7752 = VECTOR('',#7753,1.);
#7753 = DIRECTION('',(0.,0.,1.));
#7754 = PCURVE('',#2195,#7755);
#7755 = DEFINITIONAL_REPRESENTATION('',(#7756),#7760);
#7756 = LINE('',#7757,#7758);
#7757 = CARTESIAN_POINT('',(0.,0.));
#7758 = VECTOR('',#7759,1.);
#7759 = DIRECTION('',(0.,-1.));
#7760 = ( GEOMETRIC_REPRESENTATION_CONTEXT(2) 
PARAMETRIC_REPRESENTATION_CONTEXT() REPRESENTATION_CONTEXT('2D SPACE',''
  ) );
#7761 = PCURVE('',#2144,#7762);
#7762 = DEFINITIONAL_REPRESENTATION('',(#7763),#7767);
#7763 = LINE('',#7764,#7765);
#7764 = CARTESIAN_POINT('',(1.,0.));
#7765 = VECTOR('',#7766,1.);
#7766 = DIRECTION('',(0.,-1.));
#7767 = ( GEOMETRIC_REPRESENTATION_CONTEXT(2) 
PARAMETRIC_REPRESENTATION_CONTEXT() REPRESENTATION_CONTEXT('2D SPACE',''
  ) );
#7768 = ORIENTED_EDGE('',*,*,#7769,.T.);
#7769 = EDGE_CURVE('',#7747,#7698,#7770,.T.);
#7770 = SURFACE_CURVE('',#7771,(#7775,#7782),.PCURVE_S1.);
#7771 = B_SPLINE_CURVE_WITH_KNOTS('',2,(#7772,#7773,#7774),
  .UNSPECIFIED.,.F.,.F.,(3,3),(0.,1.),.PIECEWISE_BEZIER_KNOTS.);
#7772 = CARTESIAN_POINT('',(-2.44140625E-02,-21.79174804687,2.6));
#7773 = CARTESIAN_POINT('',(-2.44140625E-02,-21.53051757812,2.6));
#7774 = CARTESIAN_POINT('',(-0.211181640625,-21.35107421875,2.6));
#7775 = PCURVE('',#2195,#7776);
#7776 = DEFINITIONAL_REPRESENTATION('',(#7777),#7781);
#7777 = LINE('',#7778,#7779);
#7778 = CARTESIAN_POINT('',(0.,-0.7));
#7779 = VECTOR('',#7780,1.);
#7780 = DIRECTION('',(1.,0.));
#7781 = ( GEOMETRIC_REPRESENTATION_CONTEXT(2) 
PARAMETRIC_REPRESENTATION_CONTEXT() REPRESENTATION_CONTEXT('2D SPACE',''
  ) );
#7782 = PCURVE('',#7072,#7783);
#7783 = DEFINITIONAL_REPRESENTATION('',(#7784),#7788);
#7784 = B_SPLINE_CURVE_WITH_KNOTS('',2,(#7785,#7786,#7787),
  .UNSPECIFIED.,.F.,.F.,(3,3),(0.,1.),.PIECEWISE_BEZIER_KNOTS.);
#7785 = CARTESIAN_POINT('',(2.060546875,2.60986328125));
#7786 = CARTESIAN_POINT('',(2.060546875,2.87109375));
#7787 = CARTESIAN_POINT('',(1.873779296875,3.050537109375));
#7788 = ( GEOMETRIC_REPRESENTATION_CONTEXT(2) 
PARAMETRIC_REPRESENTATION_CONTEXT() REPRESENTATION_CONTEXT('2D SPACE',''
  ) );
#7789 = ORIENTED_EDGE('',*,*,#7697,.F.);
#7790 = ADVANCED_FACE('',(#7791),#2144,.T.);
#7791 = FACE_BOUND('',#7792,.T.);
#7792 = EDGE_LOOP('',(#7793,#7794,#7817,#7838));
#7793 = ORIENTED_EDGE('',*,*,#2114,.T.);
#7794 = ORIENTED_EDGE('',*,*,#7795,.T.);
#7795 = EDGE_CURVE('',#2067,#7796,#7798,.T.);
#7796 = VERTEX_POINT('',#7797);
#7797 = CARTESIAN_POINT('',(-0.2294921875,-22.3203125,2.6));
#7798 = SURFACE_CURVE('',#7799,(#7803,#7810),.PCURVE_S1.);
#7799 = LINE('',#7800,#7801);
#7800 = CARTESIAN_POINT('',(-0.2294921875,-22.3203125,1.9));
#7801 = VECTOR('',#7802,1.);
#7802 = DIRECTION('',(0.,0.,1.));
#7803 = PCURVE('',#2144,#7804);
#7804 = DEFINITIONAL_REPRESENTATION('',(#7805),#7809);
#7805 = LINE('',#7806,#7807);
#7806 = CARTESIAN_POINT('',(0.,0.));
#7807 = VECTOR('',#7808,1.);
#7808 = DIRECTION('',(0.,-1.));
#7809 = ( GEOMETRIC_REPRESENTATION_CONTEXT(2) 
PARAMETRIC_REPRESENTATION_CONTEXT() REPRESENTATION_CONTEXT('2D SPACE',''
  ) );
#7810 = PCURVE('',#2094,#7811);
#7811 = DEFINITIONAL_REPRESENTATION('',(#7812),#7816);
#7812 = LINE('',#7813,#7814);
#7813 = CARTESIAN_POINT('',(1.,0.));
#7814 = VECTOR('',#7815,1.);
#7815 = DIRECTION('',(0.,-1.));
#7816 = ( GEOMETRIC_REPRESENTATION_CONTEXT(2) 
PARAMETRIC_REPRESENTATION_CONTEXT() REPRESENTATION_CONTEXT('2D SPACE',''
  ) );
#7817 = ORIENTED_EDGE('',*,*,#7818,.T.);
#7818 = EDGE_CURVE('',#7796,#7747,#7819,.T.);
#7819 = SURFACE_CURVE('',#7820,(#7824,#7831),.PCURVE_S1.);
#7820 = B_SPLINE_CURVE_WITH_KNOTS('',2,(#7821,#7822,#7823),
  .UNSPECIFIED.,.F.,.F.,(3,3),(0.,1.),.PIECEWISE_BEZIER_KNOTS.);
#7821 = CARTESIAN_POINT('',(-0.2294921875,-22.3203125,2.6));
#7822 = CARTESIAN_POINT('',(-2.44140625E-02,-22.04077148437,2.6));
#7823 = CARTESIAN_POINT('',(-2.44140625E-02,-21.79174804687,2.6));
#7824 = PCURVE('',#2144,#7825);
#7825 = DEFINITIONAL_REPRESENTATION('',(#7826),#7830);
#7826 = LINE('',#7827,#7828);
#7827 = CARTESIAN_POINT('',(0.,-0.7));
#7828 = VECTOR('',#7829,1.);
#7829 = DIRECTION('',(1.,0.));
#7830 = ( GEOMETRIC_REPRESENTATION_CONTEXT(2) 
PARAMETRIC_REPRESENTATION_CONTEXT() REPRESENTATION_CONTEXT('2D SPACE',''
  ) );
#7831 = PCURVE('',#7072,#7832);
#7832 = DEFINITIONAL_REPRESENTATION('',(#7833),#7837);
#7833 = B_SPLINE_CURVE_WITH_KNOTS('',2,(#7834,#7835,#7836),
  .UNSPECIFIED.,.F.,.F.,(3,3),(0.,1.),.PIECEWISE_BEZIER_KNOTS.);
#7834 = CARTESIAN_POINT('',(1.85546875,2.081298828125));
#7835 = CARTESIAN_POINT('',(2.060546875,2.36083984375));
#7836 = CARTESIAN_POINT('',(2.060546875,2.60986328125));
#7837 = ( GEOMETRIC_REPRESENTATION_CONTEXT(2) 
PARAMETRIC_REPRESENTATION_CONTEXT() REPRESENTATION_CONTEXT('2D SPACE',''
  ) );
#7838 = ORIENTED_EDGE('',*,*,#7746,.F.);
#7839 = ADVANCED_FACE('',(#7840),#2094,.T.);
#7840 = FACE_BOUND('',#7841,.T.);
#7841 = EDGE_LOOP('',(#7842,#7843,#7866,#7887));
#7842 = ORIENTED_EDGE('',*,*,#2066,.T.);
#7843 = ORIENTED_EDGE('',*,*,#7844,.T.);
#7844 = EDGE_CURVE('',#2025,#7845,#7847,.T.);
#7845 = VERTEX_POINT('',#7846);
#7846 = CARTESIAN_POINT('',(-1.01806640625,-23.07836914062,2.6));
#7847 = SURFACE_CURVE('',#7848,(#7852,#7859),.PCURVE_S1.);
#7848 = LINE('',#7849,#7850);
#7849 = CARTESIAN_POINT('',(-1.01806640625,-23.07836914062,1.9));
#7850 = VECTOR('',#7851,1.);
#7851 = DIRECTION('',(0.,0.,1.));
#7852 = PCURVE('',#2094,#7853);
#7853 = DEFINITIONAL_REPRESENTATION('',(#7854),#7858);
#7854 = LINE('',#7855,#7856);
#7855 = CARTESIAN_POINT('',(0.,0.));
#7856 = VECTOR('',#7857,1.);
#7857 = DIRECTION('',(0.,-1.));
#7858 = ( GEOMETRIC_REPRESENTATION_CONTEXT(2) 
PARAMETRIC_REPRESENTATION_CONTEXT() REPRESENTATION_CONTEXT('2D SPACE',''
  ) );
#7859 = PCURVE('',#2048,#7860);
#7860 = DEFINITIONAL_REPRESENTATION('',(#7861),#7865);
#7861 = LINE('',#7862,#7863);
#7862 = CARTESIAN_POINT('',(1.,0.));
#7863 = VECTOR('',#7864,1.);
#7864 = DIRECTION('',(0.,-1.));
#7865 = ( GEOMETRIC_REPRESENTATION_CONTEXT(2) 
PARAMETRIC_REPRESENTATION_CONTEXT() REPRESENTATION_CONTEXT('2D SPACE',''
  ) );
#7866 = ORIENTED_EDGE('',*,*,#7867,.T.);
#7867 = EDGE_CURVE('',#7845,#7796,#7868,.T.);
#7868 = SURFACE_CURVE('',#7869,(#7873,#7880),.PCURVE_S1.);
#7869 = B_SPLINE_CURVE_WITH_KNOTS('',2,(#7870,#7871,#7872),
  .UNSPECIFIED.,.F.,.F.,(3,3),(0.,1.),.PIECEWISE_BEZIER_KNOTS.);
#7870 = CARTESIAN_POINT('',(-1.01806640625,-23.07836914062,2.6));
#7871 = CARTESIAN_POINT('',(-0.4345703125,-22.59985351562,2.6));
#7872 = CARTESIAN_POINT('',(-0.2294921875,-22.3203125,2.6));
#7873 = PCURVE('',#2094,#7874);
#7874 = DEFINITIONAL_REPRESENTATION('',(#7875),#7879);
#7875 = LINE('',#7876,#7877);
#7876 = CARTESIAN_POINT('',(0.,-0.7));
#7877 = VECTOR('',#7878,1.);
#7878 = DIRECTION('',(1.,0.));
#7879 = ( GEOMETRIC_REPRESENTATION_CONTEXT(2) 
PARAMETRIC_REPRESENTATION_CONTEXT() REPRESENTATION_CONTEXT('2D SPACE',''
  ) );
#7880 = PCURVE('',#7072,#7881);
#7881 = DEFINITIONAL_REPRESENTATION('',(#7882),#7886);
#7882 = B_SPLINE_CURVE_WITH_KNOTS('',2,(#7883,#7884,#7885),
  .UNSPECIFIED.,.F.,.F.,(3,3),(0.,1.),.PIECEWISE_BEZIER_KNOTS.);
#7883 = CARTESIAN_POINT('',(1.06689453125,1.3232421875));
#7884 = CARTESIAN_POINT('',(1.650390625,1.8017578125));
#7885 = CARTESIAN_POINT('',(1.85546875,2.081298828125));
#7886 = ( GEOMETRIC_REPRESENTATION_CONTEXT(2) 
PARAMETRIC_REPRESENTATION_CONTEXT() REPRESENTATION_CONTEXT('2D SPACE',''
  ) );
#7887 = ORIENTED_EDGE('',*,*,#7795,.F.);
#7888 = ADVANCED_FACE('',(#7889),#2048,.T.);
#7889 = FACE_BOUND('',#7890,.T.);
#7890 = EDGE_LOOP('',(#7891,#7892,#7915,#7936));
#7891 = ORIENTED_EDGE('',*,*,#2024,.T.);
#7892 = ORIENTED_EDGE('',*,*,#7893,.T.);
#7893 = EDGE_CURVE('',#1986,#7894,#7896,.T.);
#7894 = VERTEX_POINT('',#7895);
#7895 = CARTESIAN_POINT('',(-1.593017578125,-23.62036132812,2.6));
#7896 = SURFACE_CURVE('',#7897,(#7901,#7908),.PCURVE_S1.);
#7897 = LINE('',#7898,#7899);
#7898 = CARTESIAN_POINT('',(-1.593017578125,-23.62036132812,1.9));
#7899 = VECTOR('',#7900,1.);
#7900 = DIRECTION('',(0.,0.,1.));
#7901 = PCURVE('',#2048,#7902);
#7902 = DEFINITIONAL_REPRESENTATION('',(#7903),#7907);
#7903 = LINE('',#7904,#7905);
#7904 = CARTESIAN_POINT('',(0.,0.));
#7905 = VECTOR('',#7906,1.);
#7906 = DIRECTION('',(0.,-1.));
#7907 = ( GEOMETRIC_REPRESENTATION_CONTEXT(2) 
PARAMETRIC_REPRESENTATION_CONTEXT() REPRESENTATION_CONTEXT('2D SPACE',''
  ) );
#7908 = PCURVE('',#2007,#7909);
#7909 = DEFINITIONAL_REPRESENTATION('',(#7910),#7914);
#7910 = LINE('',#7911,#7912);
#7911 = CARTESIAN_POINT('',(1.,0.));
#7912 = VECTOR('',#7913,1.);
#7913 = DIRECTION('',(0.,-1.));
#7914 = ( GEOMETRIC_REPRESENTATION_CONTEXT(2) 
PARAMETRIC_REPRESENTATION_CONTEXT() REPRESENTATION_CONTEXT('2D SPACE',''
  ) );
#7915 = ORIENTED_EDGE('',*,*,#7916,.T.);
#7916 = EDGE_CURVE('',#7894,#7845,#7917,.T.);
#7917 = SURFACE_CURVE('',#7918,(#7922,#7929),.PCURVE_S1.);
#7918 = B_SPLINE_CURVE_WITH_KNOTS('',2,(#7919,#7920,#7921),
  .UNSPECIFIED.,.F.,.F.,(3,3),(0.,1.),.PIECEWISE_BEZIER_KNOTS.);
#7919 = CARTESIAN_POINT('',(-1.593017578125,-23.62036132812,2.6));
#7920 = CARTESIAN_POINT('',(-1.39404296875,-23.38598632812,2.6));
#7921 = CARTESIAN_POINT('',(-1.01806640625,-23.07836914062,2.6));
#7922 = PCURVE('',#2048,#7923);
#7923 = DEFINITIONAL_REPRESENTATION('',(#7924),#7928);
#7924 = LINE('',#7925,#7926);
#7925 = CARTESIAN_POINT('',(0.,-0.7));
#7926 = VECTOR('',#7927,1.);
#7927 = DIRECTION('',(1.,0.));
#7928 = ( GEOMETRIC_REPRESENTATION_CONTEXT(2) 
PARAMETRIC_REPRESENTATION_CONTEXT() REPRESENTATION_CONTEXT('2D SPACE',''
  ) );
#7929 = PCURVE('',#7072,#7930);
#7930 = DEFINITIONAL_REPRESENTATION('',(#7931),#7935);
#7931 = B_SPLINE_CURVE_WITH_KNOTS('',2,(#7932,#7933,#7934),
  .UNSPECIFIED.,.F.,.F.,(3,3),(0.,1.),.PIECEWISE_BEZIER_KNOTS.);
#7932 = CARTESIAN_POINT('',(0.491943359375,0.78125));
#7933 = CARTESIAN_POINT('',(0.69091796875,1.015625));
#7934 = CARTESIAN_POINT('',(1.06689453125,1.3232421875));
#7935 = ( GEOMETRIC_REPRESENTATION_CONTEXT(2) 
PARAMETRIC_REPRESENTATION_CONTEXT() REPRESENTATION_CONTEXT('2D SPACE',''
  ) );
#7936 = ORIENTED_EDGE('',*,*,#7844,.F.);
#7937 = ADVANCED_FACE('',(#7938),#2007,.T.);
#7938 = FACE_BOUND('',#7939,.T.);
#7939 = EDGE_LOOP('',(#7940,#7941,#7964,#7985));
#7940 = ORIENTED_EDGE('',*,*,#1985,.T.);
#7941 = ORIENTED_EDGE('',*,*,#7942,.T.);
#7942 = EDGE_CURVE('',#1941,#7943,#7945,.T.);
#7943 = VERTEX_POINT('',#7944);
#7944 = CARTESIAN_POINT('',(-1.88232421875,-24.09643554687,2.6));
#7945 = SURFACE_CURVE('',#7946,(#7950,#7957),.PCURVE_S1.);
#7946 = LINE('',#7947,#7948);
#7947 = CARTESIAN_POINT('',(-1.88232421875,-24.09643554687,1.9));
#7948 = VECTOR('',#7949,1.);
#7949 = DIRECTION('',(0.,0.,1.));
#7950 = PCURVE('',#2007,#7951);
#7951 = DEFINITIONAL_REPRESENTATION('',(#7952),#7956);
#7952 = LINE('',#7953,#7954);
#7953 = CARTESIAN_POINT('',(0.,0.));
#7954 = VECTOR('',#7955,1.);
#7955 = DIRECTION('',(0.,-1.));
#7956 = ( GEOMETRIC_REPRESENTATION_CONTEXT(2) 
PARAMETRIC_REPRESENTATION_CONTEXT() REPRESENTATION_CONTEXT('2D SPACE',''
  ) );
#7957 = PCURVE('',#1966,#7958);
#7958 = DEFINITIONAL_REPRESENTATION('',(#7959),#7963);
#7959 = LINE('',#7960,#7961);
#7960 = CARTESIAN_POINT('',(1.,0.));
#7961 = VECTOR('',#7962,1.);
#7962 = DIRECTION('',(0.,-1.));
#7963 = ( GEOMETRIC_REPRESENTATION_CONTEXT(2) 
PARAMETRIC_REPRESENTATION_CONTEXT() REPRESENTATION_CONTEXT('2D SPACE',''
  ) );
#7964 = ORIENTED_EDGE('',*,*,#7965,.T.);
#7965 = EDGE_CURVE('',#7943,#7894,#7966,.T.);
#7966 = SURFACE_CURVE('',#7967,(#7971,#7978),.PCURVE_S1.);
#7967 = B_SPLINE_CURVE_WITH_KNOTS('',2,(#7968,#7969,#7970),
  .UNSPECIFIED.,.F.,.F.,(3,3),(0.,1.),.PIECEWISE_BEZIER_KNOTS.);
#7968 = CARTESIAN_POINT('',(-1.88232421875,-24.09643554687,2.6));
#7969 = CARTESIAN_POINT('',(-1.7919921875,-23.85473632812,2.6));
#7970 = CARTESIAN_POINT('',(-1.593017578125,-23.62036132812,2.6));
#7971 = PCURVE('',#2007,#7972);
#7972 = DEFINITIONAL_REPRESENTATION('',(#7973),#7977);
#7973 = LINE('',#7974,#7975);
#7974 = CARTESIAN_POINT('',(0.,-0.7));
#7975 = VECTOR('',#7976,1.);
#7976 = DIRECTION('',(1.,0.));
#7977 = ( GEOMETRIC_REPRESENTATION_CONTEXT(2) 
PARAMETRIC_REPRESENTATION_CONTEXT() REPRESENTATION_CONTEXT('2D SPACE',''
  ) );
#7978 = PCURVE('',#7072,#7979);
#7979 = DEFINITIONAL_REPRESENTATION('',(#7980),#7984);
#7980 = B_SPLINE_CURVE_WITH_KNOTS('',2,(#7981,#7982,#7983),
  .UNSPECIFIED.,.F.,.F.,(3,3),(0.,1.),.PIECEWISE_BEZIER_KNOTS.);
#7981 = CARTESIAN_POINT('',(0.20263671875,0.30517578125));
#7982 = CARTESIAN_POINT('',(0.29296875,0.546875));
#7983 = CARTESIAN_POINT('',(0.491943359375,0.78125));
#7984 = ( GEOMETRIC_REPRESENTATION_CONTEXT(2) 
PARAMETRIC_REPRESENTATION_CONTEXT() REPRESENTATION_CONTEXT('2D SPACE',''
  ) );
#7985 = ORIENTED_EDGE('',*,*,#7893,.F.);
#7986 = ADVANCED_FACE('',(#7987),#1966,.T.);
#7987 = FACE_BOUND('',#7988,.T.);
#7988 = EDGE_LOOP('',(#7989,#7990,#8013,#8034));
#7989 = ORIENTED_EDGE('',*,*,#1940,.T.);
#7990 = ORIENTED_EDGE('',*,*,#7991,.T.);
#7991 = EDGE_CURVE('',#1914,#7992,#7994,.T.);
#7992 = VERTEX_POINT('',#7993);
#7993 = CARTESIAN_POINT('',(-1.93359375,-24.40161132812,2.6));
#7994 = SURFACE_CURVE('',#7995,(#7999,#8006),.PCURVE_S1.);
#7995 = LINE('',#7996,#7997);
#7996 = CARTESIAN_POINT('',(-1.93359375,-24.40161132812,1.9));
#7997 = VECTOR('',#7998,1.);
#7998 = DIRECTION('',(0.,0.,1.));
#7999 = PCURVE('',#1966,#8000);
#8000 = DEFINITIONAL_REPRESENTATION('',(#8001),#8005);
#8001 = LINE('',#8002,#8003);
#8002 = CARTESIAN_POINT('',(0.,0.));
#8003 = VECTOR('',#8004,1.);
#8004 = DIRECTION('',(0.,-1.));
#8005 = ( GEOMETRIC_REPRESENTATION_CONTEXT(2) 
PARAMETRIC_REPRESENTATION_CONTEXT() REPRESENTATION_CONTEXT('2D SPACE',''
  ) );
#8006 = PCURVE('',#1929,#8007);
#8007 = DEFINITIONAL_REPRESENTATION('',(#8008),#8012);
#8008 = LINE('',#8009,#8010);
#8009 = CARTESIAN_POINT('',(2.36572265625,0.));
#8010 = VECTOR('',#8011,1.);
#8011 = DIRECTION('',(0.,-1.));
#8012 = ( GEOMETRIC_REPRESENTATION_CONTEXT(2) 
PARAMETRIC_REPRESENTATION_CONTEXT() REPRESENTATION_CONTEXT('2D SPACE',''
  ) );
#8013 = ORIENTED_EDGE('',*,*,#8014,.T.);
#8014 = EDGE_CURVE('',#7992,#7943,#8015,.T.);
#8015 = SURFACE_CURVE('',#8016,(#8020,#8027),.PCURVE_S1.);
#8016 = B_SPLINE_CURVE_WITH_KNOTS('',2,(#8017,#8018,#8019),
  .UNSPECIFIED.,.F.,.F.,(3,3),(0.,1.),.PIECEWISE_BEZIER_KNOTS.);
#8017 = CARTESIAN_POINT('',(-1.93359375,-24.40161132812,2.6));
#8018 = CARTESIAN_POINT('',(-1.9384765625,-24.24291992187,2.6));
#8019 = CARTESIAN_POINT('',(-1.88232421875,-24.09643554687,2.6));
#8020 = PCURVE('',#1966,#8021);
#8021 = DEFINITIONAL_REPRESENTATION('',(#8022),#8026);
#8022 = LINE('',#8023,#8024);
#8023 = CARTESIAN_POINT('',(0.,-0.7));
#8024 = VECTOR('',#8025,1.);
#8025 = DIRECTION('',(1.,0.));
#8026 = ( GEOMETRIC_REPRESENTATION_CONTEXT(2) 
PARAMETRIC_REPRESENTATION_CONTEXT() REPRESENTATION_CONTEXT('2D SPACE',''
  ) );
#8027 = PCURVE('',#7072,#8028);
#8028 = DEFINITIONAL_REPRESENTATION('',(#8029),#8033);
#8029 = B_SPLINE_CURVE_WITH_KNOTS('',2,(#8030,#8031,#8032),
  .UNSPECIFIED.,.F.,.F.,(3,3),(0.,1.),.PIECEWISE_BEZIER_KNOTS.);
#8030 = CARTESIAN_POINT('',(0.1513671875,0.));
#8031 = CARTESIAN_POINT('',(0.146484375,0.15869140625));
#8032 = CARTESIAN_POINT('',(0.20263671875,0.30517578125));
#8033 = ( GEOMETRIC_REPRESENTATION_CONTEXT(2) 
PARAMETRIC_REPRESENTATION_CONTEXT() REPRESENTATION_CONTEXT('2D SPACE',''
  ) );
#8034 = ORIENTED_EDGE('',*,*,#7942,.F.);
#8035 = ADVANCED_FACE('',(#8036),#1929,.T.);
#8036 = FACE_BOUND('',#8037,.T.);
#8037 = EDGE_LOOP('',(#8038,#8039,#8062,#8083));
#8038 = ORIENTED_EDGE('',*,*,#1913,.T.);
#8039 = ORIENTED_EDGE('',*,*,#8040,.T.);
#8040 = EDGE_CURVE('',#1887,#8041,#8043,.T.);
#8041 = VERTEX_POINT('',#8042);
#8042 = CARTESIAN_POINT('',(0.43212890625,-24.40161132812,2.6));
#8043 = SURFACE_CURVE('',#8044,(#8048,#8055),.PCURVE_S1.);
#8044 = LINE('',#8045,#8046);
#8045 = CARTESIAN_POINT('',(0.43212890625,-24.40161132812,1.9));
#8046 = VECTOR('',#8047,1.);
#8047 = DIRECTION('',(0.,0.,1.));
#8048 = PCURVE('',#1929,#8049);
#8049 = DEFINITIONAL_REPRESENTATION('',(#8050),#8054);
#8050 = LINE('',#8051,#8052);
#8051 = CARTESIAN_POINT('',(0.,-0.));
#8052 = VECTOR('',#8053,1.);
#8053 = DIRECTION('',(0.,-1.));
#8054 = ( GEOMETRIC_REPRESENTATION_CONTEXT(2) 
PARAMETRIC_REPRESENTATION_CONTEXT() REPRESENTATION_CONTEXT('2D SPACE',''
  ) );
#8055 = PCURVE('',#1902,#8056);
#8056 = DEFINITIONAL_REPRESENTATION('',(#8057),#8061);
#8057 = LINE('',#8058,#8059);
#8058 = CARTESIAN_POINT('',(0.42236328125,0.));
#8059 = VECTOR('',#8060,1.);
#8060 = DIRECTION('',(0.,-1.));
#8061 = ( GEOMETRIC_REPRESENTATION_CONTEXT(2) 
PARAMETRIC_REPRESENTATION_CONTEXT() REPRESENTATION_CONTEXT('2D SPACE',''
  ) );
#8062 = ORIENTED_EDGE('',*,*,#8063,.T.);
#8063 = EDGE_CURVE('',#8041,#7992,#8064,.T.);
#8064 = SURFACE_CURVE('',#8065,(#8069,#8076),.PCURVE_S1.);
#8065 = LINE('',#8066,#8067);
#8066 = CARTESIAN_POINT('',(0.43212890625,-24.40161132812,2.6));
#8067 = VECTOR('',#8068,1.);
#8068 = DIRECTION('',(-1.,0.,0.));
#8069 = PCURVE('',#1929,#8070);
#8070 = DEFINITIONAL_REPRESENTATION('',(#8071),#8075);
#8071 = LINE('',#8072,#8073);
#8072 = CARTESIAN_POINT('',(0.,-0.7));
#8073 = VECTOR('',#8074,1.);
#8074 = DIRECTION('',(1.,0.));
#8075 = ( GEOMETRIC_REPRESENTATION_CONTEXT(2) 
PARAMETRIC_REPRESENTATION_CONTEXT() REPRESENTATION_CONTEXT('2D SPACE',''
  ) );
#8076 = PCURVE('',#7072,#8077);
#8077 = DEFINITIONAL_REPRESENTATION('',(#8078),#8082);
#8078 = LINE('',#8079,#8080);
#8079 = CARTESIAN_POINT('',(2.51708984375,0.));
#8080 = VECTOR('',#8081,1.);
#8081 = DIRECTION('',(-1.,0.));
#8082 = ( GEOMETRIC_REPRESENTATION_CONTEXT(2) 
PARAMETRIC_REPRESENTATION_CONTEXT() REPRESENTATION_CONTEXT('2D SPACE',''
  ) );
#8083 = ORIENTED_EDGE('',*,*,#7991,.F.);
#8084 = ADVANCED_FACE('',(#8085),#1902,.T.);
#8085 = FACE_BOUND('',#8086,.T.);
#8086 = EDGE_LOOP('',(#8087,#8088,#8089,#8110));
#8087 = ORIENTED_EDGE('',*,*,#1886,.T.);
#8088 = ORIENTED_EDGE('',*,*,#7084,.T.);
#8089 = ORIENTED_EDGE('',*,*,#8090,.T.);
#8090 = EDGE_CURVE('',#7057,#8041,#8091,.T.);
#8091 = SURFACE_CURVE('',#8092,(#8096,#8103),.PCURVE_S1.);
#8092 = LINE('',#8093,#8094);
#8093 = CARTESIAN_POINT('',(0.43212890625,-23.97924804687,2.6));
#8094 = VECTOR('',#8095,1.);
#8095 = DIRECTION('',(0.,-1.,0.));
#8096 = PCURVE('',#1902,#8097);
#8097 = DEFINITIONAL_REPRESENTATION('',(#8098),#8102);
#8098 = LINE('',#8099,#8100);
#8099 = CARTESIAN_POINT('',(0.,-0.7));
#8100 = VECTOR('',#8101,1.);
#8101 = DIRECTION('',(1.,0.));
#8102 = ( GEOMETRIC_REPRESENTATION_CONTEXT(2) 
PARAMETRIC_REPRESENTATION_CONTEXT() REPRESENTATION_CONTEXT('2D SPACE',''
  ) );
#8103 = PCURVE('',#7072,#8104);
#8104 = DEFINITIONAL_REPRESENTATION('',(#8105),#8109);
#8105 = LINE('',#8106,#8107);
#8106 = CARTESIAN_POINT('',(2.51708984375,0.42236328125));
#8107 = VECTOR('',#8108,1.);
#8108 = DIRECTION('',(0.,-1.));
#8109 = ( GEOMETRIC_REPRESENTATION_CONTEXT(2) 
PARAMETRIC_REPRESENTATION_CONTEXT() REPRESENTATION_CONTEXT('2D SPACE',''
  ) );
#8110 = ORIENTED_EDGE('',*,*,#8040,.F.);
#8111 = ADVANCED_FACE('',(#8112),#2861,.T.);
#8112 = FACE_BOUND('',#8113,.T.);
#8113 = EDGE_LOOP('',(#8114,#8115,#8138,#8166));
#8114 = ORIENTED_EDGE('',*,*,#2843,.T.);
#8115 = ORIENTED_EDGE('',*,*,#8116,.T.);
#8116 = EDGE_CURVE('',#2846,#8117,#8119,.T.);
#8117 = VERTEX_POINT('',#8118);
#8118 = CARTESIAN_POINT('',(1.650390625,-24.40161132812,2.6));
#8119 = SURFACE_CURVE('',#8120,(#8124,#8131),.PCURVE_S1.);
#8120 = LINE('',#8121,#8122);
#8121 = CARTESIAN_POINT('',(1.650390625,-24.40161132812,1.9));
#8122 = VECTOR('',#8123,1.);
#8123 = DIRECTION('',(0.,0.,1.));
#8124 = PCURVE('',#2861,#8125);
#8125 = DEFINITIONAL_REPRESENTATION('',(#8126),#8130);
#8126 = LINE('',#8127,#8128);
#8127 = CARTESIAN_POINT('',(0.,-0.));
#8128 = VECTOR('',#8129,1.);
#8129 = DIRECTION('',(0.,-1.));
#8130 = ( GEOMETRIC_REPRESENTATION_CONTEXT(2) 
PARAMETRIC_REPRESENTATION_CONTEXT() REPRESENTATION_CONTEXT('2D SPACE',''
  ) );
#8131 = PCURVE('',#2940,#8132);
#8132 = DEFINITIONAL_REPRESENTATION('',(#8133),#8137);
#8133 = LINE('',#8134,#8135);
#8134 = CARTESIAN_POINT('',(0.50048828125,0.));
#8135 = VECTOR('',#8136,1.);
#8136 = DIRECTION('',(0.,-1.));
#8137 = ( GEOMETRIC_REPRESENTATION_CONTEXT(2) 
PARAMETRIC_REPRESENTATION_CONTEXT() REPRESENTATION_CONTEXT('2D SPACE',''
  ) );
#8138 = ORIENTED_EDGE('',*,*,#8139,.T.);
#8139 = EDGE_CURVE('',#8117,#8140,#8142,.T.);
#8140 = VERTEX_POINT('',#8141);
#8141 = CARTESIAN_POINT('',(1.14990234375,-24.40161132812,2.6));
#8142 = SURFACE_CURVE('',#8143,(#8147,#8154),.PCURVE_S1.);
#8143 = LINE('',#8144,#8145);
#8144 = CARTESIAN_POINT('',(1.650390625,-24.40161132812,2.6));
#8145 = VECTOR('',#8146,1.);
#8146 = DIRECTION('',(-1.,0.,0.));
#8147 = PCURVE('',#2861,#8148);
#8148 = DEFINITIONAL_REPRESENTATION('',(#8149),#8153);
#8149 = LINE('',#8150,#8151);
#8150 = CARTESIAN_POINT('',(0.,-0.7));
#8151 = VECTOR('',#8152,1.);
#8152 = DIRECTION('',(1.,0.));
#8153 = ( GEOMETRIC_REPRESENTATION_CONTEXT(2) 
PARAMETRIC_REPRESENTATION_CONTEXT() REPRESENTATION_CONTEXT('2D SPACE',''
  ) );
#8154 = PCURVE('',#8155,#8160);
#8155 = PLANE('',#8156);
#8156 = AXIS2_PLACEMENT_3D('',#8157,#8158,#8159);
#8157 = CARTESIAN_POINT('',(0.69580078125,-24.40161132812,2.6));
#8158 = DIRECTION('',(0.,0.,1.));
#8159 = DIRECTION('',(1.,0.,0.));
#8160 = DEFINITIONAL_REPRESENTATION('',(#8161),#8165);
#8161 = LINE('',#8162,#8163);
#8162 = CARTESIAN_POINT('',(0.95458984375,0.));
#8163 = VECTOR('',#8164,1.);
#8164 = DIRECTION('',(-1.,0.));
#8165 = ( GEOMETRIC_REPRESENTATION_CONTEXT(2) 
PARAMETRIC_REPRESENTATION_CONTEXT() REPRESENTATION_CONTEXT('2D SPACE',''
  ) );
#8166 = ORIENTED_EDGE('',*,*,#8167,.F.);
#8167 = EDGE_CURVE('',#2844,#8140,#8168,.T.);
#8168 = SURFACE_CURVE('',#8169,(#8173,#8180),.PCURVE_S1.);
#8169 = LINE('',#8170,#8171);
#8170 = CARTESIAN_POINT('',(1.14990234375,-24.40161132812,1.9));
#8171 = VECTOR('',#8172,1.);
#8172 = DIRECTION('',(0.,0.,1.));
#8173 = PCURVE('',#2861,#8174);
#8174 = DEFINITIONAL_REPRESENTATION('',(#8175),#8179);
#8175 = LINE('',#8176,#8177);
#8176 = CARTESIAN_POINT('',(0.50048828125,0.));
#8177 = VECTOR('',#8178,1.);
#8178 = DIRECTION('',(0.,-1.));
#8179 = ( GEOMETRIC_REPRESENTATION_CONTEXT(2) 
PARAMETRIC_REPRESENTATION_CONTEXT() REPRESENTATION_CONTEXT('2D SPACE',''
  ) );
#8180 = PCURVE('',#2888,#8181);
#8181 = DEFINITIONAL_REPRESENTATION('',(#8182),#8186);
#8182 = LINE('',#8183,#8184);
#8183 = CARTESIAN_POINT('',(0.,0.));
#8184 = VECTOR('',#8185,1.);
#8185 = DIRECTION('',(0.,-1.));
#8186 = ( GEOMETRIC_REPRESENTATION_CONTEXT(2) 
PARAMETRIC_REPRESENTATION_CONTEXT() REPRESENTATION_CONTEXT('2D SPACE',''
  ) );
#8187 = ADVANCED_FACE('',(#8188),#2940,.T.);
#8188 = FACE_BOUND('',#8189,.T.);
#8189 = EDGE_LOOP('',(#8190,#8191,#8214,#8235));
#8190 = ORIENTED_EDGE('',*,*,#2926,.T.);
#8191 = ORIENTED_EDGE('',*,*,#8192,.T.);
#8192 = EDGE_CURVE('',#2900,#8193,#8195,.T.);
#8193 = VERTEX_POINT('',#8194);
#8194 = CARTESIAN_POINT('',(1.650390625,-23.90112304687,2.6));
#8195 = SURFACE_CURVE('',#8196,(#8200,#8207),.PCURVE_S1.);
#8196 = LINE('',#8197,#8198);
#8197 = CARTESIAN_POINT('',(1.650390625,-23.90112304687,1.9));
#8198 = VECTOR('',#8199,1.);
#8199 = DIRECTION('',(0.,0.,1.));
#8200 = PCURVE('',#2940,#8201);
#8201 = DEFINITIONAL_REPRESENTATION('',(#8202),#8206);
#8202 = LINE('',#8203,#8204);
#8203 = CARTESIAN_POINT('',(0.,0.));
#8204 = VECTOR('',#8205,1.);
#8205 = DIRECTION('',(0.,-1.));
#8206 = ( GEOMETRIC_REPRESENTATION_CONTEXT(2) 
PARAMETRIC_REPRESENTATION_CONTEXT() REPRESENTATION_CONTEXT('2D SPACE',''
  ) );
#8207 = PCURVE('',#2915,#8208);
#8208 = DEFINITIONAL_REPRESENTATION('',(#8209),#8213);
#8209 = LINE('',#8210,#8211);
#8210 = CARTESIAN_POINT('',(0.50048828125,0.));
#8211 = VECTOR('',#8212,1.);
#8212 = DIRECTION('',(0.,-1.));
#8213 = ( GEOMETRIC_REPRESENTATION_CONTEXT(2) 
PARAMETRIC_REPRESENTATION_CONTEXT() REPRESENTATION_CONTEXT('2D SPACE',''
  ) );
#8214 = ORIENTED_EDGE('',*,*,#8215,.T.);
#8215 = EDGE_CURVE('',#8193,#8117,#8216,.T.);
#8216 = SURFACE_CURVE('',#8217,(#8221,#8228),.PCURVE_S1.);
#8217 = LINE('',#8218,#8219);
#8218 = CARTESIAN_POINT('',(1.650390625,-23.90112304687,2.6));
#8219 = VECTOR('',#8220,1.);
#8220 = DIRECTION('',(0.,-1.,0.));
#8221 = PCURVE('',#2940,#8222);
#8222 = DEFINITIONAL_REPRESENTATION('',(#8223),#8227);
#8223 = LINE('',#8224,#8225);
#8224 = CARTESIAN_POINT('',(0.,-0.7));
#8225 = VECTOR('',#8226,1.);
#8226 = DIRECTION('',(1.,0.));
#8227 = ( GEOMETRIC_REPRESENTATION_CONTEXT(2) 
PARAMETRIC_REPRESENTATION_CONTEXT() REPRESENTATION_CONTEXT('2D SPACE',''
  ) );
#8228 = PCURVE('',#8155,#8229);
#8229 = DEFINITIONAL_REPRESENTATION('',(#8230),#8234);
#8230 = LINE('',#8231,#8232);
#8231 = CARTESIAN_POINT('',(0.95458984375,0.50048828125));
#8232 = VECTOR('',#8233,1.);
#8233 = DIRECTION('',(0.,-1.));
#8234 = ( GEOMETRIC_REPRESENTATION_CONTEXT(2) 
PARAMETRIC_REPRESENTATION_CONTEXT() REPRESENTATION_CONTEXT('2D SPACE',''
  ) );
#8235 = ORIENTED_EDGE('',*,*,#8116,.F.);
#8236 = ADVANCED_FACE('',(#8237),#2915,.T.);
#8237 = FACE_BOUND('',#8238,.T.);
#8238 = EDGE_LOOP('',(#8239,#8240,#8263,#8284));
#8239 = ORIENTED_EDGE('',*,*,#2899,.T.);
#8240 = ORIENTED_EDGE('',*,*,#8241,.T.);
#8241 = EDGE_CURVE('',#2873,#8242,#8244,.T.);
#8242 = VERTEX_POINT('',#8243);
#8243 = CARTESIAN_POINT('',(1.14990234375,-23.90112304687,2.6));
#8244 = SURFACE_CURVE('',#8245,(#8249,#8256),.PCURVE_S1.);
#8245 = LINE('',#8246,#8247);
#8246 = CARTESIAN_POINT('',(1.14990234375,-23.90112304687,1.9));
#8247 = VECTOR('',#8248,1.);
#8248 = DIRECTION('',(0.,0.,1.));
#8249 = PCURVE('',#2915,#8250);
#8250 = DEFINITIONAL_REPRESENTATION('',(#8251),#8255);
#8251 = LINE('',#8252,#8253);
#8252 = CARTESIAN_POINT('',(0.,0.));
#8253 = VECTOR('',#8254,1.);
#8254 = DIRECTION('',(0.,-1.));
#8255 = ( GEOMETRIC_REPRESENTATION_CONTEXT(2) 
PARAMETRIC_REPRESENTATION_CONTEXT() REPRESENTATION_CONTEXT('2D SPACE',''
  ) );
#8256 = PCURVE('',#2888,#8257);
#8257 = DEFINITIONAL_REPRESENTATION('',(#8258),#8262);
#8258 = LINE('',#8259,#8260);
#8259 = CARTESIAN_POINT('',(0.50048828125,0.));
#8260 = VECTOR('',#8261,1.);
#8261 = DIRECTION('',(0.,-1.));
#8262 = ( GEOMETRIC_REPRESENTATION_CONTEXT(2) 
PARAMETRIC_REPRESENTATION_CONTEXT() REPRESENTATION_CONTEXT('2D SPACE',''
  ) );
#8263 = ORIENTED_EDGE('',*,*,#8264,.T.);
#8264 = EDGE_CURVE('',#8242,#8193,#8265,.T.);
#8265 = SURFACE_CURVE('',#8266,(#8270,#8277),.PCURVE_S1.);
#8266 = LINE('',#8267,#8268);
#8267 = CARTESIAN_POINT('',(1.14990234375,-23.90112304687,2.6));
#8268 = VECTOR('',#8269,1.);
#8269 = DIRECTION('',(1.,0.,0.));
#8270 = PCURVE('',#2915,#8271);
#8271 = DEFINITIONAL_REPRESENTATION('',(#8272),#8276);
#8272 = LINE('',#8273,#8274);
#8273 = CARTESIAN_POINT('',(0.,-0.7));
#8274 = VECTOR('',#8275,1.);
#8275 = DIRECTION('',(1.,0.));
#8276 = ( GEOMETRIC_REPRESENTATION_CONTEXT(2) 
PARAMETRIC_REPRESENTATION_CONTEXT() REPRESENTATION_CONTEXT('2D SPACE',''
  ) );
#8277 = PCURVE('',#8155,#8278);
#8278 = DEFINITIONAL_REPRESENTATION('',(#8279),#8283);
#8279 = LINE('',#8280,#8281);
#8280 = CARTESIAN_POINT('',(0.4541015625,0.50048828125));
#8281 = VECTOR('',#8282,1.);
#8282 = DIRECTION('',(1.,0.));
#8283 = ( GEOMETRIC_REPRESENTATION_CONTEXT(2) 
PARAMETRIC_REPRESENTATION_CONTEXT() REPRESENTATION_CONTEXT('2D SPACE',''
  ) );
#8284 = ORIENTED_EDGE('',*,*,#8192,.F.);
#8285 = ADVANCED_FACE('',(#8286),#2888,.T.);
#8286 = FACE_BOUND('',#8287,.T.);
#8287 = EDGE_LOOP('',(#8288,#8289,#8290,#8311));
#8288 = ORIENTED_EDGE('',*,*,#2872,.T.);
#8289 = ORIENTED_EDGE('',*,*,#8167,.T.);
#8290 = ORIENTED_EDGE('',*,*,#8291,.T.);
#8291 = EDGE_CURVE('',#8140,#8242,#8292,.T.);
#8292 = SURFACE_CURVE('',#8293,(#8297,#8304),.PCURVE_S1.);
#8293 = LINE('',#8294,#8295);
#8294 = CARTESIAN_POINT('',(1.14990234375,-24.40161132812,2.6));
#8295 = VECTOR('',#8296,1.);
#8296 = DIRECTION('',(0.,1.,0.));
#8297 = PCURVE('',#2888,#8298);
#8298 = DEFINITIONAL_REPRESENTATION('',(#8299),#8303);
#8299 = LINE('',#8300,#8301);
#8300 = CARTESIAN_POINT('',(0.,-0.7));
#8301 = VECTOR('',#8302,1.);
#8302 = DIRECTION('',(1.,0.));
#8303 = ( GEOMETRIC_REPRESENTATION_CONTEXT(2) 
PARAMETRIC_REPRESENTATION_CONTEXT() REPRESENTATION_CONTEXT('2D SPACE',''
  ) );
#8304 = PCURVE('',#8155,#8305);
#8305 = DEFINITIONAL_REPRESENTATION('',(#8306),#8310);
#8306 = LINE('',#8307,#8308);
#8307 = CARTESIAN_POINT('',(0.4541015625,0.));
#8308 = VECTOR('',#8309,1.);
#8309 = DIRECTION('',(0.,1.));
#8310 = ( GEOMETRIC_REPRESENTATION_CONTEXT(2) 
PARAMETRIC_REPRESENTATION_CONTEXT() REPRESENTATION_CONTEXT('2D SPACE',''
  ) );
#8311 = ORIENTED_EDGE('',*,*,#8241,.F.);
#8312 = ADVANCED_FACE('',(#8313),#2971,.T.);
#8313 = FACE_BOUND('',#8314,.T.);
#8314 = EDGE_LOOP('',(#8315,#8316,#8339,#8367));
#8315 = ORIENTED_EDGE('',*,*,#2953,.T.);
#8316 = ORIENTED_EDGE('',*,*,#8317,.T.);
#8317 = EDGE_CURVE('',#2956,#8318,#8320,.T.);
#8318 = VERTEX_POINT('',#8319);
#8319 = CARTESIAN_POINT('',(4.57275390625,-21.69897460937,2.6));
#8320 = SURFACE_CURVE('',#8321,(#8325,#8332),.PCURVE_S1.);
#8321 = LINE('',#8322,#8323);
#8322 = CARTESIAN_POINT('',(4.57275390625,-21.69897460937,1.9));
#8323 = VECTOR('',#8324,1.);
#8324 = DIRECTION('',(0.,0.,1.));
#8325 = PCURVE('',#2971,#8326);
#8326 = DEFINITIONAL_REPRESENTATION('',(#8327),#8331);
#8327 = LINE('',#8328,#8329);
#8328 = CARTESIAN_POINT('',(0.,0.));
#8329 = VECTOR('',#8330,1.);
#8330 = DIRECTION('',(0.,-1.));
#8331 = ( GEOMETRIC_REPRESENTATION_CONTEXT(2) 
PARAMETRIC_REPRESENTATION_CONTEXT() REPRESENTATION_CONTEXT('2D SPACE',''
  ) );
#8332 = PCURVE('',#3902,#8333);
#8333 = DEFINITIONAL_REPRESENTATION('',(#8334),#8338);
#8334 = LINE('',#8335,#8336);
#8335 = CARTESIAN_POINT('',(1.,0.));
#8336 = VECTOR('',#8337,1.);
#8337 = DIRECTION('',(0.,-1.));
#8338 = ( GEOMETRIC_REPRESENTATION_CONTEXT(2) 
PARAMETRIC_REPRESENTATION_CONTEXT() REPRESENTATION_CONTEXT('2D SPACE',''
  ) );
#8339 = ORIENTED_EDGE('',*,*,#8340,.T.);
#8340 = EDGE_CURVE('',#8318,#8341,#8343,.T.);
#8341 = VERTEX_POINT('',#8342);
#8342 = CARTESIAN_POINT('',(4.1357421875,-21.73315429687,2.6));
#8343 = SURFACE_CURVE('',#8344,(#8348,#8355),.PCURVE_S1.);
#8344 = LINE('',#8345,#8346);
#8345 = CARTESIAN_POINT('',(4.57275390625,-21.69897460937,2.6));
#8346 = VECTOR('',#8347,1.);
#8347 = DIRECTION('',(-0.996955380034,-7.797416380157E-02,0.));
#8348 = PCURVE('',#2971,#8349);
#8349 = DEFINITIONAL_REPRESENTATION('',(#8350),#8354);
#8350 = LINE('',#8351,#8352);
#8351 = CARTESIAN_POINT('',(0.,-0.7));
#8352 = VECTOR('',#8353,1.);
#8353 = DIRECTION('',(1.,0.));
#8354 = ( GEOMETRIC_REPRESENTATION_CONTEXT(2) 
PARAMETRIC_REPRESENTATION_CONTEXT() REPRESENTATION_CONTEXT('2D SPACE',''
  ) );
#8355 = PCURVE('',#8356,#8361);
#8356 = PLANE('',#8357);
#8357 = AXIS2_PLACEMENT_3D('',#8358,#8359,#8360);
#8358 = CARTESIAN_POINT('',(2.0849609375,-24.40161132812,2.6));
#8359 = DIRECTION('',(0.,0.,1.));
#8360 = DIRECTION('',(1.,0.,0.));
#8361 = DEFINITIONAL_REPRESENTATION('',(#8362),#8366);
#8362 = LINE('',#8363,#8364);
#8363 = CARTESIAN_POINT('',(2.48779296875,2.70263671875));
#8364 = VECTOR('',#8365,1.);
#8365 = DIRECTION('',(-0.996955380034,-7.797416380157E-02));
#8366 = ( GEOMETRIC_REPRESENTATION_CONTEXT(2) 
PARAMETRIC_REPRESENTATION_CONTEXT() REPRESENTATION_CONTEXT('2D SPACE',''
  ) );
#8367 = ORIENTED_EDGE('',*,*,#8368,.F.);
#8368 = EDGE_CURVE('',#2954,#8341,#8369,.T.);
#8369 = SURFACE_CURVE('',#8370,(#8374,#8381),.PCURVE_S1.);
#8370 = LINE('',#8371,#8372);
#8371 = CARTESIAN_POINT('',(4.1357421875,-21.73315429687,1.9));
#8372 = VECTOR('',#8373,1.);
#8373 = DIRECTION('',(0.,0.,1.));
#8374 = PCURVE('',#2971,#8375);
#8375 = DEFINITIONAL_REPRESENTATION('',(#8376),#8380);
#8376 = LINE('',#8377,#8378);
#8377 = CARTESIAN_POINT('',(0.438346316698,0.));
#8378 = VECTOR('',#8379,1.);
#8379 = DIRECTION('',(0.,-1.));
#8380 = ( GEOMETRIC_REPRESENTATION_CONTEXT(2) 
PARAMETRIC_REPRESENTATION_CONTEXT() REPRESENTATION_CONTEXT('2D SPACE',''
  ) );
#8381 = PCURVE('',#3006,#8382);
#8382 = DEFINITIONAL_REPRESENTATION('',(#8383),#8387);
#8383 = LINE('',#8384,#8385);
#8384 = CARTESIAN_POINT('',(0.,0.));
#8385 = VECTOR('',#8386,1.);
#8386 = DIRECTION('',(0.,-1.));
#8387 = ( GEOMETRIC_REPRESENTATION_CONTEXT(2) 
PARAMETRIC_REPRESENTATION_CONTEXT() REPRESENTATION_CONTEXT('2D SPACE',''
  ) );
#8388 = ADVANCED_FACE('',(#8389),#3902,.T.);
#8389 = FACE_BOUND('',#8390,.T.);
#8390 = EDGE_LOOP('',(#8391,#8392,#8415,#8436));
#8391 = ORIENTED_EDGE('',*,*,#3870,.T.);
#8392 = ORIENTED_EDGE('',*,*,#8393,.T.);
#8393 = EDGE_CURVE('',#3814,#8394,#8396,.T.);
#8394 = VERTEX_POINT('',#8395);
#8395 = CARTESIAN_POINT('',(4.249267578125,-21.04467773437,2.6));
#8396 = SURFACE_CURVE('',#8397,(#8401,#8408),.PCURVE_S1.);
#8397 = LINE('',#8398,#8399);
#8398 = CARTESIAN_POINT('',(4.249267578125,-21.04467773437,1.9));
#8399 = VECTOR('',#8400,1.);
#8400 = DIRECTION('',(0.,0.,1.));
#8401 = PCURVE('',#3902,#8402);
#8402 = DEFINITIONAL_REPRESENTATION('',(#8403),#8407);
#8403 = LINE('',#8404,#8405);
#8404 = CARTESIAN_POINT('',(0.,0.));
#8405 = VECTOR('',#8406,1.);
#8406 = DIRECTION('',(0.,-1.));
#8407 = ( GEOMETRIC_REPRESENTATION_CONTEXT(2) 
PARAMETRIC_REPRESENTATION_CONTEXT() REPRESENTATION_CONTEXT('2D SPACE',''
  ) );
#8408 = PCURVE('',#3847,#8409);
#8409 = DEFINITIONAL_REPRESENTATION('',(#8410),#8414);
#8410 = LINE('',#8411,#8412);
#8411 = CARTESIAN_POINT('',(1.,0.));
#8412 = VECTOR('',#8413,1.);
#8413 = DIRECTION('',(0.,-1.));
#8414 = ( GEOMETRIC_REPRESENTATION_CONTEXT(2) 
PARAMETRIC_REPRESENTATION_CONTEXT() REPRESENTATION_CONTEXT('2D SPACE',''
  ) );
#8415 = ORIENTED_EDGE('',*,*,#8416,.T.);
#8416 = EDGE_CURVE('',#8394,#8318,#8417,.T.);
#8417 = SURFACE_CURVE('',#8418,(#8422,#8429),.PCURVE_S1.);
#8418 = B_SPLINE_CURVE_WITH_KNOTS('',2,(#8419,#8420,#8421),
  .UNSPECIFIED.,.F.,.F.,(3,3),(0.,1.),.PIECEWISE_BEZIER_KNOTS.);
#8419 = CARTESIAN_POINT('',(4.249267578125,-21.04467773437,2.6));
#8420 = CARTESIAN_POINT('',(4.51904296875,-21.28149414062,2.6));
#8421 = CARTESIAN_POINT('',(4.57275390625,-21.69897460937,2.6));
#8422 = PCURVE('',#3902,#8423);
#8423 = DEFINITIONAL_REPRESENTATION('',(#8424),#8428);
#8424 = LINE('',#8425,#8426);
#8425 = CARTESIAN_POINT('',(0.,-0.7));
#8426 = VECTOR('',#8427,1.);
#8427 = DIRECTION('',(1.,0.));
#8428 = ( GEOMETRIC_REPRESENTATION_CONTEXT(2) 
PARAMETRIC_REPRESENTATION_CONTEXT() REPRESENTATION_CONTEXT('2D SPACE',''
  ) );
#8429 = PCURVE('',#8356,#8430);
#8430 = DEFINITIONAL_REPRESENTATION('',(#8431),#8435);
#8431 = B_SPLINE_CURVE_WITH_KNOTS('',2,(#8432,#8433,#8434),
  .UNSPECIFIED.,.F.,.F.,(3,3),(0.,1.),.PIECEWISE_BEZIER_KNOTS.);
#8432 = CARTESIAN_POINT('',(2.164306640625,3.35693359375));
#8433 = CARTESIAN_POINT('',(2.43408203125,3.1201171875));
#8434 = CARTESIAN_POINT('',(2.48779296875,2.70263671875));
#8435 = ( GEOMETRIC_REPRESENTATION_CONTEXT(2) 
PARAMETRIC_REPRESENTATION_CONTEXT() REPRESENTATION_CONTEXT('2D SPACE',''
  ) );
#8436 = ORIENTED_EDGE('',*,*,#8317,.F.);
#8437 = ADVANCED_FACE('',(#8438),#3847,.T.);
#8438 = FACE_BOUND('',#8439,.T.);
#8439 = EDGE_LOOP('',(#8440,#8441,#8464,#8485));
#8440 = ORIENTED_EDGE('',*,*,#3813,.T.);
#8441 = ORIENTED_EDGE('',*,*,#8442,.T.);
#8442 = EDGE_CURVE('',#3751,#8443,#8445,.T.);
#8443 = VERTEX_POINT('',#8444);
#8444 = CARTESIAN_POINT('',(3.55712890625,-20.80786132812,2.6));
#8445 = SURFACE_CURVE('',#8446,(#8450,#8457),.PCURVE_S1.);
#8446 = LINE('',#8447,#8448);
#8447 = CARTESIAN_POINT('',(3.55712890625,-20.80786132812,1.9));
#8448 = VECTOR('',#8449,1.);
#8449 = DIRECTION('',(0.,0.,1.));
#8450 = PCURVE('',#3847,#8451);
#8451 = DEFINITIONAL_REPRESENTATION('',(#8452),#8456);
#8452 = LINE('',#8453,#8454);
#8453 = CARTESIAN_POINT('',(0.,0.));
#8454 = VECTOR('',#8455,1.);
#8455 = DIRECTION('',(0.,-1.));
#8456 = ( GEOMETRIC_REPRESENTATION_CONTEXT(2) 
PARAMETRIC_REPRESENTATION_CONTEXT() REPRESENTATION_CONTEXT('2D SPACE',''
  ) );
#8457 = PCURVE('',#3788,#8458);
#8458 = DEFINITIONAL_REPRESENTATION('',(#8459),#8463);
#8459 = LINE('',#8460,#8461);
#8460 = CARTESIAN_POINT('',(1.,0.));
#8461 = VECTOR('',#8462,1.);
#8462 = DIRECTION('',(0.,-1.));
#8463 = ( GEOMETRIC_REPRESENTATION_CONTEXT(2) 
PARAMETRIC_REPRESENTATION_CONTEXT() REPRESENTATION_CONTEXT('2D SPACE',''
  ) );
#8464 = ORIENTED_EDGE('',*,*,#8465,.T.);
#8465 = EDGE_CURVE('',#8443,#8394,#8466,.T.);
#8466 = SURFACE_CURVE('',#8467,(#8471,#8478),.PCURVE_S1.);
#8467 = B_SPLINE_CURVE_WITH_KNOTS('',2,(#8468,#8469,#8470),
  .UNSPECIFIED.,.F.,.F.,(3,3),(0.,1.),.PIECEWISE_BEZIER_KNOTS.);
#8468 = CARTESIAN_POINT('',(3.55712890625,-20.80786132812,2.6));
#8469 = CARTESIAN_POINT('',(3.9794921875,-20.80786132812,2.6));
#8470 = CARTESIAN_POINT('',(4.249267578125,-21.04467773437,2.6));
#8471 = PCURVE('',#3847,#8472);
#8472 = DEFINITIONAL_REPRESENTATION('',(#8473),#8477);
#8473 = LINE('',#8474,#8475);
#8474 = CARTESIAN_POINT('',(0.,-0.7));
#8475 = VECTOR('',#8476,1.);
#8476 = DIRECTION('',(1.,0.));
#8477 = ( GEOMETRIC_REPRESENTATION_CONTEXT(2) 
PARAMETRIC_REPRESENTATION_CONTEXT() REPRESENTATION_CONTEXT('2D SPACE',''
  ) );
#8478 = PCURVE('',#8356,#8479);
#8479 = DEFINITIONAL_REPRESENTATION('',(#8480),#8484);
#8480 = B_SPLINE_CURVE_WITH_KNOTS('',2,(#8481,#8482,#8483),
  .UNSPECIFIED.,.F.,.F.,(3,3),(0.,1.),.PIECEWISE_BEZIER_KNOTS.);
#8481 = CARTESIAN_POINT('',(1.47216796875,3.59375));
#8482 = CARTESIAN_POINT('',(1.89453125,3.59375));
#8483 = CARTESIAN_POINT('',(2.164306640625,3.35693359375));
#8484 = ( GEOMETRIC_REPRESENTATION_CONTEXT(2) 
PARAMETRIC_REPRESENTATION_CONTEXT() REPRESENTATION_CONTEXT('2D SPACE',''
  ) );
#8485 = ORIENTED_EDGE('',*,*,#8393,.F.);
#8486 = ADVANCED_FACE('',(#8487),#3788,.T.);
#8487 = FACE_BOUND('',#8488,.T.);
#8488 = EDGE_LOOP('',(#8489,#8490,#8513,#8534));
#8489 = ORIENTED_EDGE('',*,*,#3750,.T.);
#8490 = ORIENTED_EDGE('',*,*,#8491,.T.);
#8491 = EDGE_CURVE('',#3694,#8492,#8494,.T.);
#8492 = VERTEX_POINT('',#8493);
#8493 = CARTESIAN_POINT('',(2.65625,-21.21801757812,2.6));
#8494 = SURFACE_CURVE('',#8495,(#8499,#8506),.PCURVE_S1.);
#8495 = LINE('',#8496,#8497);
#8496 = CARTESIAN_POINT('',(2.65625,-21.21801757812,1.9));
#8497 = VECTOR('',#8498,1.);
#8498 = DIRECTION('',(0.,0.,1.));
#8499 = PCURVE('',#3788,#8500);
#8500 = DEFINITIONAL_REPRESENTATION('',(#8501),#8505);
#8501 = LINE('',#8502,#8503);
#8502 = CARTESIAN_POINT('',(0.,0.));
#8503 = VECTOR('',#8504,1.);
#8504 = DIRECTION('',(0.,-1.));
#8505 = ( GEOMETRIC_REPRESENTATION_CONTEXT(2) 
PARAMETRIC_REPRESENTATION_CONTEXT() REPRESENTATION_CONTEXT('2D SPACE',''
  ) );
#8506 = PCURVE('',#3727,#8507);
#8507 = DEFINITIONAL_REPRESENTATION('',(#8508),#8512);
#8508 = LINE('',#8509,#8510);
#8509 = CARTESIAN_POINT('',(1.,0.));
#8510 = VECTOR('',#8511,1.);
#8511 = DIRECTION('',(0.,-1.));
#8512 = ( GEOMETRIC_REPRESENTATION_CONTEXT(2) 
PARAMETRIC_REPRESENTATION_CONTEXT() REPRESENTATION_CONTEXT('2D SPACE',''
  ) );
#8513 = ORIENTED_EDGE('',*,*,#8514,.T.);
#8514 = EDGE_CURVE('',#8492,#8443,#8515,.T.);
#8515 = SURFACE_CURVE('',#8516,(#8520,#8527),.PCURVE_S1.);
#8516 = B_SPLINE_CURVE_WITH_KNOTS('',2,(#8517,#8518,#8519),
  .UNSPECIFIED.,.F.,.F.,(3,3),(0.,1.),.PIECEWISE_BEZIER_KNOTS.);
#8517 = CARTESIAN_POINT('',(2.65625,-21.21801757812,2.6));
#8518 = CARTESIAN_POINT('',(2.99072265625,-20.80786132812,2.6));
#8519 = CARTESIAN_POINT('',(3.55712890625,-20.80786132812,2.6));
#8520 = PCURVE('',#3788,#8521);
#8521 = DEFINITIONAL_REPRESENTATION('',(#8522),#8526);
#8522 = LINE('',#8523,#8524);
#8523 = CARTESIAN_POINT('',(0.,-0.7));
#8524 = VECTOR('',#8525,1.);
#8525 = DIRECTION('',(1.,0.));
#8526 = ( GEOMETRIC_REPRESENTATION_CONTEXT(2) 
PARAMETRIC_REPRESENTATION_CONTEXT() REPRESENTATION_CONTEXT('2D SPACE',''
  ) );
#8527 = PCURVE('',#8356,#8528);
#8528 = DEFINITIONAL_REPRESENTATION('',(#8529),#8533);
#8529 = B_SPLINE_CURVE_WITH_KNOTS('',2,(#8530,#8531,#8532),
  .UNSPECIFIED.,.F.,.F.,(3,3),(0.,1.),.PIECEWISE_BEZIER_KNOTS.);
#8530 = CARTESIAN_POINT('',(0.5712890625,3.18359375));
#8531 = CARTESIAN_POINT('',(0.90576171875,3.59375));
#8532 = CARTESIAN_POINT('',(1.47216796875,3.59375));
#8533 = ( GEOMETRIC_REPRESENTATION_CONTEXT(2) 
PARAMETRIC_REPRESENTATION_CONTEXT() REPRESENTATION_CONTEXT('2D SPACE',''
  ) );
#8534 = ORIENTED_EDGE('',*,*,#8442,.F.);
#8535 = ADVANCED_FACE('',(#8536),#3727,.T.);
#8536 = FACE_BOUND('',#8537,.T.);
#8537 = EDGE_LOOP('',(#8538,#8539,#8562,#8583));
#8538 = ORIENTED_EDGE('',*,*,#3693,.T.);
#8539 = ORIENTED_EDGE('',*,*,#8540,.T.);
#8540 = EDGE_CURVE('',#3637,#8541,#8543,.T.);
#8541 = VERTEX_POINT('',#8542);
#8542 = CARTESIAN_POINT('',(2.27294921875,-22.72680664062,2.6));
#8543 = SURFACE_CURVE('',#8544,(#8548,#8555),.PCURVE_S1.);
#8544 = LINE('',#8545,#8546);
#8545 = CARTESIAN_POINT('',(2.27294921875,-22.72680664062,1.9));
#8546 = VECTOR('',#8547,1.);
#8547 = DIRECTION('',(0.,0.,1.));
#8548 = PCURVE('',#3727,#8549);
#8549 = DEFINITIONAL_REPRESENTATION('',(#8550),#8554);
#8550 = LINE('',#8551,#8552);
#8551 = CARTESIAN_POINT('',(0.,0.));
#8552 = VECTOR('',#8553,1.);
#8553 = DIRECTION('',(0.,-1.));
#8554 = ( GEOMETRIC_REPRESENTATION_CONTEXT(2) 
PARAMETRIC_REPRESENTATION_CONTEXT() REPRESENTATION_CONTEXT('2D SPACE',''
  ) );
#8555 = PCURVE('',#3670,#8556);
#8556 = DEFINITIONAL_REPRESENTATION('',(#8557),#8561);
#8557 = LINE('',#8558,#8559);
#8558 = CARTESIAN_POINT('',(1.,0.));
#8559 = VECTOR('',#8560,1.);
#8560 = DIRECTION('',(0.,-1.));
#8561 = ( GEOMETRIC_REPRESENTATION_CONTEXT(2) 
PARAMETRIC_REPRESENTATION_CONTEXT() REPRESENTATION_CONTEXT('2D SPACE',''
  ) );
#8562 = ORIENTED_EDGE('',*,*,#8563,.T.);
#8563 = EDGE_CURVE('',#8541,#8492,#8564,.T.);
#8564 = SURFACE_CURVE('',#8565,(#8569,#8576),.PCURVE_S1.);
#8565 = B_SPLINE_CURVE_WITH_KNOTS('',2,(#8566,#8567,#8568),
  .UNSPECIFIED.,.F.,.F.,(3,3),(0.,1.),.PIECEWISE_BEZIER_KNOTS.);
#8566 = CARTESIAN_POINT('',(2.27294921875,-22.72680664062,2.6));
#8567 = CARTESIAN_POINT('',(2.27294921875,-21.68920898437,2.6));
#8568 = CARTESIAN_POINT('',(2.65625,-21.21801757812,2.6));
#8569 = PCURVE('',#3727,#8570);
#8570 = DEFINITIONAL_REPRESENTATION('',(#8571),#8575);
#8571 = LINE('',#8572,#8573);
#8572 = CARTESIAN_POINT('',(0.,-0.7));
#8573 = VECTOR('',#8574,1.);
#8574 = DIRECTION('',(1.,0.));
#8575 = ( GEOMETRIC_REPRESENTATION_CONTEXT(2) 
PARAMETRIC_REPRESENTATION_CONTEXT() REPRESENTATION_CONTEXT('2D SPACE',''
  ) );
#8576 = PCURVE('',#8356,#8577);
#8577 = DEFINITIONAL_REPRESENTATION('',(#8578),#8582);
#8578 = B_SPLINE_CURVE_WITH_KNOTS('',2,(#8579,#8580,#8581),
  .UNSPECIFIED.,.F.,.F.,(3,3),(0.,1.),.PIECEWISE_BEZIER_KNOTS.);
#8579 = CARTESIAN_POINT('',(0.18798828125,1.6748046875));
#8580 = CARTESIAN_POINT('',(0.18798828125,2.71240234375));
#8581 = CARTESIAN_POINT('',(0.5712890625,3.18359375));
#8582 = ( GEOMETRIC_REPRESENTATION_CONTEXT(2) 
PARAMETRIC_REPRESENTATION_CONTEXT() REPRESENTATION_CONTEXT('2D SPACE',''
  ) );
#8583 = ORIENTED_EDGE('',*,*,#8491,.F.);
#8584 = ADVANCED_FACE('',(#8585),#3670,.T.);
#8585 = FACE_BOUND('',#8586,.T.);
#8586 = EDGE_LOOP('',(#8587,#8588,#8611,#8632));
#8587 = ORIENTED_EDGE('',*,*,#3636,.T.);
#8588 = ORIENTED_EDGE('',*,*,#8589,.T.);
#8589 = EDGE_CURVE('',#3574,#8590,#8592,.T.);
#8590 = VERTEX_POINT('',#8591);
#8591 = CARTESIAN_POINT('',(2.61962890625,-24.05859375,2.6));
#8592 = SURFACE_CURVE('',#8593,(#8597,#8604),.PCURVE_S1.);
#8593 = LINE('',#8594,#8595);
#8594 = CARTESIAN_POINT('',(2.61962890625,-24.05859375,1.9));
#8595 = VECTOR('',#8596,1.);
#8596 = DIRECTION('',(0.,0.,1.));
#8597 = PCURVE('',#3670,#8598);
#8598 = DEFINITIONAL_REPRESENTATION('',(#8599),#8603);
#8599 = LINE('',#8600,#8601);
#8600 = CARTESIAN_POINT('',(0.,0.));
#8601 = VECTOR('',#8602,1.);
#8602 = DIRECTION('',(0.,-1.));
#8603 = ( GEOMETRIC_REPRESENTATION_CONTEXT(2) 
PARAMETRIC_REPRESENTATION_CONTEXT() REPRESENTATION_CONTEXT('2D SPACE',''
  ) );
#8604 = PCURVE('',#3611,#8605);
#8605 = DEFINITIONAL_REPRESENTATION('',(#8606),#8610);
#8606 = LINE('',#8607,#8608);
#8607 = CARTESIAN_POINT('',(1.,0.));
#8608 = VECTOR('',#8609,1.);
#8609 = DIRECTION('',(0.,-1.));
#8610 = ( GEOMETRIC_REPRESENTATION_CONTEXT(2) 
PARAMETRIC_REPRESENTATION_CONTEXT() REPRESENTATION_CONTEXT('2D SPACE',''
  ) );
#8611 = ORIENTED_EDGE('',*,*,#8612,.T.);
#8612 = EDGE_CURVE('',#8590,#8541,#8613,.T.);
#8613 = SURFACE_CURVE('',#8614,(#8618,#8625),.PCURVE_S1.);
#8614 = B_SPLINE_CURVE_WITH_KNOTS('',2,(#8615,#8616,#8617),
  .UNSPECIFIED.,.F.,.F.,(3,3),(0.,1.),.PIECEWISE_BEZIER_KNOTS.);
#8615 = CARTESIAN_POINT('',(2.61962890625,-24.05859375,2.6));
#8616 = CARTESIAN_POINT('',(2.27294921875,-23.65454101562,2.6));
#8617 = CARTESIAN_POINT('',(2.27294921875,-22.72680664062,2.6));
#8618 = PCURVE('',#3670,#8619);
#8619 = DEFINITIONAL_REPRESENTATION('',(#8620),#8624);
#8620 = LINE('',#8621,#8622);
#8621 = CARTESIAN_POINT('',(0.,-0.7));
#8622 = VECTOR('',#8623,1.);
#8623 = DIRECTION('',(1.,0.));
#8624 = ( GEOMETRIC_REPRESENTATION_CONTEXT(2) 
PARAMETRIC_REPRESENTATION_CONTEXT() REPRESENTATION_CONTEXT('2D SPACE',''
  ) );
#8625 = PCURVE('',#8356,#8626);
#8626 = DEFINITIONAL_REPRESENTATION('',(#8627),#8631);
#8627 = B_SPLINE_CURVE_WITH_KNOTS('',2,(#8628,#8629,#8630),
  .UNSPECIFIED.,.F.,.F.,(3,3),(0.,1.),.PIECEWISE_BEZIER_KNOTS.);
#8628 = CARTESIAN_POINT('',(0.53466796875,0.343017578125));
#8629 = CARTESIAN_POINT('',(0.18798828125,0.7470703125));
#8630 = CARTESIAN_POINT('',(0.18798828125,1.6748046875));
#8631 = ( GEOMETRIC_REPRESENTATION_CONTEXT(2) 
PARAMETRIC_REPRESENTATION_CONTEXT() REPRESENTATION_CONTEXT('2D SPACE',''
  ) );
#8632 = ORIENTED_EDGE('',*,*,#8540,.F.);
#8633 = ADVANCED_FACE('',(#8634),#3611,.T.);
#8634 = FACE_BOUND('',#8635,.T.);
#8635 = EDGE_LOOP('',(#8636,#8637,#8660,#8681));
#8636 = ORIENTED_EDGE('',*,*,#3573,.T.);
#8637 = ORIENTED_EDGE('',*,*,#8638,.T.);
#8638 = EDGE_CURVE('',#3523,#8639,#8641,.T.);
#8639 = VERTEX_POINT('',#8640);
#8640 = CARTESIAN_POINT('',(3.515625,-24.46264648437,2.6));
#8641 = SURFACE_CURVE('',#8642,(#8646,#8653),.PCURVE_S1.);
#8642 = LINE('',#8643,#8644);
#8643 = CARTESIAN_POINT('',(3.515625,-24.46264648437,1.9));
#8644 = VECTOR('',#8645,1.);
#8645 = DIRECTION('',(0.,0.,1.));
#8646 = PCURVE('',#3611,#8647);
#8647 = DEFINITIONAL_REPRESENTATION('',(#8648),#8652);
#8648 = LINE('',#8649,#8650);
#8649 = CARTESIAN_POINT('',(0.,0.));
#8650 = VECTOR('',#8651,1.);
#8651 = DIRECTION('',(0.,-1.));
#8652 = ( GEOMETRIC_REPRESENTATION_CONTEXT(2) 
PARAMETRIC_REPRESENTATION_CONTEXT() REPRESENTATION_CONTEXT('2D SPACE',''
  ) );
#8653 = PCURVE('',#3552,#8654);
#8654 = DEFINITIONAL_REPRESENTATION('',(#8655),#8659);
#8655 = LINE('',#8656,#8657);
#8656 = CARTESIAN_POINT('',(1.,0.));
#8657 = VECTOR('',#8658,1.);
#8658 = DIRECTION('',(0.,-1.));
#8659 = ( GEOMETRIC_REPRESENTATION_CONTEXT(2) 
PARAMETRIC_REPRESENTATION_CONTEXT() REPRESENTATION_CONTEXT('2D SPACE',''
  ) );
#8660 = ORIENTED_EDGE('',*,*,#8661,.T.);
#8661 = EDGE_CURVE('',#8639,#8590,#8662,.T.);
#8662 = SURFACE_CURVE('',#8663,(#8667,#8674),.PCURVE_S1.);
#8663 = B_SPLINE_CURVE_WITH_KNOTS('',2,(#8664,#8665,#8666),
  .UNSPECIFIED.,.F.,.F.,(3,3),(0.,1.),.PIECEWISE_BEZIER_KNOTS.);
#8664 = CARTESIAN_POINT('',(3.515625,-24.46264648437,2.6));
#8665 = CARTESIAN_POINT('',(2.96630859375,-24.46264648437,2.6));
#8666 = CARTESIAN_POINT('',(2.61962890625,-24.05859375,2.6));
#8667 = PCURVE('',#3611,#8668);
#8668 = DEFINITIONAL_REPRESENTATION('',(#8669),#8673);
#8669 = LINE('',#8670,#8671);
#8670 = CARTESIAN_POINT('',(0.,-0.7));
#8671 = VECTOR('',#8672,1.);
#8672 = DIRECTION('',(1.,0.));
#8673 = ( GEOMETRIC_REPRESENTATION_CONTEXT(2) 
PARAMETRIC_REPRESENTATION_CONTEXT() REPRESENTATION_CONTEXT('2D SPACE',''
  ) );
#8674 = PCURVE('',#8356,#8675);
#8675 = DEFINITIONAL_REPRESENTATION('',(#8676),#8680);
#8676 = B_SPLINE_CURVE_WITH_KNOTS('',2,(#8677,#8678,#8679),
  .UNSPECIFIED.,.F.,.F.,(3,3),(0.,1.),.PIECEWISE_BEZIER_KNOTS.);
#8677 = CARTESIAN_POINT('',(1.4306640625,-6.103515625E-02));
#8678 = CARTESIAN_POINT('',(0.88134765625,-6.103515625E-02));
#8679 = CARTESIAN_POINT('',(0.53466796875,0.343017578125));
#8680 = ( GEOMETRIC_REPRESENTATION_CONTEXT(2) 
PARAMETRIC_REPRESENTATION_CONTEXT() REPRESENTATION_CONTEXT('2D SPACE',''
  ) );
#8681 = ORIENTED_EDGE('',*,*,#8589,.F.);
#8682 = ADVANCED_FACE('',(#8683),#3552,.T.);
#8683 = FACE_BOUND('',#8684,.T.);
#8684 = EDGE_LOOP('',(#8685,#8686,#8709,#8730));
#8685 = ORIENTED_EDGE('',*,*,#3522,.T.);
#8686 = ORIENTED_EDGE('',*,*,#8687,.T.);
#8687 = EDGE_CURVE('',#3472,#8688,#8690,.T.);
#8688 = VERTEX_POINT('',#8689);
#8689 = CARTESIAN_POINT('',(4.091796875,-24.30883789062,2.6));
#8690 = SURFACE_CURVE('',#8691,(#8695,#8702),.PCURVE_S1.);
#8691 = LINE('',#8692,#8693);
#8692 = CARTESIAN_POINT('',(4.091796875,-24.30883789062,1.9));
#8693 = VECTOR('',#8694,1.);
#8694 = DIRECTION('',(0.,0.,1.));
#8695 = PCURVE('',#3552,#8696);
#8696 = DEFINITIONAL_REPRESENTATION('',(#8697),#8701);
#8697 = LINE('',#8698,#8699);
#8698 = CARTESIAN_POINT('',(0.,0.));
#8699 = VECTOR('',#8700,1.);
#8700 = DIRECTION('',(0.,-1.));
#8701 = ( GEOMETRIC_REPRESENTATION_CONTEXT(2) 
PARAMETRIC_REPRESENTATION_CONTEXT() REPRESENTATION_CONTEXT('2D SPACE',''
  ) );
#8702 = PCURVE('',#3501,#8703);
#8703 = DEFINITIONAL_REPRESENTATION('',(#8704),#8708);
#8704 = LINE('',#8705,#8706);
#8705 = CARTESIAN_POINT('',(1.,0.));
#8706 = VECTOR('',#8707,1.);
#8707 = DIRECTION('',(0.,-1.));
#8708 = ( GEOMETRIC_REPRESENTATION_CONTEXT(2) 
PARAMETRIC_REPRESENTATION_CONTEXT() REPRESENTATION_CONTEXT('2D SPACE',''
  ) );
#8709 = ORIENTED_EDGE('',*,*,#8710,.T.);
#8710 = EDGE_CURVE('',#8688,#8639,#8711,.T.);
#8711 = SURFACE_CURVE('',#8712,(#8716,#8723),.PCURVE_S1.);
#8712 = B_SPLINE_CURVE_WITH_KNOTS('',2,(#8713,#8714,#8715),
  .UNSPECIFIED.,.F.,.F.,(3,3),(0.,1.),.PIECEWISE_BEZIER_KNOTS.);
#8713 = CARTESIAN_POINT('',(4.091796875,-24.30883789062,2.6));
#8714 = CARTESIAN_POINT('',(3.837890625,-24.46264648437,2.6));
#8715 = CARTESIAN_POINT('',(3.515625,-24.46264648437,2.6));
#8716 = PCURVE('',#3552,#8717);
#8717 = DEFINITIONAL_REPRESENTATION('',(#8718),#8722);
#8718 = LINE('',#8719,#8720);
#8719 = CARTESIAN_POINT('',(0.,-0.7));
#8720 = VECTOR('',#8721,1.);
#8721 = DIRECTION('',(1.,0.));
#8722 = ( GEOMETRIC_REPRESENTATION_CONTEXT(2) 
PARAMETRIC_REPRESENTATION_CONTEXT() REPRESENTATION_CONTEXT('2D SPACE',''
  ) );
#8723 = PCURVE('',#8356,#8724);
#8724 = DEFINITIONAL_REPRESENTATION('',(#8725),#8729);
#8725 = B_SPLINE_CURVE_WITH_KNOTS('',2,(#8726,#8727,#8728),
  .UNSPECIFIED.,.F.,.F.,(3,3),(0.,1.),.PIECEWISE_BEZIER_KNOTS.);
#8726 = CARTESIAN_POINT('',(2.0068359375,9.27734375E-02));
#8727 = CARTESIAN_POINT('',(1.7529296875,-6.103515625E-02));
#8728 = CARTESIAN_POINT('',(1.4306640625,-6.103515625E-02));
#8729 = ( GEOMETRIC_REPRESENTATION_CONTEXT(2) 
PARAMETRIC_REPRESENTATION_CONTEXT() REPRESENTATION_CONTEXT('2D SPACE',''
  ) );
#8730 = ORIENTED_EDGE('',*,*,#8638,.F.);
#8731 = ADVANCED_FACE('',(#8732),#3501,.T.);
#8732 = FACE_BOUND('',#8733,.T.);
#8733 = EDGE_LOOP('',(#8734,#8735,#8758,#8779));
#8734 = ORIENTED_EDGE('',*,*,#3471,.T.);
#8735 = ORIENTED_EDGE('',*,*,#8736,.T.);
#8736 = EDGE_CURVE('',#3421,#8737,#8739,.T.);
#8737 = VERTEX_POINT('',#8738);
#8738 = CARTESIAN_POINT('',(4.490966796875,-23.86572265625,2.6));
#8739 = SURFACE_CURVE('',#8740,(#8744,#8751),.PCURVE_S1.);
#8740 = LINE('',#8741,#8742);
#8741 = CARTESIAN_POINT('',(4.490966796875,-23.86572265625,1.9));
#8742 = VECTOR('',#8743,1.);
#8743 = DIRECTION('',(0.,0.,1.));
#8744 = PCURVE('',#3501,#8745);
#8745 = DEFINITIONAL_REPRESENTATION('',(#8746),#8750);
#8746 = LINE('',#8747,#8748);
#8747 = CARTESIAN_POINT('',(0.,0.));
#8748 = VECTOR('',#8749,1.);
#8749 = DIRECTION('',(0.,-1.));
#8750 = ( GEOMETRIC_REPRESENTATION_CONTEXT(2) 
PARAMETRIC_REPRESENTATION_CONTEXT() REPRESENTATION_CONTEXT('2D SPACE',''
  ) );
#8751 = PCURVE('',#3450,#8752);
#8752 = DEFINITIONAL_REPRESENTATION('',(#8753),#8757);
#8753 = LINE('',#8754,#8755);
#8754 = CARTESIAN_POINT('',(1.,0.));
#8755 = VECTOR('',#8756,1.);
#8756 = DIRECTION('',(0.,-1.));
#8757 = ( GEOMETRIC_REPRESENTATION_CONTEXT(2) 
PARAMETRIC_REPRESENTATION_CONTEXT() REPRESENTATION_CONTEXT('2D SPACE',''
  ) );
#8758 = ORIENTED_EDGE('',*,*,#8759,.T.);
#8759 = EDGE_CURVE('',#8737,#8688,#8760,.T.);
#8760 = SURFACE_CURVE('',#8761,(#8765,#8772),.PCURVE_S1.);
#8761 = B_SPLINE_CURVE_WITH_KNOTS('',2,(#8762,#8763,#8764),
  .UNSPECIFIED.,.F.,.F.,(3,3),(0.,1.),.PIECEWISE_BEZIER_KNOTS.);
#8762 = CARTESIAN_POINT('',(4.490966796875,-23.86572265625,2.6));
#8763 = CARTESIAN_POINT('',(4.345703125,-24.15502929687,2.6));
#8764 = CARTESIAN_POINT('',(4.091796875,-24.30883789062,2.6));
#8765 = PCURVE('',#3501,#8766);
#8766 = DEFINITIONAL_REPRESENTATION('',(#8767),#8771);
#8767 = LINE('',#8768,#8769);
#8768 = CARTESIAN_POINT('',(0.,-0.7));
#8769 = VECTOR('',#8770,1.);
#8770 = DIRECTION('',(1.,0.));
#8771 = ( GEOMETRIC_REPRESENTATION_CONTEXT(2) 
PARAMETRIC_REPRESENTATION_CONTEXT() REPRESENTATION_CONTEXT('2D SPACE',''
  ) );
#8772 = PCURVE('',#8356,#8773);
#8773 = DEFINITIONAL_REPRESENTATION('',(#8774),#8778);
#8774 = B_SPLINE_CURVE_WITH_KNOTS('',2,(#8775,#8776,#8777),
  .UNSPECIFIED.,.F.,.F.,(3,3),(0.,1.),.PIECEWISE_BEZIER_KNOTS.);
#8775 = CARTESIAN_POINT('',(2.406005859375,0.535888671875));
#8776 = CARTESIAN_POINT('',(2.2607421875,0.24658203125));
#8777 = CARTESIAN_POINT('',(2.0068359375,9.27734375E-02));
#8778 = ( GEOMETRIC_REPRESENTATION_CONTEXT(2) 
PARAMETRIC_REPRESENTATION_CONTEXT() REPRESENTATION_CONTEXT('2D SPACE',''
  ) );
#8779 = ORIENTED_EDGE('',*,*,#8687,.F.);
#8780 = ADVANCED_FACE('',(#8781),#3450,.T.);
#8781 = FACE_BOUND('',#8782,.T.);
#8782 = EDGE_LOOP('',(#8783,#8784,#8807,#8828));
#8783 = ORIENTED_EDGE('',*,*,#3420,.T.);
#8784 = ORIENTED_EDGE('',*,*,#8785,.T.);
#8785 = EDGE_CURVE('',#3364,#8786,#8788,.T.);
#8786 = VERTEX_POINT('',#8787);
#8787 = CARTESIAN_POINT('',(4.63623046875,-23.23950195312,2.6));
#8788 = SURFACE_CURVE('',#8789,(#8793,#8800),.PCURVE_S1.);
#8789 = LINE('',#8790,#8791);
#8790 = CARTESIAN_POINT('',(4.63623046875,-23.23950195312,1.9));
#8791 = VECTOR('',#8792,1.);
#8792 = DIRECTION('',(0.,0.,1.));
#8793 = PCURVE('',#3450,#8794);
#8794 = DEFINITIONAL_REPRESENTATION('',(#8795),#8799);
#8795 = LINE('',#8796,#8797);
#8796 = CARTESIAN_POINT('',(0.,0.));
#8797 = VECTOR('',#8798,1.);
#8798 = DIRECTION('',(0.,-1.));
#8799 = ( GEOMETRIC_REPRESENTATION_CONTEXT(2) 
PARAMETRIC_REPRESENTATION_CONTEXT() REPRESENTATION_CONTEXT('2D SPACE',''
  ) );
#8800 = PCURVE('',#3397,#8801);
#8801 = DEFINITIONAL_REPRESENTATION('',(#8802),#8806);
#8802 = LINE('',#8803,#8804);
#8803 = CARTESIAN_POINT('',(1.,0.));
#8804 = VECTOR('',#8805,1.);
#8805 = DIRECTION('',(0.,-1.));
#8806 = ( GEOMETRIC_REPRESENTATION_CONTEXT(2) 
PARAMETRIC_REPRESENTATION_CONTEXT() REPRESENTATION_CONTEXT('2D SPACE',''
  ) );
#8807 = ORIENTED_EDGE('',*,*,#8808,.T.);
#8808 = EDGE_CURVE('',#8786,#8737,#8809,.T.);
#8809 = SURFACE_CURVE('',#8810,(#8814,#8821),.PCURVE_S1.);
#8810 = B_SPLINE_CURVE_WITH_KNOTS('',2,(#8811,#8812,#8813),
  .UNSPECIFIED.,.F.,.F.,(3,3),(0.,1.),.PIECEWISE_BEZIER_KNOTS.);
#8811 = CARTESIAN_POINT('',(4.63623046875,-23.23950195312,2.6));
#8812 = CARTESIAN_POINT('',(4.63623046875,-23.57641601562,2.6));
#8813 = CARTESIAN_POINT('',(4.490966796875,-23.86572265625,2.6));
#8814 = PCURVE('',#3450,#8815);
#8815 = DEFINITIONAL_REPRESENTATION('',(#8816),#8820);
#8816 = LINE('',#8817,#8818);
#8817 = CARTESIAN_POINT('',(0.,-0.7));
#8818 = VECTOR('',#8819,1.);
#8819 = DIRECTION('',(1.,0.));
#8820 = ( GEOMETRIC_REPRESENTATION_CONTEXT(2) 
PARAMETRIC_REPRESENTATION_CONTEXT() REPRESENTATION_CONTEXT('2D SPACE',''
  ) );
#8821 = PCURVE('',#8356,#8822);
#8822 = DEFINITIONAL_REPRESENTATION('',(#8823),#8827);
#8823 = B_SPLINE_CURVE_WITH_KNOTS('',2,(#8824,#8825,#8826),
  .UNSPECIFIED.,.F.,.F.,(3,3),(0.,1.),.PIECEWISE_BEZIER_KNOTS.);
#8824 = CARTESIAN_POINT('',(2.55126953125,1.162109375));
#8825 = CARTESIAN_POINT('',(2.55126953125,0.8251953125));
#8826 = CARTESIAN_POINT('',(2.406005859375,0.535888671875));
#8827 = ( GEOMETRIC_REPRESENTATION_CONTEXT(2) 
PARAMETRIC_REPRESENTATION_CONTEXT() REPRESENTATION_CONTEXT('2D SPACE',''
  ) );
#8828 = ORIENTED_EDGE('',*,*,#8736,.F.);
#8829 = ADVANCED_FACE('',(#8830),#3397,.T.);
#8830 = FACE_BOUND('',#8831,.T.);
#8831 = EDGE_LOOP('',(#8832,#8833,#8856,#8877));
#8832 = ORIENTED_EDGE('',*,*,#3363,.T.);
#8833 = ORIENTED_EDGE('',*,*,#8834,.T.);
#8834 = EDGE_CURVE('',#3313,#8835,#8837,.T.);
#8835 = VERTEX_POINT('',#8836);
#8836 = CARTESIAN_POINT('',(4.327392578125,-22.4033203125,2.6));
#8837 = SURFACE_CURVE('',#8838,(#8842,#8849),.PCURVE_S1.);
#8838 = LINE('',#8839,#8840);
#8839 = CARTESIAN_POINT('',(4.327392578125,-22.4033203125,1.9));
#8840 = VECTOR('',#8841,1.);
#8841 = DIRECTION('',(0.,0.,1.));
#8842 = PCURVE('',#3397,#8843);
#8843 = DEFINITIONAL_REPRESENTATION('',(#8844),#8848);
#8844 = LINE('',#8845,#8846);
#8845 = CARTESIAN_POINT('',(0.,0.));
#8846 = VECTOR('',#8847,1.);
#8847 = DIRECTION('',(0.,-1.));
#8848 = ( GEOMETRIC_REPRESENTATION_CONTEXT(2) 
PARAMETRIC_REPRESENTATION_CONTEXT() REPRESENTATION_CONTEXT('2D SPACE',''
  ) );
#8849 = PCURVE('',#3342,#8850);
#8850 = DEFINITIONAL_REPRESENTATION('',(#8851),#8855);
#8851 = LINE('',#8852,#8853);
#8852 = CARTESIAN_POINT('',(1.,0.));
#8853 = VECTOR('',#8854,1.);
#8854 = DIRECTION('',(0.,-1.));
#8855 = ( GEOMETRIC_REPRESENTATION_CONTEXT(2) 
PARAMETRIC_REPRESENTATION_CONTEXT() REPRESENTATION_CONTEXT('2D SPACE',''
  ) );
#8856 = ORIENTED_EDGE('',*,*,#8857,.T.);
#8857 = EDGE_CURVE('',#8835,#8786,#8858,.T.);
#8858 = SURFACE_CURVE('',#8859,(#8863,#8870),.PCURVE_S1.);
#8859 = B_SPLINE_CURVE_WITH_KNOTS('',2,(#8860,#8861,#8862),
  .UNSPECIFIED.,.F.,.F.,(3,3),(0.,1.),.PIECEWISE_BEZIER_KNOTS.);
#8860 = CARTESIAN_POINT('',(4.327392578125,-22.4033203125,2.6));
#8861 = CARTESIAN_POINT('',(4.63623046875,-22.72680664062,2.6));
#8862 = CARTESIAN_POINT('',(4.63623046875,-23.23950195312,2.6));
#8863 = PCURVE('',#3397,#8864);
#8864 = DEFINITIONAL_REPRESENTATION('',(#8865),#8869);
#8865 = LINE('',#8866,#8867);
#8866 = CARTESIAN_POINT('',(0.,-0.7));
#8867 = VECTOR('',#8868,1.);
#8868 = DIRECTION('',(1.,0.));
#8869 = ( GEOMETRIC_REPRESENTATION_CONTEXT(2) 
PARAMETRIC_REPRESENTATION_CONTEXT() REPRESENTATION_CONTEXT('2D SPACE',''
  ) );
#8870 = PCURVE('',#8356,#8871);
#8871 = DEFINITIONAL_REPRESENTATION('',(#8872),#8876);
#8872 = B_SPLINE_CURVE_WITH_KNOTS('',2,(#8873,#8874,#8875),
  .UNSPECIFIED.,.F.,.F.,(3,3),(0.,1.),.PIECEWISE_BEZIER_KNOTS.);
#8873 = CARTESIAN_POINT('',(2.242431640625,1.998291015625));
#8874 = CARTESIAN_POINT('',(2.55126953125,1.6748046875));
#8875 = CARTESIAN_POINT('',(2.55126953125,1.162109375));
#8876 = ( GEOMETRIC_REPRESENTATION_CONTEXT(2) 
PARAMETRIC_REPRESENTATION_CONTEXT() REPRESENTATION_CONTEXT('2D SPACE',''
  ) );
#8877 = ORIENTED_EDGE('',*,*,#8785,.F.);
#8878 = ADVANCED_FACE('',(#8879),#3342,.T.);
#8879 = FACE_BOUND('',#8880,.T.);
#8880 = EDGE_LOOP('',(#8881,#8882,#8905,#8926));
#8881 = ORIENTED_EDGE('',*,*,#3312,.T.);
#8882 = ORIENTED_EDGE('',*,*,#8883,.T.);
#8883 = EDGE_CURVE('',#3262,#8884,#8886,.T.);
#8884 = VERTEX_POINT('',#8885);
#8885 = CARTESIAN_POINT('',(3.5791015625,-22.07983398437,2.6));
#8886 = SURFACE_CURVE('',#8887,(#8891,#8898),.PCURVE_S1.);
#8887 = LINE('',#8888,#8889);
#8888 = CARTESIAN_POINT('',(3.5791015625,-22.07983398437,1.9));
#8889 = VECTOR('',#8890,1.);
#8890 = DIRECTION('',(0.,0.,1.));
#8891 = PCURVE('',#3342,#8892);
#8892 = DEFINITIONAL_REPRESENTATION('',(#8893),#8897);
#8893 = LINE('',#8894,#8895);
#8894 = CARTESIAN_POINT('',(0.,0.));
#8895 = VECTOR('',#8896,1.);
#8896 = DIRECTION('',(0.,-1.));
#8897 = ( GEOMETRIC_REPRESENTATION_CONTEXT(2) 
PARAMETRIC_REPRESENTATION_CONTEXT() REPRESENTATION_CONTEXT('2D SPACE',''
  ) );
#8898 = PCURVE('',#3291,#8899);
#8899 = DEFINITIONAL_REPRESENTATION('',(#8900),#8904);
#8900 = LINE('',#8901,#8902);
#8901 = CARTESIAN_POINT('',(1.,0.));
#8902 = VECTOR('',#8903,1.);
#8903 = DIRECTION('',(0.,-1.));
#8904 = ( GEOMETRIC_REPRESENTATION_CONTEXT(2) 
PARAMETRIC_REPRESENTATION_CONTEXT() REPRESENTATION_CONTEXT('2D SPACE',''
  ) );
#8905 = ORIENTED_EDGE('',*,*,#8906,.T.);
#8906 = EDGE_CURVE('',#8884,#8835,#8907,.T.);
#8907 = SURFACE_CURVE('',#8908,(#8912,#8919),.PCURVE_S1.);
#8908 = B_SPLINE_CURVE_WITH_KNOTS('',2,(#8909,#8910,#8911),
  .UNSPECIFIED.,.F.,.F.,(3,3),(0.,1.),.PIECEWISE_BEZIER_KNOTS.);
#8909 = CARTESIAN_POINT('',(3.5791015625,-22.07983398437,2.6));
#8910 = CARTESIAN_POINT('',(4.0185546875,-22.07983398437,2.6));
#8911 = CARTESIAN_POINT('',(4.327392578125,-22.4033203125,2.6));
#8912 = PCURVE('',#3342,#8913);
#8913 = DEFINITIONAL_REPRESENTATION('',(#8914),#8918);
#8914 = LINE('',#8915,#8916);
#8915 = CARTESIAN_POINT('',(0.,-0.7));
#8916 = VECTOR('',#8917,1.);
#8917 = DIRECTION('',(1.,0.));
#8918 = ( GEOMETRIC_REPRESENTATION_CONTEXT(2) 
PARAMETRIC_REPRESENTATION_CONTEXT() REPRESENTATION_CONTEXT('2D SPACE',''
  ) );
#8919 = PCURVE('',#8356,#8920);
#8920 = DEFINITIONAL_REPRESENTATION('',(#8921),#8925);
#8921 = B_SPLINE_CURVE_WITH_KNOTS('',2,(#8922,#8923,#8924),
  .UNSPECIFIED.,.F.,.F.,(3,3),(0.,1.),.PIECEWISE_BEZIER_KNOTS.);
#8922 = CARTESIAN_POINT('',(1.494140625,2.32177734375));
#8923 = CARTESIAN_POINT('',(1.93359375,2.32177734375));
#8924 = CARTESIAN_POINT('',(2.242431640625,1.998291015625));
#8925 = ( GEOMETRIC_REPRESENTATION_CONTEXT(2) 
PARAMETRIC_REPRESENTATION_CONTEXT() REPRESENTATION_CONTEXT('2D SPACE',''
  ) );
#8926 = ORIENTED_EDGE('',*,*,#8834,.F.);
#8927 = ADVANCED_FACE('',(#8928),#3291,.T.);
#8928 = FACE_BOUND('',#8929,.T.);
#8929 = EDGE_LOOP('',(#8930,#8931,#8954,#8975));
#8930 = ORIENTED_EDGE('',*,*,#3261,.T.);
#8931 = ORIENTED_EDGE('',*,*,#8932,.T.);
#8932 = EDGE_CURVE('',#3211,#8933,#8935,.T.);
#8933 = VERTEX_POINT('',#8934);
#8934 = CARTESIAN_POINT('',(3.09814453125,-22.19702148437,2.6));
#8935 = SURFACE_CURVE('',#8936,(#8940,#8947),.PCURVE_S1.);
#8936 = LINE('',#8937,#8938);
#8937 = CARTESIAN_POINT('',(3.09814453125,-22.19702148437,1.9));
#8938 = VECTOR('',#8939,1.);
#8939 = DIRECTION('',(0.,0.,1.));
#8940 = PCURVE('',#3291,#8941);
#8941 = DEFINITIONAL_REPRESENTATION('',(#8942),#8946);
#8942 = LINE('',#8943,#8944);
#8943 = CARTESIAN_POINT('',(0.,0.));
#8944 = VECTOR('',#8945,1.);
#8945 = DIRECTION('',(0.,-1.));
#8946 = ( GEOMETRIC_REPRESENTATION_CONTEXT(2) 
PARAMETRIC_REPRESENTATION_CONTEXT() REPRESENTATION_CONTEXT('2D SPACE',''
  ) );
#8947 = PCURVE('',#3240,#8948);
#8948 = DEFINITIONAL_REPRESENTATION('',(#8949),#8953);
#8949 = LINE('',#8950,#8951);
#8950 = CARTESIAN_POINT('',(1.,0.));
#8951 = VECTOR('',#8952,1.);
#8952 = DIRECTION('',(0.,-1.));
#8953 = ( GEOMETRIC_REPRESENTATION_CONTEXT(2) 
PARAMETRIC_REPRESENTATION_CONTEXT() REPRESENTATION_CONTEXT('2D SPACE',''
  ) );
#8954 = ORIENTED_EDGE('',*,*,#8955,.T.);
#8955 = EDGE_CURVE('',#8933,#8884,#8956,.T.);
#8956 = SURFACE_CURVE('',#8957,(#8961,#8968),.PCURVE_S1.);
#8957 = B_SPLINE_CURVE_WITH_KNOTS('',2,(#8958,#8959,#8960),
  .UNSPECIFIED.,.F.,.F.,(3,3),(0.,1.),.PIECEWISE_BEZIER_KNOTS.);
#8958 = CARTESIAN_POINT('',(3.09814453125,-22.19702148437,2.6));
#8959 = CARTESIAN_POINT('',(3.32763671875,-22.07983398437,2.6));
#8960 = CARTESIAN_POINT('',(3.5791015625,-22.07983398437,2.6));
#8961 = PCURVE('',#3291,#8962);
#8962 = DEFINITIONAL_REPRESENTATION('',(#8963),#8967);
#8963 = LINE('',#8964,#8965);
#8964 = CARTESIAN_POINT('',(0.,-0.7));
#8965 = VECTOR('',#8966,1.);
#8966 = DIRECTION('',(1.,0.));
#8967 = ( GEOMETRIC_REPRESENTATION_CONTEXT(2) 
PARAMETRIC_REPRESENTATION_CONTEXT() REPRESENTATION_CONTEXT('2D SPACE',''
  ) );
#8968 = PCURVE('',#8356,#8969);
#8969 = DEFINITIONAL_REPRESENTATION('',(#8970),#8974);
#8970 = B_SPLINE_CURVE_WITH_KNOTS('',2,(#8971,#8972,#8973),
  .UNSPECIFIED.,.F.,.F.,(3,3),(0.,1.),.PIECEWISE_BEZIER_KNOTS.);
#8971 = CARTESIAN_POINT('',(1.01318359375,2.20458984375));
#8972 = CARTESIAN_POINT('',(1.24267578125,2.32177734375));
#8973 = CARTESIAN_POINT('',(1.494140625,2.32177734375));
#8974 = ( GEOMETRIC_REPRESENTATION_CONTEXT(2) 
PARAMETRIC_REPRESENTATION_CONTEXT() REPRESENTATION_CONTEXT('2D SPACE',''
  ) );
#8975 = ORIENTED_EDGE('',*,*,#8883,.F.);
#8976 = ADVANCED_FACE('',(#8977),#3240,.T.);
#8977 = FACE_BOUND('',#8978,.T.);
#8978 = EDGE_LOOP('',(#8979,#8980,#9003,#9024));
#8979 = ORIENTED_EDGE('',*,*,#3210,.T.);
#8980 = ORIENTED_EDGE('',*,*,#8981,.T.);
#8981 = EDGE_CURVE('',#3166,#8982,#8984,.T.);
#8982 = VERTEX_POINT('',#8983);
#8983 = CARTESIAN_POINT('',(2.7099609375,-22.55590820312,2.6));
#8984 = SURFACE_CURVE('',#8985,(#8989,#8996),.PCURVE_S1.);
#8985 = LINE('',#8986,#8987);
#8986 = CARTESIAN_POINT('',(2.7099609375,-22.55590820312,1.9));
#8987 = VECTOR('',#8988,1.);
#8988 = DIRECTION('',(0.,0.,1.));
#8989 = PCURVE('',#3240,#8990);
#8990 = DEFINITIONAL_REPRESENTATION('',(#8991),#8995);
#8991 = LINE('',#8992,#8993);
#8992 = CARTESIAN_POINT('',(0.,0.));
#8993 = VECTOR('',#8994,1.);
#8994 = DIRECTION('',(0.,-1.));
#8995 = ( GEOMETRIC_REPRESENTATION_CONTEXT(2) 
PARAMETRIC_REPRESENTATION_CONTEXT() REPRESENTATION_CONTEXT('2D SPACE',''
  ) );
#8996 = PCURVE('',#3191,#8997);
#8997 = DEFINITIONAL_REPRESENTATION('',(#8998),#9002);
#8998 = LINE('',#8999,#9000);
#8999 = CARTESIAN_POINT('',(1.,0.));
#9000 = VECTOR('',#9001,1.);
#9001 = DIRECTION('',(0.,-1.));
#9002 = ( GEOMETRIC_REPRESENTATION_CONTEXT(2) 
PARAMETRIC_REPRESENTATION_CONTEXT() REPRESENTATION_CONTEXT('2D SPACE',''
  ) );
#9003 = ORIENTED_EDGE('',*,*,#9004,.T.);
#9004 = EDGE_CURVE('',#8982,#8933,#9005,.T.);
#9005 = SURFACE_CURVE('',#9006,(#9010,#9017),.PCURVE_S1.);
#9006 = B_SPLINE_CURVE_WITH_KNOTS('',2,(#9007,#9008,#9009),
  .UNSPECIFIED.,.F.,.F.,(3,3),(0.,1.),.PIECEWISE_BEZIER_KNOTS.);
#9007 = CARTESIAN_POINT('',(2.7099609375,-22.55590820312,2.6));
#9008 = CARTESIAN_POINT('',(2.86865234375,-22.31420898437,2.6));
#9009 = CARTESIAN_POINT('',(3.09814453125,-22.19702148437,2.6));
#9010 = PCURVE('',#3240,#9011);
#9011 = DEFINITIONAL_REPRESENTATION('',(#9012),#9016);
#9012 = LINE('',#9013,#9014);
#9013 = CARTESIAN_POINT('',(0.,-0.7));
#9014 = VECTOR('',#9015,1.);
#9015 = DIRECTION('',(1.,0.));
#9016 = ( GEOMETRIC_REPRESENTATION_CONTEXT(2) 
PARAMETRIC_REPRESENTATION_CONTEXT() REPRESENTATION_CONTEXT('2D SPACE',''
  ) );
#9017 = PCURVE('',#8356,#9018);
#9018 = DEFINITIONAL_REPRESENTATION('',(#9019),#9023);
#9019 = B_SPLINE_CURVE_WITH_KNOTS('',2,(#9020,#9021,#9022),
  .UNSPECIFIED.,.F.,.F.,(3,3),(0.,1.),.PIECEWISE_BEZIER_KNOTS.);
#9020 = CARTESIAN_POINT('',(0.625,1.845703125));
#9021 = CARTESIAN_POINT('',(0.78369140625,2.08740234375));
#9022 = CARTESIAN_POINT('',(1.01318359375,2.20458984375));
#9023 = ( GEOMETRIC_REPRESENTATION_CONTEXT(2) 
PARAMETRIC_REPRESENTATION_CONTEXT() REPRESENTATION_CONTEXT('2D SPACE',''
  ) );
#9024 = ORIENTED_EDGE('',*,*,#8932,.F.);
#9025 = ADVANCED_FACE('',(#9026),#3191,.T.);
#9026 = FACE_BOUND('',#9027,.T.);
#9027 = EDGE_LOOP('',(#9028,#9029,#9052,#9073));
#9028 = ORIENTED_EDGE('',*,*,#3165,.T.);
#9029 = ORIENTED_EDGE('',*,*,#9030,.T.);
#9030 = EDGE_CURVE('',#3127,#9031,#9033,.T.);
#9031 = VERTEX_POINT('',#9032);
#9032 = CARTESIAN_POINT('',(2.83447265625,-21.72827148437,2.6));
#9033 = SURFACE_CURVE('',#9034,(#9038,#9045),.PCURVE_S1.);
#9034 = LINE('',#9035,#9036);
#9035 = CARTESIAN_POINT('',(2.83447265625,-21.72827148437,1.9));
#9036 = VECTOR('',#9037,1.);
#9037 = DIRECTION('',(0.,0.,1.));
#9038 = PCURVE('',#3191,#9039);
#9039 = DEFINITIONAL_REPRESENTATION('',(#9040),#9044);
#9040 = LINE('',#9041,#9042);
#9041 = CARTESIAN_POINT('',(0.,0.));
#9042 = VECTOR('',#9043,1.);
#9043 = DIRECTION('',(0.,-1.));
#9044 = ( GEOMETRIC_REPRESENTATION_CONTEXT(2) 
PARAMETRIC_REPRESENTATION_CONTEXT() REPRESENTATION_CONTEXT('2D SPACE',''
  ) );
#9045 = PCURVE('',#3148,#9046);
#9046 = DEFINITIONAL_REPRESENTATION('',(#9047),#9051);
#9047 = LINE('',#9048,#9049);
#9048 = CARTESIAN_POINT('',(1.,0.));
#9049 = VECTOR('',#9050,1.);
#9050 = DIRECTION('',(0.,-1.));
#9051 = ( GEOMETRIC_REPRESENTATION_CONTEXT(2) 
PARAMETRIC_REPRESENTATION_CONTEXT() REPRESENTATION_CONTEXT('2D SPACE',''
  ) );
#9052 = ORIENTED_EDGE('',*,*,#9053,.T.);
#9053 = EDGE_CURVE('',#9031,#8982,#9054,.T.);
#9054 = SURFACE_CURVE('',#9055,(#9059,#9066),.PCURVE_S1.);
#9055 = B_SPLINE_CURVE_WITH_KNOTS('',2,(#9056,#9057,#9058),
  .UNSPECIFIED.,.F.,.F.,(3,3),(0.,1.),.PIECEWISE_BEZIER_KNOTS.);
#9056 = CARTESIAN_POINT('',(2.83447265625,-21.72827148437,2.6));
#9057 = CARTESIAN_POINT('',(2.71484375,-22.01879882812,2.6));
#9058 = CARTESIAN_POINT('',(2.7099609375,-22.55590820312,2.6));
#9059 = PCURVE('',#3191,#9060);
#9060 = DEFINITIONAL_REPRESENTATION('',(#9061),#9065);
#9061 = LINE('',#9062,#9063);
#9062 = CARTESIAN_POINT('',(0.,-0.7));
#9063 = VECTOR('',#9064,1.);
#9064 = DIRECTION('',(1.,0.));
#9065 = ( GEOMETRIC_REPRESENTATION_CONTEXT(2) 
PARAMETRIC_REPRESENTATION_CONTEXT() REPRESENTATION_CONTEXT('2D SPACE',''
  ) );
#9066 = PCURVE('',#8356,#9067);
#9067 = DEFINITIONAL_REPRESENTATION('',(#9068),#9072);
#9068 = B_SPLINE_CURVE_WITH_KNOTS('',2,(#9069,#9070,#9071),
  .UNSPECIFIED.,.F.,.F.,(3,3),(0.,1.),.PIECEWISE_BEZIER_KNOTS.);
#9069 = CARTESIAN_POINT('',(0.74951171875,2.67333984375));
#9070 = CARTESIAN_POINT('',(0.6298828125,2.3828125));
#9071 = CARTESIAN_POINT('',(0.625,1.845703125));
#9072 = ( GEOMETRIC_REPRESENTATION_CONTEXT(2) 
PARAMETRIC_REPRESENTATION_CONTEXT() REPRESENTATION_CONTEXT('2D SPACE',''
  ) );
#9073 = ORIENTED_EDGE('',*,*,#8981,.F.);
#9074 = ADVANCED_FACE('',(#9075),#3148,.T.);
#9075 = FACE_BOUND('',#9076,.T.);
#9076 = EDGE_LOOP('',(#9077,#9078,#9101,#9122));
#9077 = ORIENTED_EDGE('',*,*,#3126,.T.);
#9078 = ORIENTED_EDGE('',*,*,#9079,.T.);
#9079 = EDGE_CURVE('',#3076,#9080,#9082,.T.);
#9080 = VERTEX_POINT('',#9081);
#9081 = CARTESIAN_POINT('',(3.16162109375,-21.28637695312,2.6));
#9082 = SURFACE_CURVE('',#9083,(#9087,#9094),.PCURVE_S1.);
#9083 = LINE('',#9084,#9085);
#9084 = CARTESIAN_POINT('',(3.16162109375,-21.28637695312,1.9));
#9085 = VECTOR('',#9086,1.);
#9086 = DIRECTION('',(0.,0.,1.));
#9087 = PCURVE('',#3148,#9088);
#9088 = DEFINITIONAL_REPRESENTATION('',(#9089),#9093);
#9089 = LINE('',#9090,#9091);
#9090 = CARTESIAN_POINT('',(0.,0.));
#9091 = VECTOR('',#9092,1.);
#9092 = DIRECTION('',(0.,-1.));
#9093 = ( GEOMETRIC_REPRESENTATION_CONTEXT(2) 
PARAMETRIC_REPRESENTATION_CONTEXT() REPRESENTATION_CONTEXT('2D SPACE',''
  ) );
#9094 = PCURVE('',#3105,#9095);
#9095 = DEFINITIONAL_REPRESENTATION('',(#9096),#9100);
#9096 = LINE('',#9097,#9098);
#9097 = CARTESIAN_POINT('',(1.,0.));
#9098 = VECTOR('',#9099,1.);
#9099 = DIRECTION('',(0.,-1.));
#9100 = ( GEOMETRIC_REPRESENTATION_CONTEXT(2) 
PARAMETRIC_REPRESENTATION_CONTEXT() REPRESENTATION_CONTEXT('2D SPACE',''
  ) );
#9101 = ORIENTED_EDGE('',*,*,#9102,.T.);
#9102 = EDGE_CURVE('',#9080,#9031,#9103,.T.);
#9103 = SURFACE_CURVE('',#9104,(#9108,#9115),.PCURVE_S1.);
#9104 = B_SPLINE_CURVE_WITH_KNOTS('',2,(#9105,#9106,#9107),
  .UNSPECIFIED.,.F.,.F.,(3,3),(0.,1.),.PIECEWISE_BEZIER_KNOTS.);
#9105 = CARTESIAN_POINT('',(3.16162109375,-21.28637695312,2.6));
#9106 = CARTESIAN_POINT('',(2.9541015625,-21.43774414062,2.6));
#9107 = CARTESIAN_POINT('',(2.83447265625,-21.72827148437,2.6));
#9108 = PCURVE('',#3148,#9109);
#9109 = DEFINITIONAL_REPRESENTATION('',(#9110),#9114);
#9110 = LINE('',#9111,#9112);
#9111 = CARTESIAN_POINT('',(0.,-0.7));
#9112 = VECTOR('',#9113,1.);
#9113 = DIRECTION('',(1.,0.));
#9114 = ( GEOMETRIC_REPRESENTATION_CONTEXT(2) 
PARAMETRIC_REPRESENTATION_CONTEXT() REPRESENTATION_CONTEXT('2D SPACE',''
  ) );
#9115 = PCURVE('',#8356,#9116);
#9116 = DEFINITIONAL_REPRESENTATION('',(#9117),#9121);
#9117 = B_SPLINE_CURVE_WITH_KNOTS('',2,(#9118,#9119,#9120),
  .UNSPECIFIED.,.F.,.F.,(3,3),(0.,1.),.PIECEWISE_BEZIER_KNOTS.);
#9118 = CARTESIAN_POINT('',(1.07666015625,3.115234375));
#9119 = CARTESIAN_POINT('',(0.869140625,2.9638671875));
#9120 = CARTESIAN_POINT('',(0.74951171875,2.67333984375));
#9121 = ( GEOMETRIC_REPRESENTATION_CONTEXT(2) 
PARAMETRIC_REPRESENTATION_CONTEXT() REPRESENTATION_CONTEXT('2D SPACE',''
  ) );
#9122 = ORIENTED_EDGE('',*,*,#9030,.F.);
#9123 = ADVANCED_FACE('',(#9124),#3105,.T.);
#9124 = FACE_BOUND('',#9125,.T.);
#9125 = EDGE_LOOP('',(#9126,#9127,#9150,#9171));
#9126 = ORIENTED_EDGE('',*,*,#3075,.T.);
#9127 = ORIENTED_EDGE('',*,*,#9128,.T.);
#9128 = EDGE_CURVE('',#3025,#9129,#9131,.T.);
#9129 = VERTEX_POINT('',#9130);
#9130 = CARTESIAN_POINT('',(3.5302734375,-21.16918945312,2.6));
#9131 = SURFACE_CURVE('',#9132,(#9136,#9143),.PCURVE_S1.);
#9132 = LINE('',#9133,#9134);
#9133 = CARTESIAN_POINT('',(3.5302734375,-21.16918945312,1.9));
#9134 = VECTOR('',#9135,1.);
#9135 = DIRECTION('',(0.,0.,1.));
#9136 = PCURVE('',#3105,#9137);
#9137 = DEFINITIONAL_REPRESENTATION('',(#9138),#9142);
#9138 = LINE('',#9139,#9140);
#9139 = CARTESIAN_POINT('',(0.,0.));
#9140 = VECTOR('',#9141,1.);
#9141 = DIRECTION('',(0.,-1.));
#9142 = ( GEOMETRIC_REPRESENTATION_CONTEXT(2) 
PARAMETRIC_REPRESENTATION_CONTEXT() REPRESENTATION_CONTEXT('2D SPACE',''
  ) );
#9143 = PCURVE('',#3054,#9144);
#9144 = DEFINITIONAL_REPRESENTATION('',(#9145),#9149);
#9145 = LINE('',#9146,#9147);
#9146 = CARTESIAN_POINT('',(1.,0.));
#9147 = VECTOR('',#9148,1.);
#9148 = DIRECTION('',(0.,-1.));
#9149 = ( GEOMETRIC_REPRESENTATION_CONTEXT(2) 
PARAMETRIC_REPRESENTATION_CONTEXT() REPRESENTATION_CONTEXT('2D SPACE',''
  ) );
#9150 = ORIENTED_EDGE('',*,*,#9151,.T.);
#9151 = EDGE_CURVE('',#9129,#9080,#9152,.T.);
#9152 = SURFACE_CURVE('',#9153,(#9157,#9164),.PCURVE_S1.);
#9153 = B_SPLINE_CURVE_WITH_KNOTS('',2,(#9154,#9155,#9156),
  .UNSPECIFIED.,.F.,.F.,(3,3),(0.,1.),.PIECEWISE_BEZIER_KNOTS.);
#9154 = CARTESIAN_POINT('',(3.5302734375,-21.16918945312,2.6));
#9155 = CARTESIAN_POINT('',(3.3203125,-21.16918945312,2.6));
#9156 = CARTESIAN_POINT('',(3.16162109375,-21.28637695312,2.6));
#9157 = PCURVE('',#3105,#9158);
#9158 = DEFINITIONAL_REPRESENTATION('',(#9159),#9163);
#9159 = LINE('',#9160,#9161);
#9160 = CARTESIAN_POINT('',(0.,-0.7));
#9161 = VECTOR('',#9162,1.);
#9162 = DIRECTION('',(1.,0.));
#9163 = ( GEOMETRIC_REPRESENTATION_CONTEXT(2) 
PARAMETRIC_REPRESENTATION_CONTEXT() REPRESENTATION_CONTEXT('2D SPACE',''
  ) );
#9164 = PCURVE('',#8356,#9165);
#9165 = DEFINITIONAL_REPRESENTATION('',(#9166),#9170);
#9166 = B_SPLINE_CURVE_WITH_KNOTS('',2,(#9167,#9168,#9169),
  .UNSPECIFIED.,.F.,.F.,(3,3),(0.,1.),.PIECEWISE_BEZIER_KNOTS.);
#9167 = CARTESIAN_POINT('',(1.4453125,3.232421875));
#9168 = CARTESIAN_POINT('',(1.2353515625,3.232421875));
#9169 = CARTESIAN_POINT('',(1.07666015625,3.115234375));
#9170 = ( GEOMETRIC_REPRESENTATION_CONTEXT(2) 
PARAMETRIC_REPRESENTATION_CONTEXT() REPRESENTATION_CONTEXT('2D SPACE',''
  ) );
#9171 = ORIENTED_EDGE('',*,*,#9079,.F.);
#9172 = ADVANCED_FACE('',(#9173),#3054,.T.);
#9173 = FACE_BOUND('',#9174,.T.);
#9174 = EDGE_LOOP('',(#9175,#9176,#9199,#9220));
#9175 = ORIENTED_EDGE('',*,*,#3024,.T.);
#9176 = ORIENTED_EDGE('',*,*,#9177,.T.);
#9177 = EDGE_CURVE('',#2983,#9178,#9180,.T.);
#9178 = VERTEX_POINT('',#9179);
#9179 = CARTESIAN_POINT('',(3.9697265625,-21.35717773437,2.6));
#9180 = SURFACE_CURVE('',#9181,(#9185,#9192),.PCURVE_S1.);
#9181 = LINE('',#9182,#9183);
#9182 = CARTESIAN_POINT('',(3.9697265625,-21.35717773437,1.9));
#9183 = VECTOR('',#9184,1.);
#9184 = DIRECTION('',(0.,0.,1.));
#9185 = PCURVE('',#3054,#9186);
#9186 = DEFINITIONAL_REPRESENTATION('',(#9187),#9191);
#9187 = LINE('',#9188,#9189);
#9188 = CARTESIAN_POINT('',(0.,0.));
#9189 = VECTOR('',#9190,1.);
#9190 = DIRECTION('',(0.,-1.));
#9191 = ( GEOMETRIC_REPRESENTATION_CONTEXT(2) 
PARAMETRIC_REPRESENTATION_CONTEXT() REPRESENTATION_CONTEXT('2D SPACE',''
  ) );
#9192 = PCURVE('',#3006,#9193);
#9193 = DEFINITIONAL_REPRESENTATION('',(#9194),#9198);
#9194 = LINE('',#9195,#9196);
#9195 = CARTESIAN_POINT('',(1.,0.));
#9196 = VECTOR('',#9197,1.);
#9197 = DIRECTION('',(0.,-1.));
#9198 = ( GEOMETRIC_REPRESENTATION_CONTEXT(2) 
PARAMETRIC_REPRESENTATION_CONTEXT() REPRESENTATION_CONTEXT('2D SPACE',''
  ) );
#9199 = ORIENTED_EDGE('',*,*,#9200,.T.);
#9200 = EDGE_CURVE('',#9178,#9129,#9201,.T.);
#9201 = SURFACE_CURVE('',#9202,(#9206,#9213),.PCURVE_S1.);
#9202 = B_SPLINE_CURVE_WITH_KNOTS('',2,(#9203,#9204,#9205),
  .UNSPECIFIED.,.F.,.F.,(3,3),(0.,1.),.PIECEWISE_BEZIER_KNOTS.);
#9203 = CARTESIAN_POINT('',(3.9697265625,-21.35717773437,2.6));
#9204 = CARTESIAN_POINT('',(3.79150390625,-21.16918945312,2.6));
#9205 = CARTESIAN_POINT('',(3.5302734375,-21.16918945312,2.6));
#9206 = PCURVE('',#3054,#9207);
#9207 = DEFINITIONAL_REPRESENTATION('',(#9208),#9212);
#9208 = LINE('',#9209,#9210);
#9209 = CARTESIAN_POINT('',(0.,-0.7));
#9210 = VECTOR('',#9211,1.);
#9211 = DIRECTION('',(1.,0.));
#9212 = ( GEOMETRIC_REPRESENTATION_CONTEXT(2) 
PARAMETRIC_REPRESENTATION_CONTEXT() REPRESENTATION_CONTEXT('2D SPACE',''
  ) );
#9213 = PCURVE('',#8356,#9214);
#9214 = DEFINITIONAL_REPRESENTATION('',(#9215),#9219);
#9215 = B_SPLINE_CURVE_WITH_KNOTS('',2,(#9216,#9217,#9218),
  .UNSPECIFIED.,.F.,.F.,(3,3),(0.,1.),.PIECEWISE_BEZIER_KNOTS.);
#9216 = CARTESIAN_POINT('',(1.884765625,3.04443359375));
#9217 = CARTESIAN_POINT('',(1.70654296875,3.232421875));
#9218 = CARTESIAN_POINT('',(1.4453125,3.232421875));
#9219 = ( GEOMETRIC_REPRESENTATION_CONTEXT(2) 
PARAMETRIC_REPRESENTATION_CONTEXT() REPRESENTATION_CONTEXT('2D SPACE',''
  ) );
#9220 = ORIENTED_EDGE('',*,*,#9128,.F.);
#9221 = ADVANCED_FACE('',(#9222),#3006,.T.);
#9222 = FACE_BOUND('',#9223,.T.);
#9223 = EDGE_LOOP('',(#9224,#9225,#9226,#9247));
#9224 = ORIENTED_EDGE('',*,*,#2982,.T.);
#9225 = ORIENTED_EDGE('',*,*,#8368,.T.);
#9226 = ORIENTED_EDGE('',*,*,#9227,.T.);
#9227 = EDGE_CURVE('',#8341,#9178,#9228,.T.);
#9228 = SURFACE_CURVE('',#9229,(#9233,#9240),.PCURVE_S1.);
#9229 = B_SPLINE_CURVE_WITH_KNOTS('',2,(#9230,#9231,#9232),
  .UNSPECIFIED.,.F.,.F.,(3,3),(0.,1.),.PIECEWISE_BEZIER_KNOTS.);
#9230 = CARTESIAN_POINT('',(4.1357421875,-21.73315429687,2.6));
#9231 = CARTESIAN_POINT('',(4.0771484375,-21.47436523437,2.6));
#9232 = CARTESIAN_POINT('',(3.9697265625,-21.35717773437,2.6));
#9233 = PCURVE('',#3006,#9234);
#9234 = DEFINITIONAL_REPRESENTATION('',(#9235),#9239);
#9235 = LINE('',#9236,#9237);
#9236 = CARTESIAN_POINT('',(0.,-0.7));
#9237 = VECTOR('',#9238,1.);
#9238 = DIRECTION('',(1.,0.));
#9239 = ( GEOMETRIC_REPRESENTATION_CONTEXT(2) 
PARAMETRIC_REPRESENTATION_CONTEXT() REPRESENTATION_CONTEXT('2D SPACE',''
  ) );
#9240 = PCURVE('',#8356,#9241);
#9241 = DEFINITIONAL_REPRESENTATION('',(#9242),#9246);
#9242 = B_SPLINE_CURVE_WITH_KNOTS('',2,(#9243,#9244,#9245),
  .UNSPECIFIED.,.F.,.F.,(3,3),(0.,1.),.PIECEWISE_BEZIER_KNOTS.);
#9243 = CARTESIAN_POINT('',(2.05078125,2.66845703125));
#9244 = CARTESIAN_POINT('',(1.9921875,2.92724609375));
#9245 = CARTESIAN_POINT('',(1.884765625,3.04443359375));
#9246 = ( GEOMETRIC_REPRESENTATION_CONTEXT(2) 
PARAMETRIC_REPRESENTATION_CONTEXT() REPRESENTATION_CONTEXT('2D SPACE',''
  ) );
#9247 = ORIENTED_EDGE('',*,*,#9177,.F.);
#9248 = ADVANCED_FACE('',(#9249),#3973,.T.);
#9249 = FACE_BOUND('',#9250,.T.);
#9250 = EDGE_LOOP('',(#9251,#9252,#9275,#9303));
#9251 = ORIENTED_EDGE('',*,*,#3927,.T.);
#9252 = ORIENTED_EDGE('',*,*,#9253,.T.);
#9253 = EDGE_CURVE('',#3930,#9254,#9256,.T.);
#9254 = VERTEX_POINT('',#9255);
#9255 = CARTESIAN_POINT('',(-3.826904296875,-17.48041992187,2.6));
#9256 = SURFACE_CURVE('',#9257,(#9261,#9268),.PCURVE_S1.);
#9257 = LINE('',#9258,#9259);
#9258 = CARTESIAN_POINT('',(-3.826904296875,-17.48041992187,1.9));
#9259 = VECTOR('',#9260,1.);
#9260 = DIRECTION('',(0.,0.,1.));
#9261 = PCURVE('',#3973,#9262);
#9262 = DEFINITIONAL_REPRESENTATION('',(#9263),#9267);
#9263 = LINE('',#9264,#9265);
#9264 = CARTESIAN_POINT('',(0.,0.));
#9265 = VECTOR('',#9266,1.);
#9266 = DIRECTION('',(0.,-1.));
#9267 = ( GEOMETRIC_REPRESENTATION_CONTEXT(2) 
PARAMETRIC_REPRESENTATION_CONTEXT() REPRESENTATION_CONTEXT('2D SPACE',''
  ) );
#9268 = PCURVE('',#4494,#9269);
#9269 = DEFINITIONAL_REPRESENTATION('',(#9270),#9274);
#9270 = LINE('',#9271,#9272);
#9271 = CARTESIAN_POINT('',(1.,0.));
#9272 = VECTOR('',#9273,1.);
#9273 = DIRECTION('',(0.,-1.));
#9274 = ( GEOMETRIC_REPRESENTATION_CONTEXT(2) 
PARAMETRIC_REPRESENTATION_CONTEXT() REPRESENTATION_CONTEXT('2D SPACE',''
  ) );
#9275 = ORIENTED_EDGE('',*,*,#9276,.T.);
#9276 = EDGE_CURVE('',#9254,#9277,#9279,.T.);
#9277 = VERTEX_POINT('',#9278);
#9278 = CARTESIAN_POINT('',(-3.463232421875,-16.42001953125,2.6));
#9279 = SURFACE_CURVE('',#9280,(#9284,#9291),.PCURVE_S1.);
#9280 = B_SPLINE_CURVE_WITH_KNOTS('',2,(#9281,#9282,#9283),
  .UNSPECIFIED.,.F.,.F.,(3,3),(0.,1.),.PIECEWISE_BEZIER_KNOTS.);
#9281 = CARTESIAN_POINT('',(-3.826904296875,-17.48041992187,2.6));
#9282 = CARTESIAN_POINT('',(-3.826904296875,-16.80317382812,2.6));
#9283 = CARTESIAN_POINT('',(-3.463232421875,-16.42001953125,2.6));
#9284 = PCURVE('',#3973,#9285);
#9285 = DEFINITIONAL_REPRESENTATION('',(#9286),#9290);
#9286 = LINE('',#9287,#9288);
#9287 = CARTESIAN_POINT('',(0.,-0.7));
#9288 = VECTOR('',#9289,1.);
#9289 = DIRECTION('',(1.,0.));
#9290 = ( GEOMETRIC_REPRESENTATION_CONTEXT(2) 
PARAMETRIC_REPRESENTATION_CONTEXT() REPRESENTATION_CONTEXT('2D SPACE',''
  ) );
#9291 = PCURVE('',#9292,#9297);
#9292 = PLANE('',#9293);
#9293 = AXIS2_PLACEMENT_3D('',#9294,#9295,#9296);
#9294 = CARTESIAN_POINT('',(-4.010595703125,-18.80522460937,2.6));
#9295 = DIRECTION('',(0.,0.,1.));
#9296 = DIRECTION('',(1.,0.,0.));
#9297 = DEFINITIONAL_REPRESENTATION('',(#9298),#9302);
#9298 = B_SPLINE_CURVE_WITH_KNOTS('',2,(#9299,#9300,#9301),
  .UNSPECIFIED.,.F.,.F.,(3,3),(0.,1.),.PIECEWISE_BEZIER_KNOTS.);
#9299 = CARTESIAN_POINT('',(0.18369140625,1.3248046875));
#9300 = CARTESIAN_POINT('',(0.18369140625,2.00205078125));
#9301 = CARTESIAN_POINT('',(0.54736328125,2.385205078125));
#9302 = ( GEOMETRIC_REPRESENTATION_CONTEXT(2) 
PARAMETRIC_REPRESENTATION_CONTEXT() REPRESENTATION_CONTEXT('2D SPACE',''
  ) );
#9303 = ORIENTED_EDGE('',*,*,#9304,.F.);
#9304 = EDGE_CURVE('',#3928,#9277,#9305,.T.);
#9305 = SURFACE_CURVE('',#9306,(#9310,#9317),.PCURVE_S1.);
#9306 = LINE('',#9307,#9308);
#9307 = CARTESIAN_POINT('',(-3.463232421875,-16.42001953125,1.9));
#9308 = VECTOR('',#9309,1.);
#9309 = DIRECTION('',(0.,0.,1.));
#9310 = PCURVE('',#3973,#9311);
#9311 = DEFINITIONAL_REPRESENTATION('',(#9312),#9316);
#9312 = LINE('',#9313,#9314);
#9313 = CARTESIAN_POINT('',(1.,0.));
#9314 = VECTOR('',#9315,1.);
#9315 = DIRECTION('',(0.,-1.));
#9316 = ( GEOMETRIC_REPRESENTATION_CONTEXT(2) 
PARAMETRIC_REPRESENTATION_CONTEXT() REPRESENTATION_CONTEXT('2D SPACE',''
  ) );
#9317 = PCURVE('',#4035,#9318);
#9318 = DEFINITIONAL_REPRESENTATION('',(#9319),#9323);
#9319 = LINE('',#9320,#9321);
#9320 = CARTESIAN_POINT('',(0.,0.));
#9321 = VECTOR('',#9322,1.);
#9322 = DIRECTION('',(0.,-1.));
#9323 = ( GEOMETRIC_REPRESENTATION_CONTEXT(2) 
PARAMETRIC_REPRESENTATION_CONTEXT() REPRESENTATION_CONTEXT('2D SPACE',''
  ) );
#9324 = ADVANCED_FACE('',(#9325),#4035,.T.);
#9325 = FACE_BOUND('',#9326,.T.);
#9326 = EDGE_LOOP('',(#9327,#9328,#9329,#9352));
#9327 = ORIENTED_EDGE('',*,*,#4001,.T.);
#9328 = ORIENTED_EDGE('',*,*,#9304,.T.);
#9329 = ORIENTED_EDGE('',*,*,#9330,.T.);
#9330 = EDGE_CURVE('',#9277,#9331,#9333,.T.);
#9331 = VERTEX_POINT('',#9332);
#9332 = CARTESIAN_POINT('',(-2.524365234375,-16.03686523437,2.6));
#9333 = SURFACE_CURVE('',#9334,(#9338,#9345),.PCURVE_S1.);
#9334 = B_SPLINE_CURVE_WITH_KNOTS('',2,(#9335,#9336,#9337),
  .UNSPECIFIED.,.F.,.F.,(3,3),(0.,1.),.PIECEWISE_BEZIER_KNOTS.);
#9335 = CARTESIAN_POINT('',(-3.463232421875,-16.42001953125,2.6));
#9336 = CARTESIAN_POINT('',(-3.099560546875,-16.03686523437,2.6));
#9337 = CARTESIAN_POINT('',(-2.524365234375,-16.03686523437,2.6));
#9338 = PCURVE('',#4035,#9339);
#9339 = DEFINITIONAL_REPRESENTATION('',(#9340),#9344);
#9340 = LINE('',#9341,#9342);
#9341 = CARTESIAN_POINT('',(0.,-0.7));
#9342 = VECTOR('',#9343,1.);
#9343 = DIRECTION('',(1.,0.));
#9344 = ( GEOMETRIC_REPRESENTATION_CONTEXT(2) 
PARAMETRIC_REPRESENTATION_CONTEXT() REPRESENTATION_CONTEXT('2D SPACE',''
  ) );
#9345 = PCURVE('',#9292,#9346);
#9346 = DEFINITIONAL_REPRESENTATION('',(#9347),#9351);
#9347 = B_SPLINE_CURVE_WITH_KNOTS('',2,(#9348,#9349,#9350),
  .UNSPECIFIED.,.F.,.F.,(3,3),(0.,1.),.PIECEWISE_BEZIER_KNOTS.);
#9348 = CARTESIAN_POINT('',(0.54736328125,2.385205078125));
#9349 = CARTESIAN_POINT('',(0.91103515625,2.768359375));
#9350 = CARTESIAN_POINT('',(1.48623046875,2.768359375));
#9351 = ( GEOMETRIC_REPRESENTATION_CONTEXT(2) 
PARAMETRIC_REPRESENTATION_CONTEXT() REPRESENTATION_CONTEXT('2D SPACE',''
  ) );
#9352 = ORIENTED_EDGE('',*,*,#9353,.F.);
#9353 = EDGE_CURVE('',#4002,#9331,#9354,.T.);
#9354 = SURFACE_CURVE('',#9355,(#9359,#9366),.PCURVE_S1.);
#9355 = LINE('',#9356,#9357);
#9356 = CARTESIAN_POINT('',(-2.524365234375,-16.03686523437,1.9));
#9357 = VECTOR('',#9358,1.);
#9358 = DIRECTION('',(0.,0.,1.));
#9359 = PCURVE('',#4035,#9360);
#9360 = DEFINITIONAL_REPRESENTATION('',(#9361),#9365);
#9361 = LINE('',#9362,#9363);
#9362 = CARTESIAN_POINT('',(1.,0.));
#9363 = VECTOR('',#9364,1.);
#9364 = DIRECTION('',(0.,-1.));
#9365 = ( GEOMETRIC_REPRESENTATION_CONTEXT(2) 
PARAMETRIC_REPRESENTATION_CONTEXT() REPRESENTATION_CONTEXT('2D SPACE',''
  ) );
#9366 = PCURVE('',#4088,#9367);
#9367 = DEFINITIONAL_REPRESENTATION('',(#9368),#9372);
#9368 = LINE('',#9369,#9370);
#9369 = CARTESIAN_POINT('',(0.,0.));
#9370 = VECTOR('',#9371,1.);
#9371 = DIRECTION('',(0.,-1.));
#9372 = ( GEOMETRIC_REPRESENTATION_CONTEXT(2) 
PARAMETRIC_REPRESENTATION_CONTEXT() REPRESENTATION_CONTEXT('2D SPACE',''
  ) );
#9373 = ADVANCED_FACE('',(#9374),#4494,.T.);
#9374 = FACE_BOUND('',#9375,.T.);
#9375 = EDGE_LOOP('',(#9376,#9377,#9400,#9421));
#9376 = ORIENTED_EDGE('',*,*,#4466,.T.);
#9377 = ORIENTED_EDGE('',*,*,#9378,.T.);
#9378 = EDGE_CURVE('',#4416,#9379,#9381,.T.);
#9379 = VERTEX_POINT('',#9380);
#9380 = CARTESIAN_POINT('',(-3.671044921875,-18.15952148437,2.6));
#9381 = SURFACE_CURVE('',#9382,(#9386,#9393),.PCURVE_S1.);
#9382 = LINE('',#9383,#9384);
#9383 = CARTESIAN_POINT('',(-3.671044921875,-18.15952148437,1.9));
#9384 = VECTOR('',#9385,1.);
#9385 = DIRECTION('',(0.,0.,1.));
#9386 = PCURVE('',#4494,#9387);
#9387 = DEFINITIONAL_REPRESENTATION('',(#9388),#9392);
#9388 = LINE('',#9389,#9390);
#9389 = CARTESIAN_POINT('',(0.,0.));
#9390 = VECTOR('',#9391,1.);
#9391 = DIRECTION('',(0.,-1.));
#9392 = ( GEOMETRIC_REPRESENTATION_CONTEXT(2) 
PARAMETRIC_REPRESENTATION_CONTEXT() REPRESENTATION_CONTEXT('2D SPACE',''
  ) );
#9393 = PCURVE('',#4445,#9394);
#9394 = DEFINITIONAL_REPRESENTATION('',(#9395),#9399);
#9395 = LINE('',#9396,#9397);
#9396 = CARTESIAN_POINT('',(1.,0.));
#9397 = VECTOR('',#9398,1.);
#9398 = DIRECTION('',(0.,-1.));
#9399 = ( GEOMETRIC_REPRESENTATION_CONTEXT(2) 
PARAMETRIC_REPRESENTATION_CONTEXT() REPRESENTATION_CONTEXT('2D SPACE',''
  ) );
#9400 = ORIENTED_EDGE('',*,*,#9401,.T.);
#9401 = EDGE_CURVE('',#9379,#9254,#9402,.T.);
#9402 = SURFACE_CURVE('',#9403,(#9407,#9414),.PCURVE_S1.);
#9403 = B_SPLINE_CURVE_WITH_KNOTS('',2,(#9404,#9405,#9406),
  .UNSPECIFIED.,.F.,.F.,(3,3),(0.,1.),.PIECEWISE_BEZIER_KNOTS.);
#9404 = CARTESIAN_POINT('',(-3.671044921875,-18.15952148437,2.6));
#9405 = CARTESIAN_POINT('',(-3.826904296875,-17.83852539062,2.6));
#9406 = CARTESIAN_POINT('',(-3.826904296875,-17.48041992187,2.6));
#9407 = PCURVE('',#4494,#9408);
#9408 = DEFINITIONAL_REPRESENTATION('',(#9409),#9413);
#9409 = LINE('',#9410,#9411);
#9410 = CARTESIAN_POINT('',(0.,-0.7));
#9411 = VECTOR('',#9412,1.);
#9412 = DIRECTION('',(1.,0.));
#9413 = ( GEOMETRIC_REPRESENTATION_CONTEXT(2) 
PARAMETRIC_REPRESENTATION_CONTEXT() REPRESENTATION_CONTEXT('2D SPACE',''
  ) );
#9414 = PCURVE('',#9292,#9415);
#9415 = DEFINITIONAL_REPRESENTATION('',(#9416),#9420);
#9416 = B_SPLINE_CURVE_WITH_KNOTS('',2,(#9417,#9418,#9419),
  .UNSPECIFIED.,.F.,.F.,(3,3),(0.,1.),.PIECEWISE_BEZIER_KNOTS.);
#9417 = CARTESIAN_POINT('',(0.33955078125,0.645703125));
#9418 = CARTESIAN_POINT('',(0.18369140625,0.96669921875));
#9419 = CARTESIAN_POINT('',(0.18369140625,1.3248046875));
#9420 = ( GEOMETRIC_REPRESENTATION_CONTEXT(2) 
PARAMETRIC_REPRESENTATION_CONTEXT() REPRESENTATION_CONTEXT('2D SPACE',''
  ) );
#9421 = ORIENTED_EDGE('',*,*,#9253,.F.);
#9422 = ADVANCED_FACE('',(#9423),#4088,.T.);
#9423 = FACE_BOUND('',#9424,.T.);
#9424 = EDGE_LOOP('',(#9425,#9426,#9427,#9450));
#9425 = ORIENTED_EDGE('',*,*,#4058,.T.);
#9426 = ORIENTED_EDGE('',*,*,#9353,.T.);
#9427 = ORIENTED_EDGE('',*,*,#9428,.T.);
#9428 = EDGE_CURVE('',#9331,#9429,#9431,.T.);
#9429 = VERTEX_POINT('',#9430);
#9430 = CARTESIAN_POINT('',(-1.845263671875,-16.21684570312,2.6));
#9431 = SURFACE_CURVE('',#9432,(#9436,#9443),.PCURVE_S1.);
#9432 = B_SPLINE_CURVE_WITH_KNOTS('',2,(#9433,#9434,#9435),
  .UNSPECIFIED.,.F.,.F.,(3,3),(0.,1.),.PIECEWISE_BEZIER_KNOTS.);
#9433 = CARTESIAN_POINT('',(-2.524365234375,-16.03686523437,2.6));
#9434 = CARTESIAN_POINT('',(-2.147705078125,-16.03686523437,2.6));
#9435 = CARTESIAN_POINT('',(-1.845263671875,-16.21684570312,2.6));
#9436 = PCURVE('',#4088,#9437);
#9437 = DEFINITIONAL_REPRESENTATION('',(#9438),#9442);
#9438 = LINE('',#9439,#9440);
#9439 = CARTESIAN_POINT('',(0.,-0.7));
#9440 = VECTOR('',#9441,1.);
#9441 = DIRECTION('',(1.,0.));
#9442 = ( GEOMETRIC_REPRESENTATION_CONTEXT(2) 
PARAMETRIC_REPRESENTATION_CONTEXT() REPRESENTATION_CONTEXT('2D SPACE',''
  ) );
#9443 = PCURVE('',#9292,#9444);
#9444 = DEFINITIONAL_REPRESENTATION('',(#9445),#9449);
#9445 = B_SPLINE_CURVE_WITH_KNOTS('',2,(#9446,#9447,#9448),
  .UNSPECIFIED.,.F.,.F.,(3,3),(0.,1.),.PIECEWISE_BEZIER_KNOTS.);
#9446 = CARTESIAN_POINT('',(1.48623046875,2.768359375));
#9447 = CARTESIAN_POINT('',(1.862890625,2.768359375));
#9448 = CARTESIAN_POINT('',(2.16533203125,2.58837890625));
#9449 = ( GEOMETRIC_REPRESENTATION_CONTEXT(2) 
PARAMETRIC_REPRESENTATION_CONTEXT() REPRESENTATION_CONTEXT('2D SPACE',''
  ) );
#9450 = ORIENTED_EDGE('',*,*,#9451,.F.);
#9451 = EDGE_CURVE('',#4059,#9429,#9452,.T.);
#9452 = SURFACE_CURVE('',#9453,(#9457,#9464),.PCURVE_S1.);
#9453 = LINE('',#9454,#9455);
#9454 = CARTESIAN_POINT('',(-1.845263671875,-16.21684570312,1.9));
#9455 = VECTOR('',#9456,1.);
#9456 = DIRECTION('',(0.,0.,1.));
#9457 = PCURVE('',#4088,#9458);
#9458 = DEFINITIONAL_REPRESENTATION('',(#9459),#9463);
#9459 = LINE('',#9460,#9461);
#9460 = CARTESIAN_POINT('',(1.,0.));
#9461 = VECTOR('',#9462,1.);
#9462 = DIRECTION('',(0.,-1.));
#9463 = ( GEOMETRIC_REPRESENTATION_CONTEXT(2) 
PARAMETRIC_REPRESENTATION_CONTEXT() REPRESENTATION_CONTEXT('2D SPACE',''
  ) );
#9464 = PCURVE('',#4139,#9465);
#9465 = DEFINITIONAL_REPRESENTATION('',(#9466),#9470);
#9466 = LINE('',#9467,#9468);
#9467 = CARTESIAN_POINT('',(0.,0.));
#9468 = VECTOR('',#9469,1.);
#9469 = DIRECTION('',(0.,-1.));
#9470 = ( GEOMETRIC_REPRESENTATION_CONTEXT(2) 
PARAMETRIC_REPRESENTATION_CONTEXT() REPRESENTATION_CONTEXT('2D SPACE',''
  ) );
#9471 = ADVANCED_FACE('',(#9472),#4445,.T.);
#9472 = FACE_BOUND('',#9473,.T.);
#9473 = EDGE_LOOP('',(#9474,#9475,#9498,#9519));
#9474 = ORIENTED_EDGE('',*,*,#4415,.T.);
#9475 = ORIENTED_EDGE('',*,*,#9476,.T.);
#9476 = EDGE_CURVE('',#4365,#9477,#9479,.T.);
#9477 = VERTEX_POINT('',#9478);
#9478 = CARTESIAN_POINT('',(-3.212744140625,-18.66606445312,2.6));
#9479 = SURFACE_CURVE('',#9480,(#9484,#9491),.PCURVE_S1.);
#9480 = LINE('',#9481,#9482);
#9481 = CARTESIAN_POINT('',(-3.212744140625,-18.66606445312,1.9));
#9482 = VECTOR('',#9483,1.);
#9483 = DIRECTION('',(0.,0.,1.));
#9484 = PCURVE('',#4445,#9485);
#9485 = DEFINITIONAL_REPRESENTATION('',(#9486),#9490);
#9486 = LINE('',#9487,#9488);
#9487 = CARTESIAN_POINT('',(0.,0.));
#9488 = VECTOR('',#9489,1.);
#9489 = DIRECTION('',(0.,-1.));
#9490 = ( GEOMETRIC_REPRESENTATION_CONTEXT(2) 
PARAMETRIC_REPRESENTATION_CONTEXT() REPRESENTATION_CONTEXT('2D SPACE',''
  ) );
#9491 = PCURVE('',#4394,#9492);
#9492 = DEFINITIONAL_REPRESENTATION('',(#9493),#9497);
#9493 = LINE('',#9494,#9495);
#9494 = CARTESIAN_POINT('',(1.,0.));
#9495 = VECTOR('',#9496,1.);
#9496 = DIRECTION('',(0.,-1.));
#9497 = ( GEOMETRIC_REPRESENTATION_CONTEXT(2) 
PARAMETRIC_REPRESENTATION_CONTEXT() REPRESENTATION_CONTEXT('2D SPACE',''
  ) );
#9498 = ORIENTED_EDGE('',*,*,#9499,.T.);
#9499 = EDGE_CURVE('',#9477,#9379,#9500,.T.);
#9500 = SURFACE_CURVE('',#9501,(#9505,#9512),.PCURVE_S1.);
#9501 = B_SPLINE_CURVE_WITH_KNOTS('',2,(#9502,#9503,#9504),
  .UNSPECIFIED.,.F.,.F.,(3,3),(0.,1.),.PIECEWISE_BEZIER_KNOTS.);
#9502 = CARTESIAN_POINT('',(-3.212744140625,-18.66606445312,2.6));
#9503 = CARTESIAN_POINT('',(-3.515185546875,-18.48051757812,2.6));
#9504 = CARTESIAN_POINT('',(-3.671044921875,-18.15952148437,2.6));
#9505 = PCURVE('',#4445,#9506);
#9506 = DEFINITIONAL_REPRESENTATION('',(#9507),#9511);
#9507 = LINE('',#9508,#9509);
#9508 = CARTESIAN_POINT('',(0.,-0.7));
#9509 = VECTOR('',#9510,1.);
#9510 = DIRECTION('',(1.,0.));
#9511 = ( GEOMETRIC_REPRESENTATION_CONTEXT(2) 
PARAMETRIC_REPRESENTATION_CONTEXT() REPRESENTATION_CONTEXT('2D SPACE',''
  ) );
#9512 = PCURVE('',#9292,#9513);
#9513 = DEFINITIONAL_REPRESENTATION('',(#9514),#9518);
#9514 = B_SPLINE_CURVE_WITH_KNOTS('',2,(#9515,#9516,#9517),
  .UNSPECIFIED.,.F.,.F.,(3,3),(0.,1.),.PIECEWISE_BEZIER_KNOTS.);
#9515 = CARTESIAN_POINT('',(0.7978515625,0.13916015625));
#9516 = CARTESIAN_POINT('',(0.49541015625,0.32470703125));
#9517 = CARTESIAN_POINT('',(0.33955078125,0.645703125));
#9518 = ( GEOMETRIC_REPRESENTATION_CONTEXT(2) 
PARAMETRIC_REPRESENTATION_CONTEXT() REPRESENTATION_CONTEXT('2D SPACE',''
  ) );
#9519 = ORIENTED_EDGE('',*,*,#9378,.F.);
#9520 = ADVANCED_FACE('',(#9521),#4139,.T.);
#9521 = FACE_BOUND('',#9522,.T.);
#9522 = EDGE_LOOP('',(#9523,#9524,#9525,#9548));
#9523 = ORIENTED_EDGE('',*,*,#4109,.T.);
#9524 = ORIENTED_EDGE('',*,*,#9451,.T.);
#9525 = ORIENTED_EDGE('',*,*,#9526,.T.);
#9526 = EDGE_CURVE('',#9429,#9527,#9529,.T.);
#9527 = VERTEX_POINT('',#9528);
#9528 = CARTESIAN_POINT('',(-1.3841796875,-16.71875,2.6));
#9529 = SURFACE_CURVE('',#9530,(#9534,#9541),.PCURVE_S1.);
#9530 = B_SPLINE_CURVE_WITH_KNOTS('',2,(#9531,#9532,#9533),
  .UNSPECIFIED.,.F.,.F.,(3,3),(0.,1.),.PIECEWISE_BEZIER_KNOTS.);
#9531 = CARTESIAN_POINT('',(-1.845263671875,-16.21684570312,2.6));
#9532 = CARTESIAN_POINT('',(-1.542822265625,-16.39682617187,2.6));
#9533 = CARTESIAN_POINT('',(-1.3841796875,-16.71875,2.6));
#9534 = PCURVE('',#4139,#9535);
#9535 = DEFINITIONAL_REPRESENTATION('',(#9536),#9540);
#9536 = LINE('',#9537,#9538);
#9537 = CARTESIAN_POINT('',(0.,-0.7));
#9538 = VECTOR('',#9539,1.);
#9539 = DIRECTION('',(1.,0.));
#9540 = ( GEOMETRIC_REPRESENTATION_CONTEXT(2) 
PARAMETRIC_REPRESENTATION_CONTEXT() REPRESENTATION_CONTEXT('2D SPACE',''
  ) );
#9541 = PCURVE('',#9292,#9542);
#9542 = DEFINITIONAL_REPRESENTATION('',(#9543),#9547);
#9543 = B_SPLINE_CURVE_WITH_KNOTS('',2,(#9544,#9545,#9546),
  .UNSPECIFIED.,.F.,.F.,(3,3),(0.,1.),.PIECEWISE_BEZIER_KNOTS.);
#9544 = CARTESIAN_POINT('',(2.16533203125,2.58837890625));
#9545 = CARTESIAN_POINT('',(2.4677734375,2.4083984375));
#9546 = CARTESIAN_POINT('',(2.626416015625,2.086474609375));
#9547 = ( GEOMETRIC_REPRESENTATION_CONTEXT(2) 
PARAMETRIC_REPRESENTATION_CONTEXT() REPRESENTATION_CONTEXT('2D SPACE',''
  ) );
#9548 = ORIENTED_EDGE('',*,*,#9549,.F.);
#9549 = EDGE_CURVE('',#4110,#9527,#9550,.T.);
#9550 = SURFACE_CURVE('',#9551,(#9555,#9562),.PCURVE_S1.);
#9551 = LINE('',#9552,#9553);
#9552 = CARTESIAN_POINT('',(-1.3841796875,-16.71875,1.9));
#9553 = VECTOR('',#9554,1.);
#9554 = DIRECTION('',(0.,0.,1.));
#9555 = PCURVE('',#4139,#9556);
#9556 = DEFINITIONAL_REPRESENTATION('',(#9557),#9561);
#9557 = LINE('',#9558,#9559);
#9558 = CARTESIAN_POINT('',(1.,0.));
#9559 = VECTOR('',#9560,1.);
#9560 = DIRECTION('',(0.,-1.));
#9561 = ( GEOMETRIC_REPRESENTATION_CONTEXT(2) 
PARAMETRIC_REPRESENTATION_CONTEXT() REPRESENTATION_CONTEXT('2D SPACE',''
  ) );
#9562 = PCURVE('',#4190,#9563);
#9563 = DEFINITIONAL_REPRESENTATION('',(#9564),#9568);
#9564 = LINE('',#9565,#9566);
#9565 = CARTESIAN_POINT('',(0.,0.));
#9566 = VECTOR('',#9567,1.);
#9567 = DIRECTION('',(0.,-1.));
#9568 = ( GEOMETRIC_REPRESENTATION_CONTEXT(2) 
PARAMETRIC_REPRESENTATION_CONTEXT() REPRESENTATION_CONTEXT('2D SPACE',''
  ) );
#9569 = ADVANCED_FACE('',(#9570),#4394,.T.);
#9570 = FACE_BOUND('',#9571,.T.);
#9571 = EDGE_LOOP('',(#9572,#9573,#9596,#9617));
#9572 = ORIENTED_EDGE('',*,*,#4364,.T.);
#9573 = ORIENTED_EDGE('',*,*,#9574,.T.);
#9574 = EDGE_CURVE('',#4314,#9575,#9577,.T.);
#9575 = VERTEX_POINT('',#9576);
#9576 = CARTESIAN_POINT('',(-2.526220703125,-18.85161132812,2.6));
#9577 = SURFACE_CURVE('',#9578,(#9582,#9589),.PCURVE_S1.);
#9578 = LINE('',#9579,#9580);
#9579 = CARTESIAN_POINT('',(-2.526220703125,-18.85161132812,1.9));
#9580 = VECTOR('',#9581,1.);
#9581 = DIRECTION('',(0.,0.,1.));
#9582 = PCURVE('',#4394,#9583);
#9583 = DEFINITIONAL_REPRESENTATION('',(#9584),#9588);
#9584 = LINE('',#9585,#9586);
#9585 = CARTESIAN_POINT('',(0.,0.));
#9586 = VECTOR('',#9587,1.);
#9587 = DIRECTION('',(0.,-1.));
#9588 = ( GEOMETRIC_REPRESENTATION_CONTEXT(2) 
PARAMETRIC_REPRESENTATION_CONTEXT() REPRESENTATION_CONTEXT('2D SPACE',''
  ) );
#9589 = PCURVE('',#4343,#9590);
#9590 = DEFINITIONAL_REPRESENTATION('',(#9591),#9595);
#9591 = LINE('',#9592,#9593);
#9592 = CARTESIAN_POINT('',(1.,0.));
#9593 = VECTOR('',#9594,1.);
#9594 = DIRECTION('',(0.,-1.));
#9595 = ( GEOMETRIC_REPRESENTATION_CONTEXT(2) 
PARAMETRIC_REPRESENTATION_CONTEXT() REPRESENTATION_CONTEXT('2D SPACE',''
  ) );
#9596 = ORIENTED_EDGE('',*,*,#9597,.T.);
#9597 = EDGE_CURVE('',#9575,#9477,#9598,.T.);
#9598 = SURFACE_CURVE('',#9599,(#9603,#9610),.PCURVE_S1.);
#9599 = B_SPLINE_CURVE_WITH_KNOTS('',2,(#9600,#9601,#9602),
  .UNSPECIFIED.,.F.,.F.,(3,3),(0.,1.),.PIECEWISE_BEZIER_KNOTS.);
#9600 = CARTESIAN_POINT('',(-2.526220703125,-18.85161132812,2.6));
#9601 = CARTESIAN_POINT('',(-2.910302734375,-18.85161132812,2.6));
#9602 = CARTESIAN_POINT('',(-3.212744140625,-18.66606445312,2.6));
#9603 = PCURVE('',#4394,#9604);
#9604 = DEFINITIONAL_REPRESENTATION('',(#9605),#9609);
#9605 = LINE('',#9606,#9607);
#9606 = CARTESIAN_POINT('',(0.,-0.7));
#9607 = VECTOR('',#9608,1.);
#9608 = DIRECTION('',(1.,0.));
#9609 = ( GEOMETRIC_REPRESENTATION_CONTEXT(2) 
PARAMETRIC_REPRESENTATION_CONTEXT() REPRESENTATION_CONTEXT('2D SPACE',''
  ) );
#9610 = PCURVE('',#9292,#9611);
#9611 = DEFINITIONAL_REPRESENTATION('',(#9612),#9616);
#9612 = B_SPLINE_CURVE_WITH_KNOTS('',2,(#9613,#9614,#9615),
  .UNSPECIFIED.,.F.,.F.,(3,3),(0.,1.),.PIECEWISE_BEZIER_KNOTS.);
#9613 = CARTESIAN_POINT('',(1.484375,-4.638671875E-02));
#9614 = CARTESIAN_POINT('',(1.10029296875,-4.638671875E-02));
#9615 = CARTESIAN_POINT('',(0.7978515625,0.13916015625));
#9616 = ( GEOMETRIC_REPRESENTATION_CONTEXT(2) 
PARAMETRIC_REPRESENTATION_CONTEXT() REPRESENTATION_CONTEXT('2D SPACE',''
  ) );
#9617 = ORIENTED_EDGE('',*,*,#9476,.F.);
#9618 = ADVANCED_FACE('',(#9619),#4190,.T.);
#9619 = FACE_BOUND('',#9620,.T.);
#9620 = EDGE_LOOP('',(#9621,#9622,#9623,#9646));
#9621 = ORIENTED_EDGE('',*,*,#4160,.T.);
#9622 = ORIENTED_EDGE('',*,*,#9549,.T.);
#9623 = ORIENTED_EDGE('',*,*,#9624,.T.);
#9624 = EDGE_CURVE('',#9527,#9625,#9627,.T.);
#9625 = VERTEX_POINT('',#9626);
#9626 = CARTESIAN_POINT('',(-1.225537109375,-17.44887695312,2.6));
#9627 = SURFACE_CURVE('',#9628,(#9632,#9639),.PCURVE_S1.);
#9628 = B_SPLINE_CURVE_WITH_KNOTS('',2,(#9629,#9630,#9631),
  .UNSPECIFIED.,.F.,.F.,(3,3),(0.,1.),.PIECEWISE_BEZIER_KNOTS.);
#9629 = CARTESIAN_POINT('',(-1.3841796875,-16.71875,2.6));
#9630 = CARTESIAN_POINT('',(-1.225537109375,-17.04067382812,2.6));
#9631 = CARTESIAN_POINT('',(-1.225537109375,-17.44887695312,2.6));
#9632 = PCURVE('',#4190,#9633);
#9633 = DEFINITIONAL_REPRESENTATION('',(#9634),#9638);
#9634 = LINE('',#9635,#9636);
#9635 = CARTESIAN_POINT('',(0.,-0.7));
#9636 = VECTOR('',#9637,1.);
#9637 = DIRECTION('',(1.,0.));
#9638 = ( GEOMETRIC_REPRESENTATION_CONTEXT(2) 
PARAMETRIC_REPRESENTATION_CONTEXT() REPRESENTATION_CONTEXT('2D SPACE',''
  ) );
#9639 = PCURVE('',#9292,#9640);
#9640 = DEFINITIONAL_REPRESENTATION('',(#9641),#9645);
#9641 = B_SPLINE_CURVE_WITH_KNOTS('',2,(#9642,#9643,#9644),
  .UNSPECIFIED.,.F.,.F.,(3,3),(0.,1.),.PIECEWISE_BEZIER_KNOTS.);
#9642 = CARTESIAN_POINT('',(2.626416015625,2.086474609375));
#9643 = CARTESIAN_POINT('',(2.78505859375,1.76455078125));
#9644 = CARTESIAN_POINT('',(2.78505859375,1.35634765625));
#9645 = ( GEOMETRIC_REPRESENTATION_CONTEXT(2) 
PARAMETRIC_REPRESENTATION_CONTEXT() REPRESENTATION_CONTEXT('2D SPACE',''
  ) );
#9646 = ORIENTED_EDGE('',*,*,#9647,.F.);
#9647 = EDGE_CURVE('',#4161,#9625,#9648,.T.);
#9648 = SURFACE_CURVE('',#9649,(#9653,#9660),.PCURVE_S1.);
#9649 = LINE('',#9650,#9651);
#9650 = CARTESIAN_POINT('',(-1.225537109375,-17.44887695312,1.9));
#9651 = VECTOR('',#9652,1.);
#9652 = DIRECTION('',(0.,0.,1.));
#9653 = PCURVE('',#4190,#9654);
#9654 = DEFINITIONAL_REPRESENTATION('',(#9655),#9659);
#9655 = LINE('',#9656,#9657);
#9656 = CARTESIAN_POINT('',(1.,0.));
#9657 = VECTOR('',#9658,1.);
#9658 = DIRECTION('',(0.,-1.));
#9659 = ( GEOMETRIC_REPRESENTATION_CONTEXT(2) 
PARAMETRIC_REPRESENTATION_CONTEXT() REPRESENTATION_CONTEXT('2D SPACE',''
  ) );
#9660 = PCURVE('',#4241,#9661);
#9661 = DEFINITIONAL_REPRESENTATION('',(#9662),#9666);
#9662 = LINE('',#9663,#9664);
#9663 = CARTESIAN_POINT('',(0.,0.));
#9664 = VECTOR('',#9665,1.);
#9665 = DIRECTION('',(0.,-1.));
#9666 = ( GEOMETRIC_REPRESENTATION_CONTEXT(2) 
PARAMETRIC_REPRESENTATION_CONTEXT() REPRESENTATION_CONTEXT('2D SPACE',''
  ) );
#9667 = ADVANCED_FACE('',(#9668),#4343,.T.);
#9668 = FACE_BOUND('',#9669,.T.);
#9669 = EDGE_LOOP('',(#9670,#9671,#9694,#9715));
#9670 = ORIENTED_EDGE('',*,*,#4313,.T.);
#9671 = ORIENTED_EDGE('',*,*,#9672,.T.);
#9672 = EDGE_CURVE('',#4263,#9673,#9675,.T.);
#9673 = VERTEX_POINT('',#9674);
#9674 = CARTESIAN_POINT('',(-1.865673828125,-18.68369140625,2.6));
#9675 = SURFACE_CURVE('',#9676,(#9680,#9687),.PCURVE_S1.);
#9676 = LINE('',#9677,#9678);
#9677 = CARTESIAN_POINT('',(-1.865673828125,-18.68369140625,1.9));
#9678 = VECTOR('',#9679,1.);
#9679 = DIRECTION('',(0.,0.,1.));
#9680 = PCURVE('',#4343,#9681);
#9681 = DEFINITIONAL_REPRESENTATION('',(#9682),#9686);
#9682 = LINE('',#9683,#9684);
#9683 = CARTESIAN_POINT('',(0.,0.));
#9684 = VECTOR('',#9685,1.);
#9685 = DIRECTION('',(0.,-1.));
#9686 = ( GEOMETRIC_REPRESENTATION_CONTEXT(2) 
PARAMETRIC_REPRESENTATION_CONTEXT() REPRESENTATION_CONTEXT('2D SPACE',''
  ) );
#9687 = PCURVE('',#4292,#9688);
#9688 = DEFINITIONAL_REPRESENTATION('',(#9689),#9693);
#9689 = LINE('',#9690,#9691);
#9690 = CARTESIAN_POINT('',(1.,0.));
#9691 = VECTOR('',#9692,1.);
#9692 = DIRECTION('',(0.,-1.));
#9693 = ( GEOMETRIC_REPRESENTATION_CONTEXT(2) 
PARAMETRIC_REPRESENTATION_CONTEXT() REPRESENTATION_CONTEXT('2D SPACE',''
  ) );
#9694 = ORIENTED_EDGE('',*,*,#9695,.T.);
#9695 = EDGE_CURVE('',#9673,#9575,#9696,.T.);
#9696 = SURFACE_CURVE('',#9697,(#9701,#9708),.PCURVE_S1.);
#9697 = B_SPLINE_CURVE_WITH_KNOTS('',2,(#9698,#9699,#9700),
  .UNSPECIFIED.,.F.,.F.,(3,3),(0.,1.),.PIECEWISE_BEZIER_KNOTS.);
#9698 = CARTESIAN_POINT('',(-1.865673828125,-18.68369140625,2.6));
#9699 = CARTESIAN_POINT('',(-2.171826171875,-18.85161132812,2.6));
#9700 = CARTESIAN_POINT('',(-2.526220703125,-18.85161132812,2.6));
#9701 = PCURVE('',#4343,#9702);
#9702 = DEFINITIONAL_REPRESENTATION('',(#9703),#9707);
#9703 = LINE('',#9704,#9705);
#9704 = CARTESIAN_POINT('',(0.,-0.7));
#9705 = VECTOR('',#9706,1.);
#9706 = DIRECTION('',(1.,0.));
#9707 = ( GEOMETRIC_REPRESENTATION_CONTEXT(2) 
PARAMETRIC_REPRESENTATION_CONTEXT() REPRESENTATION_CONTEXT('2D SPACE',''
  ) );
#9708 = PCURVE('',#9292,#9709);
#9709 = DEFINITIONAL_REPRESENTATION('',(#9710),#9714);
#9710 = B_SPLINE_CURVE_WITH_KNOTS('',2,(#9711,#9712,#9713),
  .UNSPECIFIED.,.F.,.F.,(3,3),(0.,1.),.PIECEWISE_BEZIER_KNOTS.);
#9711 = CARTESIAN_POINT('',(2.144921875,0.121533203125));
#9712 = CARTESIAN_POINT('',(1.83876953125,-4.638671875E-02));
#9713 = CARTESIAN_POINT('',(1.484375,-4.638671875E-02));
#9714 = ( GEOMETRIC_REPRESENTATION_CONTEXT(2) 
PARAMETRIC_REPRESENTATION_CONTEXT() REPRESENTATION_CONTEXT('2D SPACE',''
  ) );
#9715 = ORIENTED_EDGE('',*,*,#9574,.F.);
#9716 = ADVANCED_FACE('',(#9717),#4241,.T.);
#9717 = FACE_BOUND('',#9718,.T.);
#9718 = EDGE_LOOP('',(#9719,#9720,#9721,#9744));
#9719 = ORIENTED_EDGE('',*,*,#4211,.T.);
#9720 = ORIENTED_EDGE('',*,*,#9647,.T.);
#9721 = ORIENTED_EDGE('',*,*,#9722,.T.);
#9722 = EDGE_CURVE('',#9625,#9723,#9725,.T.);
#9723 = VERTEX_POINT('',#9724);
#9724 = CARTESIAN_POINT('',(-1.392529296875,-18.18920898437,2.6));
#9725 = SURFACE_CURVE('',#9726,(#9730,#9737),.PCURVE_S1.);
#9726 = B_SPLINE_CURVE_WITH_KNOTS('',2,(#9727,#9728,#9729),
  .UNSPECIFIED.,.F.,.F.,(3,3),(0.,1.),.PIECEWISE_BEZIER_KNOTS.);
#9727 = CARTESIAN_POINT('',(-1.225537109375,-17.44887695312,2.6));
#9728 = CARTESIAN_POINT('',(-1.225537109375,-17.86264648437,2.6));
#9729 = CARTESIAN_POINT('',(-1.392529296875,-18.18920898437,2.6));
#9730 = PCURVE('',#4241,#9731);
#9731 = DEFINITIONAL_REPRESENTATION('',(#9732),#9736);
#9732 = LINE('',#9733,#9734);
#9733 = CARTESIAN_POINT('',(0.,-0.7));
#9734 = VECTOR('',#9735,1.);
#9735 = DIRECTION('',(1.,0.));
#9736 = ( GEOMETRIC_REPRESENTATION_CONTEXT(2) 
PARAMETRIC_REPRESENTATION_CONTEXT() REPRESENTATION_CONTEXT('2D SPACE',''
  ) );
#9737 = PCURVE('',#9292,#9738);
#9738 = DEFINITIONAL_REPRESENTATION('',(#9739),#9743);
#9739 = B_SPLINE_CURVE_WITH_KNOTS('',2,(#9740,#9741,#9742),
  .UNSPECIFIED.,.F.,.F.,(3,3),(0.,1.),.PIECEWISE_BEZIER_KNOTS.);
#9740 = CARTESIAN_POINT('',(2.78505859375,1.35634765625));
#9741 = CARTESIAN_POINT('',(2.78505859375,0.942578125));
#9742 = CARTESIAN_POINT('',(2.61806640625,0.616015625));
#9743 = ( GEOMETRIC_REPRESENTATION_CONTEXT(2) 
PARAMETRIC_REPRESENTATION_CONTEXT() REPRESENTATION_CONTEXT('2D SPACE',''
  ) );
#9744 = ORIENTED_EDGE('',*,*,#9745,.F.);
#9745 = EDGE_CURVE('',#4212,#9723,#9746,.T.);
#9746 = SURFACE_CURVE('',#9747,(#9751,#9758),.PCURVE_S1.);
#9747 = LINE('',#9748,#9749);
#9748 = CARTESIAN_POINT('',(-1.392529296875,-18.18920898437,1.9));
#9749 = VECTOR('',#9750,1.);
#9750 = DIRECTION('',(0.,0.,1.));
#9751 = PCURVE('',#4241,#9752);
#9752 = DEFINITIONAL_REPRESENTATION('',(#9753),#9757);
#9753 = LINE('',#9754,#9755);
#9754 = CARTESIAN_POINT('',(1.,0.));
#9755 = VECTOR('',#9756,1.);
#9756 = DIRECTION('',(0.,-1.));
#9757 = ( GEOMETRIC_REPRESENTATION_CONTEXT(2) 
PARAMETRIC_REPRESENTATION_CONTEXT() REPRESENTATION_CONTEXT('2D SPACE',''
  ) );
#9758 = PCURVE('',#4292,#9759);
#9759 = DEFINITIONAL_REPRESENTATION('',(#9760),#9764);
#9760 = LINE('',#9761,#9762);
#9761 = CARTESIAN_POINT('',(0.,0.));
#9762 = VECTOR('',#9763,1.);
#9763 = DIRECTION('',(0.,-1.));
#9764 = ( GEOMETRIC_REPRESENTATION_CONTEXT(2) 
PARAMETRIC_REPRESENTATION_CONTEXT() REPRESENTATION_CONTEXT('2D SPACE',''
  ) );
#9765 = ADVANCED_FACE('',(#9766),#4292,.T.);
#9766 = FACE_BOUND('',#9767,.T.);
#9767 = EDGE_LOOP('',(#9768,#9769,#9770,#9791));
#9768 = ORIENTED_EDGE('',*,*,#4262,.T.);
#9769 = ORIENTED_EDGE('',*,*,#9745,.T.);
#9770 = ORIENTED_EDGE('',*,*,#9771,.T.);
#9771 = EDGE_CURVE('',#9723,#9673,#9772,.T.);
#9772 = SURFACE_CURVE('',#9773,(#9777,#9784),.PCURVE_S1.);
#9773 = B_SPLINE_CURVE_WITH_KNOTS('',2,(#9774,#9775,#9776),
  .UNSPECIFIED.,.F.,.F.,(3,3),(0.,1.),.PIECEWISE_BEZIER_KNOTS.);
#9774 = CARTESIAN_POINT('',(-1.392529296875,-18.18920898437,2.6));
#9775 = CARTESIAN_POINT('',(-1.559521484375,-18.51577148437,2.6));
#9776 = CARTESIAN_POINT('',(-1.865673828125,-18.68369140625,2.6));
#9777 = PCURVE('',#4292,#9778);
#9778 = DEFINITIONAL_REPRESENTATION('',(#9779),#9783);
#9779 = LINE('',#9780,#9781);
#9780 = CARTESIAN_POINT('',(0.,-0.7));
#9781 = VECTOR('',#9782,1.);
#9782 = DIRECTION('',(1.,0.));
#9783 = ( GEOMETRIC_REPRESENTATION_CONTEXT(2) 
PARAMETRIC_REPRESENTATION_CONTEXT() REPRESENTATION_CONTEXT('2D SPACE',''
  ) );
#9784 = PCURVE('',#9292,#9785);
#9785 = DEFINITIONAL_REPRESENTATION('',(#9786),#9790);
#9786 = B_SPLINE_CURVE_WITH_KNOTS('',2,(#9787,#9788,#9789),
  .UNSPECIFIED.,.F.,.F.,(3,3),(0.,1.),.PIECEWISE_BEZIER_KNOTS.);
#9787 = CARTESIAN_POINT('',(2.61806640625,0.616015625));
#9788 = CARTESIAN_POINT('',(2.45107421875,0.289453125));
#9789 = CARTESIAN_POINT('',(2.144921875,0.121533203125));
#9790 = ( GEOMETRIC_REPRESENTATION_CONTEXT(2) 
PARAMETRIC_REPRESENTATION_CONTEXT() REPRESENTATION_CONTEXT('2D SPACE',''
  ) );
#9791 = ORIENTED_EDGE('',*,*,#9672,.F.);
#9792 = ADVANCED_FACE('',(#9793),#4535,.T.);
#9793 = FACE_BOUND('',#9794,.T.);
#9794 = EDGE_LOOP('',(#9795,#9796,#9819,#9847));
#9795 = ORIENTED_EDGE('',*,*,#4517,.T.);
#9796 = ORIENTED_EDGE('',*,*,#9797,.T.);
#9797 = EDGE_CURVE('',#4520,#9798,#9800,.T.);
#9798 = VERTEX_POINT('',#9799);
#9799 = CARTESIAN_POINT('',(1.023291015625,-17.65483398437,2.6));
#9800 = SURFACE_CURVE('',#9801,(#9805,#9812),.PCURVE_S1.);
#9801 = LINE('',#9802,#9803);
#9802 = CARTESIAN_POINT('',(1.023291015625,-17.65483398437,1.9));
#9803 = VECTOR('',#9804,1.);
#9804 = DIRECTION('',(0.,0.,1.));
#9805 = PCURVE('',#4535,#9806);
#9806 = DEFINITIONAL_REPRESENTATION('',(#9807),#9811);
#9807 = LINE('',#9808,#9809);
#9808 = CARTESIAN_POINT('',(0.,0.));
#9809 = VECTOR('',#9810,1.);
#9810 = DIRECTION('',(0.,-1.));
#9811 = ( GEOMETRIC_REPRESENTATION_CONTEXT(2) 
PARAMETRIC_REPRESENTATION_CONTEXT() REPRESENTATION_CONTEXT('2D SPACE',''
  ) );
#9812 = PCURVE('',#5169,#9813);
#9813 = DEFINITIONAL_REPRESENTATION('',(#9814),#9818);
#9814 = LINE('',#9815,#9816);
#9815 = CARTESIAN_POINT('',(1.,0.));
#9816 = VECTOR('',#9817,1.);
#9817 = DIRECTION('',(0.,-1.));
#9818 = ( GEOMETRIC_REPRESENTATION_CONTEXT(2) 
PARAMETRIC_REPRESENTATION_CONTEXT() REPRESENTATION_CONTEXT('2D SPACE',''
  ) );
#9819 = ORIENTED_EDGE('',*,*,#9820,.T.);
#9820 = EDGE_CURVE('',#9798,#9821,#9823,.T.);
#9821 = VERTEX_POINT('',#9822);
#9822 = CARTESIAN_POINT('',(1.023291015625,-16.08510742187,2.6));
#9823 = SURFACE_CURVE('',#9824,(#9828,#9835),.PCURVE_S1.);
#9824 = LINE('',#9825,#9826);
#9825 = CARTESIAN_POINT('',(1.023291015625,-17.65483398437,2.6));
#9826 = VECTOR('',#9827,1.);
#9827 = DIRECTION('',(0.,1.,0.));
#9828 = PCURVE('',#4535,#9829);
#9829 = DEFINITIONAL_REPRESENTATION('',(#9830),#9834);
#9830 = LINE('',#9831,#9832);
#9831 = CARTESIAN_POINT('',(0.,-0.7));
#9832 = VECTOR('',#9833,1.);
#9833 = DIRECTION('',(1.,0.));
#9834 = ( GEOMETRIC_REPRESENTATION_CONTEXT(2) 
PARAMETRIC_REPRESENTATION_CONTEXT() REPRESENTATION_CONTEXT('2D SPACE',''
  ) );
#9835 = PCURVE('',#9836,#9841);
#9836 = PLANE('',#9837);
#9837 = AXIS2_PLACEMENT_3D('',#9838,#9839,#9840);
#9838 = CARTESIAN_POINT('',(-1.054833984375,-18.80522460937,2.6));
#9839 = DIRECTION('',(0.,0.,1.));
#9840 = DIRECTION('',(1.,0.,0.));
#9841 = DEFINITIONAL_REPRESENTATION('',(#9842),#9846);
#9842 = LINE('',#9843,#9844);
#9843 = CARTESIAN_POINT('',(2.078125,1.150390625));
#9844 = VECTOR('',#9845,1.);
#9845 = DIRECTION('',(0.,1.));
#9846 = ( GEOMETRIC_REPRESENTATION_CONTEXT(2) 
PARAMETRIC_REPRESENTATION_CONTEXT() REPRESENTATION_CONTEXT('2D SPACE',''
  ) );
#9847 = ORIENTED_EDGE('',*,*,#9848,.F.);
#9848 = EDGE_CURVE('',#4518,#9821,#9849,.T.);
#9849 = SURFACE_CURVE('',#9850,(#9854,#9861),.PCURVE_S1.);
#9850 = LINE('',#9851,#9852);
#9851 = CARTESIAN_POINT('',(1.023291015625,-16.08510742187,1.9));
#9852 = VECTOR('',#9853,1.);
#9853 = DIRECTION('',(0.,0.,1.));
#9854 = PCURVE('',#4535,#9855);
#9855 = DEFINITIONAL_REPRESENTATION('',(#9856),#9860);
#9856 = LINE('',#9857,#9858);
#9857 = CARTESIAN_POINT('',(1.5697265625,0.));
#9858 = VECTOR('',#9859,1.);
#9859 = DIRECTION('',(0.,-1.));
#9860 = ( GEOMETRIC_REPRESENTATION_CONTEXT(2) 
PARAMETRIC_REPRESENTATION_CONTEXT() REPRESENTATION_CONTEXT('2D SPACE',''
  ) );
#9861 = PCURVE('',#4562,#9862);
#9862 = DEFINITIONAL_REPRESENTATION('',(#9863),#9867);
#9863 = LINE('',#9864,#9865);
#9864 = CARTESIAN_POINT('',(0.,0.));
#9865 = VECTOR('',#9866,1.);
#9866 = DIRECTION('',(0.,-1.));
#9867 = ( GEOMETRIC_REPRESENTATION_CONTEXT(2) 
PARAMETRIC_REPRESENTATION_CONTEXT() REPRESENTATION_CONTEXT('2D SPACE',''
  ) );
#9868 = ADVANCED_FACE('',(#9869),#4562,.T.);
#9869 = FACE_BOUND('',#9870,.T.);
#9870 = EDGE_LOOP('',(#9871,#9872,#9873,#9896));
#9871 = ORIENTED_EDGE('',*,*,#4546,.T.);
#9872 = ORIENTED_EDGE('',*,*,#9848,.T.);
#9873 = ORIENTED_EDGE('',*,*,#9874,.T.);
#9874 = EDGE_CURVE('',#9821,#9875,#9877,.T.);
#9875 = VERTEX_POINT('',#9876);
#9876 = CARTESIAN_POINT('',(1.383251953125,-16.08510742187,2.6));
#9877 = SURFACE_CURVE('',#9878,(#9882,#9889),.PCURVE_S1.);
#9878 = LINE('',#9879,#9880);
#9879 = CARTESIAN_POINT('',(1.023291015625,-16.08510742187,2.6));
#9880 = VECTOR('',#9881,1.);
#9881 = DIRECTION('',(1.,0.,0.));
#9882 = PCURVE('',#4562,#9883);
#9883 = DEFINITIONAL_REPRESENTATION('',(#9884),#9888);
#9884 = LINE('',#9885,#9886);
#9885 = CARTESIAN_POINT('',(0.,-0.7));
#9886 = VECTOR('',#9887,1.);
#9887 = DIRECTION('',(1.,0.));
#9888 = ( GEOMETRIC_REPRESENTATION_CONTEXT(2) 
PARAMETRIC_REPRESENTATION_CONTEXT() REPRESENTATION_CONTEXT('2D SPACE',''
  ) );
#9889 = PCURVE('',#9836,#9890);
#9890 = DEFINITIONAL_REPRESENTATION('',(#9891),#9895);
#9891 = LINE('',#9892,#9893);
#9892 = CARTESIAN_POINT('',(2.078125,2.7201171875));
#9893 = VECTOR('',#9894,1.);
#9894 = DIRECTION('',(1.,0.));
#9895 = ( GEOMETRIC_REPRESENTATION_CONTEXT(2) 
PARAMETRIC_REPRESENTATION_CONTEXT() REPRESENTATION_CONTEXT('2D SPACE',''
  ) );
#9896 = ORIENTED_EDGE('',*,*,#9897,.F.);
#9897 = EDGE_CURVE('',#4547,#9875,#9898,.T.);
#9898 = SURFACE_CURVE('',#9899,(#9903,#9910),.PCURVE_S1.);
#9899 = LINE('',#9900,#9901);
#9900 = CARTESIAN_POINT('',(1.383251953125,-16.08510742187,1.9));
#9901 = VECTOR('',#9902,1.);
#9902 = DIRECTION('',(0.,0.,1.));
#9903 = PCURVE('',#4562,#9904);
#9904 = DEFINITIONAL_REPRESENTATION('',(#9905),#9909);
#9905 = LINE('',#9906,#9907);
#9906 = CARTESIAN_POINT('',(0.3599609375,0.));
#9907 = VECTOR('',#9908,1.);
#9908 = DIRECTION('',(0.,-1.));
#9909 = ( GEOMETRIC_REPRESENTATION_CONTEXT(2) 
PARAMETRIC_REPRESENTATION_CONTEXT() REPRESENTATION_CONTEXT('2D SPACE',''
  ) );
#9910 = PCURVE('',#4589,#9911);
#9911 = DEFINITIONAL_REPRESENTATION('',(#9912),#9916);
#9912 = LINE('',#9913,#9914);
#9913 = CARTESIAN_POINT('',(0.,0.));
#9914 = VECTOR('',#9915,1.);
#9915 = DIRECTION('',(0.,-1.));
#9916 = ( GEOMETRIC_REPRESENTATION_CONTEXT(2) 
PARAMETRIC_REPRESENTATION_CONTEXT() REPRESENTATION_CONTEXT('2D SPACE',''
  ) );
#9917 = ADVANCED_FACE('',(#9918),#5169,.T.);
#9918 = FACE_BOUND('',#9919,.T.);
#9919 = EDGE_LOOP('',(#9920,#9921,#9944,#9965));
#9920 = ORIENTED_EDGE('',*,*,#5137,.T.);
#9921 = ORIENTED_EDGE('',*,*,#9922,.T.);
#9922 = EDGE_CURVE('',#5087,#9923,#9925,.T.);
#9923 = VERTEX_POINT('',#9924);
#9924 = CARTESIAN_POINT('',(0.854443359375,-18.34692382812,2.6));
#9925 = SURFACE_CURVE('',#9926,(#9930,#9937),.PCURVE_S1.);
#9926 = LINE('',#9927,#9928);
#9927 = CARTESIAN_POINT('',(0.854443359375,-18.34692382812,1.9));
#9928 = VECTOR('',#9929,1.);
#9929 = DIRECTION('',(0.,0.,1.));
#9930 = PCURVE('',#5169,#9931);
#9931 = DEFINITIONAL_REPRESENTATION('',(#9932),#9936);
#9932 = LINE('',#9933,#9934);
#9933 = CARTESIAN_POINT('',(0.,0.));
#9934 = VECTOR('',#9935,1.);
#9935 = DIRECTION('',(0.,-1.));
#9936 = ( GEOMETRIC_REPRESENTATION_CONTEXT(2) 
PARAMETRIC_REPRESENTATION_CONTEXT() REPRESENTATION_CONTEXT('2D SPACE',''
  ) );
#9937 = PCURVE('',#5116,#9938);
#9938 = DEFINITIONAL_REPRESENTATION('',(#9939),#9943);
#9939 = LINE('',#9940,#9941);
#9940 = CARTESIAN_POINT('',(1.,0.));
#9941 = VECTOR('',#9942,1.);
#9942 = DIRECTION('',(0.,-1.));
#9943 = ( GEOMETRIC_REPRESENTATION_CONTEXT(2) 
PARAMETRIC_REPRESENTATION_CONTEXT() REPRESENTATION_CONTEXT('2D SPACE',''
  ) );
#9944 = ORIENTED_EDGE('',*,*,#9945,.T.);
#9945 = EDGE_CURVE('',#9923,#9798,#9946,.T.);
#9946 = SURFACE_CURVE('',#9947,(#9951,#9958),.PCURVE_S1.);
#9947 = B_SPLINE_CURVE_WITH_KNOTS('',2,(#9948,#9949,#9950),
  .UNSPECIFIED.,.F.,.F.,(3,3),(0.,1.),.PIECEWISE_BEZIER_KNOTS.);
#9948 = CARTESIAN_POINT('',(0.854443359375,-18.34692382812,2.6));
#9949 = CARTESIAN_POINT('',(1.023291015625,-18.16694335937,2.6));
#9950 = CARTESIAN_POINT('',(1.023291015625,-17.65483398437,2.6));
#9951 = PCURVE('',#5169,#9952);
#9952 = DEFINITIONAL_REPRESENTATION('',(#9953),#9957);
#9953 = LINE('',#9954,#9955);
#9954 = CARTESIAN_POINT('',(0.,-0.7));
#9955 = VECTOR('',#9956,1.);
#9956 = DIRECTION('',(1.,0.));
#9957 = ( GEOMETRIC_REPRESENTATION_CONTEXT(2) 
PARAMETRIC_REPRESENTATION_CONTEXT() REPRESENTATION_CONTEXT('2D SPACE',''
  ) );
#9958 = PCURVE('',#9836,#9959);
#9959 = DEFINITIONAL_REPRESENTATION('',(#9960),#9964);
#9960 = B_SPLINE_CURVE_WITH_KNOTS('',2,(#9961,#9962,#9963),
  .UNSPECIFIED.,.F.,.F.,(3,3),(0.,1.),.PIECEWISE_BEZIER_KNOTS.);
#9961 = CARTESIAN_POINT('',(1.90927734375,0.45830078125));
#9962 = CARTESIAN_POINT('',(2.078125,0.63828125));
#9963 = CARTESIAN_POINT('',(2.078125,1.150390625));
#9964 = ( GEOMETRIC_REPRESENTATION_CONTEXT(2) 
PARAMETRIC_REPRESENTATION_CONTEXT() REPRESENTATION_CONTEXT('2D SPACE',''
  ) );
#9965 = ORIENTED_EDGE('',*,*,#9797,.F.);
#9966 = ADVANCED_FACE('',(#9967),#4589,.T.);
#9967 = FACE_BOUND('',#9968,.T.);
#9968 = EDGE_LOOP('',(#9969,#9970,#9971,#9994));
#9969 = ORIENTED_EDGE('',*,*,#4573,.T.);
#9970 = ORIENTED_EDGE('',*,*,#9897,.T.);
#9971 = ORIENTED_EDGE('',*,*,#9972,.T.);
#9972 = EDGE_CURVE('',#9875,#9973,#9975,.T.);
#9973 = VERTEX_POINT('',#9974);
#9974 = CARTESIAN_POINT('',(1.383251953125,-17.65668945312,2.6));
#9975 = SURFACE_CURVE('',#9976,(#9980,#9987),.PCURVE_S1.);
#9976 = LINE('',#9977,#9978);
#9977 = CARTESIAN_POINT('',(1.383251953125,-16.08510742187,2.6));
#9978 = VECTOR('',#9979,1.);
#9979 = DIRECTION('',(0.,-1.,0.));
#9980 = PCURVE('',#4589,#9981);
#9981 = DEFINITIONAL_REPRESENTATION('',(#9982),#9986);
#9982 = LINE('',#9983,#9984);
#9983 = CARTESIAN_POINT('',(0.,-0.7));
#9984 = VECTOR('',#9985,1.);
#9985 = DIRECTION('',(1.,0.));
#9986 = ( GEOMETRIC_REPRESENTATION_CONTEXT(2) 
PARAMETRIC_REPRESENTATION_CONTEXT() REPRESENTATION_CONTEXT('2D SPACE',''
  ) );
#9987 = PCURVE('',#9836,#9988);
#9988 = DEFINITIONAL_REPRESENTATION('',(#9989),#9993);
#9989 = LINE('',#9990,#9991);
#9990 = CARTESIAN_POINT('',(2.4380859375,2.7201171875));
#9991 = VECTOR('',#9992,1.);
#9992 = DIRECTION('',(0.,-1.));
#9993 = ( GEOMETRIC_REPRESENTATION_CONTEXT(2) 
PARAMETRIC_REPRESENTATION_CONTEXT() REPRESENTATION_CONTEXT('2D SPACE',''
  ) );
#9994 = ORIENTED_EDGE('',*,*,#9995,.F.);
#9995 = EDGE_CURVE('',#4574,#9973,#9996,.T.);
#9996 = SURFACE_CURVE('',#9997,(#10001,#10008),.PCURVE_S1.);
#9997 = LINE('',#9998,#9999);
#9998 = CARTESIAN_POINT('',(1.383251953125,-17.65668945312,1.9));
#9999 = VECTOR('',#10000,1.);
#10000 = DIRECTION('',(0.,0.,1.));
#10001 = PCURVE('',#4589,#10002);
#10002 = DEFINITIONAL_REPRESENTATION('',(#10003),#10007);
#10003 = LINE('',#10004,#10005);
#10004 = CARTESIAN_POINT('',(1.57158203125,0.));
#10005 = VECTOR('',#10006,1.);
#10006 = DIRECTION('',(0.,-1.));
#10007 = ( GEOMETRIC_REPRESENTATION_CONTEXT(2) 
PARAMETRIC_REPRESENTATION_CONTEXT() REPRESENTATION_CONTEXT('2D SPACE',''
  ) );
#10008 = PCURVE('',#4624,#10009);
#10009 = DEFINITIONAL_REPRESENTATION('',(#10010),#10014);
#10010 = LINE('',#10011,#10012);
#10011 = CARTESIAN_POINT('',(0.,0.));
#10012 = VECTOR('',#10013,1.);
#10013 = DIRECTION('',(0.,-1.));
#10014 = ( GEOMETRIC_REPRESENTATION_CONTEXT(2) 
PARAMETRIC_REPRESENTATION_CONTEXT() REPRESENTATION_CONTEXT('2D SPACE',''
  ) );
#10015 = ADVANCED_FACE('',(#10016),#5116,.T.);
#10016 = FACE_BOUND('',#10017,.T.);
#10017 = EDGE_LOOP('',(#10018,#10019,#10042,#10063));
#10018 = ORIENTED_EDGE('',*,*,#5086,.T.);
#10019 = ORIENTED_EDGE('',*,*,#10020,.T.);
#10020 = EDGE_CURVE('',#5048,#10021,#10023,.T.);
#10021 = VERTEX_POINT('',#10022);
#10022 = CARTESIAN_POINT('',(0.288525390625,-18.52690429687,2.6));
#10023 = SURFACE_CURVE('',#10024,(#10028,#10035),.PCURVE_S1.);
#10024 = LINE('',#10025,#10026);
#10025 = CARTESIAN_POINT('',(0.288525390625,-18.52690429687,1.9));
#10026 = VECTOR('',#10027,1.);
#10027 = DIRECTION('',(0.,0.,1.));
#10028 = PCURVE('',#5116,#10029);
#10029 = DEFINITIONAL_REPRESENTATION('',(#10030),#10034);
#10030 = LINE('',#10031,#10032);
#10031 = CARTESIAN_POINT('',(0.,0.));
#10032 = VECTOR('',#10033,1.);
#10033 = DIRECTION('',(0.,-1.));
#10034 = ( GEOMETRIC_REPRESENTATION_CONTEXT(2) 
PARAMETRIC_REPRESENTATION_CONTEXT() REPRESENTATION_CONTEXT('2D SPACE',''
  ) );
#10035 = PCURVE('',#5069,#10036);
#10036 = DEFINITIONAL_REPRESENTATION('',(#10037),#10041);
#10037 = LINE('',#10038,#10039);
#10038 = CARTESIAN_POINT('',(1.,0.));
#10039 = VECTOR('',#10040,1.);
#10040 = DIRECTION('',(0.,-1.));
#10041 = ( GEOMETRIC_REPRESENTATION_CONTEXT(2) 
PARAMETRIC_REPRESENTATION_CONTEXT() REPRESENTATION_CONTEXT('2D SPACE',''
  ) );
#10042 = ORIENTED_EDGE('',*,*,#10043,.T.);
#10043 = EDGE_CURVE('',#10021,#9923,#10044,.T.);
#10044 = SURFACE_CURVE('',#10045,(#10049,#10056),.PCURVE_S1.);
#10045 = B_SPLINE_CURVE_WITH_KNOTS('',2,(#10046,#10047,#10048),
  .UNSPECIFIED.,.F.,.F.,(3,3),(0.,1.),.PIECEWISE_BEZIER_KNOTS.);
#10046 = CARTESIAN_POINT('',(0.288525390625,-18.52690429687,2.6));
#10047 = CARTESIAN_POINT('',(0.685595703125,-18.52690429687,2.6));
#10048 = CARTESIAN_POINT('',(0.854443359375,-18.34692382812,2.6));
#10049 = PCURVE('',#5116,#10050);
#10050 = DEFINITIONAL_REPRESENTATION('',(#10051),#10055);
#10051 = LINE('',#10052,#10053);
#10052 = CARTESIAN_POINT('',(0.,-0.7));
#10053 = VECTOR('',#10054,1.);
#10054 = DIRECTION('',(1.,0.));
#10055 = ( GEOMETRIC_REPRESENTATION_CONTEXT(2) 
PARAMETRIC_REPRESENTATION_CONTEXT() REPRESENTATION_CONTEXT('2D SPACE',''
  ) );
#10056 = PCURVE('',#9836,#10057);
#10057 = DEFINITIONAL_REPRESENTATION('',(#10058),#10062);
#10058 = B_SPLINE_CURVE_WITH_KNOTS('',2,(#10059,#10060,#10061),
  .UNSPECIFIED.,.F.,.F.,(3,3),(0.,1.),.PIECEWISE_BEZIER_KNOTS.);
#10059 = CARTESIAN_POINT('',(1.343359375,0.2783203125));
#10060 = CARTESIAN_POINT('',(1.7404296875,0.2783203125));
#10061 = CARTESIAN_POINT('',(1.90927734375,0.45830078125));
#10062 = ( GEOMETRIC_REPRESENTATION_CONTEXT(2) 
PARAMETRIC_REPRESENTATION_CONTEXT() REPRESENTATION_CONTEXT('2D SPACE',''
  ) );
#10063 = ORIENTED_EDGE('',*,*,#9922,.F.);
#10064 = ADVANCED_FACE('',(#10065),#4624,.T.);
#10065 = FACE_BOUND('',#10066,.T.);
#10066 = EDGE_LOOP('',(#10067,#10068,#10069,#10092));
#10067 = ORIENTED_EDGE('',*,*,#4600,.T.);
#10068 = ORIENTED_EDGE('',*,*,#9995,.T.);
#10069 = ORIENTED_EDGE('',*,*,#10070,.T.);
#10070 = EDGE_CURVE('',#9973,#10071,#10073,.T.);
#10071 = VERTEX_POINT('',#10072);
#10072 = CARTESIAN_POINT('',(1.290478515625,-18.30795898437,2.6));
#10073 = SURFACE_CURVE('',#10074,(#10078,#10085),.PCURVE_S1.);
#10074 = B_SPLINE_CURVE_WITH_KNOTS('',2,(#10075,#10076,#10077),
  .UNSPECIFIED.,.F.,.F.,(3,3),(0.,1.),.PIECEWISE_BEZIER_KNOTS.);
#10075 = CARTESIAN_POINT('',(1.383251953125,-17.65668945312,2.6));
#10076 = CARTESIAN_POINT('',(1.383251953125,-18.06674804687,2.6));
#10077 = CARTESIAN_POINT('',(1.290478515625,-18.30795898437,2.6));
#10078 = PCURVE('',#4624,#10079);
#10079 = DEFINITIONAL_REPRESENTATION('',(#10080),#10084);
#10080 = LINE('',#10081,#10082);
#10081 = CARTESIAN_POINT('',(0.,-0.7));
#10082 = VECTOR('',#10083,1.);
#10083 = DIRECTION('',(1.,0.));
#10084 = ( GEOMETRIC_REPRESENTATION_CONTEXT(2) 
PARAMETRIC_REPRESENTATION_CONTEXT() REPRESENTATION_CONTEXT('2D SPACE',''
  ) );
#10085 = PCURVE('',#9836,#10086);
#10086 = DEFINITIONAL_REPRESENTATION('',(#10087),#10091);
#10087 = B_SPLINE_CURVE_WITH_KNOTS('',2,(#10088,#10089,#10090),
  .UNSPECIFIED.,.F.,.F.,(3,3),(0.,1.),.PIECEWISE_BEZIER_KNOTS.);
#10088 = CARTESIAN_POINT('',(2.4380859375,1.14853515625));
#10089 = CARTESIAN_POINT('',(2.4380859375,0.7384765625));
#10090 = CARTESIAN_POINT('',(2.3453125,0.497265625));
#10091 = ( GEOMETRIC_REPRESENTATION_CONTEXT(2) 
PARAMETRIC_REPRESENTATION_CONTEXT() REPRESENTATION_CONTEXT('2D SPACE',''
  ) );
#10092 = ORIENTED_EDGE('',*,*,#10093,.F.);
#10093 = EDGE_CURVE('',#4601,#10071,#10094,.T.);
#10094 = SURFACE_CURVE('',#10095,(#10099,#10106),.PCURVE_S1.);
#10095 = LINE('',#10096,#10097);
#10096 = CARTESIAN_POINT('',(1.290478515625,-18.30795898437,1.9));
#10097 = VECTOR('',#10098,1.);
#10098 = DIRECTION('',(0.,0.,1.));
#10099 = PCURVE('',#4624,#10100);
#10100 = DEFINITIONAL_REPRESENTATION('',(#10101),#10105);
#10101 = LINE('',#10102,#10103);
#10102 = CARTESIAN_POINT('',(1.,0.));
#10103 = VECTOR('',#10104,1.);
#10104 = DIRECTION('',(0.,-1.));
#10105 = ( GEOMETRIC_REPRESENTATION_CONTEXT(2) 
PARAMETRIC_REPRESENTATION_CONTEXT() REPRESENTATION_CONTEXT('2D SPACE',''
  ) );
#10106 = PCURVE('',#4672,#10107);
#10107 = DEFINITIONAL_REPRESENTATION('',(#10108),#10112);
#10108 = LINE('',#10109,#10110);
#10109 = CARTESIAN_POINT('',(0.,0.));
#10110 = VECTOR('',#10111,1.);
#10111 = DIRECTION('',(0.,-1.));
#10112 = ( GEOMETRIC_REPRESENTATION_CONTEXT(2) 
PARAMETRIC_REPRESENTATION_CONTEXT() REPRESENTATION_CONTEXT('2D SPACE',''
  ) );
#10113 = ADVANCED_FACE('',(#10114),#5069,.T.);
#10114 = FACE_BOUND('',#10115,.T.);
#10115 = EDGE_LOOP('',(#10116,#10117,#10140,#10161));
#10116 = ORIENTED_EDGE('',*,*,#5047,.T.);
#10117 = ORIENTED_EDGE('',*,*,#10118,.T.);
#10118 = EDGE_CURVE('',#5003,#10119,#10121,.T.);
#10119 = VERTEX_POINT('',#10120);
#10120 = CARTESIAN_POINT('',(-0.10390625,-18.43598632812,2.6));
#10121 = SURFACE_CURVE('',#10122,(#10126,#10133),.PCURVE_S1.);
#10122 = LINE('',#10123,#10124);
#10123 = CARTESIAN_POINT('',(-0.10390625,-18.43598632812,1.9));
#10124 = VECTOR('',#10125,1.);
#10125 = DIRECTION('',(0.,0.,1.));
#10126 = PCURVE('',#5069,#10127);
#10127 = DEFINITIONAL_REPRESENTATION('',(#10128),#10132);
#10128 = LINE('',#10129,#10130);
#10129 = CARTESIAN_POINT('',(0.,0.));
#10130 = VECTOR('',#10131,1.);
#10131 = DIRECTION('',(0.,-1.));
#10132 = ( GEOMETRIC_REPRESENTATION_CONTEXT(2) 
PARAMETRIC_REPRESENTATION_CONTEXT() REPRESENTATION_CONTEXT('2D SPACE',''
  ) );
#10133 = PCURVE('',#5028,#10134);
#10134 = DEFINITIONAL_REPRESENTATION('',(#10135),#10139);
#10135 = LINE('',#10136,#10137);
#10136 = CARTESIAN_POINT('',(1.,0.));
#10137 = VECTOR('',#10138,1.);
#10138 = DIRECTION('',(0.,-1.));
#10139 = ( GEOMETRIC_REPRESENTATION_CONTEXT(2) 
PARAMETRIC_REPRESENTATION_CONTEXT() REPRESENTATION_CONTEXT('2D SPACE',''
  ) );
#10140 = ORIENTED_EDGE('',*,*,#10141,.T.);
#10141 = EDGE_CURVE('',#10119,#10021,#10142,.T.);
#10142 = SURFACE_CURVE('',#10143,(#10147,#10154),.PCURVE_S1.);
#10143 = B_SPLINE_CURVE_WITH_KNOTS('',2,(#10144,#10145,#10146),
  .UNSPECIFIED.,.F.,.F.,(3,3),(0.,1.),.PIECEWISE_BEZIER_KNOTS.);
#10144 = CARTESIAN_POINT('',(-0.10390625,-18.43598632812,2.6));
#10145 = CARTESIAN_POINT('',(5.6591796875E-02,-18.52690429687,2.6));
#10146 = CARTESIAN_POINT('',(0.288525390625,-18.52690429687,2.6));
#10147 = PCURVE('',#5069,#10148);
#10148 = DEFINITIONAL_REPRESENTATION('',(#10149),#10153);
#10149 = LINE('',#10150,#10151);
#10150 = CARTESIAN_POINT('',(0.,-0.7));
#10151 = VECTOR('',#10152,1.);
#10152 = DIRECTION('',(1.,0.));
#10153 = ( GEOMETRIC_REPRESENTATION_CONTEXT(2) 
PARAMETRIC_REPRESENTATION_CONTEXT() REPRESENTATION_CONTEXT('2D SPACE',''
  ) );
#10154 = PCURVE('',#9836,#10155);
#10155 = DEFINITIONAL_REPRESENTATION('',(#10156),#10160);
#10156 = B_SPLINE_CURVE_WITH_KNOTS('',2,(#10157,#10158,#10159),
  .UNSPECIFIED.,.F.,.F.,(3,3),(0.,1.),.PIECEWISE_BEZIER_KNOTS.);
#10157 = CARTESIAN_POINT('',(0.950927734375,0.36923828125));
#10158 = CARTESIAN_POINT('',(1.11142578125,0.2783203125));
#10159 = CARTESIAN_POINT('',(1.343359375,0.2783203125));
#10160 = ( GEOMETRIC_REPRESENTATION_CONTEXT(2) 
PARAMETRIC_REPRESENTATION_CONTEXT() REPRESENTATION_CONTEXT('2D SPACE',''
  ) );
#10161 = ORIENTED_EDGE('',*,*,#10020,.F.);
#10162 = ADVANCED_FACE('',(#10163),#4672,.T.);
#10163 = FACE_BOUND('',#10164,.T.);
#10164 = EDGE_LOOP('',(#10165,#10166,#10167,#10190));
#10165 = ORIENTED_EDGE('',*,*,#4642,.T.);
#10166 = ORIENTED_EDGE('',*,*,#10093,.T.);
#10167 = ORIENTED_EDGE('',*,*,#10168,.T.);
#10168 = EDGE_CURVE('',#10071,#10169,#10171,.T.);
#10169 = VERTEX_POINT('',#10170);
#10170 = CARTESIAN_POINT('',(0.95556640625,-18.700390625,2.6));
#10171 = SURFACE_CURVE('',#10172,(#10176,#10183),.PCURVE_S1.);
#10172 = B_SPLINE_CURVE_WITH_KNOTS('',2,(#10173,#10174,#10175),
  .UNSPECIFIED.,.F.,.F.,(3,3),(0.,1.),.PIECEWISE_BEZIER_KNOTS.);
#10173 = CARTESIAN_POINT('',(1.290478515625,-18.30795898437,2.6));
#10174 = CARTESIAN_POINT('',(1.197705078125,-18.54916992187,2.6));
#10175 = CARTESIAN_POINT('',(0.95556640625,-18.700390625,2.6));
#10176 = PCURVE('',#4672,#10177);
#10177 = DEFINITIONAL_REPRESENTATION('',(#10178),#10182);
#10178 = LINE('',#10179,#10180);
#10179 = CARTESIAN_POINT('',(0.,-0.7));
#10180 = VECTOR('',#10181,1.);
#10181 = DIRECTION('',(1.,0.));
#10182 = ( GEOMETRIC_REPRESENTATION_CONTEXT(2) 
PARAMETRIC_REPRESENTATION_CONTEXT() REPRESENTATION_CONTEXT('2D SPACE',''
  ) );
#10183 = PCURVE('',#9836,#10184);
#10184 = DEFINITIONAL_REPRESENTATION('',(#10185),#10189);
#10185 = B_SPLINE_CURVE_WITH_KNOTS('',2,(#10186,#10187,#10188),
  .UNSPECIFIED.,.F.,.F.,(3,3),(0.,1.),.PIECEWISE_BEZIER_KNOTS.);
#10186 = CARTESIAN_POINT('',(2.3453125,0.497265625));
#10187 = CARTESIAN_POINT('',(2.2525390625,0.2560546875));
#10188 = CARTESIAN_POINT('',(2.010400390625,0.104833984375));
#10189 = ( GEOMETRIC_REPRESENTATION_CONTEXT(2) 
PARAMETRIC_REPRESENTATION_CONTEXT() REPRESENTATION_CONTEXT('2D SPACE',''
  ) );
#10190 = ORIENTED_EDGE('',*,*,#10191,.F.);
#10191 = EDGE_CURVE('',#4643,#10169,#10192,.T.);
#10192 = SURFACE_CURVE('',#10193,(#10197,#10204),.PCURVE_S1.);
#10193 = LINE('',#10194,#10195);
#10194 = CARTESIAN_POINT('',(0.95556640625,-18.700390625,1.9));
#10195 = VECTOR('',#10196,1.);
#10196 = DIRECTION('',(0.,0.,1.));
#10197 = PCURVE('',#4672,#10198);
#10198 = DEFINITIONAL_REPRESENTATION('',(#10199),#10203);
#10199 = LINE('',#10200,#10201);
#10200 = CARTESIAN_POINT('',(1.,0.));
#10201 = VECTOR('',#10202,1.);
#10202 = DIRECTION('',(0.,-1.));
#10203 = ( GEOMETRIC_REPRESENTATION_CONTEXT(2) 
PARAMETRIC_REPRESENTATION_CONTEXT() REPRESENTATION_CONTEXT('2D SPACE',''
  ) );
#10204 = PCURVE('',#4723,#10205);
#10205 = DEFINITIONAL_REPRESENTATION('',(#10206),#10210);
#10206 = LINE('',#10207,#10208);
#10207 = CARTESIAN_POINT('',(0.,0.));
#10208 = VECTOR('',#10209,1.);
#10209 = DIRECTION('',(0.,-1.));
#10210 = ( GEOMETRIC_REPRESENTATION_CONTEXT(2) 
PARAMETRIC_REPRESENTATION_CONTEXT() REPRESENTATION_CONTEXT('2D SPACE',''
  ) );
#10211 = ADVANCED_FACE('',(#10212),#5028,.T.);
#10212 = FACE_BOUND('',#10213,.T.);
#10213 = EDGE_LOOP('',(#10214,#10215,#10238,#10259));
#10214 = ORIENTED_EDGE('',*,*,#5002,.T.);
#10215 = ORIENTED_EDGE('',*,*,#10216,.T.);
#10216 = EDGE_CURVE('',#4961,#10217,#10219,.T.);
#10217 = VERTEX_POINT('',#10218);
#10218 = CARTESIAN_POINT('',(-0.3302734375,-18.1771484375,2.6));
#10219 = SURFACE_CURVE('',#10220,(#10224,#10231),.PCURVE_S1.);
#10220 = LINE('',#10221,#10222);
#10221 = CARTESIAN_POINT('',(-0.3302734375,-18.1771484375,1.9));
#10222 = VECTOR('',#10223,1.);
#10223 = DIRECTION('',(0.,0.,1.));
#10224 = PCURVE('',#5028,#10225);
#10225 = DEFINITIONAL_REPRESENTATION('',(#10226),#10230);
#10226 = LINE('',#10227,#10228);
#10227 = CARTESIAN_POINT('',(0.,0.));
#10228 = VECTOR('',#10229,1.);
#10229 = DIRECTION('',(0.,-1.));
#10230 = ( GEOMETRIC_REPRESENTATION_CONTEXT(2) 
PARAMETRIC_REPRESENTATION_CONTEXT() REPRESENTATION_CONTEXT('2D SPACE',''
  ) );
#10231 = PCURVE('',#4984,#10232);
#10232 = DEFINITIONAL_REPRESENTATION('',(#10233),#10237);
#10233 = LINE('',#10234,#10235);
#10234 = CARTESIAN_POINT('',(1.,0.));
#10235 = VECTOR('',#10236,1.);
#10236 = DIRECTION('',(0.,-1.));
#10237 = ( GEOMETRIC_REPRESENTATION_CONTEXT(2) 
PARAMETRIC_REPRESENTATION_CONTEXT() REPRESENTATION_CONTEXT('2D SPACE',''
  ) );
#10238 = ORIENTED_EDGE('',*,*,#10239,.T.);
#10239 = EDGE_CURVE('',#10217,#10119,#10240,.T.);
#10240 = SURFACE_CURVE('',#10241,(#10245,#10252),.PCURVE_S1.);
#10241 = B_SPLINE_CURVE_WITH_KNOTS('',2,(#10242,#10243,#10244),
  .UNSPECIFIED.,.F.,.F.,(3,3),(0.,1.),.PIECEWISE_BEZIER_KNOTS.);
#10242 = CARTESIAN_POINT('',(-0.3302734375,-18.1771484375,2.6));
#10243 = CARTESIAN_POINT('',(-0.264404296875,-18.34506835937,2.6));
#10244 = CARTESIAN_POINT('',(-0.10390625,-18.43598632812,2.6));
#10245 = PCURVE('',#5028,#10246);
#10246 = DEFINITIONAL_REPRESENTATION('',(#10247),#10251);
#10247 = LINE('',#10248,#10249);
#10248 = CARTESIAN_POINT('',(0.,-0.7));
#10249 = VECTOR('',#10250,1.);
#10250 = DIRECTION('',(1.,0.));
#10251 = ( GEOMETRIC_REPRESENTATION_CONTEXT(2) 
PARAMETRIC_REPRESENTATION_CONTEXT() REPRESENTATION_CONTEXT('2D SPACE',''
  ) );
#10252 = PCURVE('',#9836,#10253);
#10253 = DEFINITIONAL_REPRESENTATION('',(#10254),#10258);
#10254 = B_SPLINE_CURVE_WITH_KNOTS('',2,(#10255,#10256,#10257),
  .UNSPECIFIED.,.F.,.F.,(3,3),(0.,1.),.PIECEWISE_BEZIER_KNOTS.);
#10255 = CARTESIAN_POINT('',(0.724560546875,0.628076171875));
#10256 = CARTESIAN_POINT('',(0.7904296875,0.46015625));
#10257 = CARTESIAN_POINT('',(0.950927734375,0.36923828125));
#10258 = ( GEOMETRIC_REPRESENTATION_CONTEXT(2) 
PARAMETRIC_REPRESENTATION_CONTEXT() REPRESENTATION_CONTEXT('2D SPACE',''
  ) );
#10259 = ORIENTED_EDGE('',*,*,#10118,.F.);
#10260 = ADVANCED_FACE('',(#10261),#4723,.T.);
#10261 = FACE_BOUND('',#10262,.T.);
#10262 = EDGE_LOOP('',(#10263,#10264,#10265,#10288));
#10263 = ORIENTED_EDGE('',*,*,#4693,.T.);
#10264 = ORIENTED_EDGE('',*,*,#10191,.T.);
#10265 = ORIENTED_EDGE('',*,*,#10266,.T.);
#10266 = EDGE_CURVE('',#10169,#10267,#10269,.T.);
#10267 = VERTEX_POINT('',#10268);
#10268 = CARTESIAN_POINT('',(0.320068359375,-18.85161132812,2.6));
#10269 = SURFACE_CURVE('',#10270,(#10274,#10281),.PCURVE_S1.);
#10270 = B_SPLINE_CURVE_WITH_KNOTS('',2,(#10271,#10272,#10273),
  .UNSPECIFIED.,.F.,.F.,(3,3),(0.,1.),.PIECEWISE_BEZIER_KNOTS.);
#10271 = CARTESIAN_POINT('',(0.95556640625,-18.700390625,2.6));
#10272 = CARTESIAN_POINT('',(0.713427734375,-18.85161132812,2.6));
#10273 = CARTESIAN_POINT('',(0.320068359375,-18.85161132812,2.6));
#10274 = PCURVE('',#4723,#10275);
#10275 = DEFINITIONAL_REPRESENTATION('',(#10276),#10280);
#10276 = LINE('',#10277,#10278);
#10277 = CARTESIAN_POINT('',(0.,-0.7));
#10278 = VECTOR('',#10279,1.);
#10279 = DIRECTION('',(1.,0.));
#10280 = ( GEOMETRIC_REPRESENTATION_CONTEXT(2) 
PARAMETRIC_REPRESENTATION_CONTEXT() REPRESENTATION_CONTEXT('2D SPACE',''
  ) );
#10281 = PCURVE('',#9836,#10282);
#10282 = DEFINITIONAL_REPRESENTATION('',(#10283),#10287);
#10283 = B_SPLINE_CURVE_WITH_KNOTS('',2,(#10284,#10285,#10286),
  .UNSPECIFIED.,.F.,.F.,(3,3),(0.,1.),.PIECEWISE_BEZIER_KNOTS.);
#10284 = CARTESIAN_POINT('',(2.010400390625,0.104833984375));
#10285 = CARTESIAN_POINT('',(1.76826171875,-4.638671875E-02));
#10286 = CARTESIAN_POINT('',(1.37490234375,-4.638671875E-02));
#10287 = ( GEOMETRIC_REPRESENTATION_CONTEXT(2) 
PARAMETRIC_REPRESENTATION_CONTEXT() REPRESENTATION_CONTEXT('2D SPACE',''
  ) );
#10288 = ORIENTED_EDGE('',*,*,#10289,.F.);
#10289 = EDGE_CURVE('',#4694,#10267,#10290,.T.);
#10290 = SURFACE_CURVE('',#10291,(#10295,#10302),.PCURVE_S1.);
#10291 = LINE('',#10292,#10293);
#10292 = CARTESIAN_POINT('',(0.320068359375,-18.85161132812,1.9));
#10293 = VECTOR('',#10294,1.);
#10294 = DIRECTION('',(0.,0.,1.));
#10295 = PCURVE('',#4723,#10296);
#10296 = DEFINITIONAL_REPRESENTATION('',(#10297),#10301);
#10297 = LINE('',#10298,#10299);
#10298 = CARTESIAN_POINT('',(1.,0.));
#10299 = VECTOR('',#10300,1.);
#10300 = DIRECTION('',(0.,-1.));
#10301 = ( GEOMETRIC_REPRESENTATION_CONTEXT(2) 
PARAMETRIC_REPRESENTATION_CONTEXT() REPRESENTATION_CONTEXT('2D SPACE',''
  ) );
#10302 = PCURVE('',#4768,#10303);
#10303 = DEFINITIONAL_REPRESENTATION('',(#10304),#10308);
#10304 = LINE('',#10305,#10306);
#10305 = CARTESIAN_POINT('',(0.,0.));
#10306 = VECTOR('',#10307,1.);
#10307 = DIRECTION('',(0.,-1.));
#10308 = ( GEOMETRIC_REPRESENTATION_CONTEXT(2) 
PARAMETRIC_REPRESENTATION_CONTEXT() REPRESENTATION_CONTEXT('2D SPACE',''
  ) );
#10309 = ADVANCED_FACE('',(#10310),#4984,.T.);
#10310 = FACE_BOUND('',#10311,.T.);
#10311 = EDGE_LOOP('',(#10312,#10313,#10336,#10357));
#10312 = ORIENTED_EDGE('',*,*,#4960,.T.);
#10313 = ORIENTED_EDGE('',*,*,#10314,.T.);
#10314 = EDGE_CURVE('',#4934,#10315,#10317,.T.);
#10315 = VERTEX_POINT('',#10316);
#10316 = CARTESIAN_POINT('',(-0.396142578125,-17.65483398437,2.6));
#10317 = SURFACE_CURVE('',#10318,(#10322,#10329),.PCURVE_S1.);
#10318 = LINE('',#10319,#10320);
#10319 = CARTESIAN_POINT('',(-0.396142578125,-17.65483398437,1.9));
#10320 = VECTOR('',#10321,1.);
#10321 = DIRECTION('',(0.,0.,1.));
#10322 = PCURVE('',#4984,#10323);
#10323 = DEFINITIONAL_REPRESENTATION('',(#10324),#10328);
#10324 = LINE('',#10325,#10326);
#10325 = CARTESIAN_POINT('',(0.,0.));
#10326 = VECTOR('',#10327,1.);
#10327 = DIRECTION('',(0.,-1.));
#10328 = ( GEOMETRIC_REPRESENTATION_CONTEXT(2) 
PARAMETRIC_REPRESENTATION_CONTEXT() REPRESENTATION_CONTEXT('2D SPACE',''
  ) );
#10329 = PCURVE('',#4949,#10330);
#10330 = DEFINITIONAL_REPRESENTATION('',(#10331),#10335);
#10331 = LINE('',#10332,#10333);
#10332 = CARTESIAN_POINT('',(1.5697265625,0.));
#10333 = VECTOR('',#10334,1.);
#10334 = DIRECTION('',(0.,-1.));
#10335 = ( GEOMETRIC_REPRESENTATION_CONTEXT(2) 
PARAMETRIC_REPRESENTATION_CONTEXT() REPRESENTATION_CONTEXT('2D SPACE',''
  ) );
#10336 = ORIENTED_EDGE('',*,*,#10337,.T.);
#10337 = EDGE_CURVE('',#10315,#10217,#10338,.T.);
#10338 = SURFACE_CURVE('',#10339,(#10343,#10350),.PCURVE_S1.);
#10339 = B_SPLINE_CURVE_WITH_KNOTS('',2,(#10340,#10341,#10342),
  .UNSPECIFIED.,.F.,.F.,(3,3),(0.,1.),.PIECEWISE_BEZIER_KNOTS.);
#10340 = CARTESIAN_POINT('',(-0.396142578125,-17.65483398437,2.6));
#10341 = CARTESIAN_POINT('',(-0.396142578125,-18.00922851562,2.6));
#10342 = CARTESIAN_POINT('',(-0.3302734375,-18.1771484375,2.6));
#10343 = PCURVE('',#4984,#10344);
#10344 = DEFINITIONAL_REPRESENTATION('',(#10345),#10349);
#10345 = LINE('',#10346,#10347);
#10346 = CARTESIAN_POINT('',(0.,-0.7));
#10347 = VECTOR('',#10348,1.);
#10348 = DIRECTION('',(1.,0.));
#10349 = ( GEOMETRIC_REPRESENTATION_CONTEXT(2) 
PARAMETRIC_REPRESENTATION_CONTEXT() REPRESENTATION_CONTEXT('2D SPACE',''
  ) );
#10350 = PCURVE('',#9836,#10351);
#10351 = DEFINITIONAL_REPRESENTATION('',(#10352),#10356);
#10352 = B_SPLINE_CURVE_WITH_KNOTS('',2,(#10353,#10354,#10355),
  .UNSPECIFIED.,.F.,.F.,(3,3),(0.,1.),.PIECEWISE_BEZIER_KNOTS.);
#10353 = CARTESIAN_POINT('',(0.65869140625,1.150390625));
#10354 = CARTESIAN_POINT('',(0.65869140625,0.79599609375));
#10355 = CARTESIAN_POINT('',(0.724560546875,0.628076171875));
#10356 = ( GEOMETRIC_REPRESENTATION_CONTEXT(2) 
PARAMETRIC_REPRESENTATION_CONTEXT() REPRESENTATION_CONTEXT('2D SPACE',''
  ) );
#10357 = ORIENTED_EDGE('',*,*,#10216,.F.);
#10358 = ADVANCED_FACE('',(#10359),#4768,.T.);
#10359 = FACE_BOUND('',#10360,.T.);
#10360 = EDGE_LOOP('',(#10361,#10362,#10363,#10386));
#10361 = ORIENTED_EDGE('',*,*,#4744,.T.);
#10362 = ORIENTED_EDGE('',*,*,#10289,.T.);
#10363 = ORIENTED_EDGE('',*,*,#10364,.T.);
#10364 = EDGE_CURVE('',#10267,#10365,#10367,.T.);
#10365 = VERTEX_POINT('',#10366);
#10366 = CARTESIAN_POINT('',(-0.305224609375,-18.71987304687,2.6));
#10367 = SURFACE_CURVE('',#10368,(#10372,#10379),.PCURVE_S1.);
#10368 = B_SPLINE_CURVE_WITH_KNOTS('',2,(#10369,#10370,#10371),
  .UNSPECIFIED.,.F.,.F.,(3,3),(0.,1.),.PIECEWISE_BEZIER_KNOTS.);
#10369 = CARTESIAN_POINT('',(0.320068359375,-18.85161132812,2.6));
#10370 = CARTESIAN_POINT('',(-6.2158203125E-02,-18.85161132812,2.6));
#10371 = CARTESIAN_POINT('',(-0.305224609375,-18.71987304687,2.6));
#10372 = PCURVE('',#4768,#10373);
#10373 = DEFINITIONAL_REPRESENTATION('',(#10374),#10378);
#10374 = LINE('',#10375,#10376);
#10375 = CARTESIAN_POINT('',(0.,-0.7));
#10376 = VECTOR('',#10377,1.);
#10377 = DIRECTION('',(1.,0.));
#10378 = ( GEOMETRIC_REPRESENTATION_CONTEXT(2) 
PARAMETRIC_REPRESENTATION_CONTEXT() REPRESENTATION_CONTEXT('2D SPACE',''
  ) );
#10379 = PCURVE('',#9836,#10380);
#10380 = DEFINITIONAL_REPRESENTATION('',(#10381),#10385);
#10381 = B_SPLINE_CURVE_WITH_KNOTS('',2,(#10382,#10383,#10384),
  .UNSPECIFIED.,.F.,.F.,(3,3),(0.,1.),.PIECEWISE_BEZIER_KNOTS.);
#10382 = CARTESIAN_POINT('',(1.37490234375,-4.638671875E-02));
#10383 = CARTESIAN_POINT('',(0.99267578125,-4.638671875E-02));
#10384 = CARTESIAN_POINT('',(0.749609375,8.53515625E-02));
#10385 = ( GEOMETRIC_REPRESENTATION_CONTEXT(2) 
PARAMETRIC_REPRESENTATION_CONTEXT() REPRESENTATION_CONTEXT('2D SPACE',''
  ) );
#10386 = ORIENTED_EDGE('',*,*,#10387,.F.);
#10387 = EDGE_CURVE('',#4745,#10365,#10388,.T.);
#10388 = SURFACE_CURVE('',#10389,(#10393,#10400),.PCURVE_S1.);
#10389 = LINE('',#10390,#10391);
#10390 = CARTESIAN_POINT('',(-0.305224609375,-18.71987304687,1.9));
#10391 = VECTOR('',#10392,1.);
#10392 = DIRECTION('',(0.,0.,1.));
#10393 = PCURVE('',#4768,#10394);
#10394 = DEFINITIONAL_REPRESENTATION('',(#10395),#10399);
#10395 = LINE('',#10396,#10397);
#10396 = CARTESIAN_POINT('',(1.,0.));
#10397 = VECTOR('',#10398,1.);
#10398 = DIRECTION('',(0.,-1.));
#10399 = ( GEOMETRIC_REPRESENTATION_CONTEXT(2) 
PARAMETRIC_REPRESENTATION_CONTEXT() REPRESENTATION_CONTEXT('2D SPACE',''
  ) );
#10400 = PCURVE('',#4816,#10401);
#10401 = DEFINITIONAL_REPRESENTATION('',(#10402),#10406);
#10402 = LINE('',#10403,#10404);
#10403 = CARTESIAN_POINT('',(0.,0.));
#10404 = VECTOR('',#10405,1.);
#10405 = DIRECTION('',(0.,-1.));
#10406 = ( GEOMETRIC_REPRESENTATION_CONTEXT(2) 
PARAMETRIC_REPRESENTATION_CONTEXT() REPRESENTATION_CONTEXT('2D SPACE',''
  ) );
#10407 = ADVANCED_FACE('',(#10408),#4949,.T.);
#10408 = FACE_BOUND('',#10409,.T.);
#10409 = EDGE_LOOP('',(#10410,#10411,#10434,#10455));
#10410 = ORIENTED_EDGE('',*,*,#4933,.T.);
#10411 = ORIENTED_EDGE('',*,*,#10412,.T.);
#10412 = EDGE_CURVE('',#4907,#10413,#10415,.T.);
#10413 = VERTEX_POINT('',#10414);
#10414 = CARTESIAN_POINT('',(-0.396142578125,-16.08510742187,2.6));
#10415 = SURFACE_CURVE('',#10416,(#10420,#10427),.PCURVE_S1.);
#10416 = LINE('',#10417,#10418);
#10417 = CARTESIAN_POINT('',(-0.396142578125,-16.08510742187,1.9));
#10418 = VECTOR('',#10419,1.);
#10419 = DIRECTION('',(0.,0.,1.));
#10420 = PCURVE('',#4949,#10421);
#10421 = DEFINITIONAL_REPRESENTATION('',(#10422),#10426);
#10422 = LINE('',#10423,#10424);
#10423 = CARTESIAN_POINT('',(0.,0.));
#10424 = VECTOR('',#10425,1.);
#10425 = DIRECTION('',(0.,-1.));
#10426 = ( GEOMETRIC_REPRESENTATION_CONTEXT(2) 
PARAMETRIC_REPRESENTATION_CONTEXT() REPRESENTATION_CONTEXT('2D SPACE',''
  ) );
#10427 = PCURVE('',#4922,#10428);
#10428 = DEFINITIONAL_REPRESENTATION('',(#10429),#10433);
#10429 = LINE('',#10430,#10431);
#10430 = CARTESIAN_POINT('',(0.3599609375,0.));
#10431 = VECTOR('',#10432,1.);
#10432 = DIRECTION('',(0.,-1.));
#10433 = ( GEOMETRIC_REPRESENTATION_CONTEXT(2) 
PARAMETRIC_REPRESENTATION_CONTEXT() REPRESENTATION_CONTEXT('2D SPACE',''
  ) );
#10434 = ORIENTED_EDGE('',*,*,#10435,.T.);
#10435 = EDGE_CURVE('',#10413,#10315,#10436,.T.);
#10436 = SURFACE_CURVE('',#10437,(#10441,#10448),.PCURVE_S1.);
#10437 = LINE('',#10438,#10439);
#10438 = CARTESIAN_POINT('',(-0.396142578125,-16.08510742187,2.6));
#10439 = VECTOR('',#10440,1.);
#10440 = DIRECTION('',(0.,-1.,0.));
#10441 = PCURVE('',#4949,#10442);
#10442 = DEFINITIONAL_REPRESENTATION('',(#10443),#10447);
#10443 = LINE('',#10444,#10445);
#10444 = CARTESIAN_POINT('',(0.,-0.7));
#10445 = VECTOR('',#10446,1.);
#10446 = DIRECTION('',(1.,0.));
#10447 = ( GEOMETRIC_REPRESENTATION_CONTEXT(2) 
PARAMETRIC_REPRESENTATION_CONTEXT() REPRESENTATION_CONTEXT('2D SPACE',''
  ) );
#10448 = PCURVE('',#9836,#10449);
#10449 = DEFINITIONAL_REPRESENTATION('',(#10450),#10454);
#10450 = LINE('',#10451,#10452);
#10451 = CARTESIAN_POINT('',(0.65869140625,2.7201171875));
#10452 = VECTOR('',#10453,1.);
#10453 = DIRECTION('',(0.,-1.));
#10454 = ( GEOMETRIC_REPRESENTATION_CONTEXT(2) 
PARAMETRIC_REPRESENTATION_CONTEXT() REPRESENTATION_CONTEXT('2D SPACE',''
  ) );
#10455 = ORIENTED_EDGE('',*,*,#10314,.F.);
#10456 = ADVANCED_FACE('',(#10457),#4816,.T.);
#10457 = FACE_BOUND('',#10458,.T.);
#10458 = EDGE_LOOP('',(#10459,#10460,#10461,#10484));
#10459 = ORIENTED_EDGE('',*,*,#4786,.T.);
#10460 = ORIENTED_EDGE('',*,*,#10387,.T.);
#10461 = ORIENTED_EDGE('',*,*,#10462,.T.);
#10462 = EDGE_CURVE('',#10365,#10463,#10465,.T.);
#10463 = VERTEX_POINT('',#10464);
#10464 = CARTESIAN_POINT('',(-0.652197265625,-18.33857421875,2.6));
#10465 = SURFACE_CURVE('',#10466,(#10470,#10477),.PCURVE_S1.);
#10466 = B_SPLINE_CURVE_WITH_KNOTS('',2,(#10467,#10468,#10469),
  .UNSPECIFIED.,.F.,.F.,(3,3),(0.,1.),.PIECEWISE_BEZIER_KNOTS.);
#10467 = CARTESIAN_POINT('',(-0.305224609375,-18.71987304687,2.6));
#10468 = CARTESIAN_POINT('',(-0.548291015625,-18.58813476562,2.6));
#10469 = CARTESIAN_POINT('',(-0.652197265625,-18.33857421875,2.6));
#10470 = PCURVE('',#4816,#10471);
#10471 = DEFINITIONAL_REPRESENTATION('',(#10472),#10476);
#10472 = LINE('',#10473,#10474);
#10473 = CARTESIAN_POINT('',(0.,-0.7));
#10474 = VECTOR('',#10475,1.);
#10475 = DIRECTION('',(1.,0.));
#10476 = ( GEOMETRIC_REPRESENTATION_CONTEXT(2) 
PARAMETRIC_REPRESENTATION_CONTEXT() REPRESENTATION_CONTEXT('2D SPACE',''
  ) );
#10477 = PCURVE('',#9836,#10478);
#10478 = DEFINITIONAL_REPRESENTATION('',(#10479),#10483);
#10479 = B_SPLINE_CURVE_WITH_KNOTS('',2,(#10480,#10481,#10482),
  .UNSPECIFIED.,.F.,.F.,(3,3),(0.,1.),.PIECEWISE_BEZIER_KNOTS.);
#10480 = CARTESIAN_POINT('',(0.749609375,8.53515625E-02));
#10481 = CARTESIAN_POINT('',(0.50654296875,0.21708984375));
#10482 = CARTESIAN_POINT('',(0.40263671875,0.466650390625));
#10483 = ( GEOMETRIC_REPRESENTATION_CONTEXT(2) 
PARAMETRIC_REPRESENTATION_CONTEXT() REPRESENTATION_CONTEXT('2D SPACE',''
  ) );
#10484 = ORIENTED_EDGE('',*,*,#10485,.F.);
#10485 = EDGE_CURVE('',#4787,#10463,#10486,.T.);
#10486 = SURFACE_CURVE('',#10487,(#10491,#10498),.PCURVE_S1.);
#10487 = LINE('',#10488,#10489);
#10488 = CARTESIAN_POINT('',(-0.652197265625,-18.33857421875,1.9));
#10489 = VECTOR('',#10490,1.);
#10490 = DIRECTION('',(0.,0.,1.));
#10491 = PCURVE('',#4816,#10492);
#10492 = DEFINITIONAL_REPRESENTATION('',(#10493),#10497);
#10493 = LINE('',#10494,#10495);
#10494 = CARTESIAN_POINT('',(1.,0.));
#10495 = VECTOR('',#10496,1.);
#10496 = DIRECTION('',(0.,-1.));
#10497 = ( GEOMETRIC_REPRESENTATION_CONTEXT(2) 
PARAMETRIC_REPRESENTATION_CONTEXT() REPRESENTATION_CONTEXT('2D SPACE',''
  ) );
#10498 = PCURVE('',#4861,#10499);
#10499 = DEFINITIONAL_REPRESENTATION('',(#10500),#10504);
#10500 = LINE('',#10501,#10502);
#10501 = CARTESIAN_POINT('',(0.,0.));
#10502 = VECTOR('',#10503,1.);
#10503 = DIRECTION('',(0.,-1.));
#10504 = ( GEOMETRIC_REPRESENTATION_CONTEXT(2) 
PARAMETRIC_REPRESENTATION_CONTEXT() REPRESENTATION_CONTEXT('2D SPACE',''
  ) );
#10505 = ADVANCED_FACE('',(#10506),#4922,.T.);
#10506 = FACE_BOUND('',#10507,.T.);
#10507 = EDGE_LOOP('',(#10508,#10509,#10532,#10553));
#10508 = ORIENTED_EDGE('',*,*,#4906,.T.);
#10509 = ORIENTED_EDGE('',*,*,#10510,.T.);
#10510 = EDGE_CURVE('',#4880,#10511,#10513,.T.);
#10511 = VERTEX_POINT('',#10512);
#10512 = CARTESIAN_POINT('',(-0.756103515625,-16.08510742187,2.6));
#10513 = SURFACE_CURVE('',#10514,(#10518,#10525),.PCURVE_S1.);
#10514 = LINE('',#10515,#10516);
#10515 = CARTESIAN_POINT('',(-0.756103515625,-16.08510742187,1.9));
#10516 = VECTOR('',#10517,1.);
#10517 = DIRECTION('',(0.,0.,1.));
#10518 = PCURVE('',#4922,#10519);
#10519 = DEFINITIONAL_REPRESENTATION('',(#10520),#10524);
#10520 = LINE('',#10521,#10522);
#10521 = CARTESIAN_POINT('',(0.,0.));
#10522 = VECTOR('',#10523,1.);
#10523 = DIRECTION('',(0.,-1.));
#10524 = ( GEOMETRIC_REPRESENTATION_CONTEXT(2) 
PARAMETRIC_REPRESENTATION_CONTEXT() REPRESENTATION_CONTEXT('2D SPACE',''
  ) );
#10525 = PCURVE('',#4895,#10526);
#10526 = DEFINITIONAL_REPRESENTATION('',(#10527),#10531);
#10527 = LINE('',#10528,#10529);
#10528 = CARTESIAN_POINT('',(1.57158203125,0.));
#10529 = VECTOR('',#10530,1.);
#10530 = DIRECTION('',(0.,-1.));
#10531 = ( GEOMETRIC_REPRESENTATION_CONTEXT(2) 
PARAMETRIC_REPRESENTATION_CONTEXT() REPRESENTATION_CONTEXT('2D SPACE',''
  ) );
#10532 = ORIENTED_EDGE('',*,*,#10533,.T.);
#10533 = EDGE_CURVE('',#10511,#10413,#10534,.T.);
#10534 = SURFACE_CURVE('',#10535,(#10539,#10546),.PCURVE_S1.);
#10535 = LINE('',#10536,#10537);
#10536 = CARTESIAN_POINT('',(-0.756103515625,-16.08510742187,2.6));
#10537 = VECTOR('',#10538,1.);
#10538 = DIRECTION('',(1.,0.,0.));
#10539 = PCURVE('',#4922,#10540);
#10540 = DEFINITIONAL_REPRESENTATION('',(#10541),#10545);
#10541 = LINE('',#10542,#10543);
#10542 = CARTESIAN_POINT('',(0.,-0.7));
#10543 = VECTOR('',#10544,1.);
#10544 = DIRECTION('',(1.,0.));
#10545 = ( GEOMETRIC_REPRESENTATION_CONTEXT(2) 
PARAMETRIC_REPRESENTATION_CONTEXT() REPRESENTATION_CONTEXT('2D SPACE',''
  ) );
#10546 = PCURVE('',#9836,#10547);
#10547 = DEFINITIONAL_REPRESENTATION('',(#10548),#10552);
#10548 = LINE('',#10549,#10550);
#10549 = CARTESIAN_POINT('',(0.29873046875,2.7201171875));
#10550 = VECTOR('',#10551,1.);
#10551 = DIRECTION('',(1.,0.));
#10552 = ( GEOMETRIC_REPRESENTATION_CONTEXT(2) 
PARAMETRIC_REPRESENTATION_CONTEXT() REPRESENTATION_CONTEXT('2D SPACE',''
  ) );
#10553 = ORIENTED_EDGE('',*,*,#10412,.F.);
#10554 = ADVANCED_FACE('',(#10555),#4861,.T.);
#10555 = FACE_BOUND('',#10556,.T.);
#10556 = EDGE_LOOP('',(#10557,#10558,#10559,#10582));
#10557 = ORIENTED_EDGE('',*,*,#4837,.T.);
#10558 = ORIENTED_EDGE('',*,*,#10485,.T.);
#10559 = ORIENTED_EDGE('',*,*,#10560,.T.);
#10560 = EDGE_CURVE('',#10463,#10561,#10563,.T.);
#10561 = VERTEX_POINT('',#10562);
#10562 = CARTESIAN_POINT('',(-0.756103515625,-17.65668945312,2.6));
#10563 = SURFACE_CURVE('',#10564,(#10568,#10575),.PCURVE_S1.);
#10564 = B_SPLINE_CURVE_WITH_KNOTS('',2,(#10565,#10566,#10567),
  .UNSPECIFIED.,.F.,.F.,(3,3),(0.,1.),.PIECEWISE_BEZIER_KNOTS.);
#10565 = CARTESIAN_POINT('',(-0.652197265625,-18.33857421875,2.6));
#10566 = CARTESIAN_POINT('',(-0.756103515625,-18.08901367187,2.6));
#10567 = CARTESIAN_POINT('',(-0.756103515625,-17.65668945312,2.6));
#10568 = PCURVE('',#4861,#10569);
#10569 = DEFINITIONAL_REPRESENTATION('',(#10570),#10574);
#10570 = LINE('',#10571,#10572);
#10571 = CARTESIAN_POINT('',(0.,-0.7));
#10572 = VECTOR('',#10573,1.);
#10573 = DIRECTION('',(1.,0.));
#10574 = ( GEOMETRIC_REPRESENTATION_CONTEXT(2) 
PARAMETRIC_REPRESENTATION_CONTEXT() REPRESENTATION_CONTEXT('2D SPACE',''
  ) );
#10575 = PCURVE('',#9836,#10576);
#10576 = DEFINITIONAL_REPRESENTATION('',(#10577),#10581);
#10577 = B_SPLINE_CURVE_WITH_KNOTS('',2,(#10578,#10579,#10580),
  .UNSPECIFIED.,.F.,.F.,(3,3),(0.,1.),.PIECEWISE_BEZIER_KNOTS.);
#10578 = CARTESIAN_POINT('',(0.40263671875,0.466650390625));
#10579 = CARTESIAN_POINT('',(0.29873046875,0.7162109375));
#10580 = CARTESIAN_POINT('',(0.29873046875,1.14853515625));
#10581 = ( GEOMETRIC_REPRESENTATION_CONTEXT(2) 
PARAMETRIC_REPRESENTATION_CONTEXT() REPRESENTATION_CONTEXT('2D SPACE',''
  ) );
#10582 = ORIENTED_EDGE('',*,*,#10583,.F.);
#10583 = EDGE_CURVE('',#4838,#10561,#10584,.T.);
#10584 = SURFACE_CURVE('',#10585,(#10589,#10596),.PCURVE_S1.);
#10585 = LINE('',#10586,#10587);
#10586 = CARTESIAN_POINT('',(-0.756103515625,-17.65668945312,1.9));
#10587 = VECTOR('',#10588,1.);
#10588 = DIRECTION('',(0.,0.,1.));
#10589 = PCURVE('',#4861,#10590);
#10590 = DEFINITIONAL_REPRESENTATION('',(#10591),#10595);
#10591 = LINE('',#10592,#10593);
#10592 = CARTESIAN_POINT('',(1.,0.));
#10593 = VECTOR('',#10594,1.);
#10594 = DIRECTION('',(0.,-1.));
#10595 = ( GEOMETRIC_REPRESENTATION_CONTEXT(2) 
PARAMETRIC_REPRESENTATION_CONTEXT() REPRESENTATION_CONTEXT('2D SPACE',''
  ) );
#10596 = PCURVE('',#4895,#10597);
#10597 = DEFINITIONAL_REPRESENTATION('',(#10598),#10602);
#10598 = LINE('',#10599,#10600);
#10599 = CARTESIAN_POINT('',(0.,0.));
#10600 = VECTOR('',#10601,1.);
#10601 = DIRECTION('',(0.,-1.));
#10602 = ( GEOMETRIC_REPRESENTATION_CONTEXT(2) 
PARAMETRIC_REPRESENTATION_CONTEXT() REPRESENTATION_CONTEXT('2D SPACE',''
  ) );
#10603 = ADVANCED_FACE('',(#10604),#4895,.T.);
#10604 = FACE_BOUND('',#10605,.T.);
#10605 = EDGE_LOOP('',(#10606,#10607,#10608,#10629));
#10606 = ORIENTED_EDGE('',*,*,#4879,.T.);
#10607 = ORIENTED_EDGE('',*,*,#10583,.T.);
#10608 = ORIENTED_EDGE('',*,*,#10609,.T.);
#10609 = EDGE_CURVE('',#10561,#10511,#10610,.T.);
#10610 = SURFACE_CURVE('',#10611,(#10615,#10622),.PCURVE_S1.);
#10611 = LINE('',#10612,#10613);
#10612 = CARTESIAN_POINT('',(-0.756103515625,-17.65668945312,2.6));
#10613 = VECTOR('',#10614,1.);
#10614 = DIRECTION('',(0.,1.,0.));
#10615 = PCURVE('',#4895,#10616);
#10616 = DEFINITIONAL_REPRESENTATION('',(#10617),#10621);
#10617 = LINE('',#10618,#10619);
#10618 = CARTESIAN_POINT('',(0.,-0.7));
#10619 = VECTOR('',#10620,1.);
#10620 = DIRECTION('',(1.,0.));
#10621 = ( GEOMETRIC_REPRESENTATION_CONTEXT(2) 
PARAMETRIC_REPRESENTATION_CONTEXT() REPRESENTATION_CONTEXT('2D SPACE',''
  ) );
#10622 = PCURVE('',#9836,#10623);
#10623 = DEFINITIONAL_REPRESENTATION('',(#10624),#10628);
#10624 = LINE('',#10625,#10626);
#10625 = CARTESIAN_POINT('',(0.29873046875,1.14853515625));
#10626 = VECTOR('',#10627,1.);
#10627 = DIRECTION('',(0.,1.));
#10628 = ( GEOMETRIC_REPRESENTATION_CONTEXT(2) 
PARAMETRIC_REPRESENTATION_CONTEXT() REPRESENTATION_CONTEXT('2D SPACE',''
  ) );
#10629 = ORIENTED_EDGE('',*,*,#10510,.F.);
#10630 = ADVANCED_FACE('',(#10631),#779,.T.);
#10631 = FACE_BOUND('',#10632,.T.);
#10632 = EDGE_LOOP('',(#10633,#10634,#10657,#10685));
#10633 = ORIENTED_EDGE('',*,*,#763,.T.);
#10634 = ORIENTED_EDGE('',*,*,#10635,.T.);
#10635 = EDGE_CURVE('',#737,#10636,#10638,.T.);
#10636 = VERTEX_POINT('',#10637);
#10637 = CARTESIAN_POINT('',(3.034619140625,-18.80522460937,2.6));
#10638 = SURFACE_CURVE('',#10639,(#10643,#10650),.PCURVE_S1.);
#10639 = LINE('',#10640,#10641);
#10640 = CARTESIAN_POINT('',(3.034619140625,-18.80522460937,1.9));
#10641 = VECTOR('',#10642,1.);
#10642 = DIRECTION('',(0.,0.,1.));
#10643 = PCURVE('',#779,#10644);
#10644 = DEFINITIONAL_REPRESENTATION('',(#10645),#10649);
#10645 = LINE('',#10646,#10647);
#10646 = CARTESIAN_POINT('',(0.,-0.));
#10647 = VECTOR('',#10648,1.);
#10648 = DIRECTION('',(0.,-1.));
#10649 = ( GEOMETRIC_REPRESENTATION_CONTEXT(2) 
PARAMETRIC_REPRESENTATION_CONTEXT() REPRESENTATION_CONTEXT('2D SPACE',''
  ) );
#10650 = PCURVE('',#752,#10651);
#10651 = DEFINITIONAL_REPRESENTATION('',(#10652),#10656);
#10652 = LINE('',#10653,#10654);
#10653 = CARTESIAN_POINT('',(2.39912109375,0.));
#10654 = VECTOR('',#10655,1.);
#10655 = DIRECTION('',(0.,-1.));
#10656 = ( GEOMETRIC_REPRESENTATION_CONTEXT(2) 
PARAMETRIC_REPRESENTATION_CONTEXT() REPRESENTATION_CONTEXT('2D SPACE',''
  ) );
#10657 = ORIENTED_EDGE('',*,*,#10658,.T.);
#10658 = EDGE_CURVE('',#10636,#10659,#10661,.T.);
#10659 = VERTEX_POINT('',#10660);
#10660 = CARTESIAN_POINT('',(2.674658203125,-18.80522460937,2.6));
#10661 = SURFACE_CURVE('',#10662,(#10666,#10673),.PCURVE_S1.);
#10662 = LINE('',#10663,#10664);
#10663 = CARTESIAN_POINT('',(3.034619140625,-18.80522460937,2.6));
#10664 = VECTOR('',#10665,1.);
#10665 = DIRECTION('',(-1.,0.,0.));
#10666 = PCURVE('',#779,#10667);
#10667 = DEFINITIONAL_REPRESENTATION('',(#10668),#10672);
#10668 = LINE('',#10669,#10670);
#10669 = CARTESIAN_POINT('',(0.,-0.7));
#10670 = VECTOR('',#10671,1.);
#10671 = DIRECTION('',(1.,0.));
#10672 = ( GEOMETRIC_REPRESENTATION_CONTEXT(2) 
PARAMETRIC_REPRESENTATION_CONTEXT() REPRESENTATION_CONTEXT('2D SPACE',''
  ) );
#10673 = PCURVE('',#10674,#10679);
#10674 = PLANE('',#10675);
#10675 = AXIS2_PLACEMENT_3D('',#10676,#10677,#10678);
#10676 = CARTESIAN_POINT('',(1.689404296875,-18.80522460937,2.6));
#10677 = DIRECTION('',(0.,0.,1.));
#10678 = DIRECTION('',(1.,0.,0.));
#10679 = DEFINITIONAL_REPRESENTATION('',(#10680),#10684);
#10680 = LINE('',#10681,#10682);
#10681 = CARTESIAN_POINT('',(1.34521484375,0.));
#10682 = VECTOR('',#10683,1.);
#10683 = DIRECTION('',(-1.,0.));
#10684 = ( GEOMETRIC_REPRESENTATION_CONTEXT(2) 
PARAMETRIC_REPRESENTATION_CONTEXT() REPRESENTATION_CONTEXT('2D SPACE',''
  ) );
#10685 = ORIENTED_EDGE('',*,*,#10686,.F.);
#10686 = EDGE_CURVE('',#764,#10659,#10687,.T.);
#10687 = SURFACE_CURVE('',#10688,(#10692,#10699),.PCURVE_S1.);
#10688 = LINE('',#10689,#10690);
#10689 = CARTESIAN_POINT('',(2.674658203125,-18.80522460937,1.9));
#10690 = VECTOR('',#10691,1.);
#10691 = DIRECTION('',(0.,0.,1.));
#10692 = PCURVE('',#779,#10693);
#10693 = DEFINITIONAL_REPRESENTATION('',(#10694),#10698);
#10694 = LINE('',#10695,#10696);
#10695 = CARTESIAN_POINT('',(0.3599609375,0.));
#10696 = VECTOR('',#10697,1.);
#10697 = DIRECTION('',(0.,-1.));
#10698 = ( GEOMETRIC_REPRESENTATION_CONTEXT(2) 
PARAMETRIC_REPRESENTATION_CONTEXT() REPRESENTATION_CONTEXT('2D SPACE',''
  ) );
#10699 = PCURVE('',#806,#10700);
#10700 = DEFINITIONAL_REPRESENTATION('',(#10701),#10705);
#10701 = LINE('',#10702,#10703);
#10702 = CARTESIAN_POINT('',(0.,0.));
#10703 = VECTOR('',#10704,1.);
#10704 = DIRECTION('',(0.,-1.));
#10705 = ( GEOMETRIC_REPRESENTATION_CONTEXT(2) 
PARAMETRIC_REPRESENTATION_CONTEXT() REPRESENTATION_CONTEXT('2D SPACE',''
  ) );
#10706 = ADVANCED_FACE('',(#10707),#806,.T.);
#10707 = FACE_BOUND('',#10708,.T.);
#10708 = EDGE_LOOP('',(#10709,#10710,#10711,#10734));
#10709 = ORIENTED_EDGE('',*,*,#790,.T.);
#10710 = ORIENTED_EDGE('',*,*,#10686,.T.);
#10711 = ORIENTED_EDGE('',*,*,#10712,.T.);
#10712 = EDGE_CURVE('',#10659,#10713,#10715,.T.);
#10713 = VERTEX_POINT('',#10714);
#10714 = CARTESIAN_POINT('',(2.674658203125,-16.40610351562,2.6));
#10715 = SURFACE_CURVE('',#10716,(#10720,#10727),.PCURVE_S1.);
#10716 = LINE('',#10717,#10718);
#10717 = CARTESIAN_POINT('',(2.674658203125,-18.80522460937,2.6));
#10718 = VECTOR('',#10719,1.);
#10719 = DIRECTION('',(0.,1.,0.));
#10720 = PCURVE('',#806,#10721);
#10721 = DEFINITIONAL_REPRESENTATION('',(#10722),#10726);
#10722 = LINE('',#10723,#10724);
#10723 = CARTESIAN_POINT('',(0.,-0.7));
#10724 = VECTOR('',#10725,1.);
#10725 = DIRECTION('',(1.,0.));
#10726 = ( GEOMETRIC_REPRESENTATION_CONTEXT(2) 
PARAMETRIC_REPRESENTATION_CONTEXT() REPRESENTATION_CONTEXT('2D SPACE',''
  ) );
#10727 = PCURVE('',#10674,#10728);
#10728 = DEFINITIONAL_REPRESENTATION('',(#10729),#10733);
#10729 = LINE('',#10730,#10731);
#10730 = CARTESIAN_POINT('',(0.98525390625,0.));
#10731 = VECTOR('',#10732,1.);
#10732 = DIRECTION('',(0.,1.));
#10733 = ( GEOMETRIC_REPRESENTATION_CONTEXT(2) 
PARAMETRIC_REPRESENTATION_CONTEXT() REPRESENTATION_CONTEXT('2D SPACE',''
  ) );
#10734 = ORIENTED_EDGE('',*,*,#10735,.F.);
#10735 = EDGE_CURVE('',#791,#10713,#10736,.T.);
#10736 = SURFACE_CURVE('',#10737,(#10741,#10748),.PCURVE_S1.);
#10737 = LINE('',#10738,#10739);
#10738 = CARTESIAN_POINT('',(2.674658203125,-16.40610351562,1.9));
#10739 = VECTOR('',#10740,1.);
#10740 = DIRECTION('',(0.,0.,1.));
#10741 = PCURVE('',#806,#10742);
#10742 = DEFINITIONAL_REPRESENTATION('',(#10743),#10747);
#10743 = LINE('',#10744,#10745);
#10744 = CARTESIAN_POINT('',(2.39912109375,0.));
#10745 = VECTOR('',#10746,1.);
#10746 = DIRECTION('',(0.,-1.));
#10747 = ( GEOMETRIC_REPRESENTATION_CONTEXT(2) 
PARAMETRIC_REPRESENTATION_CONTEXT() REPRESENTATION_CONTEXT('2D SPACE',''
  ) );
#10748 = PCURVE('',#833,#10749);
#10749 = DEFINITIONAL_REPRESENTATION('',(#10750),#10754);
#10750 = LINE('',#10751,#10752);
#10751 = CARTESIAN_POINT('',(0.,-0.));
#10752 = VECTOR('',#10753,1.);
#10753 = DIRECTION('',(0.,-1.));
#10754 = ( GEOMETRIC_REPRESENTATION_CONTEXT(2) 
PARAMETRIC_REPRESENTATION_CONTEXT() REPRESENTATION_CONTEXT('2D SPACE',''
  ) );
#10755 = ADVANCED_FACE('',(#10756),#752,.T.);
#10756 = FACE_BOUND('',#10757,.T.);
#10757 = EDGE_LOOP('',(#10758,#10759,#10782,#10803));
#10758 = ORIENTED_EDGE('',*,*,#736,.T.);
#10759 = ORIENTED_EDGE('',*,*,#10760,.T.);
#10760 = EDGE_CURVE('',#710,#10761,#10763,.T.);
#10761 = VERTEX_POINT('',#10762);
#10762 = CARTESIAN_POINT('',(3.034619140625,-16.40610351562,2.6));
#10763 = SURFACE_CURVE('',#10764,(#10768,#10775),.PCURVE_S1.);
#10764 = LINE('',#10765,#10766);
#10765 = CARTESIAN_POINT('',(3.034619140625,-16.40610351562,1.9));
#10766 = VECTOR('',#10767,1.);
#10767 = DIRECTION('',(0.,0.,1.));
#10768 = PCURVE('',#752,#10769);
#10769 = DEFINITIONAL_REPRESENTATION('',(#10770),#10774);
#10770 = LINE('',#10771,#10772);
#10771 = CARTESIAN_POINT('',(0.,0.));
#10772 = VECTOR('',#10773,1.);
#10773 = DIRECTION('',(0.,-1.));
#10774 = ( GEOMETRIC_REPRESENTATION_CONTEXT(2) 
PARAMETRIC_REPRESENTATION_CONTEXT() REPRESENTATION_CONTEXT('2D SPACE',''
  ) );
#10775 = PCURVE('',#725,#10776);
#10776 = DEFINITIONAL_REPRESENTATION('',(#10777),#10781);
#10777 = LINE('',#10778,#10779);
#10778 = CARTESIAN_POINT('',(0.89990234375,0.));
#10779 = VECTOR('',#10780,1.);
#10780 = DIRECTION('',(0.,-1.));
#10781 = ( GEOMETRIC_REPRESENTATION_CONTEXT(2) 
PARAMETRIC_REPRESENTATION_CONTEXT() REPRESENTATION_CONTEXT('2D SPACE',''
  ) );
#10782 = ORIENTED_EDGE('',*,*,#10783,.T.);
#10783 = EDGE_CURVE('',#10761,#10636,#10784,.T.);
#10784 = SURFACE_CURVE('',#10785,(#10789,#10796),.PCURVE_S1.);
#10785 = LINE('',#10786,#10787);
#10786 = CARTESIAN_POINT('',(3.034619140625,-16.40610351562,2.6));
#10787 = VECTOR('',#10788,1.);
#10788 = DIRECTION('',(0.,-1.,0.));
#10789 = PCURVE('',#752,#10790);
#10790 = DEFINITIONAL_REPRESENTATION('',(#10791),#10795);
#10791 = LINE('',#10792,#10793);
#10792 = CARTESIAN_POINT('',(0.,-0.7));
#10793 = VECTOR('',#10794,1.);
#10794 = DIRECTION('',(1.,0.));
#10795 = ( GEOMETRIC_REPRESENTATION_CONTEXT(2) 
PARAMETRIC_REPRESENTATION_CONTEXT() REPRESENTATION_CONTEXT('2D SPACE',''
  ) );
#10796 = PCURVE('',#10674,#10797);
#10797 = DEFINITIONAL_REPRESENTATION('',(#10798),#10802);
#10798 = LINE('',#10799,#10800);
#10799 = CARTESIAN_POINT('',(1.34521484375,2.39912109375));
#10800 = VECTOR('',#10801,1.);
#10801 = DIRECTION('',(0.,-1.));
#10802 = ( GEOMETRIC_REPRESENTATION_CONTEXT(2) 
PARAMETRIC_REPRESENTATION_CONTEXT() REPRESENTATION_CONTEXT('2D SPACE',''
  ) );
#10803 = ORIENTED_EDGE('',*,*,#10635,.F.);
#10804 = ADVANCED_FACE('',(#10805),#833,.T.);
#10805 = FACE_BOUND('',#10806,.T.);
#10806 = EDGE_LOOP('',(#10807,#10808,#10809,#10832));
#10807 = ORIENTED_EDGE('',*,*,#817,.T.);
#10808 = ORIENTED_EDGE('',*,*,#10735,.T.);
#10809 = ORIENTED_EDGE('',*,*,#10810,.T.);
#10810 = EDGE_CURVE('',#10713,#10811,#10813,.T.);
#10811 = VERTEX_POINT('',#10812);
#10812 = CARTESIAN_POINT('',(1.778466796875,-16.40610351562,2.6));
#10813 = SURFACE_CURVE('',#10814,(#10818,#10825),.PCURVE_S1.);
#10814 = LINE('',#10815,#10816);
#10815 = CARTESIAN_POINT('',(2.674658203125,-16.40610351562,2.6));
#10816 = VECTOR('',#10817,1.);
#10817 = DIRECTION('',(-1.,0.,0.));
#10818 = PCURVE('',#833,#10819);
#10819 = DEFINITIONAL_REPRESENTATION('',(#10820),#10824);
#10820 = LINE('',#10821,#10822);
#10821 = CARTESIAN_POINT('',(0.,-0.7));
#10822 = VECTOR('',#10823,1.);
#10823 = DIRECTION('',(1.,0.));
#10824 = ( GEOMETRIC_REPRESENTATION_CONTEXT(2) 
PARAMETRIC_REPRESENTATION_CONTEXT() REPRESENTATION_CONTEXT('2D SPACE',''
  ) );
#10825 = PCURVE('',#10674,#10826);
#10826 = DEFINITIONAL_REPRESENTATION('',(#10827),#10831);
#10827 = LINE('',#10828,#10829);
#10828 = CARTESIAN_POINT('',(0.98525390625,2.39912109375));
#10829 = VECTOR('',#10830,1.);
#10830 = DIRECTION('',(-1.,0.));
#10831 = ( GEOMETRIC_REPRESENTATION_CONTEXT(2) 
PARAMETRIC_REPRESENTATION_CONTEXT() REPRESENTATION_CONTEXT('2D SPACE',''
  ) );
#10832 = ORIENTED_EDGE('',*,*,#10833,.F.);
#10833 = EDGE_CURVE('',#818,#10811,#10834,.T.);
#10834 = SURFACE_CURVE('',#10835,(#10839,#10846),.PCURVE_S1.);
#10835 = LINE('',#10836,#10837);
#10836 = CARTESIAN_POINT('',(1.778466796875,-16.40610351562,1.9));
#10837 = VECTOR('',#10838,1.);
#10838 = DIRECTION('',(0.,0.,1.));
#10839 = PCURVE('',#833,#10840);
#10840 = DEFINITIONAL_REPRESENTATION('',(#10841),#10845);
#10841 = LINE('',#10842,#10843);
#10842 = CARTESIAN_POINT('',(0.89619140625,0.));
#10843 = VECTOR('',#10844,1.);
#10844 = DIRECTION('',(0.,-1.));
#10845 = ( GEOMETRIC_REPRESENTATION_CONTEXT(2) 
PARAMETRIC_REPRESENTATION_CONTEXT() REPRESENTATION_CONTEXT('2D SPACE',''
  ) );
#10846 = PCURVE('',#858,#10847);
#10847 = DEFINITIONAL_REPRESENTATION('',(#10848),#10852);
#10848 = LINE('',#10849,#10850);
#10849 = CARTESIAN_POINT('',(0.,0.));
#10850 = VECTOR('',#10851,1.);
#10851 = DIRECTION('',(0.,-1.));
#10852 = ( GEOMETRIC_REPRESENTATION_CONTEXT(2) 
PARAMETRIC_REPRESENTATION_CONTEXT() REPRESENTATION_CONTEXT('2D SPACE',''
  ) );
#10853 = ADVANCED_FACE('',(#10854),#725,.T.);
#10854 = FACE_BOUND('',#10855,.T.);
#10855 = EDGE_LOOP('',(#10856,#10857,#10880,#10901));
#10856 = ORIENTED_EDGE('',*,*,#709,.T.);
#10857 = ORIENTED_EDGE('',*,*,#10858,.T.);
#10858 = EDGE_CURVE('',#683,#10859,#10861,.T.);
#10859 = VERTEX_POINT('',#10860);
#10860 = CARTESIAN_POINT('',(3.934521484375,-16.40610351562,2.6));
#10861 = SURFACE_CURVE('',#10862,(#10866,#10873),.PCURVE_S1.);
#10862 = LINE('',#10863,#10864);
#10863 = CARTESIAN_POINT('',(3.934521484375,-16.40610351562,1.9));
#10864 = VECTOR('',#10865,1.);
#10865 = DIRECTION('',(0.,0.,1.));
#10866 = PCURVE('',#725,#10867);
#10867 = DEFINITIONAL_REPRESENTATION('',(#10868),#10872);
#10868 = LINE('',#10869,#10870);
#10869 = CARTESIAN_POINT('',(0.,-0.));
#10870 = VECTOR('',#10871,1.);
#10871 = DIRECTION('',(0.,-1.));
#10872 = ( GEOMETRIC_REPRESENTATION_CONTEXT(2) 
PARAMETRIC_REPRESENTATION_CONTEXT() REPRESENTATION_CONTEXT('2D SPACE',''
  ) );
#10873 = PCURVE('',#698,#10874);
#10874 = DEFINITIONAL_REPRESENTATION('',(#10875),#10879);
#10875 = LINE('',#10876,#10877);
#10876 = CARTESIAN_POINT('',(0.32099609375,0.));
#10877 = VECTOR('',#10878,1.);
#10878 = DIRECTION('',(0.,-1.));
#10879 = ( GEOMETRIC_REPRESENTATION_CONTEXT(2) 
PARAMETRIC_REPRESENTATION_CONTEXT() REPRESENTATION_CONTEXT('2D SPACE',''
  ) );
#10880 = ORIENTED_EDGE('',*,*,#10881,.T.);
#10881 = EDGE_CURVE('',#10859,#10761,#10882,.T.);
#10882 = SURFACE_CURVE('',#10883,(#10887,#10894),.PCURVE_S1.);
#10883 = LINE('',#10884,#10885);
#10884 = CARTESIAN_POINT('',(3.934521484375,-16.40610351562,2.6));
#10885 = VECTOR('',#10886,1.);
#10886 = DIRECTION('',(-1.,0.,0.));
#10887 = PCURVE('',#725,#10888);
#10888 = DEFINITIONAL_REPRESENTATION('',(#10889),#10893);
#10889 = LINE('',#10890,#10891);
#10890 = CARTESIAN_POINT('',(0.,-0.7));
#10891 = VECTOR('',#10892,1.);
#10892 = DIRECTION('',(1.,0.));
#10893 = ( GEOMETRIC_REPRESENTATION_CONTEXT(2) 
PARAMETRIC_REPRESENTATION_CONTEXT() REPRESENTATION_CONTEXT('2D SPACE',''
  ) );
#10894 = PCURVE('',#10674,#10895);
#10895 = DEFINITIONAL_REPRESENTATION('',(#10896),#10900);
#10896 = LINE('',#10897,#10898);
#10897 = CARTESIAN_POINT('',(2.2451171875,2.39912109375));
#10898 = VECTOR('',#10899,1.);
#10899 = DIRECTION('',(-1.,0.));
#10900 = ( GEOMETRIC_REPRESENTATION_CONTEXT(2) 
PARAMETRIC_REPRESENTATION_CONTEXT() REPRESENTATION_CONTEXT('2D SPACE',''
  ) );
#10901 = ORIENTED_EDGE('',*,*,#10760,.F.);
#10902 = ADVANCED_FACE('',(#10903),#858,.T.);
#10903 = FACE_BOUND('',#10904,.T.);
#10904 = EDGE_LOOP('',(#10905,#10906,#10907,#10930));
#10905 = ORIENTED_EDGE('',*,*,#844,.T.);
#10906 = ORIENTED_EDGE('',*,*,#10833,.T.);
#10907 = ORIENTED_EDGE('',*,*,#10908,.T.);
#10908 = EDGE_CURVE('',#10811,#10909,#10911,.T.);
#10909 = VERTEX_POINT('',#10910);
#10910 = CARTESIAN_POINT('',(1.778466796875,-16.08510742187,2.6));
#10911 = SURFACE_CURVE('',#10912,(#10916,#10923),.PCURVE_S1.);
#10912 = LINE('',#10913,#10914);
#10913 = CARTESIAN_POINT('',(1.778466796875,-16.40610351562,2.6));
#10914 = VECTOR('',#10915,1.);
#10915 = DIRECTION('',(0.,1.,0.));
#10916 = PCURVE('',#858,#10917);
#10917 = DEFINITIONAL_REPRESENTATION('',(#10918),#10922);
#10918 = LINE('',#10919,#10920);
#10919 = CARTESIAN_POINT('',(0.,-0.7));
#10920 = VECTOR('',#10921,1.);
#10921 = DIRECTION('',(1.,0.));
#10922 = ( GEOMETRIC_REPRESENTATION_CONTEXT(2) 
PARAMETRIC_REPRESENTATION_CONTEXT() REPRESENTATION_CONTEXT('2D SPACE',''
  ) );
#10923 = PCURVE('',#10674,#10924);
#10924 = DEFINITIONAL_REPRESENTATION('',(#10925),#10929);
#10925 = LINE('',#10926,#10927);
#10926 = CARTESIAN_POINT('',(8.90625E-02,2.39912109375));
#10927 = VECTOR('',#10928,1.);
#10928 = DIRECTION('',(0.,1.));
#10929 = ( GEOMETRIC_REPRESENTATION_CONTEXT(2) 
PARAMETRIC_REPRESENTATION_CONTEXT() REPRESENTATION_CONTEXT('2D SPACE',''
  ) );
#10930 = ORIENTED_EDGE('',*,*,#10931,.F.);
#10931 = EDGE_CURVE('',#656,#10909,#10932,.T.);
#10932 = SURFACE_CURVE('',#10933,(#10937,#10944),.PCURVE_S1.);
#10933 = LINE('',#10934,#10935);
#10934 = CARTESIAN_POINT('',(1.778466796875,-16.08510742187,1.9));
#10935 = VECTOR('',#10936,1.);
#10936 = DIRECTION('',(0.,0.,1.));
#10937 = PCURVE('',#858,#10938);
#10938 = DEFINITIONAL_REPRESENTATION('',(#10939),#10943);
#10939 = LINE('',#10940,#10941);
#10940 = CARTESIAN_POINT('',(0.32099609375,0.));
#10941 = VECTOR('',#10942,1.);
#10942 = DIRECTION('',(0.,-1.));
#10943 = ( GEOMETRIC_REPRESENTATION_CONTEXT(2) 
PARAMETRIC_REPRESENTATION_CONTEXT() REPRESENTATION_CONTEXT('2D SPACE',''
  ) );
#10944 = PCURVE('',#671,#10945);
#10945 = DEFINITIONAL_REPRESENTATION('',(#10946),#10950);
#10946 = LINE('',#10947,#10948);
#10947 = CARTESIAN_POINT('',(0.,0.));
#10948 = VECTOR('',#10949,1.);
#10949 = DIRECTION('',(0.,-1.));
#10950 = ( GEOMETRIC_REPRESENTATION_CONTEXT(2) 
PARAMETRIC_REPRESENTATION_CONTEXT() REPRESENTATION_CONTEXT('2D SPACE',''
  ) );
#10951 = ADVANCED_FACE('',(#10952),#698,.T.);
#10952 = FACE_BOUND('',#10953,.T.);
#10953 = EDGE_LOOP('',(#10954,#10955,#10978,#10999));
#10954 = ORIENTED_EDGE('',*,*,#682,.T.);
#10955 = ORIENTED_EDGE('',*,*,#10956,.T.);
#10956 = EDGE_CURVE('',#654,#10957,#10959,.T.);
#10957 = VERTEX_POINT('',#10958);
#10958 = CARTESIAN_POINT('',(3.934521484375,-16.08510742187,2.6));
#10959 = SURFACE_CURVE('',#10960,(#10964,#10971),.PCURVE_S1.);
#10960 = LINE('',#10961,#10962);
#10961 = CARTESIAN_POINT('',(3.934521484375,-16.08510742187,1.9));
#10962 = VECTOR('',#10963,1.);
#10963 = DIRECTION('',(0.,0.,1.));
#10964 = PCURVE('',#698,#10965);
#10965 = DEFINITIONAL_REPRESENTATION('',(#10966),#10970);
#10966 = LINE('',#10967,#10968);
#10967 = CARTESIAN_POINT('',(0.,0.));
#10968 = VECTOR('',#10969,1.);
#10969 = DIRECTION('',(0.,-1.));
#10970 = ( GEOMETRIC_REPRESENTATION_CONTEXT(2) 
PARAMETRIC_REPRESENTATION_CONTEXT() REPRESENTATION_CONTEXT('2D SPACE',''
  ) );
#10971 = PCURVE('',#671,#10972);
#10972 = DEFINITIONAL_REPRESENTATION('',(#10973),#10977);
#10973 = LINE('',#10974,#10975);
#10974 = CARTESIAN_POINT('',(2.1560546875,0.));
#10975 = VECTOR('',#10976,1.);
#10976 = DIRECTION('',(0.,-1.));
#10977 = ( GEOMETRIC_REPRESENTATION_CONTEXT(2) 
PARAMETRIC_REPRESENTATION_CONTEXT() REPRESENTATION_CONTEXT('2D SPACE',''
  ) );
#10978 = ORIENTED_EDGE('',*,*,#10979,.T.);
#10979 = EDGE_CURVE('',#10957,#10859,#10980,.T.);
#10980 = SURFACE_CURVE('',#10981,(#10985,#10992),.PCURVE_S1.);
#10981 = LINE('',#10982,#10983);
#10982 = CARTESIAN_POINT('',(3.934521484375,-16.08510742187,2.6));
#10983 = VECTOR('',#10984,1.);
#10984 = DIRECTION('',(0.,-1.,0.));
#10985 = PCURVE('',#698,#10986);
#10986 = DEFINITIONAL_REPRESENTATION('',(#10987),#10991);
#10987 = LINE('',#10988,#10989);
#10988 = CARTESIAN_POINT('',(0.,-0.7));
#10989 = VECTOR('',#10990,1.);
#10990 = DIRECTION('',(1.,0.));
#10991 = ( GEOMETRIC_REPRESENTATION_CONTEXT(2) 
PARAMETRIC_REPRESENTATION_CONTEXT() REPRESENTATION_CONTEXT('2D SPACE',''
  ) );
#10992 = PCURVE('',#10674,#10993);
#10993 = DEFINITIONAL_REPRESENTATION('',(#10994),#10998);
#10994 = LINE('',#10995,#10996);
#10995 = CARTESIAN_POINT('',(2.2451171875,2.7201171875));
#10996 = VECTOR('',#10997,1.);
#10997 = DIRECTION('',(0.,-1.));
#10998 = ( GEOMETRIC_REPRESENTATION_CONTEXT(2) 
PARAMETRIC_REPRESENTATION_CONTEXT() REPRESENTATION_CONTEXT('2D SPACE',''
  ) );
#10999 = ORIENTED_EDGE('',*,*,#10858,.F.);
#11000 = ADVANCED_FACE('',(#11001),#671,.T.);
#11001 = FACE_BOUND('',#11002,.T.);
#11002 = EDGE_LOOP('',(#11003,#11004,#11005,#11026));
#11003 = ORIENTED_EDGE('',*,*,#653,.T.);
#11004 = ORIENTED_EDGE('',*,*,#10931,.T.);
#11005 = ORIENTED_EDGE('',*,*,#11006,.T.);
#11006 = EDGE_CURVE('',#10909,#10957,#11007,.T.);
#11007 = SURFACE_CURVE('',#11008,(#11012,#11019),.PCURVE_S1.);
#11008 = LINE('',#11009,#11010);
#11009 = CARTESIAN_POINT('',(1.778466796875,-16.08510742187,2.6));
#11010 = VECTOR('',#11011,1.);
#11011 = DIRECTION('',(1.,0.,0.));
#11012 = PCURVE('',#671,#11013);
#11013 = DEFINITIONAL_REPRESENTATION('',(#11014),#11018);
#11014 = LINE('',#11015,#11016);
#11015 = CARTESIAN_POINT('',(0.,-0.7));
#11016 = VECTOR('',#11017,1.);
#11017 = DIRECTION('',(1.,0.));
#11018 = ( GEOMETRIC_REPRESENTATION_CONTEXT(2) 
PARAMETRIC_REPRESENTATION_CONTEXT() REPRESENTATION_CONTEXT('2D SPACE',''
  ) );
#11019 = PCURVE('',#10674,#11020);
#11020 = DEFINITIONAL_REPRESENTATION('',(#11021),#11025);
#11021 = LINE('',#11022,#11023);
#11022 = CARTESIAN_POINT('',(8.90625E-02,2.7201171875));
#11023 = VECTOR('',#11024,1.);
#11024 = DIRECTION('',(1.,0.));
#11025 = ( GEOMETRIC_REPRESENTATION_CONTEXT(2) 
PARAMETRIC_REPRESENTATION_CONTEXT() REPRESENTATION_CONTEXT('2D SPACE',''
  ) );
#11026 = ORIENTED_EDGE('',*,*,#10956,.F.);
#11027 = ADVANCED_FACE('',(#11028),#5989,.T.);
#11028 = FACE_BOUND('',#11029,.F.);
#11029 = EDGE_LOOP('',(#11030,#11031,#11032,#11033,#11034,#11035,#11036,
    #11037,#11038,#11039,#11040,#11041,#11042,#11043,#11044,#11045,
    #11046,#11047,#11048,#11049,#11050,#11051));
#11030 = ORIENTED_EDGE('',*,*,#5973,.T.);
#11031 = ORIENTED_EDGE('',*,*,#7007,.T.);
#11032 = ORIENTED_EDGE('',*,*,#6980,.T.);
#11033 = ORIENTED_EDGE('',*,*,#6931,.T.);
#11034 = ORIENTED_EDGE('',*,*,#6882,.T.);
#11035 = ORIENTED_EDGE('',*,*,#6833,.T.);
#11036 = ORIENTED_EDGE('',*,*,#6784,.T.);
#11037 = ORIENTED_EDGE('',*,*,#6735,.T.);
#11038 = ORIENTED_EDGE('',*,*,#6686,.T.);
#11039 = ORIENTED_EDGE('',*,*,#6637,.T.);
#11040 = ORIENTED_EDGE('',*,*,#6588,.T.);
#11041 = ORIENTED_EDGE('',*,*,#6539,.T.);
#11042 = ORIENTED_EDGE('',*,*,#6490,.T.);
#11043 = ORIENTED_EDGE('',*,*,#6441,.T.);
#11044 = ORIENTED_EDGE('',*,*,#6392,.T.);
#11045 = ORIENTED_EDGE('',*,*,#6343,.T.);
#11046 = ORIENTED_EDGE('',*,*,#6294,.T.);
#11047 = ORIENTED_EDGE('',*,*,#6245,.T.);
#11048 = ORIENTED_EDGE('',*,*,#6196,.T.);
#11049 = ORIENTED_EDGE('',*,*,#6147,.T.);
#11050 = ORIENTED_EDGE('',*,*,#6098,.T.);
#11051 = ORIENTED_EDGE('',*,*,#6049,.T.);
#11052 = ADVANCED_FACE('',(#11053),#7072,.T.);
#11053 = FACE_BOUND('',#11054,.F.);
#11054 = EDGE_LOOP('',(#11055,#11056,#11057,#11058,#11059,#11060,#11061,
    #11062,#11063,#11064,#11065,#11066,#11067,#11068,#11069,#11070,
    #11071,#11072,#11073,#11074,#11075,#11076));
#11055 = ORIENTED_EDGE('',*,*,#7056,.T.);
#11056 = ORIENTED_EDGE('',*,*,#8090,.T.);
#11057 = ORIENTED_EDGE('',*,*,#8063,.T.);
#11058 = ORIENTED_EDGE('',*,*,#8014,.T.);
#11059 = ORIENTED_EDGE('',*,*,#7965,.T.);
#11060 = ORIENTED_EDGE('',*,*,#7916,.T.);
#11061 = ORIENTED_EDGE('',*,*,#7867,.T.);
#11062 = ORIENTED_EDGE('',*,*,#7818,.T.);
#11063 = ORIENTED_EDGE('',*,*,#7769,.T.);
#11064 = ORIENTED_EDGE('',*,*,#7720,.T.);
#11065 = ORIENTED_EDGE('',*,*,#7671,.T.);
#11066 = ORIENTED_EDGE('',*,*,#7622,.T.);
#11067 = ORIENTED_EDGE('',*,*,#7573,.T.);
#11068 = ORIENTED_EDGE('',*,*,#7524,.T.);
#11069 = ORIENTED_EDGE('',*,*,#7475,.T.);
#11070 = ORIENTED_EDGE('',*,*,#7426,.T.);
#11071 = ORIENTED_EDGE('',*,*,#7377,.T.);
#11072 = ORIENTED_EDGE('',*,*,#7328,.T.);
#11073 = ORIENTED_EDGE('',*,*,#7279,.T.);
#11074 = ORIENTED_EDGE('',*,*,#7230,.T.);
#11075 = ORIENTED_EDGE('',*,*,#7181,.T.);
#11076 = ORIENTED_EDGE('',*,*,#7132,.T.);
#11077 = ADVANCED_FACE('',(#11078),#8155,.T.);
#11078 = FACE_BOUND('',#11079,.F.);
#11079 = EDGE_LOOP('',(#11080,#11081,#11082,#11083));
#11080 = ORIENTED_EDGE('',*,*,#8139,.T.);
#11081 = ORIENTED_EDGE('',*,*,#8291,.T.);
#11082 = ORIENTED_EDGE('',*,*,#8264,.T.);
#11083 = ORIENTED_EDGE('',*,*,#8215,.T.);
#11084 = ADVANCED_FACE('',(#11085,#11106),#8356,.T.);
#11085 = FACE_BOUND('',#11086,.F.);
#11086 = EDGE_LOOP('',(#11087,#11088,#11089,#11090,#11091,#11092,#11093,
    #11094,#11095,#11096,#11097,#11098,#11099,#11100,#11101,#11102,
    #11103,#11104,#11105));
#11087 = ORIENTED_EDGE('',*,*,#8340,.T.);
#11088 = ORIENTED_EDGE('',*,*,#9227,.T.);
#11089 = ORIENTED_EDGE('',*,*,#9200,.T.);
#11090 = ORIENTED_EDGE('',*,*,#9151,.T.);
#11091 = ORIENTED_EDGE('',*,*,#9102,.T.);
#11092 = ORIENTED_EDGE('',*,*,#9053,.T.);
#11093 = ORIENTED_EDGE('',*,*,#9004,.T.);
#11094 = ORIENTED_EDGE('',*,*,#8955,.T.);
#11095 = ORIENTED_EDGE('',*,*,#8906,.T.);
#11096 = ORIENTED_EDGE('',*,*,#8857,.T.);
#11097 = ORIENTED_EDGE('',*,*,#8808,.T.);
#11098 = ORIENTED_EDGE('',*,*,#8759,.T.);
#11099 = ORIENTED_EDGE('',*,*,#8710,.T.);
#11100 = ORIENTED_EDGE('',*,*,#8661,.T.);
#11101 = ORIENTED_EDGE('',*,*,#8612,.T.);
#11102 = ORIENTED_EDGE('',*,*,#8563,.T.);
#11103 = ORIENTED_EDGE('',*,*,#8514,.T.);
#11104 = ORIENTED_EDGE('',*,*,#8465,.T.);
#11105 = ORIENTED_EDGE('',*,*,#8416,.T.);
#11106 = FACE_BOUND('',#11107,.F.);
#11107 = EDGE_LOOP('',(#11108,#11140,#11170,#11200,#11230,#11260,#11290,
    #11320,#11350));
#11108 = ORIENTED_EDGE('',*,*,#11109,.T.);
#11109 = EDGE_CURVE('',#11110,#11112,#11114,.T.);
#11110 = VERTEX_POINT('',#11111);
#11111 = CARTESIAN_POINT('',(2.7783203125,-23.24194335937,2.6));
#11112 = VERTEX_POINT('',#11113);
#11113 = CARTESIAN_POINT('',(2.874755859375,-23.67651367187,2.6));
#11114 = SURFACE_CURVE('',#11115,(#11119,#11126),.PCURVE_S1.);
#11115 = B_SPLINE_CURVE_WITH_KNOTS('',2,(#11116,#11117,#11118),
  .UNSPECIFIED.,.F.,.F.,(3,3),(0.,1.),.PIECEWISE_BEZIER_KNOTS.);
#11116 = CARTESIAN_POINT('',(2.7783203125,-23.24194335937,2.6));
#11117 = CARTESIAN_POINT('',(2.7783203125,-23.46899414062,2.6));
#11118 = CARTESIAN_POINT('',(2.874755859375,-23.67651367187,2.6));
#11119 = PCURVE('',#8356,#11120);
#11120 = DEFINITIONAL_REPRESENTATION('',(#11121),#11125);
#11121 = B_SPLINE_CURVE_WITH_KNOTS('',2,(#11122,#11123,#11124),
  .UNSPECIFIED.,.F.,.F.,(3,3),(0.,1.),.PIECEWISE_BEZIER_KNOTS.);
#11122 = CARTESIAN_POINT('',(0.693359375,1.15966796875));
#11123 = CARTESIAN_POINT('',(0.693359375,0.9326171875));
#11124 = CARTESIAN_POINT('',(0.789794921875,0.72509765625));
#11125 = ( GEOMETRIC_REPRESENTATION_CONTEXT(2) 
PARAMETRIC_REPRESENTATION_CONTEXT() REPRESENTATION_CONTEXT('2D SPACE',''
  ) );
#11126 = PCURVE('',#11127,#11134);
#11127 = SURFACE_OF_LINEAR_EXTRUSION('',#11128,#11132);
#11128 = B_SPLINE_CURVE_WITH_KNOTS('',2,(#11129,#11130,#11131),
  .UNSPECIFIED.,.F.,.F.,(3,3),(0.,1.),.PIECEWISE_BEZIER_KNOTS.);
#11129 = CARTESIAN_POINT('',(2.7783203125,-23.24194335937,1.9));
#11130 = CARTESIAN_POINT('',(2.7783203125,-23.46899414062,1.9));
#11131 = CARTESIAN_POINT('',(2.874755859375,-23.67651367187,1.9));
#11132 = VECTOR('',#11133,1.);
#11133 = DIRECTION('',(-0.,-0.,-1.));
#11134 = DEFINITIONAL_REPRESENTATION('',(#11135),#11139);
#11135 = LINE('',#11136,#11137);
#11136 = CARTESIAN_POINT('',(0.,-0.7));
#11137 = VECTOR('',#11138,1.);
#11138 = DIRECTION('',(1.,0.));
#11139 = ( GEOMETRIC_REPRESENTATION_CONTEXT(2) 
PARAMETRIC_REPRESENTATION_CONTEXT() REPRESENTATION_CONTEXT('2D SPACE',''
  ) );
#11140 = ORIENTED_EDGE('',*,*,#11141,.T.);
#11141 = EDGE_CURVE('',#11112,#11142,#11144,.T.);
#11142 = VERTEX_POINT('',#11143);
#11143 = CARTESIAN_POINT('',(3.14453125,-23.99267578125,2.6));
#11144 = SURFACE_CURVE('',#11145,(#11149,#11156),.PCURVE_S1.);
#11145 = B_SPLINE_CURVE_WITH_KNOTS('',2,(#11146,#11147,#11148),
  .UNSPECIFIED.,.F.,.F.,(3,3),(0.,1.),.PIECEWISE_BEZIER_KNOTS.);
#11146 = CARTESIAN_POINT('',(2.874755859375,-23.67651367187,2.6));
#11147 = CARTESIAN_POINT('',(2.97119140625,-23.88403320312,2.6));
#11148 = CARTESIAN_POINT('',(3.14453125,-23.99267578125,2.6));
#11149 = PCURVE('',#8356,#11150);
#11150 = DEFINITIONAL_REPRESENTATION('',(#11151),#11155);
#11151 = B_SPLINE_CURVE_WITH_KNOTS('',2,(#11152,#11153,#11154),
  .UNSPECIFIED.,.F.,.F.,(3,3),(0.,1.),.PIECEWISE_BEZIER_KNOTS.);
#11152 = CARTESIAN_POINT('',(0.789794921875,0.72509765625));
#11153 = CARTESIAN_POINT('',(0.88623046875,0.517578125));
#11154 = CARTESIAN_POINT('',(1.0595703125,0.408935546875));
#11155 = ( GEOMETRIC_REPRESENTATION_CONTEXT(2) 
PARAMETRIC_REPRESENTATION_CONTEXT() REPRESENTATION_CONTEXT('2D SPACE',''
  ) );
#11156 = PCURVE('',#11157,#11164);
#11157 = SURFACE_OF_LINEAR_EXTRUSION('',#11158,#11162);
#11158 = B_SPLINE_CURVE_WITH_KNOTS('',2,(#11159,#11160,#11161),
  .UNSPECIFIED.,.F.,.F.,(3,3),(0.,1.),.PIECEWISE_BEZIER_KNOTS.);
#11159 = CARTESIAN_POINT('',(2.874755859375,-23.67651367187,1.9));
#11160 = CARTESIAN_POINT('',(2.97119140625,-23.88403320312,1.9));
#11161 = CARTESIAN_POINT('',(3.14453125,-23.99267578125,1.9));
#11162 = VECTOR('',#11163,1.);
#11163 = DIRECTION('',(-0.,-0.,-1.));
#11164 = DEFINITIONAL_REPRESENTATION('',(#11165),#11169);
#11165 = LINE('',#11166,#11167);
#11166 = CARTESIAN_POINT('',(0.,-0.7));
#11167 = VECTOR('',#11168,1.);
#11168 = DIRECTION('',(1.,0.));
#11169 = ( GEOMETRIC_REPRESENTATION_CONTEXT(2) 
PARAMETRIC_REPRESENTATION_CONTEXT() REPRESENTATION_CONTEXT('2D SPACE',''
  ) );
#11170 = ORIENTED_EDGE('',*,*,#11171,.T.);
#11171 = EDGE_CURVE('',#11142,#11172,#11174,.T.);
#11172 = VERTEX_POINT('',#11173);
#11173 = CARTESIAN_POINT('',(3.50830078125,-24.10131835937,2.6));
#11174 = SURFACE_CURVE('',#11175,(#11179,#11186),.PCURVE_S1.);
#11175 = B_SPLINE_CURVE_WITH_KNOTS('',2,(#11176,#11177,#11178),
  .UNSPECIFIED.,.F.,.F.,(3,3),(0.,1.),.PIECEWISE_BEZIER_KNOTS.);
#11176 = CARTESIAN_POINT('',(3.14453125,-23.99267578125,2.6));
#11177 = CARTESIAN_POINT('',(3.31787109375,-24.10131835937,2.6));
#11178 = CARTESIAN_POINT('',(3.50830078125,-24.10131835937,2.6));
#11179 = PCURVE('',#8356,#11180);
#11180 = DEFINITIONAL_REPRESENTATION('',(#11181),#11185);
#11181 = B_SPLINE_CURVE_WITH_KNOTS('',2,(#11182,#11183,#11184),
  .UNSPECIFIED.,.F.,.F.,(3,3),(0.,1.),.PIECEWISE_BEZIER_KNOTS.);
#11182 = CARTESIAN_POINT('',(1.0595703125,0.408935546875));
#11183 = CARTESIAN_POINT('',(1.23291015625,0.30029296875));
#11184 = CARTESIAN_POINT('',(1.42333984375,0.30029296875));
#11185 = ( GEOMETRIC_REPRESENTATION_CONTEXT(2) 
PARAMETRIC_REPRESENTATION_CONTEXT() REPRESENTATION_CONTEXT('2D SPACE',''
  ) );
#11186 = PCURVE('',#11187,#11194);
#11187 = SURFACE_OF_LINEAR_EXTRUSION('',#11188,#11192);
#11188 = B_SPLINE_CURVE_WITH_KNOTS('',2,(#11189,#11190,#11191),
  .UNSPECIFIED.,.F.,.F.,(3,3),(0.,1.),.PIECEWISE_BEZIER_KNOTS.);
#11189 = CARTESIAN_POINT('',(3.14453125,-23.99267578125,1.9));
#11190 = CARTESIAN_POINT('',(3.31787109375,-24.10131835937,1.9));
#11191 = CARTESIAN_POINT('',(3.50830078125,-24.10131835937,1.9));
#11192 = VECTOR('',#11193,1.);
#11193 = DIRECTION('',(-0.,-0.,-1.));
#11194 = DEFINITIONAL_REPRESENTATION('',(#11195),#11199);
#11195 = LINE('',#11196,#11197);
#11196 = CARTESIAN_POINT('',(0.,-0.7));
#11197 = VECTOR('',#11198,1.);
#11198 = DIRECTION('',(1.,0.));
#11199 = ( GEOMETRIC_REPRESENTATION_CONTEXT(2) 
PARAMETRIC_REPRESENTATION_CONTEXT() REPRESENTATION_CONTEXT('2D SPACE',''
  ) );
#11200 = ORIENTED_EDGE('',*,*,#11201,.T.);
#11201 = EDGE_CURVE('',#11172,#11202,#11204,.T.);
#11202 = VERTEX_POINT('',#11203);
#11203 = CARTESIAN_POINT('',(3.98681640625,-23.87670898437,2.6));
#11204 = SURFACE_CURVE('',#11205,(#11209,#11216),.PCURVE_S1.);
#11205 = B_SPLINE_CURVE_WITH_KNOTS('',2,(#11206,#11207,#11208),
  .UNSPECIFIED.,.F.,.F.,(3,3),(0.,1.),.PIECEWISE_BEZIER_KNOTS.);
#11206 = CARTESIAN_POINT('',(3.50830078125,-24.10131835937,2.6));
#11207 = CARTESIAN_POINT('',(3.78662109375,-24.10131835937,2.6));
#11208 = CARTESIAN_POINT('',(3.98681640625,-23.87670898437,2.6));
#11209 = PCURVE('',#8356,#11210);
#11210 = DEFINITIONAL_REPRESENTATION('',(#11211),#11215);
#11211 = B_SPLINE_CURVE_WITH_KNOTS('',2,(#11212,#11213,#11214),
  .UNSPECIFIED.,.F.,.F.,(3,3),(0.,1.),.PIECEWISE_BEZIER_KNOTS.);
#11212 = CARTESIAN_POINT('',(1.42333984375,0.30029296875));
#11213 = CARTESIAN_POINT('',(1.70166015625,0.30029296875));
#11214 = CARTESIAN_POINT('',(1.90185546875,0.52490234375));
#11215 = ( GEOMETRIC_REPRESENTATION_CONTEXT(2) 
PARAMETRIC_REPRESENTATION_CONTEXT() REPRESENTATION_CONTEXT('2D SPACE',''
  ) );
#11216 = PCURVE('',#11217,#11224);
#11217 = SURFACE_OF_LINEAR_EXTRUSION('',#11218,#11222);
#11218 = B_SPLINE_CURVE_WITH_KNOTS('',2,(#11219,#11220,#11221),
  .UNSPECIFIED.,.F.,.F.,(3,3),(0.,1.),.PIECEWISE_BEZIER_KNOTS.);
#11219 = CARTESIAN_POINT('',(3.50830078125,-24.10131835937,1.9));
#11220 = CARTESIAN_POINT('',(3.78662109375,-24.10131835937,1.9));
#11221 = CARTESIAN_POINT('',(3.98681640625,-23.87670898437,1.9));
#11222 = VECTOR('',#11223,1.);
#11223 = DIRECTION('',(-0.,-0.,-1.));
#11224 = DEFINITIONAL_REPRESENTATION('',(#11225),#11229);
#11225 = LINE('',#11226,#11227);
#11226 = CARTESIAN_POINT('',(0.,-0.7));
#11227 = VECTOR('',#11228,1.);
#11228 = DIRECTION('',(1.,0.));
#11229 = ( GEOMETRIC_REPRESENTATION_CONTEXT(2) 
PARAMETRIC_REPRESENTATION_CONTEXT() REPRESENTATION_CONTEXT('2D SPACE',''
  ) );
#11230 = ORIENTED_EDGE('',*,*,#11231,.T.);
#11231 = EDGE_CURVE('',#11202,#11232,#11234,.T.);
#11232 = VERTEX_POINT('',#11233);
#11233 = CARTESIAN_POINT('',(4.18701171875,-23.26635742187,2.6));
#11234 = SURFACE_CURVE('',#11235,(#11239,#11246),.PCURVE_S1.);
#11235 = B_SPLINE_CURVE_WITH_KNOTS('',2,(#11236,#11237,#11238),
  .UNSPECIFIED.,.F.,.F.,(3,3),(0.,1.),.PIECEWISE_BEZIER_KNOTS.);
#11236 = CARTESIAN_POINT('',(3.98681640625,-23.87670898437,2.6));
#11237 = CARTESIAN_POINT('',(4.18701171875,-23.65209960937,2.6));
#11238 = CARTESIAN_POINT('',(4.18701171875,-23.26635742187,2.6));
#11239 = PCURVE('',#8356,#11240);
#11240 = DEFINITIONAL_REPRESENTATION('',(#11241),#11245);
#11241 = B_SPLINE_CURVE_WITH_KNOTS('',2,(#11242,#11243,#11244),
  .UNSPECIFIED.,.F.,.F.,(3,3),(0.,1.),.PIECEWISE_BEZIER_KNOTS.);
#11242 = CARTESIAN_POINT('',(1.90185546875,0.52490234375));
#11243 = CARTESIAN_POINT('',(2.10205078125,0.74951171875));
#11244 = CARTESIAN_POINT('',(2.10205078125,1.13525390625));
#11245 = ( GEOMETRIC_REPRESENTATION_CONTEXT(2) 
PARAMETRIC_REPRESENTATION_CONTEXT() REPRESENTATION_CONTEXT('2D SPACE',''
  ) );
#11246 = PCURVE('',#11247,#11254);
#11247 = SURFACE_OF_LINEAR_EXTRUSION('',#11248,#11252);
#11248 = B_SPLINE_CURVE_WITH_KNOTS('',2,(#11249,#11250,#11251),
  .UNSPECIFIED.,.F.,.F.,(3,3),(0.,1.),.PIECEWISE_BEZIER_KNOTS.);
#11249 = CARTESIAN_POINT('',(3.98681640625,-23.87670898437,1.9));
#11250 = CARTESIAN_POINT('',(4.18701171875,-23.65209960937,1.9));
#11251 = CARTESIAN_POINT('',(4.18701171875,-23.26635742187,1.9));
#11252 = VECTOR('',#11253,1.);
#11253 = DIRECTION('',(-0.,-0.,-1.));
#11254 = DEFINITIONAL_REPRESENTATION('',(#11255),#11259);
#11255 = LINE('',#11256,#11257);
#11256 = CARTESIAN_POINT('',(0.,-0.7));
#11257 = VECTOR('',#11258,1.);
#11258 = DIRECTION('',(1.,0.));
#11259 = ( GEOMETRIC_REPRESENTATION_CONTEXT(2) 
PARAMETRIC_REPRESENTATION_CONTEXT() REPRESENTATION_CONTEXT('2D SPACE',''
  ) );
#11260 = ORIENTED_EDGE('',*,*,#11261,.T.);
#11261 = EDGE_CURVE('',#11232,#11262,#11264,.T.);
#11262 = VERTEX_POINT('',#11263);
#11263 = CARTESIAN_POINT('',(3.9892578125,-22.681640625,2.6));
#11264 = SURFACE_CURVE('',#11265,(#11269,#11276),.PCURVE_S1.);
#11265 = B_SPLINE_CURVE_WITH_KNOTS('',2,(#11266,#11267,#11268),
  .UNSPECIFIED.,.F.,.F.,(3,3),(0.,1.),.PIECEWISE_BEZIER_KNOTS.);
#11266 = CARTESIAN_POINT('',(4.18701171875,-23.26635742187,2.6));
#11267 = CARTESIAN_POINT('',(4.18701171875,-22.89526367187,2.6));
#11268 = CARTESIAN_POINT('',(3.9892578125,-22.681640625,2.6));
#11269 = PCURVE('',#8356,#11270);
#11270 = DEFINITIONAL_REPRESENTATION('',(#11271),#11275);
#11271 = B_SPLINE_CURVE_WITH_KNOTS('',2,(#11272,#11273,#11274),
  .UNSPECIFIED.,.F.,.F.,(3,3),(0.,1.),.PIECEWISE_BEZIER_KNOTS.);
#11272 = CARTESIAN_POINT('',(2.10205078125,1.13525390625));
#11273 = CARTESIAN_POINT('',(2.10205078125,1.50634765625));
#11274 = CARTESIAN_POINT('',(1.904296875,1.719970703125));
#11275 = ( GEOMETRIC_REPRESENTATION_CONTEXT(2) 
PARAMETRIC_REPRESENTATION_CONTEXT() REPRESENTATION_CONTEXT('2D SPACE',''
  ) );
#11276 = PCURVE('',#11277,#11284);
#11277 = SURFACE_OF_LINEAR_EXTRUSION('',#11278,#11282);
#11278 = B_SPLINE_CURVE_WITH_KNOTS('',2,(#11279,#11280,#11281),
  .UNSPECIFIED.,.F.,.F.,(3,3),(0.,1.),.PIECEWISE_BEZIER_KNOTS.);
#11279 = CARTESIAN_POINT('',(4.18701171875,-23.26635742187,1.9));
#11280 = CARTESIAN_POINT('',(4.18701171875,-22.89526367187,1.9));
#11281 = CARTESIAN_POINT('',(3.9892578125,-22.681640625,1.9));
#11282 = VECTOR('',#11283,1.);
#11283 = DIRECTION('',(-0.,-0.,-1.));
#11284 = DEFINITIONAL_REPRESENTATION('',(#11285),#11289);
#11285 = LINE('',#11286,#11287);
#11286 = CARTESIAN_POINT('',(0.,-0.7));
#11287 = VECTOR('',#11288,1.);
#11288 = DIRECTION('',(1.,0.));
#11289 = ( GEOMETRIC_REPRESENTATION_CONTEXT(2) 
PARAMETRIC_REPRESENTATION_CONTEXT() REPRESENTATION_CONTEXT('2D SPACE',''
  ) );
#11290 = ORIENTED_EDGE('',*,*,#11291,.T.);
#11291 = EDGE_CURVE('',#11262,#11292,#11294,.T.);
#11292 = VERTEX_POINT('',#11293);
#11293 = CARTESIAN_POINT('',(3.4912109375,-22.46801757812,2.6));
#11294 = SURFACE_CURVE('',#11295,(#11299,#11306),.PCURVE_S1.);
#11295 = B_SPLINE_CURVE_WITH_KNOTS('',2,(#11296,#11297,#11298),
  .UNSPECIFIED.,.F.,.F.,(3,3),(0.,1.),.PIECEWISE_BEZIER_KNOTS.);
#11296 = CARTESIAN_POINT('',(3.9892578125,-22.681640625,2.6));
#11297 = CARTESIAN_POINT('',(3.79150390625,-22.46801757812,2.6));
#11298 = CARTESIAN_POINT('',(3.4912109375,-22.46801757812,2.6));
#11299 = PCURVE('',#8356,#11300);
#11300 = DEFINITIONAL_REPRESENTATION('',(#11301),#11305);
#11301 = B_SPLINE_CURVE_WITH_KNOTS('',2,(#11302,#11303,#11304),
  .UNSPECIFIED.,.F.,.F.,(3,3),(0.,1.),.PIECEWISE_BEZIER_KNOTS.);
#11302 = CARTESIAN_POINT('',(1.904296875,1.719970703125));
#11303 = CARTESIAN_POINT('',(1.70654296875,1.93359375));
#11304 = CARTESIAN_POINT('',(1.40625,1.93359375));
#11305 = ( GEOMETRIC_REPRESENTATION_CONTEXT(2) 
PARAMETRIC_REPRESENTATION_CONTEXT() REPRESENTATION_CONTEXT('2D SPACE',''
  ) );
#11306 = PCURVE('',#11307,#11314);
#11307 = SURFACE_OF_LINEAR_EXTRUSION('',#11308,#11312);
#11308 = B_SPLINE_CURVE_WITH_KNOTS('',2,(#11309,#11310,#11311),
  .UNSPECIFIED.,.F.,.F.,(3,3),(0.,1.),.PIECEWISE_BEZIER_KNOTS.);
#11309 = CARTESIAN_POINT('',(3.9892578125,-22.681640625,1.9));
#11310 = CARTESIAN_POINT('',(3.79150390625,-22.46801757812,1.9));
#11311 = CARTESIAN_POINT('',(3.4912109375,-22.46801757812,1.9));
#11312 = VECTOR('',#11313,1.);
#11313 = DIRECTION('',(-0.,-0.,-1.));
#11314 = DEFINITIONAL_REPRESENTATION('',(#11315),#11319);
#11315 = LINE('',#11316,#11317);
#11316 = CARTESIAN_POINT('',(0.,-0.7));
#11317 = VECTOR('',#11318,1.);
#11318 = DIRECTION('',(1.,0.));
#11319 = ( GEOMETRIC_REPRESENTATION_CONTEXT(2) 
PARAMETRIC_REPRESENTATION_CONTEXT() REPRESENTATION_CONTEXT('2D SPACE',''
  ) );
#11320 = ORIENTED_EDGE('',*,*,#11321,.T.);
#11321 = EDGE_CURVE('',#11292,#11322,#11324,.T.);
#11322 = VERTEX_POINT('',#11323);
#11323 = CARTESIAN_POINT('',(2.98583984375,-22.681640625,2.6));
#11324 = SURFACE_CURVE('',#11325,(#11329,#11336),.PCURVE_S1.);
#11325 = B_SPLINE_CURVE_WITH_KNOTS('',2,(#11326,#11327,#11328),
  .UNSPECIFIED.,.F.,.F.,(3,3),(0.,1.),.PIECEWISE_BEZIER_KNOTS.);
#11326 = CARTESIAN_POINT('',(3.4912109375,-22.46801757812,2.6));
#11327 = CARTESIAN_POINT('',(3.193359375,-22.46801757812,2.6));
#11328 = CARTESIAN_POINT('',(2.98583984375,-22.681640625,2.6));
#11329 = PCURVE('',#8356,#11330);
#11330 = DEFINITIONAL_REPRESENTATION('',(#11331),#11335);
#11331 = B_SPLINE_CURVE_WITH_KNOTS('',2,(#11332,#11333,#11334),
  .UNSPECIFIED.,.F.,.F.,(3,3),(0.,1.),.PIECEWISE_BEZIER_KNOTS.);
#11332 = CARTESIAN_POINT('',(1.40625,1.93359375));
#11333 = CARTESIAN_POINT('',(1.1083984375,1.93359375));
#11334 = CARTESIAN_POINT('',(0.90087890625,1.719970703125));
#11335 = ( GEOMETRIC_REPRESENTATION_CONTEXT(2) 
PARAMETRIC_REPRESENTATION_CONTEXT() REPRESENTATION_CONTEXT('2D SPACE',''
  ) );
#11336 = PCURVE('',#11337,#11344);
#11337 = SURFACE_OF_LINEAR_EXTRUSION('',#11338,#11342);
#11338 = B_SPLINE_CURVE_WITH_KNOTS('',2,(#11339,#11340,#11341),
  .UNSPECIFIED.,.F.,.F.,(3,3),(0.,1.),.PIECEWISE_BEZIER_KNOTS.);
#11339 = CARTESIAN_POINT('',(3.4912109375,-22.46801757812,1.9));
#11340 = CARTESIAN_POINT('',(3.193359375,-22.46801757812,1.9));
#11341 = CARTESIAN_POINT('',(2.98583984375,-22.681640625,1.9));
#11342 = VECTOR('',#11343,1.);
#11343 = DIRECTION('',(-0.,-0.,-1.));
#11344 = DEFINITIONAL_REPRESENTATION('',(#11345),#11349);
#11345 = LINE('',#11346,#11347);
#11346 = CARTESIAN_POINT('',(0.,-0.7));
#11347 = VECTOR('',#11348,1.);
#11348 = DIRECTION('',(1.,0.));
#11349 = ( GEOMETRIC_REPRESENTATION_CONTEXT(2) 
PARAMETRIC_REPRESENTATION_CONTEXT() REPRESENTATION_CONTEXT('2D SPACE',''
  ) );
#11350 = ORIENTED_EDGE('',*,*,#11351,.T.);
#11351 = EDGE_CURVE('',#11322,#11110,#11352,.T.);
#11352 = SURFACE_CURVE('',#11353,(#11357,#11364),.PCURVE_S1.);
#11353 = B_SPLINE_CURVE_WITH_KNOTS('',2,(#11354,#11355,#11356),
  .UNSPECIFIED.,.F.,.F.,(3,3),(0.,1.),.PIECEWISE_BEZIER_KNOTS.);
#11354 = CARTESIAN_POINT('',(2.98583984375,-22.681640625,2.6));
#11355 = CARTESIAN_POINT('',(2.7783203125,-22.89526367187,2.6));
#11356 = CARTESIAN_POINT('',(2.7783203125,-23.24194335937,2.6));
#11357 = PCURVE('',#8356,#11358);
#11358 = DEFINITIONAL_REPRESENTATION('',(#11359),#11363);
#11359 = B_SPLINE_CURVE_WITH_KNOTS('',2,(#11360,#11361,#11362),
  .UNSPECIFIED.,.F.,.F.,(3,3),(0.,1.),.PIECEWISE_BEZIER_KNOTS.);
#11360 = CARTESIAN_POINT('',(0.90087890625,1.719970703125));
#11361 = CARTESIAN_POINT('',(0.693359375,1.50634765625));
#11362 = CARTESIAN_POINT('',(0.693359375,1.15966796875));
#11363 = ( GEOMETRIC_REPRESENTATION_CONTEXT(2) 
PARAMETRIC_REPRESENTATION_CONTEXT() REPRESENTATION_CONTEXT('2D SPACE',''
  ) );
#11364 = PCURVE('',#11365,#11372);
#11365 = SURFACE_OF_LINEAR_EXTRUSION('',#11366,#11370);
#11366 = B_SPLINE_CURVE_WITH_KNOTS('',2,(#11367,#11368,#11369),
  .UNSPECIFIED.,.F.,.F.,(3,3),(0.,1.),.PIECEWISE_BEZIER_KNOTS.);
#11367 = CARTESIAN_POINT('',(2.98583984375,-22.681640625,1.9));
#11368 = CARTESIAN_POINT('',(2.7783203125,-22.89526367187,1.9));
#11369 = CARTESIAN_POINT('',(2.7783203125,-23.24194335937,1.9));
#11370 = VECTOR('',#11371,1.);
#11371 = DIRECTION('',(-0.,-0.,-1.));
#11372 = DEFINITIONAL_REPRESENTATION('',(#11373),#11377);
#11373 = LINE('',#11374,#11375);
#11374 = CARTESIAN_POINT('',(0.,-0.7));
#11375 = VECTOR('',#11376,1.);
#11376 = DIRECTION('',(1.,0.));
#11377 = ( GEOMETRIC_REPRESENTATION_CONTEXT(2) 
PARAMETRIC_REPRESENTATION_CONTEXT() REPRESENTATION_CONTEXT('2D SPACE',''
  ) );
#11378 = ADVANCED_FACE('',(#11379,#11392),#9292,.T.);
#11379 = FACE_BOUND('',#11380,.F.);
#11380 = EDGE_LOOP('',(#11381,#11382,#11383,#11384,#11385,#11386,#11387,
    #11388,#11389,#11390,#11391));
#11381 = ORIENTED_EDGE('',*,*,#9276,.T.);
#11382 = ORIENTED_EDGE('',*,*,#9330,.T.);
#11383 = ORIENTED_EDGE('',*,*,#9428,.T.);
#11384 = ORIENTED_EDGE('',*,*,#9526,.T.);
#11385 = ORIENTED_EDGE('',*,*,#9624,.T.);
#11386 = ORIENTED_EDGE('',*,*,#9722,.T.);
#11387 = ORIENTED_EDGE('',*,*,#9771,.T.);
#11388 = ORIENTED_EDGE('',*,*,#9695,.T.);
#11389 = ORIENTED_EDGE('',*,*,#9597,.T.);
#11390 = ORIENTED_EDGE('',*,*,#9499,.T.);
#11391 = ORIENTED_EDGE('',*,*,#9401,.T.);
#11392 = FACE_BOUND('',#11393,.F.);
#11393 = EDGE_LOOP('',(#11394,#11426,#11456,#11486,#11516,#11546,#11576,
    #11606,#11636));
#11394 = ORIENTED_EDGE('',*,*,#11395,.T.);
#11395 = EDGE_CURVE('',#11396,#11398,#11400,.T.);
#11396 = VERTEX_POINT('',#11397);
#11397 = CARTESIAN_POINT('',(-3.455810546875,-17.48598632812,2.6));
#11398 = VERTEX_POINT('',#11399);
#11399 = CARTESIAN_POINT('',(-3.19140625,-18.26064453125,2.6));
#11400 = SURFACE_CURVE('',#11401,(#11405,#11412),.PCURVE_S1.);
#11401 = B_SPLINE_CURVE_WITH_KNOTS('',2,(#11402,#11403,#11404),
  .UNSPECIFIED.,.F.,.F.,(3,3),(0.,1.),.PIECEWISE_BEZIER_KNOTS.);
#11402 = CARTESIAN_POINT('',(-3.455810546875,-17.48598632812,2.6));
#11403 = CARTESIAN_POINT('',(-3.455810546875,-17.97768554687,2.6));
#11404 = CARTESIAN_POINT('',(-3.19140625,-18.26064453125,2.6));
#11405 = PCURVE('',#9292,#11406);
#11406 = DEFINITIONAL_REPRESENTATION('',(#11407),#11411);
#11407 = B_SPLINE_CURVE_WITH_KNOTS('',2,(#11408,#11409,#11410),
  .UNSPECIFIED.,.F.,.F.,(3,3),(0.,1.),.PIECEWISE_BEZIER_KNOTS.);
#11408 = CARTESIAN_POINT('',(0.55478515625,1.31923828125));
#11409 = CARTESIAN_POINT('',(0.55478515625,0.8275390625));
#11410 = CARTESIAN_POINT('',(0.819189453125,0.544580078125));
#11411 = ( GEOMETRIC_REPRESENTATION_CONTEXT(2) 
PARAMETRIC_REPRESENTATION_CONTEXT() REPRESENTATION_CONTEXT('2D SPACE',''
  ) );
#11412 = PCURVE('',#11413,#11420);
#11413 = SURFACE_OF_LINEAR_EXTRUSION('',#11414,#11418);
#11414 = B_SPLINE_CURVE_WITH_KNOTS('',2,(#11415,#11416,#11417),
  .UNSPECIFIED.,.F.,.F.,(3,3),(0.,1.),.PIECEWISE_BEZIER_KNOTS.);
#11415 = CARTESIAN_POINT('',(-3.455810546875,-17.48598632812,1.9));
#11416 = CARTESIAN_POINT('',(-3.455810546875,-17.97768554687,1.9));
#11417 = CARTESIAN_POINT('',(-3.19140625,-18.26064453125,1.9));
#11418 = VECTOR('',#11419,1.);
#11419 = DIRECTION('',(-0.,-0.,-1.));
#11420 = DEFINITIONAL_REPRESENTATION('',(#11421),#11425);
#11421 = LINE('',#11422,#11423);
#11422 = CARTESIAN_POINT('',(0.,-0.7));
#11423 = VECTOR('',#11424,1.);
#11424 = DIRECTION('',(1.,0.));
#11425 = ( GEOMETRIC_REPRESENTATION_CONTEXT(2) 
PARAMETRIC_REPRESENTATION_CONTEXT() REPRESENTATION_CONTEXT('2D SPACE',''
  ) );
#11426 = ORIENTED_EDGE('',*,*,#11427,.T.);
#11427 = EDGE_CURVE('',#11398,#11428,#11430,.T.);
#11428 = VERTEX_POINT('',#11429);
#11429 = CARTESIAN_POINT('',(-2.528076171875,-18.54360351562,2.6));
#11430 = SURFACE_CURVE('',#11431,(#11435,#11442),.PCURVE_S1.);
#11431 = B_SPLINE_CURVE_WITH_KNOTS('',2,(#11432,#11433,#11434),
  .UNSPECIFIED.,.F.,.F.,(3,3),(0.,1.),.PIECEWISE_BEZIER_KNOTS.);
#11432 = CARTESIAN_POINT('',(-3.19140625,-18.26064453125,2.6));
#11433 = CARTESIAN_POINT('',(-2.927001953125,-18.54360351562,2.6));
#11434 = CARTESIAN_POINT('',(-2.528076171875,-18.54360351562,2.6));
#11435 = PCURVE('',#9292,#11436);
#11436 = DEFINITIONAL_REPRESENTATION('',(#11437),#11441);
#11437 = B_SPLINE_CURVE_WITH_KNOTS('',2,(#11438,#11439,#11440),
  .UNSPECIFIED.,.F.,.F.,(3,3),(0.,1.),.PIECEWISE_BEZIER_KNOTS.);
#11438 = CARTESIAN_POINT('',(0.819189453125,0.544580078125));
#11439 = CARTESIAN_POINT('',(1.08359375,0.26162109375));
#11440 = CARTESIAN_POINT('',(1.48251953125,0.26162109375));
#11441 = ( GEOMETRIC_REPRESENTATION_CONTEXT(2) 
PARAMETRIC_REPRESENTATION_CONTEXT() REPRESENTATION_CONTEXT('2D SPACE',''
  ) );
#11442 = PCURVE('',#11443,#11450);
#11443 = SURFACE_OF_LINEAR_EXTRUSION('',#11444,#11448);
#11444 = B_SPLINE_CURVE_WITH_KNOTS('',2,(#11445,#11446,#11447),
  .UNSPECIFIED.,.F.,.F.,(3,3),(0.,1.),.PIECEWISE_BEZIER_KNOTS.);
#11445 = CARTESIAN_POINT('',(-3.19140625,-18.26064453125,1.9));
#11446 = CARTESIAN_POINT('',(-2.927001953125,-18.54360351562,1.9));
#11447 = CARTESIAN_POINT('',(-2.528076171875,-18.54360351562,1.9));
#11448 = VECTOR('',#11449,1.);
#11449 = DIRECTION('',(-0.,-0.,-1.));
#11450 = DEFINITIONAL_REPRESENTATION('',(#11451),#11455);
#11451 = LINE('',#11452,#11453);
#11452 = CARTESIAN_POINT('',(0.,-0.7));
#11453 = VECTOR('',#11454,1.);
#11454 = DIRECTION('',(1.,0.));
#11455 = ( GEOMETRIC_REPRESENTATION_CONTEXT(2) 
PARAMETRIC_REPRESENTATION_CONTEXT() REPRESENTATION_CONTEXT('2D SPACE',''
  ) );
#11456 = ORIENTED_EDGE('',*,*,#11457,.T.);
#11457 = EDGE_CURVE('',#11428,#11458,#11460,.T.);
#11458 = VERTEX_POINT('',#11459);
#11459 = CARTESIAN_POINT('',(-1.8591796875,-18.25786132812,2.6));
#11460 = SURFACE_CURVE('',#11461,(#11465,#11472),.PCURVE_S1.);
#11461 = B_SPLINE_CURVE_WITH_KNOTS('',2,(#11462,#11463,#11464),
  .UNSPECIFIED.,.F.,.F.,(3,3),(0.,1.),.PIECEWISE_BEZIER_KNOTS.);
#11462 = CARTESIAN_POINT('',(-2.528076171875,-18.54360351562,2.6));
#11463 = CARTESIAN_POINT('',(-2.121728515625,-18.54360351562,2.6));
#11464 = CARTESIAN_POINT('',(-1.8591796875,-18.25786132812,2.6));
#11465 = PCURVE('',#9292,#11466);
#11466 = DEFINITIONAL_REPRESENTATION('',(#11467),#11471);
#11467 = B_SPLINE_CURVE_WITH_KNOTS('',2,(#11468,#11469,#11470),
  .UNSPECIFIED.,.F.,.F.,(3,3),(0.,1.),.PIECEWISE_BEZIER_KNOTS.);
#11468 = CARTESIAN_POINT('',(1.48251953125,0.26162109375));
#11469 = CARTESIAN_POINT('',(1.8888671875,0.26162109375));
#11470 = CARTESIAN_POINT('',(2.151416015625,0.54736328125));
#11471 = ( GEOMETRIC_REPRESENTATION_CONTEXT(2) 
PARAMETRIC_REPRESENTATION_CONTEXT() REPRESENTATION_CONTEXT('2D SPACE',''
  ) );
#11472 = PCURVE('',#11473,#11480);
#11473 = SURFACE_OF_LINEAR_EXTRUSION('',#11474,#11478);
#11474 = B_SPLINE_CURVE_WITH_KNOTS('',2,(#11475,#11476,#11477),
  .UNSPECIFIED.,.F.,.F.,(3,3),(0.,1.),.PIECEWISE_BEZIER_KNOTS.);
#11475 = CARTESIAN_POINT('',(-2.528076171875,-18.54360351562,1.9));
#11476 = CARTESIAN_POINT('',(-2.121728515625,-18.54360351562,1.9));
#11477 = CARTESIAN_POINT('',(-1.8591796875,-18.25786132812,1.9));
#11478 = VECTOR('',#11479,1.);
#11479 = DIRECTION('',(-0.,-0.,-1.));
#11480 = DEFINITIONAL_REPRESENTATION('',(#11481),#11485);
#11481 = LINE('',#11482,#11483);
#11482 = CARTESIAN_POINT('',(0.,-0.7));
#11483 = VECTOR('',#11484,1.);
#11484 = DIRECTION('',(1.,0.));
#11485 = ( GEOMETRIC_REPRESENTATION_CONTEXT(2) 
PARAMETRIC_REPRESENTATION_CONTEXT() REPRESENTATION_CONTEXT('2D SPACE',''
  ) );
#11486 = ORIENTED_EDGE('',*,*,#11487,.T.);
#11487 = EDGE_CURVE('',#11458,#11488,#11490,.T.);
#11488 = VERTEX_POINT('',#11489);
#11489 = CARTESIAN_POINT('',(-1.596630859375,-17.44702148437,2.6));
#11490 = SURFACE_CURVE('',#11491,(#11495,#11502),.PCURVE_S1.);
#11491 = B_SPLINE_CURVE_WITH_KNOTS('',2,(#11492,#11493,#11494),
  .UNSPECIFIED.,.F.,.F.,(3,3),(0.,1.),.PIECEWISE_BEZIER_KNOTS.);
#11492 = CARTESIAN_POINT('',(-1.8591796875,-18.25786132812,2.6));
#11493 = CARTESIAN_POINT('',(-1.596630859375,-17.97211914062,2.6));
#11494 = CARTESIAN_POINT('',(-1.596630859375,-17.44702148437,2.6));
#11495 = PCURVE('',#9292,#11496);
#11496 = DEFINITIONAL_REPRESENTATION('',(#11497),#11501);
#11497 = B_SPLINE_CURVE_WITH_KNOTS('',2,(#11498,#11499,#11500),
  .UNSPECIFIED.,.F.,.F.,(3,3),(0.,1.),.PIECEWISE_BEZIER_KNOTS.);
#11498 = CARTESIAN_POINT('',(2.151416015625,0.54736328125));
#11499 = CARTESIAN_POINT('',(2.41396484375,0.83310546875));
#11500 = CARTESIAN_POINT('',(2.41396484375,1.358203125));
#11501 = ( GEOMETRIC_REPRESENTATION_CONTEXT(2) 
PARAMETRIC_REPRESENTATION_CONTEXT() REPRESENTATION_CONTEXT('2D SPACE',''
  ) );
#11502 = PCURVE('',#11503,#11510);
#11503 = SURFACE_OF_LINEAR_EXTRUSION('',#11504,#11508);
#11504 = B_SPLINE_CURVE_WITH_KNOTS('',2,(#11505,#11506,#11507),
  .UNSPECIFIED.,.F.,.F.,(3,3),(0.,1.),.PIECEWISE_BEZIER_KNOTS.);
#11505 = CARTESIAN_POINT('',(-1.8591796875,-18.25786132812,1.9));
#11506 = CARTESIAN_POINT('',(-1.596630859375,-17.97211914062,1.9));
#11507 = CARTESIAN_POINT('',(-1.596630859375,-17.44702148437,1.9));
#11508 = VECTOR('',#11509,1.);
#11509 = DIRECTION('',(-0.,-0.,-1.));
#11510 = DEFINITIONAL_REPRESENTATION('',(#11511),#11515);
#11511 = LINE('',#11512,#11513);
#11512 = CARTESIAN_POINT('',(0.,-0.7));
#11513 = VECTOR('',#11514,1.);
#11514 = DIRECTION('',(1.,0.));
#11515 = ( GEOMETRIC_REPRESENTATION_CONTEXT(2) 
PARAMETRIC_REPRESENTATION_CONTEXT() REPRESENTATION_CONTEXT('2D SPACE',''
  ) );
#11516 = ORIENTED_EDGE('',*,*,#11517,.T.);
#11517 = EDGE_CURVE('',#11488,#11518,#11520,.T.);
#11518 = VERTEX_POINT('',#11519);
#11519 = CARTESIAN_POINT('',(-1.70888671875,-16.8671875,2.6));
#11520 = SURFACE_CURVE('',#11521,(#11525,#11532),.PCURVE_S1.);
#11521 = B_SPLINE_CURVE_WITH_KNOTS('',2,(#11522,#11523,#11524),
  .UNSPECIFIED.,.F.,.F.,(3,3),(0.,1.),.PIECEWISE_BEZIER_KNOTS.);
#11522 = CARTESIAN_POINT('',(-1.596630859375,-17.44702148437,2.6));
#11523 = CARTESIAN_POINT('',(-1.596630859375,-17.11489257812,2.6));
#11524 = CARTESIAN_POINT('',(-1.70888671875,-16.8671875,2.6));
#11525 = PCURVE('',#9292,#11526);
#11526 = DEFINITIONAL_REPRESENTATION('',(#11527),#11531);
#11527 = B_SPLINE_CURVE_WITH_KNOTS('',2,(#11528,#11529,#11530),
  .UNSPECIFIED.,.F.,.F.,(3,3),(0.,1.),.PIECEWISE_BEZIER_KNOTS.);
#11528 = CARTESIAN_POINT('',(2.41396484375,1.358203125));
#11529 = CARTESIAN_POINT('',(2.41396484375,1.69033203125));
#11530 = CARTESIAN_POINT('',(2.301708984375,1.938037109375));
#11531 = ( GEOMETRIC_REPRESENTATION_CONTEXT(2) 
PARAMETRIC_REPRESENTATION_CONTEXT() REPRESENTATION_CONTEXT('2D SPACE',''
  ) );
#11532 = PCURVE('',#11533,#11540);
#11533 = SURFACE_OF_LINEAR_EXTRUSION('',#11534,#11538);
#11534 = B_SPLINE_CURVE_WITH_KNOTS('',2,(#11535,#11536,#11537),
  .UNSPECIFIED.,.F.,.F.,(3,3),(0.,1.),.PIECEWISE_BEZIER_KNOTS.);
#11535 = CARTESIAN_POINT('',(-1.596630859375,-17.44702148437,1.9));
#11536 = CARTESIAN_POINT('',(-1.596630859375,-17.11489257812,1.9));
#11537 = CARTESIAN_POINT('',(-1.70888671875,-16.8671875,1.9));
#11538 = VECTOR('',#11539,1.);
#11539 = DIRECTION('',(-0.,-0.,-1.));
#11540 = DEFINITIONAL_REPRESENTATION('',(#11541),#11545);
#11541 = LINE('',#11542,#11543);
#11542 = CARTESIAN_POINT('',(0.,-0.7));
#11543 = VECTOR('',#11544,1.);
#11544 = DIRECTION('',(1.,0.));
#11545 = ( GEOMETRIC_REPRESENTATION_CONTEXT(2) 
PARAMETRIC_REPRESENTATION_CONTEXT() REPRESENTATION_CONTEXT('2D SPACE',''
  ) );
#11546 = ORIENTED_EDGE('',*,*,#11547,.T.);
#11547 = EDGE_CURVE('',#11518,#11548,#11550,.T.);
#11548 = VERTEX_POINT('',#11549);
#11549 = CARTESIAN_POINT('',(-2.0373046875,-16.48310546875,2.6));
#11550 = SURFACE_CURVE('',#11551,(#11555,#11562),.PCURVE_S1.);
#11551 = B_SPLINE_CURVE_WITH_KNOTS('',2,(#11552,#11553,#11554),
  .UNSPECIFIED.,.F.,.F.,(3,3),(0.,1.),.PIECEWISE_BEZIER_KNOTS.);
#11552 = CARTESIAN_POINT('',(-1.70888671875,-16.8671875,2.6));
#11553 = CARTESIAN_POINT('',(-1.821142578125,-16.61948242187,2.6));
#11554 = CARTESIAN_POINT('',(-2.0373046875,-16.48310546875,2.6));
#11555 = PCURVE('',#9292,#11556);
#11556 = DEFINITIONAL_REPRESENTATION('',(#11557),#11561);
#11557 = B_SPLINE_CURVE_WITH_KNOTS('',2,(#11558,#11559,#11560),
  .UNSPECIFIED.,.F.,.F.,(3,3),(0.,1.),.PIECEWISE_BEZIER_KNOTS.);
#11558 = CARTESIAN_POINT('',(2.301708984375,1.938037109375));
#11559 = CARTESIAN_POINT('',(2.189453125,2.1857421875));
#11560 = CARTESIAN_POINT('',(1.973291015625,2.322119140625));
#11561 = ( GEOMETRIC_REPRESENTATION_CONTEXT(2) 
PARAMETRIC_REPRESENTATION_CONTEXT() REPRESENTATION_CONTEXT('2D SPACE',''
  ) );
#11562 = PCURVE('',#11563,#11570);
#11563 = SURFACE_OF_LINEAR_EXTRUSION('',#11564,#11568);
#11564 = B_SPLINE_CURVE_WITH_KNOTS('',2,(#11565,#11566,#11567),
  .UNSPECIFIED.,.F.,.F.,(3,3),(0.,1.),.PIECEWISE_BEZIER_KNOTS.);
#11565 = CARTESIAN_POINT('',(-1.70888671875,-16.8671875,1.9));
#11566 = CARTESIAN_POINT('',(-1.821142578125,-16.61948242187,1.9));
#11567 = CARTESIAN_POINT('',(-2.0373046875,-16.48310546875,1.9));
#11568 = VECTOR('',#11569,1.);
#11569 = DIRECTION('',(-0.,-0.,-1.));
#11570 = DEFINITIONAL_REPRESENTATION('',(#11571),#11575);
#11571 = LINE('',#11572,#11573);
#11572 = CARTESIAN_POINT('',(0.,-0.7));
#11573 = VECTOR('',#11574,1.);
#11574 = DIRECTION('',(1.,0.));
#11575 = ( GEOMETRIC_REPRESENTATION_CONTEXT(2) 
PARAMETRIC_REPRESENTATION_CONTEXT() REPRESENTATION_CONTEXT('2D SPACE',''
  ) );
#11576 = ORIENTED_EDGE('',*,*,#11577,.T.);
#11577 = EDGE_CURVE('',#11548,#11578,#11580,.T.);
#11578 = VERTEX_POINT('',#11579);
#11579 = CARTESIAN_POINT('',(-2.522509765625,-16.34672851562,2.6));
#11580 = SURFACE_CURVE('',#11581,(#11585,#11592),.PCURVE_S1.);
#11581 = B_SPLINE_CURVE_WITH_KNOTS('',2,(#11582,#11583,#11584),
  .UNSPECIFIED.,.F.,.F.,(3,3),(0.,1.),.PIECEWISE_BEZIER_KNOTS.);
#11582 = CARTESIAN_POINT('',(-2.0373046875,-16.48310546875,2.6));
#11583 = CARTESIAN_POINT('',(-2.253466796875,-16.34672851562,2.6));
#11584 = CARTESIAN_POINT('',(-2.522509765625,-16.34672851562,2.6));
#11585 = PCURVE('',#9292,#11586);
#11586 = DEFINITIONAL_REPRESENTATION('',(#11587),#11591);
#11587 = B_SPLINE_CURVE_WITH_KNOTS('',2,(#11588,#11589,#11590),
  .UNSPECIFIED.,.F.,.F.,(3,3),(0.,1.),.PIECEWISE_BEZIER_KNOTS.);
#11588 = CARTESIAN_POINT('',(1.973291015625,2.322119140625));
#11589 = CARTESIAN_POINT('',(1.75712890625,2.45849609375));
#11590 = CARTESIAN_POINT('',(1.4880859375,2.45849609375));
#11591 = ( GEOMETRIC_REPRESENTATION_CONTEXT(2) 
PARAMETRIC_REPRESENTATION_CONTEXT() REPRESENTATION_CONTEXT('2D SPACE',''
  ) );
#11592 = PCURVE('',#11593,#11600);
#11593 = SURFACE_OF_LINEAR_EXTRUSION('',#11594,#11598);
#11594 = B_SPLINE_CURVE_WITH_KNOTS('',2,(#11595,#11596,#11597),
  .UNSPECIFIED.,.F.,.F.,(3,3),(0.,1.),.PIECEWISE_BEZIER_KNOTS.);
#11595 = CARTESIAN_POINT('',(-2.0373046875,-16.48310546875,1.9));
#11596 = CARTESIAN_POINT('',(-2.253466796875,-16.34672851562,1.9));
#11597 = CARTESIAN_POINT('',(-2.522509765625,-16.34672851562,1.9));
#11598 = VECTOR('',#11599,1.);
#11599 = DIRECTION('',(-0.,-0.,-1.));
#11600 = DEFINITIONAL_REPRESENTATION('',(#11601),#11605);
#11601 = LINE('',#11602,#11603);
#11602 = CARTESIAN_POINT('',(0.,-0.7));
#11603 = VECTOR('',#11604,1.);
#11604 = DIRECTION('',(1.,0.));
#11605 = ( GEOMETRIC_REPRESENTATION_CONTEXT(2) 
PARAMETRIC_REPRESENTATION_CONTEXT() REPRESENTATION_CONTEXT('2D SPACE',''
  ) );
#11606 = ORIENTED_EDGE('',*,*,#11607,.T.);
#11607 = EDGE_CURVE('',#11578,#11608,#11610,.T.);
#11608 = VERTEX_POINT('',#11609);
#11609 = CARTESIAN_POINT('',(-3.1802734375,-16.60927734375,2.6));
#11610 = SURFACE_CURVE('',#11611,(#11615,#11622),.PCURVE_S1.);
#11611 = B_SPLINE_CURVE_WITH_KNOTS('',2,(#11612,#11613,#11614),
  .UNSPECIFIED.,.F.,.F.,(3,3),(0.,1.),.PIECEWISE_BEZIER_KNOTS.);
#11612 = CARTESIAN_POINT('',(-2.522509765625,-16.34672851562,2.6));
#11613 = CARTESIAN_POINT('',(-2.904736328125,-16.34672851562,2.6));
#11614 = CARTESIAN_POINT('',(-3.1802734375,-16.60927734375,2.6));
#11615 = PCURVE('',#9292,#11616);
#11616 = DEFINITIONAL_REPRESENTATION('',(#11617),#11621);
#11617 = B_SPLINE_CURVE_WITH_KNOTS('',2,(#11618,#11619,#11620),
  .UNSPECIFIED.,.F.,.F.,(3,3),(0.,1.),.PIECEWISE_BEZIER_KNOTS.);
#11618 = CARTESIAN_POINT('',(1.4880859375,2.45849609375));
#11619 = CARTESIAN_POINT('',(1.105859375,2.45849609375));
#11620 = CARTESIAN_POINT('',(0.830322265625,2.195947265625));
#11621 = ( GEOMETRIC_REPRESENTATION_CONTEXT(2) 
PARAMETRIC_REPRESENTATION_CONTEXT() REPRESENTATION_CONTEXT('2D SPACE',''
  ) );
#11622 = PCURVE('',#11623,#11630);
#11623 = SURFACE_OF_LINEAR_EXTRUSION('',#11624,#11628);
#11624 = B_SPLINE_CURVE_WITH_KNOTS('',2,(#11625,#11626,#11627),
  .UNSPECIFIED.,.F.,.F.,(3,3),(0.,1.),.PIECEWISE_BEZIER_KNOTS.);
#11625 = CARTESIAN_POINT('',(-2.522509765625,-16.34672851562,1.9));
#11626 = CARTESIAN_POINT('',(-2.904736328125,-16.34672851562,1.9));
#11627 = CARTESIAN_POINT('',(-3.1802734375,-16.60927734375,1.9));
#11628 = VECTOR('',#11629,1.);
#11629 = DIRECTION('',(-0.,-0.,-1.));
#11630 = DEFINITIONAL_REPRESENTATION('',(#11631),#11635);
#11631 = LINE('',#11632,#11633);
#11632 = CARTESIAN_POINT('',(0.,-0.7));
#11633 = VECTOR('',#11634,1.);
#11634 = DIRECTION('',(1.,0.));
#11635 = ( GEOMETRIC_REPRESENTATION_CONTEXT(2) 
PARAMETRIC_REPRESENTATION_CONTEXT() REPRESENTATION_CONTEXT('2D SPACE',''
  ) );
#11636 = ORIENTED_EDGE('',*,*,#11637,.T.);
#11637 = EDGE_CURVE('',#11608,#11396,#11638,.T.);
#11638 = SURFACE_CURVE('',#11639,(#11643,#11650),.PCURVE_S1.);
#11639 = B_SPLINE_CURVE_WITH_KNOTS('',2,(#11640,#11641,#11642),
  .UNSPECIFIED.,.F.,.F.,(3,3),(0.,1.),.PIECEWISE_BEZIER_KNOTS.);
#11640 = CARTESIAN_POINT('',(-3.1802734375,-16.60927734375,2.6));
#11641 = CARTESIAN_POINT('',(-3.455810546875,-16.87182617187,2.6));
#11642 = CARTESIAN_POINT('',(-3.455810546875,-17.48598632812,2.6));
#11643 = PCURVE('',#9292,#11644);
#11644 = DEFINITIONAL_REPRESENTATION('',(#11645),#11649);
#11645 = B_SPLINE_CURVE_WITH_KNOTS('',2,(#11646,#11647,#11648),
  .UNSPECIFIED.,.F.,.F.,(3,3),(0.,1.),.PIECEWISE_BEZIER_KNOTS.);
#11646 = CARTESIAN_POINT('',(0.830322265625,2.195947265625));
#11647 = CARTESIAN_POINT('',(0.55478515625,1.9333984375));
#11648 = CARTESIAN_POINT('',(0.55478515625,1.31923828125));
#11649 = ( GEOMETRIC_REPRESENTATION_CONTEXT(2) 
PARAMETRIC_REPRESENTATION_CONTEXT() REPRESENTATION_CONTEXT('2D SPACE',''
  ) );
#11650 = PCURVE('',#11651,#11658);
#11651 = SURFACE_OF_LINEAR_EXTRUSION('',#11652,#11656);
#11652 = B_SPLINE_CURVE_WITH_KNOTS('',2,(#11653,#11654,#11655),
  .UNSPECIFIED.,.F.,.F.,(3,3),(0.,1.),.PIECEWISE_BEZIER_KNOTS.);
#11653 = CARTESIAN_POINT('',(-3.1802734375,-16.60927734375,1.9));
#11654 = CARTESIAN_POINT('',(-3.455810546875,-16.87182617187,1.9));
#11655 = CARTESIAN_POINT('',(-3.455810546875,-17.48598632812,1.9));
#11656 = VECTOR('',#11657,1.);
#11657 = DIRECTION('',(-0.,-0.,-1.));
#11658 = DEFINITIONAL_REPRESENTATION('',(#11659),#11663);
#11659 = LINE('',#11660,#11661);
#11660 = CARTESIAN_POINT('',(0.,-0.7));
#11661 = VECTOR('',#11662,1.);
#11662 = DIRECTION('',(1.,0.));
#11663 = ( GEOMETRIC_REPRESENTATION_CONTEXT(2) 
PARAMETRIC_REPRESENTATION_CONTEXT() REPRESENTATION_CONTEXT('2D SPACE',''
  ) );
#11664 = ADVANCED_FACE('',(#11665),#9836,.T.);
#11665 = FACE_BOUND('',#11666,.F.);
#11666 = EDGE_LOOP('',(#11667,#11668,#11669,#11670,#11671,#11672,#11673,
    #11674,#11675,#11676,#11677,#11678,#11679,#11680,#11681,#11682,
    #11683));
#11667 = ORIENTED_EDGE('',*,*,#9820,.T.);
#11668 = ORIENTED_EDGE('',*,*,#9874,.T.);
#11669 = ORIENTED_EDGE('',*,*,#9972,.T.);
#11670 = ORIENTED_EDGE('',*,*,#10070,.T.);
#11671 = ORIENTED_EDGE('',*,*,#10168,.T.);
#11672 = ORIENTED_EDGE('',*,*,#10266,.T.);
#11673 = ORIENTED_EDGE('',*,*,#10364,.T.);
#11674 = ORIENTED_EDGE('',*,*,#10462,.T.);
#11675 = ORIENTED_EDGE('',*,*,#10560,.T.);
#11676 = ORIENTED_EDGE('',*,*,#10609,.T.);
#11677 = ORIENTED_EDGE('',*,*,#10533,.T.);
#11678 = ORIENTED_EDGE('',*,*,#10435,.T.);
#11679 = ORIENTED_EDGE('',*,*,#10337,.T.);
#11680 = ORIENTED_EDGE('',*,*,#10239,.T.);
#11681 = ORIENTED_EDGE('',*,*,#10141,.T.);
#11682 = ORIENTED_EDGE('',*,*,#10043,.T.);
#11683 = ORIENTED_EDGE('',*,*,#9945,.T.);
#11684 = ADVANCED_FACE('',(#11685),#10674,.T.);
#11685 = FACE_BOUND('',#11686,.F.);
#11686 = EDGE_LOOP('',(#11687,#11688,#11689,#11690,#11691,#11692,#11693,
    #11694));
#11687 = ORIENTED_EDGE('',*,*,#10658,.T.);
#11688 = ORIENTED_EDGE('',*,*,#10712,.T.);
#11689 = ORIENTED_EDGE('',*,*,#10810,.T.);
#11690 = ORIENTED_EDGE('',*,*,#10908,.T.);
#11691 = ORIENTED_EDGE('',*,*,#11006,.T.);
#11692 = ORIENTED_EDGE('',*,*,#10979,.T.);
#11693 = ORIENTED_EDGE('',*,*,#10881,.T.);
#11694 = ORIENTED_EDGE('',*,*,#10783,.T.);
#11695 = ADVANCED_FACE('',(#11696),#11127,.T.);
#11696 = FACE_BOUND('',#11697,.T.);
#11697 = EDGE_LOOP('',(#11698,#11743,#11764,#11765));
#11698 = ORIENTED_EDGE('',*,*,#11699,.T.);
#11699 = EDGE_CURVE('',#11700,#11702,#11704,.T.);
#11700 = VERTEX_POINT('',#11701);
#11701 = CARTESIAN_POINT('',(2.874755859375,-23.67651367187,2.));
#11702 = VERTEX_POINT('',#11703);
#11703 = CARTESIAN_POINT('',(2.7783203125,-23.24194335937,2.));
#11704 = SURFACE_CURVE('',#11705,(#11714,#11726),.PCURVE_S1.);
#11705 = B_SPLINE_CURVE_WITH_KNOTS('',4,(#11706,#11707,#11708,#11709,
    #11710,#11711,#11712,#11713),.UNSPECIFIED.,.F.,.F.,(5,3,5),(0.,
    0.543110215977,1.),.UNSPECIFIED.);
#11706 = CARTESIAN_POINT('',(2.874755859375,-23.67651367187,2.));
#11707 = CARTESIAN_POINT('',(2.848655938231,-23.6203492846,2.));
#11708 = CARTESIAN_POINT('',(2.827183269201,-23.56305503259,2.));
#11709 = CARTESIAN_POINT('',(2.810444927602,-23.50470296893,2.));
#11710 = CARTESIAN_POINT('',(2.788379153068,-23.39549073947,2.));
#11711 = CARTESIAN_POINT('',(2.781661945856,-23.34491153642,2.));
#11712 = CARTESIAN_POINT('',(2.7783203125,-23.29370792563,2.));
#11713 = CARTESIAN_POINT('',(2.7783203125,-23.24194335937,2.));
#11714 = PCURVE('',#11127,#11715);
#11715 = DEFINITIONAL_REPRESENTATION('',(#11716),#11725);
#11716 = B_SPLINE_CURVE_WITH_KNOTS('',4,(#11717,#11718,#11719,#11720,
    #11721,#11722,#11723,#11724),.UNSPECIFIED.,.F.,.F.,(5,3,5),(0.,
    0.543110215977,1.),.UNSPECIFIED.);
#11717 = CARTESIAN_POINT('',(1.,-0.1));
#11718 = CARTESIAN_POINT('',(0.864676864549,-0.1));
#11719 = CARTESIAN_POINT('',(0.728929375228,-0.1));
#11720 = CARTESIAN_POINT('',(0.592963959944,-0.1));
#11721 = CARTESIAN_POINT('',(0.342620740567,-0.1));
#11722 = CARTESIAN_POINT('',(0.228241812206,-0.1));
#11723 = CARTESIAN_POINT('',(0.113993367419,-0.1));
#11724 = CARTESIAN_POINT('',(0.,-0.1));
#11725 = ( GEOMETRIC_REPRESENTATION_CONTEXT(2) 
PARAMETRIC_REPRESENTATION_CONTEXT() REPRESENTATION_CONTEXT('2D SPACE',''
  ) );
#11726 = PCURVE('',#11727,#11732);
#11727 = PLANE('',#11728);
#11728 = AXIS2_PLACEMENT_3D('',#11729,#11730,#11731);
#11729 = CARTESIAN_POINT('',(0.,-20.25,2.));
#11730 = DIRECTION('',(0.,0.,1.));
#11731 = DIRECTION('',(1.,0.,-0.));
#11732 = DEFINITIONAL_REPRESENTATION('',(#11733),#11742);
#11733 = B_SPLINE_CURVE_WITH_KNOTS('',4,(#11734,#11735,#11736,#11737,
    #11738,#11739,#11740,#11741),.UNSPECIFIED.,.F.,.F.,(5,3,5),(0.,
    0.543110215977,1.),.UNSPECIFIED.);
#11734 = CARTESIAN_POINT('',(2.874755859375,-3.426513671875));
#11735 = CARTESIAN_POINT('',(2.848655938231,-3.370349284603));
#11736 = CARTESIAN_POINT('',(2.827183269201,-3.31305503259));
#11737 = CARTESIAN_POINT('',(2.810444927602,-3.254702968932));
#11738 = CARTESIAN_POINT('',(2.788379153068,-3.145490739479));
#11739 = CARTESIAN_POINT('',(2.781661945856,-3.094911536423));
#11740 = CARTESIAN_POINT('',(2.7783203125,-3.043707925634));
#11741 = CARTESIAN_POINT('',(2.7783203125,-2.991943359375));
#11742 = ( GEOMETRIC_REPRESENTATION_CONTEXT(2) 
PARAMETRIC_REPRESENTATION_CONTEXT() REPRESENTATION_CONTEXT('2D SPACE',''
  ) );
#11743 = ORIENTED_EDGE('',*,*,#11744,.T.);
#11744 = EDGE_CURVE('',#11702,#11110,#11745,.T.);
#11745 = SURFACE_CURVE('',#11746,(#11750,#11757),.PCURVE_S1.);
#11746 = LINE('',#11747,#11748);
#11747 = CARTESIAN_POINT('',(2.7783203125,-23.24194335937,1.9));
#11748 = VECTOR('',#11749,1.);
#11749 = DIRECTION('',(0.,0.,1.));
#11750 = PCURVE('',#11127,#11751);
#11751 = DEFINITIONAL_REPRESENTATION('',(#11752),#11756);
#11752 = LINE('',#11753,#11754);
#11753 = CARTESIAN_POINT('',(0.,0.));
#11754 = VECTOR('',#11755,1.);
#11755 = DIRECTION('',(0.,-1.));
#11756 = ( GEOMETRIC_REPRESENTATION_CONTEXT(2) 
PARAMETRIC_REPRESENTATION_CONTEXT() REPRESENTATION_CONTEXT('2D SPACE',''
  ) );
#11757 = PCURVE('',#11365,#11758);
#11758 = DEFINITIONAL_REPRESENTATION('',(#11759),#11763);
#11759 = LINE('',#11760,#11761);
#11760 = CARTESIAN_POINT('',(1.,0.));
#11761 = VECTOR('',#11762,1.);
#11762 = DIRECTION('',(0.,-1.));
#11763 = ( GEOMETRIC_REPRESENTATION_CONTEXT(2) 
PARAMETRIC_REPRESENTATION_CONTEXT() REPRESENTATION_CONTEXT('2D SPACE',''
  ) );
#11764 = ORIENTED_EDGE('',*,*,#11109,.T.);
#11765 = ORIENTED_EDGE('',*,*,#11766,.F.);
#11766 = EDGE_CURVE('',#11700,#11112,#11767,.T.);
#11767 = SURFACE_CURVE('',#11768,(#11772,#11779),.PCURVE_S1.);
#11768 = LINE('',#11769,#11770);
#11769 = CARTESIAN_POINT('',(2.874755859375,-23.67651367187,1.9));
#11770 = VECTOR('',#11771,1.);
#11771 = DIRECTION('',(0.,0.,1.));
#11772 = PCURVE('',#11127,#11773);
#11773 = DEFINITIONAL_REPRESENTATION('',(#11774),#11778);
#11774 = LINE('',#11775,#11776);
#11775 = CARTESIAN_POINT('',(1.,0.));
#11776 = VECTOR('',#11777,1.);
#11777 = DIRECTION('',(0.,-1.));
#11778 = ( GEOMETRIC_REPRESENTATION_CONTEXT(2) 
PARAMETRIC_REPRESENTATION_CONTEXT() REPRESENTATION_CONTEXT('2D SPACE',''
  ) );
#11779 = PCURVE('',#11157,#11780);
#11780 = DEFINITIONAL_REPRESENTATION('',(#11781),#11785);
#11781 = LINE('',#11782,#11783);
#11782 = CARTESIAN_POINT('',(0.,0.));
#11783 = VECTOR('',#11784,1.);
#11784 = DIRECTION('',(0.,-1.));
#11785 = ( GEOMETRIC_REPRESENTATION_CONTEXT(2) 
PARAMETRIC_REPRESENTATION_CONTEXT() REPRESENTATION_CONTEXT('2D SPACE',''
  ) );
#11786 = ADVANCED_FACE('',(#11787),#11157,.T.);
#11787 = FACE_BOUND('',#11788,.T.);
#11788 = EDGE_LOOP('',(#11789,#11833,#11834,#11835));
#11789 = ORIENTED_EDGE('',*,*,#11790,.T.);
#11790 = EDGE_CURVE('',#11791,#11700,#11793,.T.);
#11791 = VERTEX_POINT('',#11792);
#11792 = CARTESIAN_POINT('',(3.14453125,-23.99267578125,2.));
#11793 = SURFACE_CURVE('',#11794,(#11805,#11819),.PCURVE_S1.);
#11794 = B_SPLINE_CURVE_WITH_KNOTS('',5,(#11795,#11796,#11797,#11798,
    #11799,#11800,#11801,#11802,#11803,#11804),.UNSPECIFIED.,.F.,.F.,(6,
    4,6),(0.,0.16418189489,1.),.UNSPECIFIED.);
#11795 = CARTESIAN_POINT('',(3.14453125,-23.99267578125,2.));
#11796 = CARTESIAN_POINT('',(3.133096401849,-23.98550886938,2.));
#11797 = CARTESIAN_POINT('',(3.121866539038,-23.97807040654,2.));
#11798 = CARTESIAN_POINT('',(3.110843356291,-23.97036086858,2.));
#11799 = CARTESIAN_POINT('',(3.100028350562,-23.9623809983,2.));
#11800 = CARTESIAN_POINT('',(3.0354321323,-23.91213676835,2.));
#11801 = CARTESIAN_POINT('',(2.986867646637,-23.86315987256,2.));
#11802 = CARTESIAN_POINT('',(2.943909625019,-23.8073389409,2.));
#11803 = CARTESIAN_POINT('',(2.906573563771,-23.74498214968,2.));
#11804 = CARTESIAN_POINT('',(2.874755859375,-23.67651367187,2.));
#11805 = PCURVE('',#11157,#11806);
#11806 = DEFINITIONAL_REPRESENTATION('',(#11807),#11818);
#11807 = B_SPLINE_CURVE_WITH_KNOTS('',5,(#11808,#11809,#11810,#11811,
    #11812,#11813,#11814,#11815,#11816,#11817),.UNSPECIFIED.,.F.,.F.,(6,
    4,6),(0.,0.16418189489,1.),.UNSPECIFIED.);
#11808 = CARTESIAN_POINT('',(1.,-0.1));
#11809 = CARTESIAN_POINT('',(0.96701609998,-0.1));
#11810 = CARTESIAN_POINT('',(0.934020136323,-0.1));
#11811 = CARTESIAN_POINT('',(0.901016113118,-0.1));
#11812 = CARTESIAN_POINT('',(0.868008053571,-0.1));
#11813 = CARTESIAN_POINT('',(0.666962417006,-0.1));
#11814 = CARTESIAN_POINT('',(0.498916822288,-0.1));
#11815 = CARTESIAN_POINT('',(0.331420648621,-0.1));
#11816 = CARTESIAN_POINT('',(0.164968755957,-0.1));
#11817 = CARTESIAN_POINT('',(0.,-0.1));
#11818 = ( GEOMETRIC_REPRESENTATION_CONTEXT(2) 
PARAMETRIC_REPRESENTATION_CONTEXT() REPRESENTATION_CONTEXT('2D SPACE',''
  ) );
#11819 = PCURVE('',#11727,#11820);
#11820 = DEFINITIONAL_REPRESENTATION('',(#11821),#11832);
#11821 = B_SPLINE_CURVE_WITH_KNOTS('',5,(#11822,#11823,#11824,#11825,
    #11826,#11827,#11828,#11829,#11830,#11831),.UNSPECIFIED.,.F.,.F.,(6,
    4,6),(0.,0.16418189489,1.),.UNSPECIFIED.);
#11822 = CARTESIAN_POINT('',(3.14453125,-3.74267578125));
#11823 = CARTESIAN_POINT('',(3.133096401849,-3.73550886938));
#11824 = CARTESIAN_POINT('',(3.121866539038,-3.728070406543));
#11825 = CARTESIAN_POINT('',(3.110843356291,-3.720360868585));
#11826 = CARTESIAN_POINT('',(3.100028350562,-3.7123809983));
#11827 = CARTESIAN_POINT('',(3.0354321323,-3.662136768351));
#11828 = CARTESIAN_POINT('',(2.986867646637,-3.613159872561));
#11829 = CARTESIAN_POINT('',(2.943909625019,-3.557338940903));
#11830 = CARTESIAN_POINT('',(2.906573563771,-3.494982149689));
#11831 = CARTESIAN_POINT('',(2.874755859375,-3.426513671875));
#11832 = ( GEOMETRIC_REPRESENTATION_CONTEXT(2) 
PARAMETRIC_REPRESENTATION_CONTEXT() REPRESENTATION_CONTEXT('2D SPACE',''
  ) );
#11833 = ORIENTED_EDGE('',*,*,#11766,.T.);
#11834 = ORIENTED_EDGE('',*,*,#11141,.T.);
#11835 = ORIENTED_EDGE('',*,*,#11836,.F.);
#11836 = EDGE_CURVE('',#11791,#11142,#11837,.T.);
#11837 = SURFACE_CURVE('',#11838,(#11842,#11849),.PCURVE_S1.);
#11838 = LINE('',#11839,#11840);
#11839 = CARTESIAN_POINT('',(3.14453125,-23.99267578125,1.9));
#11840 = VECTOR('',#11841,1.);
#11841 = DIRECTION('',(0.,0.,1.));
#11842 = PCURVE('',#11157,#11843);
#11843 = DEFINITIONAL_REPRESENTATION('',(#11844),#11848);
#11844 = LINE('',#11845,#11846);
#11845 = CARTESIAN_POINT('',(1.,0.));
#11846 = VECTOR('',#11847,1.);
#11847 = DIRECTION('',(0.,-1.));
#11848 = ( GEOMETRIC_REPRESENTATION_CONTEXT(2) 
PARAMETRIC_REPRESENTATION_CONTEXT() REPRESENTATION_CONTEXT('2D SPACE',''
  ) );
#11849 = PCURVE('',#11187,#11850);
#11850 = DEFINITIONAL_REPRESENTATION('',(#11851),#11855);
#11851 = LINE('',#11852,#11853);
#11852 = CARTESIAN_POINT('',(0.,0.));
#11853 = VECTOR('',#11854,1.);
#11854 = DIRECTION('',(0.,-1.));
#11855 = ( GEOMETRIC_REPRESENTATION_CONTEXT(2) 
PARAMETRIC_REPRESENTATION_CONTEXT() REPRESENTATION_CONTEXT('2D SPACE',''
  ) );
#11856 = ADVANCED_FACE('',(#11857),#11187,.T.);
#11857 = FACE_BOUND('',#11858,.T.);
#11858 = EDGE_LOOP('',(#11859,#11903,#11904,#11905));
#11859 = ORIENTED_EDGE('',*,*,#11860,.T.);
#11860 = EDGE_CURVE('',#11861,#11791,#11863,.T.);
#11861 = VERTEX_POINT('',#11862);
#11862 = CARTESIAN_POINT('',(3.50830078125,-24.10131835937,2.));
#11863 = SURFACE_CURVE('',#11864,(#11875,#11889),.PCURVE_S1.);
#11864 = B_SPLINE_CURVE_WITH_KNOTS('',5,(#11865,#11866,#11867,#11868,
    #11869,#11870,#11871,#11872,#11873,#11874),.UNSPECIFIED.,.F.,.F.,(6,
    4,6),(0.,0.269360731944,1.),.UNSPECIFIED.);
#11865 = CARTESIAN_POINT('',(3.50830078125,-24.10131835937,2.));
#11866 = CARTESIAN_POINT('',(3.487755396132,-24.10131835937,2.));
#11867 = CARTESIAN_POINT('',(3.467318583046,-24.10052797555,2.));
#11868 = CARTESIAN_POINT('',(3.44699594621,-24.09894477346,2.));
#11869 = CARTESIAN_POINT('',(3.426792886131,-24.09656794639,2.));
#11870 = CARTESIAN_POINT('',(3.35225237543,-24.08480071165,2.));
#11871 = CARTESIAN_POINT('',(3.298707109801,-24.07036981541,2.));
#11872 = CARTESIAN_POINT('',(3.246185207071,-24.05012207468,2.));
#11873 = CARTESIAN_POINT('',(3.194771248011,-24.0241642307,2.));
#11874 = CARTESIAN_POINT('',(3.14453125,-23.99267578125,2.));
#11875 = PCURVE('',#11187,#11876);
#11876 = DEFINITIONAL_REPRESENTATION('',(#11877),#11888);
#11877 = B_SPLINE_CURVE_WITH_KNOTS('',5,(#11878,#11879,#11880,#11881,
    #11882,#11883,#11884,#11885,#11886,#11887),.UNSPECIFIED.,.F.,.F.,(6,
    4,6),(0.,0.269360731944,1.),.UNSPECIFIED.);
#11878 = CARTESIAN_POINT('',(1.,-0.1));
#11879 = CARTESIAN_POINT('',(0.946055193946,-0.1));
#11880 = CARTESIAN_POINT('',(0.892069013026,-0.1));
#11881 = CARTESIAN_POINT('',(0.838055166412,-0.1));
#11882 = CARTESIAN_POINT('',(0.784027500719,-0.1));
#11883 = CARTESIAN_POINT('',(0.583450748759,-0.1));
#11884 = CARTESIAN_POINT('',(0.436899822315,-0.1));
#11885 = CARTESIAN_POINT('',(0.29063339367,-0.1));
#11886 = CARTESIAN_POINT('',(0.144917628066,-0.1));
#11887 = CARTESIAN_POINT('',(0.,-0.1));
#11888 = ( GEOMETRIC_REPRESENTATION_CONTEXT(2) 
PARAMETRIC_REPRESENTATION_CONTEXT() REPRESENTATION_CONTEXT('2D SPACE',''
  ) );
#11889 = PCURVE('',#11727,#11890);
#11890 = DEFINITIONAL_REPRESENTATION('',(#11891),#11902);
#11891 = B_SPLINE_CURVE_WITH_KNOTS('',5,(#11892,#11893,#11894,#11895,
    #11896,#11897,#11898,#11899,#11900,#11901),.UNSPECIFIED.,.F.,.F.,(6,
    4,6),(0.,0.269360731944,1.),.UNSPECIFIED.);
#11892 = CARTESIAN_POINT('',(3.50830078125,-3.851318359375));
#11893 = CARTESIAN_POINT('',(3.487755396132,-3.851318359375));
#11894 = CARTESIAN_POINT('',(3.467318583046,-3.850527975558));
#11895 = CARTESIAN_POINT('',(3.44699594621,-3.848944773461));
#11896 = CARTESIAN_POINT('',(3.426792886131,-3.846567946392));
#11897 = CARTESIAN_POINT('',(3.35225237543,-3.834800711652));
#11898 = CARTESIAN_POINT('',(3.298707109801,-3.82036981541));
#11899 = CARTESIAN_POINT('',(3.246185207071,-3.800122074681));
#11900 = CARTESIAN_POINT('',(3.194771248011,-3.774164230708));
#11901 = CARTESIAN_POINT('',(3.14453125,-3.74267578125));
#11902 = ( GEOMETRIC_REPRESENTATION_CONTEXT(2) 
PARAMETRIC_REPRESENTATION_CONTEXT() REPRESENTATION_CONTEXT('2D SPACE',''
  ) );
#11903 = ORIENTED_EDGE('',*,*,#11836,.T.);
#11904 = ORIENTED_EDGE('',*,*,#11171,.T.);
#11905 = ORIENTED_EDGE('',*,*,#11906,.F.);
#11906 = EDGE_CURVE('',#11861,#11172,#11907,.T.);
#11907 = SURFACE_CURVE('',#11908,(#11912,#11919),.PCURVE_S1.);
#11908 = LINE('',#11909,#11910);
#11909 = CARTESIAN_POINT('',(3.50830078125,-24.10131835937,1.9));
#11910 = VECTOR('',#11911,1.);
#11911 = DIRECTION('',(0.,0.,1.));
#11912 = PCURVE('',#11187,#11913);
#11913 = DEFINITIONAL_REPRESENTATION('',(#11914),#11918);
#11914 = LINE('',#11915,#11916);
#11915 = CARTESIAN_POINT('',(1.,0.));
#11916 = VECTOR('',#11917,1.);
#11917 = DIRECTION('',(0.,-1.));
#11918 = ( GEOMETRIC_REPRESENTATION_CONTEXT(2) 
PARAMETRIC_REPRESENTATION_CONTEXT() REPRESENTATION_CONTEXT('2D SPACE',''
  ) );
#11919 = PCURVE('',#11217,#11920);
#11920 = DEFINITIONAL_REPRESENTATION('',(#11921),#11925);
#11921 = LINE('',#11922,#11923);
#11922 = CARTESIAN_POINT('',(0.,0.));
#11923 = VECTOR('',#11924,1.);
#11924 = DIRECTION('',(0.,-1.));
#11925 = ( GEOMETRIC_REPRESENTATION_CONTEXT(2) 
PARAMETRIC_REPRESENTATION_CONTEXT() REPRESENTATION_CONTEXT('2D SPACE',''
  ) );
#11926 = ADVANCED_FACE('',(#11927),#11217,.T.);
#11927 = FACE_BOUND('',#11928,.T.);
#11928 = EDGE_LOOP('',(#11929,#11973,#11974,#11975));
#11929 = ORIENTED_EDGE('',*,*,#11930,.T.);
#11930 = EDGE_CURVE('',#11931,#11861,#11933,.T.);
#11931 = VERTEX_POINT('',#11932);
#11932 = CARTESIAN_POINT('',(3.98681640625,-23.87670898437,2.));
#11933 = SURFACE_CURVE('',#11934,(#11945,#11959),.PCURVE_S1.);
#11934 = B_SPLINE_CURVE_WITH_KNOTS('',5,(#11935,#11936,#11937,#11938,
    #11939,#11940,#11941,#11942,#11943,#11944),.UNSPECIFIED.,.F.,.F.,(6,
    4,6),(0.,0.617570780579,1.),.UNSPECIFIED.);
#11935 = CARTESIAN_POINT('',(3.98681640625,-23.87670898437,2.));
#11936 = CARTESIAN_POINT('',(3.938538673239,-23.9308742458,2.));
#11937 = CARTESIAN_POINT('',(3.886669438548,-23.97771922838,2.));
#11938 = CARTESIAN_POINT('',(3.831233581172,-24.01650938568,2.));
#11939 = CARTESIAN_POINT('',(3.772392807525,-24.04671159612,2.));
#11940 = CARTESIAN_POINT('',(3.672222870377,-24.0815039858,2.));
#11941 = CARTESIAN_POINT('',(3.632752293484,-24.0914689613,2.));
#11942 = CARTESIAN_POINT('',(3.5922059769,-24.09806279103,2.));
#11943 = CARTESIAN_POINT('',(3.550685063124,-24.10131835937,2.));
#11944 = CARTESIAN_POINT('',(3.50830078125,-24.10131835937,2.));
#11945 = PCURVE('',#11217,#11946);
#11946 = DEFINITIONAL_REPRESENTATION('',(#11947),#11958);
#11947 = B_SPLINE_CURVE_WITH_KNOTS('',5,(#11948,#11949,#11950,#11951,
    #11952,#11953,#11954,#11955,#11956,#11957),.UNSPECIFIED.,.F.,.F.,(6,
    4,6),(0.,0.617570780579,1.),.UNSPECIFIED.);
#11948 = CARTESIAN_POINT('',(1.,-0.1));
#11949 = CARTESIAN_POINT('',(0.87942341804,-0.1));
#11950 = CARTESIAN_POINT('',(0.75696893194,-0.1));
#11951 = CARTESIAN_POINT('',(0.633140230073,-0.1));
#11952 = CARTESIAN_POINT('',(0.508560946409,-0.1));
#11953 = CARTESIAN_POINT('',(0.306865933747,-0.1));
#11954 = CARTESIAN_POINT('',(0.229730609085,-0.1));
#11955 = CARTESIAN_POINT('',(0.152769243615,-0.1));
#11956 = CARTESIAN_POINT('',(7.614299059449E-02,-0.1));
#11957 = CARTESIAN_POINT('',(0.,-0.1));
#11958 = ( GEOMETRIC_REPRESENTATION_CONTEXT(2) 
PARAMETRIC_REPRESENTATION_CONTEXT() REPRESENTATION_CONTEXT('2D SPACE',''
  ) );
#11959 = PCURVE('',#11727,#11960);
#11960 = DEFINITIONAL_REPRESENTATION('',(#11961),#11972);
#11961 = B_SPLINE_CURVE_WITH_KNOTS('',5,(#11962,#11963,#11964,#11965,
    #11966,#11967,#11968,#11969,#11970,#11971),.UNSPECIFIED.,.F.,.F.,(6,
    4,6),(0.,0.617570780579,1.),.UNSPECIFIED.);
#11962 = CARTESIAN_POINT('',(3.98681640625,-3.626708984375));
#11963 = CARTESIAN_POINT('',(3.938538673239,-3.680874245802));
#11964 = CARTESIAN_POINT('',(3.886669438548,-3.727719228387));
#11965 = CARTESIAN_POINT('',(3.831233581172,-3.766509385682));
#11966 = CARTESIAN_POINT('',(3.772392807525,-3.79671159612));
#11967 = CARTESIAN_POINT('',(3.672222870377,-3.831503985804));
#11968 = CARTESIAN_POINT('',(3.632752293484,-3.841468961307));
#11969 = CARTESIAN_POINT('',(3.5922059769,-3.848062791036));
#11970 = CARTESIAN_POINT('',(3.550685063124,-3.851318359375));
#11971 = CARTESIAN_POINT('',(3.50830078125,-3.851318359375));
#11972 = ( GEOMETRIC_REPRESENTATION_CONTEXT(2) 
PARAMETRIC_REPRESENTATION_CONTEXT() REPRESENTATION_CONTEXT('2D SPACE',''
  ) );
#11973 = ORIENTED_EDGE('',*,*,#11906,.T.);
#11974 = ORIENTED_EDGE('',*,*,#11201,.T.);
#11975 = ORIENTED_EDGE('',*,*,#11976,.F.);
#11976 = EDGE_CURVE('',#11931,#11202,#11977,.T.);
#11977 = SURFACE_CURVE('',#11978,(#11982,#11989),.PCURVE_S1.);
#11978 = LINE('',#11979,#11980);
#11979 = CARTESIAN_POINT('',(3.98681640625,-23.87670898437,1.9));
#11980 = VECTOR('',#11981,1.);
#11981 = DIRECTION('',(0.,0.,1.));
#11982 = PCURVE('',#11217,#11983);
#11983 = DEFINITIONAL_REPRESENTATION('',(#11984),#11988);
#11984 = LINE('',#11985,#11986);
#11985 = CARTESIAN_POINT('',(1.,0.));
#11986 = VECTOR('',#11987,1.);
#11987 = DIRECTION('',(0.,-1.));
#11988 = ( GEOMETRIC_REPRESENTATION_CONTEXT(2) 
PARAMETRIC_REPRESENTATION_CONTEXT() REPRESENTATION_CONTEXT('2D SPACE',''
  ) );
#11989 = PCURVE('',#11247,#11990);
#11990 = DEFINITIONAL_REPRESENTATION('',(#11991),#11995);
#11991 = LINE('',#11992,#11993);
#11992 = CARTESIAN_POINT('',(0.,0.));
#11993 = VECTOR('',#11994,1.);
#11994 = DIRECTION('',(0.,-1.));
#11995 = ( GEOMETRIC_REPRESENTATION_CONTEXT(2) 
PARAMETRIC_REPRESENTATION_CONTEXT() REPRESENTATION_CONTEXT('2D SPACE',''
  ) );
#11996 = ADVANCED_FACE('',(#11997),#11247,.T.);
#11997 = FACE_BOUND('',#11998,.T.);
#11998 = EDGE_LOOP('',(#11999,#12043,#12044,#12045));
#11999 = ORIENTED_EDGE('',*,*,#12000,.T.);
#12000 = EDGE_CURVE('',#12001,#11931,#12003,.T.);
#12001 = VERTEX_POINT('',#12002);
#12002 = CARTESIAN_POINT('',(4.18701171875,-23.26635742187,2.));
#12003 = SURFACE_CURVE('',#12004,(#12015,#12029),.PCURVE_S1.);
#12004 = B_SPLINE_CURVE_WITH_KNOTS('',5,(#12005,#12006,#12007,#12008,
    #12009,#12010,#12011,#12012,#12013,#12014),.UNSPECIFIED.,.F.,.F.,(6,
    4,6),(0.,0.482304898555,1.),.UNSPECIFIED.);
#12005 = CARTESIAN_POINT('',(4.18701171875,-23.26635742187,2.));
#12006 = CARTESIAN_POINT('',(4.18701171875,-23.33690852749,2.));
#12007 = CARTESIAN_POINT('',(4.182826046784,-23.40534959917,2.));
#12008 = CARTESIAN_POINT('',(4.174157061217,-23.4713531976,2.));
#12009 = CARTESIAN_POINT('',(4.16073324785,-23.53455246248,2.));
#12010 = CARTESIAN_POINT('',(4.122745158459,-23.65905414611,2.));
#12011 = CARTESIAN_POINT('',(4.097433487101,-23.71988529355,2.));
#12012 = CARTESIAN_POINT('',(4.066302372656,-23.77664768373,2.));
#12013 = CARTESIAN_POINT('',(4.029348815894,-23.8289896955,2.));
#12014 = CARTESIAN_POINT('',(3.98681640625,-23.87670898437,2.));
#12015 = PCURVE('',#11247,#12016);
#12016 = DEFINITIONAL_REPRESENTATION('',(#12017),#12028);
#12017 = B_SPLINE_CURVE_WITH_KNOTS('',5,(#12018,#12019,#12020,#12021,
    #12022,#12023,#12024,#12025,#12026,#12027),.UNSPECIFIED.,.F.,.F.,(6,
    4,6),(0.,0.482304898555,1.),.UNSPECIFIED.);
#12018 = CARTESIAN_POINT('',(1.,-0.1));
#12019 = CARTESIAN_POINT('',(0.908551478282,-0.1));
#12020 = CARTESIAN_POINT('',(0.815471139273,-0.1));
#12021 = CARTESIAN_POINT('',(0.720872885599,-0.1));
#12022 = CARTESIAN_POINT('',(0.624948975811,-0.1));
#12023 = CARTESIAN_POINT('',(0.423937175804,-0.1));
#12024 = CARTESIAN_POINT('',(0.318680402327,-0.1));
#12025 = CARTESIAN_POINT('',(0.212626224856,-0.1));
#12026 = CARTESIAN_POINT('',(0.106227286525,-0.1));
#12027 = CARTESIAN_POINT('',(0.,-0.1));
#12028 = ( GEOMETRIC_REPRESENTATION_CONTEXT(2) 
PARAMETRIC_REPRESENTATION_CONTEXT() REPRESENTATION_CONTEXT('2D SPACE',''
  ) );
#12029 = PCURVE('',#11727,#12030);
#12030 = DEFINITIONAL_REPRESENTATION('',(#12031),#12042);
#12031 = B_SPLINE_CURVE_WITH_KNOTS('',5,(#12032,#12033,#12034,#12035,
    #12036,#12037,#12038,#12039,#12040,#12041),.UNSPECIFIED.,.F.,.F.,(6,
    4,6),(0.,0.482304898555,1.),.UNSPECIFIED.);
#12032 = CARTESIAN_POINT('',(4.18701171875,-3.016357421875));
#12033 = CARTESIAN_POINT('',(4.18701171875,-3.086908527497));
#12034 = CARTESIAN_POINT('',(4.182826046784,-3.155349599178));
#12035 = CARTESIAN_POINT('',(4.174157061217,-3.221353197601));
#12036 = CARTESIAN_POINT('',(4.16073324785,-3.284552462482));
#12037 = CARTESIAN_POINT('',(4.122745158459,-3.409054146112));
#12038 = CARTESIAN_POINT('',(4.097433487101,-3.469885293559));
#12039 = CARTESIAN_POINT('',(4.066302372656,-3.52664768373));
#12040 = CARTESIAN_POINT('',(4.029348815894,-3.578989695506));
#12041 = CARTESIAN_POINT('',(3.98681640625,-3.626708984375));
#12042 = ( GEOMETRIC_REPRESENTATION_CONTEXT(2) 
PARAMETRIC_REPRESENTATION_CONTEXT() REPRESENTATION_CONTEXT('2D SPACE',''
  ) );
#12043 = ORIENTED_EDGE('',*,*,#11976,.T.);
#12044 = ORIENTED_EDGE('',*,*,#11231,.T.);
#12045 = ORIENTED_EDGE('',*,*,#12046,.F.);
#12046 = EDGE_CURVE('',#12001,#11232,#12047,.T.);
#12047 = SURFACE_CURVE('',#12048,(#12052,#12059),.PCURVE_S1.);
#12048 = LINE('',#12049,#12050);
#12049 = CARTESIAN_POINT('',(4.18701171875,-23.26635742187,1.9));
#12050 = VECTOR('',#12051,1.);
#12051 = DIRECTION('',(0.,0.,1.));
#12052 = PCURVE('',#11247,#12053);
#12053 = DEFINITIONAL_REPRESENTATION('',(#12054),#12058);
#12054 = LINE('',#12055,#12056);
#12055 = CARTESIAN_POINT('',(1.,0.));
#12056 = VECTOR('',#12057,1.);
#12057 = DIRECTION('',(0.,-1.));
#12058 = ( GEOMETRIC_REPRESENTATION_CONTEXT(2) 
PARAMETRIC_REPRESENTATION_CONTEXT() REPRESENTATION_CONTEXT('2D SPACE',''
  ) );
#12059 = PCURVE('',#11277,#12060);
#12060 = DEFINITIONAL_REPRESENTATION('',(#12061),#12065);
#12061 = LINE('',#12062,#12063);
#12062 = CARTESIAN_POINT('',(0.,0.));
#12063 = VECTOR('',#12064,1.);
#12064 = DIRECTION('',(0.,-1.));
#12065 = ( GEOMETRIC_REPRESENTATION_CONTEXT(2) 
PARAMETRIC_REPRESENTATION_CONTEXT() REPRESENTATION_CONTEXT('2D SPACE',''
  ) );
#12066 = ADVANCED_FACE('',(#12067),#11277,.T.);
#12067 = FACE_BOUND('',#12068,.T.);
#12068 = EDGE_LOOP('',(#12069,#12125,#12126,#12127));
#12069 = ORIENTED_EDGE('',*,*,#12070,.T.);
#12070 = EDGE_CURVE('',#12071,#12001,#12073,.T.);
#12071 = VERTEX_POINT('',#12072);
#12072 = CARTESIAN_POINT('',(3.9892578125,-22.681640625,2.));
#12073 = SURFACE_CURVE('',#12074,(#12089,#12107),.PCURVE_S1.);
#12074 = B_SPLINE_CURVE_WITH_KNOTS('',5,(#12075,#12076,#12077,#12078,
    #12079,#12080,#12081,#12082,#12083,#12084,#12085,#12086,#12087,
    #12088),.UNSPECIFIED.,.F.,.F.,(6,4,4,6),(0.,8.401802451674E-02,
    0.534334893252,1.),.UNSPECIFIED.);
#12075 = CARTESIAN_POINT('',(3.9892578125,-22.681640625,2.));
#12076 = CARTESIAN_POINT('',(3.996057369085,-22.68898582501,2.));
#12077 = CARTESIAN_POINT('',(4.00271319071,-22.69644996018,2.));
#12078 = CARTESIAN_POINT('',(4.009224275394,-22.70403233388,2.));
#12079 = CARTESIAN_POINT('',(4.015589755248,-22.71173213589,2.));
#12080 = CARTESIAN_POINT('',(4.055142032127,-22.76144200847,2.));
#12081 = CARTESIAN_POINT('',(4.084273126176,-22.80668468612,2.));
#12082 = CARTESIAN_POINT('',(4.109082793831,-22.85512816406,2.));
#12083 = CARTESIAN_POINT('',(4.129585877615,-22.90654632259,2.));
#12084 = CARTESIAN_POINT('',(4.162752997235,-23.01662567228,2.));
#12085 = CARTESIAN_POINT('',(4.175127149719,-23.07547824915,2.));
#12086 = CARTESIAN_POINT('',(4.183136243125,-23.1369241929,2.));
#12087 = CARTESIAN_POINT('',(4.18701171875,-23.200646677,2.));
#12088 = CARTESIAN_POINT('',(4.18701171875,-23.26635742187,2.));
#12089 = PCURVE('',#11277,#12090);
#12090 = DEFINITIONAL_REPRESENTATION('',(#12091),#12106);
#12091 = B_SPLINE_CURVE_WITH_KNOTS('',5,(#12092,#12093,#12094,#12095,
    #12096,#12097,#12098,#12099,#12100,#12101,#12102,#12103,#12104,
    #12105),.UNSPECIFIED.,.F.,.F.,(6,4,4,6),(0.,8.401802451674E-02,
    0.534334893252,1.),.UNSPECIFIED.);
#12092 = CARTESIAN_POINT('',(1.,-0.1));
#12093 = CARTESIAN_POINT('',(0.98280803471,-0.1));
#12094 = CARTESIAN_POINT('',(0.965610033823,-0.1));
#12095 = CARTESIAN_POINT('',(0.948408010992,-0.1));
#12096 = CARTESIAN_POINT('',(0.931203989048,-0.1));
#12097 = CARTESIAN_POINT('',(0.821790661322,-0.1));
#12098 = CARTESIAN_POINT('',(0.729577224768,-0.1));
#12099 = CARTESIAN_POINT('',(0.637687608727,-0.1));
#12100 = CARTESIAN_POINT('',(0.546410555133,-0.1));
#12101 = CARTESIAN_POINT('',(0.362507964213,-0.1));
#12102 = CARTESIAN_POINT('',(0.269935576957,-0.1));
#12103 = CARTESIAN_POINT('',(0.178552260525,-0.1));
#12104 = CARTESIAN_POINT('',(8.853658256017E-02,-0.1));
#12105 = CARTESIAN_POINT('',(0.,-0.1));
#12106 = ( GEOMETRIC_REPRESENTATION_CONTEXT(2) 
PARAMETRIC_REPRESENTATION_CONTEXT() REPRESENTATION_CONTEXT('2D SPACE',''
  ) );
#12107 = PCURVE('',#11727,#12108);
#12108 = DEFINITIONAL_REPRESENTATION('',(#12109),#12124);
#12109 = B_SPLINE_CURVE_WITH_KNOTS('',5,(#12110,#12111,#12112,#12113,
    #12114,#12115,#12116,#12117,#12118,#12119,#12120,#12121,#12122,
    #12123),.UNSPECIFIED.,.F.,.F.,(6,4,4,6),(0.,8.401802451674E-02,
    0.534334893252,1.),.UNSPECIFIED.);
#12110 = CARTESIAN_POINT('',(3.9892578125,-2.431640625));
#12111 = CARTESIAN_POINT('',(3.996057369085,-2.438985825014));
#12112 = CARTESIAN_POINT('',(4.00271319071,-2.446449960188));
#12113 = CARTESIAN_POINT('',(4.009224275394,-2.454032333889));
#12114 = CARTESIAN_POINT('',(4.015589755248,-2.461732135894));
#12115 = CARTESIAN_POINT('',(4.055142032127,-2.511442008477));
#12116 = CARTESIAN_POINT('',(4.084273126176,-2.55668468612));
#12117 = CARTESIAN_POINT('',(4.109082793831,-2.60512816406));
#12118 = CARTESIAN_POINT('',(4.129585877615,-2.656546322594));
#12119 = CARTESIAN_POINT('',(4.162752997235,-2.76662567228));
#12120 = CARTESIAN_POINT('',(4.175127149719,-2.825478249155));
#12121 = CARTESIAN_POINT('',(4.183136243125,-2.886924192903));
#12122 = CARTESIAN_POINT('',(4.18701171875,-2.950646677006));
#12123 = CARTESIAN_POINT('',(4.18701171875,-3.016357421875));
#12124 = ( GEOMETRIC_REPRESENTATION_CONTEXT(2) 
PARAMETRIC_REPRESENTATION_CONTEXT() REPRESENTATION_CONTEXT('2D SPACE',''
  ) );
#12125 = ORIENTED_EDGE('',*,*,#12046,.T.);
#12126 = ORIENTED_EDGE('',*,*,#11261,.T.);
#12127 = ORIENTED_EDGE('',*,*,#12128,.F.);
#12128 = EDGE_CURVE('',#12071,#11262,#12129,.T.);
#12129 = SURFACE_CURVE('',#12130,(#12134,#12141),.PCURVE_S1.);
#12130 = LINE('',#12131,#12132);
#12131 = CARTESIAN_POINT('',(3.9892578125,-22.681640625,1.9));
#12132 = VECTOR('',#12133,1.);
#12133 = DIRECTION('',(0.,0.,1.));
#12134 = PCURVE('',#11277,#12135);
#12135 = DEFINITIONAL_REPRESENTATION('',(#12136),#12140);
#12136 = LINE('',#12137,#12138);
#12137 = CARTESIAN_POINT('',(1.,0.));
#12138 = VECTOR('',#12139,1.);
#12139 = DIRECTION('',(0.,-1.));
#12140 = ( GEOMETRIC_REPRESENTATION_CONTEXT(2) 
PARAMETRIC_REPRESENTATION_CONTEXT() REPRESENTATION_CONTEXT('2D SPACE',''
  ) );
#12141 = PCURVE('',#11307,#12142);
#12142 = DEFINITIONAL_REPRESENTATION('',(#12143),#12147);
#12143 = LINE('',#12144,#12145);
#12144 = CARTESIAN_POINT('',(0.,0.));
#12145 = VECTOR('',#12146,1.);
#12146 = DIRECTION('',(0.,-1.));
#12147 = ( GEOMETRIC_REPRESENTATION_CONTEXT(2) 
PARAMETRIC_REPRESENTATION_CONTEXT() REPRESENTATION_CONTEXT('2D SPACE',''
  ) );
#12148 = ADVANCED_FACE('',(#12149),#11307,.T.);
#12149 = FACE_BOUND('',#12150,.T.);
#12150 = EDGE_LOOP('',(#12151,#12195,#12196,#12197));
#12151 = ORIENTED_EDGE('',*,*,#12152,.T.);
#12152 = EDGE_CURVE('',#12153,#12071,#12155,.T.);
#12153 = VERTEX_POINT('',#12154);
#12154 = CARTESIAN_POINT('',(3.4912109375,-22.46801757812,2.));
#12155 = SURFACE_CURVE('',#12156,(#12167,#12181),.PCURVE_S1.);
#12156 = B_SPLINE_CURVE_WITH_KNOTS('',5,(#12157,#12158,#12159,#12160,
    #12161,#12162,#12163,#12164,#12165,#12166),.UNSPECIFIED.,.F.,.F.,(6,
    4,6),(0.,0.54868082518,1.),.UNSPECIFIED.);
#12157 = CARTESIAN_POINT('',(3.4912109375,-22.46801757812,2.));
#12158 = CARTESIAN_POINT('',(3.555933713875,-22.46801757812,2.));
#12159 = CARTESIAN_POINT('',(3.6184752475,-22.47421986244,2.));
#12160 = CARTESIAN_POINT('',(3.678464939821,-22.48692951308,2.));
#12161 = CARTESIAN_POINT('',(3.735570444097,-22.50628730246,2.));
#12162 = CARTESIAN_POINT('',(3.833931265272,-22.55345886367,2.));
#12163 = CARTESIAN_POINT('',(3.876206138434,-22.57916506312,2.));
#12164 = CARTESIAN_POINT('',(3.916224489338,-22.60922247176,2.));
#12165 = CARTESIAN_POINT('',(3.953915044319,-22.64346170875,2.));
#12166 = CARTESIAN_POINT('',(3.9892578125,-22.681640625,2.));
#12167 = PCURVE('',#11307,#12168);
#12168 = DEFINITIONAL_REPRESENTATION('',(#12169),#12180);
#12169 = B_SPLINE_CURVE_WITH_KNOTS('',5,(#12170,#12171,#12172,#12173,
    #12174,#12175,#12176,#12177,#12178,#12179),.UNSPECIFIED.,.F.,.F.,(6,
    4,6),(0.,0.54868082518,1.),.UNSPECIFIED.);
#12170 = CARTESIAN_POINT('',(1.,-0.1));
#12171 = CARTESIAN_POINT('',(0.892233946328,-0.1));
#12172 = CARTESIAN_POINT('',(0.783142763855,-0.1));
#12173 = CARTESIAN_POINT('',(0.673099686749,-0.1));
#12174 = CARTESIAN_POINT('',(0.562545577781,-0.1));
#12175 = CARTESIAN_POINT('',(0.361070379983,-0.1));
#12176 = CARTESIAN_POINT('',(0.270136101493,-0.1));
#12177 = CARTESIAN_POINT('',(0.179481453006,-0.1));
#12178 = CARTESIAN_POINT('',(8.936048053637E-02,-0.1));
#12179 = CARTESIAN_POINT('',(0.,-0.1));
#12180 = ( GEOMETRIC_REPRESENTATION_CONTEXT(2) 
PARAMETRIC_REPRESENTATION_CONTEXT() REPRESENTATION_CONTEXT('2D SPACE',''
  ) );
#12181 = PCURVE('',#11727,#12182);
#12182 = DEFINITIONAL_REPRESENTATION('',(#12183),#12194);
#12183 = B_SPLINE_CURVE_WITH_KNOTS('',5,(#12184,#12185,#12186,#12187,
    #12188,#12189,#12190,#12191,#12192,#12193),.UNSPECIFIED.,.F.,.F.,(6,
    4,6),(0.,0.54868082518,1.),.UNSPECIFIED.);
#12184 = CARTESIAN_POINT('',(3.4912109375,-2.218017578125));
#12185 = CARTESIAN_POINT('',(3.555933713875,-2.218017578125));
#12186 = CARTESIAN_POINT('',(3.6184752475,-2.224219862444));
#12187 = CARTESIAN_POINT('',(3.678464939821,-2.236929513088));
#12188 = CARTESIAN_POINT('',(3.735570444097,-2.256287302468));
#12189 = CARTESIAN_POINT('',(3.833931265272,-2.303458863671));
#12190 = CARTESIAN_POINT('',(3.876206138434,-2.329165063121));
#12191 = CARTESIAN_POINT('',(3.916224489338,-2.35922247176));
#12192 = CARTESIAN_POINT('',(3.953915044319,-2.393461708755));
#12193 = CARTESIAN_POINT('',(3.9892578125,-2.431640625));
#12194 = ( GEOMETRIC_REPRESENTATION_CONTEXT(2) 
PARAMETRIC_REPRESENTATION_CONTEXT() REPRESENTATION_CONTEXT('2D SPACE',''
  ) );
#12195 = ORIENTED_EDGE('',*,*,#12128,.T.);
#12196 = ORIENTED_EDGE('',*,*,#11291,.T.);
#12197 = ORIENTED_EDGE('',*,*,#12198,.F.);
#12198 = EDGE_CURVE('',#12153,#11292,#12199,.T.);
#12199 = SURFACE_CURVE('',#12200,(#12204,#12211),.PCURVE_S1.);
#12200 = LINE('',#12201,#12202);
#12201 = CARTESIAN_POINT('',(3.4912109375,-22.46801757812,1.9));
#12202 = VECTOR('',#12203,1.);
#12203 = DIRECTION('',(0.,0.,1.));
#12204 = PCURVE('',#11307,#12205);
#12205 = DEFINITIONAL_REPRESENTATION('',(#12206),#12210);
#12206 = LINE('',#12207,#12208);
#12207 = CARTESIAN_POINT('',(1.,0.));
#12208 = VECTOR('',#12209,1.);
#12209 = DIRECTION('',(0.,-1.));
#12210 = ( GEOMETRIC_REPRESENTATION_CONTEXT(2) 
PARAMETRIC_REPRESENTATION_CONTEXT() REPRESENTATION_CONTEXT('2D SPACE',''
  ) );
#12211 = PCURVE('',#11337,#12212);
#12212 = DEFINITIONAL_REPRESENTATION('',(#12213),#12217);
#12213 = LINE('',#12214,#12215);
#12214 = CARTESIAN_POINT('',(0.,0.));
#12215 = VECTOR('',#12216,1.);
#12216 = DIRECTION('',(0.,-1.));
#12217 = ( GEOMETRIC_REPRESENTATION_CONTEXT(2) 
PARAMETRIC_REPRESENTATION_CONTEXT() REPRESENTATION_CONTEXT('2D SPACE',''
  ) );
#12218 = ADVANCED_FACE('',(#12219),#11337,.T.);
#12219 = FACE_BOUND('',#12220,.T.);
#12220 = EDGE_LOOP('',(#12221,#12265,#12266,#12267));
#12221 = ORIENTED_EDGE('',*,*,#12222,.T.);
#12222 = EDGE_CURVE('',#12223,#12153,#12225,.T.);
#12223 = VERTEX_POINT('',#12224);
#12224 = CARTESIAN_POINT('',(2.98583984375,-22.681640625,2.));
#12225 = SURFACE_CURVE('',#12226,(#12237,#12251),.PCURVE_S1.);
#12226 = B_SPLINE_CURVE_WITH_KNOTS('',5,(#12227,#12228,#12229,#12230,
    #12231,#12232,#12233,#12234,#12235,#12236),.UNSPECIFIED.,.F.,.F.,(6,
    4,6),(0.,0.499996901891,1.),.UNSPECIFIED.);
#12227 = CARTESIAN_POINT('',(2.98583984375,-22.681640625,2.));
#12228 = CARTESIAN_POINT('',(3.02678958692,-22.63948647761,2.));
#12229 = CARTESIAN_POINT('',(3.070341361672,-22.60211571828,2.));
#12230 = CARTESIAN_POINT('',(3.116463865286,-22.56985489019,2.));
#12231 = CARTESIAN_POINT('',(3.165060038451,-22.54293157719,2.));
#12232 = CARTESIAN_POINT('',(3.266825357734,-22.49991483595,2.));
#12233 = CARTESIAN_POINT('',(3.320000399697,-22.48381907377,2.));
#12234 = CARTESIAN_POINT('',(3.375281164277,-22.473216355,2.));
#12235 = CARTESIAN_POINT('',(3.43243670608,-22.46801757812,2.));
#12236 = CARTESIAN_POINT('',(3.4912109375,-22.46801757812,2.));
#12237 = PCURVE('',#11337,#12238);
#12238 = DEFINITIONAL_REPRESENTATION('',(#12239),#12250);
#12239 = B_SPLINE_CURVE_WITH_KNOTS('',5,(#12240,#12241,#12242,#12243,
    #12244,#12245,#12246,#12247,#12248,#12249),.UNSPECIFIED.,.F.,.F.,(6,
    4,6),(0.,0.499996901891,1.),.UNSPECIFIED.);
#12240 = CARTESIAN_POINT('',(1.,-0.1));
#12241 = CARTESIAN_POINT('',(0.901335207044,-0.1));
#12242 = CARTESIAN_POINT('',(0.801697879694,-0.1));
#12243 = CARTESIAN_POINT('',(0.701372360659,-0.1));
#12244 = CARTESIAN_POINT('',(0.600683131645,-0.1));
#12245 = CARTESIAN_POINT('',(0.399315620638,-0.1));
#12246 = CARTESIAN_POINT('',(0.298625784626,-0.1));
#12247 = CARTESIAN_POINT('',(0.198300307993,-0.1));
#12248 = CARTESIAN_POINT('',(9.866362782618E-02,-0.1));
#12249 = CARTESIAN_POINT('',(0.,-0.1));
#12250 = ( GEOMETRIC_REPRESENTATION_CONTEXT(2) 
PARAMETRIC_REPRESENTATION_CONTEXT() REPRESENTATION_CONTEXT('2D SPACE',''
  ) );
#12251 = PCURVE('',#11727,#12252);
#12252 = DEFINITIONAL_REPRESENTATION('',(#12253),#12264);
#12253 = B_SPLINE_CURVE_WITH_KNOTS('',5,(#12254,#12255,#12256,#12257,
    #12258,#12259,#12260,#12261,#12262,#12263),.UNSPECIFIED.,.F.,.F.,(6,
    4,6),(0.,0.499996901891,1.),.UNSPECIFIED.);
#12254 = CARTESIAN_POINT('',(2.98583984375,-2.431640625));
#12255 = CARTESIAN_POINT('',(3.02678958692,-2.389486477619));
#12256 = CARTESIAN_POINT('',(3.070341361672,-2.352115718289));
#12257 = CARTESIAN_POINT('',(3.116463865286,-2.319854890198));
#12258 = CARTESIAN_POINT('',(3.165060038451,-2.292931577195));
#12259 = CARTESIAN_POINT('',(3.266825357734,-2.249914835952));
#12260 = CARTESIAN_POINT('',(3.320000399697,-2.233819073778));
#12261 = CARTESIAN_POINT('',(3.375281164277,-2.223216355004));
#12262 = CARTESIAN_POINT('',(3.43243670608,-2.218017578125));
#12263 = CARTESIAN_POINT('',(3.4912109375,-2.218017578125));
#12264 = ( GEOMETRIC_REPRESENTATION_CONTEXT(2) 
PARAMETRIC_REPRESENTATION_CONTEXT() REPRESENTATION_CONTEXT('2D SPACE',''
  ) );
#12265 = ORIENTED_EDGE('',*,*,#12198,.T.);
#12266 = ORIENTED_EDGE('',*,*,#11321,.T.);
#12267 = ORIENTED_EDGE('',*,*,#12268,.F.);
#12268 = EDGE_CURVE('',#12223,#11322,#12269,.T.);
#12269 = SURFACE_CURVE('',#12270,(#12274,#12281),.PCURVE_S1.);
#12270 = LINE('',#12271,#12272);
#12271 = CARTESIAN_POINT('',(2.98583984375,-22.681640625,1.9));
#12272 = VECTOR('',#12273,1.);
#12273 = DIRECTION('',(0.,0.,1.));
#12274 = PCURVE('',#11337,#12275);
#12275 = DEFINITIONAL_REPRESENTATION('',(#12276),#12280);
#12276 = LINE('',#12277,#12278);
#12277 = CARTESIAN_POINT('',(1.,0.));
#12278 = VECTOR('',#12279,1.);
#12279 = DIRECTION('',(0.,-1.));
#12280 = ( GEOMETRIC_REPRESENTATION_CONTEXT(2) 
PARAMETRIC_REPRESENTATION_CONTEXT() REPRESENTATION_CONTEXT('2D SPACE',''
  ) );
#12281 = PCURVE('',#11365,#12282);
#12282 = DEFINITIONAL_REPRESENTATION('',(#12283),#12287);
#12283 = LINE('',#12284,#12285);
#12284 = CARTESIAN_POINT('',(0.,0.));
#12285 = VECTOR('',#12286,1.);
#12286 = DIRECTION('',(0.,-1.));
#12287 = ( GEOMETRIC_REPRESENTATION_CONTEXT(2) 
PARAMETRIC_REPRESENTATION_CONTEXT() REPRESENTATION_CONTEXT('2D SPACE',''
  ) );
#12288 = ADVANCED_FACE('',(#12289),#11365,.T.);
#12289 = FACE_BOUND('',#12290,.T.);
#12290 = EDGE_LOOP('',(#12291,#12333,#12334,#12335));
#12291 = ORIENTED_EDGE('',*,*,#12292,.T.);
#12292 = EDGE_CURVE('',#11702,#12223,#12293,.T.);
#12293 = SURFACE_CURVE('',#12294,(#12305,#12319),.PCURVE_S1.);
#12294 = B_SPLINE_CURVE_WITH_KNOTS('',5,(#12295,#12296,#12297,#12298,
    #12299,#12300,#12301,#12302,#12303,#12304),.UNSPECIFIED.,.F.,.F.,(6,
    4,6),(0.,0.762758749444,1.),.UNSPECIFIED.);
#12295 = CARTESIAN_POINT('',(2.7783203125,-23.24194335937,2.));
#12296 = CARTESIAN_POINT('',(2.7783203125,-23.1399536404,2.));
#12297 = CARTESIAN_POINT('',(2.789546075923,-23.04278583586,2.));
#12298 = CARTESIAN_POINT('',(2.813039902089,-22.951666025,2.));
#12299 = CARTESIAN_POINT('',(2.849419163308,-22.86776830749,2.));
#12300 = CARTESIAN_POINT('',(2.913350819913,-22.76822889539,2.));
#12301 = CARTESIAN_POINT('',(2.929717510284,-22.74538330968,2.));
#12302 = CARTESIAN_POINT('',(2.947270053281,-22.7233277822,2.));
#12303 = CARTESIAN_POINT('',(2.965987155907,-22.70207721542,2.));
#12304 = CARTESIAN_POINT('',(2.98583984375,-22.681640625,2.));
#12305 = PCURVE('',#11365,#12306);
#12306 = DEFINITIONAL_REPRESENTATION('',(#12307),#12318);
#12307 = B_SPLINE_CURVE_WITH_KNOTS('',5,(#12308,#12309,#12310,#12311,
    #12312,#12313,#12314,#12315,#12316,#12317),.UNSPECIFIED.,.F.,.F.,(6,
    4,6),(0.,0.762758749444,1.),.UNSPECIFIED.);
#12308 = CARTESIAN_POINT('',(1.,-0.1));
#12309 = CARTESIAN_POINT('',(0.852904968703,-0.1));
#12310 = CARTESIAN_POINT('',(0.702383458967,-0.1));
#12311 = CARTESIAN_POINT('',(0.549239933069,-0.1));
#12312 = CARTESIAN_POINT('',(0.394596832114,-0.1));
#12313 = CARTESIAN_POINT('',(0.191915666901,-0.1));
#12314 = CARTESIAN_POINT('',(0.143831623219,-0.1));
#12315 = CARTESIAN_POINT('',(9.579043959323E-02,-0.1));
#12316 = CARTESIAN_POINT('',(4.783329964952E-02,-0.1));
#12317 = CARTESIAN_POINT('',(0.,-0.1));
#12318 = ( GEOMETRIC_REPRESENTATION_CONTEXT(2) 
PARAMETRIC_REPRESENTATION_CONTEXT() REPRESENTATION_CONTEXT('2D SPACE',''
  ) );
#12319 = PCURVE('',#11727,#12320);
#12320 = DEFINITIONAL_REPRESENTATION('',(#12321),#12332);
#12321 = B_SPLINE_CURVE_WITH_KNOTS('',5,(#12322,#12323,#12324,#12325,
    #12326,#12327,#12328,#12329,#12330,#12331),.UNSPECIFIED.,.F.,.F.,(6,
    4,6),(0.,0.762758749444,1.),.UNSPECIFIED.);
#12322 = CARTESIAN_POINT('',(2.7783203125,-2.991943359375));
#12323 = CARTESIAN_POINT('',(2.7783203125,-2.889953640409));
#12324 = CARTESIAN_POINT('',(2.789546075923,-2.792785835866));
#12325 = CARTESIAN_POINT('',(2.813039902089,-2.701666025006));
#12326 = CARTESIAN_POINT('',(2.849419163308,-2.617768307491));
#12327 = CARTESIAN_POINT('',(2.913350819913,-2.518228895395));
#12328 = CARTESIAN_POINT('',(2.929717510284,-2.495383309688));
#12329 = CARTESIAN_POINT('',(2.947270053281,-2.473327782203));
#12330 = CARTESIAN_POINT('',(2.965987155907,-2.452077215426));
#12331 = CARTESIAN_POINT('',(2.98583984375,-2.431640625));
#12332 = ( GEOMETRIC_REPRESENTATION_CONTEXT(2) 
PARAMETRIC_REPRESENTATION_CONTEXT() REPRESENTATION_CONTEXT('2D SPACE',''
  ) );
#12333 = ORIENTED_EDGE('',*,*,#12268,.T.);
#12334 = ORIENTED_EDGE('',*,*,#11351,.T.);
#12335 = ORIENTED_EDGE('',*,*,#11744,.F.);
#12336 = ADVANCED_FACE('',(#12337),#11413,.T.);
#12337 = FACE_BOUND('',#12338,.T.);
#12338 = EDGE_LOOP('',(#12339,#12402,#12423,#12424));
#12339 = ORIENTED_EDGE('',*,*,#12340,.T.);
#12340 = EDGE_CURVE('',#12341,#12343,#12345,.T.);
#12341 = VERTEX_POINT('',#12342);
#12342 = CARTESIAN_POINT('',(-3.19140625,-18.26064453125,2.));
#12343 = VERTEX_POINT('',#12344);
#12344 = CARTESIAN_POINT('',(-3.455810546875,-17.48598632812,2.));
#12345 = SURFACE_CURVE('',#12346,(#12361,#12379),.PCURVE_S1.);
#12346 = B_SPLINE_CURVE_WITH_KNOTS('',5,(#12347,#12348,#12349,#12350,
    #12351,#12352,#12353,#12354,#12355,#12356,#12357,#12358,#12359,
    #12360),.UNSPECIFIED.,.F.,.F.,(6,4,4,6),(0.,9.288475849948E-02,
    0.534230219197,1.),.UNSPECIFIED.);
#12347 = CARTESIAN_POINT('',(-3.19140625,-18.26064453125,2.));
#12348 = CARTESIAN_POINT('',(-3.201550580771,-18.24978831761,2.));
#12349 = CARTESIAN_POINT('',(-3.211458257276,-18.2387330012,2.));
#12350 = CARTESIAN_POINT('',(-3.221126452645,-18.22748042636,2.));
#12351 = CARTESIAN_POINT('',(-3.230552746508,-18.21603279293,2.));
#12352 = CARTESIAN_POINT('',(-3.28336554544,-18.14908410433,2.));
#12353 = CARTESIAN_POINT('',(-3.321493693619,-18.08942355537,2.));
#12354 = CARTESIAN_POINT('',(-3.353887284015,-18.0257012072,2.));
#12355 = CARTESIAN_POINT('',(-3.380585405688,-17.95834249462,2.));
#12356 = CARTESIAN_POINT('',(-3.42417154558,-17.81342754573,2.));
#12357 = CARTESIAN_POINT('',(-3.440437248628,-17.73550373092,2.));
#12358 = CARTESIAN_POINT('',(-3.450835490026,-17.65461396844,2.));
#12359 = CARTESIAN_POINT('',(-3.455810546875,-17.57129733137,2.));
#12360 = CARTESIAN_POINT('',(-3.455810546875,-17.48598632812,2.));
#12361 = PCURVE('',#11413,#12362);
#12362 = DEFINITIONAL_REPRESENTATION('',(#12363),#12378);
#12363 = B_SPLINE_CURVE_WITH_KNOTS('',5,(#12364,#12365,#12366,#12367,
    #12368,#12369,#12370,#12371,#12372,#12373,#12374,#12375,#12376,
    #12377),.UNSPECIFIED.,.F.,.F.,(6,4,4,6),(0.,9.288475849948E-02,
    0.534230219197,1.),.UNSPECIFIED.);
#12364 = CARTESIAN_POINT('',(1.,-0.1));
#12365 = CARTESIAN_POINT('',(0.980816630269,-0.1));
#12366 = CARTESIAN_POINT('',(0.961620782925,-0.1));
#12367 = CARTESIAN_POINT('',(0.942416602871,-0.1));
#12368 = CARTESIAN_POINT('',(0.92320827016,-0.1));
#12369 = CARTESIAN_POINT('',(0.812731174199,-0.1));
#12370 = CARTESIAN_POINT('',(0.721454113799,-0.1));
#12371 = CARTESIAN_POINT('',(0.630650394865,-0.1));
#12372 = CARTESIAN_POINT('',(0.540721253547,-0.1));
#12373 = CARTESIAN_POINT('',(0.358368859551,-0.1));
#12374 = CARTESIAN_POINT('',(0.266071418484,-0.1));
#12375 = CARTESIAN_POINT('',(0.175468365825,-0.1));
#12376 = CARTESIAN_POINT('',(8.675120886724E-02,-0.1));
#12377 = CARTESIAN_POINT('',(0.,-0.1));
#12378 = ( GEOMETRIC_REPRESENTATION_CONTEXT(2) 
PARAMETRIC_REPRESENTATION_CONTEXT() REPRESENTATION_CONTEXT('2D SPACE',''
  ) );
#12379 = PCURVE('',#12380,#12385);
#12380 = PLANE('',#12381);
#12381 = AXIS2_PLACEMENT_3D('',#12382,#12383,#12384);
#12382 = CARTESIAN_POINT('',(0.,-20.25,2.));
#12383 = DIRECTION('',(0.,0.,1.));
#12384 = DIRECTION('',(1.,0.,-0.));
#12385 = DEFINITIONAL_REPRESENTATION('',(#12386),#12401);
#12386 = B_SPLINE_CURVE_WITH_KNOTS('',5,(#12387,#12388,#12389,#12390,
    #12391,#12392,#12393,#12394,#12395,#12396,#12397,#12398,#12399,
    #12400),.UNSPECIFIED.,.F.,.F.,(6,4,4,6),(0.,9.288475849948E-02,
    0.534230219197,1.),.UNSPECIFIED.);
#12387 = CARTESIAN_POINT('',(-3.19140625,1.98935546875));
#12388 = CARTESIAN_POINT('',(-3.201550580771,2.000211682382));
#12389 = CARTESIAN_POINT('',(-3.211458257276,2.011266998794));
#12390 = CARTESIAN_POINT('',(-3.221126452645,2.022519573635));
#12391 = CARTESIAN_POINT('',(-3.230552746508,2.033967207065));
#12392 = CARTESIAN_POINT('',(-3.28336554544,2.100915895667));
#12393 = CARTESIAN_POINT('',(-3.321493693619,2.160576444629));
#12394 = CARTESIAN_POINT('',(-3.353887284015,2.224298792792));
#12395 = CARTESIAN_POINT('',(-3.380585405688,2.291657505372));
#12396 = CARTESIAN_POINT('',(-3.42417154558,2.436572454261));
#12397 = CARTESIAN_POINT('',(-3.440437248628,2.51449626908));
#12398 = CARTESIAN_POINT('',(-3.450835490026,2.595386031552));
#12399 = CARTESIAN_POINT('',(-3.455810546875,2.678702668624));
#12400 = CARTESIAN_POINT('',(-3.455810546875,2.764013671875));
#12401 = ( GEOMETRIC_REPRESENTATION_CONTEXT(2) 
PARAMETRIC_REPRESENTATION_CONTEXT() REPRESENTATION_CONTEXT('2D SPACE',''
  ) );
#12402 = ORIENTED_EDGE('',*,*,#12403,.T.);
#12403 = EDGE_CURVE('',#12343,#11396,#12404,.T.);
#12404 = SURFACE_CURVE('',#12405,(#12409,#12416),.PCURVE_S1.);
#12405 = LINE('',#12406,#12407);
#12406 = CARTESIAN_POINT('',(-3.455810546875,-17.48598632812,1.9));
#12407 = VECTOR('',#12408,1.);
#12408 = DIRECTION('',(0.,0.,1.));
#12409 = PCURVE('',#11413,#12410);
#12410 = DEFINITIONAL_REPRESENTATION('',(#12411),#12415);
#12411 = LINE('',#12412,#12413);
#12412 = CARTESIAN_POINT('',(0.,0.));
#12413 = VECTOR('',#12414,1.);
#12414 = DIRECTION('',(0.,-1.));
#12415 = ( GEOMETRIC_REPRESENTATION_CONTEXT(2) 
PARAMETRIC_REPRESENTATION_CONTEXT() REPRESENTATION_CONTEXT('2D SPACE',''
  ) );
#12416 = PCURVE('',#11651,#12417);
#12417 = DEFINITIONAL_REPRESENTATION('',(#12418),#12422);
#12418 = LINE('',#12419,#12420);
#12419 = CARTESIAN_POINT('',(1.,0.));
#12420 = VECTOR('',#12421,1.);
#12421 = DIRECTION('',(0.,-1.));
#12422 = ( GEOMETRIC_REPRESENTATION_CONTEXT(2) 
PARAMETRIC_REPRESENTATION_CONTEXT() REPRESENTATION_CONTEXT('2D SPACE',''
  ) );
#12423 = ORIENTED_EDGE('',*,*,#11395,.T.);
#12424 = ORIENTED_EDGE('',*,*,#12425,.F.);
#12425 = EDGE_CURVE('',#12341,#11398,#12426,.T.);
#12426 = SURFACE_CURVE('',#12427,(#12431,#12438),.PCURVE_S1.);
#12427 = LINE('',#12428,#12429);
#12428 = CARTESIAN_POINT('',(-3.19140625,-18.26064453125,1.9));
#12429 = VECTOR('',#12430,1.);
#12430 = DIRECTION('',(0.,0.,1.));
#12431 = PCURVE('',#11413,#12432);
#12432 = DEFINITIONAL_REPRESENTATION('',(#12433),#12437);
#12433 = LINE('',#12434,#12435);
#12434 = CARTESIAN_POINT('',(1.,0.));
#12435 = VECTOR('',#12436,1.);
#12436 = DIRECTION('',(0.,-1.));
#12437 = ( GEOMETRIC_REPRESENTATION_CONTEXT(2) 
PARAMETRIC_REPRESENTATION_CONTEXT() REPRESENTATION_CONTEXT('2D SPACE',''
  ) );
#12438 = PCURVE('',#11443,#12439);
#12439 = DEFINITIONAL_REPRESENTATION('',(#12440),#12444);
#12440 = LINE('',#12441,#12442);
#12441 = CARTESIAN_POINT('',(0.,0.));
#12442 = VECTOR('',#12443,1.);
#12443 = DIRECTION('',(0.,-1.));
#12444 = ( GEOMETRIC_REPRESENTATION_CONTEXT(2) 
PARAMETRIC_REPRESENTATION_CONTEXT() REPRESENTATION_CONTEXT('2D SPACE',''
  ) );
#12445 = ADVANCED_FACE('',(#12446),#11443,.T.);
#12446 = FACE_BOUND('',#12447,.T.);
#12447 = EDGE_LOOP('',(#12448,#12492,#12493,#12494));
#12448 = ORIENTED_EDGE('',*,*,#12449,.T.);
#12449 = EDGE_CURVE('',#12450,#12341,#12452,.T.);
#12450 = VERTEX_POINT('',#12451);
#12451 = CARTESIAN_POINT('',(-2.528076171875,-18.54360351562,2.));
#12452 = SURFACE_CURVE('',#12453,(#12464,#12478),.PCURVE_S1.);
#12453 = B_SPLINE_CURVE_WITH_KNOTS('',5,(#12454,#12455,#12456,#12457,
    #12458,#12459,#12460,#12461,#12462,#12463),.UNSPECIFIED.,.F.,.F.,(6,
    4,6),(0.,0.546971843718,1.),.UNSPECIFIED.);
#12454 = CARTESIAN_POINT('',(-2.528076171875,-18.54360351562,2.));
#12455 = CARTESIAN_POINT('',(-2.61308492759,-18.54360351562,2.));
#12456 = CARTESIAN_POINT('',(-2.69577920891,-18.5355728419,2.));
#12457 = CARTESIAN_POINT('',(-2.775500929129,-18.51894410457,2.));
#12458 = CARTESIAN_POINT('',(-2.851612113355,-18.49341977397,2.));
#12459 = CARTESIAN_POINT('',(-2.983224015569,-18.43094698067,2.));
#12460 = CARTESIAN_POINT('',(-3.040033060572,-18.39670717265,2.));
#12461 = CARTESIAN_POINT('',(-3.093739330299,-18.3566627949,2.));
#12462 = CARTESIAN_POINT('',(-3.144207792161,-18.31115516156,2.));
#12463 = CARTESIAN_POINT('',(-3.19140625,-18.26064453125,2.));
#12464 = PCURVE('',#11443,#12465);
#12465 = DEFINITIONAL_REPRESENTATION('',(#12466),#12477);
#12466 = B_SPLINE_CURVE_WITH_KNOTS('',5,(#12467,#12468,#12469,#12470,
    #12471,#12472,#12473,#12474,#12475,#12476),.UNSPECIFIED.,.F.,.F.,(6,
    4,6),(0.,0.546971843718,1.),.UNSPECIFIED.);
#12467 = CARTESIAN_POINT('',(1.,-0.1));
#12468 = CARTESIAN_POINT('',(0.893452918174,-0.1));
#12469 = CARTESIAN_POINT('',(0.785021542382,-0.1));
#12470 = CARTESIAN_POINT('',(0.675192609755,-0.1));
#12471 = CARTESIAN_POINT('',(0.564588449534,-0.1));
#12472 = CARTESIAN_POINT('',(0.362405374109,-0.1));
#12473 = CARTESIAN_POINT('',(0.270800632133,-0.1));
#12474 = CARTESIAN_POINT('',(0.179626077605,-0.1));
#12475 = CARTESIAN_POINT('',(8.925433208986E-02,-0.1));
#12476 = CARTESIAN_POINT('',(0.,-0.1));
#12477 = ( GEOMETRIC_REPRESENTATION_CONTEXT(2) 
PARAMETRIC_REPRESENTATION_CONTEXT() REPRESENTATION_CONTEXT('2D SPACE',''
  ) );
#12478 = PCURVE('',#12380,#12479);
#12479 = DEFINITIONAL_REPRESENTATION('',(#12480),#12491);
#12480 = B_SPLINE_CURVE_WITH_KNOTS('',5,(#12481,#12482,#12483,#12484,
    #12485,#12486,#12487,#12488,#12489,#12490),.UNSPECIFIED.,.F.,.F.,(6,
    4,6),(0.,0.546971843718,1.),.UNSPECIFIED.);
#12481 = CARTESIAN_POINT('',(-2.528076171875,1.706396484375));
#12482 = CARTESIAN_POINT('',(-2.61308492759,1.706396484375));
#12483 = CARTESIAN_POINT('',(-2.69577920891,1.7144271581));
#12484 = CARTESIAN_POINT('',(-2.775500929129,1.731055895424));
#12485 = CARTESIAN_POINT('',(-2.851612113355,1.756580226024));
#12486 = CARTESIAN_POINT('',(-2.983224015569,1.81905301933));
#12487 = CARTESIAN_POINT('',(-3.040033060572,1.853292827343));
#12488 = CARTESIAN_POINT('',(-3.093739330299,1.893337205099));
#12489 = CARTESIAN_POINT('',(-3.144207792161,1.938844838432));
#12490 = CARTESIAN_POINT('',(-3.19140625,1.98935546875));
#12491 = ( GEOMETRIC_REPRESENTATION_CONTEXT(2) 
PARAMETRIC_REPRESENTATION_CONTEXT() REPRESENTATION_CONTEXT('2D SPACE',''
  ) );
#12492 = ORIENTED_EDGE('',*,*,#12425,.T.);
#12493 = ORIENTED_EDGE('',*,*,#11427,.T.);
#12494 = ORIENTED_EDGE('',*,*,#12495,.F.);
#12495 = EDGE_CURVE('',#12450,#11428,#12496,.T.);
#12496 = SURFACE_CURVE('',#12497,(#12501,#12508),.PCURVE_S1.);
#12497 = LINE('',#12498,#12499);
#12498 = CARTESIAN_POINT('',(-2.528076171875,-18.54360351562,1.9));
#12499 = VECTOR('',#12500,1.);
#12500 = DIRECTION('',(0.,0.,1.));
#12501 = PCURVE('',#11443,#12502);
#12502 = DEFINITIONAL_REPRESENTATION('',(#12503),#12507);
#12503 = LINE('',#12504,#12505);
#12504 = CARTESIAN_POINT('',(1.,0.));
#12505 = VECTOR('',#12506,1.);
#12506 = DIRECTION('',(0.,-1.));
#12507 = ( GEOMETRIC_REPRESENTATION_CONTEXT(2) 
PARAMETRIC_REPRESENTATION_CONTEXT() REPRESENTATION_CONTEXT('2D SPACE',''
  ) );
#12508 = PCURVE('',#11473,#12509);
#12509 = DEFINITIONAL_REPRESENTATION('',(#12510),#12514);
#12510 = LINE('',#12511,#12512);
#12511 = CARTESIAN_POINT('',(0.,0.));
#12512 = VECTOR('',#12513,1.);
#12513 = DIRECTION('',(0.,-1.));
#12514 = ( GEOMETRIC_REPRESENTATION_CONTEXT(2) 
PARAMETRIC_REPRESENTATION_CONTEXT() REPRESENTATION_CONTEXT('2D SPACE',''
  ) );
#12515 = ADVANCED_FACE('',(#12516),#11473,.T.);
#12516 = FACE_BOUND('',#12517,.T.);
#12517 = EDGE_LOOP('',(#12518,#12562,#12563,#12564));
#12518 = ORIENTED_EDGE('',*,*,#12519,.T.);
#12519 = EDGE_CURVE('',#12520,#12450,#12522,.T.);
#12520 = VERTEX_POINT('',#12521);
#12521 = CARTESIAN_POINT('',(-1.8591796875,-18.25786132812,2.));
#12522 = SURFACE_CURVE('',#12523,(#12534,#12548),.PCURVE_S1.);
#12523 = B_SPLINE_CURVE_WITH_KNOTS('',5,(#12524,#12525,#12526,#12527,
    #12528,#12529,#12530,#12531,#12532,#12533),.UNSPECIFIED.,.F.,.F.,(6,
    4,6),(0.,0.426509668967,1.),.UNSPECIFIED.);
#12524 = CARTESIAN_POINT('',(-1.8591796875,-18.25786132812,2.));
#12525 = CARTESIAN_POINT('',(-1.903416844013,-18.30600636065,2.));
#12526 = CARTESIAN_POINT('',(-1.950719977683,-18.34964136108,2.));
#12527 = CARTESIAN_POINT('',(-2.001061728293,-18.38837143167,2.));
#12528 = CARTESIAN_POINT('',(-2.054325156109,-18.42190310951,2.));
#12529 = CARTESIAN_POINT('',(-2.185478039308,-18.4880449494,2.));
#12530 = CARTESIAN_POINT('',(-2.265551865146,-18.51636699449,2.));
#12531 = CARTESIAN_POINT('',(-2.349869631486,-18.53475836943,2.));
#12532 = CARTESIAN_POINT('',(-2.437644999797,-18.54360351562,2.));
#12533 = CARTESIAN_POINT('',(-2.528076171875,-18.54360351562,2.));
#12534 = PCURVE('',#11473,#12535);
#12535 = DEFINITIONAL_REPRESENTATION('',(#12536),#12547);
#12536 = B_SPLINE_CURVE_WITH_KNOTS('',5,(#12537,#12538,#12539,#12540,
    #12541,#12542,#12543,#12544,#12545,#12546),.UNSPECIFIED.,.F.,.F.,(6,
    4,6),(0.,0.426509668967,1.),.UNSPECIFIED.);
#12537 = CARTESIAN_POINT('',(1.,-0.1));
#12538 = CARTESIAN_POINT('',(0.91575442018,-0.1));
#12539 = CARTESIAN_POINT('',(0.830528992028,-0.1));
#12540 = CARTESIAN_POINT('',(0.744601914793,-0.1));
#12541 = CARTESIAN_POINT('',(0.658298801265,-0.1));
#12542 = CARTESIAN_POINT('',(0.4559615331,-0.1));
#12543 = CARTESIAN_POINT('',(0.339894906875,-0.1));
#12544 = CARTESIAN_POINT('',(0.224755610967,-0.1));
#12545 = CARTESIAN_POINT('',(0.111273155741,-0.1));
#12546 = CARTESIAN_POINT('',(0.,-0.1));
#12547 = ( GEOMETRIC_REPRESENTATION_CONTEXT(2) 
PARAMETRIC_REPRESENTATION_CONTEXT() REPRESENTATION_CONTEXT('2D SPACE',''
  ) );
#12548 = PCURVE('',#12380,#12549);
#12549 = DEFINITIONAL_REPRESENTATION('',(#12550),#12561);
#12550 = B_SPLINE_CURVE_WITH_KNOTS('',5,(#12551,#12552,#12553,#12554,
    #12555,#12556,#12557,#12558,#12559,#12560),.UNSPECIFIED.,.F.,.F.,(6,
    4,6),(0.,0.426509668967,1.),.UNSPECIFIED.);
#12551 = CARTESIAN_POINT('',(-1.8591796875,1.992138671875));
#12552 = CARTESIAN_POINT('',(-1.903416844013,1.943993639345));
#12553 = CARTESIAN_POINT('',(-1.950719977683,1.900358638915));
#12554 = CARTESIAN_POINT('',(-2.001061728293,1.861628568329));
#12555 = CARTESIAN_POINT('',(-2.054325156109,1.82809689049));
#12556 = CARTESIAN_POINT('',(-2.185478039308,1.761955050591));
#12557 = CARTESIAN_POINT('',(-2.265551865146,1.73363300551));
#12558 = CARTESIAN_POINT('',(-2.349869631486,1.715241630564));
#12559 = CARTESIAN_POINT('',(-2.437644999797,1.706396484375));
#12560 = CARTESIAN_POINT('',(-2.528076171875,1.706396484375));
#12561 = ( GEOMETRIC_REPRESENTATION_CONTEXT(2) 
PARAMETRIC_REPRESENTATION_CONTEXT() REPRESENTATION_CONTEXT('2D SPACE',''
  ) );
#12562 = ORIENTED_EDGE('',*,*,#12495,.T.);
#12563 = ORIENTED_EDGE('',*,*,#11457,.T.);
#12564 = ORIENTED_EDGE('',*,*,#12565,.F.);
#12565 = EDGE_CURVE('',#12520,#11458,#12566,.T.);
#12566 = SURFACE_CURVE('',#12567,(#12571,#12578),.PCURVE_S1.);
#12567 = LINE('',#12568,#12569);
#12568 = CARTESIAN_POINT('',(-1.8591796875,-18.25786132812,1.9));
#12569 = VECTOR('',#12570,1.);
#12570 = DIRECTION('',(0.,0.,1.));
#12571 = PCURVE('',#11473,#12572);
#12572 = DEFINITIONAL_REPRESENTATION('',(#12573),#12577);
#12573 = LINE('',#12574,#12575);
#12574 = CARTESIAN_POINT('',(1.,0.));
#12575 = VECTOR('',#12576,1.);
#12576 = DIRECTION('',(0.,-1.));
#12577 = ( GEOMETRIC_REPRESENTATION_CONTEXT(2) 
PARAMETRIC_REPRESENTATION_CONTEXT() REPRESENTATION_CONTEXT('2D SPACE',''
  ) );
#12578 = PCURVE('',#11503,#12579);
#12579 = DEFINITIONAL_REPRESENTATION('',(#12580),#12584);
#12580 = LINE('',#12581,#12582);
#12581 = CARTESIAN_POINT('',(0.,0.));
#12582 = VECTOR('',#12583,1.);
#12583 = DIRECTION('',(0.,-1.));
#12584 = ( GEOMETRIC_REPRESENTATION_CONTEXT(2) 
PARAMETRIC_REPRESENTATION_CONTEXT() REPRESENTATION_CONTEXT('2D SPACE',''
  ) );
#12585 = ADVANCED_FACE('',(#12586),#11503,.T.);
#12586 = FACE_BOUND('',#12587,.T.);
#12587 = EDGE_LOOP('',(#12588,#12638,#12639,#12640));
#12588 = ORIENTED_EDGE('',*,*,#12589,.T.);
#12589 = EDGE_CURVE('',#12590,#12520,#12592,.T.);
#12590 = VERTEX_POINT('',#12591);
#12591 = CARTESIAN_POINT('',(-1.596630859375,-17.44702148437,2.));
#12592 = SURFACE_CURVE('',#12593,(#12606,#12622),.PCURVE_S1.);
#12593 = B_SPLINE_CURVE_WITH_KNOTS('',6,(#12594,#12595,#12596,#12597,
    #12598,#12599,#12600,#12601,#12602,#12603,#12604,#12605),
  .UNSPECIFIED.,.F.,.F.,(7,5,7),(0.,0.515668237649,1.),.UNSPECIFIED.);
#12594 = CARTESIAN_POINT('',(-1.596630859375,-17.44702148437,2.));
#12595 = CARTESIAN_POINT('',(-1.596630859375,-17.52971607612,2.));
#12596 = CARTESIAN_POINT('',(-1.600537755699,-17.61071791439,2.));
#12597 = CARTESIAN_POINT('',(-1.608682897918,-17.68971680668,2.));
#12598 = CARTESIAN_POINT('',(-1.621406573043,-17.76633118747,2.));
#12599 = CARTESIAN_POINT('',(-1.639024194954,-17.84012613567,2.));
#12600 = CARTESIAN_POINT('',(-1.683083189348,-17.97690303117,2.));
#12601 = CARTESIAN_POINT('',(-1.708926365369,-18.04027897726,2.));
#12602 = CARTESIAN_POINT('',(-1.739440127524,-18.1003918359,2.));
#12603 = CARTESIAN_POINT('',(-1.774707268459,-18.15687902374,2.));
#12604 = CARTESIAN_POINT('',(-1.814687754549,-18.2094390124,2.));
#12605 = CARTESIAN_POINT('',(-1.8591796875,-18.25786132812,2.));
#12606 = PCURVE('',#11503,#12607);
#12607 = DEFINITIONAL_REPRESENTATION('',(#12608),#12621);
#12608 = B_SPLINE_CURVE_WITH_KNOTS('',6,(#12609,#12610,#12611,#12612,
    #12613,#12614,#12615,#12616,#12617,#12618,#12619,#12620),
  .UNSPECIFIED.,.F.,.F.,(7,5,7),(0.,0.515668237649,1.),.UNSPECIFIED.);
#12609 = CARTESIAN_POINT('',(1.,-0.1));
#12610 = CARTESIAN_POINT('',(0.921257892924,-0.1));
#12611 = CARTESIAN_POINT('',(0.840736106736,-0.1));
#12612 = CARTESIAN_POINT('',(0.758442367703,-0.1));
#12613 = CARTESIAN_POINT('',(0.674444605295,-0.1));
#12614 = CARTESIAN_POINT('',(0.588883146376,-0.1));
#12615 = CARTESIAN_POINT('',(0.420396627268,-0.1));
#12616 = CARTESIAN_POINT('',(0.337615686434,-0.1));
#12617 = CARTESIAN_POINT('',(0.253887395398,-0.1));
#12618 = CARTESIAN_POINT('',(0.169485136213,-0.1));
#12619 = CARTESIAN_POINT('',(8.47307780211E-02,-0.1));
#12620 = CARTESIAN_POINT('',(0.,-0.1));
#12621 = ( GEOMETRIC_REPRESENTATION_CONTEXT(2) 
PARAMETRIC_REPRESENTATION_CONTEXT() REPRESENTATION_CONTEXT('2D SPACE',''
  ) );
#12622 = PCURVE('',#12380,#12623);
#12623 = DEFINITIONAL_REPRESENTATION('',(#12624),#12637);
#12624 = B_SPLINE_CURVE_WITH_KNOTS('',6,(#12625,#12626,#12627,#12628,
    #12629,#12630,#12631,#12632,#12633,#12634,#12635,#12636),
  .UNSPECIFIED.,.F.,.F.,(7,5,7),(0.,0.515668237649,1.),.UNSPECIFIED.);
#12625 = CARTESIAN_POINT('',(-1.596630859375,2.802978515625));
#12626 = CARTESIAN_POINT('',(-1.596630859375,2.720283923878));
#12627 = CARTESIAN_POINT('',(-1.600537755699,2.639282085609));
#12628 = CARTESIAN_POINT('',(-1.608682897918,2.560283193315));
#12629 = CARTESIAN_POINT('',(-1.621406573043,2.483668812529));
#12630 = CARTESIAN_POINT('',(-1.639024194954,2.409873864329));
#12631 = CARTESIAN_POINT('',(-1.683083189348,2.273096968822));
#12632 = CARTESIAN_POINT('',(-1.708926365369,2.209721022735));
#12633 = CARTESIAN_POINT('',(-1.739440127524,2.149608164093));
#12634 = CARTESIAN_POINT('',(-1.774707268459,2.093120976253));
#12635 = CARTESIAN_POINT('',(-1.814687754549,2.040560987596));
#12636 = CARTESIAN_POINT('',(-1.8591796875,1.992138671875));
#12637 = ( GEOMETRIC_REPRESENTATION_CONTEXT(2) 
PARAMETRIC_REPRESENTATION_CONTEXT() REPRESENTATION_CONTEXT('2D SPACE',''
  ) );
#12638 = ORIENTED_EDGE('',*,*,#12565,.T.);
#12639 = ORIENTED_EDGE('',*,*,#11487,.T.);
#12640 = ORIENTED_EDGE('',*,*,#12641,.F.);
#12641 = EDGE_CURVE('',#12590,#11488,#12642,.T.);
#12642 = SURFACE_CURVE('',#12643,(#12647,#12654),.PCURVE_S1.);
#12643 = LINE('',#12644,#12645);
#12644 = CARTESIAN_POINT('',(-1.596630859375,-17.44702148437,1.9));
#12645 = VECTOR('',#12646,1.);
#12646 = DIRECTION('',(0.,0.,1.));
#12647 = PCURVE('',#11503,#12648);
#12648 = DEFINITIONAL_REPRESENTATION('',(#12649),#12653);
#12649 = LINE('',#12650,#12651);
#12650 = CARTESIAN_POINT('',(1.,0.));
#12651 = VECTOR('',#12652,1.);
#12652 = DIRECTION('',(0.,-1.));
#12653 = ( GEOMETRIC_REPRESENTATION_CONTEXT(2) 
PARAMETRIC_REPRESENTATION_CONTEXT() REPRESENTATION_CONTEXT('2D SPACE',''
  ) );
#12654 = PCURVE('',#11533,#12655);
#12655 = DEFINITIONAL_REPRESENTATION('',(#12656),#12660);
#12656 = LINE('',#12657,#12658);
#12657 = CARTESIAN_POINT('',(0.,0.));
#12658 = VECTOR('',#12659,1.);
#12659 = DIRECTION('',(0.,-1.));
#12660 = ( GEOMETRIC_REPRESENTATION_CONTEXT(2) 
PARAMETRIC_REPRESENTATION_CONTEXT() REPRESENTATION_CONTEXT('2D SPACE',''
  ) );
#12661 = ADVANCED_FACE('',(#12662),#11533,.T.);
#12662 = FACE_BOUND('',#12663,.T.);
#12663 = EDGE_LOOP('',(#12664,#12696,#12697,#12698));
#12664 = ORIENTED_EDGE('',*,*,#12665,.T.);
#12665 = EDGE_CURVE('',#12666,#12590,#12668,.T.);
#12666 = VERTEX_POINT('',#12667);
#12667 = CARTESIAN_POINT('',(-1.70888671875,-16.8671875,2.));
#12668 = SURFACE_CURVE('',#12669,(#12676,#12686),.PCURVE_S1.);
#12669 = B_SPLINE_CURVE_WITH_KNOTS('',5,(#12670,#12671,#12672,#12673,
    #12674,#12675),.UNSPECIFIED.,.F.,.F.,(6,6),(0.,1.),
  .PIECEWISE_BEZIER_KNOTS.);
#12670 = CARTESIAN_POINT('',(-1.70888671875,-16.8671875,2.));
#12671 = CARTESIAN_POINT('',(-1.662970187528,-16.96850744906,2.));
#12672 = CARTESIAN_POINT('',(-1.629090903747,-17.07799738391,2.));
#12673 = CARTESIAN_POINT('',(-1.607185095323,-17.19488675954,2.));
#12674 = CARTESIAN_POINT('',(-1.596630859375,-17.31820685906,2.));
#12675 = CARTESIAN_POINT('',(-1.596630859375,-17.44702148437,2.));
#12676 = PCURVE('',#11533,#12677);
#12677 = DEFINITIONAL_REPRESENTATION('',(#12678),#12685);
#12678 = B_SPLINE_CURVE_WITH_KNOTS('',5,(#12679,#12680,#12681,#12682,
    #12683,#12684),.UNSPECIFIED.,.F.,.F.,(6,6),(0.,1.),
  .PIECEWISE_BEZIER_KNOTS.);
#12679 = CARTESIAN_POINT('',(1.,-0.1));
#12680 = CARTESIAN_POINT('',(0.795482696949,-0.1));
#12681 = CARTESIAN_POINT('',(0.592294426262,-0.1));
#12682 = CARTESIAN_POINT('',(0.391522994787,-0.1));
#12683 = CARTESIAN_POINT('',(0.193922634991,-0.1));
#12684 = CARTESIAN_POINT('',(0.,-0.1));
#12685 = ( GEOMETRIC_REPRESENTATION_CONTEXT(2) 
PARAMETRIC_REPRESENTATION_CONTEXT() REPRESENTATION_CONTEXT('2D SPACE',''
  ) );
#12686 = PCURVE('',#12380,#12687);
#12687 = DEFINITIONAL_REPRESENTATION('',(#12688),#12695);
#12688 = B_SPLINE_CURVE_WITH_KNOTS('',5,(#12689,#12690,#12691,#12692,
    #12693,#12694),.UNSPECIFIED.,.F.,.F.,(6,6),(0.,1.),
  .PIECEWISE_BEZIER_KNOTS.);
#12689 = CARTESIAN_POINT('',(-1.70888671875,3.3828125));
#12690 = CARTESIAN_POINT('',(-1.662970187528,3.28149255094));
#12691 = CARTESIAN_POINT('',(-1.629090903747,3.172002616083));
#12692 = CARTESIAN_POINT('',(-1.607185095323,3.055113240452));
#12693 = CARTESIAN_POINT('',(-1.596630859375,2.931793140939));
#12694 = CARTESIAN_POINT('',(-1.596630859375,2.802978515625));
#12695 = ( GEOMETRIC_REPRESENTATION_CONTEXT(2) 
PARAMETRIC_REPRESENTATION_CONTEXT() REPRESENTATION_CONTEXT('2D SPACE',''
  ) );
#12696 = ORIENTED_EDGE('',*,*,#12641,.T.);
#12697 = ORIENTED_EDGE('',*,*,#11517,.T.);
#12698 = ORIENTED_EDGE('',*,*,#12699,.F.);
#12699 = EDGE_CURVE('',#12666,#11518,#12700,.T.);
#12700 = SURFACE_CURVE('',#12701,(#12705,#12712),.PCURVE_S1.);
#12701 = LINE('',#12702,#12703);
#12702 = CARTESIAN_POINT('',(-1.70888671875,-16.8671875,1.9));
#12703 = VECTOR('',#12704,1.);
#12704 = DIRECTION('',(0.,0.,1.));
#12705 = PCURVE('',#11533,#12706);
#12706 = DEFINITIONAL_REPRESENTATION('',(#12707),#12711);
#12707 = LINE('',#12708,#12709);
#12708 = CARTESIAN_POINT('',(1.,0.));
#12709 = VECTOR('',#12710,1.);
#12710 = DIRECTION('',(0.,-1.));
#12711 = ( GEOMETRIC_REPRESENTATION_CONTEXT(2) 
PARAMETRIC_REPRESENTATION_CONTEXT() REPRESENTATION_CONTEXT('2D SPACE',''
  ) );
#12712 = PCURVE('',#11563,#12713);
#12713 = DEFINITIONAL_REPRESENTATION('',(#12714),#12718);
#12714 = LINE('',#12715,#12716);
#12715 = CARTESIAN_POINT('',(0.,0.));
#12716 = VECTOR('',#12717,1.);
#12717 = DIRECTION('',(0.,-1.));
#12718 = ( GEOMETRIC_REPRESENTATION_CONTEXT(2) 
PARAMETRIC_REPRESENTATION_CONTEXT() REPRESENTATION_CONTEXT('2D SPACE',''
  ) );
#12719 = ADVANCED_FACE('',(#12720),#11563,.T.);
#12720 = FACE_BOUND('',#12721,.T.);
#12721 = EDGE_LOOP('',(#12722,#12766,#12767,#12768));
#12722 = ORIENTED_EDGE('',*,*,#12723,.T.);
#12723 = EDGE_CURVE('',#12724,#12666,#12726,.T.);
#12724 = VERTEX_POINT('',#12725);
#12725 = CARTESIAN_POINT('',(-2.0373046875,-16.48310546875,2.));
#12726 = SURFACE_CURVE('',#12727,(#12738,#12752),.PCURVE_S1.);
#12727 = B_SPLINE_CURVE_WITH_KNOTS('',5,(#12728,#12729,#12730,#12731,
    #12732,#12733,#12734,#12735,#12736,#12737),.UNSPECIFIED.,.F.,.F.,(6,
    4,6),(0.,0.314017196246,1.),.UNSPECIFIED.);
#12728 = CARTESIAN_POINT('',(-2.0373046875,-16.48310546875,2.));
#12729 = CARTESIAN_POINT('',(-2.01013425665,-16.50024732855,2.));
#12730 = CARTESIAN_POINT('',(-1.983940501763,-16.51851959639,2.));
#12731 = CARTESIAN_POINT('',(-1.95874707841,-16.53792015045,2.));
#12732 = CARTESIAN_POINT('',(-1.934573003694,-16.55844123941,2.));
#12733 = CARTESIAN_POINT('',(-1.860881665384,-16.62731722221,2.));
#12734 = CARTESIAN_POINT('',(-1.815261403983,-16.6798506198,2.));
#12735 = CARTESIAN_POINT('',(-1.774727183017,-16.7375257878,2.));
#12736 = CARTESIAN_POINT('',(-1.739296865585,-16.80008411814,2.));
#12737 = CARTESIAN_POINT('',(-1.70888671875,-16.8671875,2.));
#12738 = PCURVE('',#11563,#12739);
#12739 = DEFINITIONAL_REPRESENTATION('',(#12740),#12751);
#12740 = B_SPLINE_CURVE_WITH_KNOTS('',5,(#12741,#12742,#12743,#12744,
    #12745,#12746,#12747,#12748,#12749,#12750),.UNSPECIFIED.,.F.,.F.,(6,
    4,6),(0.,0.314017196246,1.),.UNSPECIFIED.);
#12741 = CARTESIAN_POINT('',(1.,-0.1));
#12742 = CARTESIAN_POINT('',(0.937152651479,-0.1));
#12743 = CARTESIAN_POINT('',(0.874191207521,-0.1));
#12744 = CARTESIAN_POINT('',(0.811152989609,-0.1));
#12745 = CARTESIAN_POINT('',(0.748076215654,-0.1));
#12746 = CARTESIAN_POINT('',(0.547207548561,-0.1));
#12747 = CARTESIAN_POINT('',(0.409411383101,-0.1));
#12748 = CARTESIAN_POINT('',(0.272033119809,-0.1));
#12749 = CARTESIAN_POINT('',(0.135450153803,-0.1));
#12750 = CARTESIAN_POINT('',(0.,-0.1));
#12751 = ( GEOMETRIC_REPRESENTATION_CONTEXT(2) 
PARAMETRIC_REPRESENTATION_CONTEXT() REPRESENTATION_CONTEXT('2D SPACE',''
  ) );
#12752 = PCURVE('',#12380,#12753);
#12753 = DEFINITIONAL_REPRESENTATION('',(#12754),#12765);
#12754 = B_SPLINE_CURVE_WITH_KNOTS('',5,(#12755,#12756,#12757,#12758,
    #12759,#12760,#12761,#12762,#12763,#12764),.UNSPECIFIED.,.F.,.F.,(6,
    4,6),(0.,0.314017196246,1.),.UNSPECIFIED.);
#12755 = CARTESIAN_POINT('',(-2.0373046875,3.76689453125));
#12756 = CARTESIAN_POINT('',(-2.01013425665,3.749752671443));
#12757 = CARTESIAN_POINT('',(-1.983940501763,3.731480403607));
#12758 = CARTESIAN_POINT('',(-1.95874707841,3.712079849546));
#12759 = CARTESIAN_POINT('',(-1.934573003694,3.691558760586));
#12760 = CARTESIAN_POINT('',(-1.860881665384,3.622682777784));
#12761 = CARTESIAN_POINT('',(-1.815261403983,3.570149380197));
#12762 = CARTESIAN_POINT('',(-1.774727183017,3.512474212195));
#12763 = CARTESIAN_POINT('',(-1.739296865585,3.449915881859));
#12764 = CARTESIAN_POINT('',(-1.70888671875,3.3828125));
#12765 = ( GEOMETRIC_REPRESENTATION_CONTEXT(2) 
PARAMETRIC_REPRESENTATION_CONTEXT() REPRESENTATION_CONTEXT('2D SPACE',''
  ) );
#12766 = ORIENTED_EDGE('',*,*,#12699,.T.);
#12767 = ORIENTED_EDGE('',*,*,#11547,.T.);
#12768 = ORIENTED_EDGE('',*,*,#12769,.F.);
#12769 = EDGE_CURVE('',#12724,#11548,#12770,.T.);
#12770 = SURFACE_CURVE('',#12771,(#12775,#12782),.PCURVE_S1.);
#12771 = LINE('',#12772,#12773);
#12772 = CARTESIAN_POINT('',(-2.0373046875,-16.48310546875,1.9));
#12773 = VECTOR('',#12774,1.);
#12774 = DIRECTION('',(0.,0.,1.));
#12775 = PCURVE('',#11563,#12776);
#12776 = DEFINITIONAL_REPRESENTATION('',(#12777),#12781);
#12777 = LINE('',#12778,#12779);
#12778 = CARTESIAN_POINT('',(1.,0.));
#12779 = VECTOR('',#12780,1.);
#12780 = DIRECTION('',(0.,-1.));
#12781 = ( GEOMETRIC_REPRESENTATION_CONTEXT(2) 
PARAMETRIC_REPRESENTATION_CONTEXT() REPRESENTATION_CONTEXT('2D SPACE',''
  ) );
#12782 = PCURVE('',#11593,#12783);
#12783 = DEFINITIONAL_REPRESENTATION('',(#12784),#12788);
#12784 = LINE('',#12785,#12786);
#12785 = CARTESIAN_POINT('',(0.,0.));
#12786 = VECTOR('',#12787,1.);
#12787 = DIRECTION('',(0.,-1.));
#12788 = ( GEOMETRIC_REPRESENTATION_CONTEXT(2) 
PARAMETRIC_REPRESENTATION_CONTEXT() REPRESENTATION_CONTEXT('2D SPACE',''
  ) );
#12789 = ADVANCED_FACE('',(#12790),#11593,.T.);
#12790 = FACE_BOUND('',#12791,.T.);
#12791 = EDGE_LOOP('',(#12792,#12836,#12837,#12838));
#12792 = ORIENTED_EDGE('',*,*,#12793,.T.);
#12793 = EDGE_CURVE('',#12794,#12724,#12796,.T.);
#12794 = VERTEX_POINT('',#12795);
#12795 = CARTESIAN_POINT('',(-2.522509765625,-16.34672851562,2.));
#12796 = SURFACE_CURVE('',#12797,(#12808,#12822),.PCURVE_S1.);
#12797 = B_SPLINE_CURVE_WITH_KNOTS('',5,(#12798,#12799,#12800,#12801,
    #12802,#12803,#12804,#12805,#12806,#12807),.UNSPECIFIED.,.F.,.F.,(6,
    4,6),(0.,0.666824585034,1.),.UNSPECIFIED.);
#12798 = CARTESIAN_POINT('',(-2.522509765625,-16.34672851562,2.));
#12799 = CARTESIAN_POINT('',(-2.4515431466,-16.34672851562,2.));
#12800 = CARTESIAN_POINT('',(-2.382357211413,-16.35265892751,2.));
#12801 = CARTESIAN_POINT('',(-2.315176730975,-16.36469328044,2.));
#12802 = CARTESIAN_POINT('',(-2.25020251824,-16.38290197972,2.));
#12803 = CARTESIAN_POINT('',(-2.156321209821,-16.41936936899,2.));
#12804 = CARTESIAN_POINT('',(-2.125633820325,-16.43304465576,2.));
#12805 = CARTESIAN_POINT('',(-2.095558071492,-16.4482372423,2.));
#12806 = CARTESIAN_POINT('',(-2.066110618913,-16.46493176953,2.));
#12807 = CARTESIAN_POINT('',(-2.0373046875,-16.48310546875,2.));
#12808 = PCURVE('',#11593,#12809);
#12809 = DEFINITIONAL_REPRESENTATION('',(#12810),#12821);
#12810 = B_SPLINE_CURVE_WITH_KNOTS('',5,(#12811,#12812,#12813,#12814,
    #12815,#12816,#12817,#12818,#12819,#12820),.UNSPECIFIED.,.F.,.F.,(6,
    4,6),(0.,0.666824585034,1.),.UNSPECIFIED.);
#12811 = CARTESIAN_POINT('',(1.,-0.1));
#12812 = CARTESIAN_POINT('',(0.868112853209,-0.1));
#12813 = CARTESIAN_POINT('',(0.73526142991,-0.1));
#12814 = CARTESIAN_POINT('',(0.60173840472,-0.1));
#12815 = CARTESIAN_POINT('',(0.467866240885,-0.1));
#12816 = CARTESIAN_POINT('',(0.267114433154,-0.1));
#12817 = CARTESIAN_POINT('',(0.200229110192,-0.1));
#12818 = CARTESIAN_POINT('',(0.133387088743,-0.1));
#12819 = CARTESIAN_POINT('',(6.663039025672E-02,-0.1));
#12820 = CARTESIAN_POINT('',(0.,-0.1));
#12821 = ( GEOMETRIC_REPRESENTATION_CONTEXT(2) 
PARAMETRIC_REPRESENTATION_CONTEXT() REPRESENTATION_CONTEXT('2D SPACE',''
  ) );
#12822 = PCURVE('',#12380,#12823);
#12823 = DEFINITIONAL_REPRESENTATION('',(#12824),#12835);
#12824 = B_SPLINE_CURVE_WITH_KNOTS('',5,(#12825,#12826,#12827,#12828,
    #12829,#12830,#12831,#12832,#12833,#12834),.UNSPECIFIED.,.F.,.F.,(6,
    4,6),(0.,0.666824585034,1.),.UNSPECIFIED.);
#12825 = CARTESIAN_POINT('',(-2.522509765625,3.903271484375));
#12826 = CARTESIAN_POINT('',(-2.4515431466,3.903271484375));
#12827 = CARTESIAN_POINT('',(-2.382357211413,3.897341072485));
#12828 = CARTESIAN_POINT('',(-2.315176730975,3.885306719553));
#12829 = CARTESIAN_POINT('',(-2.25020251824,3.867098020272));
#12830 = CARTESIAN_POINT('',(-2.156321209821,3.830630631002));
#12831 = CARTESIAN_POINT('',(-2.125633820325,3.816955344237));
#12832 = CARTESIAN_POINT('',(-2.095558071492,3.8017627577));
#12833 = CARTESIAN_POINT('',(-2.066110618913,3.785068230467));
#12834 = CARTESIAN_POINT('',(-2.0373046875,3.76689453125));
#12835 = ( GEOMETRIC_REPRESENTATION_CONTEXT(2) 
PARAMETRIC_REPRESENTATION_CONTEXT() REPRESENTATION_CONTEXT('2D SPACE',''
  ) );
#12836 = ORIENTED_EDGE('',*,*,#12769,.T.);
#12837 = ORIENTED_EDGE('',*,*,#11577,.T.);
#12838 = ORIENTED_EDGE('',*,*,#12839,.F.);
#12839 = EDGE_CURVE('',#12794,#11578,#12840,.T.);
#12840 = SURFACE_CURVE('',#12841,(#12845,#12852),.PCURVE_S1.);
#12841 = LINE('',#12842,#12843);
#12842 = CARTESIAN_POINT('',(-2.522509765625,-16.34672851562,1.9));
#12843 = VECTOR('',#12844,1.);
#12844 = DIRECTION('',(0.,0.,1.));
#12845 = PCURVE('',#11593,#12846);
#12846 = DEFINITIONAL_REPRESENTATION('',(#12847),#12851);
#12847 = LINE('',#12848,#12849);
#12848 = CARTESIAN_POINT('',(1.,0.));
#12849 = VECTOR('',#12850,1.);
#12850 = DIRECTION('',(0.,-1.));
#12851 = ( GEOMETRIC_REPRESENTATION_CONTEXT(2) 
PARAMETRIC_REPRESENTATION_CONTEXT() REPRESENTATION_CONTEXT('2D SPACE',''
  ) );
#12852 = PCURVE('',#11623,#12853);
#12853 = DEFINITIONAL_REPRESENTATION('',(#12854),#12858);
#12854 = LINE('',#12855,#12856);
#12855 = CARTESIAN_POINT('',(0.,0.));
#12856 = VECTOR('',#12857,1.);
#12857 = DIRECTION('',(0.,-1.));
#12858 = ( GEOMETRIC_REPRESENTATION_CONTEXT(2) 
PARAMETRIC_REPRESENTATION_CONTEXT() REPRESENTATION_CONTEXT('2D SPACE',''
  ) );
#12859 = ADVANCED_FACE('',(#12860),#11623,.T.);
#12860 = FACE_BOUND('',#12861,.T.);
#12861 = EDGE_LOOP('',(#12862,#12906,#12907,#12908));
#12862 = ORIENTED_EDGE('',*,*,#12863,.T.);
#12863 = EDGE_CURVE('',#12864,#12794,#12866,.T.);
#12864 = VERTEX_POINT('',#12865);
#12865 = CARTESIAN_POINT('',(-3.1802734375,-16.60927734375,2.));
#12866 = SURFACE_CURVE('',#12867,(#12878,#12892),.PCURVE_S1.);
#12867 = B_SPLINE_CURVE_WITH_KNOTS('',5,(#12868,#12869,#12870,#12871,
    #12872,#12873,#12874,#12875,#12876,#12877),.UNSPECIFIED.,.F.,.F.,(6,
    4,6),(0.,0.491867897326,1.),.UNSPECIFIED.);
#12868 = CARTESIAN_POINT('',(-3.1802734375,-16.60927734375,2.));
#12869 = CARTESIAN_POINT('',(-3.126948685332,-16.55846621626,2.));
#12870 = CARTESIAN_POINT('',(-3.070475245326,-16.51318048215,2.));
#12871 = CARTESIAN_POINT('',(-3.010914812981,-16.47389544034,2.));
#12872 = CARTESIAN_POINT('',(-2.948427948593,-16.44095581506,2.));
#12873 = CARTESIAN_POINT('',(-2.816057645808,-16.38713465942,2.));
#12874 = CARTESIAN_POINT('',(-2.745985568329,-16.36668282811,2.));
#12875 = CARTESIAN_POINT('',(-2.673437753204,-16.35326697854,2.));
#12876 = CARTESIAN_POINT('',(-2.598807858847,-16.34672851562,2.));
#12877 = CARTESIAN_POINT('',(-2.522509765625,-16.34672851562,2.));
#12878 = PCURVE('',#11623,#12879);
#12879 = DEFINITIONAL_REPRESENTATION('',(#12880),#12891);
#12880 = B_SPLINE_CURVE_WITH_KNOTS('',5,(#12881,#12882,#12883,#12884,
    #12885,#12886,#12887,#12888,#12889,#12890),.UNSPECIFIED.,.F.,.F.,(6,
    4,6),(0.,0.491867897326,1.),.UNSPECIFIED.);
#12881 = CARTESIAN_POINT('',(1.,-0.1));
#12882 = CARTESIAN_POINT('',(0.903234899486,-0.1));
#12883 = CARTESIAN_POINT('',(0.805288056611,-0.1));
#12884 = CARTESIAN_POINT('',(0.706492831469,-0.1));
#12885 = CARTESIAN_POINT('',(0.607242502046,-0.1));
#12886 = CARTESIAN_POINT('',(0.405475924911,-0.1));
#12887 = CARTESIAN_POINT('',(0.302941328923,-0.1));
#12888 = CARTESIAN_POINT('',(0.200908276937,-0.1));
#12889 = CARTESIAN_POINT('',(9.980741882852E-02,-0.1));
#12890 = CARTESIAN_POINT('',(0.,-0.1));
#12891 = ( GEOMETRIC_REPRESENTATION_CONTEXT(2) 
PARAMETRIC_REPRESENTATION_CONTEXT() REPRESENTATION_CONTEXT('2D SPACE',''
  ) );
#12892 = PCURVE('',#12380,#12893);
#12893 = DEFINITIONAL_REPRESENTATION('',(#12894),#12905);
#12894 = B_SPLINE_CURVE_WITH_KNOTS('',5,(#12895,#12896,#12897,#12898,
    #12899,#12900,#12901,#12902,#12903,#12904),.UNSPECIFIED.,.F.,.F.,(6,
    4,6),(0.,0.491867897326,1.),.UNSPECIFIED.);
#12895 = CARTESIAN_POINT('',(-3.1802734375,3.64072265625));
#12896 = CARTESIAN_POINT('',(-3.126948685332,3.691533783737));
#12897 = CARTESIAN_POINT('',(-3.070475245326,3.736819517841));
#12898 = CARTESIAN_POINT('',(-3.010914812981,3.776104559657));
#12899 = CARTESIAN_POINT('',(-2.948427948593,3.80904418494));
#12900 = CARTESIAN_POINT('',(-2.816057645808,3.862865340575));
#12901 = CARTESIAN_POINT('',(-2.745985568329,3.883317171889));
#12902 = CARTESIAN_POINT('',(-2.673437753204,3.896733021457));
#12903 = CARTESIAN_POINT('',(-2.598807858847,3.903271484375));
#12904 = CARTESIAN_POINT('',(-2.522509765625,3.903271484375));
#12905 = ( GEOMETRIC_REPRESENTATION_CONTEXT(2) 
PARAMETRIC_REPRESENTATION_CONTEXT() REPRESENTATION_CONTEXT('2D SPACE',''
  ) );
#12906 = ORIENTED_EDGE('',*,*,#12839,.T.);
#12907 = ORIENTED_EDGE('',*,*,#11607,.T.);
#12908 = ORIENTED_EDGE('',*,*,#12909,.F.);
#12909 = EDGE_CURVE('',#12864,#11608,#12910,.T.);
#12910 = SURFACE_CURVE('',#12911,(#12915,#12922),.PCURVE_S1.);
#12911 = LINE('',#12912,#12913);
#12912 = CARTESIAN_POINT('',(-3.1802734375,-16.60927734375,1.9));
#12913 = VECTOR('',#12914,1.);
#12914 = DIRECTION('',(0.,0.,1.));
#12915 = PCURVE('',#11623,#12916);
#12916 = DEFINITIONAL_REPRESENTATION('',(#12917),#12921);
#12917 = LINE('',#12918,#12919);
#12918 = CARTESIAN_POINT('',(1.,0.));
#12919 = VECTOR('',#12920,1.);
#12920 = DIRECTION('',(0.,-1.));
#12921 = ( GEOMETRIC_REPRESENTATION_CONTEXT(2) 
PARAMETRIC_REPRESENTATION_CONTEXT() REPRESENTATION_CONTEXT('2D SPACE',''
  ) );
#12922 = PCURVE('',#11651,#12923);
#12923 = DEFINITIONAL_REPRESENTATION('',(#12924),#12928);
#12924 = LINE('',#12925,#12926);
#12925 = CARTESIAN_POINT('',(0.,0.));
#12926 = VECTOR('',#12927,1.);
#12927 = DIRECTION('',(0.,-1.));
#12928 = ( GEOMETRIC_REPRESENTATION_CONTEXT(2) 
PARAMETRIC_REPRESENTATION_CONTEXT() REPRESENTATION_CONTEXT('2D SPACE',''
  ) );
#12929 = ADVANCED_FACE('',(#12930),#11651,.T.);
#12930 = FACE_BOUND('',#12931,.T.);
#12931 = EDGE_LOOP('',(#12932,#12980,#12981,#12982));
#12932 = ORIENTED_EDGE('',*,*,#12933,.T.);
#12933 = EDGE_CURVE('',#12343,#12864,#12934,.T.);
#12934 = SURFACE_CURVE('',#12935,(#12948,#12964),.PCURVE_S1.);
#12935 = B_SPLINE_CURVE_WITH_KNOTS('',6,(#12936,#12937,#12938,#12939,
    #12940,#12941,#12942,#12943,#12944,#12945,#12946,#12947),
  .UNSPECIFIED.,.F.,.F.,(7,5,7),(0.,0.460815411435,1.),.UNSPECIFIED.);
#12936 = CARTESIAN_POINT('',(-3.455810546875,-17.48598632812,2.));
#12937 = CARTESIAN_POINT('',(-3.455810546875,-17.4038659769,2.));
#12938 = CARTESIAN_POINT('',(-3.452854830879,-17.32325676256,2.));
#12939 = CARTESIAN_POINT('',(-3.446637948758,-17.24442727489,2.));
#12940 = CARTESIAN_POINT('',(-3.436812802949,-17.16775235142,2.));
#12941 = CARTESIAN_POINT('',(-3.423003992434,-17.09370503385,2.));
#12942 = CARTESIAN_POINT('',(-3.383638431665,-16.93988312648,2.));
#12943 = CARTESIAN_POINT('',(-3.356475299962,-16.86124515405,2.));
#12944 = CARTESIAN_POINT('',(-3.322833519442,-16.78786644946,2.));
#12945 = CARTESIAN_POINT('',(-3.282273626391,-16.72080353194,2.));
#12946 = CARTESIAN_POINT('',(-3.234617148836,-16.66105939866,2.));
#12947 = CARTESIAN_POINT('',(-3.1802734375,-16.60927734375,2.));
#12948 = PCURVE('',#11651,#12949);
#12949 = DEFINITIONAL_REPRESENTATION('',(#12950),#12963);
#12950 = B_SPLINE_CURVE_WITH_KNOTS('',6,(#12951,#12952,#12953,#12954,
    #12955,#12956,#12957,#12958,#12959,#12960,#12961,#12962),
  .UNSPECIFIED.,.F.,.F.,(7,5,7),(0.,0.460815411435,1.),.UNSPECIFIED.);
#12951 = CARTESIAN_POINT('',(1.,-0.1));
#12952 = CARTESIAN_POINT('',(0.933144188543,-0.1));
#12953 = CARTESIAN_POINT('',(0.864447948856,-0.1));
#12954 = CARTESIAN_POINT('',(0.793812614992,-0.1));
#12955 = CARTESIAN_POINT('',(0.721182752168,-0.1));
#12956 = CARTESIAN_POINT('',(0.646553471278,-0.1));
#12957 = CARTESIAN_POINT('',(0.480427362258,-0.1));
#12958 = CARTESIAN_POINT('',(0.388187017323,-0.1));
#12959 = CARTESIAN_POINT('',(0.293497719291,-0.1));
#12960 = CARTESIAN_POINT('',(0.196763045388,-1.E-01));
#12961 = CARTESIAN_POINT('',(9.86141421381E-02,-0.1));
#12962 = CARTESIAN_POINT('',(0.,-0.1));
#12963 = ( GEOMETRIC_REPRESENTATION_CONTEXT(2) 
PARAMETRIC_REPRESENTATION_CONTEXT() REPRESENTATION_CONTEXT('2D SPACE',''
  ) );
#12964 = PCURVE('',#12380,#12965);
#12965 = DEFINITIONAL_REPRESENTATION('',(#12966),#12979);
#12966 = B_SPLINE_CURVE_WITH_KNOTS('',6,(#12967,#12968,#12969,#12970,
    #12971,#12972,#12973,#12974,#12975,#12976,#12977,#12978),
  .UNSPECIFIED.,.F.,.F.,(7,5,7),(0.,0.460815411435,1.),.UNSPECIFIED.);
#12967 = CARTESIAN_POINT('',(-3.455810546875,2.764013671875));
#12968 = CARTESIAN_POINT('',(-3.455810546875,2.846134023096));
#12969 = CARTESIAN_POINT('',(-3.452854830879,2.926743237432));
#12970 = CARTESIAN_POINT('',(-3.446637948758,3.005572725107));
#12971 = CARTESIAN_POINT('',(-3.436812802949,3.08224764858));
#12972 = CARTESIAN_POINT('',(-3.423003992434,3.156294966146));
#12973 = CARTESIAN_POINT('',(-3.383638431665,3.310116873519));
#12974 = CARTESIAN_POINT('',(-3.356475299962,3.388754845948));
#12975 = CARTESIAN_POINT('',(-3.322833519442,3.462133550539));
#12976 = CARTESIAN_POINT('',(-3.282273626391,3.529196468055));
#12977 = CARTESIAN_POINT('',(-3.234617148836,3.58894060134));
#12978 = CARTESIAN_POINT('',(-3.1802734375,3.64072265625));
#12979 = ( GEOMETRIC_REPRESENTATION_CONTEXT(2) 
PARAMETRIC_REPRESENTATION_CONTEXT() REPRESENTATION_CONTEXT('2D SPACE',''
  ) );
#12980 = ORIENTED_EDGE('',*,*,#12909,.T.);
#12981 = ORIENTED_EDGE('',*,*,#11637,.T.);
#12982 = ORIENTED_EDGE('',*,*,#12403,.F.);
#12983 = ADVANCED_FACE('',(#12984),#11727,.T.);
#12984 = FACE_BOUND('',#12985,.T.);
#12985 = EDGE_LOOP('',(#12986,#12987,#12988,#12989,#12990,#12991,#12992,
    #12993,#12994));
#12986 = ORIENTED_EDGE('',*,*,#11699,.F.);
#12987 = ORIENTED_EDGE('',*,*,#11790,.F.);
#12988 = ORIENTED_EDGE('',*,*,#11860,.F.);
#12989 = ORIENTED_EDGE('',*,*,#11930,.F.);
#12990 = ORIENTED_EDGE('',*,*,#12000,.F.);
#12991 = ORIENTED_EDGE('',*,*,#12070,.F.);
#12992 = ORIENTED_EDGE('',*,*,#12152,.F.);
#12993 = ORIENTED_EDGE('',*,*,#12222,.F.);
#12994 = ORIENTED_EDGE('',*,*,#12292,.F.);
#12995 = ADVANCED_FACE('',(#12996),#12380,.T.);
#12996 = FACE_BOUND('',#12997,.T.);
#12997 = EDGE_LOOP('',(#12998,#12999,#13000,#13001,#13002,#13003,#13004,
    #13005,#13006));
#12998 = ORIENTED_EDGE('',*,*,#12340,.F.);
#12999 = ORIENTED_EDGE('',*,*,#12449,.F.);
#13000 = ORIENTED_EDGE('',*,*,#12519,.F.);
#13001 = ORIENTED_EDGE('',*,*,#12589,.F.);
#13002 = ORIENTED_EDGE('',*,*,#12665,.F.);
#13003 = ORIENTED_EDGE('',*,*,#12723,.F.);
#13004 = ORIENTED_EDGE('',*,*,#12793,.F.);
#13005 = ORIENTED_EDGE('',*,*,#12863,.F.);
#13006 = ORIENTED_EDGE('',*,*,#12933,.F.);
#13007 = ( GEOMETRIC_REPRESENTATION_CONTEXT(3) 
GLOBAL_UNCERTAINTY_ASSIGNED_CONTEXT((#13011)) 
GLOBAL_UNIT_ASSIGNED_CONTEXT((#13008,#13009,#13010)) 
REPRESENTATION_CONTEXT('Context #1',
  '3D Context with UNIT and UNCERTAINTY') );
#13008 = ( LENGTH_UNIT() NAMED_UNIT(*) SI_UNIT(.MILLI.,.METRE.) );
#13009 = ( NAMED_UNIT(*) PLANE_ANGLE_UNIT() SI_UNIT($,.RADIAN.) );
#13010 = ( NAMED_UNIT(*) SI_UNIT($,.STERADIAN.) SOLID_ANGLE_UNIT() );
#13011 = UNCERTAINTY_MEASURE_WITH_UNIT(LENGTH_MEASURE(2.E-06),#13008,
  'distance_accuracy_value','confusion accuracy');
#13012 = PRODUCT_RELATED_PRODUCT_CATEGORY('part',$,(#7));
ENDSEC;
END-ISO-10303-21;
