ISO-10303-21;
HEADER;
FILE_DESCRIPTION(('Open CASCADE Model'),'2;1');
FILE_NAME('Open CASCADE Shape Model','2026-09-10T22:31:48',('Author'),(
    'Open CASCADE'),'Open CASCADE STEP processor 7.9','Open CASCADE 7.9'
  ,'Unknown');
FILE_SCHEMA(('AUTOMOTIVE_DESIGN { 1 0 10303 214 1 1 1 1 }'));
ENDSEC;
DATA;
#1 = APPLICATION_PROTOCOL_DEFINITION('international standard',
  'automotive_design',2000,#2);
#2 = APPLICATION_CONTEXT(
  'core data for automotive mechanical design processes');
#3 = SHAPE_DEFINITION_REPRESENTATION(#4,#10);
#4 = PRODUCT_DEFINITION_SHAPE('','',#5);
#5 = PRODUCT_DEFINITION('design','',#6,#9);
#6 = PRODUCT_DEFINITION_FORMATION('','',#7);
#7 = PRODUCT('Open CASCADE STEP translator 7.9 5',
  'Open CASCADE STEP translator 7.9 5','',(#8));
#8 = PRODUCT_CONTEXT('',#2,'mechanical');
#9 = PRODUCT_DEFINITION_CONTEXT('part definition',#2,'design');
#10 = ADVANCED_BREP_SHAPE_REPRESENTATION('',(#11,#15),#13106);
#11 = AXIS2_PLACEMENT_3D('',#12,#13,#14);
#12 = CARTESIAN_POINT('',(0.,0.,0.));
#13 = DIRECTION('',(0.,0.,1.));
#14 = DIRECTION('',(1.,0.,-0.));
#15 = MANIFOLD_SOLID_BREP('',#16);
#16 = CLOSED_SHELL('',(#17,#139,#303,#5665,#5787,#5819,#5872,#6139,#6164
    ,#6171,#6196,#6223,#6250,#6277,#6304,#6351,#6378,#6385,#6412,#6419,
    #6495,#6544,#6593,#6642,#6691,#6740,#6789,#6838,#6887,#6936,#6985,
    #7034,#7083,#7132,#7181,#7230,#7279,#7328,#7377,#7426,#7475,#7502,
    #7578,#7627,#7676,#7725,#7774,#7823,#7872,#7921,#7970,#8019,#8068,
    #8117,#8166,#8215,#8264,#8313,#8362,#8411,#8460,#8509,#8558,#8585,
    #8661,#8710,#8759,#8786,#8862,#8911,#8960,#9009,#9058,#9107,#9156,
    #9205,#9254,#9303,#9352,#9401,#9450,#9499,#9548,#9597,#9646,#9695,
    #9744,#9793,#9842,#9891,#9940,#9989,#10038,#10087,#10136,#10185,
    #10234,#10261,#10337,#10386,#10435,#10484,#10533,#10582,#10631,
    #10680,#10729,#10778,#10805,#10881,#10930,#10979,#11028,#11077,
    #11126,#11175,#11224,#11273,#11322,#11371,#11420,#11469,#11518,
    #11567,#11616,#11643,#11719,#11768,#11817,#11866,#11915,#11964,
    #12013,#12040,#12065,#12090,#12097,#12130,#12416,#12436,#12447,
    #12556,#12626,#12696,#12772,#12830,#12900,#12970,#13040,#13094));
#17 = ADVANCED_FACE('',(#18),#32,.T.);
#18 = FACE_BOUND('',#19,.T.);
#19 = EDGE_LOOP('',(#20,#55,#84,#112));
#20 = ORIENTED_EDGE('',*,*,#21,.F.);
#21 = EDGE_CURVE('',#22,#24,#26,.T.);
#22 = VERTEX_POINT('',#23);
#23 = CARTESIAN_POINT('',(-6.5,9.059387396508,2.));
#24 = VERTEX_POINT('',#25);
#25 = CARTESIAN_POINT('',(-6.5,9.059387396508,21.4));
#26 = SURFACE_CURVE('',#27,(#31,#43),.PCURVE_S1.);
#27 = LINE('',#28,#29);
#28 = CARTESIAN_POINT('',(-6.5,9.059387396508,2.));
#29 = VECTOR('',#30,1.);
#30 = DIRECTION('',(0.,0.,1.));
#31 = PCURVE('',#32,#37);
#32 = CYLINDRICAL_SURFACE('',#33,11.15);
#33 = AXIS2_PLACEMENT_3D('',#34,#35,#36);
#34 = CARTESIAN_POINT('',(0.,0.,2.));
#35 = DIRECTION('',(0.,0.,1.));
#36 = DIRECTION('',(1.,0.,-0.));
#37 = DEFINITIONAL_REPRESENTATION('',(#38),#42);
#38 = LINE('',#39,#40);
#39 = CARTESIAN_POINT('',(2.193162908197,0.));
#40 = VECTOR('',#41,1.);
#41 = DIRECTION('',(0.,1.));
#42 = ( GEOMETRIC_REPRESENTATION_CONTEXT(2) 
PARAMETRIC_REPRESENTATION_CONTEXT() REPRESENTATION_CONTEXT('2D SPACE',''
  ) );
#43 = PCURVE('',#44,#49);
#44 = PLANE('',#45);
#45 = AXIS2_PLACEMENT_3D('',#46,#47,#48);
#46 = CARTESIAN_POINT('',(-6.5,0.,1.));
#47 = DIRECTION('',(1.,0.,0.));
#48 = DIRECTION('',(0.,0.,1.));
#49 = DEFINITIONAL_REPRESENTATION('',(#50),#54);
#50 = LINE('',#51,#52);
#51 = CARTESIAN_POINT('',(1.,-9.059387396508));
#52 = VECTOR('',#53,1.);
#53 = DIRECTION('',(1.,0.));
#54 = ( GEOMETRIC_REPRESENTATION_CONTEXT(2) 
PARAMETRIC_REPRESENTATION_CONTEXT() REPRESENTATION_CONTEXT('2D SPACE',''
  ) );
#55 = ORIENTED_EDGE('',*,*,#56,.T.);
#56 = EDGE_CURVE('',#22,#57,#59,.T.);
#57 = VERTEX_POINT('',#58);
#58 = CARTESIAN_POINT('',(6.5,9.059387396508,2.));
#59 = SURFACE_CURVE('',#60,(#65,#72),.PCURVE_S1.);
#60 = CIRCLE('',#61,11.15);
#61 = AXIS2_PLACEMENT_3D('',#62,#63,#64);
#62 = CARTESIAN_POINT('',(0.,0.,2.));
#63 = DIRECTION('',(0.,0.,1.));
#64 = DIRECTION('',(-0.582959641256,0.812501111794,0.));
#65 = PCURVE('',#32,#66);
#66 = DEFINITIONAL_REPRESENTATION('',(#67),#71);
#67 = LINE('',#68,#69);
#68 = CARTESIAN_POINT('',(2.193162908197,0.));
#69 = VECTOR('',#70,1.);
#70 = DIRECTION('',(1.,0.));
#71 = ( GEOMETRIC_REPRESENTATION_CONTEXT(2) 
PARAMETRIC_REPRESENTATION_CONTEXT() REPRESENTATION_CONTEXT('2D SPACE',''
  ) );
#72 = PCURVE('',#73,#78);
#73 = PLANE('',#74);
#74 = AXIS2_PLACEMENT_3D('',#75,#76,#77);
#75 = CARTESIAN_POINT('',(0.,0.,2.));
#76 = DIRECTION('',(0.,0.,1.));
#77 = DIRECTION('',(1.,0.,-0.));
#78 = DEFINITIONAL_REPRESENTATION('',(#79),#83);
#79 = CIRCLE('',#80,11.15);
#80 = AXIS2_PLACEMENT_2D('',#81,#82);
#81 = CARTESIAN_POINT('',(0.,0.));
#82 = DIRECTION('',(-0.582959641256,0.812501111794));
#83 = ( GEOMETRIC_REPRESENTATION_CONTEXT(2) 
PARAMETRIC_REPRESENTATION_CONTEXT() REPRESENTATION_CONTEXT('2D SPACE',''
  ) );
#84 = ORIENTED_EDGE('',*,*,#85,.T.);
#85 = EDGE_CURVE('',#57,#86,#88,.T.);
#86 = VERTEX_POINT('',#87);
#87 = CARTESIAN_POINT('',(6.5,9.059387396508,21.4));
#88 = SURFACE_CURVE('',#89,(#93,#100),.PCURVE_S1.);
#89 = LINE('',#90,#91);
#90 = CARTESIAN_POINT('',(6.5,9.059387396508,2.));
#91 = VECTOR('',#92,1.);
#92 = DIRECTION('',(0.,0.,1.));
#93 = PCURVE('',#32,#94);
#94 = DEFINITIONAL_REPRESENTATION('',(#95),#99);
#95 = LINE('',#96,#97);
#96 = CARTESIAN_POINT('',(7.231615052572,0.));
#97 = VECTOR('',#98,1.);
#98 = DIRECTION('',(0.,1.));
#99 = ( GEOMETRIC_REPRESENTATION_CONTEXT(2) 
PARAMETRIC_REPRESENTATION_CONTEXT() REPRESENTATION_CONTEXT('2D SPACE',''
  ) );
#100 = PCURVE('',#101,#106);
#101 = PLANE('',#102);
#102 = AXIS2_PLACEMENT_3D('',#103,#104,#105);
#103 = CARTESIAN_POINT('',(6.5,0.,1.));
#104 = DIRECTION('',(1.,0.,0.));
#105 = DIRECTION('',(0.,0.,1.));
#106 = DEFINITIONAL_REPRESENTATION('',(#107),#111);
#107 = LINE('',#108,#109);
#108 = CARTESIAN_POINT('',(1.,-9.059387396508));
#109 = VECTOR('',#110,1.);
#110 = DIRECTION('',(1.,0.));
#111 = ( GEOMETRIC_REPRESENTATION_CONTEXT(2) 
PARAMETRIC_REPRESENTATION_CONTEXT() REPRESENTATION_CONTEXT('2D SPACE',''
  ) );
#112 = ORIENTED_EDGE('',*,*,#113,.T.);
#113 = EDGE_CURVE('',#86,#24,#114,.T.);
#114 = SURFACE_CURVE('',#115,(#120,#127),.PCURVE_S1.);
#115 = CIRCLE('',#116,11.15);
#116 = AXIS2_PLACEMENT_3D('',#117,#118,#119);
#117 = CARTESIAN_POINT('',(0.,0.,21.4));
#118 = DIRECTION('',(0.,0.,-1.));
#119 = DIRECTION('',(0.582959641256,0.812501111794,0.));
#120 = PCURVE('',#32,#121);
#121 = DEFINITIONAL_REPRESENTATION('',(#122),#126);
#122 = LINE('',#123,#124);
#123 = CARTESIAN_POINT('',(7.231615052572,19.4));
#124 = VECTOR('',#125,1.);
#125 = DIRECTION('',(-1.,-0.));
#126 = ( GEOMETRIC_REPRESENTATION_CONTEXT(2) 
PARAMETRIC_REPRESENTATION_CONTEXT() REPRESENTATION_CONTEXT('2D SPACE',''
  ) );
#127 = PCURVE('',#128,#133);
#128 = CONICAL_SURFACE('',#129,11.15,0.785398163397);
#129 = AXIS2_PLACEMENT_3D('',#130,#131,#132);
#130 = CARTESIAN_POINT('',(0.,0.,21.4));
#131 = DIRECTION('',(-0.,-0.,-1.));
#132 = DIRECTION('',(1.,0.,-0.));
#133 = DEFINITIONAL_REPRESENTATION('',(#134),#138);
#134 = LINE('',#135,#136);
#135 = CARTESIAN_POINT('',(-7.231615052572,-0.));
#136 = VECTOR('',#137,1.);
#137 = DIRECTION('',(1.,-0.));
#138 = ( GEOMETRIC_REPRESENTATION_CONTEXT(2) 
PARAMETRIC_REPRESENTATION_CONTEXT() REPRESENTATION_CONTEXT('2D SPACE',''
  ) );
#139 = ADVANCED_FACE('',(#140),#44,.T.);
#140 = FACE_BOUND('',#141,.T.);
#141 = EDGE_LOOP('',(#142,#172,#200,#228,#249,#250,#277));
#142 = ORIENTED_EDGE('',*,*,#143,.T.);
#143 = EDGE_CURVE('',#144,#146,#148,.T.);
#144 = VERTEX_POINT('',#145);
#145 = CARTESIAN_POINT('',(-6.5,6.224949798994,22.));
#146 = VERTEX_POINT('',#147);
#147 = CARTESIAN_POINT('',(-6.5,6.224949798994,0.));
#148 = SURFACE_CURVE('',#149,(#153,#160),.PCURVE_S1.);
#149 = LINE('',#150,#151);
#150 = CARTESIAN_POINT('',(-6.5,6.224949798994,22.));
#151 = VECTOR('',#152,1.);
#152 = DIRECTION('',(0.,0.,-1.));
#153 = PCURVE('',#44,#154);
#154 = DEFINITIONAL_REPRESENTATION('',(#155),#159);
#155 = LINE('',#156,#157);
#156 = CARTESIAN_POINT('',(21.,-6.224949798994));
#157 = VECTOR('',#158,1.);
#158 = DIRECTION('',(-1.,0.));
#159 = ( GEOMETRIC_REPRESENTATION_CONTEXT(2) 
PARAMETRIC_REPRESENTATION_CONTEXT() REPRESENTATION_CONTEXT('2D SPACE',''
  ) );
#160 = PCURVE('',#161,#166);
#161 = CYLINDRICAL_SURFACE('',#162,9.);
#162 = AXIS2_PLACEMENT_3D('',#163,#164,#165);
#163 = CARTESIAN_POINT('',(0.,0.,1.));
#164 = DIRECTION('',(0.,0.,1.));
#165 = DIRECTION('',(1.,0.,-0.));
#166 = DEFINITIONAL_REPRESENTATION('',(#167),#171);
#167 = LINE('',#168,#169);
#168 = CARTESIAN_POINT('',(2.377806157192,21.));
#169 = VECTOR('',#170,1.);
#170 = DIRECTION('',(-0.,-1.));
#171 = ( GEOMETRIC_REPRESENTATION_CONTEXT(2) 
PARAMETRIC_REPRESENTATION_CONTEXT() REPRESENTATION_CONTEXT('2D SPACE',''
  ) );
#172 = ORIENTED_EDGE('',*,*,#173,.T.);
#173 = EDGE_CURVE('',#146,#174,#176,.T.);
#174 = VERTEX_POINT('',#175);
#175 = CARTESIAN_POINT('',(-6.5,13.795379661321,0.));
#176 = SURFACE_CURVE('',#177,(#181,#188),.PCURVE_S1.);
#177 = LINE('',#178,#179);
#178 = CARTESIAN_POINT('',(-6.5,0.,0.));
#179 = VECTOR('',#180,1.);
#180 = DIRECTION('',(0.,1.,0.));
#181 = PCURVE('',#44,#182);
#182 = DEFINITIONAL_REPRESENTATION('',(#183),#187);
#183 = LINE('',#184,#185);
#184 = CARTESIAN_POINT('',(-1.,0.));
#185 = VECTOR('',#186,1.);
#186 = DIRECTION('',(0.,-1.));
#187 = ( GEOMETRIC_REPRESENTATION_CONTEXT(2) 
PARAMETRIC_REPRESENTATION_CONTEXT() REPRESENTATION_CONTEXT('2D SPACE',''
  ) );
#188 = PCURVE('',#189,#194);
#189 = PLANE('',#190);
#190 = AXIS2_PLACEMENT_3D('',#191,#192,#193);
#191 = CARTESIAN_POINT('',(0.,0.,0.));
#192 = DIRECTION('',(0.,0.,1.));
#193 = DIRECTION('',(1.,0.,-0.));
#194 = DEFINITIONAL_REPRESENTATION('',(#195),#199);
#195 = LINE('',#196,#197);
#196 = CARTESIAN_POINT('',(-6.5,0.));
#197 = VECTOR('',#198,1.);
#198 = DIRECTION('',(0.,1.));
#199 = ( GEOMETRIC_REPRESENTATION_CONTEXT(2) 
PARAMETRIC_REPRESENTATION_CONTEXT() REPRESENTATION_CONTEXT('2D SPACE',''
  ) );
#200 = ORIENTED_EDGE('',*,*,#201,.T.);
#201 = EDGE_CURVE('',#174,#202,#204,.T.);
#202 = VERTEX_POINT('',#203);
#203 = CARTESIAN_POINT('',(-6.5,13.795379661321,2.));
#204 = SURFACE_CURVE('',#205,(#209,#216),.PCURVE_S1.);
#205 = LINE('',#206,#207);
#206 = CARTESIAN_POINT('',(-6.5,13.795379661321,0.));
#207 = VECTOR('',#208,1.);
#208 = DIRECTION('',(0.,0.,1.));
#209 = PCURVE('',#44,#210);
#210 = DEFINITIONAL_REPRESENTATION('',(#211),#215);
#211 = LINE('',#212,#213);
#212 = CARTESIAN_POINT('',(-1.,-13.79537966132));
#213 = VECTOR('',#214,1.);
#214 = DIRECTION('',(1.,0.));
#215 = ( GEOMETRIC_REPRESENTATION_CONTEXT(2) 
PARAMETRIC_REPRESENTATION_CONTEXT() REPRESENTATION_CONTEXT('2D SPACE',''
  ) );
#216 = PCURVE('',#217,#222);
#217 = CYLINDRICAL_SURFACE('',#218,15.25);
#218 = AXIS2_PLACEMENT_3D('',#219,#220,#221);
#219 = CARTESIAN_POINT('',(0.,0.,0.));
#220 = DIRECTION('',(0.,0.,1.));
#221 = DIRECTION('',(1.,0.,-0.));
#222 = DEFINITIONAL_REPRESENTATION('',(#223),#227);
#223 = LINE('',#224,#225);
#224 = CARTESIAN_POINT('',(2.01111692861,0.));
#225 = VECTOR('',#226,1.);
#226 = DIRECTION('',(0.,1.));
#227 = ( GEOMETRIC_REPRESENTATION_CONTEXT(2) 
PARAMETRIC_REPRESENTATION_CONTEXT() REPRESENTATION_CONTEXT('2D SPACE',''
  ) );
#228 = ORIENTED_EDGE('',*,*,#229,.F.);
#229 = EDGE_CURVE('',#22,#202,#230,.T.);
#230 = SURFACE_CURVE('',#231,(#235,#242),.PCURVE_S1.);
#231 = LINE('',#232,#233);
#232 = CARTESIAN_POINT('',(-6.5,0.,2.));
#233 = VECTOR('',#234,1.);
#234 = DIRECTION('',(0.,1.,0.));
#235 = PCURVE('',#44,#236);
#236 = DEFINITIONAL_REPRESENTATION('',(#237),#241);
#237 = LINE('',#238,#239);
#238 = CARTESIAN_POINT('',(1.,0.));
#239 = VECTOR('',#240,1.);
#240 = DIRECTION('',(0.,-1.));
#241 = ( GEOMETRIC_REPRESENTATION_CONTEXT(2) 
PARAMETRIC_REPRESENTATION_CONTEXT() REPRESENTATION_CONTEXT('2D SPACE',''
  ) );
#242 = PCURVE('',#73,#243);
#243 = DEFINITIONAL_REPRESENTATION('',(#244),#248);
#244 = LINE('',#245,#246);
#245 = CARTESIAN_POINT('',(-6.5,0.));
#246 = VECTOR('',#247,1.);
#247 = DIRECTION('',(0.,1.));
#248 = ( GEOMETRIC_REPRESENTATION_CONTEXT(2) 
PARAMETRIC_REPRESENTATION_CONTEXT() REPRESENTATION_CONTEXT('2D SPACE',''
  ) );
#249 = ORIENTED_EDGE('',*,*,#21,.T.);
#250 = ORIENTED_EDGE('',*,*,#251,.F.);
#251 = EDGE_CURVE('',#252,#24,#254,.T.);
#252 = VERTEX_POINT('',#253);
#253 = CARTESIAN_POINT('',(-6.5,8.309783390679,22.));
#254 = SURFACE_CURVE('',#255,(#260,#267),.PCURVE_S1.);
#255 = HYPERBOLA('',#256,6.5,6.5);
#256 = AXIS2_PLACEMENT_3D('',#257,#258,#259);
#257 = CARTESIAN_POINT('',(-6.5,0.,32.55));
#258 = DIRECTION('',(1.,0.,0.));
#259 = DIRECTION('',(0.,0.,-1.));
#260 = PCURVE('',#44,#261);
#261 = DEFINITIONAL_REPRESENTATION('',(#262),#266);
#262 = HYPERBOLA('',#263,6.5,6.5);
#263 = AXIS2_PLACEMENT_2D('',#264,#265);
#264 = CARTESIAN_POINT('',(31.55,0.));
#265 = DIRECTION('',(-1.,0.));
#266 = ( GEOMETRIC_REPRESENTATION_CONTEXT(2) 
PARAMETRIC_REPRESENTATION_CONTEXT() REPRESENTATION_CONTEXT('2D SPACE',''
  ) );
#267 = PCURVE('',#128,#268);
#268 = DEFINITIONAL_REPRESENTATION('',(#269),#276);
#269 = B_SPLINE_CURVE_WITH_KNOTS('',5,(#270,#271,#272,#273,#274,#275),
  .UNSPECIFIED.,.F.,.F.,(6,6),(1.06522961512,1.134345042155),
  .PIECEWISE_BEZIER_KNOTS.);
#270 = CARTESIAN_POINT('',(-2.234595508603,-0.6));
#271 = CARTESIAN_POINT('',(-2.226078915699,-0.485133154477));
#272 = CARTESIAN_POINT('',(-2.217678232063,-0.367746471951));
#273 = CARTESIAN_POINT('',(-2.20939264124,-0.247794226163));
#274 = CARTESIAN_POINT('',(-2.201221209107,-0.125228685717));
#275 = CARTESIAN_POINT('',(-2.193162908197,8.881784197001E-16));
#276 = ( GEOMETRIC_REPRESENTATION_CONTEXT(2) 
PARAMETRIC_REPRESENTATION_CONTEXT() REPRESENTATION_CONTEXT('2D SPACE',''
  ) );
#277 = ORIENTED_EDGE('',*,*,#278,.F.);
#278 = EDGE_CURVE('',#144,#252,#279,.T.);
#279 = SURFACE_CURVE('',#280,(#284,#291),.PCURVE_S1.);
#280 = LINE('',#281,#282);
#281 = CARTESIAN_POINT('',(-6.5,0.,22.));
#282 = VECTOR('',#283,1.);
#283 = DIRECTION('',(0.,1.,0.));
#284 = PCURVE('',#44,#285);
#285 = DEFINITIONAL_REPRESENTATION('',(#286),#290);
#286 = LINE('',#287,#288);
#287 = CARTESIAN_POINT('',(21.,0.));
#288 = VECTOR('',#289,1.);
#289 = DIRECTION('',(0.,-1.));
#290 = ( GEOMETRIC_REPRESENTATION_CONTEXT(2) 
PARAMETRIC_REPRESENTATION_CONTEXT() REPRESENTATION_CONTEXT('2D SPACE',''
  ) );
#291 = PCURVE('',#292,#297);
#292 = PLANE('',#293);
#293 = AXIS2_PLACEMENT_3D('',#294,#295,#296);
#294 = CARTESIAN_POINT('',(0.,0.,22.));
#295 = DIRECTION('',(0.,0.,1.));
#296 = DIRECTION('',(1.,0.,-0.));
#297 = DEFINITIONAL_REPRESENTATION('',(#298),#302);
#298 = LINE('',#299,#300);
#299 = CARTESIAN_POINT('',(-6.5,0.));
#300 = VECTOR('',#301,1.);
#301 = DIRECTION('',(0.,1.));
#302 = ( GEOMETRIC_REPRESENTATION_CONTEXT(2) 
PARAMETRIC_REPRESENTATION_CONTEXT() REPRESENTATION_CONTEXT('2D SPACE',''
  ) );
#303 = ADVANCED_FACE('',(#304,#650,#868,#1854,#2840,#2950,#4398,#4988),
  #73,.T.);
#304 = FACE_BOUND('',#305,.T.);
#305 = EDGE_LOOP('',(#306,#307,#308,#336,#364,#393,#421,#454,#482,#511,
    #539,#568,#596,#629));
#306 = ORIENTED_EDGE('',*,*,#56,.F.);
#307 = ORIENTED_EDGE('',*,*,#229,.T.);
#308 = ORIENTED_EDGE('',*,*,#309,.F.);
#309 = EDGE_CURVE('',#310,#202,#312,.T.);
#310 = VERTEX_POINT('',#311);
#311 = CARTESIAN_POINT('',(-7.54983443527,-13.25,2.));
#312 = SURFACE_CURVE('',#313,(#318,#329),.PCURVE_S1.);
#313 = CIRCLE('',#314,15.25);
#314 = AXIS2_PLACEMENT_3D('',#315,#316,#317);
#315 = CARTESIAN_POINT('',(0.,0.,2.));
#316 = DIRECTION('',(0.,0.,-1.));
#317 = DIRECTION('',(0.426229508197,0.904615059759,0.));
#318 = PCURVE('',#73,#319);
#319 = DEFINITIONAL_REPRESENTATION('',(#320),#328);
#320 = ( BOUNDED_CURVE() B_SPLINE_CURVE(2,(#321,#322,#323,#324,#325,#326
,#327),.UNSPECIFIED.,.T.,.F.) B_SPLINE_CURVE_WITH_KNOTS((1,2,2,2,2,1),(
    -2.094395102393,0.,2.094395102393,4.188790204786,6.28318530718,
8.377580409573),.UNSPECIFIED.) CURVE() GEOMETRIC_REPRESENTATION_ITEM() 
RATIONAL_B_SPLINE_CURVE((1.,0.5,1.,0.5,1.,0.5,1.)) REPRESENTATION_ITEM(
  '') );
#321 = CARTESIAN_POINT('',(6.5,13.795379661321));
#322 = CARTESIAN_POINT('',(30.394298483111,2.537049412124));
#323 = CARTESIAN_POINT('',(8.697149241555,-12.52685495526));
#324 = CARTESIAN_POINT('',(-13.,-27.59075932264));
#325 = CARTESIAN_POINT('',(-15.19714924155,-1.268524706062));
#326 = CARTESIAN_POINT('',(-17.39429848311,25.053709910519));
#327 = CARTESIAN_POINT('',(6.5,13.795379661321));
#328 = ( GEOMETRIC_REPRESENTATION_CONTEXT(2) 
PARAMETRIC_REPRESENTATION_CONTEXT() REPRESENTATION_CONTEXT('2D SPACE',''
  ) );
#329 = PCURVE('',#217,#330);
#330 = DEFINITIONAL_REPRESENTATION('',(#331),#335);
#331 = LINE('',#332,#333);
#332 = CARTESIAN_POINT('',(7.413661032159,2.));
#333 = VECTOR('',#334,1.);
#334 = DIRECTION('',(-1.,-0.));
#335 = ( GEOMETRIC_REPRESENTATION_CONTEXT(2) 
PARAMETRIC_REPRESENTATION_CONTEXT() REPRESENTATION_CONTEXT('2D SPACE',''
  ) );
#336 = ORIENTED_EDGE('',*,*,#337,.T.);
#337 = EDGE_CURVE('',#310,#338,#340,.T.);
#338 = VERTEX_POINT('',#339);
#339 = CARTESIAN_POINT('',(-11.,-13.25,2.));
#340 = SURFACE_CURVE('',#341,(#345,#352),.PCURVE_S1.);
#341 = LINE('',#342,#343);
#342 = CARTESIAN_POINT('',(12.,-13.25,2.));
#343 = VECTOR('',#344,1.);
#344 = DIRECTION('',(-1.,0.,0.));
#345 = PCURVE('',#73,#346);
#346 = DEFINITIONAL_REPRESENTATION('',(#347),#351);
#347 = LINE('',#348,#349);
#348 = CARTESIAN_POINT('',(12.,-13.25));
#349 = VECTOR('',#350,1.);
#350 = DIRECTION('',(-1.,0.));
#351 = ( GEOMETRIC_REPRESENTATION_CONTEXT(2) 
PARAMETRIC_REPRESENTATION_CONTEXT() REPRESENTATION_CONTEXT('2D SPACE',''
  ) );
#352 = PCURVE('',#353,#358);
#353 = PLANE('',#354);
#354 = AXIS2_PLACEMENT_3D('',#355,#356,#357);
#355 = CARTESIAN_POINT('',(12.,-13.25,0.));
#356 = DIRECTION('',(0.,-1.,0.));
#357 = DIRECTION('',(-1.,0.,0.));
#358 = DEFINITIONAL_REPRESENTATION('',(#359),#363);
#359 = LINE('',#360,#361);
#360 = CARTESIAN_POINT('',(0.,-2.));
#361 = VECTOR('',#362,1.);
#362 = DIRECTION('',(1.,0.));
#363 = ( GEOMETRIC_REPRESENTATION_CONTEXT(2) 
PARAMETRIC_REPRESENTATION_CONTEXT() REPRESENTATION_CONTEXT('2D SPACE',''
  ) );
#364 = ORIENTED_EDGE('',*,*,#365,.T.);
#365 = EDGE_CURVE('',#338,#366,#368,.T.);
#366 = VERTEX_POINT('',#367);
#367 = CARTESIAN_POINT('',(-12.,-14.25,2.));
#368 = SURFACE_CURVE('',#369,(#374,#381),.PCURVE_S1.);
#369 = CIRCLE('',#370,1.);
#370 = AXIS2_PLACEMENT_3D('',#371,#372,#373);
#371 = CARTESIAN_POINT('',(-11.,-14.25,2.));
#372 = DIRECTION('',(0.,0.,1.));
#373 = DIRECTION('',(0.,-1.,0.));
#374 = PCURVE('',#73,#375);
#375 = DEFINITIONAL_REPRESENTATION('',(#376),#380);
#376 = CIRCLE('',#377,1.);
#377 = AXIS2_PLACEMENT_2D('',#378,#379);
#378 = CARTESIAN_POINT('',(-11.,-14.25));
#379 = DIRECTION('',(0.,-1.));
#380 = ( GEOMETRIC_REPRESENTATION_CONTEXT(2) 
PARAMETRIC_REPRESENTATION_CONTEXT() REPRESENTATION_CONTEXT('2D SPACE',''
  ) );
#381 = PCURVE('',#382,#387);
#382 = CYLINDRICAL_SURFACE('',#383,1.);
#383 = AXIS2_PLACEMENT_3D('',#384,#385,#386);
#384 = CARTESIAN_POINT('',(-11.,-14.25,0.));
#385 = DIRECTION('',(0.,0.,1.));
#386 = DIRECTION('',(-0.,1.,0.));
#387 = DEFINITIONAL_REPRESENTATION('',(#388),#392);
#388 = LINE('',#389,#390);
#389 = CARTESIAN_POINT('',(-3.14159265359,2.));
#390 = VECTOR('',#391,1.);
#391 = DIRECTION('',(1.,0.));
#392 = ( GEOMETRIC_REPRESENTATION_CONTEXT(2) 
PARAMETRIC_REPRESENTATION_CONTEXT() REPRESENTATION_CONTEXT('2D SPACE',''
  ) );
#393 = ORIENTED_EDGE('',*,*,#394,.T.);
#394 = EDGE_CURVE('',#366,#395,#397,.T.);
#395 = VERTEX_POINT('',#396);
#396 = CARTESIAN_POINT('',(-12.,-26.25,2.));
#397 = SURFACE_CURVE('',#398,(#402,#409),.PCURVE_S1.);
#398 = LINE('',#399,#400);
#399 = CARTESIAN_POINT('',(-12.,-13.25,2.));
#400 = VECTOR('',#401,1.);
#401 = DIRECTION('',(0.,-1.,0.));
#402 = PCURVE('',#73,#403);
#403 = DEFINITIONAL_REPRESENTATION('',(#404),#408);
#404 = LINE('',#405,#406);
#405 = CARTESIAN_POINT('',(-12.,-13.25));
#406 = VECTOR('',#407,1.);
#407 = DIRECTION('',(0.,-1.));
#408 = ( GEOMETRIC_REPRESENTATION_CONTEXT(2) 
PARAMETRIC_REPRESENTATION_CONTEXT() REPRESENTATION_CONTEXT('2D SPACE',''
  ) );
#409 = PCURVE('',#410,#415);
#410 = PLANE('',#411);
#411 = AXIS2_PLACEMENT_3D('',#412,#413,#414);
#412 = CARTESIAN_POINT('',(-12.,-13.25,0.));
#413 = DIRECTION('',(1.,0.,-0.));
#414 = DIRECTION('',(0.,-1.,0.));
#415 = DEFINITIONAL_REPRESENTATION('',(#416),#420);
#416 = LINE('',#417,#418);
#417 = CARTESIAN_POINT('',(0.,-2.));
#418 = VECTOR('',#419,1.);
#419 = DIRECTION('',(1.,0.));
#420 = ( GEOMETRIC_REPRESENTATION_CONTEXT(2) 
PARAMETRIC_REPRESENTATION_CONTEXT() REPRESENTATION_CONTEXT('2D SPACE',''
  ) );
#421 = ORIENTED_EDGE('',*,*,#422,.F.);
#422 = EDGE_CURVE('',#423,#395,#425,.T.);
#423 = VERTEX_POINT('',#424);
#424 = CARTESIAN_POINT('',(-11.,-27.25,2.));
#425 = SURFACE_CURVE('',#426,(#431,#442),.PCURVE_S1.);
#426 = CIRCLE('',#427,1.);
#427 = AXIS2_PLACEMENT_3D('',#428,#429,#430);
#428 = CARTESIAN_POINT('',(-11.,-26.25,2.));
#429 = DIRECTION('',(-0.,-0.,-1.));
#430 = DIRECTION('',(0.,-1.,0.));
#431 = PCURVE('',#73,#432);
#432 = DEFINITIONAL_REPRESENTATION('',(#433),#441);
#433 = ( BOUNDED_CURVE() B_SPLINE_CURVE(2,(#434,#435,#436,#437,#438,#439
,#440),.UNSPECIFIED.,.T.,.F.) B_SPLINE_CURVE_WITH_KNOTS((1,2,2,2,2,1),(
    -2.094395102393,0.,2.094395102393,4.188790204786,6.28318530718,
8.377580409573),.UNSPECIFIED.) CURVE() GEOMETRIC_REPRESENTATION_ITEM() 
RATIONAL_B_SPLINE_CURVE((1.,0.5,1.,0.5,1.,0.5,1.)) REPRESENTATION_ITEM(
  '') );
#434 = CARTESIAN_POINT('',(-11.,-27.25));
#435 = CARTESIAN_POINT('',(-12.73205080756,-27.25));
#436 = CARTESIAN_POINT('',(-11.86602540378,-25.75));
#437 = CARTESIAN_POINT('',(-11.,-24.25));
#438 = CARTESIAN_POINT('',(-10.13397459621,-25.75));
#439 = CARTESIAN_POINT('',(-9.267949192431,-27.25));
#440 = CARTESIAN_POINT('',(-11.,-27.25));
#441 = ( GEOMETRIC_REPRESENTATION_CONTEXT(2) 
PARAMETRIC_REPRESENTATION_CONTEXT() REPRESENTATION_CONTEXT('2D SPACE',''
  ) );
#442 = PCURVE('',#443,#448);
#443 = CYLINDRICAL_SURFACE('',#444,1.);
#444 = AXIS2_PLACEMENT_3D('',#445,#446,#447);
#445 = CARTESIAN_POINT('',(-11.,-26.25,0.));
#446 = DIRECTION('',(0.,0.,1.));
#447 = DIRECTION('',(0.,-1.,0.));
#448 = DEFINITIONAL_REPRESENTATION('',(#449),#453);
#449 = LINE('',#450,#451);
#450 = CARTESIAN_POINT('',(-0.,2.));
#451 = VECTOR('',#452,1.);
#452 = DIRECTION('',(-1.,0.));
#453 = ( GEOMETRIC_REPRESENTATION_CONTEXT(2) 
PARAMETRIC_REPRESENTATION_CONTEXT() REPRESENTATION_CONTEXT('2D SPACE',''
  ) );
#454 = ORIENTED_EDGE('',*,*,#455,.T.);
#455 = EDGE_CURVE('',#423,#456,#458,.T.);
#456 = VERTEX_POINT('',#457);
#457 = CARTESIAN_POINT('',(11.,-27.25,2.));
#458 = SURFACE_CURVE('',#459,(#463,#470),.PCURVE_S1.);
#459 = LINE('',#460,#461);
#460 = CARTESIAN_POINT('',(-12.,-27.25,2.));
#461 = VECTOR('',#462,1.);
#462 = DIRECTION('',(1.,0.,0.));
#463 = PCURVE('',#73,#464);
#464 = DEFINITIONAL_REPRESENTATION('',(#465),#469);
#465 = LINE('',#466,#467);
#466 = CARTESIAN_POINT('',(-12.,-27.25));
#467 = VECTOR('',#468,1.);
#468 = DIRECTION('',(1.,0.));
#469 = ( GEOMETRIC_REPRESENTATION_CONTEXT(2) 
PARAMETRIC_REPRESENTATION_CONTEXT() REPRESENTATION_CONTEXT('2D SPACE',''
  ) );
#470 = PCURVE('',#471,#476);
#471 = PLANE('',#472);
#472 = AXIS2_PLACEMENT_3D('',#473,#474,#475);
#473 = CARTESIAN_POINT('',(-12.,-27.25,0.));
#474 = DIRECTION('',(0.,1.,0.));
#475 = DIRECTION('',(1.,0.,0.));
#476 = DEFINITIONAL_REPRESENTATION('',(#477),#481);
#477 = LINE('',#478,#479);
#478 = CARTESIAN_POINT('',(0.,-2.));
#479 = VECTOR('',#480,1.);
#480 = DIRECTION('',(1.,0.));
#481 = ( GEOMETRIC_REPRESENTATION_CONTEXT(2) 
PARAMETRIC_REPRESENTATION_CONTEXT() REPRESENTATION_CONTEXT('2D SPACE',''
  ) );
#482 = ORIENTED_EDGE('',*,*,#483,.T.);
#483 = EDGE_CURVE('',#456,#484,#486,.T.);
#484 = VERTEX_POINT('',#485);
#485 = CARTESIAN_POINT('',(12.,-26.25,2.));
#486 = SURFACE_CURVE('',#487,(#492,#499),.PCURVE_S1.);
#487 = CIRCLE('',#488,1.);
#488 = AXIS2_PLACEMENT_3D('',#489,#490,#491);
#489 = CARTESIAN_POINT('',(11.,-26.25,2.));
#490 = DIRECTION('',(0.,0.,1.));
#491 = DIRECTION('',(0.,-1.,0.));
#492 = PCURVE('',#73,#493);
#493 = DEFINITIONAL_REPRESENTATION('',(#494),#498);
#494 = CIRCLE('',#495,1.);
#495 = AXIS2_PLACEMENT_2D('',#496,#497);
#496 = CARTESIAN_POINT('',(11.,-26.25));
#497 = DIRECTION('',(0.,-1.));
#498 = ( GEOMETRIC_REPRESENTATION_CONTEXT(2) 
PARAMETRIC_REPRESENTATION_CONTEXT() REPRESENTATION_CONTEXT('2D SPACE',''
  ) );
#499 = PCURVE('',#500,#505);
#500 = CYLINDRICAL_SURFACE('',#501,1.);
#501 = AXIS2_PLACEMENT_3D('',#502,#503,#504);
#502 = CARTESIAN_POINT('',(11.,-26.25,0.));
#503 = DIRECTION('',(0.,0.,1.));
#504 = DIRECTION('',(0.,-1.,0.));
#505 = DEFINITIONAL_REPRESENTATION('',(#506),#510);
#506 = LINE('',#507,#508);
#507 = CARTESIAN_POINT('',(0.,2.));
#508 = VECTOR('',#509,1.);
#509 = DIRECTION('',(1.,0.));
#510 = ( GEOMETRIC_REPRESENTATION_CONTEXT(2) 
PARAMETRIC_REPRESENTATION_CONTEXT() REPRESENTATION_CONTEXT('2D SPACE',''
  ) );
#511 = ORIENTED_EDGE('',*,*,#512,.T.);
#512 = EDGE_CURVE('',#484,#513,#515,.T.);
#513 = VERTEX_POINT('',#514);
#514 = CARTESIAN_POINT('',(12.,-14.25,2.));
#515 = SURFACE_CURVE('',#516,(#520,#527),.PCURVE_S1.);
#516 = LINE('',#517,#518);
#517 = CARTESIAN_POINT('',(12.,-27.25,2.));
#518 = VECTOR('',#519,1.);
#519 = DIRECTION('',(0.,1.,0.));
#520 = PCURVE('',#73,#521);
#521 = DEFINITIONAL_REPRESENTATION('',(#522),#526);
#522 = LINE('',#523,#524);
#523 = CARTESIAN_POINT('',(12.,-27.25));
#524 = VECTOR('',#525,1.);
#525 = DIRECTION('',(0.,1.));
#526 = ( GEOMETRIC_REPRESENTATION_CONTEXT(2) 
PARAMETRIC_REPRESENTATION_CONTEXT() REPRESENTATION_CONTEXT('2D SPACE',''
  ) );
#527 = PCURVE('',#528,#533);
#528 = PLANE('',#529);
#529 = AXIS2_PLACEMENT_3D('',#530,#531,#532);
#530 = CARTESIAN_POINT('',(12.,-27.25,0.));
#531 = DIRECTION('',(-1.,0.,0.));
#532 = DIRECTION('',(0.,1.,0.));
#533 = DEFINITIONAL_REPRESENTATION('',(#534),#538);
#534 = LINE('',#535,#536);
#535 = CARTESIAN_POINT('',(0.,-2.));
#536 = VECTOR('',#537,1.);
#537 = DIRECTION('',(1.,0.));
#538 = ( GEOMETRIC_REPRESENTATION_CONTEXT(2) 
PARAMETRIC_REPRESENTATION_CONTEXT() REPRESENTATION_CONTEXT('2D SPACE',''
  ) );
#539 = ORIENTED_EDGE('',*,*,#540,.T.);
#540 = EDGE_CURVE('',#513,#541,#543,.T.);
#541 = VERTEX_POINT('',#542);
#542 = CARTESIAN_POINT('',(11.,-13.25,2.));
#543 = SURFACE_CURVE('',#544,(#549,#556),.PCURVE_S1.);
#544 = CIRCLE('',#545,1.);
#545 = AXIS2_PLACEMENT_3D('',#546,#547,#548);
#546 = CARTESIAN_POINT('',(11.,-14.25,2.));
#547 = DIRECTION('',(0.,0.,1.));
#548 = DIRECTION('',(0.,-1.,0.));
#549 = PCURVE('',#73,#550);
#550 = DEFINITIONAL_REPRESENTATION('',(#551),#555);
#551 = CIRCLE('',#552,1.);
#552 = AXIS2_PLACEMENT_2D('',#553,#554);
#553 = CARTESIAN_POINT('',(11.,-14.25));
#554 = DIRECTION('',(0.,-1.));
#555 = ( GEOMETRIC_REPRESENTATION_CONTEXT(2) 
PARAMETRIC_REPRESENTATION_CONTEXT() REPRESENTATION_CONTEXT('2D SPACE',''
  ) );
#556 = PCURVE('',#557,#562);
#557 = CYLINDRICAL_SURFACE('',#558,1.);
#558 = AXIS2_PLACEMENT_3D('',#559,#560,#561);
#559 = CARTESIAN_POINT('',(11.,-14.25,0.));
#560 = DIRECTION('',(0.,0.,1.));
#561 = DIRECTION('',(1.,0.,-0.));
#562 = DEFINITIONAL_REPRESENTATION('',(#563),#567);
#563 = LINE('',#564,#565);
#564 = CARTESIAN_POINT('',(-1.570796326795,2.));
#565 = VECTOR('',#566,1.);
#566 = DIRECTION('',(1.,0.));
#567 = ( GEOMETRIC_REPRESENTATION_CONTEXT(2) 
PARAMETRIC_REPRESENTATION_CONTEXT() REPRESENTATION_CONTEXT('2D SPACE',''
  ) );
#568 = ORIENTED_EDGE('',*,*,#569,.T.);
#569 = EDGE_CURVE('',#541,#570,#572,.T.);
#570 = VERTEX_POINT('',#571);
#571 = CARTESIAN_POINT('',(7.54983443527,-13.25,2.));
#572 = SURFACE_CURVE('',#573,(#577,#584),.PCURVE_S1.);
#573 = LINE('',#574,#575);
#574 = CARTESIAN_POINT('',(12.,-13.25,2.));
#575 = VECTOR('',#576,1.);
#576 = DIRECTION('',(-1.,0.,0.));
#577 = PCURVE('',#73,#578);
#578 = DEFINITIONAL_REPRESENTATION('',(#579),#583);
#579 = LINE('',#580,#581);
#580 = CARTESIAN_POINT('',(12.,-13.25));
#581 = VECTOR('',#582,1.);
#582 = DIRECTION('',(-1.,0.));
#583 = ( GEOMETRIC_REPRESENTATION_CONTEXT(2) 
PARAMETRIC_REPRESENTATION_CONTEXT() REPRESENTATION_CONTEXT('2D SPACE',''
  ) );
#584 = PCURVE('',#585,#590);
#585 = PLANE('',#586);
#586 = AXIS2_PLACEMENT_3D('',#587,#588,#589);
#587 = CARTESIAN_POINT('',(12.,-13.25,0.));
#588 = DIRECTION('',(0.,-1.,0.));
#589 = DIRECTION('',(-1.,0.,0.));
#590 = DEFINITIONAL_REPRESENTATION('',(#591),#595);
#591 = LINE('',#592,#593);
#592 = CARTESIAN_POINT('',(0.,-2.));
#593 = VECTOR('',#594,1.);
#594 = DIRECTION('',(1.,0.));
#595 = ( GEOMETRIC_REPRESENTATION_CONTEXT(2) 
PARAMETRIC_REPRESENTATION_CONTEXT() REPRESENTATION_CONTEXT('2D SPACE',''
  ) );
#596 = ORIENTED_EDGE('',*,*,#597,.F.);
#597 = EDGE_CURVE('',#598,#570,#600,.T.);
#598 = VERTEX_POINT('',#599);
#599 = CARTESIAN_POINT('',(6.5,13.795379661321,2.));
#600 = SURFACE_CURVE('',#601,(#606,#617),.PCURVE_S1.);
#601 = CIRCLE('',#602,15.25);
#602 = AXIS2_PLACEMENT_3D('',#603,#604,#605);
#603 = CARTESIAN_POINT('',(0.,0.,2.));
#604 = DIRECTION('',(0.,0.,-1.));
#605 = DIRECTION('',(0.426229508197,0.904615059759,0.));
#606 = PCURVE('',#73,#607);
#607 = DEFINITIONAL_REPRESENTATION('',(#608),#616);
#608 = ( BOUNDED_CURVE() B_SPLINE_CURVE(2,(#609,#610,#611,#612,#613,#614
,#615),.UNSPECIFIED.,.T.,.F.) B_SPLINE_CURVE_WITH_KNOTS((1,2,2,2,2,1),(
    -2.094395102393,0.,2.094395102393,4.188790204786,6.28318530718,
8.377580409573),.UNSPECIFIED.) CURVE() GEOMETRIC_REPRESENTATION_ITEM() 
RATIONAL_B_SPLINE_CURVE((1.,0.5,1.,0.5,1.,0.5,1.)) REPRESENTATION_ITEM(
  '') );
#609 = CARTESIAN_POINT('',(6.5,13.795379661321));
#610 = CARTESIAN_POINT('',(30.394298483111,2.537049412124));
#611 = CARTESIAN_POINT('',(8.697149241555,-12.52685495526));
#612 = CARTESIAN_POINT('',(-13.,-27.59075932264));
#613 = CARTESIAN_POINT('',(-15.19714924155,-1.268524706062));
#614 = CARTESIAN_POINT('',(-17.39429848311,25.053709910519));
#615 = CARTESIAN_POINT('',(6.5,13.795379661321));
#616 = ( GEOMETRIC_REPRESENTATION_CONTEXT(2) 
PARAMETRIC_REPRESENTATION_CONTEXT() REPRESENTATION_CONTEXT('2D SPACE',''
  ) );
#617 = PCURVE('',#618,#623);
#618 = CYLINDRICAL_SURFACE('',#619,15.25);
#619 = AXIS2_PLACEMENT_3D('',#620,#621,#622);
#620 = CARTESIAN_POINT('',(0.,0.,0.));
#621 = DIRECTION('',(0.,0.,1.));
#622 = DIRECTION('',(1.,0.,-0.));
#623 = DEFINITIONAL_REPRESENTATION('',(#624),#628);
#624 = LINE('',#625,#626);
#625 = CARTESIAN_POINT('',(7.413661032159,2.));
#626 = VECTOR('',#627,1.);
#627 = DIRECTION('',(-1.,-0.));
#628 = ( GEOMETRIC_REPRESENTATION_CONTEXT(2) 
PARAMETRIC_REPRESENTATION_CONTEXT() REPRESENTATION_CONTEXT('2D SPACE',''
  ) );
#629 = ORIENTED_EDGE('',*,*,#630,.F.);
#630 = EDGE_CURVE('',#57,#598,#631,.T.);
#631 = SURFACE_CURVE('',#632,(#636,#643),.PCURVE_S1.);
#632 = LINE('',#633,#634);
#633 = CARTESIAN_POINT('',(6.5,0.,2.));
#634 = VECTOR('',#635,1.);
#635 = DIRECTION('',(0.,1.,0.));
#636 = PCURVE('',#73,#637);
#637 = DEFINITIONAL_REPRESENTATION('',(#638),#642);
#638 = LINE('',#639,#640);
#639 = CARTESIAN_POINT('',(6.5,0.));
#640 = VECTOR('',#641,1.);
#641 = DIRECTION('',(0.,1.));
#642 = ( GEOMETRIC_REPRESENTATION_CONTEXT(2) 
PARAMETRIC_REPRESENTATION_CONTEXT() REPRESENTATION_CONTEXT('2D SPACE',''
  ) );
#643 = PCURVE('',#101,#644);
#644 = DEFINITIONAL_REPRESENTATION('',(#645),#649);
#645 = LINE('',#646,#647);
#646 = CARTESIAN_POINT('',(1.,0.));
#647 = VECTOR('',#648,1.);
#648 = DIRECTION('',(0.,-1.));
#649 = ( GEOMETRIC_REPRESENTATION_CONTEXT(2) 
PARAMETRIC_REPRESENTATION_CONTEXT() REPRESENTATION_CONTEXT('2D SPACE',''
  ) );
#650 = FACE_BOUND('',#651,.T.);
#651 = EDGE_LOOP('',(#652,#681,#708,#735,#762,#789,#816,#843));
#652 = ORIENTED_EDGE('',*,*,#653,.F.);
#653 = EDGE_CURVE('',#654,#656,#658,.T.);
#654 = VERTEX_POINT('',#655);
#655 = CARTESIAN_POINT('',(3.934521484375,-16.08510742187,2.));
#656 = VERTEX_POINT('',#657);
#657 = CARTESIAN_POINT('',(1.778466796875,-16.08510742187,2.));
#658 = SURFACE_CURVE('',#659,(#663,#670),.PCURVE_S1.);
#659 = LINE('',#660,#661);
#660 = CARTESIAN_POINT('',(0.889233398438,-16.08510742187,2.));
#661 = VECTOR('',#662,1.);
#662 = DIRECTION('',(-1.,0.,0.));
#663 = PCURVE('',#73,#664);
#664 = DEFINITIONAL_REPRESENTATION('',(#665),#669);
#665 = LINE('',#666,#667);
#666 = CARTESIAN_POINT('',(0.889233398438,-16.08510742187));
#667 = VECTOR('',#668,1.);
#668 = DIRECTION('',(-1.,0.));
#669 = ( GEOMETRIC_REPRESENTATION_CONTEXT(2) 
PARAMETRIC_REPRESENTATION_CONTEXT() REPRESENTATION_CONTEXT('2D SPACE',''
  ) );
#670 = PCURVE('',#671,#676);
#671 = PLANE('',#672);
#672 = AXIS2_PLACEMENT_3D('',#673,#674,#675);
#673 = CARTESIAN_POINT('',(1.778466796875,-16.08510742187,1.9));
#674 = DIRECTION('',(0.,1.,0.));
#675 = DIRECTION('',(1.,0.,0.));
#676 = DEFINITIONAL_REPRESENTATION('',(#677),#680);
#677 = B_SPLINE_CURVE_WITH_KNOTS('',1,(#678,#679),.UNSPECIFIED.,.F.,.F.,
  (2,2),(-3.045288085938,-0.889233398438),.PIECEWISE_BEZIER_KNOTS.);
#678 = CARTESIAN_POINT('',(2.1560546875,-0.1));
#679 = CARTESIAN_POINT('',(0.,-0.1));
#680 = ( GEOMETRIC_REPRESENTATION_CONTEXT(2) 
PARAMETRIC_REPRESENTATION_CONTEXT() REPRESENTATION_CONTEXT('2D SPACE',''
  ) );
#681 = ORIENTED_EDGE('',*,*,#682,.F.);
#682 = EDGE_CURVE('',#683,#654,#685,.T.);
#683 = VERTEX_POINT('',#684);
#684 = CARTESIAN_POINT('',(3.934521484375,-16.40610351562,2.));
#685 = SURFACE_CURVE('',#686,(#690,#697),.PCURVE_S1.);
#686 = LINE('',#687,#688);
#687 = CARTESIAN_POINT('',(3.934521484375,-18.16755371093,2.));
#688 = VECTOR('',#689,1.);
#689 = DIRECTION('',(0.,1.,0.));
#690 = PCURVE('',#73,#691);
#691 = DEFINITIONAL_REPRESENTATION('',(#692),#696);
#692 = LINE('',#693,#694);
#693 = CARTESIAN_POINT('',(3.934521484375,-18.16755371093));
#694 = VECTOR('',#695,1.);
#695 = DIRECTION('',(0.,1.));
#696 = ( GEOMETRIC_REPRESENTATION_CONTEXT(2) 
PARAMETRIC_REPRESENTATION_CONTEXT() REPRESENTATION_CONTEXT('2D SPACE',''
  ) );
#697 = PCURVE('',#698,#703);
#698 = PLANE('',#699);
#699 = AXIS2_PLACEMENT_3D('',#700,#701,#702);
#700 = CARTESIAN_POINT('',(3.934521484375,-16.08510742187,1.9));
#701 = DIRECTION('',(1.,0.,0.));
#702 = DIRECTION('',(0.,-1.,0.));
#703 = DEFINITIONAL_REPRESENTATION('',(#704),#707);
#704 = B_SPLINE_CURVE_WITH_KNOTS('',1,(#705,#706),.UNSPECIFIED.,.F.,.F.,
  (2,2),(1.761450195312,2.082446289062),.PIECEWISE_BEZIER_KNOTS.);
#705 = CARTESIAN_POINT('',(0.32099609375,-0.1));
#706 = CARTESIAN_POINT('',(0.,-0.1));
#707 = ( GEOMETRIC_REPRESENTATION_CONTEXT(2) 
PARAMETRIC_REPRESENTATION_CONTEXT() REPRESENTATION_CONTEXT('2D SPACE',''
  ) );
#708 = ORIENTED_EDGE('',*,*,#709,.F.);
#709 = EDGE_CURVE('',#710,#683,#712,.T.);
#710 = VERTEX_POINT('',#711);
#711 = CARTESIAN_POINT('',(3.034619140625,-16.40610351562,2.));
#712 = SURFACE_CURVE('',#713,(#717,#724),.PCURVE_S1.);
#713 = LINE('',#714,#715);
#714 = CARTESIAN_POINT('',(1.967260742187,-16.40610351562,2.));
#715 = VECTOR('',#716,1.);
#716 = DIRECTION('',(1.,0.,-0.));
#717 = PCURVE('',#73,#718);
#718 = DEFINITIONAL_REPRESENTATION('',(#719),#723);
#719 = LINE('',#720,#721);
#720 = CARTESIAN_POINT('',(1.967260742187,-16.40610351562));
#721 = VECTOR('',#722,1.);
#722 = DIRECTION('',(1.,0.));
#723 = ( GEOMETRIC_REPRESENTATION_CONTEXT(2) 
PARAMETRIC_REPRESENTATION_CONTEXT() REPRESENTATION_CONTEXT('2D SPACE',''
  ) );
#724 = PCURVE('',#725,#730);
#725 = PLANE('',#726);
#726 = AXIS2_PLACEMENT_3D('',#727,#728,#729);
#727 = CARTESIAN_POINT('',(3.934521484375,-16.40610351562,1.9));
#728 = DIRECTION('',(0.,-1.,0.));
#729 = DIRECTION('',(-1.,0.,0.));
#730 = DEFINITIONAL_REPRESENTATION('',(#731),#734);
#731 = B_SPLINE_CURVE_WITH_KNOTS('',1,(#732,#733),.UNSPECIFIED.,.F.,.F.,
  (2,2),(1.067358398437,1.967260742187),.PIECEWISE_BEZIER_KNOTS.);
#732 = CARTESIAN_POINT('',(0.89990234375,-0.1));
#733 = CARTESIAN_POINT('',(0.,-0.1));
#734 = ( GEOMETRIC_REPRESENTATION_CONTEXT(2) 
PARAMETRIC_REPRESENTATION_CONTEXT() REPRESENTATION_CONTEXT('2D SPACE',''
  ) );
#735 = ORIENTED_EDGE('',*,*,#736,.F.);
#736 = EDGE_CURVE('',#737,#710,#739,.T.);
#737 = VERTEX_POINT('',#738);
#738 = CARTESIAN_POINT('',(3.034619140625,-18.80522460937,2.));
#739 = SURFACE_CURVE('',#740,(#744,#751),.PCURVE_S1.);
#740 = LINE('',#741,#742);
#741 = CARTESIAN_POINT('',(3.034619140625,-18.32805175781,2.));
#742 = VECTOR('',#743,1.);
#743 = DIRECTION('',(0.,1.,0.));
#744 = PCURVE('',#73,#745);
#745 = DEFINITIONAL_REPRESENTATION('',(#746),#750);
#746 = LINE('',#747,#748);
#747 = CARTESIAN_POINT('',(3.034619140625,-18.32805175781));
#748 = VECTOR('',#749,1.);
#749 = DIRECTION('',(0.,1.));
#750 = ( GEOMETRIC_REPRESENTATION_CONTEXT(2) 
PARAMETRIC_REPRESENTATION_CONTEXT() REPRESENTATION_CONTEXT('2D SPACE',''
  ) );
#751 = PCURVE('',#752,#757);
#752 = PLANE('',#753);
#753 = AXIS2_PLACEMENT_3D('',#754,#755,#756);
#754 = CARTESIAN_POINT('',(3.034619140625,-16.40610351562,1.9));
#755 = DIRECTION('',(1.,0.,0.));
#756 = DIRECTION('',(0.,-1.,0.));
#757 = DEFINITIONAL_REPRESENTATION('',(#758),#761);
#758 = B_SPLINE_CURVE_WITH_KNOTS('',1,(#759,#760),.UNSPECIFIED.,.F.,.F.,
  (2,2),(-0.477172851562,1.921948242188),.PIECEWISE_BEZIER_KNOTS.);
#759 = CARTESIAN_POINT('',(2.39912109375,-0.1));
#760 = CARTESIAN_POINT('',(0.,-0.1));
#761 = ( GEOMETRIC_REPRESENTATION_CONTEXT(2) 
PARAMETRIC_REPRESENTATION_CONTEXT() REPRESENTATION_CONTEXT('2D SPACE',''
  ) );
#762 = ORIENTED_EDGE('',*,*,#763,.F.);
#763 = EDGE_CURVE('',#764,#737,#766,.T.);
#764 = VERTEX_POINT('',#765);
#765 = CARTESIAN_POINT('',(2.674658203125,-18.80522460937,2.));
#766 = SURFACE_CURVE('',#767,(#771,#778),.PCURVE_S1.);
#767 = LINE('',#768,#769);
#768 = CARTESIAN_POINT('',(1.517309570312,-18.80522460937,2.));
#769 = VECTOR('',#770,1.);
#770 = DIRECTION('',(1.,0.,-0.));
#771 = PCURVE('',#73,#772);
#772 = DEFINITIONAL_REPRESENTATION('',(#773),#777);
#773 = LINE('',#774,#775);
#774 = CARTESIAN_POINT('',(1.517309570312,-18.80522460937));
#775 = VECTOR('',#776,1.);
#776 = DIRECTION('',(1.,0.));
#777 = ( GEOMETRIC_REPRESENTATION_CONTEXT(2) 
PARAMETRIC_REPRESENTATION_CONTEXT() REPRESENTATION_CONTEXT('2D SPACE',''
  ) );
#778 = PCURVE('',#779,#784);
#779 = PLANE('',#780);
#780 = AXIS2_PLACEMENT_3D('',#781,#782,#783);
#781 = CARTESIAN_POINT('',(3.034619140625,-18.80522460937,1.9));
#782 = DIRECTION('',(0.,-1.,0.));
#783 = DIRECTION('',(-1.,0.,0.));
#784 = DEFINITIONAL_REPRESENTATION('',(#785),#788);
#785 = B_SPLINE_CURVE_WITH_KNOTS('',1,(#786,#787),.UNSPECIFIED.,.F.,.F.,
  (2,2),(1.157348632812,1.517309570312),.PIECEWISE_BEZIER_KNOTS.);
#786 = CARTESIAN_POINT('',(0.3599609375,-0.1));
#787 = CARTESIAN_POINT('',(0.,-0.1));
#788 = ( GEOMETRIC_REPRESENTATION_CONTEXT(2) 
PARAMETRIC_REPRESENTATION_CONTEXT() REPRESENTATION_CONTEXT('2D SPACE',''
  ) );
#789 = ORIENTED_EDGE('',*,*,#790,.F.);
#790 = EDGE_CURVE('',#791,#764,#793,.T.);
#791 = VERTEX_POINT('',#792);
#792 = CARTESIAN_POINT('',(2.674658203125,-16.40610351562,2.));
#793 = SURFACE_CURVE('',#794,(#798,#805),.PCURVE_S1.);
#794 = LINE('',#795,#796);
#795 = CARTESIAN_POINT('',(2.674658203125,-19.52761230468,2.));
#796 = VECTOR('',#797,1.);
#797 = DIRECTION('',(0.,-1.,0.));
#798 = PCURVE('',#73,#799);
#799 = DEFINITIONAL_REPRESENTATION('',(#800),#804);
#800 = LINE('',#801,#802);
#801 = CARTESIAN_POINT('',(2.674658203125,-19.52761230468));
#802 = VECTOR('',#803,1.);
#803 = DIRECTION('',(0.,-1.));
#804 = ( GEOMETRIC_REPRESENTATION_CONTEXT(2) 
PARAMETRIC_REPRESENTATION_CONTEXT() REPRESENTATION_CONTEXT('2D SPACE',''
  ) );
#805 = PCURVE('',#806,#811);
#806 = PLANE('',#807);
#807 = AXIS2_PLACEMENT_3D('',#808,#809,#810);
#808 = CARTESIAN_POINT('',(2.674658203125,-18.80522460937,1.9));
#809 = DIRECTION('',(-1.,0.,0.));
#810 = DIRECTION('',(0.,1.,0.));
#811 = DEFINITIONAL_REPRESENTATION('',(#812),#815);
#812 = B_SPLINE_CURVE_WITH_KNOTS('',1,(#813,#814),.UNSPECIFIED.,.F.,.F.,
  (2,2),(-3.121508789063,-0.722387695313),.PIECEWISE_BEZIER_KNOTS.);
#813 = CARTESIAN_POINT('',(2.39912109375,-0.1));
#814 = CARTESIAN_POINT('',(0.,-0.1));
#815 = ( GEOMETRIC_REPRESENTATION_CONTEXT(2) 
PARAMETRIC_REPRESENTATION_CONTEXT() REPRESENTATION_CONTEXT('2D SPACE',''
  ) );
#816 = ORIENTED_EDGE('',*,*,#817,.F.);
#817 = EDGE_CURVE('',#818,#791,#820,.T.);
#818 = VERTEX_POINT('',#819);
#819 = CARTESIAN_POINT('',(1.778466796875,-16.40610351562,2.));
#820 = SURFACE_CURVE('',#821,(#825,#832),.PCURVE_S1.);
#821 = LINE('',#822,#823);
#822 = CARTESIAN_POINT('',(1.337329101562,-16.40610351562,2.));
#823 = VECTOR('',#824,1.);
#824 = DIRECTION('',(1.,0.,-0.));
#825 = PCURVE('',#73,#826);
#826 = DEFINITIONAL_REPRESENTATION('',(#827),#831);
#827 = LINE('',#828,#829);
#828 = CARTESIAN_POINT('',(1.337329101562,-16.40610351562));
#829 = VECTOR('',#830,1.);
#830 = DIRECTION('',(1.,0.));
#831 = ( GEOMETRIC_REPRESENTATION_CONTEXT(2) 
PARAMETRIC_REPRESENTATION_CONTEXT() REPRESENTATION_CONTEXT('2D SPACE',''
  ) );
#832 = PCURVE('',#833,#838);
#833 = PLANE('',#834);
#834 = AXIS2_PLACEMENT_3D('',#835,#836,#837);
#835 = CARTESIAN_POINT('',(2.674658203125,-16.40610351562,1.9));
#836 = DIRECTION('',(0.,-1.,0.));
#837 = DIRECTION('',(-1.,0.,0.));
#838 = DEFINITIONAL_REPRESENTATION('',(#839),#842);
#839 = B_SPLINE_CURVE_WITH_KNOTS('',1,(#840,#841),.UNSPECIFIED.,.F.,.F.,
  (2,2),(0.441137695313,1.337329101562),.PIECEWISE_BEZIER_KNOTS.);
#840 = CARTESIAN_POINT('',(0.89619140625,-0.1));
#841 = CARTESIAN_POINT('',(0.,-0.1));
#842 = ( GEOMETRIC_REPRESENTATION_CONTEXT(2) 
PARAMETRIC_REPRESENTATION_CONTEXT() REPRESENTATION_CONTEXT('2D SPACE',''
  ) );
#843 = ORIENTED_EDGE('',*,*,#844,.F.);
#844 = EDGE_CURVE('',#656,#818,#845,.T.);
#845 = SURFACE_CURVE('',#846,(#850,#857),.PCURVE_S1.);
#846 = LINE('',#847,#848);
#847 = CARTESIAN_POINT('',(1.778466796875,-18.32805175781,2.));
#848 = VECTOR('',#849,1.);
#849 = DIRECTION('',(0.,-1.,0.));
#850 = PCURVE('',#73,#851);
#851 = DEFINITIONAL_REPRESENTATION('',(#852),#856);
#852 = LINE('',#853,#854);
#853 = CARTESIAN_POINT('',(1.778466796875,-18.32805175781));
#854 = VECTOR('',#855,1.);
#855 = DIRECTION('',(0.,-1.));
#856 = ( GEOMETRIC_REPRESENTATION_CONTEXT(2) 
PARAMETRIC_REPRESENTATION_CONTEXT() REPRESENTATION_CONTEXT('2D SPACE',''
  ) );
#857 = PCURVE('',#858,#863);
#858 = PLANE('',#859);
#859 = AXIS2_PLACEMENT_3D('',#860,#861,#862);
#860 = CARTESIAN_POINT('',(1.778466796875,-16.40610351562,1.9));
#861 = DIRECTION('',(-1.,0.,0.));
#862 = DIRECTION('',(0.,1.,0.));
#863 = DEFINITIONAL_REPRESENTATION('',(#864),#867);
#864 = B_SPLINE_CURVE_WITH_KNOTS('',1,(#865,#866),.UNSPECIFIED.,.F.,.F.,
  (2,2),(-2.242944335938,-1.921948242188),.PIECEWISE_BEZIER_KNOTS.);
#865 = CARTESIAN_POINT('',(0.32099609375,-0.1));
#866 = CARTESIAN_POINT('',(0.,-0.1));
#867 = ( GEOMETRIC_REPRESENTATION_CONTEXT(2) 
PARAMETRIC_REPRESENTATION_CONTEXT() REPRESENTATION_CONTEXT('2D SPACE',''
  ) );
#868 = FACE_BOUND('',#869,.T.);
#869 = EDGE_LOOP('',(#870,#899,#926,#953,#998,#1037,#1079,#1127,#1178,
    #1229,#1280,#1331,#1388,#1415,#1472,#1535,#1592,#1643,#1694,#1733,
    #1775,#1820));
#870 = ORIENTED_EDGE('',*,*,#871,.F.);
#871 = EDGE_CURVE('',#872,#874,#876,.T.);
#872 = VERTEX_POINT('',#873);
#873 = CARTESIAN_POINT('',(-2.3486328125,-23.97924804687,2.));
#874 = VERTEX_POINT('',#875);
#875 = CARTESIAN_POINT('',(-4.10400390625,-23.97924804687,2.));
#876 = SURFACE_CURVE('',#877,(#881,#888),.PCURVE_S1.);
#877 = LINE('',#878,#879);
#878 = CARTESIAN_POINT('',(-2.052001953125,-23.97924804687,2.));
#879 = VECTOR('',#880,1.);
#880 = DIRECTION('',(-1.,0.,0.));
#881 = PCURVE('',#73,#882);
#882 = DEFINITIONAL_REPRESENTATION('',(#883),#887);
#883 = LINE('',#884,#885);
#884 = CARTESIAN_POINT('',(-2.052001953125,-23.97924804687));
#885 = VECTOR('',#886,1.);
#886 = DIRECTION('',(-1.,0.));
#887 = ( GEOMETRIC_REPRESENTATION_CONTEXT(2) 
PARAMETRIC_REPRESENTATION_CONTEXT() REPRESENTATION_CONTEXT('2D SPACE',''
  ) );
#888 = PCURVE('',#889,#894);
#889 = PLANE('',#890);
#890 = AXIS2_PLACEMENT_3D('',#891,#892,#893);
#891 = CARTESIAN_POINT('',(-4.10400390625,-23.97924804687,1.9));
#892 = DIRECTION('',(0.,1.,0.));
#893 = DIRECTION('',(1.,0.,0.));
#894 = DEFINITIONAL_REPRESENTATION('',(#895),#898);
#895 = B_SPLINE_CURVE_WITH_KNOTS('',1,(#896,#897),.UNSPECIFIED.,.F.,.F.,
  (2,2),(0.296630859375,2.052001953125),.PIECEWISE_BEZIER_KNOTS.);
#896 = CARTESIAN_POINT('',(1.75537109375,-0.1));
#897 = CARTESIAN_POINT('',(0.,-0.1));
#898 = ( GEOMETRIC_REPRESENTATION_CONTEXT(2) 
PARAMETRIC_REPRESENTATION_CONTEXT() REPRESENTATION_CONTEXT('2D SPACE',''
  ) );
#899 = ORIENTED_EDGE('',*,*,#900,.F.);
#900 = EDGE_CURVE('',#901,#872,#903,.T.);
#901 = VERTEX_POINT('',#902);
#902 = CARTESIAN_POINT('',(-2.3486328125,-24.40161132812,2.));
#903 = SURFACE_CURVE('',#904,(#908,#915),.PCURVE_S1.);
#904 = LINE('',#905,#906);
#905 = CARTESIAN_POINT('',(-2.3486328125,-22.11462402343,2.));
#906 = VECTOR('',#907,1.);
#907 = DIRECTION('',(0.,1.,0.));
#908 = PCURVE('',#73,#909);
#909 = DEFINITIONAL_REPRESENTATION('',(#910),#914);
#910 = LINE('',#911,#912);
#911 = CARTESIAN_POINT('',(-2.3486328125,-22.11462402343));
#912 = VECTOR('',#913,1.);
#913 = DIRECTION('',(0.,1.));
#914 = ( GEOMETRIC_REPRESENTATION_CONTEXT(2) 
PARAMETRIC_REPRESENTATION_CONTEXT() REPRESENTATION_CONTEXT('2D SPACE',''
  ) );
#915 = PCURVE('',#916,#921);
#916 = PLANE('',#917);
#917 = AXIS2_PLACEMENT_3D('',#918,#919,#920);
#918 = CARTESIAN_POINT('',(-2.3486328125,-23.97924804687,1.9));
#919 = DIRECTION('',(1.,0.,0.));
#920 = DIRECTION('',(0.,-1.,0.));
#921 = DEFINITIONAL_REPRESENTATION('',(#922),#925);
#922 = B_SPLINE_CURVE_WITH_KNOTS('',1,(#923,#924),.UNSPECIFIED.,.F.,.F.,
  (2,2),(-2.286987304688,-1.864624023438),.PIECEWISE_BEZIER_KNOTS.);
#923 = CARTESIAN_POINT('',(0.42236328125,-0.1));
#924 = CARTESIAN_POINT('',(0.,-0.1));
#925 = ( GEOMETRIC_REPRESENTATION_CONTEXT(2) 
PARAMETRIC_REPRESENTATION_CONTEXT() REPRESENTATION_CONTEXT('2D SPACE',''
  ) );
#926 = ORIENTED_EDGE('',*,*,#927,.F.);
#927 = EDGE_CURVE('',#928,#901,#930,.T.);
#928 = VERTEX_POINT('',#929);
#929 = CARTESIAN_POINT('',(-4.71435546875,-24.40161132812,2.));
#930 = SURFACE_CURVE('',#931,(#935,#942),.PCURVE_S1.);
#931 = LINE('',#932,#933);
#932 = CARTESIAN_POINT('',(-1.17431640625,-24.40161132812,2.));
#933 = VECTOR('',#934,1.);
#934 = DIRECTION('',(1.,0.,-0.));
#935 = PCURVE('',#73,#936);
#936 = DEFINITIONAL_REPRESENTATION('',(#937),#941);
#937 = LINE('',#938,#939);
#938 = CARTESIAN_POINT('',(-1.17431640625,-24.40161132812));
#939 = VECTOR('',#940,1.);
#940 = DIRECTION('',(1.,0.));
#941 = ( GEOMETRIC_REPRESENTATION_CONTEXT(2) 
PARAMETRIC_REPRESENTATION_CONTEXT() REPRESENTATION_CONTEXT('2D SPACE',''
  ) );
#942 = PCURVE('',#943,#948);
#943 = PLANE('',#944);
#944 = AXIS2_PLACEMENT_3D('',#945,#946,#947);
#945 = CARTESIAN_POINT('',(-2.3486328125,-24.40161132812,1.9));
#946 = DIRECTION('',(0.,-1.,0.));
#947 = DIRECTION('',(-1.,0.,0.));
#948 = DEFINITIONAL_REPRESENTATION('',(#949),#952);
#949 = B_SPLINE_CURVE_WITH_KNOTS('',1,(#950,#951),.UNSPECIFIED.,.F.,.F.,
  (2,2),(-3.5400390625,-1.17431640625),.PIECEWISE_BEZIER_KNOTS.);
#950 = CARTESIAN_POINT('',(2.36572265625,-0.1));
#951 = CARTESIAN_POINT('',(0.,-0.1));
#952 = ( GEOMETRIC_REPRESENTATION_CONTEXT(2) 
PARAMETRIC_REPRESENTATION_CONTEXT() REPRESENTATION_CONTEXT('2D SPACE',''
  ) );
#953 = ORIENTED_EDGE('',*,*,#954,.F.);
#954 = EDGE_CURVE('',#955,#928,#957,.T.);
#955 = VERTEX_POINT('',#956);
#956 = CARTESIAN_POINT('',(-4.6630859375,-24.09643554687,2.));
#957 = SURFACE_CURVE('',#958,(#967,#979),.PCURVE_S1.);
#958 = B_SPLINE_CURVE_WITH_KNOTS('',4,(#959,#960,#961,#962,#963,#964,
    #965,#966),.UNSPECIFIED.,.F.,.F.,(5,3,5),(0.,0.423911080615,1.),
  .UNSPECIFIED.);
#959 = CARTESIAN_POINT('',(-4.6630859375,-24.09643554687,2.));
#960 = CARTESIAN_POINT('',(-4.674980197007,-24.12746404993,2.));
#961 = CARTESIAN_POINT('',(-4.685058796637,-24.1588838556,2.));
#962 = CARTESIAN_POINT('',(-4.693309799258,-24.19068334515,2.));
#963 = CARTESIAN_POINT('',(-4.70845606409,-24.26656124607,2.));
#964 = CARTESIAN_POINT('',(-4.713801323262,-24.31094966914,2.));
#965 = CARTESIAN_POINT('',(-4.715759521763,-24.35597960521,2.));
#966 = CARTESIAN_POINT('',(-4.71435546875,-24.40161132812,2.));
#967 = PCURVE('',#73,#968);
#968 = DEFINITIONAL_REPRESENTATION('',(#969),#978);
#969 = B_SPLINE_CURVE_WITH_KNOTS('',4,(#970,#971,#972,#973,#974,#975,
    #976,#977),.UNSPECIFIED.,.F.,.F.,(5,3,5),(0.,0.423911080615,1.),
  .UNSPECIFIED.);
#970 = CARTESIAN_POINT('',(-4.6630859375,-24.09643554687));
#971 = CARTESIAN_POINT('',(-4.674980197007,-24.12746404993));
#972 = CARTESIAN_POINT('',(-4.685058796637,-24.1588838556));
#973 = CARTESIAN_POINT('',(-4.693309799258,-24.19068334515));
#974 = CARTESIAN_POINT('',(-4.70845606409,-24.26656124607));
#975 = CARTESIAN_POINT('',(-4.713801323262,-24.31094966914));
#976 = CARTESIAN_POINT('',(-4.715759521763,-24.35597960521));
#977 = CARTESIAN_POINT('',(-4.71435546875,-24.40161132812));
#978 = ( GEOMETRIC_REPRESENTATION_CONTEXT(2) 
PARAMETRIC_REPRESENTATION_CONTEXT() REPRESENTATION_CONTEXT('2D SPACE',''
  ) );
#979 = PCURVE('',#980,#987);
#980 = SURFACE_OF_LINEAR_EXTRUSION('',#981,#985);
#981 = B_SPLINE_CURVE_WITH_KNOTS('',2,(#982,#983,#984),.UNSPECIFIED.,.F.
  ,.F.,(3,3),(0.,1.),.PIECEWISE_BEZIER_KNOTS.);
#982 = CARTESIAN_POINT('',(-4.71435546875,-24.40161132812,1.9));
#983 = CARTESIAN_POINT('',(-4.71923828125,-24.24291992187,1.9));
#984 = CARTESIAN_POINT('',(-4.6630859375,-24.09643554687,1.9));
#985 = VECTOR('',#986,1.);
#986 = DIRECTION('',(-0.,-0.,-1.));
#987 = DEFINITIONAL_REPRESENTATION('',(#988),#997);
#988 = B_SPLINE_CURVE_WITH_KNOTS('',4,(#989,#990,#991,#992,#993,#994,
    #995,#996),.UNSPECIFIED.,.F.,.F.,(5,3,5),(0.,0.423911080615,1.),
  .UNSPECIFIED.);
#989 = CARTESIAN_POINT('',(1.,-0.1));
#990 = CARTESIAN_POINT('',(0.894089376214,-0.1));
#991 = CARTESIAN_POINT('',(0.788089443674,-0.1));
#992 = CARTESIAN_POINT('',(0.682044605809,-0.1));
#993 = CARTESIAN_POINT('',(0.431886941482,-0.1));
#994 = CARTESIAN_POINT('',(0.287774079864,-0.1));
#995 = CARTESIAN_POINT('',(0.143775028501,-0.1));
#996 = CARTESIAN_POINT('',(0.,-0.1));
#997 = ( GEOMETRIC_REPRESENTATION_CONTEXT(2) 
PARAMETRIC_REPRESENTATION_CONTEXT() REPRESENTATION_CONTEXT('2D SPACE',''
  ) );
#998 = ORIENTED_EDGE('',*,*,#999,.F.);
#999 = EDGE_CURVE('',#1000,#955,#1002,.T.);
#1000 = VERTEX_POINT('',#1001);
#1001 = CARTESIAN_POINT('',(-4.373779296875,-23.62036132812,2.));
#1002 = SURFACE_CURVE('',#1003,(#1010,#1020),.PCURVE_S1.);
#1003 = B_SPLINE_CURVE_WITH_KNOTS('',5,(#1004,#1005,#1006,#1007,#1008,
    #1009),.UNSPECIFIED.,.F.,.F.,(6,6),(0.,1.),
  .PIECEWISE_BEZIER_KNOTS.);
#1004 = CARTESIAN_POINT('',(-4.373779296875,-23.62036132812,2.));
#1005 = CARTESIAN_POINT('',(-4.451498496873,-23.71190787045,2.));
#1006 = CARTESIAN_POINT('',(-4.519956757925,-23.80544713673,2.));
#1007 = CARTESIAN_POINT('',(-4.578432711521,-23.90085744733,2.));
#1008 = CARTESIAN_POINT('',(-4.626277842232,-23.99794902169,2.));
#1009 = CARTESIAN_POINT('',(-4.6630859375,-24.09643554687,2.));
#1010 = PCURVE('',#73,#1011);
#1011 = DEFINITIONAL_REPRESENTATION('',(#1012),#1019);
#1012 = B_SPLINE_CURVE_WITH_KNOTS('',5,(#1013,#1014,#1015,#1016,#1017,
    #1018),.UNSPECIFIED.,.F.,.F.,(6,6),(0.,1.),
  .PIECEWISE_BEZIER_KNOTS.);
#1013 = CARTESIAN_POINT('',(-4.373779296875,-23.62036132812));
#1014 = CARTESIAN_POINT('',(-4.451498496873,-23.71190787045));
#1015 = CARTESIAN_POINT('',(-4.519956757925,-23.80544713673));
#1016 = CARTESIAN_POINT('',(-4.578432711521,-23.90085744733));
#1017 = CARTESIAN_POINT('',(-4.626277842232,-23.99794902169));
#1018 = CARTESIAN_POINT('',(-4.6630859375,-24.09643554687));
#1019 = ( GEOMETRIC_REPRESENTATION_CONTEXT(2) 
PARAMETRIC_REPRESENTATION_CONTEXT() REPRESENTATION_CONTEXT('2D SPACE',''
  ) );
#1020 = PCURVE('',#1021,#1028);
#1021 = SURFACE_OF_LINEAR_EXTRUSION('',#1022,#1026);
#1022 = B_SPLINE_CURVE_WITH_KNOTS('',2,(#1023,#1024,#1025),
  .UNSPECIFIED.,.F.,.F.,(3,3),(0.,1.),.PIECEWISE_BEZIER_KNOTS.);
#1023 = CARTESIAN_POINT('',(-4.6630859375,-24.09643554687,1.9));
#1024 = CARTESIAN_POINT('',(-4.57275390625,-23.85473632812,1.9));
#1025 = CARTESIAN_POINT('',(-4.373779296875,-23.62036132812,1.9));
#1026 = VECTOR('',#1027,1.);
#1027 = DIRECTION('',(-0.,-0.,-1.));
#1028 = DEFINITIONAL_REPRESENTATION('',(#1029),#1036);
#1029 = B_SPLINE_CURVE_WITH_KNOTS('',5,(#1030,#1031,#1032,#1033,#1034,
    #1035),.UNSPECIFIED.,.F.,.F.,(6,6),(0.,1.),
  .PIECEWISE_BEZIER_KNOTS.);
#1030 = CARTESIAN_POINT('',(1.,-0.1));
#1031 = CARTESIAN_POINT('',(0.804700709697,-0.1));
#1032 = CARTESIAN_POINT('',(0.606640217553,-0.1));
#1033 = CARTESIAN_POINT('',(0.406162185316,-0.1));
#1034 = CARTESIAN_POINT('',(0.203737781377,-0.1));
#1035 = CARTESIAN_POINT('',(0.,-0.1));
#1036 = ( GEOMETRIC_REPRESENTATION_CONTEXT(2) 
PARAMETRIC_REPRESENTATION_CONTEXT() REPRESENTATION_CONTEXT('2D SPACE',''
  ) );
#1037 = ORIENTED_EDGE('',*,*,#1038,.F.);
#1038 = EDGE_CURVE('',#1039,#1000,#1041,.T.);
#1039 = VERTEX_POINT('',#1040);
#1040 = CARTESIAN_POINT('',(-3.798828125,-23.07836914062,2.));
#1041 = SURFACE_CURVE('',#1042,(#1050,#1061),.PCURVE_S1.);
#1042 = B_SPLINE_CURVE_WITH_KNOTS('',6,(#1043,#1044,#1045,#1046,#1047,
    #1048,#1049),.UNSPECIFIED.,.F.,.F.,(7,7),(0.,1.),
  .PIECEWISE_BEZIER_KNOTS.);
#1043 = CARTESIAN_POINT('',(-3.798828125,-23.07836914062,2.));
#1044 = CARTESIAN_POINT('',(-3.913682557626,-23.17234094913,2.));
#1045 = CARTESIAN_POINT('',(-4.022458258796,-23.26534689985,2.));
#1046 = CARTESIAN_POINT('',(-4.124254048825,-23.35715183503,2.));
#1047 = CARTESIAN_POINT('',(-4.21782266205,-23.4473410972,2.));
#1048 = CARTESIAN_POINT('',(-4.301585455747,-23.53532318397,2.));
#1049 = CARTESIAN_POINT('',(-4.373779296875,-23.62036132812,2.));
#1050 = PCURVE('',#73,#1051);
#1051 = DEFINITIONAL_REPRESENTATION('',(#1052),#1060);
#1052 = B_SPLINE_CURVE_WITH_KNOTS('',6,(#1053,#1054,#1055,#1056,#1057,
    #1058,#1059),.UNSPECIFIED.,.F.,.F.,(7,7),(0.,1.),
  .PIECEWISE_BEZIER_KNOTS.);
#1053 = CARTESIAN_POINT('',(-3.798828125,-23.07836914062));
#1054 = CARTESIAN_POINT('',(-3.913682557626,-23.17234094913));
#1055 = CARTESIAN_POINT('',(-4.022458258796,-23.26534689985));
#1056 = CARTESIAN_POINT('',(-4.124254048825,-23.35715183503));
#1057 = CARTESIAN_POINT('',(-4.21782266205,-23.4473410972));
#1058 = CARTESIAN_POINT('',(-4.301585455747,-23.53532318397));
#1059 = CARTESIAN_POINT('',(-4.373779296875,-23.62036132812));
#1060 = ( GEOMETRIC_REPRESENTATION_CONTEXT(2) 
PARAMETRIC_REPRESENTATION_CONTEXT() REPRESENTATION_CONTEXT('2D SPACE',''
  ) );
#1061 = PCURVE('',#1062,#1069);
#1062 = SURFACE_OF_LINEAR_EXTRUSION('',#1063,#1067);
#1063 = B_SPLINE_CURVE_WITH_KNOTS('',2,(#1064,#1065,#1066),
  .UNSPECIFIED.,.F.,.F.,(3,3),(0.,1.),.PIECEWISE_BEZIER_KNOTS.);
#1064 = CARTESIAN_POINT('',(-4.373779296875,-23.62036132812,1.9));
#1065 = CARTESIAN_POINT('',(-4.1748046875,-23.38598632812,1.9));
#1066 = CARTESIAN_POINT('',(-3.798828125,-23.07836914062,1.9));
#1067 = VECTOR('',#1068,1.);
#1068 = DIRECTION('',(-0.,-0.,-1.));
#1069 = DEFINITIONAL_REPRESENTATION('',(#1070),#1078);
#1070 = B_SPLINE_CURVE_WITH_KNOTS('',6,(#1071,#1072,#1073,#1074,#1075,
    #1076,#1077),.UNSPECIFIED.,.F.,.F.,(7,7),(0.,1.),
  .PIECEWISE_BEZIER_KNOTS.);
#1071 = CARTESIAN_POINT('',(1.,-0.1));
#1072 = CARTESIAN_POINT('',(0.847258520768,-0.1));
#1073 = CARTESIAN_POINT('',(0.689421433656,-0.1));
#1074 = CARTESIAN_POINT('',(0.526035754006,-0.1));
#1075 = CARTESIAN_POINT('',(0.356767845911,-1.E-01));
#1076 = CARTESIAN_POINT('',(0.181414707522,-0.1));
#1077 = CARTESIAN_POINT('',(0.,-0.1));
#1078 = ( GEOMETRIC_REPRESENTATION_CONTEXT(2) 
PARAMETRIC_REPRESENTATION_CONTEXT() REPRESENTATION_CONTEXT('2D SPACE',''
  ) );
#1079 = ORIENTED_EDGE('',*,*,#1080,.F.);
#1080 = EDGE_CURVE('',#1081,#1039,#1083,.T.);
#1081 = VERTEX_POINT('',#1082);
#1082 = CARTESIAN_POINT('',(-3.01025390625,-22.3203125,2.));
#1083 = SURFACE_CURVE('',#1084,(#1094,#1107),.PCURVE_S1.);
#1084 = B_SPLINE_CURVE_WITH_KNOTS('',8,(#1085,#1086,#1087,#1088,#1089,
    #1090,#1091,#1092,#1093),.UNSPECIFIED.,.F.,.F.,(9,9),(0.,1.),
  .PIECEWISE_BEZIER_KNOTS.);
#1085 = CARTESIAN_POINT('',(-3.01025390625,-22.3203125,2.));
#1086 = CARTESIAN_POINT('',(-3.073208390154,-22.40612545722,2.));
#1087 = CARTESIAN_POINT('',(-3.152322732615,-22.49690451378,2.));
#1088 = CARTESIAN_POINT('',(-3.243379995872,-22.59089804628,2.));
#1089 = CARTESIAN_POINT('',(-3.34340944884,-22.68685299929,2.));
#1090 = CARTESIAN_POINT('',(-3.450146476554,-22.7838890308,2.));
#1091 = CARTESIAN_POINT('',(-3.562093954105,-22.88151605943,2.));
#1092 = CARTESIAN_POINT('',(-3.678390021736,-22.97959981744,2.));
#1093 = CARTESIAN_POINT('',(-3.798828125,-23.07836914062,2.));
#1094 = PCURVE('',#73,#1095);
#1095 = DEFINITIONAL_REPRESENTATION('',(#1096),#1106);
#1096 = B_SPLINE_CURVE_WITH_KNOTS('',8,(#1097,#1098,#1099,#1100,#1101,
    #1102,#1103,#1104,#1105),.UNSPECIFIED.,.F.,.F.,(9,9),(0.,1.),
  .PIECEWISE_BEZIER_KNOTS.);
#1097 = CARTESIAN_POINT('',(-3.01025390625,-22.3203125));
#1098 = CARTESIAN_POINT('',(-3.073208390154,-22.40612545722));
#1099 = CARTESIAN_POINT('',(-3.152322732615,-22.49690451378));
#1100 = CARTESIAN_POINT('',(-3.243379995872,-22.59089804628));
#1101 = CARTESIAN_POINT('',(-3.34340944884,-22.68685299929));
#1102 = CARTESIAN_POINT('',(-3.450146476554,-22.7838890308));
#1103 = CARTESIAN_POINT('',(-3.562093954105,-22.88151605943));
#1104 = CARTESIAN_POINT('',(-3.678390021736,-22.97959981744));
#1105 = CARTESIAN_POINT('',(-3.798828125,-23.07836914062));
#1106 = ( GEOMETRIC_REPRESENTATION_CONTEXT(2) 
PARAMETRIC_REPRESENTATION_CONTEXT() REPRESENTATION_CONTEXT('2D SPACE',''
  ) );
#1107 = PCURVE('',#1108,#1115);
#1108 = SURFACE_OF_LINEAR_EXTRUSION('',#1109,#1113);
#1109 = B_SPLINE_CURVE_WITH_KNOTS('',2,(#1110,#1111,#1112),
  .UNSPECIFIED.,.F.,.F.,(3,3),(0.,1.),.PIECEWISE_BEZIER_KNOTS.);
#1110 = CARTESIAN_POINT('',(-3.798828125,-23.07836914062,1.9));
#1111 = CARTESIAN_POINT('',(-3.21533203125,-22.59985351562,1.9));
#1112 = CARTESIAN_POINT('',(-3.01025390625,-22.3203125,1.9));
#1113 = VECTOR('',#1114,1.);
#1114 = DIRECTION('',(-0.,-0.,-1.));
#1115 = DEFINITIONAL_REPRESENTATION('',(#1116),#1126);
#1116 = B_SPLINE_CURVE_WITH_KNOTS('',8,(#1117,#1118,#1119,#1120,#1121,
    #1122,#1123,#1124,#1125),.UNSPECIFIED.,.F.,.F.,(9,9),(0.,1.),
  .PIECEWISE_BEZIER_KNOTS.);
#1117 = CARTESIAN_POINT('',(1.,-0.1));
#1118 = CARTESIAN_POINT('',(0.846510972576,-0.1));
#1119 = CARTESIAN_POINT('',(0.703303426976,-0.1));
#1120 = CARTESIAN_POINT('',(0.569021382914,-0.1));
#1121 = CARTESIAN_POINT('',(0.442765140845,-1.E-01));
#1122 = CARTESIAN_POINT('',(0.323630828373,-0.1));
#1123 = CARTESIAN_POINT('',(0.210753273968,-1.E-01));
#1124 = CARTESIAN_POINT('',(0.10320386422,-0.1));
#1125 = CARTESIAN_POINT('',(0.,-0.1));
#1126 = ( GEOMETRIC_REPRESENTATION_CONTEXT(2) 
PARAMETRIC_REPRESENTATION_CONTEXT() REPRESENTATION_CONTEXT('2D SPACE',''
  ) );
#1127 = ORIENTED_EDGE('',*,*,#1128,.F.);
#1128 = EDGE_CURVE('',#1129,#1081,#1131,.T.);
#1129 = VERTEX_POINT('',#1130);
#1130 = CARTESIAN_POINT('',(-2.80517578125,-21.79174804687,2.));
#1131 = SURFACE_CURVE('',#1132,(#1143,#1157),.PCURVE_S1.);
#1132 = B_SPLINE_CURVE_WITH_KNOTS('',5,(#1133,#1134,#1135,#1136,#1137,
    #1138,#1139,#1140,#1141,#1142),.UNSPECIFIED.,.F.,.F.,(6,4,6),(0.,
    0.441469199033,1.),.UNSPECIFIED.);
#1133 = CARTESIAN_POINT('',(-2.80517578125,-21.79174804687,2.));
#1134 = CARTESIAN_POINT('',(-2.80517578125,-21.83722686156,2.));
#1135 = CARTESIAN_POINT('',(-2.809450800228,-21.88321643921,2.));
#1136 = CARTESIAN_POINT('',(-2.817953636154,-21.92959941957,2.));
#1137 = CARTESIAN_POINT('',(-2.830554577994,-21.97626269492,2.));
#1138 = CARTESIAN_POINT('',(-2.867973914479,-22.08235707894,2.));
#1139 = CARTESIAN_POINT('',(-2.89514690709,-22.1418949677,2.));
#1140 = CARTESIAN_POINT('',(-2.928230499679,-22.20150358158,2.));
#1141 = CARTESIAN_POINT('',(-2.966753022931,-22.26101665309,2.));
#1142 = CARTESIAN_POINT('',(-3.01025390625,-22.3203125,2.));
#1143 = PCURVE('',#73,#1144);
#1144 = DEFINITIONAL_REPRESENTATION('',(#1145),#1156);
#1145 = B_SPLINE_CURVE_WITH_KNOTS('',5,(#1146,#1147,#1148,#1149,#1150,
    #1151,#1152,#1153,#1154,#1155),.UNSPECIFIED.,.F.,.F.,(6,4,6),(0.,
    0.441469199033,1.),.UNSPECIFIED.);
#1146 = CARTESIAN_POINT('',(-2.80517578125,-21.79174804687));
#1147 = CARTESIAN_POINT('',(-2.80517578125,-21.83722686156));
#1148 = CARTESIAN_POINT('',(-2.809450800228,-21.88321643921));
#1149 = CARTESIAN_POINT('',(-2.817953636154,-21.92959941957));
#1150 = CARTESIAN_POINT('',(-2.830554577994,-21.97626269492));
#1151 = CARTESIAN_POINT('',(-2.867973914479,-22.08235707894));
#1152 = CARTESIAN_POINT('',(-2.89514690709,-22.1418949677));
#1153 = CARTESIAN_POINT('',(-2.928230499679,-22.20150358158));
#1154 = CARTESIAN_POINT('',(-2.966753022931,-22.26101665309));
#1155 = CARTESIAN_POINT('',(-3.01025390625,-22.3203125));
#1156 = ( GEOMETRIC_REPRESENTATION_CONTEXT(2) 
PARAMETRIC_REPRESENTATION_CONTEXT() REPRESENTATION_CONTEXT('2D SPACE',''
  ) );
#1157 = PCURVE('',#1158,#1165);
#1158 = SURFACE_OF_LINEAR_EXTRUSION('',#1159,#1163);
#1159 = B_SPLINE_CURVE_WITH_KNOTS('',2,(#1160,#1161,#1162),
  .UNSPECIFIED.,.F.,.F.,(3,3),(0.,1.),.PIECEWISE_BEZIER_KNOTS.);
#1160 = CARTESIAN_POINT('',(-3.01025390625,-22.3203125,1.9));
#1161 = CARTESIAN_POINT('',(-2.80517578125,-22.04077148437,1.9));
#1162 = CARTESIAN_POINT('',(-2.80517578125,-21.79174804687,1.9));
#1163 = VECTOR('',#1164,1.);
#1164 = DIRECTION('',(-0.,-0.,-1.));
#1165 = DEFINITIONAL_REPRESENTATION('',(#1166),#1177);
#1166 = B_SPLINE_CURVE_WITH_KNOTS('',5,(#1167,#1168,#1169,#1170,#1171,
    #1172,#1173,#1174,#1175,#1176),.UNSPECIFIED.,.F.,.F.,(6,4,6),(0.,
    0.441469199033,1.),.UNSPECIFIED.);
#1167 = CARTESIAN_POINT('',(1.,-0.1));
#1168 = CARTESIAN_POINT('',(0.908685674041,-0.1));
#1169 = CARTESIAN_POINT('',(0.817623132751,-0.1));
#1170 = CARTESIAN_POINT('',(0.727033913834,-0.1));
#1171 = CARTESIAN_POINT('',(0.637106363961,-0.1));
#1172 = CARTESIAN_POINT('',(0.435265863748,-0.1));
#1173 = CARTESIAN_POINT('',(0.323842037081,-0.1));
#1174 = CARTESIAN_POINT('',(0.214042211072,-0.1));
#1175 = CARTESIAN_POINT('',(0.106059296473,-0.1));
#1176 = CARTESIAN_POINT('',(0.,-0.1));
#1177 = ( GEOMETRIC_REPRESENTATION_CONTEXT(2) 
PARAMETRIC_REPRESENTATION_CONTEXT() REPRESENTATION_CONTEXT('2D SPACE',''
  ) );
#1178 = ORIENTED_EDGE('',*,*,#1179,.F.);
#1179 = EDGE_CURVE('',#1180,#1129,#1182,.T.);
#1180 = VERTEX_POINT('',#1181);
#1181 = CARTESIAN_POINT('',(-2.991943359375,-21.35107421875,2.));
#1182 = SURFACE_CURVE('',#1183,(#1194,#1208),.PCURVE_S1.);
#1183 = B_SPLINE_CURVE_WITH_KNOTS('',5,(#1184,#1185,#1186,#1187,#1188,
    #1189,#1190,#1191,#1192,#1193),.UNSPECIFIED.,.F.,.F.,(6,4,6),(0.,
    0.485846062669,1.),.UNSPECIFIED.);
#1184 = CARTESIAN_POINT('',(-2.991943359375,-21.35107421875,2.));
#1185 = CARTESIAN_POINT('',(-2.956013275142,-21.38559528007,2.));
#1186 = CARTESIAN_POINT('',(-2.92412656365,-21.42227402637,2.));
#1187 = CARTESIAN_POINT('',(-2.896499759554,-21.46108866316,2.));
#1188 = CARTESIAN_POINT('',(-2.87327996419,-21.5019744123,2.));
#1189 = CARTESIAN_POINT('',(-2.834664984444,-21.59014336773,2.));
#1190 = CARTESIAN_POINT('',(-2.81980290032,-21.63766423758,2.));
#1191 = CARTESIAN_POINT('',(-2.809996337372,-21.68723117473,2.));
#1192 = CARTESIAN_POINT('',(-2.80517578125,-21.73866177485,2.));
#1193 = CARTESIAN_POINT('',(-2.80517578125,-21.79174804687,2.));
#1194 = PCURVE('',#73,#1195);
#1195 = DEFINITIONAL_REPRESENTATION('',(#1196),#1207);
#1196 = B_SPLINE_CURVE_WITH_KNOTS('',5,(#1197,#1198,#1199,#1200,#1201,
    #1202,#1203,#1204,#1205,#1206),.UNSPECIFIED.,.F.,.F.,(6,4,6),(0.,
    0.485846062669,1.),.UNSPECIFIED.);
#1197 = CARTESIAN_POINT('',(-2.991943359375,-21.35107421875));
#1198 = CARTESIAN_POINT('',(-2.956013275142,-21.38559528007));
#1199 = CARTESIAN_POINT('',(-2.92412656365,-21.42227402637));
#1200 = CARTESIAN_POINT('',(-2.896499759554,-21.46108866316));
#1201 = CARTESIAN_POINT('',(-2.87327996419,-21.5019744123));
#1202 = CARTESIAN_POINT('',(-2.834664984444,-21.59014336773));
#1203 = CARTESIAN_POINT('',(-2.81980290032,-21.63766423758));
#1204 = CARTESIAN_POINT('',(-2.809996337372,-21.68723117473));
#1205 = CARTESIAN_POINT('',(-2.80517578125,-21.73866177485));
#1206 = CARTESIAN_POINT('',(-2.80517578125,-21.79174804687));
#1207 = ( GEOMETRIC_REPRESENTATION_CONTEXT(2) 
PARAMETRIC_REPRESENTATION_CONTEXT() REPRESENTATION_CONTEXT('2D SPACE',''
  ) );
#1208 = PCURVE('',#1209,#1216);
#1209 = SURFACE_OF_LINEAR_EXTRUSION('',#1210,#1214);
#1210 = B_SPLINE_CURVE_WITH_KNOTS('',2,(#1211,#1212,#1213),
  .UNSPECIFIED.,.F.,.F.,(3,3),(0.,1.),.PIECEWISE_BEZIER_KNOTS.);
#1211 = CARTESIAN_POINT('',(-2.80517578125,-21.79174804687,1.9));
#1212 = CARTESIAN_POINT('',(-2.80517578125,-21.53051757812,1.9));
#1213 = CARTESIAN_POINT('',(-2.991943359375,-21.35107421875,1.9));
#1214 = VECTOR('',#1215,1.);
#1215 = DIRECTION('',(-0.,-0.,-1.));
#1216 = DEFINITIONAL_REPRESENTATION('',(#1217),#1228);
#1217 = B_SPLINE_CURVE_WITH_KNOTS('',5,(#1218,#1219,#1220,#1221,#1222,
    #1223,#1224,#1225,#1226,#1227),.UNSPECIFIED.,.F.,.F.,(6,4,6),(0.,
    0.485846062669,1.),.UNSPECIFIED.);
#1218 = CARTESIAN_POINT('',(1.,-0.1));
#1219 = CARTESIAN_POINT('',(0.903810702602,-0.1));
#1220 = CARTESIAN_POINT('',(0.806880569519,-0.1));
#1221 = CARTESIAN_POINT('',(0.709432807625,-0.1));
#1222 = CARTESIAN_POINT('',(0.611714698663,-0.1));
#1223 = CARTESIAN_POINT('',(0.410591943595,-0.1));
#1224 = CARTESIAN_POINT('',(0.307179231014,-0.1));
#1225 = CARTESIAN_POINT('',(0.204087668508,-0.1));
#1226 = CARTESIAN_POINT('',(0.10160811692,-0.1));
#1227 = CARTESIAN_POINT('',(0.,-0.1));
#1228 = ( GEOMETRIC_REPRESENTATION_CONTEXT(2) 
PARAMETRIC_REPRESENTATION_CONTEXT() REPRESENTATION_CONTEXT('2D SPACE',''
  ) );
#1229 = ORIENTED_EDGE('',*,*,#1230,.F.);
#1230 = EDGE_CURVE('',#1231,#1180,#1233,.T.);
#1231 = VERTEX_POINT('',#1232);
#1232 = CARTESIAN_POINT('',(-3.47900390625,-21.17163085937,2.));
#1233 = SURFACE_CURVE('',#1234,(#1245,#1259),.PCURVE_S1.);
#1234 = B_SPLINE_CURVE_WITH_KNOTS('',5,(#1235,#1236,#1237,#1238,#1239,
    #1240,#1241,#1242,#1243,#1244),.UNSPECIFIED.,.F.,.F.,(6,4,6),(0.,
    0.758199815233,1.),.UNSPECIFIED.);
#1235 = CARTESIAN_POINT('',(-3.47900390625,-21.17163085937,2.));
#1236 = CARTESIAN_POINT('',(-3.39053025362,-21.17163085937,2.));
#1237 = CARTESIAN_POINT('',(-3.306561535104,-21.18136622508,2.));
#1238 = CARTESIAN_POINT('',(-3.227978425247,-21.20156389587,2.));
#1239 = CARTESIAN_POINT('',(-3.155573431451,-21.23261328272,2.));
#1240 = CARTESIAN_POINT('',(-3.06888303009,-21.28744832179,2.));
#1241 = CARTESIAN_POINT('',(-3.048599018609,-21.30177888313,2.));
#1242 = CARTESIAN_POINT('',(-3.029007829254,-21.31717123813,2.));
#1243 = CARTESIAN_POINT('',(-3.010120366223,-21.3336100357,2.));
#1244 = CARTESIAN_POINT('',(-2.991943359375,-21.35107421875,2.));
#1245 = PCURVE('',#73,#1246);
#1246 = DEFINITIONAL_REPRESENTATION('',(#1247),#1258);
#1247 = B_SPLINE_CURVE_WITH_KNOTS('',5,(#1248,#1249,#1250,#1251,#1252,
    #1253,#1254,#1255,#1256,#1257),.UNSPECIFIED.,.F.,.F.,(6,4,6),(0.,
    0.758199815233,1.),.UNSPECIFIED.);
#1248 = CARTESIAN_POINT('',(-3.47900390625,-21.17163085937));
#1249 = CARTESIAN_POINT('',(-3.39053025362,-21.17163085937));
#1250 = CARTESIAN_POINT('',(-3.306561535104,-21.18136622508));
#1251 = CARTESIAN_POINT('',(-3.227978425247,-21.20156389587));
#1252 = CARTESIAN_POINT('',(-3.155573431451,-21.23261328272));
#1253 = CARTESIAN_POINT('',(-3.06888303009,-21.28744832179));
#1254 = CARTESIAN_POINT('',(-3.048599018609,-21.30177888313));
#1255 = CARTESIAN_POINT('',(-3.029007829254,-21.31717123813));
#1256 = CARTESIAN_POINT('',(-3.010120366223,-21.3336100357));
#1257 = CARTESIAN_POINT('',(-2.991943359375,-21.35107421875));
#1258 = ( GEOMETRIC_REPRESENTATION_CONTEXT(2) 
PARAMETRIC_REPRESENTATION_CONTEXT() REPRESENTATION_CONTEXT('2D SPACE',''
  ) );
#1259 = PCURVE('',#1260,#1267);
#1260 = SURFACE_OF_LINEAR_EXTRUSION('',#1261,#1265);
#1261 = B_SPLINE_CURVE_WITH_KNOTS('',2,(#1262,#1263,#1264),
  .UNSPECIFIED.,.F.,.F.,(3,3),(0.,1.),.PIECEWISE_BEZIER_KNOTS.);
#1262 = CARTESIAN_POINT('',(-2.991943359375,-21.35107421875,1.9));
#1263 = CARTESIAN_POINT('',(-3.1787109375,-21.17163085937,1.9));
#1264 = CARTESIAN_POINT('',(-3.47900390625,-21.17163085937,1.9));
#1265 = VECTOR('',#1266,1.);
#1266 = DIRECTION('',(-0.,-0.,-1.));
#1267 = DEFINITIONAL_REPRESENTATION('',(#1268),#1279);
#1268 = B_SPLINE_CURVE_WITH_KNOTS('',5,(#1269,#1270,#1271,#1272,#1273,
    #1274,#1275,#1276,#1277,#1278),.UNSPECIFIED.,.F.,.F.,(6,4,6),(0.,
    0.758199815233,1.),.UNSPECIFIED.);
#1269 = CARTESIAN_POINT('',(1.,-0.1));
#1270 = CARTESIAN_POINT('',(0.852687771881,-0.1));
#1271 = CARTESIAN_POINT('',(0.702621275467,-0.1));
#1272 = CARTESIAN_POINT('',(0.550501116793,-0.1));
#1273 = CARTESIAN_POINT('',(0.397236650059,-0.1));
#1274 = CARTESIAN_POINT('',(0.195130757944,-0.1));
#1275 = CARTESIAN_POINT('',(0.146261340348,-0.1));
#1276 = CARTESIAN_POINT('',(9.742701367947E-02,-0.1));
#1277 = CARTESIAN_POINT('',(4.866210460767E-02,-0.1));
#1278 = CARTESIAN_POINT('',(0.,-0.1));
#1279 = ( GEOMETRIC_REPRESENTATION_CONTEXT(2) 
PARAMETRIC_REPRESENTATION_CONTEXT() REPRESENTATION_CONTEXT('2D SPACE',''
  ) );
#1280 = ORIENTED_EDGE('',*,*,#1281,.F.);
#1281 = EDGE_CURVE('',#1282,#1231,#1284,.T.);
#1282 = VERTEX_POINT('',#1283);
#1283 = CARTESIAN_POINT('',(-3.98681640625,-21.36206054687,2.));
#1284 = SURFACE_CURVE('',#1285,(#1296,#1310),.PCURVE_S1.);
#1285 = B_SPLINE_CURVE_WITH_KNOTS('',5,(#1286,#1287,#1288,#1289,#1290,
    #1291,#1292,#1293,#1294,#1295),.UNSPECIFIED.,.F.,.F.,(6,4,6),(0.,
    0.227478441791,1.),.UNSPECIFIED.);
#1286 = CARTESIAN_POINT('',(-3.98681640625,-21.36206054687,2.));
#1287 = CARTESIAN_POINT('',(-3.969347398614,-21.34459153923,2.));
#1288 = CARTESIAN_POINT('',(-3.951173101428,-21.32808648789,2.));
#1289 = CARTESIAN_POINT('',(-3.932299857823,-21.31256626411,2.));
#1290 = CARTESIAN_POINT('',(-3.91273821609,-21.29804630652,2.));
#1291 = CARTESIAN_POINT('',(-3.82378347276,-21.23865744609,2.));
#1292 = CARTESIAN_POINT('',(-3.747277809417,-21.20441827385,2.));
#1293 = CARTESIAN_POINT('',(-3.663611399818,-21.18225237613,2.));
#1294 = CARTESIAN_POINT('',(-3.573815536707,-21.17163085937,2.));
#1295 = CARTESIAN_POINT('',(-3.47900390625,-21.17163085937,2.));
#1296 = PCURVE('',#73,#1297);
#1297 = DEFINITIONAL_REPRESENTATION('',(#1298),#1309);
#1298 = B_SPLINE_CURVE_WITH_KNOTS('',5,(#1299,#1300,#1301,#1302,#1303,
    #1304,#1305,#1306,#1307,#1308),.UNSPECIFIED.,.F.,.F.,(6,4,6),(0.,
    0.227478441791,1.),.UNSPECIFIED.);
#1299 = CARTESIAN_POINT('',(-3.98681640625,-21.36206054687));
#1300 = CARTESIAN_POINT('',(-3.969347398614,-21.34459153923));
#1301 = CARTESIAN_POINT('',(-3.951173101428,-21.32808648789));
#1302 = CARTESIAN_POINT('',(-3.932299857823,-21.31256626411));
#1303 = CARTESIAN_POINT('',(-3.91273821609,-21.29804630652));
#1304 = CARTESIAN_POINT('',(-3.82378347276,-21.23865744609));
#1305 = CARTESIAN_POINT('',(-3.747277809417,-21.20441827385));
#1306 = CARTESIAN_POINT('',(-3.663611399818,-21.18225237613));
#1307 = CARTESIAN_POINT('',(-3.573815536707,-21.17163085937));
#1308 = CARTESIAN_POINT('',(-3.47900390625,-21.17163085937));
#1309 = ( GEOMETRIC_REPRESENTATION_CONTEXT(2) 
PARAMETRIC_REPRESENTATION_CONTEXT() REPRESENTATION_CONTEXT('2D SPACE',''
  ) );
#1310 = PCURVE('',#1311,#1318);
#1311 = SURFACE_OF_LINEAR_EXTRUSION('',#1312,#1316);
#1312 = B_SPLINE_CURVE_WITH_KNOTS('',2,(#1313,#1314,#1315),
  .UNSPECIFIED.,.F.,.F.,(3,3),(0.,1.),.PIECEWISE_BEZIER_KNOTS.);
#1313 = CARTESIAN_POINT('',(-3.47900390625,-21.17163085937,1.9));
#1314 = CARTESIAN_POINT('',(-3.79638671875,-21.17163085937,1.9));
#1315 = CARTESIAN_POINT('',(-3.98681640625,-21.36206054687,1.9));
#1316 = VECTOR('',#1317,1.);
#1317 = DIRECTION('',(-0.,-0.,-1.));
#1318 = DEFINITIONAL_REPRESENTATION('',(#1319),#1330);
#1319 = B_SPLINE_CURVE_WITH_KNOTS('',5,(#1320,#1321,#1322,#1323,#1324,
    #1325,#1326,#1327,#1328,#1329),.UNSPECIFIED.,.F.,.F.,(6,4,6),(0.,
    0.227478441791,1.),.UNSPECIFIED.);
#1320 = CARTESIAN_POINT('',(1.,-0.1));
#1321 = CARTESIAN_POINT('',(0.954132656873,-0.1));
#1322 = CARTESIAN_POINT('',(0.908166612716,-0.1));
#1323 = CARTESIAN_POINT('',(0.862133780585,-0.1));
#1324 = CARTESIAN_POINT('',(0.816066992611,-0.1));
#1325 = CARTESIAN_POINT('',(0.613555527137,-0.1));
#1326 = CARTESIAN_POINT('',(0.457069771997,-0.1));
#1327 = CARTESIAN_POINT('',(0.301983121315,-0.1));
#1328 = CARTESIAN_POINT('',(0.149364783982,-0.1));
#1329 = CARTESIAN_POINT('',(0.,-0.1));
#1330 = ( GEOMETRIC_REPRESENTATION_CONTEXT(2) 
PARAMETRIC_REPRESENTATION_CONTEXT() REPRESENTATION_CONTEXT('2D SPACE',''
  ) );
#1331 = ORIENTED_EDGE('',*,*,#1332,.F.);
#1332 = EDGE_CURVE('',#1333,#1282,#1335,.T.);
#1333 = VERTEX_POINT('',#1334);
#1334 = CARTESIAN_POINT('',(-4.1796875,-21.88940429687,2.));
#1335 = SURFACE_CURVE('',#1336,(#1349,#1365),.PCURVE_S1.);
#1336 = B_SPLINE_CURVE_WITH_KNOTS('',6,(#1337,#1338,#1339,#1340,#1341,
    #1342,#1343,#1344,#1345,#1346,#1347,#1348),.UNSPECIFIED.,.F.,.F.,(7,
    5,7),(0.,0.862461154721,1.),.UNSPECIFIED.);
#1337 = CARTESIAN_POINT('',(-4.1796875,-21.88940429687,2.));
#1338 = CARTESIAN_POINT('',(-4.179015392969,-21.79665352655,2.));
#1339 = CARTESIAN_POINT('',(-4.169779697449,-21.70846076587,2.));
#1340 = CARTESIAN_POINT('',(-4.15125643448,-21.62572526017,2.));
#1341 = CARTESIAN_POINT('',(-4.122897852453,-21.54932692163,2.));
#1342 = CARTESIAN_POINT('',(-4.084503478612,-21.48001385326,2.));
#1343 = CARTESIAN_POINT('',(-4.028789282197,-21.40840262787,2.));
#1344 = CARTESIAN_POINT('',(-4.020880463745,-21.39874488147,2.));
#1345 = CARTESIAN_POINT('',(-4.012727026305,-21.38928043085,2.));
#1346 = CARTESIAN_POINT('',(-4.004330574699,-21.3800107612,2.));
#1347 = CARTESIAN_POINT('',(-3.995692985342,-21.37093712596,2.));
#1348 = CARTESIAN_POINT('',(-3.98681640625,-21.36206054687,2.));
#1349 = PCURVE('',#73,#1350);
#1350 = DEFINITIONAL_REPRESENTATION('',(#1351),#1364);
#1351 = B_SPLINE_CURVE_WITH_KNOTS('',6,(#1352,#1353,#1354,#1355,#1356,
    #1357,#1358,#1359,#1360,#1361,#1362,#1363),.UNSPECIFIED.,.F.,.F.,(7,
    5,7),(0.,0.862461154721,1.),.UNSPECIFIED.);
#1352 = CARTESIAN_POINT('',(-4.1796875,-21.88940429687));
#1353 = CARTESIAN_POINT('',(-4.179015392969,-21.79665352655));
#1354 = CARTESIAN_POINT('',(-4.169779697449,-21.70846076587));
#1355 = CARTESIAN_POINT('',(-4.15125643448,-21.62572526017));
#1356 = CARTESIAN_POINT('',(-4.122897852453,-21.54932692163));
#1357 = CARTESIAN_POINT('',(-4.084503478612,-21.48001385326));
#1358 = CARTESIAN_POINT('',(-4.028789282197,-21.40840262787));
#1359 = CARTESIAN_POINT('',(-4.020880463745,-21.39874488147));
#1360 = CARTESIAN_POINT('',(-4.012727026305,-21.38928043085));
#1361 = CARTESIAN_POINT('',(-4.004330574699,-21.3800107612));
#1362 = CARTESIAN_POINT('',(-3.995692985342,-21.37093712596));
#1363 = CARTESIAN_POINT('',(-3.98681640625,-21.36206054687));
#1364 = ( GEOMETRIC_REPRESENTATION_CONTEXT(2) 
PARAMETRIC_REPRESENTATION_CONTEXT() REPRESENTATION_CONTEXT('2D SPACE',''
  ) );
#1365 = PCURVE('',#1366,#1373);
#1366 = SURFACE_OF_LINEAR_EXTRUSION('',#1367,#1371);
#1367 = B_SPLINE_CURVE_WITH_KNOTS('',2,(#1368,#1369,#1370),
  .UNSPECIFIED.,.F.,.F.,(3,3),(0.,1.),.PIECEWISE_BEZIER_KNOTS.);
#1368 = CARTESIAN_POINT('',(-3.98681640625,-21.36206054687,1.9));
#1369 = CARTESIAN_POINT('',(-4.17724609375,-21.55249023437,1.9));
#1370 = CARTESIAN_POINT('',(-4.1796875,-21.88940429687,1.9));
#1371 = VECTOR('',#1372,1.);
#1372 = DIRECTION('',(-0.,-0.,-1.));
#1373 = DEFINITIONAL_REPRESENTATION('',(#1374),#1387);
#1374 = B_SPLINE_CURVE_WITH_KNOTS('',6,(#1375,#1376,#1377,#1378,#1379,
    #1380,#1381,#1382,#1383,#1384,#1385,#1386),.UNSPECIFIED.,.F.,.F.,(7,
    5,7),(0.,0.862461154721,1.),.UNSPECIFIED.);
#1375 = CARTESIAN_POINT('',(1.,-0.1));
#1376 = CARTESIAN_POINT('',(0.862352479994,-0.1));
#1377 = CARTESIAN_POINT('',(0.72158392436,-0.1));
#1378 = CARTESIAN_POINT('',(0.578188857357,-0.1));
#1379 = CARTESIAN_POINT('',(0.432835919368,-0.1));
#1380 = CARTESIAN_POINT('',(0.286398578099,-0.1));
#1381 = CARTESIAN_POINT('',(0.116653451263,-0.1));
#1382 = CARTESIAN_POINT('',(9.330679594415E-02,-0.1));
#1383 = CARTESIAN_POINT('',(6.996410084907E-02,-0.1));
#1384 = CARTESIAN_POINT('',(4.662940311955E-02,-0.1));
#1385 = CARTESIAN_POINT('',(2.330671023247E-02,-0.1));
#1386 = CARTESIAN_POINT('',(0.,-0.1));
#1387 = ( GEOMETRIC_REPRESENTATION_CONTEXT(2) 
PARAMETRIC_REPRESENTATION_CONTEXT() REPRESENTATION_CONTEXT('2D SPACE',''
  ) );
#1388 = ORIENTED_EDGE('',*,*,#1389,.F.);
#1389 = EDGE_CURVE('',#1390,#1333,#1392,.T.);
#1390 = VERTEX_POINT('',#1391);
#1391 = CARTESIAN_POINT('',(-4.63134765625,-21.84301757812,2.));
#1392 = SURFACE_CURVE('',#1393,(#1397,#1404),.PCURVE_S1.);
#1393 = LINE('',#1394,#1395);
#1394 = CARTESIAN_POINT('',(-2.194963932892,-22.09324077133,2.));
#1395 = VECTOR('',#1396,1.);
#1396 = DIRECTION('',(0.994767435445,-0.102165304181,0.));
#1397 = PCURVE('',#73,#1398);
#1398 = DEFINITIONAL_REPRESENTATION('',(#1399),#1403);
#1399 = LINE('',#1400,#1401);
#1400 = CARTESIAN_POINT('',(-2.194963932892,-22.09324077133));
#1401 = VECTOR('',#1402,1.);
#1402 = DIRECTION('',(0.994767435445,-0.102165304181));
#1403 = ( GEOMETRIC_REPRESENTATION_CONTEXT(2) 
PARAMETRIC_REPRESENTATION_CONTEXT() REPRESENTATION_CONTEXT('2D SPACE',''
  ) );
#1404 = PCURVE('',#1405,#1410);
#1405 = PLANE('',#1406);
#1406 = AXIS2_PLACEMENT_3D('',#1407,#1408,#1409);
#1407 = CARTESIAN_POINT('',(-4.1796875,-21.88940429687,1.9));
#1408 = DIRECTION('',(-0.102165304181,-0.994767435445,0.));
#1409 = DIRECTION('',(-0.994767435445,0.102165304181,0.));
#1410 = DEFINITIONAL_REPRESENTATION('',(#1411),#1414);
#1411 = B_SPLINE_CURVE_WITH_KNOTS('',1,(#1412,#1413),.UNSPECIFIED.,.F.,
  .F.,(2,2),(-2.449199316892,-1.995163388335),.PIECEWISE_BEZIER_KNOTS.);
#1412 = CARTESIAN_POINT('',(0.454035928557,-0.1));
#1413 = CARTESIAN_POINT('',(0.,-0.1));
#1414 = ( GEOMETRIC_REPRESENTATION_CONTEXT(2) 
PARAMETRIC_REPRESENTATION_CONTEXT() REPRESENTATION_CONTEXT('2D SPACE',''
  ) );
#1415 = ORIENTED_EDGE('',*,*,#1416,.F.);
#1416 = EDGE_CURVE('',#1417,#1390,#1419,.T.);
#1417 = VERTEX_POINT('',#1418);
#1418 = CARTESIAN_POINT('',(-4.2822265625,-21.07275390625,2.));
#1419 = SURFACE_CURVE('',#1420,(#1433,#1449),.PCURVE_S1.);
#1420 = B_SPLINE_CURVE_WITH_KNOTS('',6,(#1421,#1422,#1423,#1424,#1425,
    #1426,#1427,#1428,#1429,#1430,#1431,#1432),.UNSPECIFIED.,.F.,.F.,(7,
    5,7),(0.,0.108385136257,1.),.UNSPECIFIED.);
#1421 = CARTESIAN_POINT('',(-4.2822265625,-21.07275390625,2.));
#1422 = CARTESIAN_POINT('',(-4.293514352753,-21.08263072272,2.));
#1423 = CARTESIAN_POINT('',(-4.304596842249,-21.09271559909,2.));
#1424 = CARTESIAN_POINT('',(-4.315471324435,-21.10300727133,2.));
#1425 = CARTESIAN_POINT('',(-4.326135344486,-21.11350420763,2.));
#1426 = CARTESIAN_POINT('',(-4.336586699299,-21.1242046084,2.));
#1427 = CARTESIAN_POINT('',(-4.431034504176,-21.22478849126,2.));
#1428 = CARTESIAN_POINT('',(-4.500763520239,-21.32814352669,2.));
#1429 = CARTESIAN_POINT('',(-4.554722164832,-21.44385965599,2.));
#1430 = CARTESIAN_POINT('',(-4.593524117484,-21.56973260945,2.));
#1431 = CARTESIAN_POINT('',(-4.618537904704,-21.70345870601,2.));
#1432 = CARTESIAN_POINT('',(-4.63134765625,-21.84301757812,2.));
#1433 = PCURVE('',#73,#1434);
#1434 = DEFINITIONAL_REPRESENTATION('',(#1435),#1448);
#1435 = B_SPLINE_CURVE_WITH_KNOTS('',6,(#1436,#1437,#1438,#1439,#1440,
    #1441,#1442,#1443,#1444,#1445,#1446,#1447),.UNSPECIFIED.,.F.,.F.,(7,
    5,7),(0.,0.108385136257,1.),.UNSPECIFIED.);
#1436 = CARTESIAN_POINT('',(-4.2822265625,-21.07275390625));
#1437 = CARTESIAN_POINT('',(-4.293514352753,-21.08263072272));
#1438 = CARTESIAN_POINT('',(-4.304596842249,-21.09271559909));
#1439 = CARTESIAN_POINT('',(-4.315471324435,-21.10300727133));
#1440 = CARTESIAN_POINT('',(-4.326135344486,-21.11350420763));
#1441 = CARTESIAN_POINT('',(-4.336586699299,-21.1242046084));
#1442 = CARTESIAN_POINT('',(-4.431034504176,-21.22478849126));
#1443 = CARTESIAN_POINT('',(-4.500763520239,-21.32814352669));
#1444 = CARTESIAN_POINT('',(-4.554722164832,-21.44385965599));
#1445 = CARTESIAN_POINT('',(-4.593524117484,-21.56973260945));
#1446 = CARTESIAN_POINT('',(-4.618537904704,-21.70345870601));
#1447 = CARTESIAN_POINT('',(-4.63134765625,-21.84301757812));
#1448 = ( GEOMETRIC_REPRESENTATION_CONTEXT(2) 
PARAMETRIC_REPRESENTATION_CONTEXT() REPRESENTATION_CONTEXT('2D SPACE',''
  ) );
#1449 = PCURVE('',#1450,#1457);
#1450 = SURFACE_OF_LINEAR_EXTRUSION('',#1451,#1455);
#1451 = B_SPLINE_CURVE_WITH_KNOTS('',2,(#1452,#1453,#1454),
  .UNSPECIFIED.,.F.,.F.,(3,3),(0.,1.),.PIECEWISE_BEZIER_KNOTS.);
#1452 = CARTESIAN_POINT('',(-4.63134765625,-21.84301757812,1.9));
#1453 = CARTESIAN_POINT('',(-4.5849609375,-21.33764648437,1.9));
#1454 = CARTESIAN_POINT('',(-4.2822265625,-21.07275390625,1.9));
#1455 = VECTOR('',#1456,1.);
#1456 = DIRECTION('',(-0.,-0.,-1.));
#1457 = DEFINITIONAL_REPRESENTATION('',(#1458),#1471);
#1458 = B_SPLINE_CURVE_WITH_KNOTS('',6,(#1459,#1460,#1461,#1462,#1463,
    #1464,#1465,#1466,#1467,#1468,#1469,#1470),.UNSPECIFIED.,.F.,.F.,(7,
    5,7),(0.,0.108385136257,1.),.UNSPECIFIED.);
#1459 = CARTESIAN_POINT('',(1.,-0.1));
#1460 = CARTESIAN_POINT('',(0.981356939969,-0.1));
#1461 = CARTESIAN_POINT('',(0.962699789374,-0.1));
#1462 = CARTESIAN_POINT('',(0.944032012528,-0.1));
#1463 = CARTESIAN_POINT('',(0.92535710257,-0.1));
#1464 = CARTESIAN_POINT('',(0.906678581464,-0.1));
#1465 = CARTESIAN_POINT('',(0.734343313834,-0.1));
#1466 = CARTESIAN_POINT('',(0.580607004891,-0.1));
#1467 = CARTESIAN_POINT('',(0.42908701717,-0.1));
#1468 = CARTESIAN_POINT('',(0.281266881961,-1.E-01));
#1469 = CARTESIAN_POINT('',(0.138075637719,-0.1));
#1470 = CARTESIAN_POINT('',(0.,-0.1));
#1471 = ( GEOMETRIC_REPRESENTATION_CONTEXT(2) 
PARAMETRIC_REPRESENTATION_CONTEXT() REPRESENTATION_CONTEXT('2D SPACE',''
  ) );
#1472 = ORIENTED_EDGE('',*,*,#1473,.F.);
#1473 = EDGE_CURVE('',#1474,#1417,#1476,.T.);
#1474 = VERTEX_POINT('',#1475);
#1475 = CARTESIAN_POINT('',(-3.46923828125,-20.80786132812,2.));
#1476 = SURFACE_CURVE('',#1477,(#1492,#1510),.PCURVE_S1.);
#1477 = B_SPLINE_CURVE_WITH_KNOTS('',5,(#1478,#1479,#1480,#1481,#1482,
    #1483,#1484,#1485,#1486,#1487,#1488,#1489,#1490,#1491),
  .UNSPECIFIED.,.F.,.F.,(6,4,4,6),(0.,0.482150021423,0.938228605088,1.),
  .UNSPECIFIED.);
#1478 = CARTESIAN_POINT('',(-3.46923828125,-20.80786132812,2.));
#1479 = CARTESIAN_POINT('',(-3.560787492382,-20.80786132812,2.));
#1480 = CARTESIAN_POINT('',(-3.650293758182,-20.81319134203,2.));
#1481 = CARTESIAN_POINT('',(-3.737291378626,-20.82434468779,2.));
#1482 = CARTESIAN_POINT('',(-3.821190777461,-20.84181545268,2.));
#1483 = CARTESIAN_POINT('',(-3.977241260848,-20.8886416638,2.));
#1484 = CARTESIAN_POINT('',(-4.049791970208,-20.9173057444,2.));
#1485 = CARTESIAN_POINT('',(-4.118497134775,-20.95209713496,2.));
#1486 = CARTESIAN_POINT('',(-4.182883746978,-20.99305965429,2.));
#1487 = CARTESIAN_POINT('',(-4.250718144045,-21.04628114709,2.));
#1488 = CARTESIAN_POINT('',(-4.258724661912,-21.05273815655,2.));
#1489 = CARTESIAN_POINT('',(-4.266645355721,-21.05930308514,2.));
#1490 = CARTESIAN_POINT('',(-4.274479531664,-21.06597525426,2.));
#1491 = CARTESIAN_POINT('',(-4.2822265625,-21.07275390625,2.));
#1492 = PCURVE('',#73,#1493);
#1493 = DEFINITIONAL_REPRESENTATION('',(#1494),#1509);
#1494 = B_SPLINE_CURVE_WITH_KNOTS('',5,(#1495,#1496,#1497,#1498,#1499,
    #1500,#1501,#1502,#1503,#1504,#1505,#1506,#1507,#1508),
  .UNSPECIFIED.,.F.,.F.,(6,4,4,6),(0.,0.482150021423,0.938228605088,1.),
  .UNSPECIFIED.);
#1495 = CARTESIAN_POINT('',(-3.46923828125,-20.80786132812));
#1496 = CARTESIAN_POINT('',(-3.560787492382,-20.80786132812));
#1497 = CARTESIAN_POINT('',(-3.650293758182,-20.81319134203));
#1498 = CARTESIAN_POINT('',(-3.737291378626,-20.82434468779));
#1499 = CARTESIAN_POINT('',(-3.821190777461,-20.84181545268));
#1500 = CARTESIAN_POINT('',(-3.977241260848,-20.8886416638));
#1501 = CARTESIAN_POINT('',(-4.049791970208,-20.9173057444));
#1502 = CARTESIAN_POINT('',(-4.118497134775,-20.95209713496));
#1503 = CARTESIAN_POINT('',(-4.182883746978,-20.99305965429));
#1504 = CARTESIAN_POINT('',(-4.250718144045,-21.04628114709));
#1505 = CARTESIAN_POINT('',(-4.258724661912,-21.05273815655));
#1506 = CARTESIAN_POINT('',(-4.266645355721,-21.05930308514));
#1507 = CARTESIAN_POINT('',(-4.274479531664,-21.06597525426));
#1508 = CARTESIAN_POINT('',(-4.2822265625,-21.07275390625));
#1509 = ( GEOMETRIC_REPRESENTATION_CONTEXT(2) 
PARAMETRIC_REPRESENTATION_CONTEXT() REPRESENTATION_CONTEXT('2D SPACE',''
  ) );
#1510 = PCURVE('',#1511,#1518);
#1511 = SURFACE_OF_LINEAR_EXTRUSION('',#1512,#1516);
#1512 = B_SPLINE_CURVE_WITH_KNOTS('',2,(#1513,#1514,#1515),
  .UNSPECIFIED.,.F.,.F.,(3,3),(0.,1.),.PIECEWISE_BEZIER_KNOTS.);
#1513 = CARTESIAN_POINT('',(-4.2822265625,-21.07275390625,1.9));
#1514 = CARTESIAN_POINT('',(-3.9794921875,-20.80786132812,1.9));
#1515 = CARTESIAN_POINT('',(-3.46923828125,-20.80786132812,1.9));
#1516 = VECTOR('',#1517,1.);
#1517 = DIRECTION('',(-0.,-0.,-1.));
#1518 = DEFINITIONAL_REPRESENTATION('',(#1519),#1534);
#1519 = B_SPLINE_CURVE_WITH_KNOTS('',5,(#1520,#1521,#1522,#1523,#1524,
    #1525,#1526,#1527,#1528,#1529,#1530,#1531,#1532,#1533),
  .UNSPECIFIED.,.F.,.F.,(6,4,4,6),(0.,0.482150021423,0.938228605088,1.),
  .UNSPECIFIED.);
#1520 = CARTESIAN_POINT('',(1.,-0.1));
#1521 = CARTESIAN_POINT('',(0.910290533781,-0.1));
#1522 = CARTESIAN_POINT('',(0.818491282869,-0.1));
#1523 = CARTESIAN_POINT('',(0.724679884842,-0.1));
#1524 = CARTESIAN_POINT('',(0.629054773526,-0.1));
#1525 = CARTESIAN_POINT('',(0.440193297354,-0.1));
#1526 = CARTESIAN_POINT('',(0.347096076984,-0.1));
#1527 = CARTESIAN_POINT('',(0.253063389062,-0.1));
#1528 = CARTESIAN_POINT('',(0.158525097489,-0.1));
#1529 = CARTESIAN_POINT('',(5.119749767864E-02,-0.1));
#1530 = CARTESIAN_POINT('',(3.839504346835E-02,-0.1));
#1531 = CARTESIAN_POINT('',(2.559384267455E-02,-0.1));
#1532 = CARTESIAN_POINT('',(1.279509609106E-02,-0.1));
#1533 = CARTESIAN_POINT('',(0.,-0.1));
#1534 = ( GEOMETRIC_REPRESENTATION_CONTEXT(2) 
PARAMETRIC_REPRESENTATION_CONTEXT() REPRESENTATION_CONTEXT('2D SPACE',''
  ) );
#1535 = ORIENTED_EDGE('',*,*,#1536,.F.);
#1536 = EDGE_CURVE('',#1537,#1474,#1539,.T.);
#1537 = VERTEX_POINT('',#1538);
#1538 = CARTESIAN_POINT('',(-2.65380859375,-21.09350585937,2.));
#1539 = SURFACE_CURVE('',#1540,(#1553,#1569),.PCURVE_S1.);
#1540 = B_SPLINE_CURVE_WITH_KNOTS('',6,(#1541,#1542,#1543,#1544,#1545,
    #1546,#1547,#1548,#1549,#1550,#1551,#1552),.UNSPECIFIED.,.F.,.F.,(7,
    5,7),(0.,0.129952580841,1.),.UNSPECIFIED.);
#1541 = CARTESIAN_POINT('',(-2.65380859375,-21.09350585937,2.));
#1542 = CARTESIAN_POINT('',(-2.667197422044,-21.08077014465,2.));
#1543 = CARTESIAN_POINT('',(-2.680857015727,-21.06836131977,2.));
#1544 = CARTESIAN_POINT('',(-2.69478484692,-21.05628418196,2.));
#1545 = CARTESIAN_POINT('',(-2.708977878207,-21.04454294811,2.));
#1546 = CARTESIAN_POINT('',(-2.723432562643,-21.03314125478,2.));
#1547 = CARTESIAN_POINT('',(-2.836645251548,-20.9480402394,2.));
#1548 = CARTESIAN_POINT('',(-2.946739976009,-20.8893186482,2.));
#1549 = CARTESIAN_POINT('',(-3.06704152407,-20.84700501984,2.));
#1550 = CARTESIAN_POINT('',(-3.195538490786,-20.82034813343,2.));
#1551 = CARTESIAN_POINT('',(-3.330192473542,-20.80786132812,2.));
#1552 = CARTESIAN_POINT('',(-3.46923828125,-20.80786132812,2.));
#1553 = PCURVE('',#73,#1554);
#1554 = DEFINITIONAL_REPRESENTATION('',(#1555),#1568);
#1555 = B_SPLINE_CURVE_WITH_KNOTS('',6,(#1556,#1557,#1558,#1559,#1560,
    #1561,#1562,#1563,#1564,#1565,#1566,#1567),.UNSPECIFIED.,.F.,.F.,(7,
    5,7),(0.,0.129952580841,1.),.UNSPECIFIED.);
#1556 = CARTESIAN_POINT('',(-2.65380859375,-21.09350585937));
#1557 = CARTESIAN_POINT('',(-2.667197422044,-21.08077014465));
#1558 = CARTESIAN_POINT('',(-2.680857015727,-21.06836131977));
#1559 = CARTESIAN_POINT('',(-2.69478484692,-21.05628418196));
#1560 = CARTESIAN_POINT('',(-2.708977878207,-21.04454294811));
#1561 = CARTESIAN_POINT('',(-2.723432562643,-21.03314125478));
#1562 = CARTESIAN_POINT('',(-2.836645251548,-20.9480402394));
#1563 = CARTESIAN_POINT('',(-2.946739976009,-20.8893186482));
#1564 = CARTESIAN_POINT('',(-3.06704152407,-20.84700501984));
#1565 = CARTESIAN_POINT('',(-3.195538490786,-20.82034813343));
#1566 = CARTESIAN_POINT('',(-3.330192473542,-20.80786132812));
#1567 = CARTESIAN_POINT('',(-3.46923828125,-20.80786132812));
#1568 = ( GEOMETRIC_REPRESENTATION_CONTEXT(2) 
PARAMETRIC_REPRESENTATION_CONTEXT() REPRESENTATION_CONTEXT('2D SPACE',''
  ) );
#1569 = PCURVE('',#1570,#1577);
#1570 = SURFACE_OF_LINEAR_EXTRUSION('',#1571,#1575);
#1571 = B_SPLINE_CURVE_WITH_KNOTS('',2,(#1572,#1573,#1574),
  .UNSPECIFIED.,.F.,.F.,(3,3),(0.,1.),.PIECEWISE_BEZIER_KNOTS.);
#1572 = CARTESIAN_POINT('',(-3.46923828125,-20.80786132812,1.9));
#1573 = CARTESIAN_POINT('',(-2.9541015625,-20.80786132812,1.9));
#1574 = CARTESIAN_POINT('',(-2.65380859375,-21.09350585937,1.9));
#1575 = VECTOR('',#1576,1.);
#1576 = DIRECTION('',(-0.,-0.,-1.));
#1577 = DEFINITIONAL_REPRESENTATION('',(#1578),#1591);
#1578 = B_SPLINE_CURVE_WITH_KNOTS('',6,(#1579,#1580,#1581,#1582,#1583,
    #1584,#1585,#1586,#1587,#1588,#1589,#1590),.UNSPECIFIED.,.F.,.F.,(7,
    5,7),(0.,0.129952580841,1.),.UNSPECIFIED.);
#1579 = CARTESIAN_POINT('',(1.,-0.1));
#1580 = CARTESIAN_POINT('',(0.977707056629,-0.1));
#1581 = CARTESIAN_POINT('',(0.955389945374,-0.1));
#1582 = CARTESIAN_POINT('',(0.933054621988,-0.1));
#1583 = CARTESIAN_POINT('',(0.91070711312,-0.1));
#1584 = CARTESIAN_POINT('',(0.888353516312,-0.1));
#1585 = CARTESIAN_POINT('',(0.716340646945,-0.1));
#1586 = CARTESIAN_POINT('',(0.566612054775,-0.1));
#1587 = CARTESIAN_POINT('',(0.418954959551,-0.1));
#1588 = CARTESIAN_POINT('',(0.274773244996,-1.E-01));
#1589 = CARTESIAN_POINT('',(0.13496010151,-0.1));
#1590 = CARTESIAN_POINT('',(0.,-0.1));
#1591 = ( GEOMETRIC_REPRESENTATION_CONTEXT(2) 
PARAMETRIC_REPRESENTATION_CONTEXT() REPRESENTATION_CONTEXT('2D SPACE',''
  ) );
#1592 = ORIENTED_EDGE('',*,*,#1593,.F.);
#1593 = EDGE_CURVE('',#1594,#1537,#1596,.T.);
#1594 = VERTEX_POINT('',#1595);
#1595 = CARTESIAN_POINT('',(-2.353515625,-21.80151367187,2.));
#1596 = SURFACE_CURVE('',#1597,(#1608,#1622),.PCURVE_S1.);
#1597 = B_SPLINE_CURVE_WITH_KNOTS('',5,(#1598,#1599,#1600,#1601,#1602,
    #1603,#1604,#1605,#1606,#1607),.UNSPECIFIED.,.F.,.F.,(6,4,6),(0.,
    0.530672287261,1.),.UNSPECIFIED.);
#1598 = CARTESIAN_POINT('',(-2.353515625,-21.80151367187,2.));
#1599 = CARTESIAN_POINT('',(-2.353515625,-21.71414209183,2.));
#1600 = CARTESIAN_POINT('',(-2.361547159285,-21.62888563477,2.));
#1601 = CARTESIAN_POINT('',(-2.378176343709,-21.54640080962,2.));
#1602 = CARTESIAN_POINT('',(-2.403699528394,-21.4673319867,2.));
#1603 = CARTESIAN_POINT('',(-2.468086518911,-21.3257774004,2.));
#1604 = CARTESIAN_POINT('',(-2.505074891893,-21.26241403455,2.));
#1605 = CARTESIAN_POINT('',(-2.548670165748,-21.20249010413,2.));
#1606 = CARTESIAN_POINT('',(-2.598439508836,-21.14617401331,2.));
#1607 = CARTESIAN_POINT('',(-2.65380859375,-21.09350585937,2.));
#1608 = PCURVE('',#73,#1609);
#1609 = DEFINITIONAL_REPRESENTATION('',(#1610),#1621);
#1610 = B_SPLINE_CURVE_WITH_KNOTS('',5,(#1611,#1612,#1613,#1614,#1615,
    #1616,#1617,#1618,#1619,#1620),.UNSPECIFIED.,.F.,.F.,(6,4,6),(0.,
    0.530672287261,1.),.UNSPECIFIED.);
#1611 = CARTESIAN_POINT('',(-2.353515625,-21.80151367187));
#1612 = CARTESIAN_POINT('',(-2.353515625,-21.71414209183));
#1613 = CARTESIAN_POINT('',(-2.361547159285,-21.62888563477));
#1614 = CARTESIAN_POINT('',(-2.378176343709,-21.54640080962));
#1615 = CARTESIAN_POINT('',(-2.403699528394,-21.4673319867));
#1616 = CARTESIAN_POINT('',(-2.468086518911,-21.3257774004));
#1617 = CARTESIAN_POINT('',(-2.505074891893,-21.26241403455));
#1618 = CARTESIAN_POINT('',(-2.548670165748,-21.20249010413));
#1619 = CARTESIAN_POINT('',(-2.598439508836,-21.14617401331));
#1620 = CARTESIAN_POINT('',(-2.65380859375,-21.09350585937));
#1621 = ( GEOMETRIC_REPRESENTATION_CONTEXT(2) 
PARAMETRIC_REPRESENTATION_CONTEXT() REPRESENTATION_CONTEXT('2D SPACE',''
  ) );
#1622 = PCURVE('',#1623,#1630);
#1623 = SURFACE_OF_LINEAR_EXTRUSION('',#1624,#1628);
#1624 = B_SPLINE_CURVE_WITH_KNOTS('',2,(#1625,#1626,#1627),
  .UNSPECIFIED.,.F.,.F.,(3,3),(0.,1.),.PIECEWISE_BEZIER_KNOTS.);
#1625 = CARTESIAN_POINT('',(-2.65380859375,-21.09350585937,1.9));
#1626 = CARTESIAN_POINT('',(-2.353515625,-21.37915039062,1.9));
#1627 = CARTESIAN_POINT('',(-2.353515625,-21.80151367187,1.9));
#1628 = VECTOR('',#1629,1.);
#1629 = DIRECTION('',(-0.,-0.,-1.));
#1630 = DEFINITIONAL_REPRESENTATION('',(#1631),#1642);
#1631 = B_SPLINE_CURVE_WITH_KNOTS('',5,(#1632,#1633,#1634,#1635,#1636,
    #1637,#1638,#1639,#1640,#1641),.UNSPECIFIED.,.F.,.F.,(6,4,6),(0.,
    0.530672287261,1.),.UNSPECIFIED.);
#1632 = CARTESIAN_POINT('',(1.,-0.1));
#1633 = CARTESIAN_POINT('',(0.896568210446,-0.1));
#1634 = CARTESIAN_POINT('',(0.791311557583,-0.1));
#1635 = CARTESIAN_POINT('',(0.684702105557,-0.1));
#1636 = CARTESIAN_POINT('',(0.577342945005,-0.1));
#1637 = CARTESIAN_POINT('',(0.37506566846,-0.1));
#1638 = CARTESIAN_POINT('',(0.280119440572,-0.1));
#1639 = CARTESIAN_POINT('',(0.185683928865,-0.1));
#1640 = CARTESIAN_POINT('',(9.219177715685E-02,-0.1));
#1641 = CARTESIAN_POINT('',(0.,-0.1));
#1642 = ( GEOMETRIC_REPRESENTATION_CONTEXT(2) 
PARAMETRIC_REPRESENTATION_CONTEXT() REPRESENTATION_CONTEXT('2D SPACE',''
  ) );
#1643 = ORIENTED_EDGE('',*,*,#1644,.F.);
#1644 = EDGE_CURVE('',#1645,#1594,#1647,.T.);
#1645 = VERTEX_POINT('',#1646);
#1646 = CARTESIAN_POINT('',(-2.44140625,-22.22387695312,2.));
#1647 = SURFACE_CURVE('',#1648,(#1659,#1673),.PCURVE_S1.);
#1648 = B_SPLINE_CURVE_WITH_KNOTS('',5,(#1649,#1650,#1651,#1652,#1653,
    #1654,#1655,#1656,#1657,#1658),.UNSPECIFIED.,.F.,.F.,(6,4,6),(0.,
    0.798417946797,1.),.UNSPECIFIED.);
#1649 = CARTESIAN_POINT('',(-2.44140625,-22.22387695312,2.));
#1650 = CARTESIAN_POINT('',(-2.413506057092,-22.15800149764,2.));
#1651 = CARTESIAN_POINT('',(-2.391026794953,-22.09139441105,2.));
#1652 = CARTESIAN_POINT('',(-2.374095609935,-22.0241336785,2.));
#1653 = CARTESIAN_POINT('',(-2.362784705075,-21.95630677164,2.));
#1654 = CARTESIAN_POINT('',(-2.355667140853,-21.8707687618,2.));
#1655 = CARTESIAN_POINT('',(-2.354591125983,-21.85349594371,2.));
#1656 = CARTESIAN_POINT('',(-2.353873996963,-21.83619477971,2.));
#1657 = CARTESIAN_POINT('',(-2.353515625,-21.81886683028,2.));
#1658 = CARTESIAN_POINT('',(-2.353515625,-21.80151367187,2.));
#1659 = PCURVE('',#73,#1660);
#1660 = DEFINITIONAL_REPRESENTATION('',(#1661),#1672);
#1661 = B_SPLINE_CURVE_WITH_KNOTS('',5,(#1662,#1663,#1664,#1665,#1666,
    #1667,#1668,#1669,#1670,#1671),.UNSPECIFIED.,.F.,.F.,(6,4,6),(0.,
    0.798417946797,1.),.UNSPECIFIED.);
#1662 = CARTESIAN_POINT('',(-2.44140625,-22.22387695312));
#1663 = CARTESIAN_POINT('',(-2.413506057092,-22.15800149764));
#1664 = CARTESIAN_POINT('',(-2.391026794953,-22.09139441105));
#1665 = CARTESIAN_POINT('',(-2.374095609935,-22.0241336785));
#1666 = CARTESIAN_POINT('',(-2.362784705075,-21.95630677164));
#1667 = CARTESIAN_POINT('',(-2.355667140853,-21.8707687618));
#1668 = CARTESIAN_POINT('',(-2.354591125983,-21.85349594371));
#1669 = CARTESIAN_POINT('',(-2.353873996963,-21.83619477971));
#1670 = CARTESIAN_POINT('',(-2.353515625,-21.81886683028));
#1671 = CARTESIAN_POINT('',(-2.353515625,-21.80151367187));
#1672 = ( GEOMETRIC_REPRESENTATION_CONTEXT(2) 
PARAMETRIC_REPRESENTATION_CONTEXT() REPRESENTATION_CONTEXT('2D SPACE',''
  ) );
#1673 = PCURVE('',#1674,#1681);
#1674 = SURFACE_OF_LINEAR_EXTRUSION('',#1675,#1679);
#1675 = B_SPLINE_CURVE_WITH_KNOTS('',2,(#1676,#1677,#1678),
  .UNSPECIFIED.,.F.,.F.,(3,3),(0.,1.),.PIECEWISE_BEZIER_KNOTS.);
#1676 = CARTESIAN_POINT('',(-2.353515625,-21.80151367187,1.9));
#1677 = CARTESIAN_POINT('',(-2.353515625,-22.01635742187,1.9));
#1678 = CARTESIAN_POINT('',(-2.44140625,-22.22387695312,1.9));
#1679 = VECTOR('',#1680,1.);
#1680 = DIRECTION('',(-0.,-0.,-1.));
#1681 = DEFINITIONAL_REPRESENTATION('',(#1682),#1693);
#1682 = B_SPLINE_CURVE_WITH_KNOTS('',5,(#1683,#1684,#1685,#1686,#1687,
    #1688,#1689,#1690,#1691,#1692),.UNSPECIFIED.,.F.,.F.,(6,4,6),(0.,
    0.798417946797,1.),.UNSPECIFIED.);
#1683 = CARTESIAN_POINT('',(1.,-0.1));
#1684 = CARTESIAN_POINT('',(0.841278902569,-0.1));
#1685 = CARTESIAN_POINT('',(0.68190643203,-0.1));
#1686 = CARTESIAN_POINT('',(0.522088739779,-0.1));
#1687 = CARTESIAN_POINT('',(0.362043399247,-0.1));
#1688 = CARTESIAN_POINT('',(0.16159274569,-0.1));
#1689 = CARTESIAN_POINT('',(0.121185505561,-0.1));
#1690 = CARTESIAN_POINT('',(8.078189886533E-02,-0.1));
#1691 = CARTESIAN_POINT('',(4.038553229822E-02,-0.1));
#1692 = CARTESIAN_POINT('',(0.,-0.1));
#1693 = ( GEOMETRIC_REPRESENTATION_CONTEXT(2) 
PARAMETRIC_REPRESENTATION_CONTEXT() REPRESENTATION_CONTEXT('2D SPACE',''
  ) );
#1694 = ORIENTED_EDGE('',*,*,#1695,.F.);
#1695 = EDGE_CURVE('',#1696,#1645,#1698,.T.);
#1696 = VERTEX_POINT('',#1697);
#1697 = CARTESIAN_POINT('',(-2.733154296875,-22.66088867187,2.));
#1698 = SURFACE_CURVE('',#1699,(#1706,#1716),.PCURVE_S1.);
#1699 = B_SPLINE_CURVE_WITH_KNOTS('',5,(#1700,#1701,#1702,#1703,#1704,
    #1705),.UNSPECIFIED.,.F.,.F.,(6,6),(0.,1.),
  .PIECEWISE_BEZIER_KNOTS.);
#1700 = CARTESIAN_POINT('',(-2.733154296875,-22.66088867187,2.));
#1701 = CARTESIAN_POINT('',(-2.654526027488,-22.57237301532,2.));
#1702 = CARTESIAN_POINT('',(-2.585099440651,-22.48412016462,2.));
#1703 = CARTESIAN_POINT('',(-2.525818289785,-22.39638428771,2.));
#1704 = CARTESIAN_POINT('',(-2.477671420081,-22.30950304914,2.));
#1705 = CARTESIAN_POINT('',(-2.44140625,-22.22387695312,2.));
#1706 = PCURVE('',#73,#1707);
#1707 = DEFINITIONAL_REPRESENTATION('',(#1708),#1715);
#1708 = B_SPLINE_CURVE_WITH_KNOTS('',5,(#1709,#1710,#1711,#1712,#1713,
    #1714),.UNSPECIFIED.,.F.,.F.,(6,6),(0.,1.),
  .PIECEWISE_BEZIER_KNOTS.);
#1709 = CARTESIAN_POINT('',(-2.733154296875,-22.66088867187));
#1710 = CARTESIAN_POINT('',(-2.654526027488,-22.57237301532));
#1711 = CARTESIAN_POINT('',(-2.585099440651,-22.48412016462));
#1712 = CARTESIAN_POINT('',(-2.525818289785,-22.39638428771));
#1713 = CARTESIAN_POINT('',(-2.477671420081,-22.30950304914));
#1714 = CARTESIAN_POINT('',(-2.44140625,-22.22387695312));
#1715 = ( GEOMETRIC_REPRESENTATION_CONTEXT(2) 
PARAMETRIC_REPRESENTATION_CONTEXT() REPRESENTATION_CONTEXT('2D SPACE',''
  ) );
#1716 = PCURVE('',#1717,#1724);
#1717 = SURFACE_OF_LINEAR_EXTRUSION('',#1718,#1722);
#1718 = B_SPLINE_CURVE_WITH_KNOTS('',2,(#1719,#1720,#1721),
  .UNSPECIFIED.,.F.,.F.,(3,3),(0.,1.),.PIECEWISE_BEZIER_KNOTS.);
#1719 = CARTESIAN_POINT('',(-2.44140625,-22.22387695312,1.9));
#1720 = CARTESIAN_POINT('',(-2.529296875,-22.43139648437,1.9));
#1721 = CARTESIAN_POINT('',(-2.733154296875,-22.66088867187,1.9));
#1722 = VECTOR('',#1723,1.);
#1723 = DIRECTION('',(-0.,-0.,-1.));
#1724 = DEFINITIONAL_REPRESENTATION('',(#1725),#1732);
#1725 = B_SPLINE_CURVE_WITH_KNOTS('',5,(#1726,#1727,#1728,#1729,#1730,
    #1731),.UNSPECIFIED.,.F.,.F.,(6,6),(0.,1.),
  .PIECEWISE_BEZIER_KNOTS.);
#1726 = CARTESIAN_POINT('',(1.,-0.1));
#1727 = CARTESIAN_POINT('',(0.80714886742,-0.1));
#1728 = CARTESIAN_POINT('',(0.610418923519,-0.1));
#1729 = CARTESIAN_POINT('',(0.410007561375,-0.1));
#1730 = CARTESIAN_POINT('',(0.206308523127,-0.1));
#1731 = CARTESIAN_POINT('',(0.,-0.1));
#1732 = ( GEOMETRIC_REPRESENTATION_CONTEXT(2) 
PARAMETRIC_REPRESENTATION_CONTEXT() REPRESENTATION_CONTEXT('2D SPACE',''
  ) );
#1733 = ORIENTED_EDGE('',*,*,#1734,.F.);
#1734 = EDGE_CURVE('',#1735,#1696,#1737,.T.);
#1735 = VERTEX_POINT('',#1736);
#1736 = CARTESIAN_POINT('',(-3.41064453125,-23.29077148437,2.));
#1737 = SURFACE_CURVE('',#1738,(#1746,#1757),.PCURVE_S1.);
#1738 = B_SPLINE_CURVE_WITH_KNOTS('',6,(#1739,#1740,#1741,#1742,#1743,
    #1744,#1745),.UNSPECIFIED.,.F.,.F.,(7,7),(0.,1.),
  .PIECEWISE_BEZIER_KNOTS.);
#1739 = CARTESIAN_POINT('',(-3.41064453125,-23.29077148437,2.));
#1740 = CARTESIAN_POINT('',(-3.274886634499,-23.17600707681,2.));
#1741 = CARTESIAN_POINT('',(-3.145469656291,-23.0637852442,2.));
#1742 = CARTESIAN_POINT('',(-3.023389794784,-22.95440762282,2.));
#1743 = CARTESIAN_POINT('',(-2.911096201063,-22.84913831185,2.));
#1744 = CARTESIAN_POINT('',(-2.812491773989,-22.75020271796,2.));
#1745 = CARTESIAN_POINT('',(-2.733154296875,-22.66088867187,2.));
#1746 = PCURVE('',#73,#1747);
#1747 = DEFINITIONAL_REPRESENTATION('',(#1748),#1756);
#1748 = B_SPLINE_CURVE_WITH_KNOTS('',6,(#1749,#1750,#1751,#1752,#1753,
    #1754,#1755),.UNSPECIFIED.,.F.,.F.,(7,7),(0.,1.),
  .PIECEWISE_BEZIER_KNOTS.);
#1749 = CARTESIAN_POINT('',(-3.41064453125,-23.29077148437));
#1750 = CARTESIAN_POINT('',(-3.274886634499,-23.17600707681));
#1751 = CARTESIAN_POINT('',(-3.145469656291,-23.0637852442));
#1752 = CARTESIAN_POINT('',(-3.023389794784,-22.95440762282));
#1753 = CARTESIAN_POINT('',(-2.911096201063,-22.84913831185));
#1754 = CARTESIAN_POINT('',(-2.812491773989,-22.75020271796));
#1755 = CARTESIAN_POINT('',(-2.733154296875,-22.66088867187));
#1756 = ( GEOMETRIC_REPRESENTATION_CONTEXT(2) 
PARAMETRIC_REPRESENTATION_CONTEXT() REPRESENTATION_CONTEXT('2D SPACE',''
  ) );
#1757 = PCURVE('',#1758,#1765);
#1758 = SURFACE_OF_LINEAR_EXTRUSION('',#1759,#1763);
#1759 = B_SPLINE_CURVE_WITH_KNOTS('',2,(#1760,#1761,#1762),
  .UNSPECIFIED.,.F.,.F.,(3,3),(0.,1.),.PIECEWISE_BEZIER_KNOTS.);
#1760 = CARTESIAN_POINT('',(-2.733154296875,-22.66088867187,1.9));
#1761 = CARTESIAN_POINT('',(-2.93701171875,-22.89038085937,1.9));
#1762 = CARTESIAN_POINT('',(-3.41064453125,-23.29077148437,1.9));
#1763 = VECTOR('',#1764,1.);
#1764 = DIRECTION('',(-0.,-0.,-1.));
#1765 = DEFINITIONAL_REPRESENTATION('',(#1766),#1774);
#1766 = B_SPLINE_CURVE_WITH_KNOTS('',6,(#1767,#1768,#1769,#1770,#1771,
    #1772,#1773),.UNSPECIFIED.,.F.,.F.,(7,7),(0.,1.),
  .PIECEWISE_BEZIER_KNOTS.);
#1767 = CARTESIAN_POINT('',(1.,-0.1));
#1768 = CARTESIAN_POINT('',(0.856684447141,-0.1));
#1769 = CARTESIAN_POINT('',(0.706023249221,-0.1));
#1770 = CARTESIAN_POINT('',(0.546374982262,-0.1));
#1771 = CARTESIAN_POINT('',(0.376307686969,-1.E-01));
#1772 = CARTESIAN_POINT('',(0.19459060255,-0.1));
#1773 = CARTESIAN_POINT('',(0.,-0.1));
#1774 = ( GEOMETRIC_REPRESENTATION_CONTEXT(2) 
PARAMETRIC_REPRESENTATION_CONTEXT() REPRESENTATION_CONTEXT('2D SPACE',''
  ) );
#1775 = ORIENTED_EDGE('',*,*,#1776,.F.);
#1776 = EDGE_CURVE('',#1777,#1735,#1779,.T.);
#1777 = VERTEX_POINT('',#1778);
#1778 = CARTESIAN_POINT('',(-3.91845703125,-23.7412109375,2.));
#1779 = SURFACE_CURVE('',#1780,(#1789,#1801),.PCURVE_S1.);
#1780 = B_SPLINE_CURVE_WITH_KNOTS('',7,(#1781,#1782,#1783,#1784,#1785,
    #1786,#1787,#1788),.UNSPECIFIED.,.F.,.F.,(8,8),(0.,1.),
  .PIECEWISE_BEZIER_KNOTS.);
#1781 = CARTESIAN_POINT('',(-3.91845703125,-23.7412109375,2.));
#1782 = CARTESIAN_POINT('',(-3.881173393247,-23.70190101482,2.));
#1783 = CARTESIAN_POINT('',(-3.827306755605,-23.65057019657,2.));
#1784 = CARTESIAN_POINT('',(-3.759977129981,-23.58964766563,2.));
#1785 = CARTESIAN_POINT('',(-3.682547953766,-23.52166677327,2.));
#1786 = CARTESIAN_POINT('',(-3.597526584647,-23.44848939459,2.));
#1787 = CARTESIAN_POINT('',(-3.506640921617,-23.37136104665,2.));
#1788 = CARTESIAN_POINT('',(-3.41064453125,-23.29077148437,2.));
#1789 = PCURVE('',#73,#1790);
#1790 = DEFINITIONAL_REPRESENTATION('',(#1791),#1800);
#1791 = B_SPLINE_CURVE_WITH_KNOTS('',7,(#1792,#1793,#1794,#1795,#1796,
    #1797,#1798,#1799),.UNSPECIFIED.,.F.,.F.,(8,8),(0.,1.),
  .PIECEWISE_BEZIER_KNOTS.);
#1792 = CARTESIAN_POINT('',(-3.91845703125,-23.7412109375));
#1793 = CARTESIAN_POINT('',(-3.881173393247,-23.70190101482));
#1794 = CARTESIAN_POINT('',(-3.827306755605,-23.65057019657));
#1795 = CARTESIAN_POINT('',(-3.759977129981,-23.58964766563));
#1796 = CARTESIAN_POINT('',(-3.682547953766,-23.52166677327));
#1797 = CARTESIAN_POINT('',(-3.597526584647,-23.44848939459));
#1798 = CARTESIAN_POINT('',(-3.506640921617,-23.37136104665));
#1799 = CARTESIAN_POINT('',(-3.41064453125,-23.29077148437));
#1800 = ( GEOMETRIC_REPRESENTATION_CONTEXT(2) 
PARAMETRIC_REPRESENTATION_CONTEXT() REPRESENTATION_CONTEXT('2D SPACE',''
  ) );
#1801 = PCURVE('',#1802,#1809);
#1802 = SURFACE_OF_LINEAR_EXTRUSION('',#1803,#1807);
#1803 = B_SPLINE_CURVE_WITH_KNOTS('',2,(#1804,#1805,#1806),
  .UNSPECIFIED.,.F.,.F.,(3,3),(0.,1.),.PIECEWISE_BEZIER_KNOTS.);
#1804 = CARTESIAN_POINT('',(-3.41064453125,-23.29077148437,1.9));
#1805 = CARTESIAN_POINT('',(-3.80615234375,-23.62280273437,1.9));
#1806 = CARTESIAN_POINT('',(-3.91845703125,-23.7412109375,1.9));
#1807 = VECTOR('',#1808,1.);
#1808 = DIRECTION('',(-0.,-0.,-1.));
#1809 = DEFINITIONAL_REPRESENTATION('',(#1810),#1819);
#1810 = B_SPLINE_CURVE_WITH_KNOTS('',7,(#1811,#1812,#1813,#1814,#1815,
    #1816,#1817,#1818),.UNSPECIFIED.,.F.,.F.,(8,8),(0.,1.),
  .PIECEWISE_BEZIER_KNOTS.);
#1811 = CARTESIAN_POINT('',(1.,-0.1));
#1812 = CARTESIAN_POINT('',(0.834006759501,-0.1));
#1813 = CARTESIAN_POINT('',(0.675252333277,-0.1));
#1814 = CARTESIAN_POINT('',(0.524860395861,-1.E-01));
#1815 = CARTESIAN_POINT('',(0.382775682628,-0.1));
#1816 = CARTESIAN_POINT('',(0.248561182192,-1.E-01));
#1817 = CARTESIAN_POINT('',(0.121358399673,-0.1));
#1818 = CARTESIAN_POINT('',(0.,-0.1));
#1819 = ( GEOMETRIC_REPRESENTATION_CONTEXT(2) 
PARAMETRIC_REPRESENTATION_CONTEXT() REPRESENTATION_CONTEXT('2D SPACE',''
  ) );
#1820 = ORIENTED_EDGE('',*,*,#1821,.F.);
#1821 = EDGE_CURVE('',#874,#1777,#1822,.T.);
#1822 = SURFACE_CURVE('',#1823,(#1829,#1838),.PCURVE_S1.);
#1823 = B_SPLINE_CURVE_WITH_KNOTS('',4,(#1824,#1825,#1826,#1827,#1828),
  .UNSPECIFIED.,.F.,.F.,(5,5),(0.,1.),.PIECEWISE_BEZIER_KNOTS.);
#1824 = CARTESIAN_POINT('',(-4.10400390625,-23.97924804687,2.));
#1825 = CARTESIAN_POINT('',(-4.067164806136,-23.91907751668,2.));
#1826 = CARTESIAN_POINT('',(-4.023861608522,-23.85931594784,2.));
#1827 = CARTESIAN_POINT('',(-3.974228798105,-23.80001377864,2.));
#1828 = CARTESIAN_POINT('',(-3.91845703125,-23.7412109375,2.));
#1829 = PCURVE('',#73,#1830);
#1830 = DEFINITIONAL_REPRESENTATION('',(#1831),#1837);
#1831 = B_SPLINE_CURVE_WITH_KNOTS('',4,(#1832,#1833,#1834,#1835,#1836),
  .UNSPECIFIED.,.F.,.F.,(5,5),(0.,1.),.PIECEWISE_BEZIER_KNOTS.);
#1832 = CARTESIAN_POINT('',(-4.10400390625,-23.97924804687));
#1833 = CARTESIAN_POINT('',(-4.067164806136,-23.91907751668));
#1834 = CARTESIAN_POINT('',(-4.023861608522,-23.85931594784));
#1835 = CARTESIAN_POINT('',(-3.974228798105,-23.80001377864));
#1836 = CARTESIAN_POINT('',(-3.91845703125,-23.7412109375));
#1837 = ( GEOMETRIC_REPRESENTATION_CONTEXT(2) 
PARAMETRIC_REPRESENTATION_CONTEXT() REPRESENTATION_CONTEXT('2D SPACE',''
  ) );
#1838 = PCURVE('',#1839,#1846);
#1839 = SURFACE_OF_LINEAR_EXTRUSION('',#1840,#1844);
#1840 = B_SPLINE_CURVE_WITH_KNOTS('',2,(#1841,#1842,#1843),
  .UNSPECIFIED.,.F.,.F.,(3,3),(0.,1.),.PIECEWISE_BEZIER_KNOTS.);
#1841 = CARTESIAN_POINT('',(-3.91845703125,-23.7412109375,1.9));
#1842 = CARTESIAN_POINT('',(-4.03076171875,-23.85961914062,1.9));
#1843 = CARTESIAN_POINT('',(-4.10400390625,-23.97924804687,1.9));
#1844 = VECTOR('',#1845,1.);
#1845 = DIRECTION('',(-0.,-0.,-1.));
#1846 = DEFINITIONAL_REPRESENTATION('',(#1847),#1853);
#1847 = B_SPLINE_CURVE_WITH_KNOTS('',4,(#1848,#1849,#1850,#1851,#1852),
  .UNSPECIFIED.,.F.,.F.,(5,5),(0.,1.),.PIECEWISE_BEZIER_KNOTS.);
#1848 = CARTESIAN_POINT('',(1.,-0.1));
#1849 = CARTESIAN_POINT('',(0.748511743225,-0.1));
#1850 = CARTESIAN_POINT('',(0.497872248583,-0.1));
#1851 = CARTESIAN_POINT('',(0.248305605477,-0.1));
#1852 = CARTESIAN_POINT('',(0.,-0.1));
#1853 = ( GEOMETRIC_REPRESENTATION_CONTEXT(2) 
PARAMETRIC_REPRESENTATION_CONTEXT() REPRESENTATION_CONTEXT('2D SPACE',''
  ) );
#1854 = FACE_BOUND('',#1855,.T.);
#1855 = EDGE_LOOP('',(#1856,#1885,#1912,#1939,#1984,#2023,#2065,#2113,
    #2164,#2215,#2266,#2317,#2374,#2401,#2458,#2521,#2578,#2629,#2680,
    #2719,#2761,#2806));
#1856 = ORIENTED_EDGE('',*,*,#1857,.F.);
#1857 = EDGE_CURVE('',#1858,#1860,#1862,.T.);
#1858 = VERTEX_POINT('',#1859);
#1859 = CARTESIAN_POINT('',(0.43212890625,-23.97924804687,2.));
#1860 = VERTEX_POINT('',#1861);
#1861 = CARTESIAN_POINT('',(-1.3232421875,-23.97924804687,2.));
#1862 = SURFACE_CURVE('',#1863,(#1867,#1874),.PCURVE_S1.);
#1863 = LINE('',#1864,#1865);
#1864 = CARTESIAN_POINT('',(-0.66162109375,-23.97924804687,2.));
#1865 = VECTOR('',#1866,1.);
#1866 = DIRECTION('',(-1.,0.,0.));
#1867 = PCURVE('',#73,#1868);
#1868 = DEFINITIONAL_REPRESENTATION('',(#1869),#1873);
#1869 = LINE('',#1870,#1871);
#1870 = CARTESIAN_POINT('',(-0.66162109375,-23.97924804687));
#1871 = VECTOR('',#1872,1.);
#1872 = DIRECTION('',(-1.,0.));
#1873 = ( GEOMETRIC_REPRESENTATION_CONTEXT(2) 
PARAMETRIC_REPRESENTATION_CONTEXT() REPRESENTATION_CONTEXT('2D SPACE',''
  ) );
#1874 = PCURVE('',#1875,#1880);
#1875 = PLANE('',#1876);
#1876 = AXIS2_PLACEMENT_3D('',#1877,#1878,#1879);
#1877 = CARTESIAN_POINT('',(-1.3232421875,-23.97924804687,1.9));
#1878 = DIRECTION('',(0.,1.,0.));
#1879 = DIRECTION('',(1.,0.,0.));
#1880 = DEFINITIONAL_REPRESENTATION('',(#1881),#1884);
#1881 = B_SPLINE_CURVE_WITH_KNOTS('',1,(#1882,#1883),.UNSPECIFIED.,.F.,
  .F.,(2,2),(-1.09375,0.66162109375),.PIECEWISE_BEZIER_KNOTS.);
#1882 = CARTESIAN_POINT('',(1.75537109375,-0.1));
#1883 = CARTESIAN_POINT('',(0.,-0.1));
#1884 = ( GEOMETRIC_REPRESENTATION_CONTEXT(2) 
PARAMETRIC_REPRESENTATION_CONTEXT() REPRESENTATION_CONTEXT('2D SPACE',''
  ) );
#1885 = ORIENTED_EDGE('',*,*,#1886,.F.);
#1886 = EDGE_CURVE('',#1887,#1858,#1889,.T.);
#1887 = VERTEX_POINT('',#1888);
#1888 = CARTESIAN_POINT('',(0.43212890625,-24.40161132812,2.));
#1889 = SURFACE_CURVE('',#1890,(#1894,#1901),.PCURVE_S1.);
#1890 = LINE('',#1891,#1892);
#1891 = CARTESIAN_POINT('',(0.43212890625,-22.11462402343,2.));
#1892 = VECTOR('',#1893,1.);
#1893 = DIRECTION('',(0.,1.,0.));
#1894 = PCURVE('',#73,#1895);
#1895 = DEFINITIONAL_REPRESENTATION('',(#1896),#1900);
#1896 = LINE('',#1897,#1898);
#1897 = CARTESIAN_POINT('',(0.43212890625,-22.11462402343));
#1898 = VECTOR('',#1899,1.);
#1899 = DIRECTION('',(0.,1.));
#1900 = ( GEOMETRIC_REPRESENTATION_CONTEXT(2) 
PARAMETRIC_REPRESENTATION_CONTEXT() REPRESENTATION_CONTEXT('2D SPACE',''
  ) );
#1901 = PCURVE('',#1902,#1907);
#1902 = PLANE('',#1903);
#1903 = AXIS2_PLACEMENT_3D('',#1904,#1905,#1906);
#1904 = CARTESIAN_POINT('',(0.43212890625,-23.97924804687,1.9));
#1905 = DIRECTION('',(1.,0.,0.));
#1906 = DIRECTION('',(0.,-1.,0.));
#1907 = DEFINITIONAL_REPRESENTATION('',(#1908),#1911);
#1908 = B_SPLINE_CURVE_WITH_KNOTS('',1,(#1909,#1910),.UNSPECIFIED.,.F.,
  .F.,(2,2),(-2.286987304688,-1.864624023438),.PIECEWISE_BEZIER_KNOTS.);
#1909 = CARTESIAN_POINT('',(0.42236328125,-0.1));
#1910 = CARTESIAN_POINT('',(0.,-0.1));
#1911 = ( GEOMETRIC_REPRESENTATION_CONTEXT(2) 
PARAMETRIC_REPRESENTATION_CONTEXT() REPRESENTATION_CONTEXT('2D SPACE',''
  ) );
#1912 = ORIENTED_EDGE('',*,*,#1913,.F.);
#1913 = EDGE_CURVE('',#1914,#1887,#1916,.T.);
#1914 = VERTEX_POINT('',#1915);
#1915 = CARTESIAN_POINT('',(-1.93359375,-24.40161132812,2.));
#1916 = SURFACE_CURVE('',#1917,(#1921,#1928),.PCURVE_S1.);
#1917 = LINE('',#1918,#1919);
#1918 = CARTESIAN_POINT('',(0.216064453125,-24.40161132812,2.));
#1919 = VECTOR('',#1920,1.);
#1920 = DIRECTION('',(1.,0.,-0.));
#1921 = PCURVE('',#73,#1922);
#1922 = DEFINITIONAL_REPRESENTATION('',(#1923),#1927);
#1923 = LINE('',#1924,#1925);
#1924 = CARTESIAN_POINT('',(0.216064453125,-24.40161132812));
#1925 = VECTOR('',#1926,1.);
#1926 = DIRECTION('',(1.,0.));
#1927 = ( GEOMETRIC_REPRESENTATION_CONTEXT(2) 
PARAMETRIC_REPRESENTATION_CONTEXT() REPRESENTATION_CONTEXT('2D SPACE',''
  ) );
#1928 = PCURVE('',#1929,#1934);
#1929 = PLANE('',#1930);
#1930 = AXIS2_PLACEMENT_3D('',#1931,#1932,#1933);
#1931 = CARTESIAN_POINT('',(0.43212890625,-24.40161132812,1.9));
#1932 = DIRECTION('',(0.,-1.,0.));
#1933 = DIRECTION('',(-1.,0.,0.));
#1934 = DEFINITIONAL_REPRESENTATION('',(#1935),#1938);
#1935 = B_SPLINE_CURVE_WITH_KNOTS('',1,(#1936,#1937),.UNSPECIFIED.,.F.,
  .F.,(2,2),(-2.149658203125,0.216064453125),.PIECEWISE_BEZIER_KNOTS.);
#1936 = CARTESIAN_POINT('',(2.36572265625,-0.1));
#1937 = CARTESIAN_POINT('',(0.,-0.1));
#1938 = ( GEOMETRIC_REPRESENTATION_CONTEXT(2) 
PARAMETRIC_REPRESENTATION_CONTEXT() REPRESENTATION_CONTEXT('2D SPACE',''
  ) );
#1939 = ORIENTED_EDGE('',*,*,#1940,.F.);
#1940 = EDGE_CURVE('',#1941,#1914,#1943,.T.);
#1941 = VERTEX_POINT('',#1942);
#1942 = CARTESIAN_POINT('',(-1.88232421875,-24.09643554687,2.));
#1943 = SURFACE_CURVE('',#1944,(#1953,#1965),.PCURVE_S1.);
#1944 = B_SPLINE_CURVE_WITH_KNOTS('',4,(#1945,#1946,#1947,#1948,#1949,
    #1950,#1951,#1952),.UNSPECIFIED.,.F.,.F.,(5,3,5),(0.,0.423911080615,
    1.),.UNSPECIFIED.);
#1945 = CARTESIAN_POINT('',(-1.88232421875,-24.09643554687,2.));
#1946 = CARTESIAN_POINT('',(-1.894218478257,-24.12746404993,2.));
#1947 = CARTESIAN_POINT('',(-1.904297077887,-24.1588838556,2.));
#1948 = CARTESIAN_POINT('',(-1.912548080508,-24.19068334515,2.));
#1949 = CARTESIAN_POINT('',(-1.92769434534,-24.26656124607,2.));
#1950 = CARTESIAN_POINT('',(-1.933039604512,-24.31094966914,2.));
#1951 = CARTESIAN_POINT('',(-1.934997803013,-24.35597960521,2.));
#1952 = CARTESIAN_POINT('',(-1.93359375,-24.40161132812,2.));
#1953 = PCURVE('',#73,#1954);
#1954 = DEFINITIONAL_REPRESENTATION('',(#1955),#1964);
#1955 = B_SPLINE_CURVE_WITH_KNOTS('',4,(#1956,#1957,#1958,#1959,#1960,
    #1961,#1962,#1963),.UNSPECIFIED.,.F.,.F.,(5,3,5),(0.,0.423911080615,
    1.),.UNSPECIFIED.);
#1956 = CARTESIAN_POINT('',(-1.88232421875,-24.09643554687));
#1957 = CARTESIAN_POINT('',(-1.894218478257,-24.12746404993));
#1958 = CARTESIAN_POINT('',(-1.904297077887,-24.1588838556));
#1959 = CARTESIAN_POINT('',(-1.912548080508,-24.19068334515));
#1960 = CARTESIAN_POINT('',(-1.92769434534,-24.26656124607));
#1961 = CARTESIAN_POINT('',(-1.933039604512,-24.31094966914));
#1962 = CARTESIAN_POINT('',(-1.934997803013,-24.35597960521));
#1963 = CARTESIAN_POINT('',(-1.93359375,-24.40161132812));
#1964 = ( GEOMETRIC_REPRESENTATION_CONTEXT(2) 
PARAMETRIC_REPRESENTATION_CONTEXT() REPRESENTATION_CONTEXT('2D SPACE',''
  ) );
#1965 = PCURVE('',#1966,#1973);
#1966 = SURFACE_OF_LINEAR_EXTRUSION('',#1967,#1971);
#1967 = B_SPLINE_CURVE_WITH_KNOTS('',2,(#1968,#1969,#1970),
  .UNSPECIFIED.,.F.,.F.,(3,3),(0.,1.),.PIECEWISE_BEZIER_KNOTS.);
#1968 = CARTESIAN_POINT('',(-1.93359375,-24.40161132812,1.9));
#1969 = CARTESIAN_POINT('',(-1.9384765625,-24.24291992187,1.9));
#1970 = CARTESIAN_POINT('',(-1.88232421875,-24.09643554687,1.9));
#1971 = VECTOR('',#1972,1.);
#1972 = DIRECTION('',(-0.,-0.,-1.));
#1973 = DEFINITIONAL_REPRESENTATION('',(#1974),#1983);
#1974 = B_SPLINE_CURVE_WITH_KNOTS('',4,(#1975,#1976,#1977,#1978,#1979,
    #1980,#1981,#1982),.UNSPECIFIED.,.F.,.F.,(5,3,5),(0.,0.423911080615,
    1.),.UNSPECIFIED.);
#1975 = CARTESIAN_POINT('',(1.,-0.1));
#1976 = CARTESIAN_POINT('',(0.894089376214,-0.1));
#1977 = CARTESIAN_POINT('',(0.788089443674,-0.1));
#1978 = CARTESIAN_POINT('',(0.682044605809,-0.1));
#1979 = CARTESIAN_POINT('',(0.431886941482,-0.1));
#1980 = CARTESIAN_POINT('',(0.287774079864,-0.1));
#1981 = CARTESIAN_POINT('',(0.143775028501,-0.1));
#1982 = CARTESIAN_POINT('',(0.,-0.1));
#1983 = ( GEOMETRIC_REPRESENTATION_CONTEXT(2) 
PARAMETRIC_REPRESENTATION_CONTEXT() REPRESENTATION_CONTEXT('2D SPACE',''
  ) );
#1984 = ORIENTED_EDGE('',*,*,#1985,.F.);
#1985 = EDGE_CURVE('',#1986,#1941,#1988,.T.);
#1986 = VERTEX_POINT('',#1987);
#1987 = CARTESIAN_POINT('',(-1.593017578125,-23.62036132812,2.));
#1988 = SURFACE_CURVE('',#1989,(#1996,#2006),.PCURVE_S1.);
#1989 = B_SPLINE_CURVE_WITH_KNOTS('',5,(#1990,#1991,#1992,#1993,#1994,
    #1995),.UNSPECIFIED.,.F.,.F.,(6,6),(0.,1.),
  .PIECEWISE_BEZIER_KNOTS.);
#1990 = CARTESIAN_POINT('',(-1.593017578125,-23.62036132812,2.));
#1991 = CARTESIAN_POINT('',(-1.670736778123,-23.71190787045,2.));
#1992 = CARTESIAN_POINT('',(-1.739195039175,-23.80544713673,2.));
#1993 = CARTESIAN_POINT('',(-1.797670992771,-23.90085744733,2.));
#1994 = CARTESIAN_POINT('',(-1.845516123482,-23.99794902169,2.));
#1995 = CARTESIAN_POINT('',(-1.88232421875,-24.09643554687,2.));
#1996 = PCURVE('',#73,#1997);
#1997 = DEFINITIONAL_REPRESENTATION('',(#1998),#2005);
#1998 = B_SPLINE_CURVE_WITH_KNOTS('',5,(#1999,#2000,#2001,#2002,#2003,
    #2004),.UNSPECIFIED.,.F.,.F.,(6,6),(0.,1.),
  .PIECEWISE_BEZIER_KNOTS.);
#1999 = CARTESIAN_POINT('',(-1.593017578125,-23.62036132812));
#2000 = CARTESIAN_POINT('',(-1.670736778123,-23.71190787045));
#2001 = CARTESIAN_POINT('',(-1.739195039175,-23.80544713673));
#2002 = CARTESIAN_POINT('',(-1.797670992771,-23.90085744733));
#2003 = CARTESIAN_POINT('',(-1.845516123482,-23.99794902169));
#2004 = CARTESIAN_POINT('',(-1.88232421875,-24.09643554687));
#2005 = ( GEOMETRIC_REPRESENTATION_CONTEXT(2) 
PARAMETRIC_REPRESENTATION_CONTEXT() REPRESENTATION_CONTEXT('2D SPACE',''
  ) );
#2006 = PCURVE('',#2007,#2014);
#2007 = SURFACE_OF_LINEAR_EXTRUSION('',#2008,#2012);
#2008 = B_SPLINE_CURVE_WITH_KNOTS('',2,(#2009,#2010,#2011),
  .UNSPECIFIED.,.F.,.F.,(3,3),(0.,1.),.PIECEWISE_BEZIER_KNOTS.);
#2009 = CARTESIAN_POINT('',(-1.88232421875,-24.09643554687,1.9));
#2010 = CARTESIAN_POINT('',(-1.7919921875,-23.85473632812,1.9));
#2011 = CARTESIAN_POINT('',(-1.593017578125,-23.62036132812,1.9));
#2012 = VECTOR('',#2013,1.);
#2013 = DIRECTION('',(-0.,-0.,-1.));
#2014 = DEFINITIONAL_REPRESENTATION('',(#2015),#2022);
#2015 = B_SPLINE_CURVE_WITH_KNOTS('',5,(#2016,#2017,#2018,#2019,#2020,
    #2021),.UNSPECIFIED.,.F.,.F.,(6,6),(0.,1.),
  .PIECEWISE_BEZIER_KNOTS.);
#2016 = CARTESIAN_POINT('',(1.,-0.1));
#2017 = CARTESIAN_POINT('',(0.804700709697,-0.1));
#2018 = CARTESIAN_POINT('',(0.606640217553,-0.1));
#2019 = CARTESIAN_POINT('',(0.406162185316,-0.1));
#2020 = CARTESIAN_POINT('',(0.203737781377,-0.1));
#2021 = CARTESIAN_POINT('',(0.,-0.1));
#2022 = ( GEOMETRIC_REPRESENTATION_CONTEXT(2) 
PARAMETRIC_REPRESENTATION_CONTEXT() REPRESENTATION_CONTEXT('2D SPACE',''
  ) );
#2023 = ORIENTED_EDGE('',*,*,#2024,.F.);
#2024 = EDGE_CURVE('',#2025,#1986,#2027,.T.);
#2025 = VERTEX_POINT('',#2026);
#2026 = CARTESIAN_POINT('',(-1.01806640625,-23.07836914062,2.));
#2027 = SURFACE_CURVE('',#2028,(#2036,#2047),.PCURVE_S1.);
#2028 = B_SPLINE_CURVE_WITH_KNOTS('',6,(#2029,#2030,#2031,#2032,#2033,
    #2034,#2035),.UNSPECIFIED.,.F.,.F.,(7,7),(0.,1.),
  .PIECEWISE_BEZIER_KNOTS.);
#2029 = CARTESIAN_POINT('',(-1.01806640625,-23.07836914062,2.));
#2030 = CARTESIAN_POINT('',(-1.132920838876,-23.17234094913,2.));
#2031 = CARTESIAN_POINT('',(-1.241696540046,-23.26534689985,2.));
#2032 = CARTESIAN_POINT('',(-1.343492330075,-23.35715183503,2.));
#2033 = CARTESIAN_POINT('',(-1.4370609433,-23.4473410972,2.));
#2034 = CARTESIAN_POINT('',(-1.520823736997,-23.53532318397,2.));
#2035 = CARTESIAN_POINT('',(-1.593017578125,-23.62036132812,2.));
#2036 = PCURVE('',#73,#2037);
#2037 = DEFINITIONAL_REPRESENTATION('',(#2038),#2046);
#2038 = B_SPLINE_CURVE_WITH_KNOTS('',6,(#2039,#2040,#2041,#2042,#2043,
    #2044,#2045),.UNSPECIFIED.,.F.,.F.,(7,7),(0.,1.),
  .PIECEWISE_BEZIER_KNOTS.);
#2039 = CARTESIAN_POINT('',(-1.01806640625,-23.07836914062));
#2040 = CARTESIAN_POINT('',(-1.132920838876,-23.17234094913));
#2041 = CARTESIAN_POINT('',(-1.241696540046,-23.26534689985));
#2042 = CARTESIAN_POINT('',(-1.343492330075,-23.35715183503));
#2043 = CARTESIAN_POINT('',(-1.4370609433,-23.4473410972));
#2044 = CARTESIAN_POINT('',(-1.520823736997,-23.53532318397));
#2045 = CARTESIAN_POINT('',(-1.593017578125,-23.62036132812));
#2046 = ( GEOMETRIC_REPRESENTATION_CONTEXT(2) 
PARAMETRIC_REPRESENTATION_CONTEXT() REPRESENTATION_CONTEXT('2D SPACE',''
  ) );
#2047 = PCURVE('',#2048,#2055);
#2048 = SURFACE_OF_LINEAR_EXTRUSION('',#2049,#2053);
#2049 = B_SPLINE_CURVE_WITH_KNOTS('',2,(#2050,#2051,#2052),
  .UNSPECIFIED.,.F.,.F.,(3,3),(0.,1.),.PIECEWISE_BEZIER_KNOTS.);
#2050 = CARTESIAN_POINT('',(-1.593017578125,-23.62036132812,1.9));
#2051 = CARTESIAN_POINT('',(-1.39404296875,-23.38598632812,1.9));
#2052 = CARTESIAN_POINT('',(-1.01806640625,-23.07836914062,1.9));
#2053 = VECTOR('',#2054,1.);
#2054 = DIRECTION('',(-0.,-0.,-1.));
#2055 = DEFINITIONAL_REPRESENTATION('',(#2056),#2064);
#2056 = B_SPLINE_CURVE_WITH_KNOTS('',6,(#2057,#2058,#2059,#2060,#2061,
    #2062,#2063),.UNSPECIFIED.,.F.,.F.,(7,7),(0.,1.),
  .PIECEWISE_BEZIER_KNOTS.);
#2057 = CARTESIAN_POINT('',(1.,-0.1));
#2058 = CARTESIAN_POINT('',(0.847258520768,-0.1));
#2059 = CARTESIAN_POINT('',(0.689421433656,-0.1));
#2060 = CARTESIAN_POINT('',(0.526035754006,-0.1));
#2061 = CARTESIAN_POINT('',(0.356767845911,-1.E-01));
#2062 = CARTESIAN_POINT('',(0.181414707522,-0.1));
#2063 = CARTESIAN_POINT('',(0.,-0.1));
#2064 = ( GEOMETRIC_REPRESENTATION_CONTEXT(2) 
PARAMETRIC_REPRESENTATION_CONTEXT() REPRESENTATION_CONTEXT('2D SPACE',''
  ) );
#2065 = ORIENTED_EDGE('',*,*,#2066,.F.);
#2066 = EDGE_CURVE('',#2067,#2025,#2069,.T.);
#2067 = VERTEX_POINT('',#2068);
#2068 = CARTESIAN_POINT('',(-0.2294921875,-22.3203125,2.));
#2069 = SURFACE_CURVE('',#2070,(#2080,#2093),.PCURVE_S1.);
#2070 = B_SPLINE_CURVE_WITH_KNOTS('',8,(#2071,#2072,#2073,#2074,#2075,
    #2076,#2077,#2078,#2079),.UNSPECIFIED.,.F.,.F.,(9,9),(0.,1.),
  .PIECEWISE_BEZIER_KNOTS.);
#2071 = CARTESIAN_POINT('',(-0.2294921875,-22.3203125,2.));
#2072 = CARTESIAN_POINT('',(-0.292446671404,-22.40612545722,2.));
#2073 = CARTESIAN_POINT('',(-0.371561013865,-22.49690451378,2.));
#2074 = CARTESIAN_POINT('',(-0.462618277123,-22.59089804628,2.));
#2075 = CARTESIAN_POINT('',(-0.562647730089,-22.68685299929,2.));
#2076 = CARTESIAN_POINT('',(-0.669384757806,-22.7838890308,2.));
#2077 = CARTESIAN_POINT('',(-0.781332235354,-22.88151605943,2.));
#2078 = CARTESIAN_POINT('',(-0.897628302986,-22.97959981744,2.));
#2079 = CARTESIAN_POINT('',(-1.01806640625,-23.07836914062,2.));
#2080 = PCURVE('',#73,#2081);
#2081 = DEFINITIONAL_REPRESENTATION('',(#2082),#2092);
#2082 = B_SPLINE_CURVE_WITH_KNOTS('',8,(#2083,#2084,#2085,#2086,#2087,
    #2088,#2089,#2090,#2091),.UNSPECIFIED.,.F.,.F.,(9,9),(0.,1.),
  .PIECEWISE_BEZIER_KNOTS.);
#2083 = CARTESIAN_POINT('',(-0.2294921875,-22.3203125));
#2084 = CARTESIAN_POINT('',(-0.292446671404,-22.40612545722));
#2085 = CARTESIAN_POINT('',(-0.371561013865,-22.49690451378));
#2086 = CARTESIAN_POINT('',(-0.462618277123,-22.59089804628));
#2087 = CARTESIAN_POINT('',(-0.562647730089,-22.68685299929));
#2088 = CARTESIAN_POINT('',(-0.669384757806,-22.7838890308));
#2089 = CARTESIAN_POINT('',(-0.781332235354,-22.88151605943));
#2090 = CARTESIAN_POINT('',(-0.897628302986,-22.97959981744));
#2091 = CARTESIAN_POINT('',(-1.01806640625,-23.07836914062));
#2092 = ( GEOMETRIC_REPRESENTATION_CONTEXT(2) 
PARAMETRIC_REPRESENTATION_CONTEXT() REPRESENTATION_CONTEXT('2D SPACE',''
  ) );
#2093 = PCURVE('',#2094,#2101);
#2094 = SURFACE_OF_LINEAR_EXTRUSION('',#2095,#2099);
#2095 = B_SPLINE_CURVE_WITH_KNOTS('',2,(#2096,#2097,#2098),
  .UNSPECIFIED.,.F.,.F.,(3,3),(0.,1.),.PIECEWISE_BEZIER_KNOTS.);
#2096 = CARTESIAN_POINT('',(-1.01806640625,-23.07836914062,1.9));
#2097 = CARTESIAN_POINT('',(-0.4345703125,-22.59985351562,1.9));
#2098 = CARTESIAN_POINT('',(-0.2294921875,-22.3203125,1.9));
#2099 = VECTOR('',#2100,1.);
#2100 = DIRECTION('',(-0.,-0.,-1.));
#2101 = DEFINITIONAL_REPRESENTATION('',(#2102),#2112);
#2102 = B_SPLINE_CURVE_WITH_KNOTS('',8,(#2103,#2104,#2105,#2106,#2107,
    #2108,#2109,#2110,#2111),.UNSPECIFIED.,.F.,.F.,(9,9),(0.,1.),
  .PIECEWISE_BEZIER_KNOTS.);
#2103 = CARTESIAN_POINT('',(1.,-0.1));
#2104 = CARTESIAN_POINT('',(0.846510972576,-0.1));
#2105 = CARTESIAN_POINT('',(0.703303426977,-0.1));
#2106 = CARTESIAN_POINT('',(0.569021382911,-0.1));
#2107 = CARTESIAN_POINT('',(0.442765140848,-1.E-01));
#2108 = CARTESIAN_POINT('',(0.323630828371,-0.1));
#2109 = CARTESIAN_POINT('',(0.210753273969,-1.E-01));
#2110 = CARTESIAN_POINT('',(0.10320386422,-0.1));
#2111 = CARTESIAN_POINT('',(0.,-0.1));
#2112 = ( GEOMETRIC_REPRESENTATION_CONTEXT(2) 
PARAMETRIC_REPRESENTATION_CONTEXT() REPRESENTATION_CONTEXT('2D SPACE',''
  ) );
#2113 = ORIENTED_EDGE('',*,*,#2114,.F.);
#2114 = EDGE_CURVE('',#2115,#2067,#2117,.T.);
#2115 = VERTEX_POINT('',#2116);
#2116 = CARTESIAN_POINT('',(-2.44140625E-02,-21.79174804687,2.));
#2117 = SURFACE_CURVE('',#2118,(#2129,#2143),.PCURVE_S1.);
#2118 = B_SPLINE_CURVE_WITH_KNOTS('',5,(#2119,#2120,#2121,#2122,#2123,
    #2124,#2125,#2126,#2127,#2128),.UNSPECIFIED.,.F.,.F.,(6,4,6),(0.,
    0.441469199033,1.),.UNSPECIFIED.);
#2119 = CARTESIAN_POINT('',(-2.44140625E-02,-21.79174804687,2.));
#2120 = CARTESIAN_POINT('',(-2.44140625E-02,-21.83722686156,2.));
#2121 = CARTESIAN_POINT('',(-2.86890814778E-02,-21.88321643921,2.));
#2122 = CARTESIAN_POINT('',(-3.719191740383E-02,-21.92959941957,2.));
#2123 = CARTESIAN_POINT('',(-4.97928592437E-02,-21.97626269492,2.));
#2124 = CARTESIAN_POINT('',(-8.721219572851E-02,-22.08235707894,2.));
#2125 = CARTESIAN_POINT('',(-0.11438518834,-22.1418949677,2.));
#2126 = CARTESIAN_POINT('',(-0.147468780929,-22.20150358158,2.));
#2127 = CARTESIAN_POINT('',(-0.185991304181,-22.26101665309,2.));
#2128 = CARTESIAN_POINT('',(-0.2294921875,-22.3203125,2.));
#2129 = PCURVE('',#73,#2130);
#2130 = DEFINITIONAL_REPRESENTATION('',(#2131),#2142);
#2131 = B_SPLINE_CURVE_WITH_KNOTS('',5,(#2132,#2133,#2134,#2135,#2136,
    #2137,#2138,#2139,#2140,#2141),.UNSPECIFIED.,.F.,.F.,(6,4,6),(0.,
    0.441469199033,1.),.UNSPECIFIED.);
#2132 = CARTESIAN_POINT('',(-2.44140625E-02,-21.79174804687));
#2133 = CARTESIAN_POINT('',(-2.44140625E-02,-21.83722686156));
#2134 = CARTESIAN_POINT('',(-2.86890814778E-02,-21.88321643921));
#2135 = CARTESIAN_POINT('',(-3.719191740383E-02,-21.92959941957));
#2136 = CARTESIAN_POINT('',(-4.97928592437E-02,-21.97626269492));
#2137 = CARTESIAN_POINT('',(-8.721219572851E-02,-22.08235707894));
#2138 = CARTESIAN_POINT('',(-0.11438518834,-22.1418949677));
#2139 = CARTESIAN_POINT('',(-0.147468780929,-22.20150358158));
#2140 = CARTESIAN_POINT('',(-0.185991304181,-22.26101665309));
#2141 = CARTESIAN_POINT('',(-0.2294921875,-22.3203125));
#2142 = ( GEOMETRIC_REPRESENTATION_CONTEXT(2) 
PARAMETRIC_REPRESENTATION_CONTEXT() REPRESENTATION_CONTEXT('2D SPACE',''
  ) );
#2143 = PCURVE('',#2144,#2151);
#2144 = SURFACE_OF_LINEAR_EXTRUSION('',#2145,#2149);
#2145 = B_SPLINE_CURVE_WITH_KNOTS('',2,(#2146,#2147,#2148),
  .UNSPECIFIED.,.F.,.F.,(3,3),(0.,1.),.PIECEWISE_BEZIER_KNOTS.);
#2146 = CARTESIAN_POINT('',(-0.2294921875,-22.3203125,1.9));
#2147 = CARTESIAN_POINT('',(-2.44140625E-02,-22.04077148437,1.9));
#2148 = CARTESIAN_POINT('',(-2.44140625E-02,-21.79174804687,1.9));
#2149 = VECTOR('',#2150,1.);
#2150 = DIRECTION('',(-0.,-0.,-1.));
#2151 = DEFINITIONAL_REPRESENTATION('',(#2152),#2163);
#2152 = B_SPLINE_CURVE_WITH_KNOTS('',5,(#2153,#2154,#2155,#2156,#2157,
    #2158,#2159,#2160,#2161,#2162),.UNSPECIFIED.,.F.,.F.,(6,4,6),(0.,
    0.441469199033,1.),.UNSPECIFIED.);
#2153 = CARTESIAN_POINT('',(1.,-0.1));
#2154 = CARTESIAN_POINT('',(0.908685674041,-0.1));
#2155 = CARTESIAN_POINT('',(0.817623132751,-0.1));
#2156 = CARTESIAN_POINT('',(0.727033913834,-0.1));
#2157 = CARTESIAN_POINT('',(0.637106363961,-0.1));
#2158 = CARTESIAN_POINT('',(0.435265863748,-0.1));
#2159 = CARTESIAN_POINT('',(0.323842037081,-0.1));
#2160 = CARTESIAN_POINT('',(0.214042211072,-0.1));
#2161 = CARTESIAN_POINT('',(0.106059296473,-0.1));
#2162 = CARTESIAN_POINT('',(0.,-0.1));
#2163 = ( GEOMETRIC_REPRESENTATION_CONTEXT(2) 
PARAMETRIC_REPRESENTATION_CONTEXT() REPRESENTATION_CONTEXT('2D SPACE',''
  ) );
#2164 = ORIENTED_EDGE('',*,*,#2165,.F.);
#2165 = EDGE_CURVE('',#2166,#2115,#2168,.T.);
#2166 = VERTEX_POINT('',#2167);
#2167 = CARTESIAN_POINT('',(-0.211181640625,-21.35107421875,2.));
#2168 = SURFACE_CURVE('',#2169,(#2180,#2194),.PCURVE_S1.);
#2169 = B_SPLINE_CURVE_WITH_KNOTS('',5,(#2170,#2171,#2172,#2173,#2174,
    #2175,#2176,#2177,#2178,#2179),.UNSPECIFIED.,.F.,.F.,(6,4,6),(0.,
    0.485846062669,1.),.UNSPECIFIED.);
#2170 = CARTESIAN_POINT('',(-0.211181640625,-21.35107421875,2.));
#2171 = CARTESIAN_POINT('',(-0.175251556392,-21.38559528007,2.));
#2172 = CARTESIAN_POINT('',(-0.1433648449,-21.42227402637,2.));
#2173 = CARTESIAN_POINT('',(-0.115738040804,-21.46108866316,2.));
#2174 = CARTESIAN_POINT('',(-9.25182454401E-02,-21.5019744123,2.));
#2175 = CARTESIAN_POINT('',(-5.390326569378E-02,-21.59014336773,2.));
#2176 = CARTESIAN_POINT('',(-3.904118156953E-02,-21.63766423758,2.));
#2177 = CARTESIAN_POINT('',(-2.92346186221E-02,-21.68723117473,2.));
#2178 = CARTESIAN_POINT('',(-2.44140625E-02,-21.73866177485,2.));
#2179 = CARTESIAN_POINT('',(-2.44140625E-02,-21.79174804687,2.));
#2180 = PCURVE('',#73,#2181);
#2181 = DEFINITIONAL_REPRESENTATION('',(#2182),#2193);
#2182 = B_SPLINE_CURVE_WITH_KNOTS('',5,(#2183,#2184,#2185,#2186,#2187,
    #2188,#2189,#2190,#2191,#2192),.UNSPECIFIED.,.F.,.F.,(6,4,6),(0.,
    0.485846062669,1.),.UNSPECIFIED.);
#2183 = CARTESIAN_POINT('',(-0.211181640625,-21.35107421875));
#2184 = CARTESIAN_POINT('',(-0.175251556392,-21.38559528007));
#2185 = CARTESIAN_POINT('',(-0.1433648449,-21.42227402637));
#2186 = CARTESIAN_POINT('',(-0.115738040804,-21.46108866316));
#2187 = CARTESIAN_POINT('',(-9.25182454401E-02,-21.5019744123));
#2188 = CARTESIAN_POINT('',(-5.390326569378E-02,-21.59014336773));
#2189 = CARTESIAN_POINT('',(-3.904118156953E-02,-21.63766423758));
#2190 = CARTESIAN_POINT('',(-2.92346186221E-02,-21.68723117473));
#2191 = CARTESIAN_POINT('',(-2.44140625E-02,-21.73866177485));
#2192 = CARTESIAN_POINT('',(-2.44140625E-02,-21.79174804687));
#2193 = ( GEOMETRIC_REPRESENTATION_CONTEXT(2) 
PARAMETRIC_REPRESENTATION_CONTEXT() REPRESENTATION_CONTEXT('2D SPACE',''
  ) );
#2194 = PCURVE('',#2195,#2202);
#2195 = SURFACE_OF_LINEAR_EXTRUSION('',#2196,#2200);
#2196 = B_SPLINE_CURVE_WITH_KNOTS('',2,(#2197,#2198,#2199),
  .UNSPECIFIED.,.F.,.F.,(3,3),(0.,1.),.PIECEWISE_BEZIER_KNOTS.);
#2197 = CARTESIAN_POINT('',(-2.44140625E-02,-21.79174804687,1.9));
#2198 = CARTESIAN_POINT('',(-2.44140625E-02,-21.53051757812,1.9));
#2199 = CARTESIAN_POINT('',(-0.211181640625,-21.35107421875,1.9));
#2200 = VECTOR('',#2201,1.);
#2201 = DIRECTION('',(-0.,-0.,-1.));
#2202 = DEFINITIONAL_REPRESENTATION('',(#2203),#2214);
#2203 = B_SPLINE_CURVE_WITH_KNOTS('',5,(#2204,#2205,#2206,#2207,#2208,
    #2209,#2210,#2211,#2212,#2213),.UNSPECIFIED.,.F.,.F.,(6,4,6),(0.,
    0.485846062669,1.),.UNSPECIFIED.);
#2204 = CARTESIAN_POINT('',(1.,-0.1));
#2205 = CARTESIAN_POINT('',(0.903810702602,-0.1));
#2206 = CARTESIAN_POINT('',(0.806880569519,-0.1));
#2207 = CARTESIAN_POINT('',(0.709432807625,-0.1));
#2208 = CARTESIAN_POINT('',(0.611714698663,-0.1));
#2209 = CARTESIAN_POINT('',(0.410591943595,-0.1));
#2210 = CARTESIAN_POINT('',(0.307179231014,-0.1));
#2211 = CARTESIAN_POINT('',(0.204087668508,-0.1));
#2212 = CARTESIAN_POINT('',(0.10160811692,-0.1));
#2213 = CARTESIAN_POINT('',(0.,-0.1));
#2214 = ( GEOMETRIC_REPRESENTATION_CONTEXT(2) 
PARAMETRIC_REPRESENTATION_CONTEXT() REPRESENTATION_CONTEXT('2D SPACE',''
  ) );
#2215 = ORIENTED_EDGE('',*,*,#2216,.F.);
#2216 = EDGE_CURVE('',#2217,#2166,#2219,.T.);
#2217 = VERTEX_POINT('',#2218);
#2218 = CARTESIAN_POINT('',(-0.6982421875,-21.17163085937,2.));
#2219 = SURFACE_CURVE('',#2220,(#2231,#2245),.PCURVE_S1.);
#2220 = B_SPLINE_CURVE_WITH_KNOTS('',5,(#2221,#2222,#2223,#2224,#2225,
    #2226,#2227,#2228,#2229,#2230),.UNSPECIFIED.,.F.,.F.,(6,4,6),(0.,
    0.758199815233,1.),.UNSPECIFIED.);
#2221 = CARTESIAN_POINT('',(-0.6982421875,-21.17163085937,2.));
#2222 = CARTESIAN_POINT('',(-0.60976853487,-21.17163085937,2.));
#2223 = CARTESIAN_POINT('',(-0.525799816354,-21.18136622508,2.));
#2224 = CARTESIAN_POINT('',(-0.447216706497,-21.20156389587,2.));
#2225 = CARTESIAN_POINT('',(-0.374811712701,-21.23261328272,2.));
#2226 = CARTESIAN_POINT('',(-0.28812131134,-21.28744832179,2.));
#2227 = CARTESIAN_POINT('',(-0.267837299859,-21.30177888313,2.));
#2228 = CARTESIAN_POINT('',(-0.248246110504,-21.31717123813,2.));
#2229 = CARTESIAN_POINT('',(-0.229358647473,-21.3336100357,2.));
#2230 = CARTESIAN_POINT('',(-0.211181640625,-21.35107421875,2.));
#2231 = PCURVE('',#73,#2232);
#2232 = DEFINITIONAL_REPRESENTATION('',(#2233),#2244);
#2233 = B_SPLINE_CURVE_WITH_KNOTS('',5,(#2234,#2235,#2236,#2237,#2238,
    #2239,#2240,#2241,#2242,#2243),.UNSPECIFIED.,.F.,.F.,(6,4,6),(0.,
    0.758199815233,1.),.UNSPECIFIED.);
#2234 = CARTESIAN_POINT('',(-0.6982421875,-21.17163085937));
#2235 = CARTESIAN_POINT('',(-0.60976853487,-21.17163085937));
#2236 = CARTESIAN_POINT('',(-0.525799816354,-21.18136622508));
#2237 = CARTESIAN_POINT('',(-0.447216706497,-21.20156389587));
#2238 = CARTESIAN_POINT('',(-0.374811712701,-21.23261328272));
#2239 = CARTESIAN_POINT('',(-0.28812131134,-21.28744832179));
#2240 = CARTESIAN_POINT('',(-0.267837299859,-21.30177888313));
#2241 = CARTESIAN_POINT('',(-0.248246110504,-21.31717123813));
#2242 = CARTESIAN_POINT('',(-0.229358647473,-21.3336100357));
#2243 = CARTESIAN_POINT('',(-0.211181640625,-21.35107421875));
#2244 = ( GEOMETRIC_REPRESENTATION_CONTEXT(2) 
PARAMETRIC_REPRESENTATION_CONTEXT() REPRESENTATION_CONTEXT('2D SPACE',''
  ) );
#2245 = PCURVE('',#2246,#2253);
#2246 = SURFACE_OF_LINEAR_EXTRUSION('',#2247,#2251);
#2247 = B_SPLINE_CURVE_WITH_KNOTS('',2,(#2248,#2249,#2250),
  .UNSPECIFIED.,.F.,.F.,(3,3),(0.,1.),.PIECEWISE_BEZIER_KNOTS.);
#2248 = CARTESIAN_POINT('',(-0.211181640625,-21.35107421875,1.9));
#2249 = CARTESIAN_POINT('',(-0.39794921875,-21.17163085937,1.9));
#2250 = CARTESIAN_POINT('',(-0.6982421875,-21.17163085937,1.9));
#2251 = VECTOR('',#2252,1.);
#2252 = DIRECTION('',(-0.,-0.,-1.));
#2253 = DEFINITIONAL_REPRESENTATION('',(#2254),#2265);
#2254 = B_SPLINE_CURVE_WITH_KNOTS('',5,(#2255,#2256,#2257,#2258,#2259,
    #2260,#2261,#2262,#2263,#2264),.UNSPECIFIED.,.F.,.F.,(6,4,6),(0.,
    0.758199815233,1.),.UNSPECIFIED.);
#2255 = CARTESIAN_POINT('',(1.,-0.1));
#2256 = CARTESIAN_POINT('',(0.852687771881,-0.1));
#2257 = CARTESIAN_POINT('',(0.702621275467,-0.1));
#2258 = CARTESIAN_POINT('',(0.550501116793,-0.1));
#2259 = CARTESIAN_POINT('',(0.397236650059,-0.1));
#2260 = CARTESIAN_POINT('',(0.195130757944,-0.1));
#2261 = CARTESIAN_POINT('',(0.146261340348,-0.1));
#2262 = CARTESIAN_POINT('',(9.742701367947E-02,-0.1));
#2263 = CARTESIAN_POINT('',(4.866210460767E-02,-0.1));
#2264 = CARTESIAN_POINT('',(0.,-0.1));
#2265 = ( GEOMETRIC_REPRESENTATION_CONTEXT(2) 
PARAMETRIC_REPRESENTATION_CONTEXT() REPRESENTATION_CONTEXT('2D SPACE',''
  ) );
#2266 = ORIENTED_EDGE('',*,*,#2267,.F.);
#2267 = EDGE_CURVE('',#2268,#2217,#2270,.T.);
#2268 = VERTEX_POINT('',#2269);
#2269 = CARTESIAN_POINT('',(-1.2060546875,-21.36206054687,2.));
#2270 = SURFACE_CURVE('',#2271,(#2282,#2296),.PCURVE_S1.);
#2271 = B_SPLINE_CURVE_WITH_KNOTS('',5,(#2272,#2273,#2274,#2275,#2276,
    #2277,#2278,#2279,#2280,#2281),.UNSPECIFIED.,.F.,.F.,(6,4,6),(0.,
    0.227478441791,1.),.UNSPECIFIED.);
#2272 = CARTESIAN_POINT('',(-1.2060546875,-21.36206054687,2.));
#2273 = CARTESIAN_POINT('',(-1.188585679864,-21.34459153923,2.));
#2274 = CARTESIAN_POINT('',(-1.170411382678,-21.32808648789,2.));
#2275 = CARTESIAN_POINT('',(-1.151538139073,-21.31256626411,2.));
#2276 = CARTESIAN_POINT('',(-1.13197649734,-21.29804630652,2.));
#2277 = CARTESIAN_POINT('',(-1.04302175401,-21.23865744609,2.));
#2278 = CARTESIAN_POINT('',(-0.966516090667,-21.20441827385,2.));
#2279 = CARTESIAN_POINT('',(-0.882849681068,-21.18225237613,2.));
#2280 = CARTESIAN_POINT('',(-0.793053817957,-21.17163085937,2.));
#2281 = CARTESIAN_POINT('',(-0.6982421875,-21.17163085937,2.));
#2282 = PCURVE('',#73,#2283);
#2283 = DEFINITIONAL_REPRESENTATION('',(#2284),#2295);
#2284 = B_SPLINE_CURVE_WITH_KNOTS('',5,(#2285,#2286,#2287,#2288,#2289,
    #2290,#2291,#2292,#2293,#2294),.UNSPECIFIED.,.F.,.F.,(6,4,6),(0.,
    0.227478441791,1.),.UNSPECIFIED.);
#2285 = CARTESIAN_POINT('',(-1.2060546875,-21.36206054687));
#2286 = CARTESIAN_POINT('',(-1.188585679864,-21.34459153923));
#2287 = CARTESIAN_POINT('',(-1.170411382678,-21.32808648789));
#2288 = CARTESIAN_POINT('',(-1.151538139073,-21.31256626411));
#2289 = CARTESIAN_POINT('',(-1.13197649734,-21.29804630652));
#2290 = CARTESIAN_POINT('',(-1.04302175401,-21.23865744609));
#2291 = CARTESIAN_POINT('',(-0.966516090667,-21.20441827385));
#2292 = CARTESIAN_POINT('',(-0.882849681068,-21.18225237613));
#2293 = CARTESIAN_POINT('',(-0.793053817957,-21.17163085937));
#2294 = CARTESIAN_POINT('',(-0.6982421875,-21.17163085937));
#2295 = ( GEOMETRIC_REPRESENTATION_CONTEXT(2) 
PARAMETRIC_REPRESENTATION_CONTEXT() REPRESENTATION_CONTEXT('2D SPACE',''
  ) );
#2296 = PCURVE('',#2297,#2304);
#2297 = SURFACE_OF_LINEAR_EXTRUSION('',#2298,#2302);
#2298 = B_SPLINE_CURVE_WITH_KNOTS('',2,(#2299,#2300,#2301),
  .UNSPECIFIED.,.F.,.F.,(3,3),(0.,1.),.PIECEWISE_BEZIER_KNOTS.);
#2299 = CARTESIAN_POINT('',(-0.6982421875,-21.17163085937,1.9));
#2300 = CARTESIAN_POINT('',(-1.015625,-21.17163085937,1.9));
#2301 = CARTESIAN_POINT('',(-1.2060546875,-21.36206054687,1.9));
#2302 = VECTOR('',#2303,1.);
#2303 = DIRECTION('',(-0.,-0.,-1.));
#2304 = DEFINITIONAL_REPRESENTATION('',(#2305),#2316);
#2305 = B_SPLINE_CURVE_WITH_KNOTS('',5,(#2306,#2307,#2308,#2309,#2310,
    #2311,#2312,#2313,#2314,#2315),.UNSPECIFIED.,.F.,.F.,(6,4,6),(0.,
    0.227478441791,1.),.UNSPECIFIED.);
#2306 = CARTESIAN_POINT('',(1.,-0.1));
#2307 = CARTESIAN_POINT('',(0.954132656873,-0.1));
#2308 = CARTESIAN_POINT('',(0.908166612716,-0.1));
#2309 = CARTESIAN_POINT('',(0.862133780585,-0.1));
#2310 = CARTESIAN_POINT('',(0.816066992611,-0.1));
#2311 = CARTESIAN_POINT('',(0.613555527137,-0.1));
#2312 = CARTESIAN_POINT('',(0.457069771997,-0.1));
#2313 = CARTESIAN_POINT('',(0.301983121315,-0.1));
#2314 = CARTESIAN_POINT('',(0.149364783982,-0.1));
#2315 = CARTESIAN_POINT('',(0.,-0.1));
#2316 = ( GEOMETRIC_REPRESENTATION_CONTEXT(2) 
PARAMETRIC_REPRESENTATION_CONTEXT() REPRESENTATION_CONTEXT('2D SPACE',''
  ) );
#2317 = ORIENTED_EDGE('',*,*,#2318,.F.);
#2318 = EDGE_CURVE('',#2319,#2268,#2321,.T.);
#2319 = VERTEX_POINT('',#2320);
#2320 = CARTESIAN_POINT('',(-1.39892578125,-21.88940429687,2.));
#2321 = SURFACE_CURVE('',#2322,(#2335,#2351),.PCURVE_S1.);
#2322 = B_SPLINE_CURVE_WITH_KNOTS('',6,(#2323,#2324,#2325,#2326,#2327,
    #2328,#2329,#2330,#2331,#2332,#2333,#2334),.UNSPECIFIED.,.F.,.F.,(7,
    5,7),(0.,0.862461154721,1.),.UNSPECIFIED.);
#2323 = CARTESIAN_POINT('',(-1.39892578125,-21.88940429687,2.));
#2324 = CARTESIAN_POINT('',(-1.398253674219,-21.79665352655,2.));
#2325 = CARTESIAN_POINT('',(-1.389017978699,-21.70846076587,2.));
#2326 = CARTESIAN_POINT('',(-1.37049471573,-21.62572526017,2.));
#2327 = CARTESIAN_POINT('',(-1.342136133703,-21.54932692163,2.));
#2328 = CARTESIAN_POINT('',(-1.303741759862,-21.48001385326,2.));
#2329 = CARTESIAN_POINT('',(-1.248027563447,-21.40840262787,2.));
#2330 = CARTESIAN_POINT('',(-1.240118744995,-21.39874488147,2.));
#2331 = CARTESIAN_POINT('',(-1.231965307555,-21.38928043085,2.));
#2332 = CARTESIAN_POINT('',(-1.223568855949,-21.3800107612,2.));
#2333 = CARTESIAN_POINT('',(-1.214931266592,-21.37093712596,2.));
#2334 = CARTESIAN_POINT('',(-1.2060546875,-21.36206054687,2.));
#2335 = PCURVE('',#73,#2336);
#2336 = DEFINITIONAL_REPRESENTATION('',(#2337),#2350);
#2337 = B_SPLINE_CURVE_WITH_KNOTS('',6,(#2338,#2339,#2340,#2341,#2342,
    #2343,#2344,#2345,#2346,#2347,#2348,#2349),.UNSPECIFIED.,.F.,.F.,(7,
    5,7),(0.,0.862461154721,1.),.UNSPECIFIED.);
#2338 = CARTESIAN_POINT('',(-1.39892578125,-21.88940429687));
#2339 = CARTESIAN_POINT('',(-1.398253674219,-21.79665352655));
#2340 = CARTESIAN_POINT('',(-1.389017978699,-21.70846076587));
#2341 = CARTESIAN_POINT('',(-1.37049471573,-21.62572526017));
#2342 = CARTESIAN_POINT('',(-1.342136133703,-21.54932692163));
#2343 = CARTESIAN_POINT('',(-1.303741759862,-21.48001385326));
#2344 = CARTESIAN_POINT('',(-1.248027563447,-21.40840262787));
#2345 = CARTESIAN_POINT('',(-1.240118744995,-21.39874488147));
#2346 = CARTESIAN_POINT('',(-1.231965307555,-21.38928043085));
#2347 = CARTESIAN_POINT('',(-1.223568855949,-21.3800107612));
#2348 = CARTESIAN_POINT('',(-1.214931266592,-21.37093712596));
#2349 = CARTESIAN_POINT('',(-1.2060546875,-21.36206054687));
#2350 = ( GEOMETRIC_REPRESENTATION_CONTEXT(2) 
PARAMETRIC_REPRESENTATION_CONTEXT() REPRESENTATION_CONTEXT('2D SPACE',''
  ) );
#2351 = PCURVE('',#2352,#2359);
#2352 = SURFACE_OF_LINEAR_EXTRUSION('',#2353,#2357);
#2353 = B_SPLINE_CURVE_WITH_KNOTS('',2,(#2354,#2355,#2356),
  .UNSPECIFIED.,.F.,.F.,(3,3),(0.,1.),.PIECEWISE_BEZIER_KNOTS.);
#2354 = CARTESIAN_POINT('',(-1.2060546875,-21.36206054687,1.9));
#2355 = CARTESIAN_POINT('',(-1.396484375,-21.55249023437,1.9));
#2356 = CARTESIAN_POINT('',(-1.39892578125,-21.88940429687,1.9));
#2357 = VECTOR('',#2358,1.);
#2358 = DIRECTION('',(-0.,-0.,-1.));
#2359 = DEFINITIONAL_REPRESENTATION('',(#2360),#2373);
#2360 = B_SPLINE_CURVE_WITH_KNOTS('',6,(#2361,#2362,#2363,#2364,#2365,
    #2366,#2367,#2368,#2369,#2370,#2371,#2372),.UNSPECIFIED.,.F.,.F.,(7,
    5,7),(0.,0.862461154721,1.),.UNSPECIFIED.);
#2361 = CARTESIAN_POINT('',(1.,-0.1));
#2362 = CARTESIAN_POINT('',(0.862352479994,-0.1));
#2363 = CARTESIAN_POINT('',(0.72158392436,-0.1));
#2364 = CARTESIAN_POINT('',(0.578188857357,-0.1));
#2365 = CARTESIAN_POINT('',(0.432835919368,-0.1));
#2366 = CARTESIAN_POINT('',(0.286398578099,-0.1));
#2367 = CARTESIAN_POINT('',(0.116653451263,-0.1));
#2368 = CARTESIAN_POINT('',(9.330679594415E-02,-0.1));
#2369 = CARTESIAN_POINT('',(6.996410084907E-02,-0.1));
#2370 = CARTESIAN_POINT('',(4.662940311955E-02,-0.1));
#2371 = CARTESIAN_POINT('',(2.330671023247E-02,-0.1));
#2372 = CARTESIAN_POINT('',(0.,-0.1));
#2373 = ( GEOMETRIC_REPRESENTATION_CONTEXT(2) 
PARAMETRIC_REPRESENTATION_CONTEXT() REPRESENTATION_CONTEXT('2D SPACE',''
  ) );
#2374 = ORIENTED_EDGE('',*,*,#2375,.F.);
#2375 = EDGE_CURVE('',#2376,#2319,#2378,.T.);
#2376 = VERTEX_POINT('',#2377);
#2377 = CARTESIAN_POINT('',(-1.8505859375,-21.84301757812,2.));
#2378 = SURFACE_CURVE('',#2379,(#2383,#2390),.PCURVE_S1.);
#2379 = LINE('',#2380,#2381);
#2380 = CARTESIAN_POINT('',(-0.790070626567,-21.95193536681,2.));
#2381 = VECTOR('',#2382,1.);
#2382 = DIRECTION('',(0.994767435445,-0.102165304181,0.));
#2383 = PCURVE('',#73,#2384);
#2384 = DEFINITIONAL_REPRESENTATION('',(#2385),#2389);
#2385 = LINE('',#2386,#2387);
#2386 = CARTESIAN_POINT('',(-0.790070626567,-21.95193536681));
#2387 = VECTOR('',#2388,1.);
#2388 = DIRECTION('',(0.994767435445,-0.102165304181));
#2389 = ( GEOMETRIC_REPRESENTATION_CONTEXT(2) 
PARAMETRIC_REPRESENTATION_CONTEXT() REPRESENTATION_CONTEXT('2D SPACE',''
  ) );
#2390 = PCURVE('',#2391,#2396);
#2391 = PLANE('',#2392);
#2392 = AXIS2_PLACEMENT_3D('',#2393,#2394,#2395);
#2393 = CARTESIAN_POINT('',(-1.39892578125,-21.88940429687,1.9));
#2394 = DIRECTION('',(-0.102165304181,-0.994767435445,0.));
#2395 = DIRECTION('',(-0.994767435445,0.102165304181,0.));
#2396 = DEFINITIONAL_REPRESENTATION('',(#2397),#2400);
#2397 = B_SPLINE_CURVE_WITH_KNOTS('',1,(#2398,#2399),.UNSPECIFIED.,.F.,
  .F.,(2,2),(-1.06609371512,-0.612057786563),.PIECEWISE_BEZIER_KNOTS.);
#2398 = CARTESIAN_POINT('',(0.454035928557,-0.1));
#2399 = CARTESIAN_POINT('',(0.,-0.1));
#2400 = ( GEOMETRIC_REPRESENTATION_CONTEXT(2) 
PARAMETRIC_REPRESENTATION_CONTEXT() REPRESENTATION_CONTEXT('2D SPACE',''
  ) );
#2401 = ORIENTED_EDGE('',*,*,#2402,.F.);
#2402 = EDGE_CURVE('',#2403,#2376,#2405,.T.);
#2403 = VERTEX_POINT('',#2404);
#2404 = CARTESIAN_POINT('',(-1.50146484375,-21.07275390625,2.));
#2405 = SURFACE_CURVE('',#2406,(#2419,#2435),.PCURVE_S1.);
#2406 = B_SPLINE_CURVE_WITH_KNOTS('',6,(#2407,#2408,#2409,#2410,#2411,
    #2412,#2413,#2414,#2415,#2416,#2417,#2418),.UNSPECIFIED.,.F.,.F.,(7,
    5,7),(0.,0.108385136257,1.),.UNSPECIFIED.);
#2407 = CARTESIAN_POINT('',(-1.50146484375,-21.07275390625,2.));
#2408 = CARTESIAN_POINT('',(-1.512752634003,-21.08263072272,2.));
#2409 = CARTESIAN_POINT('',(-1.523835123499,-21.09271559909,2.));
#2410 = CARTESIAN_POINT('',(-1.534709605685,-21.10300727133,2.));
#2411 = CARTESIAN_POINT('',(-1.545373625736,-21.11350420763,2.));
#2412 = CARTESIAN_POINT('',(-1.555824980549,-21.1242046084,2.));
#2413 = CARTESIAN_POINT('',(-1.650272785426,-21.22478849126,2.));
#2414 = CARTESIAN_POINT('',(-1.720001801489,-21.32814352669,2.));
#2415 = CARTESIAN_POINT('',(-1.773960446082,-21.44385965599,2.));
#2416 = CARTESIAN_POINT('',(-1.812762398734,-21.56973260945,2.));
#2417 = CARTESIAN_POINT('',(-1.837776185954,-21.70345870601,2.));
#2418 = CARTESIAN_POINT('',(-1.8505859375,-21.84301757812,2.));
#2419 = PCURVE('',#73,#2420);
#2420 = DEFINITIONAL_REPRESENTATION('',(#2421),#2434);
#2421 = B_SPLINE_CURVE_WITH_KNOTS('',6,(#2422,#2423,#2424,#2425,#2426,
    #2427,#2428,#2429,#2430,#2431,#2432,#2433),.UNSPECIFIED.,.F.,.F.,(7,
    5,7),(0.,0.108385136257,1.),.UNSPECIFIED.);
#2422 = CARTESIAN_POINT('',(-1.50146484375,-21.07275390625));
#2423 = CARTESIAN_POINT('',(-1.512752634003,-21.08263072272));
#2424 = CARTESIAN_POINT('',(-1.523835123499,-21.09271559909));
#2425 = CARTESIAN_POINT('',(-1.534709605685,-21.10300727133));
#2426 = CARTESIAN_POINT('',(-1.545373625736,-21.11350420763));
#2427 = CARTESIAN_POINT('',(-1.555824980549,-21.1242046084));
#2428 = CARTESIAN_POINT('',(-1.650272785426,-21.22478849126));
#2429 = CARTESIAN_POINT('',(-1.720001801489,-21.32814352669));
#2430 = CARTESIAN_POINT('',(-1.773960446082,-21.44385965599));
#2431 = CARTESIAN_POINT('',(-1.812762398734,-21.56973260945));
#2432 = CARTESIAN_POINT('',(-1.837776185954,-21.70345870601));
#2433 = CARTESIAN_POINT('',(-1.8505859375,-21.84301757812));
#2434 = ( GEOMETRIC_REPRESENTATION_CONTEXT(2) 
PARAMETRIC_REPRESENTATION_CONTEXT() REPRESENTATION_CONTEXT('2D SPACE',''
  ) );
#2435 = PCURVE('',#2436,#2443);
#2436 = SURFACE_OF_LINEAR_EXTRUSION('',#2437,#2441);
#2437 = B_SPLINE_CURVE_WITH_KNOTS('',2,(#2438,#2439,#2440),
  .UNSPECIFIED.,.F.,.F.,(3,3),(0.,1.),.PIECEWISE_BEZIER_KNOTS.);
#2438 = CARTESIAN_POINT('',(-1.8505859375,-21.84301757812,1.9));
#2439 = CARTESIAN_POINT('',(-1.80419921875,-21.33764648437,1.9));
#2440 = CARTESIAN_POINT('',(-1.50146484375,-21.07275390625,1.9));
#2441 = VECTOR('',#2442,1.);
#2442 = DIRECTION('',(-0.,-0.,-1.));
#2443 = DEFINITIONAL_REPRESENTATION('',(#2444),#2457);
#2444 = B_SPLINE_CURVE_WITH_KNOTS('',6,(#2445,#2446,#2447,#2448,#2449,
    #2450,#2451,#2452,#2453,#2454,#2455,#2456),.UNSPECIFIED.,.F.,.F.,(7,
    5,7),(0.,0.108385136257,1.),.UNSPECIFIED.);
#2445 = CARTESIAN_POINT('',(1.,-0.1));
#2446 = CARTESIAN_POINT('',(0.981356939969,-0.1));
#2447 = CARTESIAN_POINT('',(0.962699789374,-0.1));
#2448 = CARTESIAN_POINT('',(0.944032012528,-0.1));
#2449 = CARTESIAN_POINT('',(0.92535710257,-0.1));
#2450 = CARTESIAN_POINT('',(0.906678581464,-0.1));
#2451 = CARTESIAN_POINT('',(0.734343313834,-0.1));
#2452 = CARTESIAN_POINT('',(0.58060700489,-0.1));
#2453 = CARTESIAN_POINT('',(0.42908701717,-0.1));
#2454 = CARTESIAN_POINT('',(0.281266881961,-1.E-01));
#2455 = CARTESIAN_POINT('',(0.138075637719,-0.1));
#2456 = CARTESIAN_POINT('',(0.,-0.1));
#2457 = ( GEOMETRIC_REPRESENTATION_CONTEXT(2) 
PARAMETRIC_REPRESENTATION_CONTEXT() REPRESENTATION_CONTEXT('2D SPACE',''
  ) );
#2458 = ORIENTED_EDGE('',*,*,#2459,.F.);
#2459 = EDGE_CURVE('',#2460,#2403,#2462,.T.);
#2460 = VERTEX_POINT('',#2461);
#2461 = CARTESIAN_POINT('',(-0.6884765625,-20.80786132812,2.));
#2462 = SURFACE_CURVE('',#2463,(#2478,#2496),.PCURVE_S1.);
#2463 = B_SPLINE_CURVE_WITH_KNOTS('',5,(#2464,#2465,#2466,#2467,#2468,
    #2469,#2470,#2471,#2472,#2473,#2474,#2475,#2476,#2477),
  .UNSPECIFIED.,.F.,.F.,(6,4,4,6),(0.,0.482150021423,0.938228605088,1.),
  .UNSPECIFIED.);
#2464 = CARTESIAN_POINT('',(-0.6884765625,-20.80786132812,2.));
#2465 = CARTESIAN_POINT('',(-0.780025773632,-20.80786132812,2.));
#2466 = CARTESIAN_POINT('',(-0.869532039432,-20.81319134203,2.));
#2467 = CARTESIAN_POINT('',(-0.956529659876,-20.82434468779,2.));
#2468 = CARTESIAN_POINT('',(-1.040429058711,-20.84181545268,2.));
#2469 = CARTESIAN_POINT('',(-1.196479542098,-20.8886416638,2.));
#2470 = CARTESIAN_POINT('',(-1.269030251458,-20.9173057444,2.));
#2471 = CARTESIAN_POINT('',(-1.337735416025,-20.95209713496,2.));
#2472 = CARTESIAN_POINT('',(-1.402122028228,-20.99305965429,2.));
#2473 = CARTESIAN_POINT('',(-1.469956425295,-21.04628114709,2.));
#2474 = CARTESIAN_POINT('',(-1.477962943162,-21.05273815655,2.));
#2475 = CARTESIAN_POINT('',(-1.485883636971,-21.05930308514,2.));
#2476 = CARTESIAN_POINT('',(-1.493717812914,-21.06597525426,2.));
#2477 = CARTESIAN_POINT('',(-1.50146484375,-21.07275390625,2.));
#2478 = PCURVE('',#73,#2479);
#2479 = DEFINITIONAL_REPRESENTATION('',(#2480),#2495);
#2480 = B_SPLINE_CURVE_WITH_KNOTS('',5,(#2481,#2482,#2483,#2484,#2485,
    #2486,#2487,#2488,#2489,#2490,#2491,#2492,#2493,#2494),
  .UNSPECIFIED.,.F.,.F.,(6,4,4,6),(0.,0.482150021423,0.938228605088,1.),
  .UNSPECIFIED.);
#2481 = CARTESIAN_POINT('',(-0.6884765625,-20.80786132812));
#2482 = CARTESIAN_POINT('',(-0.780025773632,-20.80786132812));
#2483 = CARTESIAN_POINT('',(-0.869532039432,-20.81319134203));
#2484 = CARTESIAN_POINT('',(-0.956529659876,-20.82434468779));
#2485 = CARTESIAN_POINT('',(-1.040429058711,-20.84181545268));
#2486 = CARTESIAN_POINT('',(-1.196479542098,-20.8886416638));
#2487 = CARTESIAN_POINT('',(-1.269030251458,-20.9173057444));
#2488 = CARTESIAN_POINT('',(-1.337735416025,-20.95209713496));
#2489 = CARTESIAN_POINT('',(-1.402122028228,-20.99305965429));
#2490 = CARTESIAN_POINT('',(-1.469956425295,-21.04628114709));
#2491 = CARTESIAN_POINT('',(-1.477962943162,-21.05273815655));
#2492 = CARTESIAN_POINT('',(-1.485883636971,-21.05930308514));
#2493 = CARTESIAN_POINT('',(-1.493717812914,-21.06597525426));
#2494 = CARTESIAN_POINT('',(-1.50146484375,-21.07275390625));
#2495 = ( GEOMETRIC_REPRESENTATION_CONTEXT(2) 
PARAMETRIC_REPRESENTATION_CONTEXT() REPRESENTATION_CONTEXT('2D SPACE',''
  ) );
#2496 = PCURVE('',#2497,#2504);
#2497 = SURFACE_OF_LINEAR_EXTRUSION('',#2498,#2502);
#2498 = B_SPLINE_CURVE_WITH_KNOTS('',2,(#2499,#2500,#2501),
  .UNSPECIFIED.,.F.,.F.,(3,3),(0.,1.),.PIECEWISE_BEZIER_KNOTS.);
#2499 = CARTESIAN_POINT('',(-1.50146484375,-21.07275390625,1.9));
#2500 = CARTESIAN_POINT('',(-1.19873046875,-20.80786132812,1.9));
#2501 = CARTESIAN_POINT('',(-0.6884765625,-20.80786132812,1.9));
#2502 = VECTOR('',#2503,1.);
#2503 = DIRECTION('',(-0.,-0.,-1.));
#2504 = DEFINITIONAL_REPRESENTATION('',(#2505),#2520);
#2505 = B_SPLINE_CURVE_WITH_KNOTS('',5,(#2506,#2507,#2508,#2509,#2510,
    #2511,#2512,#2513,#2514,#2515,#2516,#2517,#2518,#2519),
  .UNSPECIFIED.,.F.,.F.,(6,4,4,6),(0.,0.482150021423,0.938228605088,1.),
  .UNSPECIFIED.);
#2506 = CARTESIAN_POINT('',(1.,-0.1));
#2507 = CARTESIAN_POINT('',(0.910290533781,-0.1));
#2508 = CARTESIAN_POINT('',(0.818491282869,-0.1));
#2509 = CARTESIAN_POINT('',(0.724679884842,-0.1));
#2510 = CARTESIAN_POINT('',(0.629054773526,-0.1));
#2511 = CARTESIAN_POINT('',(0.440193297354,-0.1));
#2512 = CARTESIAN_POINT('',(0.347096076984,-0.1));
#2513 = CARTESIAN_POINT('',(0.253063389062,-0.1));
#2514 = CARTESIAN_POINT('',(0.158525097489,-0.1));
#2515 = CARTESIAN_POINT('',(5.119749767864E-02,-0.1));
#2516 = CARTESIAN_POINT('',(3.839504346835E-02,-0.1));
#2517 = CARTESIAN_POINT('',(2.559384267455E-02,-0.1));
#2518 = CARTESIAN_POINT('',(1.279509609106E-02,-0.1));
#2519 = CARTESIAN_POINT('',(0.,-0.1));
#2520 = ( GEOMETRIC_REPRESENTATION_CONTEXT(2) 
PARAMETRIC_REPRESENTATION_CONTEXT() REPRESENTATION_CONTEXT('2D SPACE',''
  ) );
#2521 = ORIENTED_EDGE('',*,*,#2522,.F.);
#2522 = EDGE_CURVE('',#2523,#2460,#2525,.T.);
#2523 = VERTEX_POINT('',#2524);
#2524 = CARTESIAN_POINT('',(0.126953125,-21.09350585937,2.));
#2525 = SURFACE_CURVE('',#2526,(#2539,#2555),.PCURVE_S1.);
#2526 = B_SPLINE_CURVE_WITH_KNOTS('',6,(#2527,#2528,#2529,#2530,#2531,
    #2532,#2533,#2534,#2535,#2536,#2537,#2538),.UNSPECIFIED.,.F.,.F.,(7,
    5,7),(0.,0.129952580841,1.),.UNSPECIFIED.);
#2527 = CARTESIAN_POINT('',(0.126953125,-21.09350585937,2.));
#2528 = CARTESIAN_POINT('',(0.113564296706,-21.08077014465,2.));
#2529 = CARTESIAN_POINT('',(9.990470302255E-02,-21.06836131977,2.));
#2530 = CARTESIAN_POINT('',(8.597687183045E-02,-21.05628418196,2.));
#2531 = CARTESIAN_POINT('',(7.178384054336E-02,-21.04454294811,2.));
#2532 = CARTESIAN_POINT('',(5.732915610715E-02,-21.03314125478,2.));
#2533 = CARTESIAN_POINT('',(-5.58835327977E-02,-20.9480402394,2.));
#2534 = CARTESIAN_POINT('',(-0.165978257259,-20.8893186482,2.));
#2535 = CARTESIAN_POINT('',(-0.28627980532,-20.84700501984,2.));
#2536 = CARTESIAN_POINT('',(-0.414776772036,-20.82034813343,2.));
#2537 = CARTESIAN_POINT('',(-0.549430754792,-20.80786132812,2.));
#2538 = CARTESIAN_POINT('',(-0.6884765625,-20.80786132812,2.));
#2539 = PCURVE('',#73,#2540);
#2540 = DEFINITIONAL_REPRESENTATION('',(#2541),#2554);
#2541 = B_SPLINE_CURVE_WITH_KNOTS('',6,(#2542,#2543,#2544,#2545,#2546,
    #2547,#2548,#2549,#2550,#2551,#2552,#2553),.UNSPECIFIED.,.F.,.F.,(7,
    5,7),(0.,0.129952580841,1.),.UNSPECIFIED.);
#2542 = CARTESIAN_POINT('',(0.126953125,-21.09350585937));
#2543 = CARTESIAN_POINT('',(0.113564296706,-21.08077014465));
#2544 = CARTESIAN_POINT('',(9.990470302255E-02,-21.06836131977));
#2545 = CARTESIAN_POINT('',(8.597687183045E-02,-21.05628418196));
#2546 = CARTESIAN_POINT('',(7.178384054336E-02,-21.04454294811));
#2547 = CARTESIAN_POINT('',(5.732915610715E-02,-21.03314125478));
#2548 = CARTESIAN_POINT('',(-5.58835327977E-02,-20.9480402394));
#2549 = CARTESIAN_POINT('',(-0.165978257259,-20.8893186482));
#2550 = CARTESIAN_POINT('',(-0.28627980532,-20.84700501984));
#2551 = CARTESIAN_POINT('',(-0.414776772036,-20.82034813343));
#2552 = CARTESIAN_POINT('',(-0.549430754792,-20.80786132812));
#2553 = CARTESIAN_POINT('',(-0.6884765625,-20.80786132812));
#2554 = ( GEOMETRIC_REPRESENTATION_CONTEXT(2) 
PARAMETRIC_REPRESENTATION_CONTEXT() REPRESENTATION_CONTEXT('2D SPACE',''
  ) );
#2555 = PCURVE('',#2556,#2563);
#2556 = SURFACE_OF_LINEAR_EXTRUSION('',#2557,#2561);
#2557 = B_SPLINE_CURVE_WITH_KNOTS('',2,(#2558,#2559,#2560),
  .UNSPECIFIED.,.F.,.F.,(3,3),(0.,1.),.PIECEWISE_BEZIER_KNOTS.);
#2558 = CARTESIAN_POINT('',(-0.6884765625,-20.80786132812,1.9));
#2559 = CARTESIAN_POINT('',(-0.17333984375,-20.80786132812,1.9));
#2560 = CARTESIAN_POINT('',(0.126953125,-21.09350585937,1.9));
#2561 = VECTOR('',#2562,1.);
#2562 = DIRECTION('',(-0.,-0.,-1.));
#2563 = DEFINITIONAL_REPRESENTATION('',(#2564),#2577);
#2564 = B_SPLINE_CURVE_WITH_KNOTS('',6,(#2565,#2566,#2567,#2568,#2569,
    #2570,#2571,#2572,#2573,#2574,#2575,#2576),.UNSPECIFIED.,.F.,.F.,(7,
    5,7),(0.,0.129952580841,1.),.UNSPECIFIED.);
#2565 = CARTESIAN_POINT('',(1.,-0.1));
#2566 = CARTESIAN_POINT('',(0.977707056629,-0.1));
#2567 = CARTESIAN_POINT('',(0.955389945374,-0.1));
#2568 = CARTESIAN_POINT('',(0.933054621988,-0.1));
#2569 = CARTESIAN_POINT('',(0.91070711312,-0.1));
#2570 = CARTESIAN_POINT('',(0.888353516312,-0.1));
#2571 = CARTESIAN_POINT('',(0.716340646945,-0.1));
#2572 = CARTESIAN_POINT('',(0.566612054775,-0.1));
#2573 = CARTESIAN_POINT('',(0.418954959551,-0.1));
#2574 = CARTESIAN_POINT('',(0.274773244996,-1.E-01));
#2575 = CARTESIAN_POINT('',(0.13496010151,-0.1));
#2576 = CARTESIAN_POINT('',(0.,-0.1));
#2577 = ( GEOMETRIC_REPRESENTATION_CONTEXT(2) 
PARAMETRIC_REPRESENTATION_CONTEXT() REPRESENTATION_CONTEXT('2D SPACE',''
  ) );
#2578 = ORIENTED_EDGE('',*,*,#2579,.F.);
#2579 = EDGE_CURVE('',#2580,#2523,#2582,.T.);
#2580 = VERTEX_POINT('',#2581);
#2581 = CARTESIAN_POINT('',(0.42724609375,-21.80151367187,2.));
#2582 = SURFACE_CURVE('',#2583,(#2594,#2608),.PCURVE_S1.);
#2583 = B_SPLINE_CURVE_WITH_KNOTS('',5,(#2584,#2585,#2586,#2587,#2588,
    #2589,#2590,#2591,#2592,#2593),.UNSPECIFIED.,.F.,.F.,(6,4,6),(0.,
    0.530672287261,1.),.UNSPECIFIED.);
#2584 = CARTESIAN_POINT('',(0.42724609375,-21.80151367187,2.));
#2585 = CARTESIAN_POINT('',(0.42724609375,-21.71414209183,2.));
#2586 = CARTESIAN_POINT('',(0.419214559465,-21.62888563477,2.));
#2587 = CARTESIAN_POINT('',(0.402585375041,-21.54640080962,2.));
#2588 = CARTESIAN_POINT('',(0.377062190356,-21.4673319867,2.));
#2589 = CARTESIAN_POINT('',(0.312675199839,-21.3257774004,2.));
#2590 = CARTESIAN_POINT('',(0.275686826857,-21.26241403455,2.));
#2591 = CARTESIAN_POINT('',(0.232091553002,-21.20249010413,2.));
#2592 = CARTESIAN_POINT('',(0.182322209914,-21.14617401331,2.));
#2593 = CARTESIAN_POINT('',(0.126953125,-21.09350585937,2.));
#2594 = PCURVE('',#73,#2595);
#2595 = DEFINITIONAL_REPRESENTATION('',(#2596),#2607);
#2596 = B_SPLINE_CURVE_WITH_KNOTS('',5,(#2597,#2598,#2599,#2600,#2601,
    #2602,#2603,#2604,#2605,#2606),.UNSPECIFIED.,.F.,.F.,(6,4,6),(0.,
    0.530672287261,1.),.UNSPECIFIED.);
#2597 = CARTESIAN_POINT('',(0.42724609375,-21.80151367187));
#2598 = CARTESIAN_POINT('',(0.42724609375,-21.71414209183));
#2599 = CARTESIAN_POINT('',(0.419214559465,-21.62888563477));
#2600 = CARTESIAN_POINT('',(0.402585375041,-21.54640080962));
#2601 = CARTESIAN_POINT('',(0.377062190356,-21.4673319867));
#2602 = CARTESIAN_POINT('',(0.312675199839,-21.3257774004));
#2603 = CARTESIAN_POINT('',(0.275686826857,-21.26241403455));
#2604 = CARTESIAN_POINT('',(0.232091553002,-21.20249010413));
#2605 = CARTESIAN_POINT('',(0.182322209914,-21.14617401331));
#2606 = CARTESIAN_POINT('',(0.126953125,-21.09350585937));
#2607 = ( GEOMETRIC_REPRESENTATION_CONTEXT(2) 
PARAMETRIC_REPRESENTATION_CONTEXT() REPRESENTATION_CONTEXT('2D SPACE',''
  ) );
#2608 = PCURVE('',#2609,#2616);
#2609 = SURFACE_OF_LINEAR_EXTRUSION('',#2610,#2614);
#2610 = B_SPLINE_CURVE_WITH_KNOTS('',2,(#2611,#2612,#2613),
  .UNSPECIFIED.,.F.,.F.,(3,3),(0.,1.),.PIECEWISE_BEZIER_KNOTS.);
#2611 = CARTESIAN_POINT('',(0.126953125,-21.09350585937,1.9));
#2612 = CARTESIAN_POINT('',(0.42724609375,-21.37915039062,1.9));
#2613 = CARTESIAN_POINT('',(0.42724609375,-21.80151367187,1.9));
#2614 = VECTOR('',#2615,1.);
#2615 = DIRECTION('',(-0.,-0.,-1.));
#2616 = DEFINITIONAL_REPRESENTATION('',(#2617),#2628);
#2617 = B_SPLINE_CURVE_WITH_KNOTS('',5,(#2618,#2619,#2620,#2621,#2622,
    #2623,#2624,#2625,#2626,#2627),.UNSPECIFIED.,.F.,.F.,(6,4,6),(0.,
    0.530672287261,1.),.UNSPECIFIED.);
#2618 = CARTESIAN_POINT('',(1.,-0.1));
#2619 = CARTESIAN_POINT('',(0.896568210446,-0.1));
#2620 = CARTESIAN_POINT('',(0.791311557583,-0.1));
#2621 = CARTESIAN_POINT('',(0.684702105557,-0.1));
#2622 = CARTESIAN_POINT('',(0.577342945005,-0.1));
#2623 = CARTESIAN_POINT('',(0.37506566846,-0.1));
#2624 = CARTESIAN_POINT('',(0.280119440572,-0.1));
#2625 = CARTESIAN_POINT('',(0.185683928865,-0.1));
#2626 = CARTESIAN_POINT('',(9.219177715685E-02,-0.1));
#2627 = CARTESIAN_POINT('',(0.,-0.1));
#2628 = ( GEOMETRIC_REPRESENTATION_CONTEXT(2) 
PARAMETRIC_REPRESENTATION_CONTEXT() REPRESENTATION_CONTEXT('2D SPACE',''
  ) );
#2629 = ORIENTED_EDGE('',*,*,#2630,.F.);
#2630 = EDGE_CURVE('',#2631,#2580,#2633,.T.);
#2631 = VERTEX_POINT('',#2632);
#2632 = CARTESIAN_POINT('',(0.33935546875,-22.22387695312,2.));
#2633 = SURFACE_CURVE('',#2634,(#2645,#2659),.PCURVE_S1.);
#2634 = B_SPLINE_CURVE_WITH_KNOTS('',5,(#2635,#2636,#2637,#2638,#2639,
    #2640,#2641,#2642,#2643,#2644),.UNSPECIFIED.,.F.,.F.,(6,4,6),(0.,
    0.798417946797,1.),.UNSPECIFIED.);
#2635 = CARTESIAN_POINT('',(0.33935546875,-22.22387695312,2.));
#2636 = CARTESIAN_POINT('',(0.367255661658,-22.15800149764,2.));
#2637 = CARTESIAN_POINT('',(0.389734923797,-22.09139441105,2.));
#2638 = CARTESIAN_POINT('',(0.406666108815,-22.0241336785,2.));
#2639 = CARTESIAN_POINT('',(0.417977013675,-21.95630677164,2.));
#2640 = CARTESIAN_POINT('',(0.425094577897,-21.8707687618,2.));
#2641 = CARTESIAN_POINT('',(0.426170592767,-21.85349594371,2.));
#2642 = CARTESIAN_POINT('',(0.426887721787,-21.83619477971,2.));
#2643 = CARTESIAN_POINT('',(0.42724609375,-21.81886683028,2.));
#2644 = CARTESIAN_POINT('',(0.42724609375,-21.80151367187,2.));
#2645 = PCURVE('',#73,#2646);
#2646 = DEFINITIONAL_REPRESENTATION('',(#2647),#2658);
#2647 = B_SPLINE_CURVE_WITH_KNOTS('',5,(#2648,#2649,#2650,#2651,#2652,
    #2653,#2654,#2655,#2656,#2657),.UNSPECIFIED.,.F.,.F.,(6,4,6),(0.,
    0.798417946797,1.),.UNSPECIFIED.);
#2648 = CARTESIAN_POINT('',(0.33935546875,-22.22387695312));
#2649 = CARTESIAN_POINT('',(0.367255661658,-22.15800149764));
#2650 = CARTESIAN_POINT('',(0.389734923797,-22.09139441105));
#2651 = CARTESIAN_POINT('',(0.406666108815,-22.0241336785));
#2652 = CARTESIAN_POINT('',(0.417977013675,-21.95630677164));
#2653 = CARTESIAN_POINT('',(0.425094577897,-21.8707687618));
#2654 = CARTESIAN_POINT('',(0.426170592767,-21.85349594371));
#2655 = CARTESIAN_POINT('',(0.426887721787,-21.83619477971));
#2656 = CARTESIAN_POINT('',(0.42724609375,-21.81886683028));
#2657 = CARTESIAN_POINT('',(0.42724609375,-21.80151367187));
#2658 = ( GEOMETRIC_REPRESENTATION_CONTEXT(2) 
PARAMETRIC_REPRESENTATION_CONTEXT() REPRESENTATION_CONTEXT('2D SPACE',''
  ) );
#2659 = PCURVE('',#2660,#2667);
#2660 = SURFACE_OF_LINEAR_EXTRUSION('',#2661,#2665);
#2661 = B_SPLINE_CURVE_WITH_KNOTS('',2,(#2662,#2663,#2664),
  .UNSPECIFIED.,.F.,.F.,(3,3),(0.,1.),.PIECEWISE_BEZIER_KNOTS.);
#2662 = CARTESIAN_POINT('',(0.42724609375,-21.80151367187,1.9));
#2663 = CARTESIAN_POINT('',(0.42724609375,-22.01635742187,1.9));
#2664 = CARTESIAN_POINT('',(0.33935546875,-22.22387695312,1.9));
#2665 = VECTOR('',#2666,1.);
#2666 = DIRECTION('',(-0.,-0.,-1.));
#2667 = DEFINITIONAL_REPRESENTATION('',(#2668),#2679);
#2668 = B_SPLINE_CURVE_WITH_KNOTS('',5,(#2669,#2670,#2671,#2672,#2673,
    #2674,#2675,#2676,#2677,#2678),.UNSPECIFIED.,.F.,.F.,(6,4,6),(0.,
    0.798417946797,1.),.UNSPECIFIED.);
#2669 = CARTESIAN_POINT('',(1.,-0.1));
#2670 = CARTESIAN_POINT('',(0.841278902569,-0.1));
#2671 = CARTESIAN_POINT('',(0.68190643203,-0.1));
#2672 = CARTESIAN_POINT('',(0.522088739779,-0.1));
#2673 = CARTESIAN_POINT('',(0.362043399247,-0.1));
#2674 = CARTESIAN_POINT('',(0.16159274569,-0.1));
#2675 = CARTESIAN_POINT('',(0.121185505561,-0.1));
#2676 = CARTESIAN_POINT('',(8.078189886533E-02,-0.1));
#2677 = CARTESIAN_POINT('',(4.038553229822E-02,-0.1));
#2678 = CARTESIAN_POINT('',(0.,-0.1));
#2679 = ( GEOMETRIC_REPRESENTATION_CONTEXT(2) 
PARAMETRIC_REPRESENTATION_CONTEXT() REPRESENTATION_CONTEXT('2D SPACE',''
  ) );
#2680 = ORIENTED_EDGE('',*,*,#2681,.F.);
#2681 = EDGE_CURVE('',#2682,#2631,#2684,.T.);
#2682 = VERTEX_POINT('',#2683);
#2683 = CARTESIAN_POINT('',(4.7607421875E-02,-22.66088867187,2.));
#2684 = SURFACE_CURVE('',#2685,(#2692,#2702),.PCURVE_S1.);
#2685 = B_SPLINE_CURVE_WITH_KNOTS('',5,(#2686,#2687,#2688,#2689,#2690,
    #2691),.UNSPECIFIED.,.F.,.F.,(6,6),(0.,1.),
  .PIECEWISE_BEZIER_KNOTS.);
#2686 = CARTESIAN_POINT('',(4.7607421875E-02,-22.66088867187,2.));
#2687 = CARTESIAN_POINT('',(0.126235691262,-22.57237301532,2.));
#2688 = CARTESIAN_POINT('',(0.195662278099,-22.48412016462,2.));
#2689 = CARTESIAN_POINT('',(0.254943428965,-22.39638428771,2.));
#2690 = CARTESIAN_POINT('',(0.303090298669,-22.30950304914,2.));
#2691 = CARTESIAN_POINT('',(0.33935546875,-22.22387695312,2.));
#2692 = PCURVE('',#73,#2693);
#2693 = DEFINITIONAL_REPRESENTATION('',(#2694),#2701);
#2694 = B_SPLINE_CURVE_WITH_KNOTS('',5,(#2695,#2696,#2697,#2698,#2699,
    #2700),.UNSPECIFIED.,.F.,.F.,(6,6),(0.,1.),
  .PIECEWISE_BEZIER_KNOTS.);
#2695 = CARTESIAN_POINT('',(4.7607421875E-02,-22.66088867187));
#2696 = CARTESIAN_POINT('',(0.126235691262,-22.57237301532));
#2697 = CARTESIAN_POINT('',(0.195662278099,-22.48412016462));
#2698 = CARTESIAN_POINT('',(0.254943428965,-22.39638428771));
#2699 = CARTESIAN_POINT('',(0.303090298669,-22.30950304914));
#2700 = CARTESIAN_POINT('',(0.33935546875,-22.22387695312));
#2701 = ( GEOMETRIC_REPRESENTATION_CONTEXT(2) 
PARAMETRIC_REPRESENTATION_CONTEXT() REPRESENTATION_CONTEXT('2D SPACE',''
  ) );
#2702 = PCURVE('',#2703,#2710);
#2703 = SURFACE_OF_LINEAR_EXTRUSION('',#2704,#2708);
#2704 = B_SPLINE_CURVE_WITH_KNOTS('',2,(#2705,#2706,#2707),
  .UNSPECIFIED.,.F.,.F.,(3,3),(0.,1.),.PIECEWISE_BEZIER_KNOTS.);
#2705 = CARTESIAN_POINT('',(0.33935546875,-22.22387695312,1.9));
#2706 = CARTESIAN_POINT('',(0.25146484375,-22.43139648437,1.9));
#2707 = CARTESIAN_POINT('',(4.7607421875E-02,-22.66088867187,1.9));
#2708 = VECTOR('',#2709,1.);
#2709 = DIRECTION('',(-0.,-0.,-1.));
#2710 = DEFINITIONAL_REPRESENTATION('',(#2711),#2718);
#2711 = B_SPLINE_CURVE_WITH_KNOTS('',5,(#2712,#2713,#2714,#2715,#2716,
    #2717),.UNSPECIFIED.,.F.,.F.,(6,6),(0.,1.),
  .PIECEWISE_BEZIER_KNOTS.);
#2712 = CARTESIAN_POINT('',(1.,-0.1));
#2713 = CARTESIAN_POINT('',(0.80714886742,-0.1));
#2714 = CARTESIAN_POINT('',(0.610418923519,-0.1));
#2715 = CARTESIAN_POINT('',(0.410007561375,-0.1));
#2716 = CARTESIAN_POINT('',(0.206308523127,-0.1));
#2717 = CARTESIAN_POINT('',(0.,-0.1));
#2718 = ( GEOMETRIC_REPRESENTATION_CONTEXT(2) 
PARAMETRIC_REPRESENTATION_CONTEXT() REPRESENTATION_CONTEXT('2D SPACE',''
  ) );
#2719 = ORIENTED_EDGE('',*,*,#2720,.F.);
#2720 = EDGE_CURVE('',#2721,#2682,#2723,.T.);
#2721 = VERTEX_POINT('',#2722);
#2722 = CARTESIAN_POINT('',(-0.6298828125,-23.29077148437,2.));
#2723 = SURFACE_CURVE('',#2724,(#2732,#2743),.PCURVE_S1.);
#2724 = B_SPLINE_CURVE_WITH_KNOTS('',6,(#2725,#2726,#2727,#2728,#2729,
    #2730,#2731),.UNSPECIFIED.,.F.,.F.,(7,7),(0.,1.),
  .PIECEWISE_BEZIER_KNOTS.);
#2725 = CARTESIAN_POINT('',(-0.6298828125,-23.29077148437,2.));
#2726 = CARTESIAN_POINT('',(-0.494124915749,-23.17600707681,2.));
#2727 = CARTESIAN_POINT('',(-0.364707937541,-23.0637852442,2.));
#2728 = CARTESIAN_POINT('',(-0.242628076034,-22.95440762282,2.));
#2729 = CARTESIAN_POINT('',(-0.130334482313,-22.84913831185,2.));
#2730 = CARTESIAN_POINT('',(-3.173005523893E-02,-22.75020271796,2.));
#2731 = CARTESIAN_POINT('',(4.7607421875E-02,-22.66088867187,2.));
#2732 = PCURVE('',#73,#2733);
#2733 = DEFINITIONAL_REPRESENTATION('',(#2734),#2742);
#2734 = B_SPLINE_CURVE_WITH_KNOTS('',6,(#2735,#2736,#2737,#2738,#2739,
    #2740,#2741),.UNSPECIFIED.,.F.,.F.,(7,7),(0.,1.),
  .PIECEWISE_BEZIER_KNOTS.);
#2735 = CARTESIAN_POINT('',(-0.6298828125,-23.29077148437));
#2736 = CARTESIAN_POINT('',(-0.494124915749,-23.17600707681));
#2737 = CARTESIAN_POINT('',(-0.364707937541,-23.0637852442));
#2738 = CARTESIAN_POINT('',(-0.242628076034,-22.95440762282));
#2739 = CARTESIAN_POINT('',(-0.130334482313,-22.84913831185));
#2740 = CARTESIAN_POINT('',(-3.173005523893E-02,-22.75020271796));
#2741 = CARTESIAN_POINT('',(4.7607421875E-02,-22.66088867187));
#2742 = ( GEOMETRIC_REPRESENTATION_CONTEXT(2) 
PARAMETRIC_REPRESENTATION_CONTEXT() REPRESENTATION_CONTEXT('2D SPACE',''
  ) );
#2743 = PCURVE('',#2744,#2751);
#2744 = SURFACE_OF_LINEAR_EXTRUSION('',#2745,#2749);
#2745 = B_SPLINE_CURVE_WITH_KNOTS('',2,(#2746,#2747,#2748),
  .UNSPECIFIED.,.F.,.F.,(3,3),(0.,1.),.PIECEWISE_BEZIER_KNOTS.);
#2746 = CARTESIAN_POINT('',(4.7607421875E-02,-22.66088867187,1.9));
#2747 = CARTESIAN_POINT('',(-0.15625,-22.89038085937,1.9));
#2748 = CARTESIAN_POINT('',(-0.6298828125,-23.29077148437,1.9));
#2749 = VECTOR('',#2750,1.);
#2750 = DIRECTION('',(-0.,-0.,-1.));
#2751 = DEFINITIONAL_REPRESENTATION('',(#2752),#2760);
#2752 = B_SPLINE_CURVE_WITH_KNOTS('',6,(#2753,#2754,#2755,#2756,#2757,
    #2758,#2759),.UNSPECIFIED.,.F.,.F.,(7,7),(0.,1.),
  .PIECEWISE_BEZIER_KNOTS.);
#2753 = CARTESIAN_POINT('',(1.,-0.1));
#2754 = CARTESIAN_POINT('',(0.856684447141,-0.1));
#2755 = CARTESIAN_POINT('',(0.706023249221,-0.1));
#2756 = CARTESIAN_POINT('',(0.546374982262,-0.1));
#2757 = CARTESIAN_POINT('',(0.376307686968,-1.E-01));
#2758 = CARTESIAN_POINT('',(0.19459060255,-0.1));
#2759 = CARTESIAN_POINT('',(0.,-0.1));
#2760 = ( GEOMETRIC_REPRESENTATION_CONTEXT(2) 
PARAMETRIC_REPRESENTATION_CONTEXT() REPRESENTATION_CONTEXT('2D SPACE',''
  ) );
#2761 = ORIENTED_EDGE('',*,*,#2762,.F.);
#2762 = EDGE_CURVE('',#2763,#2721,#2765,.T.);
#2763 = VERTEX_POINT('',#2764);
#2764 = CARTESIAN_POINT('',(-1.1376953125,-23.7412109375,2.));
#2765 = SURFACE_CURVE('',#2766,(#2775,#2787),.PCURVE_S1.);
#2766 = B_SPLINE_CURVE_WITH_KNOTS('',7,(#2767,#2768,#2769,#2770,#2771,
    #2772,#2773,#2774),.UNSPECIFIED.,.F.,.F.,(8,8),(0.,1.),
  .PIECEWISE_BEZIER_KNOTS.);
#2767 = CARTESIAN_POINT('',(-1.1376953125,-23.7412109375,2.));
#2768 = CARTESIAN_POINT('',(-1.100411674497,-23.70190101482,2.));
#2769 = CARTESIAN_POINT('',(-1.046545036855,-23.65057019657,2.));
#2770 = CARTESIAN_POINT('',(-0.979215411231,-23.58964766563,2.));
#2771 = CARTESIAN_POINT('',(-0.901786235016,-23.52166677327,2.));
#2772 = CARTESIAN_POINT('',(-0.816764865897,-23.44848939459,2.));
#2773 = CARTESIAN_POINT('',(-0.725879202867,-23.37136104665,2.));
#2774 = CARTESIAN_POINT('',(-0.6298828125,-23.29077148437,2.));
#2775 = PCURVE('',#73,#2776);
#2776 = DEFINITIONAL_REPRESENTATION('',(#2777),#2786);
#2777 = B_SPLINE_CURVE_WITH_KNOTS('',7,(#2778,#2779,#2780,#2781,#2782,
    #2783,#2784,#2785),.UNSPECIFIED.,.F.,.F.,(8,8),(0.,1.),
  .PIECEWISE_BEZIER_KNOTS.);
#2778 = CARTESIAN_POINT('',(-1.1376953125,-23.7412109375));
#2779 = CARTESIAN_POINT('',(-1.100411674497,-23.70190101482));
#2780 = CARTESIAN_POINT('',(-1.046545036855,-23.65057019657));
#2781 = CARTESIAN_POINT('',(-0.979215411231,-23.58964766563));
#2782 = CARTESIAN_POINT('',(-0.901786235016,-23.52166677327));
#2783 = CARTESIAN_POINT('',(-0.816764865897,-23.44848939459));
#2784 = CARTESIAN_POINT('',(-0.725879202867,-23.37136104665));
#2785 = CARTESIAN_POINT('',(-0.6298828125,-23.29077148437));
#2786 = ( GEOMETRIC_REPRESENTATION_CONTEXT(2) 
PARAMETRIC_REPRESENTATION_CONTEXT() REPRESENTATION_CONTEXT('2D SPACE',''
  ) );
#2787 = PCURVE('',#2788,#2795);
#2788 = SURFACE_OF_LINEAR_EXTRUSION('',#2789,#2793);
#2789 = B_SPLINE_CURVE_WITH_KNOTS('',2,(#2790,#2791,#2792),
  .UNSPECIFIED.,.F.,.F.,(3,3),(0.,1.),.PIECEWISE_BEZIER_KNOTS.);
#2790 = CARTESIAN_POINT('',(-0.6298828125,-23.29077148437,1.9));
#2791 = CARTESIAN_POINT('',(-1.025390625,-23.62280273437,1.9));
#2792 = CARTESIAN_POINT('',(-1.1376953125,-23.7412109375,1.9));
#2793 = VECTOR('',#2794,1.);
#2794 = DIRECTION('',(-0.,-0.,-1.));
#2795 = DEFINITIONAL_REPRESENTATION('',(#2796),#2805);
#2796 = B_SPLINE_CURVE_WITH_KNOTS('',7,(#2797,#2798,#2799,#2800,#2801,
    #2802,#2803,#2804),.UNSPECIFIED.,.F.,.F.,(8,8),(0.,1.),
  .PIECEWISE_BEZIER_KNOTS.);
#2797 = CARTESIAN_POINT('',(1.,-0.1));
#2798 = CARTESIAN_POINT('',(0.834006759501,-0.1));
#2799 = CARTESIAN_POINT('',(0.675252333276,-0.1));
#2800 = CARTESIAN_POINT('',(0.524860395861,-1.E-01));
#2801 = CARTESIAN_POINT('',(0.382775682627,-0.1));
#2802 = CARTESIAN_POINT('',(0.248561182192,-1.E-01));
#2803 = CARTESIAN_POINT('',(0.121358399673,-0.1));
#2804 = CARTESIAN_POINT('',(0.,-0.1));
#2805 = ( GEOMETRIC_REPRESENTATION_CONTEXT(2) 
PARAMETRIC_REPRESENTATION_CONTEXT() REPRESENTATION_CONTEXT('2D SPACE',''
  ) );
#2806 = ORIENTED_EDGE('',*,*,#2807,.F.);
#2807 = EDGE_CURVE('',#1860,#2763,#2808,.T.);
#2808 = SURFACE_CURVE('',#2809,(#2815,#2824),.PCURVE_S1.);
#2809 = B_SPLINE_CURVE_WITH_KNOTS('',4,(#2810,#2811,#2812,#2813,#2814),
  .UNSPECIFIED.,.F.,.F.,(5,5),(0.,1.),.PIECEWISE_BEZIER_KNOTS.);
#2810 = CARTESIAN_POINT('',(-1.3232421875,-23.97924804687,2.));
#2811 = CARTESIAN_POINT('',(-1.286403087386,-23.91907751668,2.));
#2812 = CARTESIAN_POINT('',(-1.243099889772,-23.85931594784,2.));
#2813 = CARTESIAN_POINT('',(-1.193467079355,-23.80001377864,2.));
#2814 = CARTESIAN_POINT('',(-1.1376953125,-23.7412109375,2.));
#2815 = PCURVE('',#73,#2816);
#2816 = DEFINITIONAL_REPRESENTATION('',(#2817),#2823);
#2817 = B_SPLINE_CURVE_WITH_KNOTS('',4,(#2818,#2819,#2820,#2821,#2822),
  .UNSPECIFIED.,.F.,.F.,(5,5),(0.,1.),.PIECEWISE_BEZIER_KNOTS.);
#2818 = CARTESIAN_POINT('',(-1.3232421875,-23.97924804687));
#2819 = CARTESIAN_POINT('',(-1.286403087386,-23.91907751668));
#2820 = CARTESIAN_POINT('',(-1.243099889772,-23.85931594784));
#2821 = CARTESIAN_POINT('',(-1.193467079355,-23.80001377864));
#2822 = CARTESIAN_POINT('',(-1.1376953125,-23.7412109375));
#2823 = ( GEOMETRIC_REPRESENTATION_CONTEXT(2) 
PARAMETRIC_REPRESENTATION_CONTEXT() REPRESENTATION_CONTEXT('2D SPACE',''
  ) );
#2824 = PCURVE('',#2825,#2832);
#2825 = SURFACE_OF_LINEAR_EXTRUSION('',#2826,#2830);
#2826 = B_SPLINE_CURVE_WITH_KNOTS('',2,(#2827,#2828,#2829),
  .UNSPECIFIED.,.F.,.F.,(3,3),(0.,1.),.PIECEWISE_BEZIER_KNOTS.);
#2827 = CARTESIAN_POINT('',(-1.1376953125,-23.7412109375,1.9));
#2828 = CARTESIAN_POINT('',(-1.25,-23.85961914062,1.9));
#2829 = CARTESIAN_POINT('',(-1.3232421875,-23.97924804687,1.9));
#2830 = VECTOR('',#2831,1.);
#2831 = DIRECTION('',(-0.,-0.,-1.));
#2832 = DEFINITIONAL_REPRESENTATION('',(#2833),#2839);
#2833 = B_SPLINE_CURVE_WITH_KNOTS('',4,(#2834,#2835,#2836,#2837,#2838),
  .UNSPECIFIED.,.F.,.F.,(5,5),(0.,1.),.PIECEWISE_BEZIER_KNOTS.);
#2834 = CARTESIAN_POINT('',(1.,-0.1));
#2835 = CARTESIAN_POINT('',(0.748511743225,-0.1));
#2836 = CARTESIAN_POINT('',(0.497872248583,-0.1));
#2837 = CARTESIAN_POINT('',(0.248305605477,-0.1));
#2838 = CARTESIAN_POINT('',(0.,-0.1));
#2839 = ( GEOMETRIC_REPRESENTATION_CONTEXT(2) 
PARAMETRIC_REPRESENTATION_CONTEXT() REPRESENTATION_CONTEXT('2D SPACE',''
  ) );
#2840 = FACE_BOUND('',#2841,.T.);
#2841 = EDGE_LOOP('',(#2842,#2871,#2898,#2925));
#2842 = ORIENTED_EDGE('',*,*,#2843,.F.);
#2843 = EDGE_CURVE('',#2844,#2846,#2848,.T.);
#2844 = VERTEX_POINT('',#2845);
#2845 = CARTESIAN_POINT('',(1.14990234375,-24.40161132812,2.));
#2846 = VERTEX_POINT('',#2847);
#2847 = CARTESIAN_POINT('',(1.650390625,-24.40161132812,2.));
#2848 = SURFACE_CURVE('',#2849,(#2853,#2860),.PCURVE_S1.);
#2849 = LINE('',#2850,#2851);
#2850 = CARTESIAN_POINT('',(0.8251953125,-24.40161132812,2.));
#2851 = VECTOR('',#2852,1.);
#2852 = DIRECTION('',(1.,0.,-0.));
#2853 = PCURVE('',#73,#2854);
#2854 = DEFINITIONAL_REPRESENTATION('',(#2855),#2859);
#2855 = LINE('',#2856,#2857);
#2856 = CARTESIAN_POINT('',(0.8251953125,-24.40161132812));
#2857 = VECTOR('',#2858,1.);
#2858 = DIRECTION('',(1.,0.));
#2859 = ( GEOMETRIC_REPRESENTATION_CONTEXT(2) 
PARAMETRIC_REPRESENTATION_CONTEXT() REPRESENTATION_CONTEXT('2D SPACE',''
  ) );
#2860 = PCURVE('',#2861,#2866);
#2861 = PLANE('',#2862);
#2862 = AXIS2_PLACEMENT_3D('',#2863,#2864,#2865);
#2863 = CARTESIAN_POINT('',(1.650390625,-24.40161132812,1.9));
#2864 = DIRECTION('',(0.,-1.,0.));
#2865 = DIRECTION('',(-1.,0.,0.));
#2866 = DEFINITIONAL_REPRESENTATION('',(#2867),#2870);
#2867 = B_SPLINE_CURVE_WITH_KNOTS('',1,(#2868,#2869),.UNSPECIFIED.,.F.,
  .F.,(2,2),(0.32470703125,0.8251953125),.PIECEWISE_BEZIER_KNOTS.);
#2868 = CARTESIAN_POINT('',(0.50048828125,-0.1));
#2869 = CARTESIAN_POINT('',(0.,-0.1));
#2870 = ( GEOMETRIC_REPRESENTATION_CONTEXT(2) 
PARAMETRIC_REPRESENTATION_CONTEXT() REPRESENTATION_CONTEXT('2D SPACE',''
  ) );
#2871 = ORIENTED_EDGE('',*,*,#2872,.F.);
#2872 = EDGE_CURVE('',#2873,#2844,#2875,.T.);
#2873 = VERTEX_POINT('',#2874);
#2874 = CARTESIAN_POINT('',(1.14990234375,-23.90112304687,2.));
#2875 = SURFACE_CURVE('',#2876,(#2880,#2887),.PCURVE_S1.);
#2876 = LINE('',#2877,#2878);
#2877 = CARTESIAN_POINT('',(1.14990234375,-22.32580566406,2.));
#2878 = VECTOR('',#2879,1.);
#2879 = DIRECTION('',(0.,-1.,0.));
#2880 = PCURVE('',#73,#2881);
#2881 = DEFINITIONAL_REPRESENTATION('',(#2882),#2886);
#2882 = LINE('',#2883,#2884);
#2883 = CARTESIAN_POINT('',(1.14990234375,-22.32580566406));
#2884 = VECTOR('',#2885,1.);
#2885 = DIRECTION('',(0.,-1.));
#2886 = ( GEOMETRIC_REPRESENTATION_CONTEXT(2) 
PARAMETRIC_REPRESENTATION_CONTEXT() REPRESENTATION_CONTEXT('2D SPACE',''
  ) );
#2887 = PCURVE('',#2888,#2893);
#2888 = PLANE('',#2889);
#2889 = AXIS2_PLACEMENT_3D('',#2890,#2891,#2892);
#2890 = CARTESIAN_POINT('',(1.14990234375,-24.40161132812,1.9));
#2891 = DIRECTION('',(-1.,0.,0.));
#2892 = DIRECTION('',(0.,1.,0.));
#2893 = DEFINITIONAL_REPRESENTATION('',(#2894),#2897);
#2894 = B_SPLINE_CURVE_WITH_KNOTS('',1,(#2895,#2896),.UNSPECIFIED.,.F.,
  .F.,(2,2),(1.575317382812,2.075805664062),.PIECEWISE_BEZIER_KNOTS.);
#2895 = CARTESIAN_POINT('',(0.50048828125,-0.1));
#2896 = CARTESIAN_POINT('',(0.,-0.1));
#2897 = ( GEOMETRIC_REPRESENTATION_CONTEXT(2) 
PARAMETRIC_REPRESENTATION_CONTEXT() REPRESENTATION_CONTEXT('2D SPACE',''
  ) );
#2898 = ORIENTED_EDGE('',*,*,#2899,.F.);
#2899 = EDGE_CURVE('',#2900,#2873,#2902,.T.);
#2900 = VERTEX_POINT('',#2901);
#2901 = CARTESIAN_POINT('',(1.650390625,-23.90112304687,2.));
#2902 = SURFACE_CURVE('',#2903,(#2907,#2914),.PCURVE_S1.);
#2903 = LINE('',#2904,#2905);
#2904 = CARTESIAN_POINT('',(0.574951171875,-23.90112304687,2.));
#2905 = VECTOR('',#2906,1.);
#2906 = DIRECTION('',(-1.,0.,0.));
#2907 = PCURVE('',#73,#2908);
#2908 = DEFINITIONAL_REPRESENTATION('',(#2909),#2913);
#2909 = LINE('',#2910,#2911);
#2910 = CARTESIAN_POINT('',(0.574951171875,-23.90112304687));
#2911 = VECTOR('',#2912,1.);
#2912 = DIRECTION('',(-1.,0.));
#2913 = ( GEOMETRIC_REPRESENTATION_CONTEXT(2) 
PARAMETRIC_REPRESENTATION_CONTEXT() REPRESENTATION_CONTEXT('2D SPACE',''
  ) );
#2914 = PCURVE('',#2915,#2920);
#2915 = PLANE('',#2916);
#2916 = AXIS2_PLACEMENT_3D('',#2917,#2918,#2919);
#2917 = CARTESIAN_POINT('',(1.14990234375,-23.90112304687,1.9));
#2918 = DIRECTION('',(0.,1.,0.));
#2919 = DIRECTION('',(1.,0.,0.));
#2920 = DEFINITIONAL_REPRESENTATION('',(#2921),#2924);
#2921 = B_SPLINE_CURVE_WITH_KNOTS('',1,(#2922,#2923),.UNSPECIFIED.,.F.,
  .F.,(2,2),(-1.075439453125,-0.574951171875),.PIECEWISE_BEZIER_KNOTS.);
#2922 = CARTESIAN_POINT('',(0.50048828125,-0.1));
#2923 = CARTESIAN_POINT('',(0.,-0.1));
#2924 = ( GEOMETRIC_REPRESENTATION_CONTEXT(2) 
PARAMETRIC_REPRESENTATION_CONTEXT() REPRESENTATION_CONTEXT('2D SPACE',''
  ) );
#2925 = ORIENTED_EDGE('',*,*,#2926,.F.);
#2926 = EDGE_CURVE('',#2846,#2900,#2927,.T.);
#2927 = SURFACE_CURVE('',#2928,(#2932,#2939),.PCURVE_S1.);
#2928 = LINE('',#2929,#2930);
#2929 = CARTESIAN_POINT('',(1.650390625,-22.07556152343,2.));
#2930 = VECTOR('',#2931,1.);
#2931 = DIRECTION('',(0.,1.,0.));
#2932 = PCURVE('',#73,#2933);
#2933 = DEFINITIONAL_REPRESENTATION('',(#2934),#2938);
#2934 = LINE('',#2935,#2936);
#2935 = CARTESIAN_POINT('',(1.650390625,-22.07556152343));
#2936 = VECTOR('',#2937,1.);
#2937 = DIRECTION('',(0.,1.));
#2938 = ( GEOMETRIC_REPRESENTATION_CONTEXT(2) 
PARAMETRIC_REPRESENTATION_CONTEXT() REPRESENTATION_CONTEXT('2D SPACE',''
  ) );
#2939 = PCURVE('',#2940,#2945);
#2940 = PLANE('',#2941);
#2941 = AXIS2_PLACEMENT_3D('',#2942,#2943,#2944);
#2942 = CARTESIAN_POINT('',(1.650390625,-23.90112304687,1.9));
#2943 = DIRECTION('',(1.,0.,0.));
#2944 = DIRECTION('',(0.,-1.,0.));
#2945 = DEFINITIONAL_REPRESENTATION('',(#2946),#2949);
#2946 = B_SPLINE_CURVE_WITH_KNOTS('',1,(#2947,#2948),.UNSPECIFIED.,.F.,
  .F.,(2,2),(-2.326049804688,-1.825561523438),.PIECEWISE_BEZIER_KNOTS.);
#2947 = CARTESIAN_POINT('',(0.50048828125,-0.1));
#2948 = CARTESIAN_POINT('',(0.,-0.1));
#2949 = ( GEOMETRIC_REPRESENTATION_CONTEXT(2) 
PARAMETRIC_REPRESENTATION_CONTEXT() REPRESENTATION_CONTEXT('2D SPACE',''
  ) );
#2950 = FACE_BOUND('',#2951,.T.);
#2951 = EDGE_LOOP('',(#2952,#2981,#3032,#3083,#3134,#3185,#3236,#3287,
    #3326,#3353,#3389,#3440,#3491,#3542,#3593,#3644,#3686,#3713,#3770,
    #3827,#3878,#3929,#3980,#4031,#4070,#4121,#4184,#4235,#4292,#4349));
#2952 = ORIENTED_EDGE('',*,*,#2953,.F.);
#2953 = EDGE_CURVE('',#2954,#2956,#2958,.T.);
#2954 = VERTEX_POINT('',#2955);
#2955 = CARTESIAN_POINT('',(2.734375,-23.39819335937,2.));
#2956 = VERTEX_POINT('',#2957);
#2957 = CARTESIAN_POINT('',(2.294921875,-23.45678710937,2.));
#2958 = SURFACE_CURVE('',#2959,(#2963,#2970),.PCURVE_S1.);
#2959 = LINE('',#2960,#2961);
#2960 = CARTESIAN_POINT('',(1.377555480691,-23.57910262861,2.));
#2961 = VECTOR('',#2962,1.);
#2962 = DIRECTION('',(-0.991227900683,-0.132163720091,0.));
#2963 = PCURVE('',#73,#2964);
#2964 = DEFINITIONAL_REPRESENTATION('',(#2965),#2969);
#2965 = LINE('',#2966,#2967);
#2966 = CARTESIAN_POINT('',(1.377555480691,-23.57910262861));
#2967 = VECTOR('',#2968,1.);
#2968 = DIRECTION('',(-0.991227900683,-0.132163720091));
#2969 = ( GEOMETRIC_REPRESENTATION_CONTEXT(2) 
PARAMETRIC_REPRESENTATION_CONTEXT() REPRESENTATION_CONTEXT('2D SPACE',''
  ) );
#2970 = PCURVE('',#2971,#2976);
#2971 = PLANE('',#2972);
#2972 = AXIS2_PLACEMENT_3D('',#2973,#2974,#2975);
#2973 = CARTESIAN_POINT('',(2.294921875,-23.45678710937,1.9));
#2974 = DIRECTION('',(-0.132163720091,0.991227900683,0.));
#2975 = DIRECTION('',(0.991227900683,0.132163720091,0.));
#2976 = DEFINITIONAL_REPRESENTATION('',(#2977),#2980);
#2977 = B_SPLINE_CURVE_WITH_KNOTS('',1,(#2978,#2979),.UNSPECIFIED.,.F.,
  .F.,(2,2),(-1.368827005752,-0.925484839236),.PIECEWISE_BEZIER_KNOTS.);
#2978 = CARTESIAN_POINT('',(0.443342166516,-0.1));
#2979 = CARTESIAN_POINT('',(0.,-0.1));
#2980 = ( GEOMETRIC_REPRESENTATION_CONTEXT(2) 
PARAMETRIC_REPRESENTATION_CONTEXT() REPRESENTATION_CONTEXT('2D SPACE',''
  ) );
#2981 = ORIENTED_EDGE('',*,*,#2982,.F.);
#2982 = EDGE_CURVE('',#2983,#2954,#2985,.T.);
#2983 = VERTEX_POINT('',#2984);
#2984 = CARTESIAN_POINT('',(2.991943359375,-23.9365234375,2.));
#2985 = SURFACE_CURVE('',#2986,(#2997,#3011),.PCURVE_S1.);
#2986 = B_SPLINE_CURVE_WITH_KNOTS('',5,(#2987,#2988,#2989,#2990,#2991,
    #2992,#2993,#2994,#2995,#2996),.UNSPECIFIED.,.F.,.F.,(6,4,6),(0.,
    0.440941249737,1.),.UNSPECIFIED.);
#2987 = CARTESIAN_POINT('',(2.991943359375,-23.9365234375,2.));
#2988 = CARTESIAN_POINT('',(2.958203718643,-23.90595396435,2.));
#2989 = CARTESIAN_POINT('',(2.926937385094,-23.87106666369,2.));
#2990 = CARTESIAN_POINT('',(2.898197389297,-23.83205727879,2.));
#2991 = CARTESIAN_POINT('',(2.871956966313,-23.78920780084,2.));
#2992 = CARTESIAN_POINT('',(2.817960053284,-23.68401931711,2.));
#2993 = CARTESIAN_POINT('',(2.791679880994,-23.61953264507,2.));
#2994 = CARTESIAN_POINT('',(2.769159810734,-23.54998468057,2.));
#2995 = CARTESIAN_POINT('',(2.750144717255,-23.47602454453,2.));
#2996 = CARTESIAN_POINT('',(2.734375,-23.39819335937,2.));
#2997 = PCURVE('',#73,#2998);
#2998 = DEFINITIONAL_REPRESENTATION('',(#2999),#3010);
#2999 = B_SPLINE_CURVE_WITH_KNOTS('',5,(#3000,#3001,#3002,#3003,#3004,
    #3005,#3006,#3007,#3008,#3009),.UNSPECIFIED.,.F.,.F.,(6,4,6),(0.,
    0.440941249737,1.),.UNSPECIFIED.);
#3000 = CARTESIAN_POINT('',(2.991943359375,-23.9365234375));
#3001 = CARTESIAN_POINT('',(2.958203718643,-23.90595396435));
#3002 = CARTESIAN_POINT('',(2.926937385094,-23.87106666369));
#3003 = CARTESIAN_POINT('',(2.898197389297,-23.83205727879));
#3004 = CARTESIAN_POINT('',(2.871956966313,-23.78920780084));
#3005 = CARTESIAN_POINT('',(2.817960053284,-23.68401931711));
#3006 = CARTESIAN_POINT('',(2.791679880994,-23.61953264507));
#3007 = CARTESIAN_POINT('',(2.769159810734,-23.54998468057));
#3008 = CARTESIAN_POINT('',(2.750144717255,-23.47602454453));
#3009 = CARTESIAN_POINT('',(2.734375,-23.39819335937));
#3010 = ( GEOMETRIC_REPRESENTATION_CONTEXT(2) 
PARAMETRIC_REPRESENTATION_CONTEXT() REPRESENTATION_CONTEXT('2D SPACE',''
  ) );
#3011 = PCURVE('',#3012,#3019);
#3012 = SURFACE_OF_LINEAR_EXTRUSION('',#3013,#3017);
#3013 = B_SPLINE_CURVE_WITH_KNOTS('',2,(#3014,#3015,#3016),
  .UNSPECIFIED.,.F.,.F.,(3,3),(0.,1.),.PIECEWISE_BEZIER_KNOTS.);
#3014 = CARTESIAN_POINT('',(2.734375,-23.39819335937,1.9));
#3015 = CARTESIAN_POINT('',(2.81005859375,-23.77172851562,1.9));
#3016 = CARTESIAN_POINT('',(2.991943359375,-23.9365234375,1.9));
#3017 = VECTOR('',#3018,1.);
#3018 = DIRECTION('',(-0.,-0.,-1.));
#3019 = DEFINITIONAL_REPRESENTATION('',(#3020),#3031);
#3020 = B_SPLINE_CURVE_WITH_KNOTS('',5,(#3021,#3022,#3023,#3024,#3025,
    #3026,#3027,#3028,#3029,#3030),.UNSPECIFIED.,.F.,.F.,(6,4,6),(0.,
    0.440941249737,1.),.UNSPECIFIED.);
#3021 = CARTESIAN_POINT('',(1.,-0.1));
#3022 = CARTESIAN_POINT('',(0.907249954068,-0.1));
#3023 = CARTESIAN_POINT('',(0.815020210776,-0.1));
#3024 = CARTESIAN_POINT('',(0.723597942281,-0.1));
#3025 = CARTESIAN_POINT('',(0.633202742223,-0.1));
#3026 = CARTESIAN_POINT('',(0.430901999718,-0.1));
#3027 = CARTESIAN_POINT('',(0.319718334042,-0.1));
#3028 = CARTESIAN_POINT('',(0.210764503785,-0.1));
#3029 = CARTESIAN_POINT('',(0.104181873993,-0.1));
#3030 = CARTESIAN_POINT('',(0.,-0.1));
#3031 = ( GEOMETRIC_REPRESENTATION_CONTEXT(2) 
PARAMETRIC_REPRESENTATION_CONTEXT() REPRESENTATION_CONTEXT('2D SPACE',''
  ) );
#3032 = ORIENTED_EDGE('',*,*,#3033,.F.);
#3033 = EDGE_CURVE('',#3034,#2983,#3036,.T.);
#3034 = VERTEX_POINT('',#3035);
#3035 = CARTESIAN_POINT('',(3.43505859375,-24.10131835937,2.));
#3036 = SURFACE_CURVE('',#3037,(#3048,#3062),.PCURVE_S1.);
#3037 = B_SPLINE_CURVE_WITH_KNOTS('',5,(#3038,#3039,#3040,#3041,#3042,
    #3043,#3044,#3045,#3046,#3047),.UNSPECIFIED.,.F.,.F.,(6,4,6),(0.,
    0.62001593495,1.),.UNSPECIFIED.);
#3038 = CARTESIAN_POINT('',(3.43505859375,-24.10131835937,2.));
#3039 = CARTESIAN_POINT('',(3.371255778866,-24.10131835937,2.));
#3040 = CARTESIAN_POINT('',(3.309772511277,-24.09517430918,2.));
#3041 = CARTESIAN_POINT('',(3.250913354091,-24.08264009668,2.));
#3042 = CARTESIAN_POINT('',(3.194942791406,-24.06360836143,2.));
#3043 = CARTESIAN_POINT('',(3.109646049771,-24.02258846551,2.));
#3044 = CARTESIAN_POINT('',(3.078392097763,-24.00459636917,2.));
#3045 = CARTESIAN_POINT('',(3.048339376642,-23.98422082042,2.));
#3046 = CARTESIAN_POINT('',(3.019517788924,-23.96150698105,2.));
#3047 = CARTESIAN_POINT('',(2.991943359375,-23.9365234375,2.));
#3048 = PCURVE('',#73,#3049);
#3049 = DEFINITIONAL_REPRESENTATION('',(#3050),#3061);
#3050 = B_SPLINE_CURVE_WITH_KNOTS('',5,(#3051,#3052,#3053,#3054,#3055,
    #3056,#3057,#3058,#3059,#3060),.UNSPECIFIED.,.F.,.F.,(6,4,6),(0.,
    0.62001593495,1.),.UNSPECIFIED.);
#3051 = CARTESIAN_POINT('',(3.43505859375,-24.10131835937));
#3052 = CARTESIAN_POINT('',(3.371255778866,-24.10131835937));
#3053 = CARTESIAN_POINT('',(3.309772511277,-24.09517430918));
#3054 = CARTESIAN_POINT('',(3.250913354091,-24.08264009668));
#3055 = CARTESIAN_POINT('',(3.194942791406,-24.06360836143));
#3056 = CARTESIAN_POINT('',(3.109646049771,-24.02258846551));
#3057 = CARTESIAN_POINT('',(3.078392097763,-24.00459636917));
#3058 = CARTESIAN_POINT('',(3.048339376642,-23.98422082042));
#3059 = CARTESIAN_POINT('',(3.019517788924,-23.96150698105));
#3060 = CARTESIAN_POINT('',(2.991943359375,-23.9365234375));
#3061 = ( GEOMETRIC_REPRESENTATION_CONTEXT(2) 
PARAMETRIC_REPRESENTATION_CONTEXT() REPRESENTATION_CONTEXT('2D SPACE',''
  ) );
#3062 = PCURVE('',#3063,#3070);
#3063 = SURFACE_OF_LINEAR_EXTRUSION('',#3064,#3068);
#3064 = B_SPLINE_CURVE_WITH_KNOTS('',2,(#3065,#3066,#3067),
  .UNSPECIFIED.,.F.,.F.,(3,3),(0.,1.),.PIECEWISE_BEZIER_KNOTS.);
#3065 = CARTESIAN_POINT('',(2.991943359375,-23.9365234375,1.9));
#3066 = CARTESIAN_POINT('',(3.173828125,-24.10131835937,1.9));
#3067 = CARTESIAN_POINT('',(3.43505859375,-24.10131835937,1.9));
#3068 = VECTOR('',#3069,1.);
#3069 = DIRECTION('',(-0.,-0.,-1.));
#3070 = DEFINITIONAL_REPRESENTATION('',(#3071),#3082);
#3071 = B_SPLINE_CURVE_WITH_KNOTS('',5,(#3072,#3073,#3074,#3075,#3076,
    #3077,#3078,#3079,#3080,#3081),.UNSPECIFIED.,.F.,.F.,(6,4,6),(0.,
    0.62001593495,1.),.UNSPECIFIED.);
#3072 = CARTESIAN_POINT('',(1.,-0.1));
#3073 = CARTESIAN_POINT('',(0.877880219736,-0.1));
#3074 = CARTESIAN_POINT('',(0.754537957467,-0.1));
#3075 = CARTESIAN_POINT('',(0.630329344479,-0.1));
#3076 = CARTESIAN_POINT('',(0.505661668689,-0.1));
#3077 = CARTESIAN_POINT('',(0.304599628729,-0.1));
#3078 = CARTESIAN_POINT('',(0.228198102143,-0.1));
#3079 = CARTESIAN_POINT('',(0.151899248662,-0.1));
#3080 = CARTESIAN_POINT('',(7.580192176693E-02,-0.1));
#3081 = CARTESIAN_POINT('',(0.,-0.1));
#3082 = ( GEOMETRIC_REPRESENTATION_CONTEXT(2) 
PARAMETRIC_REPRESENTATION_CONTEXT() REPRESENTATION_CONTEXT('2D SPACE',''
  ) );
#3083 = ORIENTED_EDGE('',*,*,#3084,.F.);
#3084 = EDGE_CURVE('',#3085,#3034,#3087,.T.);
#3085 = VERTEX_POINT('',#3086);
#3086 = CARTESIAN_POINT('',(3.958740234375,-23.88647460937,2.));
#3087 = SURFACE_CURVE('',#3088,(#3099,#3113),.PCURVE_S1.);
#3088 = B_SPLINE_CURVE_WITH_KNOTS('',5,(#3089,#3090,#3091,#3092,#3093,
    #3094,#3095,#3096,#3097,#3098),.UNSPECIFIED.,.F.,.F.,(6,4,6),(0.,
    0.459472968353,1.),.UNSPECIFIED.);
#3089 = CARTESIAN_POINT('',(3.958740234375,-23.88647460937,2.));
#3090 = CARTESIAN_POINT('',(3.919888272242,-23.92554858272,2.));
#3091 = CARTESIAN_POINT('',(3.878710549502,-23.96051506242,2.));
#3092 = CARTESIAN_POINT('',(3.835237545405,-23.99112285954,2.));
#3093 = CARTESIAN_POINT('',(3.789551153299,-24.01719670831,2.));
#3094 = CARTESIAN_POINT('',(3.685627991205,-24.06393115198,2.));
#3095 = CARTESIAN_POINT('',(3.626591731844,-24.08282867337,2.));
#3096 = CARTESIAN_POINT('',(3.564938342867,-24.09524878242,2.));
#3097 = CARTESIAN_POINT('',(3.500979319952,-24.10131835937,2.));
#3098 = CARTESIAN_POINT('',(3.43505859375,-24.10131835937,2.));
#3099 = PCURVE('',#73,#3100);
#3100 = DEFINITIONAL_REPRESENTATION('',(#3101),#3112);
#3101 = B_SPLINE_CURVE_WITH_KNOTS('',5,(#3102,#3103,#3104,#3105,#3106,
    #3107,#3108,#3109,#3110,#3111),.UNSPECIFIED.,.F.,.F.,(6,4,6),(0.,
    0.459472968353,1.),.UNSPECIFIED.);
#3102 = CARTESIAN_POINT('',(3.958740234375,-23.88647460937));
#3103 = CARTESIAN_POINT('',(3.919888272242,-23.92554858272));
#3104 = CARTESIAN_POINT('',(3.878710549502,-23.96051506242));
#3105 = CARTESIAN_POINT('',(3.835237545405,-23.99112285954));
#3106 = CARTESIAN_POINT('',(3.789551153299,-24.01719670831));
#3107 = CARTESIAN_POINT('',(3.685627991205,-24.06393115198));
#3108 = CARTESIAN_POINT('',(3.626591731844,-24.08282867337));
#3109 = CARTESIAN_POINT('',(3.564938342867,-24.09524878242));
#3110 = CARTESIAN_POINT('',(3.500979319952,-24.10131835937));
#3111 = CARTESIAN_POINT('',(3.43505859375,-24.10131835937));
#3112 = ( GEOMETRIC_REPRESENTATION_CONTEXT(2) 
PARAMETRIC_REPRESENTATION_CONTEXT() REPRESENTATION_CONTEXT('2D SPACE',''
  ) );
#3113 = PCURVE('',#3114,#3121);
#3114 = SURFACE_OF_LINEAR_EXTRUSION('',#3115,#3119);
#3115 = B_SPLINE_CURVE_WITH_KNOTS('',2,(#3116,#3117,#3118),
  .UNSPECIFIED.,.F.,.F.,(3,3),(0.,1.),.PIECEWISE_BEZIER_KNOTS.);
#3116 = CARTESIAN_POINT('',(3.43505859375,-24.10131835937,1.9));
#3117 = CARTESIAN_POINT('',(3.7451171875,-24.10131835937,1.9));
#3118 = CARTESIAN_POINT('',(3.958740234375,-23.88647460937,1.9));
#3119 = VECTOR('',#3120,1.);
#3120 = DIRECTION('',(-0.,-0.,-1.));
#3121 = DEFINITIONAL_REPRESENTATION('',(#3122),#3133);
#3122 = B_SPLINE_CURVE_WITH_KNOTS('',5,(#3123,#3124,#3125,#3126,#3127,
    #3128,#3129,#3130,#3131,#3132),.UNSPECIFIED.,.F.,.F.,(6,4,6),(0.,
    0.459472968353,1.),.UNSPECIFIED.);
#3123 = CARTESIAN_POINT('',(1.,-0.1));
#3124 = CARTESIAN_POINT('',(0.909064207488,-0.1));
#3125 = CARTESIAN_POINT('',(0.817351052105,-0.1));
#3126 = CARTESIAN_POINT('',(0.725091504451,-0.1));
#3127 = CARTESIAN_POINT('',(0.632544489407,-0.1));
#3128 = CARTESIAN_POINT('',(0.431130052038,-0.1));
#3129 = CARTESIAN_POINT('',(0.322249551887,-0.1));
#3130 = CARTESIAN_POINT('',(0.213837262008,-0.1));
#3131 = CARTESIAN_POINT('',(0.106303659261,-0.1));
#3132 = CARTESIAN_POINT('',(0.,-0.1));
#3133 = ( GEOMETRIC_REPRESENTATION_CONTEXT(2) 
PARAMETRIC_REPRESENTATION_CONTEXT() REPRESENTATION_CONTEXT('2D SPACE',''
  ) );
#3134 = ORIENTED_EDGE('',*,*,#3135,.F.);
#3135 = EDGE_CURVE('',#3136,#3085,#3138,.T.);
#3136 = VERTEX_POINT('',#3137);
#3137 = CARTESIAN_POINT('',(4.17236328125,-23.35424804687,2.));
#3138 = SURFACE_CURVE('',#3139,(#3150,#3164),.PCURVE_S1.);
#3139 = B_SPLINE_CURVE_WITH_KNOTS('',5,(#3140,#3141,#3142,#3143,#3144,
    #3145,#3146,#3147,#3148,#3149),.UNSPECIFIED.,.F.,.F.,(6,4,6),(0.,
    0.58106582637,1.),.UNSPECIFIED.);
#3140 = CARTESIAN_POINT('',(4.17236328125,-23.35424804687,2.));
#3141 = CARTESIAN_POINT('',(4.17236328125,-23.42654366458,2.));
#3142 = CARTESIAN_POINT('',(4.16543563965,-23.49647785699,2.));
#3143 = CARTESIAN_POINT('',(4.151210959467,-23.56360558306,2.));
#3144 = CARTESIAN_POINT('',(4.129514884524,-23.62752228758,2.));
#3145 = CARTESIAN_POINT('',(4.079581821993,-23.73146176986,2.));
#3146 = CARTESIAN_POINT('',(4.054856872576,-23.77317986554,2.));
#3147 = CARTESIAN_POINT('',(4.026379765576,-23.81295845827,2.));
#3148 = CARTESIAN_POINT('',(3.994279412228,-23.8507323505,2.));
#3149 = CARTESIAN_POINT('',(3.958740234375,-23.88647460937,2.));
#3150 = PCURVE('',#73,#3151);
#3151 = DEFINITIONAL_REPRESENTATION('',(#3152),#3163);
#3152 = B_SPLINE_CURVE_WITH_KNOTS('',5,(#3153,#3154,#3155,#3156,#3157,
    #3158,#3159,#3160,#3161,#3162),.UNSPECIFIED.,.F.,.F.,(6,4,6),(0.,
    0.58106582637,1.),.UNSPECIFIED.);
#3153 = CARTESIAN_POINT('',(4.17236328125,-23.35424804687));
#3154 = CARTESIAN_POINT('',(4.17236328125,-23.42654366458));
#3155 = CARTESIAN_POINT('',(4.16543563965,-23.49647785699));
#3156 = CARTESIAN_POINT('',(4.151210959467,-23.56360558306));
#3157 = CARTESIAN_POINT('',(4.129514884524,-23.62752228758));
#3158 = CARTESIAN_POINT('',(4.079581821993,-23.73146176986));
#3159 = CARTESIAN_POINT('',(4.054856872576,-23.77317986554));
#3160 = CARTESIAN_POINT('',(4.026379765576,-23.81295845827));
#3161 = CARTESIAN_POINT('',(3.994279412228,-23.8507323505));
#3162 = CARTESIAN_POINT('',(3.958740234375,-23.88647460937));
#3163 = ( GEOMETRIC_REPRESENTATION_CONTEXT(2) 
PARAMETRIC_REPRESENTATION_CONTEXT() REPRESENTATION_CONTEXT('2D SPACE',''
  ) );
#3164 = PCURVE('',#3165,#3172);
#3165 = SURFACE_OF_LINEAR_EXTRUSION('',#3166,#3170);
#3166 = B_SPLINE_CURVE_WITH_KNOTS('',2,(#3167,#3168,#3169),
  .UNSPECIFIED.,.F.,.F.,(3,3),(0.,1.),.PIECEWISE_BEZIER_KNOTS.);
#3167 = CARTESIAN_POINT('',(3.958740234375,-23.88647460937,1.9));
#3168 = CARTESIAN_POINT('',(4.17236328125,-23.67163085937,1.9));
#3169 = CARTESIAN_POINT('',(4.17236328125,-23.35424804687,1.9));
#3170 = VECTOR('',#3171,1.);
#3171 = DIRECTION('',(-0.,-0.,-1.));
#3172 = DEFINITIONAL_REPRESENTATION('',(#3173),#3184);
#3173 = B_SPLINE_CURVE_WITH_KNOTS('',5,(#3174,#3175,#3176,#3177,#3178,
    #3179,#3180,#3181,#3182,#3183),.UNSPECIFIED.,.F.,.F.,(6,4,6),(0.,
    0.58106582637,1.),.UNSPECIFIED.);
#3174 = CARTESIAN_POINT('',(1.,-0.1));
#3175 = CARTESIAN_POINT('',(0.886106596105,-0.1));
#3176 = CARTESIAN_POINT('',(0.770694769285,-0.1));
#3177 = CARTESIAN_POINT('',(0.654186298053,-0.1));
#3178 = CARTESIAN_POINT('',(0.537086667007,-0.1));
#3179 = CARTESIAN_POINT('',(0.335583392002,-0.1));
#3180 = CARTESIAN_POINT('',(0.251164719526,-0.1));
#3181 = CARTESIAN_POINT('',(0.166964186309,-0.1));
#3182 = CARTESIAN_POINT('',(8.318198427676E-02,-0.1));
#3183 = CARTESIAN_POINT('',(0.,-0.1));
#3184 = ( GEOMETRIC_REPRESENTATION_CONTEXT(2) 
PARAMETRIC_REPRESENTATION_CONTEXT() REPRESENTATION_CONTEXT('2D SPACE',''
  ) );
#3185 = ORIENTED_EDGE('',*,*,#3186,.F.);
#3186 = EDGE_CURVE('',#3187,#3136,#3189,.T.);
#3187 = VERTEX_POINT('',#3188);
#3188 = CARTESIAN_POINT('',(3.974609375,-22.85498046875,2.));
#3189 = SURFACE_CURVE('',#3190,(#3201,#3215),.PCURVE_S1.);
#3190 = B_SPLINE_CURVE_WITH_KNOTS('',5,(#3191,#3192,#3193,#3194,#3195,
    #3196,#3197,#3198,#3199,#3200),.UNSPECIFIED.,.F.,.F.,(6,4,6),(0.,
    0.360369615429,1.),.UNSPECIFIED.);
#3191 = CARTESIAN_POINT('',(3.974609375,-22.85498046875,2.));
#3192 = CARTESIAN_POINT('',(4.003051017288,-22.88324654534,2.));
#3193 = CARTESIAN_POINT('',(4.029079126153,-22.91302730257,2.));
#3194 = CARTESIAN_POINT('',(4.052596406597,-22.94430665841,2.));
#3195 = CARTESIAN_POINT('',(4.073537451222,-22.9770466701,2.));
#3196 = CARTESIAN_POINT('',(4.124405471797,-23.07178513475,2.));
#3197 = CARTESIAN_POINT('',(4.148726311566,-23.13680435364,2.));
#3198 = CARTESIAN_POINT('',(4.16463726996,-23.20589351561,2.));
#3199 = CARTESIAN_POINT('',(4.17236328125,-23.27855845815,2.));
#3200 = CARTESIAN_POINT('',(4.17236328125,-23.35424804687,2.));
#3201 = PCURVE('',#73,#3202);
#3202 = DEFINITIONAL_REPRESENTATION('',(#3203),#3214);
#3203 = B_SPLINE_CURVE_WITH_KNOTS('',5,(#3204,#3205,#3206,#3207,#3208,
    #3209,#3210,#3211,#3212,#3213),.UNSPECIFIED.,.F.,.F.,(6,4,6),(0.,
    0.360369615429,1.),.UNSPECIFIED.);
#3204 = CARTESIAN_POINT('',(3.974609375,-22.85498046875));
#3205 = CARTESIAN_POINT('',(4.003051017288,-22.88324654534));
#3206 = CARTESIAN_POINT('',(4.029079126153,-22.91302730257));
#3207 = CARTESIAN_POINT('',(4.052596406597,-22.94430665841));
#3208 = CARTESIAN_POINT('',(4.073537451222,-22.9770466701));
#3209 = CARTESIAN_POINT('',(4.124405471797,-23.07178513475));
#3210 = CARTESIAN_POINT('',(4.148726311566,-23.13680435364));
#3211 = CARTESIAN_POINT('',(4.16463726996,-23.20589351561));
#3212 = CARTESIAN_POINT('',(4.17236328125,-23.27855845815));
#3213 = CARTESIAN_POINT('',(4.17236328125,-23.35424804687));
#3214 = ( GEOMETRIC_REPRESENTATION_CONTEXT(2) 
PARAMETRIC_REPRESENTATION_CONTEXT() REPRESENTATION_CONTEXT('2D SPACE',''
  ) );
#3215 = PCURVE('',#3216,#3223);
#3216 = SURFACE_OF_LINEAR_EXTRUSION('',#3217,#3221);
#3217 = B_SPLINE_CURVE_WITH_KNOTS('',2,(#3218,#3219,#3220),
  .UNSPECIFIED.,.F.,.F.,(3,3),(0.,1.),.PIECEWISE_BEZIER_KNOTS.);
#3218 = CARTESIAN_POINT('',(4.17236328125,-23.35424804687,1.9));
#3219 = CARTESIAN_POINT('',(4.17236328125,-23.05151367187,1.9));
#3220 = CARTESIAN_POINT('',(3.974609375,-22.85498046875,1.9));
#3221 = VECTOR('',#3222,1.);
#3222 = DIRECTION('',(-0.,-0.,-1.));
#3223 = DEFINITIONAL_REPRESENTATION('',(#3224),#3235);
#3224 = B_SPLINE_CURVE_WITH_KNOTS('',5,(#3225,#3226,#3227,#3228,#3229,
    #3230,#3231,#3232,#3233,#3234),.UNSPECIFIED.,.F.,.F.,(6,4,6),(0.,
    0.360369615429,1.),.UNSPECIFIED.);
#3225 = CARTESIAN_POINT('',(1.,-0.1));
#3226 = CARTESIAN_POINT('',(0.928088292092,-0.1));
#3227 = CARTESIAN_POINT('',(0.855815667465,-0.1));
#3228 = CARTESIAN_POINT('',(0.783294985849,-0.1));
#3229 = CARTESIAN_POINT('',(0.710646928861,-0.1));
#3230 = CARTESIAN_POINT('',(0.509056878673,-0.1));
#3231 = CARTESIAN_POINT('',(0.380098265009,-0.1));
#3232 = CARTESIAN_POINT('',(0.251877054715,-0.1));
#3233 = CARTESIAN_POINT('',(0.125009901363,-0.1));
#3234 = CARTESIAN_POINT('',(0.,-0.1));
#3235 = ( GEOMETRIC_REPRESENTATION_CONTEXT(2) 
PARAMETRIC_REPRESENTATION_CONTEXT() REPRESENTATION_CONTEXT('2D SPACE',''
  ) );
#3236 = ORIENTED_EDGE('',*,*,#3237,.F.);
#3237 = EDGE_CURVE('',#3238,#3187,#3240,.T.);
#3238 = VERTEX_POINT('',#3239);
#3239 = CARTESIAN_POINT('',(3.4716796875,-22.65844726562,2.));
#3240 = SURFACE_CURVE('',#3241,(#3252,#3266),.PCURVE_S1.);
#3241 = B_SPLINE_CURVE_WITH_KNOTS('',5,(#3242,#3243,#3244,#3245,#3246,
    #3247,#3248,#3249,#3250,#3251),.UNSPECIFIED.,.F.,.F.,(6,4,6),(0.,
    0.655760361111,1.),.UNSPECIFIED.);
#3242 = CARTESIAN_POINT('',(3.4716796875,-22.65844726562,2.));
#3243 = CARTESIAN_POINT('',(3.549826981179,-22.65844726562,2.));
#3244 = CARTESIAN_POINT('',(3.624779550593,-22.66650189846,2.));
#3245 = CARTESIAN_POINT('',(3.695940815522,-22.68310883191,2.));
#3246 = CARTESIAN_POINT('',(3.762774611063,-22.70851507617,2.));
#3247 = CARTESIAN_POINT('',(3.857517976641,-22.76035197723,2.));
#3248 = CARTESIAN_POINT('',(3.888838400246,-22.7805641148,2.));
#3249 = CARTESIAN_POINT('',(3.918813074719,-22.80311459047,2.));
#3250 = CARTESIAN_POINT('',(3.947408489648,-22.82794749009,2.));
#3251 = CARTESIAN_POINT('',(3.974609375,-22.85498046875,2.));
#3252 = PCURVE('',#73,#3253);
#3253 = DEFINITIONAL_REPRESENTATION('',(#3254),#3265);
#3254 = B_SPLINE_CURVE_WITH_KNOTS('',5,(#3255,#3256,#3257,#3258,#3259,
    #3260,#3261,#3262,#3263,#3264),.UNSPECIFIED.,.F.,.F.,(6,4,6),(0.,
    0.655760361111,1.),.UNSPECIFIED.);
#3255 = CARTESIAN_POINT('',(3.4716796875,-22.65844726562));
#3256 = CARTESIAN_POINT('',(3.549826981179,-22.65844726562));
#3257 = CARTESIAN_POINT('',(3.624779550593,-22.66650189846));
#3258 = CARTESIAN_POINT('',(3.695940815522,-22.68310883191));
#3259 = CARTESIAN_POINT('',(3.762774611063,-22.70851507617));
#3260 = CARTESIAN_POINT('',(3.857517976641,-22.76035197723));
#3261 = CARTESIAN_POINT('',(3.888838400246,-22.7805641148));
#3262 = CARTESIAN_POINT('',(3.918813074719,-22.80311459047));
#3263 = CARTESIAN_POINT('',(3.947408489648,-22.82794749009));
#3264 = CARTESIAN_POINT('',(3.974609375,-22.85498046875));
#3265 = ( GEOMETRIC_REPRESENTATION_CONTEXT(2) 
PARAMETRIC_REPRESENTATION_CONTEXT() REPRESENTATION_CONTEXT('2D SPACE',''
  ) );
#3266 = PCURVE('',#3267,#3274);
#3267 = SURFACE_OF_LINEAR_EXTRUSION('',#3268,#3272);
#3268 = B_SPLINE_CURVE_WITH_KNOTS('',2,(#3269,#3270,#3271),
  .UNSPECIFIED.,.F.,.F.,(3,3),(0.,1.),.PIECEWISE_BEZIER_KNOTS.);
#3269 = CARTESIAN_POINT('',(3.974609375,-22.85498046875,1.9));
#3270 = CARTESIAN_POINT('',(3.77685546875,-22.65844726562,1.9));
#3271 = CARTESIAN_POINT('',(3.4716796875,-22.65844726562,1.9));
#3272 = VECTOR('',#3273,1.);
#3273 = DIRECTION('',(-0.,-0.,-1.));
#3274 = DEFINITIONAL_REPRESENTATION('',(#3275),#3286);
#3275 = B_SPLINE_CURVE_WITH_KNOTS('',5,(#3276,#3277,#3278,#3279,#3280,
    #3281,#3282,#3283,#3284,#3285),.UNSPECIFIED.,.F.,.F.,(6,4,6),(0.,
    0.655760361111,1.),.UNSPECIFIED.);
#3276 = CARTESIAN_POINT('',(1.,-0.1));
#3277 = CARTESIAN_POINT('',(0.871963474036,-0.1));
#3278 = CARTESIAN_POINT('',(0.741948075494,-0.1));
#3279 = CARTESIAN_POINT('',(0.610485568484,-0.1));
#3280 = CARTESIAN_POINT('',(0.47823320226,-0.1));
#3281 = CARTESIAN_POINT('',(0.276584535915,-0.1));
#3282 = CARTESIAN_POINT('',(0.207168720181,-0.1));
#3283 = CARTESIAN_POINT('',(0.137863744323,-0.1));
#3284 = CARTESIAN_POINT('',(6.877458419831E-02,-0.1));
#3285 = CARTESIAN_POINT('',(0.,-0.1));
#3286 = ( GEOMETRIC_REPRESENTATION_CONTEXT(2) 
PARAMETRIC_REPRESENTATION_CONTEXT() REPRESENTATION_CONTEXT('2D SPACE',''
  ) );
#3287 = ORIENTED_EDGE('',*,*,#3288,.F.);
#3288 = EDGE_CURVE('',#3289,#3238,#3291,.T.);
#3289 = VERTEX_POINT('',#3290);
#3290 = CARTESIAN_POINT('',(3.16162109375,-22.70727539062,2.));
#3291 = SURFACE_CURVE('',#3292,(#3299,#3309),.PCURVE_S1.);
#3292 = B_SPLINE_CURVE_WITH_KNOTS('',5,(#3293,#3294,#3295,#3296,#3297,
    #3298),.UNSPECIFIED.,.F.,.F.,(6,6),(0.,1.),
  .PIECEWISE_BEZIER_KNOTS.);
#3293 = CARTESIAN_POINT('',(3.16162109375,-22.70727539062,2.));
#3294 = CARTESIAN_POINT('',(3.234309108067,-22.6881469658,2.));
#3295 = CARTESIAN_POINT('',(3.301994211726,-22.67347798759,2.));
#3296 = CARTESIAN_POINT('',(3.36432993897,-22.66350669477,2.));
#3297 = CARTESIAN_POINT('',(3.420982481393,-22.65844726562,2.));
#3298 = CARTESIAN_POINT('',(3.4716796875,-22.65844726562,2.));
#3299 = PCURVE('',#73,#3300);
#3300 = DEFINITIONAL_REPRESENTATION('',(#3301),#3308);
#3301 = B_SPLINE_CURVE_WITH_KNOTS('',5,(#3302,#3303,#3304,#3305,#3306,
    #3307),.UNSPECIFIED.,.F.,.F.,(6,6),(0.,1.),
  .PIECEWISE_BEZIER_KNOTS.);
#3302 = CARTESIAN_POINT('',(3.16162109375,-22.70727539062));
#3303 = CARTESIAN_POINT('',(3.234309108067,-22.6881469658));
#3304 = CARTESIAN_POINT('',(3.301994211726,-22.67347798759));
#3305 = CARTESIAN_POINT('',(3.36432993897,-22.66350669477));
#3306 = CARTESIAN_POINT('',(3.420982481393,-22.65844726562));
#3307 = CARTESIAN_POINT('',(3.4716796875,-22.65844726562));
#3308 = ( GEOMETRIC_REPRESENTATION_CONTEXT(2) 
PARAMETRIC_REPRESENTATION_CONTEXT() REPRESENTATION_CONTEXT('2D SPACE',''
  ) );
#3309 = PCURVE('',#3310,#3317);
#3310 = SURFACE_OF_LINEAR_EXTRUSION('',#3311,#3315);
#3311 = B_SPLINE_CURVE_WITH_KNOTS('',2,(#3312,#3313,#3314),
  .UNSPECIFIED.,.F.,.F.,(3,3),(0.,1.),.PIECEWISE_BEZIER_KNOTS.);
#3312 = CARTESIAN_POINT('',(3.4716796875,-22.65844726562,1.9));
#3313 = CARTESIAN_POINT('',(3.34716796875,-22.65844726562,1.9));
#3314 = CARTESIAN_POINT('',(3.16162109375,-22.70727539062,1.9));
#3315 = VECTOR('',#3316,1.);
#3316 = DIRECTION('',(-0.,-0.,-1.));
#3317 = DEFINITIONAL_REPRESENTATION('',(#3318),#3325);
#3318 = B_SPLINE_CURVE_WITH_KNOTS('',5,(#3319,#3320,#3321,#3322,#3323,
    #3324),.UNSPECIFIED.,.F.,.F.,(6,6),(0.,1.),
  .PIECEWISE_BEZIER_KNOTS.);
#3319 = CARTESIAN_POINT('',(1.,-0.1));
#3320 = CARTESIAN_POINT('',(0.804124929841,-0.1));
#3321 = CARTESIAN_POINT('',(0.605955306137,-0.1));
#3322 = CARTESIAN_POINT('',(0.405686561494,-0.1));
#3323 = CARTESIAN_POINT('',(0.203584074722,-0.1));
#3324 = CARTESIAN_POINT('',(0.,-0.1));
#3325 = ( GEOMETRIC_REPRESENTATION_CONTEXT(2) 
PARAMETRIC_REPRESENTATION_CONTEXT() REPRESENTATION_CONTEXT('2D SPACE',''
  ) );
#3326 = ORIENTED_EDGE('',*,*,#3327,.F.);
#3327 = EDGE_CURVE('',#3328,#3289,#3330,.T.);
#3328 = VERTEX_POINT('',#3329);
#3329 = CARTESIAN_POINT('',(3.21044921875,-22.32153320312,2.));
#3330 = SURFACE_CURVE('',#3331,(#3335,#3342),.PCURVE_S1.);
#3331 = LINE('',#3332,#3333);
#3332 = CARTESIAN_POINT('',(3.28976219525,-21.69496068877,2.));
#3333 = VECTOR('',#3334,1.);
#3334 = DIRECTION('',(-0.125580186416,-0.992083472687,0.));
#3335 = PCURVE('',#73,#3336);
#3336 = DEFINITIONAL_REPRESENTATION('',(#3337),#3341);
#3337 = LINE('',#3338,#3339);
#3338 = CARTESIAN_POINT('',(3.28976219525,-21.69496068877));
#3339 = VECTOR('',#3340,1.);
#3340 = DIRECTION('',(-0.125580186416,-0.992083472687));
#3341 = ( GEOMETRIC_REPRESENTATION_CONTEXT(2) 
PARAMETRIC_REPRESENTATION_CONTEXT() REPRESENTATION_CONTEXT('2D SPACE',''
  ) );
#3342 = PCURVE('',#3343,#3348);
#3343 = PLANE('',#3344);
#3344 = AXIS2_PLACEMENT_3D('',#3345,#3346,#3347);
#3345 = CARTESIAN_POINT('',(3.16162109375,-22.70727539062,1.9));
#3346 = DIRECTION('',(-0.992083472687,0.125580186416,0.));
#3347 = DIRECTION('',(0.125580186416,0.992083472687,0.));
#3348 = DEFINITIONAL_REPRESENTATION('',(#3349),#3352);
#3349 = B_SPLINE_CURVE_WITH_KNOTS('',1,(#3350,#3351),.UNSPECIFIED.,.F.,
  .F.,(2,2),(0.631572374298,1.020392668275),.PIECEWISE_BEZIER_KNOTS.);
#3350 = CARTESIAN_POINT('',(0.388820293977,-0.1));
#3351 = CARTESIAN_POINT('',(0.,-0.1));
#3352 = ( GEOMETRIC_REPRESENTATION_CONTEXT(2) 
PARAMETRIC_REPRESENTATION_CONTEXT() REPRESENTATION_CONTEXT('2D SPACE',''
  ) );
#3353 = ORIENTED_EDGE('',*,*,#3354,.F.);
#3354 = EDGE_CURVE('',#3355,#3328,#3357,.T.);
#3355 = VERTEX_POINT('',#3356);
#3356 = CARTESIAN_POINT('',(3.28125,-22.32641601562,2.));
#3357 = SURFACE_CURVE('',#3358,(#3364,#3373),.PCURVE_S1.);
#3358 = B_SPLINE_CURVE_WITH_KNOTS('',4,(#3359,#3360,#3361,#3362,#3363),
  .UNSPECIFIED.,.F.,.F.,(5,5),(0.,1.),.PIECEWISE_BEZIER_KNOTS.);
#3359 = CARTESIAN_POINT('',(3.28125,-22.32641601562,2.));
#3360 = CARTESIAN_POINT('',(3.267807167874,-22.32641601562,2.));
#3361 = CARTESIAN_POINT('',(3.251517825092,-22.32560038094,2.));
#3362 = CARTESIAN_POINT('',(3.232392654058,-22.3239713626,2.));
#3363 = CARTESIAN_POINT('',(3.21044921875,-22.32153320312,2.));
#3364 = PCURVE('',#73,#3365);
#3365 = DEFINITIONAL_REPRESENTATION('',(#3366),#3372);
#3366 = B_SPLINE_CURVE_WITH_KNOTS('',4,(#3367,#3368,#3369,#3370,#3371),
  .UNSPECIFIED.,.F.,.F.,(5,5),(0.,1.),.PIECEWISE_BEZIER_KNOTS.);
#3367 = CARTESIAN_POINT('',(3.28125,-22.32641601562));
#3368 = CARTESIAN_POINT('',(3.267807167874,-22.32641601562));
#3369 = CARTESIAN_POINT('',(3.251517825092,-22.32560038094));
#3370 = CARTESIAN_POINT('',(3.232392654058,-22.3239713626));
#3371 = CARTESIAN_POINT('',(3.21044921875,-22.32153320312));
#3372 = ( GEOMETRIC_REPRESENTATION_CONTEXT(2) 
PARAMETRIC_REPRESENTATION_CONTEXT() REPRESENTATION_CONTEXT('2D SPACE',''
  ) );
#3373 = PCURVE('',#3374,#3381);
#3374 = SURFACE_OF_LINEAR_EXTRUSION('',#3375,#3379);
#3375 = B_SPLINE_CURVE_WITH_KNOTS('',2,(#3376,#3377,#3378),
  .UNSPECIFIED.,.F.,.F.,(3,3),(0.,1.),.PIECEWISE_BEZIER_KNOTS.);
#3376 = CARTESIAN_POINT('',(3.21044921875,-22.32153320312,1.9));
#3377 = CARTESIAN_POINT('',(3.25439453125,-22.32641601562,1.9));
#3378 = CARTESIAN_POINT('',(3.28125,-22.32641601562,1.9));
#3379 = VECTOR('',#3380,1.);
#3380 = DIRECTION('',(-0.,-0.,-1.));
#3381 = DEFINITIONAL_REPRESENTATION('',(#3382),#3388);
#3382 = B_SPLINE_CURVE_WITH_KNOTS('',4,(#3383,#3384,#3385,#3386,#3387),
  .UNSPECIFIED.,.F.,.F.,(5,5),(0.,1.),.PIECEWISE_BEZIER_KNOTS.);
#3383 = CARTESIAN_POINT('',(1.,-0.1));
#3384 = CARTESIAN_POINT('',(0.749718907332,-0.1));
#3385 = CARTESIAN_POINT('',(0.499590683615,-0.1));
#3386 = CARTESIAN_POINT('',(0.249667530611,-0.1));
#3387 = CARTESIAN_POINT('',(0.,-0.1));
#3388 = ( GEOMETRIC_REPRESENTATION_CONTEXT(2) 
PARAMETRIC_REPRESENTATION_CONTEXT() REPRESENTATION_CONTEXT('2D SPACE',''
  ) );
#3389 = ORIENTED_EDGE('',*,*,#3390,.F.);
#3390 = EDGE_CURVE('',#3391,#3355,#3393,.T.);
#3391 = VERTEX_POINT('',#3392);
#3392 = CARTESIAN_POINT('',(3.78662109375,-22.17993164062,2.));
#3393 = SURFACE_CURVE('',#3394,(#3405,#3419),.PCURVE_S1.);
#3394 = B_SPLINE_CURVE_WITH_KNOTS('',5,(#3395,#3396,#3397,#3398,#3399,
    #3400,#3401,#3402,#3403,#3404),.UNSPECIFIED.,.F.,.F.,(6,4,6),(0.,
    0.359174437099,1.),.UNSPECIFIED.);
#3395 = CARTESIAN_POINT('',(3.78662109375,-22.17993164062,2.));
#3396 = CARTESIAN_POINT('',(3.754384147207,-22.20095573619,2.));
#3397 = CARTESIAN_POINT('',(3.721344695288,-22.22014587781,2.));
#3398 = CARTESIAN_POINT('',(3.687521272266,-22.2374663995,2.));
#3399 = CARTESIAN_POINT('',(3.652938082413,-22.25289365458,2.));
#3400 = CARTESIAN_POINT('',(3.554620722475,-22.29054210514,2.));
#3401 = CARTESIAN_POINT('',(3.489290469603,-22.30860567264,2.));
#3402 = CARTESIAN_POINT('',(3.421808553112,-22.32053906158,2.));
#3403 = CARTESIAN_POINT('',(3.352384278114,-22.32641601562,2.));
#3404 = CARTESIAN_POINT('',(3.28125,-22.32641601562,2.));
#3405 = PCURVE('',#73,#3406);
#3406 = DEFINITIONAL_REPRESENTATION('',(#3407),#3418);
#3407 = B_SPLINE_CURVE_WITH_KNOTS('',5,(#3408,#3409,#3410,#3411,#3412,
    #3413,#3414,#3415,#3416,#3417),.UNSPECIFIED.,.F.,.F.,(6,4,6),(0.,
    0.359174437099,1.),.UNSPECIFIED.);
#3408 = CARTESIAN_POINT('',(3.78662109375,-22.17993164062));
#3409 = CARTESIAN_POINT('',(3.754384147207,-22.20095573619));
#3410 = CARTESIAN_POINT('',(3.721344695288,-22.22014587781));
#3411 = CARTESIAN_POINT('',(3.687521272266,-22.2374663995));
#3412 = CARTESIAN_POINT('',(3.652938082413,-22.25289365458));
#3413 = CARTESIAN_POINT('',(3.554620722475,-22.29054210514));
#3414 = CARTESIAN_POINT('',(3.489290469603,-22.30860567264));
#3415 = CARTESIAN_POINT('',(3.421808553112,-22.32053906158));
#3416 = CARTESIAN_POINT('',(3.352384278114,-22.32641601562));
#3417 = CARTESIAN_POINT('',(3.28125,-22.32641601562));
#3418 = ( GEOMETRIC_REPRESENTATION_CONTEXT(2) 
PARAMETRIC_REPRESENTATION_CONTEXT() REPRESENTATION_CONTEXT('2D SPACE',''
  ) );
#3419 = PCURVE('',#3420,#3427);
#3420 = SURFACE_OF_LINEAR_EXTRUSION('',#3421,#3425);
#3421 = B_SPLINE_CURVE_WITH_KNOTS('',2,(#3422,#3423,#3424),
  .UNSPECIFIED.,.F.,.F.,(3,3),(0.,1.),.PIECEWISE_BEZIER_KNOTS.);
#3422 = CARTESIAN_POINT('',(3.28125,-22.32641601562,1.9));
#3423 = CARTESIAN_POINT('',(3.56201171875,-22.32641601562,1.9));
#3424 = CARTESIAN_POINT('',(3.78662109375,-22.17993164062,1.9));
#3425 = VECTOR('',#3426,1.);
#3426 = DIRECTION('',(-0.,-0.,-1.));
#3427 = DEFINITIONAL_REPRESENTATION('',(#3428),#3439);
#3428 = B_SPLINE_CURVE_WITH_KNOTS('',5,(#3429,#3430,#3431,#3432,#3433,
    #3434,#3435,#3436,#3437,#3438),.UNSPECIFIED.,.F.,.F.,(6,4,6),(0.,
    0.359174437099,1.),.UNSPECIFIED.);
#3429 = CARTESIAN_POINT('',(1.,-0.1));
#3430 = CARTESIAN_POINT('',(0.928237753783,-0.1));
#3431 = CARTESIAN_POINT('',(0.8562983294,-0.1));
#3432 = CARTESIAN_POINT('',(0.784239081937,-0.1));
#3433 = CARTESIAN_POINT('',(0.712119258856,-0.1));
#3434 = CARTESIAN_POINT('',(0.511327522566,-0.1));
#3435 = CARTESIAN_POINT('',(0.382651468124,-0.1));
#3436 = CARTESIAN_POINT('',(0.254328449994,-0.1));
#3437 = CARTESIAN_POINT('',(0.126680870937,-0.1));
#3438 = CARTESIAN_POINT('',(0.,-0.1));
#3439 = ( GEOMETRIC_REPRESENTATION_CONTEXT(2) 
PARAMETRIC_REPRESENTATION_CONTEXT() REPRESENTATION_CONTEXT('2D SPACE',''
  ) );
#3440 = ORIENTED_EDGE('',*,*,#3441,.F.);
#3441 = EDGE_CURVE('',#3442,#3391,#3444,.T.);
#3442 = VERTEX_POINT('',#3443);
#3443 = CARTESIAN_POINT('',(4.01123046875,-21.72827148437,2.));
#3444 = SURFACE_CURVE('',#3445,(#3456,#3470),.PCURVE_S1.);
#3445 = B_SPLINE_CURVE_WITH_KNOTS('',5,(#3446,#3447,#3448,#3449,#3450,
    #3451,#3452,#3453,#3454,#3455),.UNSPECIFIED.,.F.,.F.,(6,4,6),(0.,
    0.642526163083,1.),.UNSPECIFIED.);
#3446 = CARTESIAN_POINT('',(4.01123046875,-21.72827148437,2.));
#3447 = CARTESIAN_POINT('',(4.01123046875,-21.80399240778,2.));
#3448 = CARTESIAN_POINT('',(4.002587624782,-21.87529052677,2.));
#3449 = CARTESIAN_POINT('',(3.98453561949,-21.94122247913,2.));
#3450 = CARTESIAN_POINT('',(3.956629855951,-22.00092248823,2.));
#3451 = CARTESIAN_POINT('',(3.898423063216,-22.08336893039,2.));
#3452 = CARTESIAN_POINT('',(3.87467357513,-22.1107645727,2.));
#3453 = CARTESIAN_POINT('',(3.84803869695,-22.1360019477,2.));
#3454 = CARTESIAN_POINT('',(3.818634681929,-22.15905321355,2.));
#3455 = CARTESIAN_POINT('',(3.78662109375,-22.17993164062,2.));
#3456 = PCURVE('',#73,#3457);
#3457 = DEFINITIONAL_REPRESENTATION('',(#3458),#3469);
#3458 = B_SPLINE_CURVE_WITH_KNOTS('',5,(#3459,#3460,#3461,#3462,#3463,
    #3464,#3465,#3466,#3467,#3468),.UNSPECIFIED.,.F.,.F.,(6,4,6),(0.,
    0.642526163083,1.),.UNSPECIFIED.);
#3459 = CARTESIAN_POINT('',(4.01123046875,-21.72827148437));
#3460 = CARTESIAN_POINT('',(4.01123046875,-21.80399240778));
#3461 = CARTESIAN_POINT('',(4.002587624782,-21.87529052677));
#3462 = CARTESIAN_POINT('',(3.98453561949,-21.94122247913));
#3463 = CARTESIAN_POINT('',(3.956629855951,-22.00092248823));
#3464 = CARTESIAN_POINT('',(3.898423063216,-22.08336893039));
#3465 = CARTESIAN_POINT('',(3.87467357513,-22.1107645727));
#3466 = CARTESIAN_POINT('',(3.84803869695,-22.1360019477));
#3467 = CARTESIAN_POINT('',(3.818634681929,-22.15905321355));
#3468 = CARTESIAN_POINT('',(3.78662109375,-22.17993164062));
#3469 = ( GEOMETRIC_REPRESENTATION_CONTEXT(2) 
PARAMETRIC_REPRESENTATION_CONTEXT() REPRESENTATION_CONTEXT('2D SPACE',''
  ) );
#3470 = PCURVE('',#3471,#3478);
#3471 = SURFACE_OF_LINEAR_EXTRUSION('',#3472,#3476);
#3472 = B_SPLINE_CURVE_WITH_KNOTS('',2,(#3473,#3474,#3475),
  .UNSPECIFIED.,.F.,.F.,(3,3),(0.,1.),.PIECEWISE_BEZIER_KNOTS.);
#3473 = CARTESIAN_POINT('',(3.78662109375,-22.17993164062,1.9));
#3474 = CARTESIAN_POINT('',(4.01123046875,-22.03344726562,1.9));
#3475 = CARTESIAN_POINT('',(4.01123046875,-21.72827148437,1.9));
#3476 = VECTOR('',#3477,1.);
#3477 = DIRECTION('',(-0.,-0.,-1.));
#3478 = DEFINITIONAL_REPRESENTATION('',(#3479),#3490);
#3479 = B_SPLINE_CURVE_WITH_KNOTS('',5,(#3480,#3481,#3482,#3483,#3484,
    #3485,#3486,#3487,#3488,#3489),.UNSPECIFIED.,.F.,.F.,(6,4,6),(0.,
    0.642526163083,1.),.UNSPECIFIED.);
#3480 = CARTESIAN_POINT('',(1.,-0.1));
#3481 = CARTESIAN_POINT('',(0.875938839092,-0.1));
#3482 = CARTESIAN_POINT('',(0.749119345372,-0.1));
#3483 = CARTESIAN_POINT('',(0.620200061195,-0.1));
#3484 = CARTESIAN_POINT('',(0.490084825048,-0.1));
#3485 = CARTESIAN_POINT('',(0.287626415535,-0.1));
#3486 = CARTESIAN_POINT('',(0.215249813838,-0.1));
#3487 = CARTESIAN_POINT('',(0.143069290075,-0.1));
#3488 = CARTESIAN_POINT('',(7.126503107613E-02,-0.1));
#3489 = CARTESIAN_POINT('',(0.,-0.1));
#3490 = ( GEOMETRIC_REPRESENTATION_CONTEXT(2) 
PARAMETRIC_REPRESENTATION_CONTEXT() REPRESENTATION_CONTEXT('2D SPACE',''
  ) );
#3491 = ORIENTED_EDGE('',*,*,#3492,.F.);
#3492 = EDGE_CURVE('',#3493,#3442,#3495,.T.);
#3493 = VERTEX_POINT('',#3494);
#3494 = CARTESIAN_POINT('',(3.84765625,-21.32788085937,2.));
#3495 = SURFACE_CURVE('',#3496,(#3507,#3521),.PCURVE_S1.);
#3496 = B_SPLINE_CURVE_WITH_KNOTS('',5,(#3497,#3498,#3499,#3500,#3501,
    #3502,#3503,#3504,#3505,#3506),.UNSPECIFIED.,.F.,.F.,(6,4,6),(0.,
    0.40313582035,1.),.UNSPECIFIED.);
#3497 = CARTESIAN_POINT('',(3.84765625,-21.32788085937,2.));
#3498 = CARTESIAN_POINT('',(3.873929074434,-21.35336942039,2.));
#3499 = CARTESIAN_POINT('',(3.897683787723,-21.38031170586,2.));
#3500 = CARTESIAN_POINT('',(3.918833996446,-21.4086961785,2.));
#3501 = CARTESIAN_POINT('',(3.937323499693,-21.43849253754,2.));
#3502 = CARTESIAN_POINT('',(3.976523165344,-21.51578455584,2.));
#3503 = CARTESIAN_POINT('',(3.994032929628,-21.56490772484,2.));
#3504 = CARTESIAN_POINT('',(4.00557065826,-21.61685699023,2.));
#3505 = CARTESIAN_POINT('',(4.01123046875,-21.67140199245,2.));
#3506 = CARTESIAN_POINT('',(4.01123046875,-21.72827148437,2.));
#3507 = PCURVE('',#73,#3508);
#3508 = DEFINITIONAL_REPRESENTATION('',(#3509),#3520);
#3509 = B_SPLINE_CURVE_WITH_KNOTS('',5,(#3510,#3511,#3512,#3513,#3514,
    #3515,#3516,#3517,#3518,#3519),.UNSPECIFIED.,.F.,.F.,(6,4,6),(0.,
    0.40313582035,1.),.UNSPECIFIED.);
#3510 = CARTESIAN_POINT('',(3.84765625,-21.32788085937));
#3511 = CARTESIAN_POINT('',(3.873929074434,-21.35336942039));
#3512 = CARTESIAN_POINT('',(3.897683787723,-21.38031170586));
#3513 = CARTESIAN_POINT('',(3.918833996446,-21.4086961785));
#3514 = CARTESIAN_POINT('',(3.937323499693,-21.43849253754));
#3515 = CARTESIAN_POINT('',(3.976523165344,-21.51578455584));
#3516 = CARTESIAN_POINT('',(3.994032929628,-21.56490772484));
#3517 = CARTESIAN_POINT('',(4.00557065826,-21.61685699023));
#3518 = CARTESIAN_POINT('',(4.01123046875,-21.67140199245));
#3519 = CARTESIAN_POINT('',(4.01123046875,-21.72827148437));
#3520 = ( GEOMETRIC_REPRESENTATION_CONTEXT(2) 
PARAMETRIC_REPRESENTATION_CONTEXT() REPRESENTATION_CONTEXT('2D SPACE',''
  ) );
#3521 = PCURVE('',#3522,#3529);
#3522 = SURFACE_OF_LINEAR_EXTRUSION('',#3523,#3527);
#3523 = B_SPLINE_CURVE_WITH_KNOTS('',2,(#3524,#3525,#3526),
  .UNSPECIFIED.,.F.,.F.,(3,3),(0.,1.),.PIECEWISE_BEZIER_KNOTS.);
#3524 = CARTESIAN_POINT('',(4.01123046875,-21.72827148437,1.9));
#3525 = CARTESIAN_POINT('',(4.01123046875,-21.48657226562,1.9));
#3526 = CARTESIAN_POINT('',(3.84765625,-21.32788085937,1.9));
#3527 = VECTOR('',#3528,1.);
#3528 = DIRECTION('',(-0.,-0.,-1.));
#3529 = DEFINITIONAL_REPRESENTATION('',(#3530),#3541);
#3530 = B_SPLINE_CURVE_WITH_KNOTS('',5,(#3531,#3532,#3533,#3534,#3535,
    #3536,#3537,#3538,#3539,#3540),.UNSPECIFIED.,.F.,.F.,(6,4,6),(0.,
    0.40313582035,1.),.UNSPECIFIED.);
#3531 = CARTESIAN_POINT('',(1.,-0.1));
#3532 = CARTESIAN_POINT('',(0.919691426209,-0.1));
#3533 = CARTESIAN_POINT('',(0.839019017956,-0.1));
#3534 = CARTESIAN_POINT('',(0.758097336492,-0.1));
#3535 = CARTESIAN_POINT('',(0.677048063281,-0.1));
#3536 = CARTESIAN_POINT('',(0.476004000239,-0.1));
#3537 = CARTESIAN_POINT('',(0.356002120798,-0.1));
#3538 = CARTESIAN_POINT('',(0.236423264777,-0.1));
#3539 = CARTESIAN_POINT('',(0.11764517117,-0.1));
#3540 = CARTESIAN_POINT('',(0.,-0.1));
#3541 = ( GEOMETRIC_REPRESENTATION_CONTEXT(2) 
PARAMETRIC_REPRESENTATION_CONTEXT() REPRESENTATION_CONTEXT('2D SPACE',''
  ) );
#3542 = ORIENTED_EDGE('',*,*,#3543,.F.);
#3543 = EDGE_CURVE('',#3544,#3493,#3546,.T.);
#3544 = VERTEX_POINT('',#3545);
#3545 = CARTESIAN_POINT('',(3.42529296875,-21.16918945312,2.));
#3546 = SURFACE_CURVE('',#3547,(#3558,#3572),.PCURVE_S1.);
#3547 = B_SPLINE_CURVE_WITH_KNOTS('',5,(#3548,#3549,#3550,#3551,#3552,
    #3553,#3554,#3555,#3556,#3557),.UNSPECIFIED.,.F.,.F.,(6,4,6),(0.,
    0.720660253735,1.),.UNSPECIFIED.);
#3548 = CARTESIAN_POINT('',(3.42529296875,-21.16918945312,2.));
#3549 = CARTESIAN_POINT('',(3.498315059891,-21.16918945312,2.));
#3550 = CARTESIAN_POINT('',(3.567610323495,-21.17708623872,2.));
#3551 = CARTESIAN_POINT('',(3.632637526853,-21.19331718721,2.));
#3552 = CARTESIAN_POINT('',(3.692935425081,-21.21809105244,2.));
#3553 = CARTESIAN_POINT('',(3.769634333364,-21.26407065042,2.));
#3554 = CARTESIAN_POINT('',(3.790305435566,-21.27817149217,2.));
#3555 = CARTESIAN_POINT('',(3.810206260399,-21.29351934149,2.));
#3556 = CARTESIAN_POINT('',(3.829325377073,-21.31009717668,2.));
#3557 = CARTESIAN_POINT('',(3.84765625,-21.32788085937,2.));
#3558 = PCURVE('',#73,#3559);
#3559 = DEFINITIONAL_REPRESENTATION('',(#3560),#3571);
#3560 = B_SPLINE_CURVE_WITH_KNOTS('',5,(#3561,#3562,#3563,#3564,#3565,
    #3566,#3567,#3568,#3569,#3570),.UNSPECIFIED.,.F.,.F.,(6,4,6),(0.,
    0.720660253735,1.),.UNSPECIFIED.);
#3561 = CARTESIAN_POINT('',(3.42529296875,-21.16918945312));
#3562 = CARTESIAN_POINT('',(3.498315059891,-21.16918945312));
#3563 = CARTESIAN_POINT('',(3.567610323495,-21.17708623872));
#3564 = CARTESIAN_POINT('',(3.632637526853,-21.19331718721));
#3565 = CARTESIAN_POINT('',(3.692935425081,-21.21809105244));
#3566 = CARTESIAN_POINT('',(3.769634333364,-21.26407065042));
#3567 = CARTESIAN_POINT('',(3.790305435566,-21.27817149217));
#3568 = CARTESIAN_POINT('',(3.810206260399,-21.29351934149));
#3569 = CARTESIAN_POINT('',(3.829325377073,-21.31009717668));
#3570 = CARTESIAN_POINT('',(3.84765625,-21.32788085937));
#3571 = ( GEOMETRIC_REPRESENTATION_CONTEXT(2) 
PARAMETRIC_REPRESENTATION_CONTEXT() REPRESENTATION_CONTEXT('2D SPACE',''
  ) );
#3572 = PCURVE('',#3573,#3580);
#3573 = SURFACE_OF_LINEAR_EXTRUSION('',#3574,#3578);
#3574 = B_SPLINE_CURVE_WITH_KNOTS('',2,(#3575,#3576,#3577),
  .UNSPECIFIED.,.F.,.F.,(3,3),(0.,1.),.PIECEWISE_BEZIER_KNOTS.);
#3575 = CARTESIAN_POINT('',(3.84765625,-21.32788085937,1.9));
#3576 = CARTESIAN_POINT('',(3.68408203125,-21.16918945312,1.9));
#3577 = CARTESIAN_POINT('',(3.42529296875,-21.16918945312,1.9));
#3578 = VECTOR('',#3579,1.);
#3579 = DIRECTION('',(-0.,-0.,-1.));
#3580 = DEFINITIONAL_REPRESENTATION('',(#3581),#3592);
#3581 = B_SPLINE_CURVE_WITH_KNOTS('',5,(#3582,#3583,#3584,#3585,#3586,
    #3587,#3588,#3589,#3590,#3591),.UNSPECIFIED.,.F.,.F.,(6,4,6),(0.,
    0.720660253735,1.),.UNSPECIFIED.);
#3582 = CARTESIAN_POINT('',(1.,-0.1));
#3583 = CARTESIAN_POINT('',(0.858915808814,-0.1));
#3584 = CARTESIAN_POINT('',(0.715877818242,-0.1));
#3585 = CARTESIAN_POINT('',(0.571424703162,-0.1));
#3586 = CARTESIAN_POINT('',(0.426205626591,-0.1));
#3587 = CARTESIAN_POINT('',(0.224715915124,-0.1));
#3588 = CARTESIAN_POINT('',(0.168431451294,-0.1));
#3589 = CARTESIAN_POINT('',(0.112189633847,-0.1));
#3590 = CARTESIAN_POINT('',(5.603228022918E-02,-0.1));
#3591 = CARTESIAN_POINT('',(0.,-0.1));
#3592 = ( GEOMETRIC_REPRESENTATION_CONTEXT(2) 
PARAMETRIC_REPRESENTATION_CONTEXT() REPRESENTATION_CONTEXT('2D SPACE',''
  ) );
#3593 = ORIENTED_EDGE('',*,*,#3594,.F.);
#3594 = EDGE_CURVE('',#3595,#3544,#3597,.T.);
#3595 = VERTEX_POINT('',#3596);
#3596 = CARTESIAN_POINT('',(2.998046875,-21.33032226562,2.));
#3597 = SURFACE_CURVE('',#3598,(#3609,#3623),.PCURVE_S1.);
#3598 = B_SPLINE_CURVE_WITH_KNOTS('',5,(#3599,#3600,#3601,#3602,#3603,
    #3604,#3605,#3606,#3607,#3608),.UNSPECIFIED.,.F.,.F.,(6,4,6),(0.,
    0.340707678703,1.),.UNSPECIFIED.);
#3599 = CARTESIAN_POINT('',(2.998046875,-21.33032226562,2.));
#3600 = CARTESIAN_POINT('',(3.021326342092,-21.30837305379,2.));
#3601 = CARTESIAN_POINT('',(3.045670664121,-21.28822270443,2.));
#3602 = CARTESIAN_POINT('',(3.071068923611,-21.26991770842,2.));
#3603 = CARTESIAN_POINT('',(3.097500663805,-21.25348944069,2.));
#3604 = CARTESIAN_POINT('',(3.178024897867,-21.21082741267,2.));
#3605 = CARTESIAN_POINT('',(3.234875636141,-21.18978622909,2.));
#3606 = CARTESIAN_POINT('',(3.295262065399,-21.17595285451,2.));
#3607 = CARTESIAN_POINT('',(3.358860496468,-21.16918945312,2.));
#3608 = CARTESIAN_POINT('',(3.42529296875,-21.16918945312,2.));
#3609 = PCURVE('',#73,#3610);
#3610 = DEFINITIONAL_REPRESENTATION('',(#3611),#3622);
#3611 = B_SPLINE_CURVE_WITH_KNOTS('',5,(#3612,#3613,#3614,#3615,#3616,
    #3617,#3618,#3619,#3620,#3621),.UNSPECIFIED.,.F.,.F.,(6,4,6),(0.,
    0.340707678703,1.),.UNSPECIFIED.);
#3612 = CARTESIAN_POINT('',(2.998046875,-21.33032226562));
#3613 = CARTESIAN_POINT('',(3.021326342092,-21.30837305379));
#3614 = CARTESIAN_POINT('',(3.045670664121,-21.28822270443));
#3615 = CARTESIAN_POINT('',(3.071068923611,-21.26991770842));
#3616 = CARTESIAN_POINT('',(3.097500663805,-21.25348944069));
#3617 = CARTESIAN_POINT('',(3.178024897867,-21.21082741267));
#3618 = CARTESIAN_POINT('',(3.234875636141,-21.18978622909));
#3619 = CARTESIAN_POINT('',(3.295262065399,-21.17595285451));
#3620 = CARTESIAN_POINT('',(3.358860496468,-21.16918945312));
#3621 = CARTESIAN_POINT('',(3.42529296875,-21.16918945312));
#3622 = ( GEOMETRIC_REPRESENTATION_CONTEXT(2) 
PARAMETRIC_REPRESENTATION_CONTEXT() REPRESENTATION_CONTEXT('2D SPACE',''
  ) );
#3623 = PCURVE('',#3624,#3631);
#3624 = SURFACE_OF_LINEAR_EXTRUSION('',#3625,#3629);
#3625 = B_SPLINE_CURVE_WITH_KNOTS('',2,(#3626,#3627,#3628),
  .UNSPECIFIED.,.F.,.F.,(3,3),(0.,1.),.PIECEWISE_BEZIER_KNOTS.);
#3626 = CARTESIAN_POINT('',(3.42529296875,-21.16918945312,1.9));
#3627 = CARTESIAN_POINT('',(3.1689453125,-21.16918945312,1.9));
#3628 = CARTESIAN_POINT('',(2.998046875,-21.33032226562,1.9));
#3629 = VECTOR('',#3630,1.);
#3630 = DIRECTION('',(-0.,-0.,-1.));
#3631 = DEFINITIONAL_REPRESENTATION('',(#3632),#3643);
#3632 = B_SPLINE_CURVE_WITH_KNOTS('',5,(#3633,#3634,#3635,#3636,#3637,
    #3638,#3639,#3640,#3641,#3642),.UNSPECIFIED.,.F.,.F.,(6,4,6),(0.,
    0.340707678703,1.),.UNSPECIFIED.);
#3633 = CARTESIAN_POINT('',(1.,-0.1));
#3634 = CARTESIAN_POINT('',(0.931890930565,-0.1));
#3635 = CARTESIAN_POINT('',(0.86356552851,-0.1));
#3636 = CARTESIAN_POINT('',(0.795093175663,-0.1));
#3637 = CARTESIAN_POINT('',(0.726546224871,-0.1));
#3638 = CARTESIAN_POINT('',(0.525358434998,-0.1));
#3639 = CARTESIAN_POINT('',(0.392708613505,-0.1));
#3640 = CARTESIAN_POINT('',(0.260617860828,-0.1));
#3641 = CARTESIAN_POINT('',(0.129574955461,-0.1));
#3642 = CARTESIAN_POINT('',(0.,-0.1));
#3643 = ( GEOMETRIC_REPRESENTATION_CONTEXT(2) 
PARAMETRIC_REPRESENTATION_CONTEXT() REPRESENTATION_CONTEXT('2D SPACE',''
  ) );
#3644 = ORIENTED_EDGE('',*,*,#3645,.F.);
#3645 = EDGE_CURVE('',#3646,#3595,#3648,.T.);
#3646 = VERTEX_POINT('',#3647);
#3647 = CARTESIAN_POINT('',(2.7783203125,-21.81372070312,2.));
#3648 = SURFACE_CURVE('',#3649,(#3657,#3668),.PCURVE_S1.);
#3649 = B_SPLINE_CURVE_WITH_KNOTS('',6,(#3650,#3651,#3652,#3653,#3654,
    #3655,#3656),.UNSPECIFIED.,.F.,.F.,(7,7),(0.,1.),
  .PIECEWISE_BEZIER_KNOTS.);
#3650 = CARTESIAN_POINT('',(2.7783203125,-21.81372070312,2.));
#3651 = CARTESIAN_POINT('',(2.793833183393,-21.71133575523,2.));
#3652 = CARTESIAN_POINT('',(2.817127036935,-21.61614709891,2.));
#3653 = CARTESIAN_POINT('',(2.84885214006,-21.52935598553,2.));
#3654 = CARTESIAN_POINT('',(2.88952771711,-21.45217410967,2.));
#3655 = CARTESIAN_POINT('',(2.939375916933,-21.38564059751,2.));
#3656 = CARTESIAN_POINT('',(2.998046875,-21.33032226562,2.));
#3657 = PCURVE('',#73,#3658);
#3658 = DEFINITIONAL_REPRESENTATION('',(#3659),#3667);
#3659 = B_SPLINE_CURVE_WITH_KNOTS('',6,(#3660,#3661,#3662,#3663,#3664,
    #3665,#3666),.UNSPECIFIED.,.F.,.F.,(7,7),(0.,1.),
  .PIECEWISE_BEZIER_KNOTS.);
#3660 = CARTESIAN_POINT('',(2.7783203125,-21.81372070312));
#3661 = CARTESIAN_POINT('',(2.793833183393,-21.71133575523));
#3662 = CARTESIAN_POINT('',(2.817127036935,-21.61614709891));
#3663 = CARTESIAN_POINT('',(2.84885214006,-21.52935598553));
#3664 = CARTESIAN_POINT('',(2.88952771711,-21.45217410967));
#3665 = CARTESIAN_POINT('',(2.939375916933,-21.38564059751));
#3666 = CARTESIAN_POINT('',(2.998046875,-21.33032226562));
#3667 = ( GEOMETRIC_REPRESENTATION_CONTEXT(2) 
PARAMETRIC_REPRESENTATION_CONTEXT() REPRESENTATION_CONTEXT('2D SPACE',''
  ) );
#3668 = PCURVE('',#3669,#3676);
#3669 = SURFACE_OF_LINEAR_EXTRUSION('',#3670,#3674);
#3670 = B_SPLINE_CURVE_WITH_KNOTS('',2,(#3671,#3672,#3673),
  .UNSPECIFIED.,.F.,.F.,(3,3),(0.,1.),.PIECEWISE_BEZIER_KNOTS.);
#3671 = CARTESIAN_POINT('',(2.998046875,-21.33032226562,1.9));
#3672 = CARTESIAN_POINT('',(2.8271484375,-21.49145507812,1.9));
#3673 = CARTESIAN_POINT('',(2.7783203125,-21.81372070312,1.9));
#3674 = VECTOR('',#3675,1.);
#3675 = DIRECTION('',(-0.,-0.,-1.));
#3676 = DEFINITIONAL_REPRESENTATION('',(#3677),#3685);
#3677 = B_SPLINE_CURVE_WITH_KNOTS('',6,(#3678,#3679,#3680,#3681,#3682,
    #3683,#3684),.UNSPECIFIED.,.F.,.F.,(7,7),(0.,1.),
  .PIECEWISE_BEZIER_KNOTS.);
#3678 = CARTESIAN_POINT('',(1.,-0.1));
#3679 = CARTESIAN_POINT('',(0.841148202056,-0.1));
#3680 = CARTESIAN_POINT('',(0.678321156564,-0.1));
#3681 = CARTESIAN_POINT('',(0.51196220772,-0.1));
#3682 = CARTESIAN_POINT('',(0.34275184803,-1.E-01));
#3683 = CARTESIAN_POINT('',(0.171654460173,-0.1));
#3684 = CARTESIAN_POINT('',(0.,-0.1));
#3685 = ( GEOMETRIC_REPRESENTATION_CONTEXT(2) 
PARAMETRIC_REPRESENTATION_CONTEXT() REPRESENTATION_CONTEXT('2D SPACE',''
  ) );
#3686 = ORIENTED_EDGE('',*,*,#3687,.F.);
#3687 = EDGE_CURVE('',#3688,#3646,#3690,.T.);
#3688 = VERTEX_POINT('',#3689);
#3689 = CARTESIAN_POINT('',(2.3388671875,-21.73559570312,2.));
#3690 = SURFACE_CURVE('',#3691,(#3695,#3702),.PCURVE_S1.);
#3691 = LINE('',#3692,#3693);
#3692 = CARTESIAN_POINT('',(1.296980416392,-21.55037138826,2.));
#3693 = VECTOR('',#3694,1.);
#3694 = DIRECTION('',(0.984562507786,-0.175033334717,0.));
#3695 = PCURVE('',#73,#3696);
#3696 = DEFINITIONAL_REPRESENTATION('',(#3697),#3701);
#3697 = LINE('',#3698,#3699);
#3698 = CARTESIAN_POINT('',(1.296980416392,-21.55037138826));
#3699 = VECTOR('',#3700,1.);
#3700 = DIRECTION('',(0.984562507786,-0.175033334717));
#3701 = ( GEOMETRIC_REPRESENTATION_CONTEXT(2) 
PARAMETRIC_REPRESENTATION_CONTEXT() REPRESENTATION_CONTEXT('2D SPACE',''
  ) );
#3702 = PCURVE('',#3703,#3708);
#3703 = PLANE('',#3704);
#3704 = AXIS2_PLACEMENT_3D('',#3705,#3706,#3707);
#3705 = CARTESIAN_POINT('',(2.7783203125,-21.81372070312,1.9));
#3706 = DIRECTION('',(-0.175033334717,-0.984562507786,0.));
#3707 = DIRECTION('',(-0.984562507786,0.175033334717,0.));
#3708 = DEFINITIONAL_REPRESENTATION('',(#3709),#3712);
#3709 = B_SPLINE_CURVE_WITH_KNOTS('',1,(#3710,#3711),.UNSPECIFIED.,.F.,
  .F.,(2,2),(1.058223081692,1.504566631771),.PIECEWISE_BEZIER_KNOTS.);
#3710 = CARTESIAN_POINT('',(0.446343550079,-0.1));
#3711 = CARTESIAN_POINT('',(0.,-0.1));
#3712 = ( GEOMETRIC_REPRESENTATION_CONTEXT(2) 
PARAMETRIC_REPRESENTATION_CONTEXT() REPRESENTATION_CONTEXT('2D SPACE',''
  ) );
#3713 = ORIENTED_EDGE('',*,*,#3714,.F.);
#3714 = EDGE_CURVE('',#3715,#3688,#3717,.T.);
#3715 = VERTEX_POINT('',#3716);
#3716 = CARTESIAN_POINT('',(2.705078125,-21.05078125,2.));
#3717 = SURFACE_CURVE('',#3718,(#3731,#3747),.PCURVE_S1.);
#3718 = B_SPLINE_CURVE_WITH_KNOTS('',6,(#3719,#3720,#3721,#3722,#3723,
    #3724,#3725,#3726,#3727,#3728,#3729,#3730),.UNSPECIFIED.,.F.,.F.,(7,
    5,7),(0.,0.12325010827,1.),.UNSPECIFIED.);
#3719 = CARTESIAN_POINT('',(2.705078125,-21.05078125,2.));
#3720 = CARTESIAN_POINT('',(2.693094252274,-21.06097266313,2.));
#3721 = CARTESIAN_POINT('',(2.681319040026,-21.0713809393,2.));
#3722 = CARTESIAN_POINT('',(2.669754994269,-21.08200492826,2.));
#3723 = CARTESIAN_POINT('',(2.658404394842,-21.09284323455,2.));
#3724 = CARTESIAN_POINT('',(2.647269295403,-21.1038942175,2.));
#3725 = CARTESIAN_POINT('',(2.558687044897,-21.19526755474,2.));
#3726 = CARTESIAN_POINT('',(2.491990892945,-21.28607546796,2.));
#3727 = CARTESIAN_POINT('',(2.437025948651,-21.38682363926,2.));
#3728 = CARTESIAN_POINT('',(2.393649365597,-21.49626870732,2.));
#3729 = CARTESIAN_POINT('',(2.361220695415,-21.6129900991,2.));
#3730 = CARTESIAN_POINT('',(2.3388671875,-21.73559570312,2.));
#3731 = PCURVE('',#73,#3732);
#3732 = DEFINITIONAL_REPRESENTATION('',(#3733),#3746);
#3733 = B_SPLINE_CURVE_WITH_KNOTS('',6,(#3734,#3735,#3736,#3737,#3738,
    #3739,#3740,#3741,#3742,#3743,#3744,#3745),.UNSPECIFIED.,.F.,.F.,(7,
    5,7),(0.,0.12325010827,1.),.UNSPECIFIED.);
#3734 = CARTESIAN_POINT('',(2.705078125,-21.05078125));
#3735 = CARTESIAN_POINT('',(2.693094252274,-21.06097266313));
#3736 = CARTESIAN_POINT('',(2.681319040026,-21.0713809393));
#3737 = CARTESIAN_POINT('',(2.669754994269,-21.08200492826));
#3738 = CARTESIAN_POINT('',(2.658404394842,-21.09284323455));
#3739 = CARTESIAN_POINT('',(2.647269295403,-21.1038942175));
#3740 = CARTESIAN_POINT('',(2.558687044897,-21.19526755474));
#3741 = CARTESIAN_POINT('',(2.491990892945,-21.28607546796));
#3742 = CARTESIAN_POINT('',(2.437025948651,-21.38682363926));
#3743 = CARTESIAN_POINT('',(2.393649365597,-21.49626870732));
#3744 = CARTESIAN_POINT('',(2.361220695415,-21.6129900991));
#3745 = CARTESIAN_POINT('',(2.3388671875,-21.73559570312));
#3746 = ( GEOMETRIC_REPRESENTATION_CONTEXT(2) 
PARAMETRIC_REPRESENTATION_CONTEXT() REPRESENTATION_CONTEXT('2D SPACE',''
  ) );
#3747 = PCURVE('',#3748,#3755);
#3748 = SURFACE_OF_LINEAR_EXTRUSION('',#3749,#3753);
#3749 = B_SPLINE_CURVE_WITH_KNOTS('',2,(#3750,#3751,#3752),
  .UNSPECIFIED.,.F.,.F.,(3,3),(0.,1.),.PIECEWISE_BEZIER_KNOTS.);
#3750 = CARTESIAN_POINT('',(2.3388671875,-21.73559570312,1.9));
#3751 = CARTESIAN_POINT('',(2.41943359375,-21.29370117187,1.9));
#3752 = CARTESIAN_POINT('',(2.705078125,-21.05078125,1.9));
#3753 = VECTOR('',#3754,1.);
#3754 = DIRECTION('',(-0.,-0.,-1.));
#3755 = DEFINITIONAL_REPRESENTATION('',(#3756),#3769);
#3756 = B_SPLINE_CURVE_WITH_KNOTS('',6,(#3757,#3758,#3759,#3760,#3761,
    #3762,#3763,#3764,#3765,#3766,#3767,#3768),.UNSPECIFIED.,.F.,.F.,(7,
    5,7),(0.,0.12325010827,1.),.UNSPECIFIED.);
#3757 = CARTESIAN_POINT('',(1.,-0.1));
#3758 = CARTESIAN_POINT('',(0.979023101416,-0.1));
#3759 = CARTESIAN_POINT('',(0.958032346154,-0.1));
#3760 = CARTESIAN_POINT('',(0.937031177715,-0.1));
#3761 = CARTESIAN_POINT('',(0.916023064379,-0.1));
#3762 = CARTESIAN_POINT('',(0.895011499197,-0.1));
#3763 = CARTESIAN_POINT('',(0.724532953642,-0.1));
#3764 = CARTESIAN_POINT('',(0.575013546925,-0.1));
#3765 = CARTESIAN_POINT('',(0.426880324313,-0.1));
#3766 = CARTESIAN_POINT('',(0.281195432151,-1.E-01));
#3767 = CARTESIAN_POINT('',(0.138727224879,-0.1));
#3768 = CARTESIAN_POINT('',(0.,-0.1));
#3769 = ( GEOMETRIC_REPRESENTATION_CONTEXT(2) 
PARAMETRIC_REPRESENTATION_CONTEXT() REPRESENTATION_CONTEXT('2D SPACE',''
  ) );
#3770 = ORIENTED_EDGE('',*,*,#3771,.F.);
#3771 = EDGE_CURVE('',#3772,#3715,#3774,.T.);
#3772 = VERTEX_POINT('',#3773);
#3773 = CARTESIAN_POINT('',(3.41552734375,-20.80786132812,2.));
#3774 = SURFACE_CURVE('',#3775,(#3788,#3804),.PCURVE_S1.);
#3775 = B_SPLINE_CURVE_WITH_KNOTS('',6,(#3776,#3777,#3778,#3779,#3780,
    #3781,#3782,#3783,#3784,#3785,#3786,#3787),.UNSPECIFIED.,.F.,.F.,(7,
    5,7),(0.,0.757081963153,1.),.UNSPECIFIED.);
#3776 = CARTESIAN_POINT('',(3.41552734375,-20.80786132812,2.));
#3777 = CARTESIAN_POINT('',(3.312538352331,-20.80786132812,2.));
#3778 = CARTESIAN_POINT('',(3.212361873124,-20.81642815829,2.));
#3779 = CARTESIAN_POINT('',(3.115725049395,-20.83421498642,2.));
#3780 = CARTESIAN_POINT('',(3.02336234268,-20.86170295865,2.));
#3781 = CARTESIAN_POINT('',(2.935951959773,-20.89906060756,2.));
#3782 = CARTESIAN_POINT('',(2.827753226519,-20.96101503937,2.));
#3783 = CARTESIAN_POINT('',(2.802033360673,-20.97704907088,2.));
#3784 = CARTESIAN_POINT('',(2.776893472191,-20.99405774523,2.));
#3785 = CARTESIAN_POINT('',(2.752347331124,-21.0120278575,2.));
#3786 = CARTESIAN_POINT('',(2.728406058236,-21.03094253754,2.));
#3787 = CARTESIAN_POINT('',(2.705078125,-21.05078125,2.));
#3788 = PCURVE('',#73,#3789);
#3789 = DEFINITIONAL_REPRESENTATION('',(#3790),#3803);
#3790 = B_SPLINE_CURVE_WITH_KNOTS('',6,(#3791,#3792,#3793,#3794,#3795,
    #3796,#3797,#3798,#3799,#3800,#3801,#3802),.UNSPECIFIED.,.F.,.F.,(7,
    5,7),(0.,0.757081963153,1.),.UNSPECIFIED.);
#3791 = CARTESIAN_POINT('',(3.41552734375,-20.80786132812));
#3792 = CARTESIAN_POINT('',(3.312538352331,-20.80786132812));
#3793 = CARTESIAN_POINT('',(3.212361873124,-20.81642815829));
#3794 = CARTESIAN_POINT('',(3.115725049395,-20.83421498642));
#3795 = CARTESIAN_POINT('',(3.02336234268,-20.86170295865));
#3796 = CARTESIAN_POINT('',(2.935951959773,-20.89906060756));
#3797 = CARTESIAN_POINT('',(2.827753226519,-20.96101503937));
#3798 = CARTESIAN_POINT('',(2.802033360673,-20.97704907088));
#3799 = CARTESIAN_POINT('',(2.776893472191,-20.99405774523));
#3800 = CARTESIAN_POINT('',(2.752347331124,-21.0120278575));
#3801 = CARTESIAN_POINT('',(2.728406058236,-21.03094253754));
#3802 = CARTESIAN_POINT('',(2.705078125,-21.05078125));
#3803 = ( GEOMETRIC_REPRESENTATION_CONTEXT(2) 
PARAMETRIC_REPRESENTATION_CONTEXT() REPRESENTATION_CONTEXT('2D SPACE',''
  ) );
#3804 = PCURVE('',#3805,#3812);
#3805 = SURFACE_OF_LINEAR_EXTRUSION('',#3806,#3810);
#3806 = B_SPLINE_CURVE_WITH_KNOTS('',2,(#3807,#3808,#3809),
  .UNSPECIFIED.,.F.,.F.,(3,3),(0.,1.),.PIECEWISE_BEZIER_KNOTS.);
#3807 = CARTESIAN_POINT('',(2.705078125,-21.05078125,1.9));
#3808 = CARTESIAN_POINT('',(2.99072265625,-20.80786132812,1.9));
#3809 = CARTESIAN_POINT('',(3.41552734375,-20.80786132812,1.9));
#3810 = VECTOR('',#3811,1.);
#3811 = DIRECTION('',(-0.,-0.,-1.));
#3812 = DEFINITIONAL_REPRESENTATION('',(#3813),#3826);
#3813 = B_SPLINE_CURVE_WITH_KNOTS('',6,(#3814,#3815,#3816,#3817,#3818,
    #3819,#3820,#3821,#3822,#3823,#3824,#3825),.UNSPECIFIED.,.F.,.F.,(7,
    5,7),(0.,0.757081963153,1.),.UNSPECIFIED.);
#3814 = CARTESIAN_POINT('',(1.,-0.1));
#3815 = CARTESIAN_POINT('',(0.878780773319,-0.1));
#3816 = CARTESIAN_POINT('',(0.755095567326,-0.1));
#3817 = CARTESIAN_POINT('',(0.629359827934,-0.1));
#3818 = CARTESIAN_POINT('',(0.502113603425,-0.1));
#3819 = CARTESIAN_POINT('',(0.374041514871,-0.1));
#3820 = CARTESIAN_POINT('',(0.204916478081,-0.1));
#3821 = CARTESIAN_POINT('',(0.163832667741,-0.1));
#3822 = CARTESIAN_POINT('',(0.122774327048,-0.1));
#3823 = CARTESIAN_POINT('',(8.176656716806E-02,-0.1));
#3824 = CARTESIAN_POINT('',(4.08338523655E-02,-0.1));
#3825 = CARTESIAN_POINT('',(0.,-0.1));
#3826 = ( GEOMETRIC_REPRESENTATION_CONTEXT(2) 
PARAMETRIC_REPRESENTATION_CONTEXT() REPRESENTATION_CONTEXT('2D SPACE',''
  ) );
#3827 = ORIENTED_EDGE('',*,*,#3828,.F.);
#3828 = EDGE_CURVE('',#3829,#3772,#3831,.T.);
#3829 = VERTEX_POINT('',#3830);
#3830 = CARTESIAN_POINT('',(3.955078125,-20.93359375,2.));
#3831 = SURFACE_CURVE('',#3832,(#3843,#3857),.PCURVE_S1.);
#3832 = B_SPLINE_CURVE_WITH_KNOTS('',5,(#3833,#3834,#3835,#3836,#3837,
    #3838,#3839,#3840,#3841,#3842),.UNSPECIFIED.,.F.,.F.,(6,4,6),(0.,
    0.242141665256,1.),.UNSPECIFIED.);
#3833 = CARTESIAN_POINT('',(3.955078125,-20.93359375,2.));
#3834 = CARTESIAN_POINT('',(3.931136367577,-20.92138582418,2.));
#3835 = CARTESIAN_POINT('',(3.906901844505,-20.90990880379,2.));
#3836 = CARTESIAN_POINT('',(3.882380073533,-20.89916837483,2.));
#3837 = CARTESIAN_POINT('',(3.857577234324,-20.88916864961,2.));
#3838 = CARTESIAN_POINT('',(3.754013620683,-20.85094109856,2.));
#3839 = CARTESIAN_POINT('',(3.672837977408,-20.82924953449,2.));
#3840 = CARTESIAN_POINT('',(3.589190198686,-20.81491900139,2.));
#3841 = CARTESIAN_POINT('',(3.503326223772,-20.80786132812,2.));
#3842 = CARTESIAN_POINT('',(3.41552734375,-20.80786132812,2.));
#3843 = PCURVE('',#73,#3844);
#3844 = DEFINITIONAL_REPRESENTATION('',(#3845),#3856);
#3845 = B_SPLINE_CURVE_WITH_KNOTS('',5,(#3846,#3847,#3848,#3849,#3850,
    #3851,#3852,#3853,#3854,#3855),.UNSPECIFIED.,.F.,.F.,(6,4,6),(0.,
    0.242141665256,1.),.UNSPECIFIED.);
#3846 = CARTESIAN_POINT('',(3.955078125,-20.93359375));
#3847 = CARTESIAN_POINT('',(3.931136367577,-20.92138582418));
#3848 = CARTESIAN_POINT('',(3.906901844505,-20.90990880379));
#3849 = CARTESIAN_POINT('',(3.882380073533,-20.89916837483));
#3850 = CARTESIAN_POINT('',(3.857577234324,-20.88916864961));
#3851 = CARTESIAN_POINT('',(3.754013620683,-20.85094109856));
#3852 = CARTESIAN_POINT('',(3.672837977408,-20.82924953449));
#3853 = CARTESIAN_POINT('',(3.589190198686,-20.81491900139));
#3854 = CARTESIAN_POINT('',(3.503326223772,-20.80786132812));
#3855 = CARTESIAN_POINT('',(3.41552734375,-20.80786132812));
#3856 = ( GEOMETRIC_REPRESENTATION_CONTEXT(2) 
PARAMETRIC_REPRESENTATION_CONTEXT() REPRESENTATION_CONTEXT('2D SPACE',''
  ) );
#3857 = PCURVE('',#3858,#3865);
#3858 = SURFACE_OF_LINEAR_EXTRUSION('',#3859,#3863);
#3859 = B_SPLINE_CURVE_WITH_KNOTS('',2,(#3860,#3861,#3862),
  .UNSPECIFIED.,.F.,.F.,(3,3),(0.,1.),.PIECEWISE_BEZIER_KNOTS.);
#3860 = CARTESIAN_POINT('',(3.41552734375,-20.80786132812,1.9));
#3861 = CARTESIAN_POINT('',(3.70849609375,-20.80786132812,1.9));
#3862 = CARTESIAN_POINT('',(3.955078125,-20.93359375,1.9));
#3863 = VECTOR('',#3864,1.);
#3864 = DIRECTION('',(-0.,-0.,-1.));
#3865 = DEFINITIONAL_REPRESENTATION('',(#3866),#3877);
#3866 = B_SPLINE_CURVE_WITH_KNOTS('',5,(#3867,#3868,#3869,#3870,#3871,
    #3872,#3873,#3874,#3875,#3876),.UNSPECIFIED.,.F.,.F.,(6,4,6),(0.,
    0.242141665256,1.),.UNSPECIFIED.);
#3867 = CARTESIAN_POINT('',(1.,-0.1));
#3868 = CARTESIAN_POINT('',(0.951452753265,-0.1));
#3869 = CARTESIAN_POINT('',(0.902866063379,-0.1));
#3870 = CARTESIAN_POINT('',(0.854252927463,-0.1));
#3871 = CARTESIAN_POINT('',(0.805626481434,-0.1));
#3872 = CARTESIAN_POINT('',(0.604808165502,-0.1));
#3873 = CARTESIAN_POINT('',(0.452610437531,-0.1));
#3874 = CARTESIAN_POINT('',(0.300828427475,-0.1));
#3875 = CARTESIAN_POINT('',(0.149843421904,-0.1));
#3876 = CARTESIAN_POINT('',(0.,-0.1));
#3877 = ( GEOMETRIC_REPRESENTATION_CONTEXT(2) 
PARAMETRIC_REPRESENTATION_CONTEXT() REPRESENTATION_CONTEXT('2D SPACE',''
  ) );
#3878 = ORIENTED_EDGE('',*,*,#3879,.F.);
#3879 = EDGE_CURVE('',#3880,#3829,#3882,.T.);
#3880 = VERTEX_POINT('',#3881);
#3881 = CARTESIAN_POINT('',(4.332275390625,-21.27661132812,2.));
#3882 = SURFACE_CURVE('',#3883,(#3894,#3908),.PCURVE_S1.);
#3883 = B_SPLINE_CURVE_WITH_KNOTS('',5,(#3884,#3885,#3886,#3887,#3888,
    #3889,#3890,#3891,#3892,#3893),.UNSPECIFIED.,.F.,.F.,(6,4,6),(0.,
    0.214906836556,1.),.UNSPECIFIED.);
#3884 = CARTESIAN_POINT('',(4.332275390625,-21.27661132812,2.));
#3885 = CARTESIAN_POINT('',(4.321002553733,-21.25785838451,2.));
#3886 = CARTESIAN_POINT('',(4.309180656961,-21.23951637167,2.));
#3887 = CARTESIAN_POINT('',(4.296810944618,-21.22159169518,2.));
#3888 = CARTESIAN_POINT('',(4.283895863423,-21.20408989091,2.));
#3889 = CARTESIAN_POINT('',(4.221278958633,-21.12464027363,2.));
#3890 = CARTESIAN_POINT('',(4.164886180661,-21.06796677657,2.));
#3891 = CARTESIAN_POINT('',(4.101445664197,-21.01723493542,2.));
#3892 = CARTESIAN_POINT('',(4.031340041453,-20.9724797767,2.));
#3893 = CARTESIAN_POINT('',(3.955078125,-20.93359375,2.));
#3894 = PCURVE('',#73,#3895);
#3895 = DEFINITIONAL_REPRESENTATION('',(#3896),#3907);
#3896 = B_SPLINE_CURVE_WITH_KNOTS('',5,(#3897,#3898,#3899,#3900,#3901,
    #3902,#3903,#3904,#3905,#3906),.UNSPECIFIED.,.F.,.F.,(6,4,6),(0.,
    0.214906836556,1.),.UNSPECIFIED.);
#3897 = CARTESIAN_POINT('',(4.332275390625,-21.27661132812));
#3898 = CARTESIAN_POINT('',(4.321002553733,-21.25785838451));
#3899 = CARTESIAN_POINT('',(4.309180656961,-21.23951637167));
#3900 = CARTESIAN_POINT('',(4.296810944618,-21.22159169518));
#3901 = CARTESIAN_POINT('',(4.283895863423,-21.20408989091));
#3902 = CARTESIAN_POINT('',(4.221278958633,-21.12464027363));
#3903 = CARTESIAN_POINT('',(4.164886180661,-21.06796677657));
#3904 = CARTESIAN_POINT('',(4.101445664197,-21.01723493542));
#3905 = CARTESIAN_POINT('',(4.031340041453,-20.9724797767));
#3906 = CARTESIAN_POINT('',(3.955078125,-20.93359375));
#3907 = ( GEOMETRIC_REPRESENTATION_CONTEXT(2) 
PARAMETRIC_REPRESENTATION_CONTEXT() REPRESENTATION_CONTEXT('2D SPACE',''
  ) );
#3908 = PCURVE('',#3909,#3916);
#3909 = SURFACE_OF_LINEAR_EXTRUSION('',#3910,#3914);
#3910 = B_SPLINE_CURVE_WITH_KNOTS('',2,(#3911,#3912,#3913),
  .UNSPECIFIED.,.F.,.F.,(3,3),(0.,1.),.PIECEWISE_BEZIER_KNOTS.);
#3911 = CARTESIAN_POINT('',(3.955078125,-20.93359375,1.9));
#3912 = CARTESIAN_POINT('',(4.20166015625,-21.05932617187,1.9));
#3913 = CARTESIAN_POINT('',(4.332275390625,-21.27661132812,1.9));
#3914 = VECTOR('',#3915,1.);
#3915 = DIRECTION('',(-0.,-0.,-1.));
#3916 = DEFINITIONAL_REPRESENTATION('',(#3917),#3928);
#3917 = B_SPLINE_CURVE_WITH_KNOTS('',5,(#3918,#3919,#3920,#3921,#3922,
    #3923,#3924,#3925,#3926,#3927),.UNSPECIFIED.,.F.,.F.,(6,4,6),(0.,
    0.214906836556,1.),.UNSPECIFIED.);
#3918 = CARTESIAN_POINT('',(1.,-0.1));
#3919 = CARTESIAN_POINT('',(0.956847158964,-0.1));
#3920 = CARTESIAN_POINT('',(0.913659147239,-0.1));
#3921 = CARTESIAN_POINT('',(0.870447493958,-0.1));
#3922 = CARTESIAN_POINT('',(0.827223852401,-0.1));
#3923 = CARTESIAN_POINT('',(0.626095525848,-0.1));
#3924 = CARTESIAN_POINT('',(0.468178330866,-0.1));
#3925 = CARTESIAN_POINT('',(0.310850475689,-0.1));
#3926 = CARTESIAN_POINT('',(0.15463802465,-0.1));
#3927 = CARTESIAN_POINT('',(0.,-0.1));
#3928 = ( GEOMETRIC_REPRESENTATION_CONTEXT(2) 
PARAMETRIC_REPRESENTATION_CONTEXT() REPRESENTATION_CONTEXT('2D SPACE',''
  ) );
#3929 = ORIENTED_EDGE('',*,*,#3930,.F.);
#3930 = EDGE_CURVE('',#3931,#3880,#3933,.T.);
#3931 = VERTEX_POINT('',#3932);
#3932 = CARTESIAN_POINT('',(4.462890625,-21.73803710937,2.));
#3933 = SURFACE_CURVE('',#3934,(#3945,#3959),.PCURVE_S1.);
#3934 = B_SPLINE_CURVE_WITH_KNOTS('',5,(#3935,#3936,#3937,#3938,#3939,
    #3940,#3941,#3942,#3943,#3944),.UNSPECIFIED.,.F.,.F.,(6,4,6),(0.,
    0.368414862909,1.),.UNSPECIFIED.);
#3935 = CARTESIAN_POINT('',(4.462890625,-21.73803710937,2.));
#3936 = CARTESIAN_POINT('',(4.462890625,-21.70209594995,2.));
#3937 = CARTESIAN_POINT('',(4.461121455416,-21.66644842262,2.));
#3938 = CARTESIAN_POINT('',(4.457569169958,-21.63112022279,2.));
#3939 = CARTESIAN_POINT('',(4.452229113898,-21.59613572754,2.));
#3940 = CARTESIAN_POINT('',(4.432894416678,-21.50217173362,2.));
#3941 = CARTESIAN_POINT('',(4.415442221994,-21.44390195012,2.));
#3942 = CARTESIAN_POINT('',(4.39277326764,-21.38682707388,2.));
#3943 = CARTESIAN_POINT('',(4.364993664826,-21.33103985903,2.));
#3944 = CARTESIAN_POINT('',(4.332275390625,-21.27661132812,2.));
#3945 = PCURVE('',#73,#3946);
#3946 = DEFINITIONAL_REPRESENTATION('',(#3947),#3958);
#3947 = B_SPLINE_CURVE_WITH_KNOTS('',5,(#3948,#3949,#3950,#3951,#3952,
    #3953,#3954,#3955,#3956,#3957),.UNSPECIFIED.,.F.,.F.,(6,4,6),(0.,
    0.368414862909,1.),.UNSPECIFIED.);
#3948 = CARTESIAN_POINT('',(4.462890625,-21.73803710937));
#3949 = CARTESIAN_POINT('',(4.462890625,-21.70209594995));
#3950 = CARTESIAN_POINT('',(4.461121455416,-21.66644842262));
#3951 = CARTESIAN_POINT('',(4.457569169958,-21.63112022279));
#3952 = CARTESIAN_POINT('',(4.452229113898,-21.59613572754));
#3953 = CARTESIAN_POINT('',(4.432894416678,-21.50217173362));
#3954 = CARTESIAN_POINT('',(4.415442221994,-21.44390195012));
#3955 = CARTESIAN_POINT('',(4.39277326764,-21.38682707388));
#3956 = CARTESIAN_POINT('',(4.364993664826,-21.33103985903));
#3957 = CARTESIAN_POINT('',(4.332275390625,-21.27661132812));
#3958 = ( GEOMETRIC_REPRESENTATION_CONTEXT(2) 
PARAMETRIC_REPRESENTATION_CONTEXT() REPRESENTATION_CONTEXT('2D SPACE',''
  ) );
#3959 = PCURVE('',#3960,#3967);
#3960 = SURFACE_OF_LINEAR_EXTRUSION('',#3961,#3965);
#3961 = B_SPLINE_CURVE_WITH_KNOTS('',2,(#3962,#3963,#3964),
  .UNSPECIFIED.,.F.,.F.,(3,3),(0.,1.),.PIECEWISE_BEZIER_KNOTS.);
#3962 = CARTESIAN_POINT('',(4.332275390625,-21.27661132812,1.9));
#3963 = CARTESIAN_POINT('',(4.462890625,-21.49389648437,1.9));
#3964 = CARTESIAN_POINT('',(4.462890625,-21.73803710937,1.9));
#3965 = VECTOR('',#3966,1.);
#3966 = DIRECTION('',(-0.,-0.,-1.));
#3967 = DEFINITIONAL_REPRESENTATION('',(#3968),#3979);
#3968 = B_SPLINE_CURVE_WITH_KNOTS('',5,(#3969,#3970,#3971,#3972,#3973,
    #3974,#3975,#3976,#3977,#3978),.UNSPECIFIED.,.F.,.F.,(6,4,6),(0.,
    0.368414862909,1.),.UNSPECIFIED.);
#3969 = CARTESIAN_POINT('',(1.,-0.1));
#3970 = CARTESIAN_POINT('',(0.926392505511,-0.1));
#3971 = CARTESIAN_POINT('',(0.852641400323,-0.1));
#3972 = CARTESIAN_POINT('',(0.778793436104,-0.1));
#3973 = CARTESIAN_POINT('',(0.704896577073,-0.1));
#3974 = CARTESIAN_POINT('',(0.504316783714,-0.1));
#3975 = CARTESIAN_POINT('',(0.377631425201,-0.1));
#3976 = CARTESIAN_POINT('',(0.251196542152,-0.1));
#3977 = CARTESIAN_POINT('',(0.125246776756,-0.1));
#3978 = CARTESIAN_POINT('',(0.,-0.1));
#3979 = ( GEOMETRIC_REPRESENTATION_CONTEXT(2) 
PARAMETRIC_REPRESENTATION_CONTEXT() REPRESENTATION_CONTEXT('2D SPACE',''
  ) );
#3980 = ORIENTED_EDGE('',*,*,#3981,.F.);
#3981 = EDGE_CURVE('',#3982,#3931,#3984,.T.);
#3982 = VERTEX_POINT('',#3983);
#3983 = CARTESIAN_POINT('',(4.33837890625,-22.16040039062,2.));
#3984 = SURFACE_CURVE('',#3985,(#3996,#4010),.PCURVE_S1.);
#3985 = B_SPLINE_CURVE_WITH_KNOTS('',5,(#3986,#3987,#3988,#3989,#3990,
    #3991,#3992,#3993,#3994,#3995),.UNSPECIFIED.,.F.,.F.,(6,4,6),(0.,
    0.440723699753,1.),.UNSPECIFIED.);
#3986 = CARTESIAN_POINT('',(4.33837890625,-22.16040039062,2.));
#3987 = CARTESIAN_POINT('',(4.360261238687,-22.12693329395,2.));
#3988 = CARTESIAN_POINT('',(4.379800738459,-22.09257228831,2.));
#3989 = CARTESIAN_POINT('',(4.396950865687,-22.05733820888,2.));
#3990 = CARTESIAN_POINT('',(4.411682327616,-22.02125899398,2.));
#3991 = CARTESIAN_POINT('',(4.439592673722,-21.93755732569,2.));
#3992 = CARTESIAN_POINT('',(4.451288408967,-21.88943963853,2.));
#3993 = CARTESIAN_POINT('',(4.4590458626,-21.84008903449,2.));
#3994 = CARTESIAN_POINT('',(4.462890625,-21.78959006596,2.));
#3995 = CARTESIAN_POINT('',(4.462890625,-21.73803710937,2.));
#3996 = PCURVE('',#73,#3997);
#3997 = DEFINITIONAL_REPRESENTATION('',(#3998),#4009);
#3998 = B_SPLINE_CURVE_WITH_KNOTS('',5,(#3999,#4000,#4001,#4002,#4003,
    #4004,#4005,#4006,#4007,#4008),.UNSPECIFIED.,.F.,.F.,(6,4,6),(0.,
    0.440723699753,1.),.UNSPECIFIED.);
#3999 = CARTESIAN_POINT('',(4.33837890625,-22.16040039062));
#4000 = CARTESIAN_POINT('',(4.360261238687,-22.12693329395));
#4001 = CARTESIAN_POINT('',(4.379800738459,-22.09257228831));
#4002 = CARTESIAN_POINT('',(4.396950865687,-22.05733820888));
#4003 = CARTESIAN_POINT('',(4.411682327616,-22.02125899398));
#4004 = CARTESIAN_POINT('',(4.439592673722,-21.93755732569));
#4005 = CARTESIAN_POINT('',(4.451288408967,-21.88943963853));
#4006 = CARTESIAN_POINT('',(4.4590458626,-21.84008903449));
#4007 = CARTESIAN_POINT('',(4.462890625,-21.78959006596));
#4008 = CARTESIAN_POINT('',(4.462890625,-21.73803710937));
#4009 = ( GEOMETRIC_REPRESENTATION_CONTEXT(2) 
PARAMETRIC_REPRESENTATION_CONTEXT() REPRESENTATION_CONTEXT('2D SPACE',''
  ) );
#4010 = PCURVE('',#4011,#4018);
#4011 = SURFACE_OF_LINEAR_EXTRUSION('',#4012,#4016);
#4012 = B_SPLINE_CURVE_WITH_KNOTS('',2,(#4013,#4014,#4015),
  .UNSPECIFIED.,.F.,.F.,(3,3),(0.,1.),.PIECEWISE_BEZIER_KNOTS.);
#4013 = CARTESIAN_POINT('',(4.462890625,-21.73803710937,1.9));
#4014 = CARTESIAN_POINT('',(4.462890625,-21.96997070312,1.9));
#4015 = CARTESIAN_POINT('',(4.33837890625,-22.16040039062,1.9));
#4016 = VECTOR('',#4017,1.);
#4017 = DIRECTION('',(-0.,-0.,-1.));
#4018 = DEFINITIONAL_REPRESENTATION('',(#4019),#4030);
#4019 = B_SPLINE_CURVE_WITH_KNOTS('',5,(#4020,#4021,#4022,#4023,#4024,
    #4025,#4026,#4027,#4028,#4029),.UNSPECIFIED.,.F.,.F.,(6,4,6),(0.,
    0.440723699753,1.),.UNSPECIFIED.);
#4020 = CARTESIAN_POINT('',(1.,-0.1));
#4021 = CARTESIAN_POINT('',(0.912127417977,-0.1));
#4022 = CARTESIAN_POINT('',(0.824011307732,-0.1));
#4023 = CARTESIAN_POINT('',(0.735730028928,-0.1));
#4024 = CARTESIAN_POINT('',(0.64736486037,-0.1));
#4025 = CARTESIAN_POINT('',(0.446865408174,-0.1));
#4026 = CARTESIAN_POINT('',(0.334729290391,-0.1));
#4027 = CARTESIAN_POINT('',(0.222765298705,-0.1));
#4028 = CARTESIAN_POINT('',(0.111137321143,-0.1));
#4029 = CARTESIAN_POINT('',(0.,-0.1));
#4030 = ( GEOMETRIC_REPRESENTATION_CONTEXT(2) 
PARAMETRIC_REPRESENTATION_CONTEXT() REPRESENTATION_CONTEXT('2D SPACE',''
  ) );
#4031 = ORIENTED_EDGE('',*,*,#4032,.F.);
#4032 = EDGE_CURVE('',#4033,#3982,#4035,.T.);
#4033 = VERTEX_POINT('',#4034);
#4034 = CARTESIAN_POINT('',(3.9697265625,-22.46313476562,2.));
#4035 = SURFACE_CURVE('',#4036,(#4043,#4053),.PCURVE_S1.);
#4036 = B_SPLINE_CURVE_WITH_KNOTS('',5,(#4037,#4038,#4039,#4040,#4041,
    #4042),.UNSPECIFIED.,.F.,.F.,(6,6),(0.,1.),
  .PIECEWISE_BEZIER_KNOTS.);
#4037 = CARTESIAN_POINT('',(3.9697265625,-22.46313476562,2.));
#4038 = CARTESIAN_POINT('',(4.065286682326,-22.4191771105,2.));
#4039 = CARTESIAN_POINT('',(4.150890466779,-22.36704935047,2.));
#4040 = CARTESIAN_POINT('',(4.225419545996,-22.30646666867,2.));
#4041 = CARTESIAN_POINT('',(4.288018036496,-22.2374228973,2.));
#4042 = CARTESIAN_POINT('',(4.33837890625,-22.16040039062,2.));
#4043 = PCURVE('',#73,#4044);
#4044 = DEFINITIONAL_REPRESENTATION('',(#4045),#4052);
#4045 = B_SPLINE_CURVE_WITH_KNOTS('',5,(#4046,#4047,#4048,#4049,#4050,
    #4051),.UNSPECIFIED.,.F.,.F.,(6,6),(0.,1.),
  .PIECEWISE_BEZIER_KNOTS.);
#4046 = CARTESIAN_POINT('',(3.9697265625,-22.46313476562));
#4047 = CARTESIAN_POINT('',(4.065286682326,-22.4191771105));
#4048 = CARTESIAN_POINT('',(4.150890466779,-22.36704935047));
#4049 = CARTESIAN_POINT('',(4.225419545996,-22.30646666867));
#4050 = CARTESIAN_POINT('',(4.288018036496,-22.2374228973));
#4051 = CARTESIAN_POINT('',(4.33837890625,-22.16040039062));
#4052 = ( GEOMETRIC_REPRESENTATION_CONTEXT(2) 
PARAMETRIC_REPRESENTATION_CONTEXT() REPRESENTATION_CONTEXT('2D SPACE',''
  ) );
#4053 = PCURVE('',#4054,#4061);
#4054 = SURFACE_OF_LINEAR_EXTRUSION('',#4055,#4059);
#4055 = B_SPLINE_CURVE_WITH_KNOTS('',2,(#4056,#4057,#4058),
  .UNSPECIFIED.,.F.,.F.,(3,3),(0.,1.),.PIECEWISE_BEZIER_KNOTS.);
#4056 = CARTESIAN_POINT('',(4.33837890625,-22.16040039062,1.9));
#4057 = CARTESIAN_POINT('',(4.2138671875,-22.35083007812,1.9));
#4058 = CARTESIAN_POINT('',(3.9697265625,-22.46313476562,1.9));
#4059 = VECTOR('',#4060,1.);
#4060 = DIRECTION('',(-0.,-0.,-1.));
#4061 = DEFINITIONAL_REPRESENTATION('',(#4062),#4069);
#4062 = B_SPLINE_CURVE_WITH_KNOTS('',5,(#4063,#4064,#4065,#4066,#4067,
    #4068),.UNSPECIFIED.,.F.,.F.,(6,6),(0.,1.),
  .PIECEWISE_BEZIER_KNOTS.);
#4063 = CARTESIAN_POINT('',(1.,-0.1));
#4064 = CARTESIAN_POINT('',(0.804292874596,-0.1));
#4065 = CARTESIAN_POINT('',(0.605516662771,-0.1));
#4066 = CARTESIAN_POINT('',(0.404491158206,-0.1));
#4067 = CARTESIAN_POINT('',(0.202233453444,-0.1));
#4068 = CARTESIAN_POINT('',(0.,-0.1));
#4069 = ( GEOMETRIC_REPRESENTATION_CONTEXT(2) 
PARAMETRIC_REPRESENTATION_CONTEXT() REPRESENTATION_CONTEXT('2D SPACE',''
  ) );
#4070 = ORIENTED_EDGE('',*,*,#4071,.F.);
#4071 = EDGE_CURVE('',#4072,#4033,#4074,.T.);
#4072 = VERTEX_POINT('',#4073);
#4073 = CARTESIAN_POINT('',(4.462890625,-22.76708984375,2.));
#4074 = SURFACE_CURVE('',#4075,(#4086,#4100),.PCURVE_S1.);
#4075 = B_SPLINE_CURVE_WITH_KNOTS('',5,(#4076,#4077,#4078,#4079,#4080,
    #4081,#4082,#4083,#4084,#4085),.UNSPECIFIED.,.F.,.F.,(6,4,6),(0.,
    0.253941455075,1.),.UNSPECIFIED.);
#4076 = CARTESIAN_POINT('',(4.462890625,-22.76708984375,2.));
#4077 = CARTESIAN_POINT('',(4.444943223809,-22.74353387968,2.));
#4078 = CARTESIAN_POINT('',(4.426033991579,-22.72095232715,2.));
#4079 = CARTESIAN_POINT('',(4.406167546418,-22.69937104601,2.));
#4080 = CARTESIAN_POINT('',(4.385354333487,-22.67881031742,2.));
#4081 = CARTESIAN_POINT('',(4.299729446126,-22.60192065139,2.));
#4082 = CARTESIAN_POINT('',(4.227806245733,-22.55348229085,2.));
#4083 = CARTESIAN_POINT('',(4.148280243121,-22.51437260871,2.));
#4084 = CARTESIAN_POINT('',(4.061944165008,-22.48441575081,2.));
#4085 = CARTESIAN_POINT('',(3.9697265625,-22.46313476562,2.));
#4086 = PCURVE('',#73,#4087);
#4087 = DEFINITIONAL_REPRESENTATION('',(#4088),#4099);
#4088 = B_SPLINE_CURVE_WITH_KNOTS('',5,(#4089,#4090,#4091,#4092,#4093,
    #4094,#4095,#4096,#4097,#4098),.UNSPECIFIED.,.F.,.F.,(6,4,6),(0.,
    0.253941455075,1.),.UNSPECIFIED.);
#4089 = CARTESIAN_POINT('',(4.462890625,-22.76708984375));
#4090 = CARTESIAN_POINT('',(4.444943223809,-22.74353387968));
#4091 = CARTESIAN_POINT('',(4.426033991579,-22.72095232715));
#4092 = CARTESIAN_POINT('',(4.406167546418,-22.69937104601));
#4093 = CARTESIAN_POINT('',(4.385354333487,-22.67881031742));
#4094 = CARTESIAN_POINT('',(4.299729446126,-22.60192065139));
#4095 = CARTESIAN_POINT('',(4.227806245733,-22.55348229085));
#4096 = CARTESIAN_POINT('',(4.148280243121,-22.51437260871));
#4097 = CARTESIAN_POINT('',(4.061944165008,-22.48441575081));
#4098 = CARTESIAN_POINT('',(3.9697265625,-22.46313476562));
#4099 = ( GEOMETRIC_REPRESENTATION_CONTEXT(2) 
PARAMETRIC_REPRESENTATION_CONTEXT() REPRESENTATION_CONTEXT('2D SPACE',''
  ) );
#4100 = PCURVE('',#4101,#4108);
#4101 = SURFACE_OF_LINEAR_EXTRUSION('',#4102,#4106);
#4102 = B_SPLINE_CURVE_WITH_KNOTS('',2,(#4103,#4104,#4105),
  .UNSPECIFIED.,.F.,.F.,(3,3),(0.,1.),.PIECEWISE_BEZIER_KNOTS.);
#4103 = CARTESIAN_POINT('',(3.9697265625,-22.46313476562,1.9));
#4104 = CARTESIAN_POINT('',(4.287109375,-22.53637695312,1.9));
#4105 = CARTESIAN_POINT('',(4.462890625,-22.76708984375,1.9));
#4106 = VECTOR('',#4107,1.);
#4107 = DIRECTION('',(-0.,-0.,-1.));
#4108 = DEFINITIONAL_REPRESENTATION('',(#4109),#4120);
#4109 = B_SPLINE_CURVE_WITH_KNOTS('',5,(#4110,#4111,#4112,#4113,#4114,
    #4115,#4116,#4117,#4118,#4119),.UNSPECIFIED.,.F.,.F.,(6,4,6),(0.,
    0.253941455075,1.),.UNSPECIFIED.);
#4110 = CARTESIAN_POINT('',(1.,-0.1));
#4111 = CARTESIAN_POINT('',(0.948949614391,-0.1));
#4112 = CARTESIAN_POINT('',(0.897787529679,-0.1));
#4113 = CARTESIAN_POINT('',(0.846550109056,-0.1));
#4114 = CARTESIAN_POINT('',(0.795274773146,-0.1));
#4115 = CARTESIAN_POINT('',(0.593359047608,-0.1));
#4116 = CARTESIAN_POINT('',(0.44269762245,-0.1));
#4117 = CARTESIAN_POINT('',(0.293061362458,-0.1));
#4118 = CARTESIAN_POINT('',(0.145278192259,-0.1));
#4119 = CARTESIAN_POINT('',(0.,-0.1));
#4120 = ( GEOMETRIC_REPRESENTATION_CONTEXT(2) 
PARAMETRIC_REPRESENTATION_CONTEXT() REPRESENTATION_CONTEXT('2D SPACE',''
  ) );
#4121 = ORIENTED_EDGE('',*,*,#4122,.F.);
#4122 = EDGE_CURVE('',#4123,#4072,#4125,.T.);
#4123 = VERTEX_POINT('',#4124);
#4124 = CARTESIAN_POINT('',(4.638671875,-23.34448242187,2.));
#4125 = SURFACE_CURVE('',#4126,(#4141,#4159),.PCURVE_S1.);
#4126 = B_SPLINE_CURVE_WITH_KNOTS('',5,(#4127,#4128,#4129,#4130,#4131,
    #4132,#4133,#4134,#4135,#4136,#4137,#4138,#4139,#4140),
  .UNSPECIFIED.,.F.,.F.,(6,4,4,6),(0.,0.460706462347,0.907485786983,1.),
  .UNSPECIFIED.);
#4127 = CARTESIAN_POINT('',(4.638671875,-23.34448242187,2.));
#4128 = CARTESIAN_POINT('',(4.638671875,-23.2828360421,2.));
#4129 = CARTESIAN_POINT('',(4.635197986567,-23.22273635731,2.));
#4130 = CARTESIAN_POINT('',(4.628082513297,-23.16437015989,2.));
#4131 = CARTESIAN_POINT('',(4.617186891791,-23.10793101014,2.));
#4132 = CARTESIAN_POINT('',(4.588139983369,-23.00091117363,2.));
#4133 = CARTESIAN_POINT('',(4.570217467518,-22.95020284351,2.));
#4134 = CARTESIAN_POINT('',(4.548608800127,-22.90164225468,2.));
#4135 = CARTESIAN_POINT('',(4.523308183527,-22.85536965788,2.));
#4136 = CARTESIAN_POINT('',(4.488395052379,-22.80240212624,2.));
#4137 = CARTESIAN_POINT('',(4.48225041708,-22.79341819411,2.));
#4138 = CARTESIAN_POINT('',(4.475950977317,-22.78453764481,2.));
#4139 = CARTESIAN_POINT('',(4.469497438479,-22.77576128644,2.));
#4140 = CARTESIAN_POINT('',(4.462890625,-22.76708984375,2.));
#4141 = PCURVE('',#73,#4142);
#4142 = DEFINITIONAL_REPRESENTATION('',(#4143),#4158);
#4143 = B_SPLINE_CURVE_WITH_KNOTS('',5,(#4144,#4145,#4146,#4147,#4148,
    #4149,#4150,#4151,#4152,#4153,#4154,#4155,#4156,#4157),
  .UNSPECIFIED.,.F.,.F.,(6,4,4,6),(0.,0.460706462347,0.907485786983,1.),
  .UNSPECIFIED.);
#4144 = CARTESIAN_POINT('',(4.638671875,-23.34448242187));
#4145 = CARTESIAN_POINT('',(4.638671875,-23.2828360421));
#4146 = CARTESIAN_POINT('',(4.635197986567,-23.22273635731));
#4147 = CARTESIAN_POINT('',(4.628082513297,-23.16437015989));
#4148 = CARTESIAN_POINT('',(4.617186891791,-23.10793101014));
#4149 = CARTESIAN_POINT('',(4.588139983369,-23.00091117363));
#4150 = CARTESIAN_POINT('',(4.570217467518,-22.95020284351));
#4151 = CARTESIAN_POINT('',(4.548608800127,-22.90164225468));
#4152 = CARTESIAN_POINT('',(4.523308183527,-22.85536965788));
#4153 = CARTESIAN_POINT('',(4.488395052379,-22.80240212624));
#4154 = CARTESIAN_POINT('',(4.48225041708,-22.79341819411));
#4155 = CARTESIAN_POINT('',(4.475950977317,-22.78453764481));
#4156 = CARTESIAN_POINT('',(4.469497438479,-22.77576128644));
#4157 = CARTESIAN_POINT('',(4.462890625,-22.76708984375));
#4158 = ( GEOMETRIC_REPRESENTATION_CONTEXT(2) 
PARAMETRIC_REPRESENTATION_CONTEXT() REPRESENTATION_CONTEXT('2D SPACE',''
  ) );
#4159 = PCURVE('',#4160,#4167);
#4160 = SURFACE_OF_LINEAR_EXTRUSION('',#4161,#4165);
#4161 = B_SPLINE_CURVE_WITH_KNOTS('',2,(#4162,#4163,#4164),
  .UNSPECIFIED.,.F.,.F.,(3,3),(0.,1.),.PIECEWISE_BEZIER_KNOTS.);
#4162 = CARTESIAN_POINT('',(4.462890625,-22.76708984375,1.9));
#4163 = CARTESIAN_POINT('',(4.638671875,-22.99780273437,1.9));
#4164 = CARTESIAN_POINT('',(4.638671875,-23.34448242187,1.9));
#4165 = VECTOR('',#4166,1.);
#4166 = DIRECTION('',(-0.,-0.,-1.));
#4167 = DEFINITIONAL_REPRESENTATION('',(#4168),#4183);
#4168 = B_SPLINE_CURVE_WITH_KNOTS('',5,(#4169,#4170,#4171,#4172,#4173,
    #4174,#4175,#4176,#4177,#4178,#4179,#4180,#4181,#4182),
  .UNSPECIFIED.,.F.,.F.,(6,4,4,6),(0.,0.460706462347,0.907485786983,1.),
  .UNSPECIFIED.);
#4169 = CARTESIAN_POINT('',(1.,-0.1));
#4170 = CARTESIAN_POINT('',(0.911090291708,-0.1));
#4171 = CARTESIAN_POINT('',(0.821105951074,-0.1));
#4172 = CARTESIAN_POINT('',(0.730156819155,-0.1));
#4173 = CARTESIAN_POINT('',(0.638390217782,-0.1));
#4174 = CARTESIAN_POINT('',(0.456402734763,-0.1));
#4175 = CARTESIAN_POINT('',(0.366215431659,-0.1));
#4176 = CARTESIAN_POINT('',(0.275618391851,-0.1));
#4177 = CARTESIAN_POINT('',(0.184808376046,-0.1));
#4178 = CARTESIAN_POINT('',(7.519638716028E-02,-0.1));
#4179 = CARTESIAN_POINT('',(5.63927406511E-02,-0.1));
#4180 = CARTESIAN_POINT('',(3.759090401848E-02,-0.1));
#4181 = CARTESIAN_POINT('',(1.879271389504E-02,-0.1));
#4182 = CARTESIAN_POINT('',(0.,-0.1));
#4183 = ( GEOMETRIC_REPRESENTATION_CONTEXT(2) 
PARAMETRIC_REPRESENTATION_CONTEXT() REPRESENTATION_CONTEXT('2D SPACE',''
  ) );
#4184 = ORIENTED_EDGE('',*,*,#4185,.F.);
#4185 = EDGE_CURVE('',#4186,#4123,#4188,.T.);
#4186 = VERTEX_POINT('',#4187);
#4187 = CARTESIAN_POINT('',(4.296875,-24.13916015625,2.));
#4188 = SURFACE_CURVE('',#4189,(#4200,#4214),.PCURVE_S1.);
#4189 = B_SPLINE_CURVE_WITH_KNOTS('',5,(#4190,#4191,#4192,#4193,#4194,
    #4195,#4196,#4197,#4198,#4199),.UNSPECIFIED.,.F.,.F.,(6,4,6),(0.,
    0.512306545714,1.),.UNSPECIFIED.);
#4190 = CARTESIAN_POINT('',(4.296875,-24.13916015625,2.));
#4191 = CARTESIAN_POINT('',(4.365067786073,-24.07413346381,2.));
#4192 = CARTESIAN_POINT('',(4.426037033635,-24.00433302829,2.));
#4193 = CARTESIAN_POINT('',(4.478820226941,-23.92980252967,2.));
#4194 = CARTESIAN_POINT('',(4.522652823199,-23.85080188989,2.));
#4195 = CARTESIAN_POINT('',(4.59023380004,-23.68911796386,2.));
#4196 = CARTESIAN_POINT('',(4.614857027218,-23.6067675061,2.));
#4197 = CARTESIAN_POINT('',(4.630911205333,-23.52146244236,2.));
#4198 = CARTESIAN_POINT('',(4.638671875,-23.43382626043,2.));
#4199 = CARTESIAN_POINT('',(4.638671875,-23.34448242187,2.));
#4200 = PCURVE('',#73,#4201);
#4201 = DEFINITIONAL_REPRESENTATION('',(#4202),#4213);
#4202 = B_SPLINE_CURVE_WITH_KNOTS('',5,(#4203,#4204,#4205,#4206,#4207,
    #4208,#4209,#4210,#4211,#4212),.UNSPECIFIED.,.F.,.F.,(6,4,6),(0.,
    0.512306545714,1.),.UNSPECIFIED.);
#4203 = CARTESIAN_POINT('',(4.296875,-24.13916015625));
#4204 = CARTESIAN_POINT('',(4.365067786073,-24.07413346381));
#4205 = CARTESIAN_POINT('',(4.426037033635,-24.00433302829));
#4206 = CARTESIAN_POINT('',(4.478820226941,-23.92980252967));
#4207 = CARTESIAN_POINT('',(4.522652823199,-23.85080188989));
#4208 = CARTESIAN_POINT('',(4.59023380004,-23.68911796386));
#4209 = CARTESIAN_POINT('',(4.614857027218,-23.6067675061));
#4210 = CARTESIAN_POINT('',(4.630911205333,-23.52146244236));
#4211 = CARTESIAN_POINT('',(4.638671875,-23.43382626043));
#4212 = CARTESIAN_POINT('',(4.638671875,-23.34448242187));
#4213 = ( GEOMETRIC_REPRESENTATION_CONTEXT(2) 
PARAMETRIC_REPRESENTATION_CONTEXT() REPRESENTATION_CONTEXT('2D SPACE',''
  ) );
#4214 = PCURVE('',#4215,#4222);
#4215 = SURFACE_OF_LINEAR_EXTRUSION('',#4216,#4220);
#4216 = B_SPLINE_CURVE_WITH_KNOTS('',2,(#4217,#4218,#4219),
  .UNSPECIFIED.,.F.,.F.,(3,3),(0.,1.),.PIECEWISE_BEZIER_KNOTS.);
#4217 = CARTESIAN_POINT('',(4.638671875,-23.34448242187,1.9));
#4218 = CARTESIAN_POINT('',(4.638671875,-23.81323242187,1.9));
#4219 = CARTESIAN_POINT('',(4.296875,-24.13916015625,1.9));
#4220 = VECTOR('',#4221,1.);
#4221 = DIRECTION('',(-0.,-0.,-1.));
#4222 = DEFINITIONAL_REPRESENTATION('',(#4223),#4234);
#4223 = B_SPLINE_CURVE_WITH_KNOTS('',5,(#4224,#4225,#4226,#4227,#4228,
    #4229,#4230,#4231,#4232,#4233),.UNSPECIFIED.,.F.,.F.,(6,4,6),(0.,
    0.512306545714,1.),.UNSPECIFIED.);
#4224 = CARTESIAN_POINT('',(1.,-0.1));
#4225 = CARTESIAN_POINT('',(0.900243695801,-0.1));
#4226 = CARTESIAN_POINT('',(0.798615033289,-0.1));
#4227 = CARTESIAN_POINT('',(0.695589611457,-0.1));
#4228 = CARTESIAN_POINT('',(0.591785448023,-0.1));
#4229 = CARTESIAN_POINT('',(0.389200786767,-0.1));
#4230 = CARTESIAN_POINT('',(0.290385374379,-0.1));
#4231 = CARTESIAN_POINT('',(0.192237729858,-0.1));
#4232 = CARTESIAN_POINT('',(9.530009446797E-02,-0.1));
#4233 = CARTESIAN_POINT('',(0.,-0.1));
#4234 = ( GEOMETRIC_REPRESENTATION_CONTEXT(2) 
PARAMETRIC_REPRESENTATION_CONTEXT() REPRESENTATION_CONTEXT('2D SPACE',''
  ) );
#4235 = ORIENTED_EDGE('',*,*,#4236,.F.);
#4236 = EDGE_CURVE('',#4237,#4186,#4239,.T.);
#4237 = VERTEX_POINT('',#4238);
#4238 = CARTESIAN_POINT('',(3.4326171875,-24.46508789062,2.));
#4239 = SURFACE_CURVE('',#4240,(#4253,#4269),.PCURVE_S1.);
#4240 = B_SPLINE_CURVE_WITH_KNOTS('',6,(#4241,#4242,#4243,#4244,#4245,
    #4246,#4247,#4248,#4249,#4250,#4251,#4252),.UNSPECIFIED.,.F.,.F.,(7,
    5,7),(0.,0.683771577219,1.),.UNSPECIFIED.);
#4241 = CARTESIAN_POINT('',(3.4326171875,-24.46508789062,2.));
#4242 = CARTESIAN_POINT('',(3.546051724776,-24.46508789062,2.));
#4243 = CARTESIAN_POINT('',(3.657102202937,-24.45586940928,2.));
#4244 = CARTESIAN_POINT('',(3.764890989589,-24.43660229908,2.));
#4245 = CARTESIAN_POINT('',(3.868485833486,-24.40664706225,2.));
#4246 = CARTESIAN_POINT('',(3.966983638953,-24.36575954381,2.));
#4247 = CARTESIAN_POINT('',(4.102469470967,-24.29061655853,2.));
#4248 = CARTESIAN_POINT('',(4.144068795133,-24.26460573757,2.));
#4249 = CARTESIAN_POINT('',(4.184353101189,-24.23638491784,2.));
#4250 = CARTESIAN_POINT('',(4.223270475466,-24.20601464512,2.));
#4251 = CARTESIAN_POINT('',(4.2607850349,-24.17357451582,2.));
#4252 = CARTESIAN_POINT('',(4.296875,-24.13916015625,2.));
#4253 = PCURVE('',#73,#4254);
#4254 = DEFINITIONAL_REPRESENTATION('',(#4255),#4268);
#4255 = B_SPLINE_CURVE_WITH_KNOTS('',6,(#4256,#4257,#4258,#4259,#4260,
    #4261,#4262,#4263,#4264,#4265,#4266,#4267),.UNSPECIFIED.,.F.,.F.,(7,
    5,7),(0.,0.683771577219,1.),.UNSPECIFIED.);
#4256 = CARTESIAN_POINT('',(3.4326171875,-24.46508789062));
#4257 = CARTESIAN_POINT('',(3.546051724776,-24.46508789062));
#4258 = CARTESIAN_POINT('',(3.657102202937,-24.45586940928));
#4259 = CARTESIAN_POINT('',(3.764890989589,-24.43660229908));
#4260 = CARTESIAN_POINT('',(3.868485833486,-24.40664706225));
#4261 = CARTESIAN_POINT('',(3.966983638953,-24.36575954381));
#4262 = CARTESIAN_POINT('',(4.102469470967,-24.29061655853));
#4263 = CARTESIAN_POINT('',(4.144068795133,-24.26460573757));
#4264 = CARTESIAN_POINT('',(4.184353101189,-24.23638491784));
#4265 = CARTESIAN_POINT('',(4.223270475466,-24.20601464512));
#4266 = CARTESIAN_POINT('',(4.2607850349,-24.17357451582));
#4267 = CARTESIAN_POINT('',(4.296875,-24.13916015625));
#4268 = ( GEOMETRIC_REPRESENTATION_CONTEXT(2) 
PARAMETRIC_REPRESENTATION_CONTEXT() REPRESENTATION_CONTEXT('2D SPACE',''
  ) );
#4269 = PCURVE('',#4270,#4277);
#4270 = SURFACE_OF_LINEAR_EXTRUSION('',#4271,#4275);
#4271 = B_SPLINE_CURVE_WITH_KNOTS('',2,(#4272,#4273,#4274),
  .UNSPECIFIED.,.F.,.F.,(3,3),(0.,1.),.PIECEWISE_BEZIER_KNOTS.);
#4272 = CARTESIAN_POINT('',(4.296875,-24.13916015625,1.9));
#4273 = CARTESIAN_POINT('',(3.955078125,-24.46508789062,1.9));
#4274 = CARTESIAN_POINT('',(3.4326171875,-24.46508789062,1.9));
#4275 = VECTOR('',#4276,1.);
#4276 = DIRECTION('',(-0.,-0.,-1.));
#4277 = DEFINITIONAL_REPRESENTATION('',(#4278),#4291);
#4278 = B_SPLINE_CURVE_WITH_KNOTS('',6,(#4279,#4280,#4281,#4282,#4283,
    #4284,#4285,#4286,#4287,#4288,#4289,#4290),.UNSPECIFIED.,.F.,.F.,(7,
    5,7),(0.,0.683771577219,1.),.UNSPECIFIED.);
#4279 = CARTESIAN_POINT('',(1.,-0.1));
#4280 = CARTESIAN_POINT('',(0.891442087691,-0.1));
#4281 = CARTESIAN_POINT('',(0.780275549073,-0.1));
#4282 = CARTESIAN_POINT('',(0.666899912317,-0.1));
#4283 = CARTESIAN_POINT('',(0.551868111651,-0.1));
#4284 = CARTESIAN_POINT('',(0.435914899453,-0.1));
#4285 = CARTESIAN_POINT('',(0.266392059787,-0.1));
#4286 = CARTESIAN_POINT('',(0.212782973158,-0.1));
#4287 = CARTESIAN_POINT('',(0.15926001743,-0.1));
#4288 = CARTESIAN_POINT('',(0.105904992623,-0.1));
#4289 = CARTESIAN_POINT('',(5.279446323243E-02,-0.1));
#4290 = CARTESIAN_POINT('',(0.,-0.1));
#4291 = ( GEOMETRIC_REPRESENTATION_CONTEXT(2) 
PARAMETRIC_REPRESENTATION_CONTEXT() REPRESENTATION_CONTEXT('2D SPACE',''
  ) );
#4292 = ORIENTED_EDGE('',*,*,#4293,.F.);
#4293 = EDGE_CURVE('',#4294,#4237,#4296,.T.);
#4294 = VERTEX_POINT('',#4295);
#4295 = CARTESIAN_POINT('',(2.650146484375,-24.18432617187,2.));
#4296 = SURFACE_CURVE('',#4297,(#4310,#4326),.PCURVE_S1.);
#4297 = B_SPLINE_CURVE_WITH_KNOTS('',6,(#4298,#4299,#4300,#4301,#4302,
    #4303,#4304,#4305,#4306,#4307,#4308,#4309),.UNSPECIFIED.,.F.,.F.,(7,
    5,7),(0.,0.274440438279,1.),.UNSPECIFIED.);
#4298 = CARTESIAN_POINT('',(2.650146484375,-24.18432617187,2.));
#4299 = CARTESIAN_POINT('',(2.67880841246,-24.21017810701,2.));
#4300 = CARTESIAN_POINT('',(2.708392125968,-24.23469974929,2.));
#4301 = CARTESIAN_POINT('',(2.738883956537,-24.25784735668,2.));
#4302 = CARTESIAN_POINT('',(2.770263899399,-24.27958537046,2.));
#4303 = CARTESIAN_POINT('',(2.802505613379,-24.2998864152,2.));
#4304 = CARTESIAN_POINT('',(2.923008290487,-24.36855298542,2.));
#4305 = CARTESIAN_POINT('',(3.016262251449,-24.40821375256,2.));
#4306 = CARTESIAN_POINT('',(3.114676546307,-24.43732051253,2.));
#4307 = CARTESIAN_POINT('',(3.217440204217,-24.45608619246,2.));
#4308 = CARTESIAN_POINT('',(3.323695768212,-24.46508789062,2.));
#4309 = CARTESIAN_POINT('',(3.4326171875,-24.46508789062,2.));
#4310 = PCURVE('',#73,#4311);
#4311 = DEFINITIONAL_REPRESENTATION('',(#4312),#4325);
#4312 = B_SPLINE_CURVE_WITH_KNOTS('',6,(#4313,#4314,#4315,#4316,#4317,
    #4318,#4319,#4320,#4321,#4322,#4323,#4324),.UNSPECIFIED.,.F.,.F.,(7,
    5,7),(0.,0.274440438279,1.),.UNSPECIFIED.);
#4313 = CARTESIAN_POINT('',(2.650146484375,-24.18432617187));
#4314 = CARTESIAN_POINT('',(2.67880841246,-24.21017810701));
#4315 = CARTESIAN_POINT('',(2.708392125968,-24.23469974929));
#4316 = CARTESIAN_POINT('',(2.738883956537,-24.25784735668));
#4317 = CARTESIAN_POINT('',(2.770263899399,-24.27958537046));
#4318 = CARTESIAN_POINT('',(2.802505613379,-24.2998864152));
#4319 = CARTESIAN_POINT('',(2.923008290487,-24.36855298542));
#4320 = CARTESIAN_POINT('',(3.016262251449,-24.40821375256));
#4321 = CARTESIAN_POINT('',(3.114676546307,-24.43732051253));
#4322 = CARTESIAN_POINT('',(3.217440204217,-24.45608619246));
#4323 = CARTESIAN_POINT('',(3.323695768212,-24.46508789062));
#4324 = CARTESIAN_POINT('',(3.4326171875,-24.46508789062));
#4325 = ( GEOMETRIC_REPRESENTATION_CONTEXT(2) 
PARAMETRIC_REPRESENTATION_CONTEXT() REPRESENTATION_CONTEXT('2D SPACE',''
  ) );
#4326 = PCURVE('',#4327,#4334);
#4327 = SURFACE_OF_LINEAR_EXTRUSION('',#4328,#4332);
#4328 = B_SPLINE_CURVE_WITH_KNOTS('',2,(#4329,#4330,#4331),
  .UNSPECIFIED.,.F.,.F.,(3,3),(0.,1.),.PIECEWISE_BEZIER_KNOTS.);
#4329 = CARTESIAN_POINT('',(3.4326171875,-24.46508789062,1.9));
#4330 = CARTESIAN_POINT('',(2.96142578125,-24.46508789062,1.9));
#4331 = CARTESIAN_POINT('',(2.650146484375,-24.18432617187,1.9));
#4332 = VECTOR('',#4333,1.);
#4333 = DIRECTION('',(-0.,-0.,-1.));
#4334 = DEFINITIONAL_REPRESENTATION('',(#4335),#4348);
#4335 = B_SPLINE_CURVE_WITH_KNOTS('',6,(#4336,#4337,#4338,#4339,#4340,
    #4341,#4342,#4343,#4344,#4345,#4346,#4347),.UNSPECIFIED.,.F.,.F.,(7,
    5,7),(0.,0.274440438279,1.),.UNSPECIFIED.);
#4336 = CARTESIAN_POINT('',(1.,-0.1));
#4337 = CARTESIAN_POINT('',(0.953961075515,-0.1));
#4338 = CARTESIAN_POINT('',(0.907748021276,-0.1));
#4339 = CARTESIAN_POINT('',(0.861401778511,-0.1));
#4340 = CARTESIAN_POINT('',(0.81496506636,-0.1));
#4341 = CARTESIAN_POINT('',(0.768482381871,-0.1));
#4342 = CARTESIAN_POINT('',(0.599110906726,-0.1));
#4343 = CARTESIAN_POINT('',(0.476184901621,-0.1));
#4344 = CARTESIAN_POINT('',(0.354161779593,-0.1));
#4345 = CARTESIAN_POINT('',(0.233773403472,-1.E-01));
#4346 = CARTESIAN_POINT('',(0.115580863576,-0.1));
#4347 = CARTESIAN_POINT('',(0.,-0.1));
#4348 = ( GEOMETRIC_REPRESENTATION_CONTEXT(2) 
PARAMETRIC_REPRESENTATION_CONTEXT() REPRESENTATION_CONTEXT('2D SPACE',''
  ) );
#4349 = ORIENTED_EDGE('',*,*,#4350,.F.);
#4350 = EDGE_CURVE('',#2956,#4294,#4351,.T.);
#4351 = SURFACE_CURVE('',#4352,(#4363,#4377),.PCURVE_S1.);
#4352 = B_SPLINE_CURVE_WITH_KNOTS('',5,(#4353,#4354,#4355,#4356,#4357,
    #4358,#4359,#4360,#4361,#4362),.UNSPECIFIED.,.F.,.F.,(6,4,6),(0.,
    0.632356460332,1.),.UNSPECIFIED.);
#4353 = CARTESIAN_POINT('',(2.294921875,-23.45678710937,2.));
#4354 = CARTESIAN_POINT('',(2.305667762511,-23.56603696573,2.));
#4355 = CARTESIAN_POINT('',(2.326635132763,-23.67142580526,2.));
#4356 = CARTESIAN_POINT('',(2.358623108147,-23.77185521738,2.));
#4357 = CARTESIAN_POINT('',(2.402043578308,-23.86625329148,2.));
#4358 = CARTESIAN_POINT('',(2.487998656259,-24.00475376542,2.));
#4359 = CARTESIAN_POINT('',(2.523300589049,-24.0533774062,2.));
#4360 = CARTESIAN_POINT('',(2.562213139791,-24.09955839845,2.));
#4361 = CARTESIAN_POINT('',(2.60456905704,-24.14321711976,2.));
#4362 = CARTESIAN_POINT('',(2.650146484375,-24.18432617187,2.));
#4363 = PCURVE('',#73,#4364);
#4364 = DEFINITIONAL_REPRESENTATION('',(#4365),#4376);
#4365 = B_SPLINE_CURVE_WITH_KNOTS('',5,(#4366,#4367,#4368,#4369,#4370,
    #4371,#4372,#4373,#4374,#4375),.UNSPECIFIED.,.F.,.F.,(6,4,6),(0.,
    0.632356460332,1.),.UNSPECIFIED.);
#4366 = CARTESIAN_POINT('',(2.294921875,-23.45678710937));
#4367 = CARTESIAN_POINT('',(2.305667762511,-23.56603696573));
#4368 = CARTESIAN_POINT('',(2.326635132763,-23.67142580526));
#4369 = CARTESIAN_POINT('',(2.358623108147,-23.77185521738));
#4370 = CARTESIAN_POINT('',(2.402043578308,-23.86625329148));
#4371 = CARTESIAN_POINT('',(2.487998656259,-24.00475376542));
#4372 = CARTESIAN_POINT('',(2.523300589049,-24.0533774062));
#4373 = CARTESIAN_POINT('',(2.562213139791,-24.09955839845));
#4374 = CARTESIAN_POINT('',(2.60456905704,-24.14321711976));
#4375 = CARTESIAN_POINT('',(2.650146484375,-24.18432617187));
#4376 = ( GEOMETRIC_REPRESENTATION_CONTEXT(2) 
PARAMETRIC_REPRESENTATION_CONTEXT() REPRESENTATION_CONTEXT('2D SPACE',''
  ) );
#4377 = PCURVE('',#4378,#4385);
#4378 = SURFACE_OF_LINEAR_EXTRUSION('',#4379,#4383);
#4379 = B_SPLINE_CURVE_WITH_KNOTS('',2,(#4380,#4381,#4382),
  .UNSPECIFIED.,.F.,.F.,(3,3),(0.,1.),.PIECEWISE_BEZIER_KNOTS.);
#4380 = CARTESIAN_POINT('',(2.650146484375,-24.18432617187,1.9));
#4381 = CARTESIAN_POINT('',(2.3388671875,-23.90356445312,1.9));
#4382 = CARTESIAN_POINT('',(2.294921875,-23.45678710937,1.9));
#4383 = VECTOR('',#4384,1.);
#4384 = DIRECTION('',(-0.,-0.,-1.));
#4385 = DEFINITIONAL_REPRESENTATION('',(#4386),#4397);
#4386 = B_SPLINE_CURVE_WITH_KNOTS('',5,(#4387,#4388,#4389,#4390,#4391,
    #4392,#4393,#4394,#4395,#4396),.UNSPECIFIED.,.F.,.F.,(6,4,6),(0.,
    0.632356460332,1.),.UNSPECIFIED.);
#4387 = CARTESIAN_POINT('',(1.,-0.1));
#4388 = CARTESIAN_POINT('',(0.877735679873,-0.1));
#4389 = CARTESIAN_POINT('',(0.752848768893,-0.1));
#4390 = CARTESIAN_POINT('',(0.62597435785,-0.1));
#4391 = CARTESIAN_POINT('',(0.497973215642,-0.1));
#4392 = CARTESIAN_POINT('',(0.295598093903,-0.1));
#4393 = CARTESIAN_POINT('',(0.221192772063,-0.1));
#4394 = CARTESIAN_POINT('',(0.146998852894,-0.1));
#4395 = CARTESIAN_POINT('',(7.320985975126E-02,-0.1));
#4396 = CARTESIAN_POINT('',(0.,-0.1));
#4397 = ( GEOMETRIC_REPRESENTATION_CONTEXT(2) 
PARAMETRIC_REPRESENTATION_CONTEXT() REPRESENTATION_CONTEXT('2D SPACE',''
  ) );
#4398 = FACE_BOUND('',#4399,.T.);
#4399 = EDGE_LOOP('',(#4400,#4474,#4531,#4582,#4633,#4684,#4735,#4786,
    #4837,#4888,#4939));
#4400 = ORIENTED_EDGE('',*,*,#4401,.F.);
#4401 = EDGE_CURVE('',#4402,#4404,#4406,.T.);
#4402 = VERTEX_POINT('',#4403);
#4403 = CARTESIAN_POINT('',(-3.463232421875,-16.42001953125,2.));
#4404 = VERTEX_POINT('',#4405);
#4405 = CARTESIAN_POINT('',(-3.826904296875,-17.48041992187,2.));
#4406 = SURFACE_CURVE('',#4407,(#4425,#4446),.PCURVE_S1.);
#4407 = B_SPLINE_CURVE_WITH_KNOTS('',6,(#4408,#4409,#4410,#4411,#4412,
    #4413,#4414,#4415,#4416,#4417,#4418,#4419,#4420,#4421,#4422,#4423,
    #4424),.UNSPECIFIED.,.F.,.F.,(7,5,5,7),(0.,8.577393347589E-02,
    0.52629457912,1.),.UNSPECIFIED.);
#4408 = CARTESIAN_POINT('',(-3.463232421875,-16.42001953125,2.));
#4409 = CARTESIAN_POINT('',(-3.474130493929,-16.43150142859,2.));
#4410 = CARTESIAN_POINT('',(-3.484839872493,-16.44314942578,2.));
#4411 = CARTESIAN_POINT('',(-3.495358261054,-16.45496201799,2.));
#4412 = CARTESIAN_POINT('',(-3.505683569471,-16.46693750919,2.));
#4413 = CARTESIAN_POINT('',(-3.51581391398,-16.4790740121,2.));
#4414 = CARTESIAN_POINT('',(-3.576765463442,-16.5545167617,2.));
#4415 = CARTESIAN_POINT('',(-3.622604722686,-16.62186643833,2.));
#4416 = CARTESIAN_POINT('',(-3.663015397451,-16.69311407504,2.));
#4417 = CARTESIAN_POINT('',(-3.697953393667,-16.76786793128,2.));
#4418 = CARTESIAN_POINT('',(-3.727527389581,-16.84568340251,2.));
#4419 = CARTESIAN_POINT('',(-3.778203471149,-17.01256924287,2.));
#4420 = CARTESIAN_POINT('',(-3.798503919391,-17.10206000303,2.));
#4421 = CARTESIAN_POINT('',(-3.813117079732,-17.19404020827,2.));
#4422 = CARTESIAN_POINT('',(-3.822443141314,-17.2880180914,2.));
#4423 = CARTESIAN_POINT('',(-3.826904296875,-17.38358274402,2.));
#4424 = CARTESIAN_POINT('',(-3.826904296875,-17.48041992187,2.));
#4425 = PCURVE('',#73,#4426);
#4426 = DEFINITIONAL_REPRESENTATION('',(#4427),#4445);
#4427 = B_SPLINE_CURVE_WITH_KNOTS('',6,(#4428,#4429,#4430,#4431,#4432,
    #4433,#4434,#4435,#4436,#4437,#4438,#4439,#4440,#4441,#4442,#4443,
    #4444),.UNSPECIFIED.,.F.,.F.,(7,5,5,7),(0.,8.577393347589E-02,
    0.52629457912,1.),.UNSPECIFIED.);
#4428 = CARTESIAN_POINT('',(-3.463232421875,-16.42001953125));
#4429 = CARTESIAN_POINT('',(-3.474130493929,-16.43150142859));
#4430 = CARTESIAN_POINT('',(-3.484839872493,-16.44314942578));
#4431 = CARTESIAN_POINT('',(-3.495358261054,-16.45496201799));
#4432 = CARTESIAN_POINT('',(-3.505683569471,-16.46693750919));
#4433 = CARTESIAN_POINT('',(-3.51581391398,-16.4790740121));
#4434 = CARTESIAN_POINT('',(-3.576765463442,-16.5545167617));
#4435 = CARTESIAN_POINT('',(-3.622604722686,-16.62186643833));
#4436 = CARTESIAN_POINT('',(-3.663015397451,-16.69311407504));
#4437 = CARTESIAN_POINT('',(-3.697953393667,-16.76786793128));
#4438 = CARTESIAN_POINT('',(-3.727527389581,-16.84568340251));
#4439 = CARTESIAN_POINT('',(-3.778203471149,-17.01256924287));
#4440 = CARTESIAN_POINT('',(-3.798503919391,-17.10206000303));
#4441 = CARTESIAN_POINT('',(-3.813117079732,-17.19404020827));
#4442 = CARTESIAN_POINT('',(-3.822443141314,-17.2880180914));
#4443 = CARTESIAN_POINT('',(-3.826904296875,-17.38358274402));
#4444 = CARTESIAN_POINT('',(-3.826904296875,-17.48041992187));
#4445 = ( GEOMETRIC_REPRESENTATION_CONTEXT(2) 
PARAMETRIC_REPRESENTATION_CONTEXT() REPRESENTATION_CONTEXT('2D SPACE',''
  ) );
#4446 = PCURVE('',#4447,#4454);
#4447 = SURFACE_OF_LINEAR_EXTRUSION('',#4448,#4452);
#4448 = B_SPLINE_CURVE_WITH_KNOTS('',2,(#4449,#4450,#4451),
  .UNSPECIFIED.,.F.,.F.,(3,3),(0.,1.),.PIECEWISE_BEZIER_KNOTS.);
#4449 = CARTESIAN_POINT('',(-3.826904296875,-17.48041992187,1.9));
#4450 = CARTESIAN_POINT('',(-3.826904296875,-16.80317382812,1.9));
#4451 = CARTESIAN_POINT('',(-3.463232421875,-16.42001953125,1.9));
#4452 = VECTOR('',#4453,1.);
#4453 = DIRECTION('',(-0.,-0.,-1.));
#4454 = DEFINITIONAL_REPRESENTATION('',(#4455),#4473);
#4455 = B_SPLINE_CURVE_WITH_KNOTS('',6,(#4456,#4457,#4458,#4459,#4460,
    #4461,#4462,#4463,#4464,#4465,#4466,#4467,#4468,#4469,#4470,#4471,
    #4472),.UNSPECIFIED.,.F.,.F.,(7,5,5,7),(0.,8.577393347589E-02,
    0.52629457912,1.),.UNSPECIFIED.);
#4456 = CARTESIAN_POINT('',(1.,-0.1));
#4457 = CARTESIAN_POINT('',(0.985016614147,-0.1));
#4458 = CARTESIAN_POINT('',(0.970023255238,-0.1));
#4459 = CARTESIAN_POINT('',(0.955022405345,-0.1));
#4460 = CARTESIAN_POINT('',(0.940016564509,-0.1));
#4461 = CARTESIAN_POINT('',(0.925008250736,-0.1));
#4462 = CARTESIAN_POINT('',(0.832920122277,-0.1));
#4463 = CARTESIAN_POINT('',(0.7558294824,-0.1));
#4464 = CARTESIAN_POINT('',(0.679102072506,-0.1));
#4465 = CARTESIAN_POINT('',(0.603053433903,-0.1));
#4466 = CARTESIAN_POINT('',(0.527946926795,-0.1));
#4467 = CARTESIAN_POINT('',(0.374482591618,-0.1));
#4468 = CARTESIAN_POINT('',(0.296292997727,-0.1));
#4469 = CARTESIAN_POINT('',(0.21966097189,-0.1));
#4470 = CARTESIAN_POINT('',(0.144710652764,-1.E-01));
#4471 = CARTESIAN_POINT('',(7.149334543592E-02,-0.1));
#4472 = CARTESIAN_POINT('',(0.,-0.1));
#4473 = ( GEOMETRIC_REPRESENTATION_CONTEXT(2) 
PARAMETRIC_REPRESENTATION_CONTEXT() REPRESENTATION_CONTEXT('2D SPACE',''
  ) );
#4474 = ORIENTED_EDGE('',*,*,#4475,.F.);
#4475 = EDGE_CURVE('',#4476,#4402,#4478,.T.);
#4476 = VERTEX_POINT('',#4477);
#4477 = CARTESIAN_POINT('',(-2.524365234375,-16.03686523437,2.));
#4478 = SURFACE_CURVE('',#4479,(#4492,#4508),.PCURVE_S1.);
#4479 = B_SPLINE_CURVE_WITH_KNOTS('',6,(#4480,#4481,#4482,#4483,#4484,
    #4485,#4486,#4487,#4488,#4489,#4490,#4491),.UNSPECIFIED.,.F.,.F.,(7,
    5,7),(0.,0.639761832406,1.),.UNSPECIFIED.);
#4480 = CARTESIAN_POINT('',(-2.524365234375,-16.03686523437,2.));
#4481 = CARTESIAN_POINT('',(-2.640716903765,-16.03686523437,2.));
#4482 = CARTESIAN_POINT('',(-2.75490458122,-16.04627207764,2.));
#4483 = CARTESIAN_POINT('',(-2.865982828853,-16.06600351018,2.));
#4484 = CARTESIAN_POINT('',(-2.972921869578,-16.09678319175,2.));
#4485 = CARTESIAN_POINT('',(-3.074702580715,-16.13889999327,2.));
#4486 = CARTESIAN_POINT('',(-3.224368756368,-16.22166457673,2.));
#4487 = CARTESIAN_POINT('',(-3.276386663624,-16.25492215808,2.));
#4488 = CARTESIAN_POINT('',(-3.326360089398,-16.29154189494,2.));
#4489 = CARTESIAN_POINT('',(-3.374191057163,-16.3313887081,2.));
#4490 = CARTESIAN_POINT('',(-3.419822865836,-16.37428446328,2.));
#4491 = CARTESIAN_POINT('',(-3.463232421875,-16.42001953125,2.));
#4492 = PCURVE('',#73,#4493);
#4493 = DEFINITIONAL_REPRESENTATION('',(#4494),#4507);
#4494 = B_SPLINE_CURVE_WITH_KNOTS('',6,(#4495,#4496,#4497,#4498,#4499,
    #4500,#4501,#4502,#4503,#4504,#4505,#4506),.UNSPECIFIED.,.F.,.F.,(7,
    5,7),(0.,0.639761832406,1.),.UNSPECIFIED.);
#4495 = CARTESIAN_POINT('',(-2.524365234375,-16.03686523437));
#4496 = CARTESIAN_POINT('',(-2.640716903765,-16.03686523437));
#4497 = CARTESIAN_POINT('',(-2.75490458122,-16.04627207764));
#4498 = CARTESIAN_POINT('',(-2.865982828853,-16.06600351018));
#4499 = CARTESIAN_POINT('',(-2.972921869578,-16.09678319175));
#4500 = CARTESIAN_POINT('',(-3.074702580715,-16.13889999327));
#4501 = CARTESIAN_POINT('',(-3.224368756368,-16.22166457673));
#4502 = CARTESIAN_POINT('',(-3.276386663624,-16.25492215808));
#4503 = CARTESIAN_POINT('',(-3.326360089398,-16.29154189494));
#4504 = CARTESIAN_POINT('',(-3.374191057163,-16.3313887081));
#4505 = CARTESIAN_POINT('',(-3.419822865836,-16.37428446328));
#4506 = CARTESIAN_POINT('',(-3.463232421875,-16.42001953125));
#4507 = ( GEOMETRIC_REPRESENTATION_CONTEXT(2) 
PARAMETRIC_REPRESENTATION_CONTEXT() REPRESENTATION_CONTEXT('2D SPACE',''
  ) );
#4508 = PCURVE('',#4509,#4516);
#4509 = SURFACE_OF_LINEAR_EXTRUSION('',#4510,#4514);
#4510 = B_SPLINE_CURVE_WITH_KNOTS('',2,(#4511,#4512,#4513),
  .UNSPECIFIED.,.F.,.F.,(3,3),(0.,1.),.PIECEWISE_BEZIER_KNOTS.);
#4511 = CARTESIAN_POINT('',(-3.463232421875,-16.42001953125,1.9));
#4512 = CARTESIAN_POINT('',(-3.099560546875,-16.03686523437,1.9));
#4513 = CARTESIAN_POINT('',(-2.524365234375,-16.03686523437,1.9));
#4514 = VECTOR('',#4515,1.);
#4515 = DIRECTION('',(-0.,-0.,-1.));
#4516 = DEFINITIONAL_REPRESENTATION('',(#4517),#4530);
#4517 = B_SPLINE_CURVE_WITH_KNOTS('',6,(#4518,#4519,#4520,#4521,#4522,
    #4523,#4524,#4525,#4526,#4527,#4528,#4529),.UNSPECIFIED.,.F.,.F.,(7,
    5,7),(0.,0.639761832406,1.),.UNSPECIFIED.);
#4518 = CARTESIAN_POINT('',(1.,-0.1));
#4519 = CARTESIAN_POINT('',(0.898858990275,-0.1));
#4520 = CARTESIAN_POINT('',(0.795084846962,-0.1));
#4521 = CARTESIAN_POINT('',(0.689058995948,-0.1));
#4522 = CARTESIAN_POINT('',(0.581329316212,-0.1));
#4523 = CARTESIAN_POINT('',(0.472643074928,-0.1));
#4524 = CARTESIAN_POINT('',(0.302825074815,-0.1));
#4525 = CARTESIAN_POINT('',(0.241647572773,-0.1));
#4526 = CARTESIAN_POINT('',(0.180633820559,-0.1));
#4527 = CARTESIAN_POINT('',(0.119933809046,-0.1));
#4528 = CARTESIAN_POINT('',(5.968231120293E-02,-0.1));
#4529 = CARTESIAN_POINT('',(0.,-0.1));
#4530 = ( GEOMETRIC_REPRESENTATION_CONTEXT(2) 
PARAMETRIC_REPRESENTATION_CONTEXT() REPRESENTATION_CONTEXT('2D SPACE',''
  ) );
#4531 = ORIENTED_EDGE('',*,*,#4532,.F.);
#4532 = EDGE_CURVE('',#4533,#4476,#4535,.T.);
#4533 = VERTEX_POINT('',#4534);
#4534 = CARTESIAN_POINT('',(-1.845263671875,-16.21684570312,2.));
#4535 = SURFACE_CURVE('',#4536,(#4547,#4561),.PCURVE_S1.);
#4536 = B_SPLINE_CURVE_WITH_KNOTS('',5,(#4537,#4538,#4539,#4540,#4541,
    #4542,#4543,#4544,#4545,#4546),.UNSPECIFIED.,.F.,.F.,(6,4,6),(0.,
    0.260466904334,1.),.UNSPECIFIED.);
#4537 = CARTESIAN_POINT('',(-1.845263671875,-16.21684570312,2.));
#4538 = CARTESIAN_POINT('',(-1.87688571253,-16.19802767893,2.));
#4539 = CARTESIAN_POINT('',(-1.90906988017,-16.180406593,2.));
#4540 = CARTESIAN_POINT('',(-1.941801815654,-16.16400174832,2.));
#4541 = CARTESIAN_POINT('',(-1.975064377248,-16.1488269523,2.));
#4542 = CARTESIAN_POINT('',(-2.104728694729,-16.09532136185,2.));
#4543 = CARTESIAN_POINT('',(-2.20474644636,-16.06573090342,2.));
#4544 = CARTESIAN_POINT('',(-2.308410141493,-16.04632264294,2.));
#4545 = CARTESIAN_POINT('',(-2.415150037397,-16.03686523437,2.));
#4546 = CARTESIAN_POINT('',(-2.524365234375,-16.03686523437,2.));
#4547 = PCURVE('',#73,#4548);
#4548 = DEFINITIONAL_REPRESENTATION('',(#4549),#4560);
#4549 = B_SPLINE_CURVE_WITH_KNOTS('',5,(#4550,#4551,#4552,#4553,#4554,
    #4555,#4556,#4557,#4558,#4559),.UNSPECIFIED.,.F.,.F.,(6,4,6),(0.,
    0.260466904334,1.),.UNSPECIFIED.);
#4550 = CARTESIAN_POINT('',(-1.845263671875,-16.21684570312));
#4551 = CARTESIAN_POINT('',(-1.87688571253,-16.19802767893));
#4552 = CARTESIAN_POINT('',(-1.90906988017,-16.180406593));
#4553 = CARTESIAN_POINT('',(-1.941801815654,-16.16400174832));
#4554 = CARTESIAN_POINT('',(-1.975064377248,-16.1488269523));
#4555 = CARTESIAN_POINT('',(-2.104728694729,-16.09532136185));
#4556 = CARTESIAN_POINT('',(-2.20474644636,-16.06573090342));
#4557 = CARTESIAN_POINT('',(-2.308410141493,-16.04632264294));
#4558 = CARTESIAN_POINT('',(-2.415150037397,-16.03686523437));
#4559 = CARTESIAN_POINT('',(-2.524365234375,-16.03686523437));
#4560 = ( GEOMETRIC_REPRESENTATION_CONTEXT(2) 
PARAMETRIC_REPRESENTATION_CONTEXT() REPRESENTATION_CONTEXT('2D SPACE',''
  ) );
#4561 = PCURVE('',#4562,#4569);
#4562 = SURFACE_OF_LINEAR_EXTRUSION('',#4563,#4567);
#4563 = B_SPLINE_CURVE_WITH_KNOTS('',2,(#4564,#4565,#4566),
  .UNSPECIFIED.,.F.,.F.,(3,3),(0.,1.),.PIECEWISE_BEZIER_KNOTS.);
#4564 = CARTESIAN_POINT('',(-2.524365234375,-16.03686523437,1.9));
#4565 = CARTESIAN_POINT('',(-2.147705078125,-16.03686523437,1.9));
#4566 = CARTESIAN_POINT('',(-1.845263671875,-16.21684570312,1.9));
#4567 = VECTOR('',#4568,1.);
#4568 = DIRECTION('',(-0.,-0.,-1.));
#4569 = DEFINITIONAL_REPRESENTATION('',(#4570),#4581);
#4570 = B_SPLINE_CURVE_WITH_KNOTS('',5,(#4571,#4572,#4573,#4574,#4575,
    #4576,#4577,#4578,#4579,#4580),.UNSPECIFIED.,.F.,.F.,(6,4,6),(0.,
    0.260466904334,1.),.UNSPECIFIED.);
#4571 = CARTESIAN_POINT('',(1.,-0.1));
#4572 = CARTESIAN_POINT('',(0.947722038051,-0.1));
#4573 = CARTESIAN_POINT('',(0.89535308666,-0.1));
#4574 = CARTESIAN_POINT('',(0.842922773508,-0.1));
#4575 = CARTESIAN_POINT('',(0.790461411748,-0.1));
#4576 = CARTESIAN_POINT('',(0.589048445744,-0.1));
#4577 = CARTESIAN_POINT('',(0.440081265825,-0.1));
#4578 = CARTESIAN_POINT('',(0.291848037985,-0.1));
#4579 = CARTESIAN_POINT('',(0.144978431041,-0.1));
#4580 = CARTESIAN_POINT('',(0.,-0.1));
#4581 = ( GEOMETRIC_REPRESENTATION_CONTEXT(2) 
PARAMETRIC_REPRESENTATION_CONTEXT() REPRESENTATION_CONTEXT('2D SPACE',''
  ) );
#4582 = ORIENTED_EDGE('',*,*,#4583,.F.);
#4583 = EDGE_CURVE('',#4584,#4533,#4586,.T.);
#4584 = VERTEX_POINT('',#4585);
#4585 = CARTESIAN_POINT('',(-1.3841796875,-16.71875,2.));
#4586 = SURFACE_CURVE('',#4587,(#4598,#4612),.PCURVE_S1.);
#4587 = B_SPLINE_CURVE_WITH_KNOTS('',5,(#4588,#4589,#4590,#4591,#4592,
    #4593,#4594,#4595,#4596,#4597),.UNSPECIFIED.,.F.,.F.,(6,4,6),(0.,
    0.560547859453,1.),.UNSPECIFIED.);
#4588 = CARTESIAN_POINT('',(-1.3841796875,-16.71875,2.));
#4589 = CARTESIAN_POINT('',(-1.419311597309,-16.64745893155,2.));
#4590 = CARTESIAN_POINT('',(-1.459146467443,-16.57991911284,2.));
#4591 = CARTESIAN_POINT('',(-1.503744564167,-16.51645560686,2.));
#4592 = CARTESIAN_POINT('',(-1.553069541581,-16.45732964345,2.));
#4593 = CARTESIAN_POINT('',(-1.64919897105,-16.3598876632,2.));
#4594 = CARTESIAN_POINT('',(-1.694248098812,-16.31983327303,2.));
#4595 = CARTESIAN_POINT('',(-1.742023604361,-16.28262570388,2.));
#4596 = CARTESIAN_POINT('',(-1.792410299831,-16.24829832329,2.));
#4597 = CARTESIAN_POINT('',(-1.845263671875,-16.21684570312,2.));
#4598 = PCURVE('',#73,#4599);
#4599 = DEFINITIONAL_REPRESENTATION('',(#4600),#4611);
#4600 = B_SPLINE_CURVE_WITH_KNOTS('',5,(#4601,#4602,#4603,#4604,#4605,
    #4606,#4607,#4608,#4609,#4610),.UNSPECIFIED.,.F.,.F.,(6,4,6),(0.,
    0.560547859453,1.),.UNSPECIFIED.);
#4601 = CARTESIAN_POINT('',(-1.3841796875,-16.71875));
#4602 = CARTESIAN_POINT('',(-1.419311597309,-16.64745893155));
#4603 = CARTESIAN_POINT('',(-1.459146467443,-16.57991911284));
#4604 = CARTESIAN_POINT('',(-1.503744564167,-16.51645560686));
#4605 = CARTESIAN_POINT('',(-1.553069541581,-16.45732964345));
#4606 = CARTESIAN_POINT('',(-1.64919897105,-16.3598876632));
#4607 = CARTESIAN_POINT('',(-1.694248098812,-16.31983327303));
#4608 = CARTESIAN_POINT('',(-1.742023604361,-16.28262570388));
#4609 = CARTESIAN_POINT('',(-1.792410299831,-16.24829832329));
#4610 = CARTESIAN_POINT('',(-1.845263671875,-16.21684570312));
#4611 = ( GEOMETRIC_REPRESENTATION_CONTEXT(2) 
PARAMETRIC_REPRESENTATION_CONTEXT() REPRESENTATION_CONTEXT('2D SPACE',''
  ) );
#4612 = PCURVE('',#4613,#4620);
#4613 = SURFACE_OF_LINEAR_EXTRUSION('',#4614,#4618);
#4614 = B_SPLINE_CURVE_WITH_KNOTS('',2,(#4615,#4616,#4617),
  .UNSPECIFIED.,.F.,.F.,(3,3),(0.,1.),.PIECEWISE_BEZIER_KNOTS.);
#4615 = CARTESIAN_POINT('',(-1.845263671875,-16.21684570312,1.9));
#4616 = CARTESIAN_POINT('',(-1.542822265625,-16.39682617187,1.9));
#4617 = CARTESIAN_POINT('',(-1.3841796875,-16.71875,1.9));
#4618 = VECTOR('',#4619,1.);
#4619 = DIRECTION('',(-0.,-0.,-1.));
#4620 = DEFINITIONAL_REPRESENTATION('',(#4621),#4632);
#4621 = B_SPLINE_CURVE_WITH_KNOTS('',5,(#4622,#4623,#4624,#4625,#4626,
    #4627,#4628,#4629,#4630,#4631),.UNSPECIFIED.,.F.,.F.,(6,4,6),(0.,
    0.560547859453,1.),.UNSPECIFIED.);
#4622 = CARTESIAN_POINT('',(1.,-0.1));
#4623 = CARTESIAN_POINT('',(0.88927338983,-0.1));
#4624 = CARTESIAN_POINT('',(0.777615754475,-0.1));
#4625 = CARTESIAN_POINT('',(0.665304589851,-0.1));
#4626 = CARTESIAN_POINT('',(0.55265033976,-0.1));
#4627 = CARTESIAN_POINT('',(0.351685626649,-0.1));
#4628 = CARTESIAN_POINT('',(0.263369209451,-0.1));
#4629 = CARTESIAN_POINT('',(0.175215400397,-0.1));
#4630 = CARTESIAN_POINT('',(8.737787047597E-02,-0.1));
#4631 = CARTESIAN_POINT('',(0.,-0.1));
#4632 = ( GEOMETRIC_REPRESENTATION_CONTEXT(2) 
PARAMETRIC_REPRESENTATION_CONTEXT() REPRESENTATION_CONTEXT('2D SPACE',''
  ) );
#4633 = ORIENTED_EDGE('',*,*,#4634,.F.);
#4634 = EDGE_CURVE('',#4635,#4584,#4637,.T.);
#4635 = VERTEX_POINT('',#4636);
#4636 = CARTESIAN_POINT('',(-1.225537109375,-17.44887695312,2.));
#4637 = SURFACE_CURVE('',#4638,(#4649,#4663),.PCURVE_S1.);
#4638 = B_SPLINE_CURVE_WITH_KNOTS('',5,(#4639,#4640,#4641,#4642,#4643,
    #4644,#4645,#4646,#4647,#4648),.UNSPECIFIED.,.F.,.F.,(6,4,6),(0.,
    0.547835112629,1.),.UNSPECIFIED.);
#4639 = CARTESIAN_POINT('',(-1.225537109375,-17.44887695312,2.));
#4640 = CARTESIAN_POINT('',(-1.225537109375,-17.36208816391,2.));
#4641 = CARTESIAN_POINT('',(-1.230019177327,-17.27676069905,2.));
#4642 = CARTESIAN_POINT('',(-1.239184723612,-17.19310886264,2.));
#4643 = CARTESIAN_POINT('',(-1.253197581417,-17.11135850935,2.));
#4644 = CARTESIAN_POINT('',(-1.287775515255,-16.96600821959,2.));
#4645 = CARTESIAN_POINT('',(-1.306769309366,-16.90173034859,2.));
#4646 = CARTESIAN_POINT('',(-1.329168568259,-16.83902176728,2.));
#4647 = CARTESIAN_POINT('',(-1.354983630589,-16.77799579969,2.));
#4648 = CARTESIAN_POINT('',(-1.3841796875,-16.71875,2.));
#4649 = PCURVE('',#73,#4650);
#4650 = DEFINITIONAL_REPRESENTATION('',(#4651),#4662);
#4651 = B_SPLINE_CURVE_WITH_KNOTS('',5,(#4652,#4653,#4654,#4655,#4656,
    #4657,#4658,#4659,#4660,#4661),.UNSPECIFIED.,.F.,.F.,(6,4,6),(0.,
    0.547835112629,1.),.UNSPECIFIED.);
#4652 = CARTESIAN_POINT('',(-1.225537109375,-17.44887695312));
#4653 = CARTESIAN_POINT('',(-1.225537109375,-17.36208816391));
#4654 = CARTESIAN_POINT('',(-1.230019177327,-17.27676069905));
#4655 = CARTESIAN_POINT('',(-1.239184723612,-17.19310886264));
#4656 = CARTESIAN_POINT('',(-1.253197581417,-17.11135850935));
#4657 = CARTESIAN_POINT('',(-1.287775515255,-16.96600821959));
#4658 = CARTESIAN_POINT('',(-1.306769309366,-16.90173034859));
#4659 = CARTESIAN_POINT('',(-1.329168568259,-16.83902176728));
#4660 = CARTESIAN_POINT('',(-1.354983630589,-16.77799579969));
#4661 = CARTESIAN_POINT('',(-1.3841796875,-16.71875));
#4662 = ( GEOMETRIC_REPRESENTATION_CONTEXT(2) 
PARAMETRIC_REPRESENTATION_CONTEXT() REPRESENTATION_CONTEXT('2D SPACE',''
  ) );
#4663 = PCURVE('',#4664,#4671);
#4664 = SURFACE_OF_LINEAR_EXTRUSION('',#4665,#4669);
#4665 = B_SPLINE_CURVE_WITH_KNOTS('',2,(#4666,#4667,#4668),
  .UNSPECIFIED.,.F.,.F.,(3,3),(0.,1.),.PIECEWISE_BEZIER_KNOTS.);
#4666 = CARTESIAN_POINT('',(-1.3841796875,-16.71875,1.9));
#4667 = CARTESIAN_POINT('',(-1.225537109375,-17.04067382812,1.9));
#4668 = CARTESIAN_POINT('',(-1.225537109375,-17.44887695312,1.9));
#4669 = VECTOR('',#4670,1.);
#4670 = DIRECTION('',(-0.,-0.,-1.));
#4671 = DEFINITIONAL_REPRESENTATION('',(#4672),#4683);
#4672 = B_SPLINE_CURVE_WITH_KNOTS('',5,(#4673,#4674,#4675,#4676,#4677,
    #4678,#4679,#4680,#4681,#4682),.UNSPECIFIED.,.F.,.F.,(6,4,6),(0.,
    0.547835112629,1.),.UNSPECIFIED.);
#4673 = CARTESIAN_POINT('',(1.,-0.1));
#4674 = CARTESIAN_POINT('',(0.893694114647,-0.1));
#4675 = CARTESIAN_POINT('',(0.786192388936,-0.1));
#4676 = CARTESIAN_POINT('',(0.677623147586,-0.1));
#4677 = CARTESIAN_POINT('',(0.568153895943,-0.1));
#4678 = CARTESIAN_POINT('',(0.367082636719,-0.1));
#4679 = CARTESIAN_POINT('',(0.275696970332,-0.1));
#4680 = CARTESIAN_POINT('',(0.183964901417,-0.1));
#4681 = CARTESIAN_POINT('',(9.201835111371E-02,-0.1));
#4682 = CARTESIAN_POINT('',(0.,-0.1));
#4683 = ( GEOMETRIC_REPRESENTATION_CONTEXT(2) 
PARAMETRIC_REPRESENTATION_CONTEXT() REPRESENTATION_CONTEXT('2D SPACE',''
  ) );
#4684 = ORIENTED_EDGE('',*,*,#4685,.F.);
#4685 = EDGE_CURVE('',#4686,#4635,#4688,.T.);
#4686 = VERTEX_POINT('',#4687);
#4687 = CARTESIAN_POINT('',(-1.392529296875,-18.18920898437,2.));
#4688 = SURFACE_CURVE('',#4689,(#4700,#4714),.PCURVE_S1.);
#4689 = B_SPLINE_CURVE_WITH_KNOTS('',5,(#4690,#4691,#4692,#4693,#4694,
    #4695,#4696,#4697,#4698,#4699),.UNSPECIFIED.,.F.,.F.,(6,4,6),(0.,
    0.496226703305,1.),.UNSPECIFIED.);
#4690 = CARTESIAN_POINT('',(-1.392529296875,-18.18920898437,2.));
#4691 = CARTESIAN_POINT('',(-1.358854980046,-18.12335698702,2.));
#4692 = CARTESIAN_POINT('',(-1.329430592268,-18.05530014553,2.));
#4693 = CARTESIAN_POINT('',(-1.304321038591,-17.98517259905,2.));
#4694 = CARTESIAN_POINT('',(-1.283517433266,-17.91313419679,2.));
#4695 = CARTESIAN_POINT('',(-1.250134317621,-17.76447133235,2.));
#4696 = CARTESIAN_POINT('',(-1.237684209899,-17.68779147864,2.));
#4697 = CARTESIAN_POINT('',(-1.229530373895,-17.60950895564,2.));
#4698 = CARTESIAN_POINT('',(-1.225537109375,-17.52981131304,2.));
#4699 = CARTESIAN_POINT('',(-1.225537109375,-17.44887695312,2.));
#4700 = PCURVE('',#73,#4701);
#4701 = DEFINITIONAL_REPRESENTATION('',(#4702),#4713);
#4702 = B_SPLINE_CURVE_WITH_KNOTS('',5,(#4703,#4704,#4705,#4706,#4707,
    #4708,#4709,#4710,#4711,#4712),.UNSPECIFIED.,.F.,.F.,(6,4,6),(0.,
    0.496226703305,1.),.UNSPECIFIED.);
#4703 = CARTESIAN_POINT('',(-1.392529296875,-18.18920898437));
#4704 = CARTESIAN_POINT('',(-1.358854980046,-18.12335698702));
#4705 = CARTESIAN_POINT('',(-1.329430592268,-18.05530014553));
#4706 = CARTESIAN_POINT('',(-1.304321038591,-17.98517259905));
#4707 = CARTESIAN_POINT('',(-1.283517433266,-17.91313419679));
#4708 = CARTESIAN_POINT('',(-1.250134317621,-17.76447133235));
#4709 = CARTESIAN_POINT('',(-1.237684209899,-17.68779147864));
#4710 = CARTESIAN_POINT('',(-1.229530373895,-17.60950895564));
#4711 = CARTESIAN_POINT('',(-1.225537109375,-17.52981131304));
#4712 = CARTESIAN_POINT('',(-1.225537109375,-17.44887695312));
#4713 = ( GEOMETRIC_REPRESENTATION_CONTEXT(2) 
PARAMETRIC_REPRESENTATION_CONTEXT() REPRESENTATION_CONTEXT('2D SPACE',''
  ) );
#4714 = PCURVE('',#4715,#4722);
#4715 = SURFACE_OF_LINEAR_EXTRUSION('',#4716,#4720);
#4716 = B_SPLINE_CURVE_WITH_KNOTS('',2,(#4717,#4718,#4719),
  .UNSPECIFIED.,.F.,.F.,(3,3),(0.,1.),.PIECEWISE_BEZIER_KNOTS.);
#4717 = CARTESIAN_POINT('',(-1.225537109375,-17.44887695312,1.9));
#4718 = CARTESIAN_POINT('',(-1.225537109375,-17.86264648437,1.9));
#4719 = CARTESIAN_POINT('',(-1.392529296875,-18.18920898437,1.9));
#4720 = VECTOR('',#4721,1.);
#4721 = DIRECTION('',(-0.,-0.,-1.));
#4722 = DEFINITIONAL_REPRESENTATION('',(#4723),#4734);
#4723 = B_SPLINE_CURVE_WITH_KNOTS('',5,(#4724,#4725,#4726,#4727,#4728,
    #4729,#4730,#4731,#4732,#4733),.UNSPECIFIED.,.F.,.F.,(6,4,6),(0.,
    0.496226703305,1.),.UNSPECIFIED.);
#4724 = CARTESIAN_POINT('',(1.,-0.1));
#4725 = CARTESIAN_POINT('',(0.899173975342,-0.1));
#4726 = CARTESIAN_POINT('',(0.798365548964,-0.1));
#4727 = CARTESIAN_POINT('',(0.69777777351,-0.1));
#4728 = CARTESIAN_POINT('',(0.597598203719,-0.1));
#4729 = CARTESIAN_POINT('',(0.396887111277,-0.1));
#4730 = CARTESIAN_POINT('',(0.296370313454,-0.1));
#4731 = CARTESIAN_POINT('',(0.196628028052,-0.1));
#4732 = CARTESIAN_POINT('',(9.780125626648E-02,-0.1));
#4733 = CARTESIAN_POINT('',(0.,-0.1));
#4734 = ( GEOMETRIC_REPRESENTATION_CONTEXT(2) 
PARAMETRIC_REPRESENTATION_CONTEXT() REPRESENTATION_CONTEXT('2D SPACE',''
  ) );
#4735 = ORIENTED_EDGE('',*,*,#4736,.F.);
#4736 = EDGE_CURVE('',#4737,#4686,#4739,.T.);
#4737 = VERTEX_POINT('',#4738);
#4738 = CARTESIAN_POINT('',(-1.865673828125,-18.68369140625,2.));
#4739 = SURFACE_CURVE('',#4740,(#4751,#4765),.PCURVE_S1.);
#4740 = B_SPLINE_CURVE_WITH_KNOTS('',5,(#4741,#4742,#4743,#4744,#4745,
    #4746,#4747,#4748,#4749,#4750),.UNSPECIFIED.,.F.,.F.,(6,4,6),(0.,
    0.356708029088,1.),.UNSPECIFIED.);
#4741 = CARTESIAN_POINT('',(-1.865673828125,-18.68369140625,2.));
#4742 = CARTESIAN_POINT('',(-1.822058339943,-18.65976897182,2.));
#4743 = CARTESIAN_POINT('',(-1.780040811256,-18.63374265444,2.));
#4744 = CARTESIAN_POINT('',(-1.739701825792,-18.60561006089,2.));
#4745 = CARTESIAN_POINT('',(-1.701106417843,-18.57539119844,2.));
#4746 = CARTESIAN_POINT('',(-1.59793423618,-18.48494545288,2.));
#4747 = CARTESIAN_POINT('',(-1.537389154381,-18.42011007714,2.));
#4748 = CARTESIAN_POINT('',(-1.482970048793,-18.34888188463,2.));
#4749 = CARTESIAN_POINT('',(-1.434723733824,-18.27172254996,2.));
#4750 = CARTESIAN_POINT('',(-1.392529296875,-18.18920898437,2.));
#4751 = PCURVE('',#73,#4752);
#4752 = DEFINITIONAL_REPRESENTATION('',(#4753),#4764);
#4753 = B_SPLINE_CURVE_WITH_KNOTS('',5,(#4754,#4755,#4756,#4757,#4758,
    #4759,#4760,#4761,#4762,#4763),.UNSPECIFIED.,.F.,.F.,(6,4,6),(0.,
    0.356708029088,1.),.UNSPECIFIED.);
#4754 = CARTESIAN_POINT('',(-1.865673828125,-18.68369140625));
#4755 = CARTESIAN_POINT('',(-1.822058339943,-18.65976897182));
#4756 = CARTESIAN_POINT('',(-1.780040811256,-18.63374265444));
#4757 = CARTESIAN_POINT('',(-1.739701825792,-18.60561006089));
#4758 = CARTESIAN_POINT('',(-1.701106417843,-18.57539119844));
#4759 = CARTESIAN_POINT('',(-1.59793423618,-18.48494545288));
#4760 = CARTESIAN_POINT('',(-1.537389154381,-18.42011007714));
#4761 = CARTESIAN_POINT('',(-1.482970048793,-18.34888188463));
#4762 = CARTESIAN_POINT('',(-1.434723733824,-18.27172254996));
#4763 = CARTESIAN_POINT('',(-1.392529296875,-18.18920898437));
#4764 = ( GEOMETRIC_REPRESENTATION_CONTEXT(2) 
PARAMETRIC_REPRESENTATION_CONTEXT() REPRESENTATION_CONTEXT('2D SPACE',''
  ) );
#4765 = PCURVE('',#4766,#4773);
#4766 = SURFACE_OF_LINEAR_EXTRUSION('',#4767,#4771);
#4767 = B_SPLINE_CURVE_WITH_KNOTS('',2,(#4768,#4769,#4770),
  .UNSPECIFIED.,.F.,.F.,(3,3),(0.,1.),.PIECEWISE_BEZIER_KNOTS.);
#4768 = CARTESIAN_POINT('',(-1.392529296875,-18.18920898437,1.9));
#4769 = CARTESIAN_POINT('',(-1.559521484375,-18.51577148437,1.9));
#4770 = CARTESIAN_POINT('',(-1.865673828125,-18.68369140625,1.9));
#4771 = VECTOR('',#4772,1.);
#4772 = DIRECTION('',(-0.,-0.,-1.));
#4773 = DEFINITIONAL_REPRESENTATION('',(#4774),#4785);
#4774 = B_SPLINE_CURVE_WITH_KNOTS('',5,(#4775,#4776,#4777,#4778,#4779,
    #4780,#4781,#4782,#4783,#4784),.UNSPECIFIED.,.F.,.F.,(6,4,6),(0.,
    0.356708029088,1.),.UNSPECIFIED.);
#4775 = CARTESIAN_POINT('',(1.,-0.1));
#4776 = CARTESIAN_POINT('',(0.928768325521,-0.1));
#4777 = CARTESIAN_POINT('',(0.857263686455,-0.1));
#4778 = CARTESIAN_POINT('',(0.78557262413,-0.1));
#4779 = CARTESIAN_POINT('',(0.713786200872,-0.1));
#4780 = CARTESIAN_POINT('',(0.512539817225,-0.1));
#4781 = CARTESIAN_POINT('',(0.383067898002,-0.1));
#4782 = CARTESIAN_POINT('',(0.254167421719,-0.1));
#4783 = CARTESIAN_POINT('',(0.126336559753,-0.1));
#4784 = CARTESIAN_POINT('',(0.,-0.1));
#4785 = ( GEOMETRIC_REPRESENTATION_CONTEXT(2) 
PARAMETRIC_REPRESENTATION_CONTEXT() REPRESENTATION_CONTEXT('2D SPACE',''
  ) );
#4786 = ORIENTED_EDGE('',*,*,#4787,.F.);
#4787 = EDGE_CURVE('',#4788,#4737,#4790,.T.);
#4788 = VERTEX_POINT('',#4789);
#4789 = CARTESIAN_POINT('',(-2.526220703125,-18.85161132812,2.));
#4790 = SURFACE_CURVE('',#4791,(#4802,#4816),.PCURVE_S1.);
#4791 = B_SPLINE_CURVE_WITH_KNOTS('',5,(#4792,#4793,#4794,#4795,#4796,
    #4797,#4798,#4799,#4800,#4801),.UNSPECIFIED.,.F.,.F.,(6,4,6),(0.,
    0.560407156774,1.),.UNSPECIFIED.);
#4792 = CARTESIAN_POINT('',(-2.526220703125,-18.85161132812,2.));
#4793 = CARTESIAN_POINT('',(-2.447514884322,-18.85161132812,2.));
#4794 = CARTESIAN_POINT('',(-2.369796790513,-18.84643500994,2.));
#4795 = CARTESIAN_POINT('',(-2.293257474711,-18.83595092746,2.));
#4796 = CARTESIAN_POINT('',(-2.218078647802,-18.82010691273,2.));
#4797 = CARTESIAN_POINT('',(-2.086654434555,-18.78235708771,2.));
#4798 = CARTESIAN_POINT('',(-2.029819765342,-18.76249373737,2.));
#4799 = CARTESIAN_POINT('',(-1.974003076674,-18.73938534843,2.));
#4800 = CARTESIAN_POINT('',(-1.919270307219,-18.71308826296,2.));
#4801 = CARTESIAN_POINT('',(-1.865673828125,-18.68369140625,2.));
#4802 = PCURVE('',#73,#4803);
#4803 = DEFINITIONAL_REPRESENTATION('',(#4804),#4815);
#4804 = B_SPLINE_CURVE_WITH_KNOTS('',5,(#4805,#4806,#4807,#4808,#4809,
    #4810,#4811,#4812,#4813,#4814),.UNSPECIFIED.,.F.,.F.,(6,4,6),(0.,
    0.560407156774,1.),.UNSPECIFIED.);
#4805 = CARTESIAN_POINT('',(-2.526220703125,-18.85161132812));
#4806 = CARTESIAN_POINT('',(-2.447514884322,-18.85161132812));
#4807 = CARTESIAN_POINT('',(-2.369796790513,-18.84643500994));
#4808 = CARTESIAN_POINT('',(-2.293257474711,-18.83595092746));
#4809 = CARTESIAN_POINT('',(-2.218078647802,-18.82010691273));
#4810 = CARTESIAN_POINT('',(-2.086654434555,-18.78235708771));
#4811 = CARTESIAN_POINT('',(-2.029819765342,-18.76249373737));
#4812 = CARTESIAN_POINT('',(-1.974003076674,-18.73938534843));
#4813 = CARTESIAN_POINT('',(-1.919270307219,-18.71308826296));
#4814 = CARTESIAN_POINT('',(-1.865673828125,-18.68369140625));
#4815 = ( GEOMETRIC_REPRESENTATION_CONTEXT(2) 
PARAMETRIC_REPRESENTATION_CONTEXT() REPRESENTATION_CONTEXT('2D SPACE',''
  ) );
#4816 = PCURVE('',#4817,#4824);
#4817 = SURFACE_OF_LINEAR_EXTRUSION('',#4818,#4822);
#4818 = B_SPLINE_CURVE_WITH_KNOTS('',2,(#4819,#4820,#4821),
  .UNSPECIFIED.,.F.,.F.,(3,3),(0.,1.),.PIECEWISE_BEZIER_KNOTS.);
#4819 = CARTESIAN_POINT('',(-1.865673828125,-18.68369140625,1.9));
#4820 = CARTESIAN_POINT('',(-2.171826171875,-18.85161132812,1.9));
#4821 = CARTESIAN_POINT('',(-2.526220703125,-18.85161132812,1.9));
#4822 = VECTOR('',#4823,1.);
#4823 = DIRECTION('',(-0.,-0.,-1.));
#4824 = DEFINITIONAL_REPRESENTATION('',(#4825),#4836);
#4825 = B_SPLINE_CURVE_WITH_KNOTS('',5,(#4826,#4827,#4828,#4829,#4830,
    #4831,#4832,#4833,#4834,#4835),.UNSPECIFIED.,.F.,.F.,(6,4,6),(0.,
    0.560407156774,1.),.UNSPECIFIED.);
#4826 = CARTESIAN_POINT('',(1.,-0.1));
#4827 = CARTESIAN_POINT('',(0.888957345751,-0.1));
#4828 = CARTESIAN_POINT('',(0.777210117929,-0.1));
#4829 = CARTESIAN_POINT('',(0.664974586081,-0.1));
#4830 = CARTESIAN_POINT('',(0.552485973089,-0.1));
#4831 = CARTESIAN_POINT('',(0.351764101982,-0.1));
#4832 = CARTESIAN_POINT('',(0.263527318419,-0.1));
#4833 = CARTESIAN_POINT('',(0.175411451313,-0.1));
#4834 = CARTESIAN_POINT('',(8.753236777105E-02,-0.1));
#4835 = CARTESIAN_POINT('',(0.,-0.1));
#4836 = ( GEOMETRIC_REPRESENTATION_CONTEXT(2) 
PARAMETRIC_REPRESENTATION_CONTEXT() REPRESENTATION_CONTEXT('2D SPACE',''
  ) );
#4837 = ORIENTED_EDGE('',*,*,#4838,.F.);
#4838 = EDGE_CURVE('',#4839,#4788,#4841,.T.);
#4839 = VERTEX_POINT('',#4840);
#4840 = CARTESIAN_POINT('',(-3.212744140625,-18.66606445312,2.));
#4841 = SURFACE_CURVE('',#4842,(#4853,#4867),.PCURVE_S1.);
#4842 = B_SPLINE_CURVE_WITH_KNOTS('',5,(#4843,#4844,#4845,#4846,#4847,
    #4848,#4849,#4850,#4851,#4852),.UNSPECIFIED.,.F.,.F.,(6,4,6),(0.,
    0.234300128389,1.),.UNSPECIFIED.);
#4843 = CARTESIAN_POINT('',(-3.212744140625,-18.66606445312,2.));
#4844 = CARTESIAN_POINT('',(-3.184252040574,-18.6835442691,2.));
#4845 = CARTESIAN_POINT('',(-3.155263602428,-18.70002158076,2.));
#4846 = CARTESIAN_POINT('',(-3.125790206262,-18.71548136248,2.));
#4847 = CARTESIAN_POINT('',(-3.095845368243,-18.7299126138,2.));
#4848 = CARTESIAN_POINT('',(-2.966094574562,-18.78708605908,2.));
#4849 = CARTESIAN_POINT('',(-2.861863846908,-18.81981029494,2.));
#4850 = CARTESIAN_POINT('',(-2.753333129577,-18.84121756145,2.));
#4851 = CARTESIAN_POINT('',(-2.641206160538,-18.85161132812,2.));
#4852 = CARTESIAN_POINT('',(-2.526220703125,-18.85161132812,2.));
#4853 = PCURVE('',#73,#4854);
#4854 = DEFINITIONAL_REPRESENTATION('',(#4855),#4866);
#4855 = B_SPLINE_CURVE_WITH_KNOTS('',5,(#4856,#4857,#4858,#4859,#4860,
    #4861,#4862,#4863,#4864,#4865),.UNSPECIFIED.,.F.,.F.,(6,4,6),(0.,
    0.234300128389,1.),.UNSPECIFIED.);
#4856 = CARTESIAN_POINT('',(-3.212744140625,-18.66606445312));
#4857 = CARTESIAN_POINT('',(-3.184252040574,-18.6835442691));
#4858 = CARTESIAN_POINT('',(-3.155263602428,-18.70002158076));
#4859 = CARTESIAN_POINT('',(-3.125790206262,-18.71548136248));
#4860 = CARTESIAN_POINT('',(-3.095845368243,-18.7299126138));
#4861 = CARTESIAN_POINT('',(-2.966094574562,-18.78708605908));
#4862 = CARTESIAN_POINT('',(-2.861863846908,-18.81981029494));
#4863 = CARTESIAN_POINT('',(-2.753333129577,-18.84121756145));
#4864 = CARTESIAN_POINT('',(-2.641206160538,-18.85161132812));
#4865 = CARTESIAN_POINT('',(-2.526220703125,-18.85161132812));
#4866 = ( GEOMETRIC_REPRESENTATION_CONTEXT(2) 
PARAMETRIC_REPRESENTATION_CONTEXT() REPRESENTATION_CONTEXT('2D SPACE',''
  ) );
#4867 = PCURVE('',#4868,#4875);
#4868 = SURFACE_OF_LINEAR_EXTRUSION('',#4869,#4873);
#4869 = B_SPLINE_CURVE_WITH_KNOTS('',2,(#4870,#4871,#4872),
  .UNSPECIFIED.,.F.,.F.,(3,3),(0.,1.),.PIECEWISE_BEZIER_KNOTS.);
#4870 = CARTESIAN_POINT('',(-2.526220703125,-18.85161132812,1.9));
#4871 = CARTESIAN_POINT('',(-2.910302734375,-18.85161132812,1.9));
#4872 = CARTESIAN_POINT('',(-3.212744140625,-18.66606445312,1.9));
#4873 = VECTOR('',#4874,1.);
#4874 = DIRECTION('',(-0.,-0.,-1.));
#4875 = DEFINITIONAL_REPRESENTATION('',(#4876),#4887);
#4876 = B_SPLINE_CURVE_WITH_KNOTS('',5,(#4877,#4878,#4879,#4880,#4881,
    #4882,#4883,#4884,#4885,#4886),.UNSPECIFIED.,.F.,.F.,(6,4,6),(0.,
    0.234300128389,1.),.UNSPECIFIED.);
#4877 = CARTESIAN_POINT('',(1.,-0.1));
#4878 = CARTESIAN_POINT('',(0.95289649588,-0.1));
#4879 = CARTESIAN_POINT('',(0.905721084997,-0.1));
#4880 = CARTESIAN_POINT('',(0.858497188573,-0.1));
#4881 = CARTESIAN_POINT('',(0.811248703032,-0.1));
#4882 = CARTESIAN_POINT('',(0.609589816385,-0.1));
#4883 = CARTESIAN_POINT('',(0.455157453273,-0.1));
#4884 = CARTESIAN_POINT('',(0.301609636661,-0.1));
#4885 = CARTESIAN_POINT('',(0.149688670724,-0.1));
#4886 = CARTESIAN_POINT('',(0.,-0.1));
#4887 = ( GEOMETRIC_REPRESENTATION_CONTEXT(2) 
PARAMETRIC_REPRESENTATION_CONTEXT() REPRESENTATION_CONTEXT('2D SPACE',''
  ) );
#4888 = ORIENTED_EDGE('',*,*,#4889,.F.);
#4889 = EDGE_CURVE('',#4890,#4839,#4892,.T.);
#4890 = VERTEX_POINT('',#4891);
#4891 = CARTESIAN_POINT('',(-3.671044921875,-18.15952148437,2.));
#4892 = SURFACE_CURVE('',#4893,(#4904,#4918),.PCURVE_S1.);
#4893 = B_SPLINE_CURVE_WITH_KNOTS('',5,(#4894,#4895,#4896,#4897,#4898,
    #4899,#4900,#4901,#4902,#4903),.UNSPECIFIED.,.F.,.F.,(6,4,6),(0.,
    0.518160055765,1.),.UNSPECIFIED.);
#4894 = CARTESIAN_POINT('',(-3.671044921875,-18.15952148437,2.));
#4895 = CARTESIAN_POINT('',(-3.639057754641,-18.22539981689,2.));
#4896 = CARTESIAN_POINT('',(-3.602986433671,-18.28817672594,2.));
#4897 = CARTESIAN_POINT('',(-3.562790677979,-18.34761047488,2.));
#4898 = CARTESIAN_POINT('',(-3.518501782263,-18.40350542301,2.));
#4899 = CARTESIAN_POINT('',(-3.425367143064,-18.50429230871,2.));
#4900 = CARTESIAN_POINT('',(-3.377056112803,-18.54968335449,2.));
#4901 = CARTESIAN_POINT('',(-3.325408001815,-18.59179555982,2.));
#4902 = CARTESIAN_POINT('',(-3.27057357885,-18.63058627016,2.));
#4903 = CARTESIAN_POINT('',(-3.212744140625,-18.66606445312,2.));
#4904 = PCURVE('',#73,#4905);
#4905 = DEFINITIONAL_REPRESENTATION('',(#4906),#4917);
#4906 = B_SPLINE_CURVE_WITH_KNOTS('',5,(#4907,#4908,#4909,#4910,#4911,
    #4912,#4913,#4914,#4915,#4916),.UNSPECIFIED.,.F.,.F.,(6,4,6),(0.,
    0.518160055765,1.),.UNSPECIFIED.);
#4907 = CARTESIAN_POINT('',(-3.671044921875,-18.15952148437));
#4908 = CARTESIAN_POINT('',(-3.639057754641,-18.22539981689));
#4909 = CARTESIAN_POINT('',(-3.602986433671,-18.28817672594));
#4910 = CARTESIAN_POINT('',(-3.562790677979,-18.34761047488));
#4911 = CARTESIAN_POINT('',(-3.518501782263,-18.40350542301));
#4912 = CARTESIAN_POINT('',(-3.425367143064,-18.50429230871));
#4913 = CARTESIAN_POINT('',(-3.377056112803,-18.54968335449));
#4914 = CARTESIAN_POINT('',(-3.325408001815,-18.59179555982));
#4915 = CARTESIAN_POINT('',(-3.27057357885,-18.63058627016));
#4916 = CARTESIAN_POINT('',(-3.212744140625,-18.66606445312));
#4917 = ( GEOMETRIC_REPRESENTATION_CONTEXT(2) 
PARAMETRIC_REPRESENTATION_CONTEXT() REPRESENTATION_CONTEXT('2D SPACE',''
  ) );
#4918 = PCURVE('',#4919,#4926);
#4919 = SURFACE_OF_LINEAR_EXTRUSION('',#4920,#4924);
#4920 = B_SPLINE_CURVE_WITH_KNOTS('',2,(#4921,#4922,#4923),
  .UNSPECIFIED.,.F.,.F.,(3,3),(0.,1.),.PIECEWISE_BEZIER_KNOTS.);
#4921 = CARTESIAN_POINT('',(-3.212744140625,-18.66606445312,1.9));
#4922 = CARTESIAN_POINT('',(-3.515185546875,-18.48051757812,1.9));
#4923 = CARTESIAN_POINT('',(-3.671044921875,-18.15952148437,1.9));
#4924 = VECTOR('',#4925,1.);
#4925 = DIRECTION('',(-0.,-0.,-1.));
#4926 = DEFINITIONAL_REPRESENTATION('',(#4927),#4938);
#4927 = B_SPLINE_CURVE_WITH_KNOTS('',5,(#4928,#4929,#4930,#4931,#4932,
    #4933,#4934,#4935,#4936,#4937),.UNSPECIFIED.,.F.,.F.,(6,4,6),(0.,
    0.518160055765,1.),.UNSPECIFIED.);
#4928 = CARTESIAN_POINT('',(1.,-0.1));
#4929 = CARTESIAN_POINT('',(0.897384526166,-0.1));
#4930 = CARTESIAN_POINT('',(0.794045917631,-0.1));
#4931 = CARTESIAN_POINT('',(0.690204074418,-0.1));
#4932 = CARTESIAN_POINT('',(0.586100448022,-0.1));
#4933 = CARTESIAN_POINT('',(0.38519640908,-0.1));
#4934 = CARTESIAN_POINT('',(0.288390613813,-0.1));
#4935 = CARTESIAN_POINT('',(0.191794712443,-0.1));
#4936 = CARTESIAN_POINT('',(9.560436671352E-02,-0.1));
#4937 = CARTESIAN_POINT('',(0.,-0.1));
#4938 = ( GEOMETRIC_REPRESENTATION_CONTEXT(2) 
PARAMETRIC_REPRESENTATION_CONTEXT() REPRESENTATION_CONTEXT('2D SPACE',''
  ) );
#4939 = ORIENTED_EDGE('',*,*,#4940,.F.);
#4940 = EDGE_CURVE('',#4404,#4890,#4941,.T.);
#4941 = SURFACE_CURVE('',#4942,(#4953,#4967),.PCURVE_S1.);
#4942 = B_SPLINE_CURVE_WITH_KNOTS('',5,(#4943,#4944,#4945,#4946,#4947,
    #4948,#4949,#4950,#4951,#4952),.UNSPECIFIED.,.F.,.F.,(6,4,6),(0.,
    0.519097084626,1.),.UNSPECIFIED.);
#4943 = CARTESIAN_POINT('',(-3.826904296875,-17.48041992187,2.));
#4944 = CARTESIAN_POINT('',(-3.826904296875,-17.55430942293,2.));
#4945 = CARTESIAN_POINT('',(-3.822757088093,-17.62754729223,2.));
#4946 = CARTESIAN_POINT('',(-3.814387244012,-17.70000966221,2.));
#4947 = CARTESIAN_POINT('',(-3.801766365942,-17.77157735166,2.));
#4948 = CARTESIAN_POINT('',(-3.769316740091,-17.90750612203,2.));
#4949 = CARTESIAN_POINT('',(-3.7500860555,-17.97201130504,2.));
#4950 = CARTESIAN_POINT('',(-3.727252242205,-18.03556402971,2.));
#4951 = CARTESIAN_POINT('',(-3.700873725924,-18.09808835222,2.));
#4952 = CARTESIAN_POINT('',(-3.671044921875,-18.15952148437,2.));
#4953 = PCURVE('',#73,#4954);
#4954 = DEFINITIONAL_REPRESENTATION('',(#4955),#4966);
#4955 = B_SPLINE_CURVE_WITH_KNOTS('',5,(#4956,#4957,#4958,#4959,#4960,
    #4961,#4962,#4963,#4964,#4965),.UNSPECIFIED.,.F.,.F.,(6,4,6),(0.,
    0.519097084626,1.),.UNSPECIFIED.);
#4956 = CARTESIAN_POINT('',(-3.826904296875,-17.48041992187));
#4957 = CARTESIAN_POINT('',(-3.826904296875,-17.55430942293));
#4958 = CARTESIAN_POINT('',(-3.822757088093,-17.62754729223));
#4959 = CARTESIAN_POINT('',(-3.814387244012,-17.70000966221));
#4960 = CARTESIAN_POINT('',(-3.801766365942,-17.77157735166));
#4961 = CARTESIAN_POINT('',(-3.769316740091,-17.90750612203));
#4962 = CARTESIAN_POINT('',(-3.7500860555,-17.97201130504));
#4963 = CARTESIAN_POINT('',(-3.727252242205,-18.03556402971));
#4964 = CARTESIAN_POINT('',(-3.700873725924,-18.09808835222));
#4965 = CARTESIAN_POINT('',(-3.671044921875,-18.15952148437));
#4966 = ( GEOMETRIC_REPRESENTATION_CONTEXT(2) 
PARAMETRIC_REPRESENTATION_CONTEXT() REPRESENTATION_CONTEXT('2D SPACE',''
  ) );
#4967 = PCURVE('',#4968,#4975);
#4968 = SURFACE_OF_LINEAR_EXTRUSION('',#4969,#4973);
#4969 = B_SPLINE_CURVE_WITH_KNOTS('',2,(#4970,#4971,#4972),
  .UNSPECIFIED.,.F.,.F.,(3,3),(0.,1.),.PIECEWISE_BEZIER_KNOTS.);
#4970 = CARTESIAN_POINT('',(-3.671044921875,-18.15952148437,1.9));
#4971 = CARTESIAN_POINT('',(-3.826904296875,-17.83852539062,1.9));
#4972 = CARTESIAN_POINT('',(-3.826904296875,-17.48041992187,1.9));
#4973 = VECTOR('',#4974,1.);
#4974 = DIRECTION('',(-0.,-0.,-1.));
#4975 = DEFINITIONAL_REPRESENTATION('',(#4976),#4987);
#4976 = B_SPLINE_CURVE_WITH_KNOTS('',5,(#4977,#4978,#4979,#4980,#4981,
    #4982,#4983,#4984,#4985,#4986),.UNSPECIFIED.,.F.,.F.,(6,4,6),(0.,
    0.519097084626,1.),.UNSPECIFIED.);
#4977 = CARTESIAN_POINT('',(1.,-0.1));
#4978 = CARTESIAN_POINT('',(0.896832766449,-0.1));
#4979 = CARTESIAN_POINT('',(0.793196678144,-0.1));
#4980 = CARTESIAN_POINT('',(0.689239608934,-0.1));
#4981 = CARTESIAN_POINT('',(0.585118523214,-0.1));
#4982 = CARTESIAN_POINT('',(0.384542318304,-0.1));
#4983 = CARTESIAN_POINT('',(0.288084817,-0.1));
#4984 = CARTESIAN_POINT('',(0.191759358578,-0.1));
#4985 = CARTESIAN_POINT('',(9.569140146038E-02,-0.1));
#4986 = CARTESIAN_POINT('',(0.,-0.1));
#4987 = ( GEOMETRIC_REPRESENTATION_CONTEXT(2) 
PARAMETRIC_REPRESENTATION_CONTEXT() REPRESENTATION_CONTEXT('2D SPACE',''
  ) );
#4988 = FACE_BOUND('',#4989,.T.);
#4989 = EDGE_LOOP('',(#4990,#5019,#5046,#5073,#5115,#5166,#5217,#5259,
    #5310,#5352,#5379,#5406,#5433,#5475,#5520,#5559,#5610));
#4990 = ORIENTED_EDGE('',*,*,#4991,.F.);
#4991 = EDGE_CURVE('',#4992,#4994,#4996,.T.);
#4992 = VERTEX_POINT('',#4993);
#4993 = CARTESIAN_POINT('',(1.023291015625,-16.08510742187,2.));
#4994 = VERTEX_POINT('',#4995);
#4995 = CARTESIAN_POINT('',(1.023291015625,-17.65483398437,2.));
#4996 = SURFACE_CURVE('',#4997,(#5001,#5008),.PCURVE_S1.);
#4997 = LINE('',#4998,#4999);
#4998 = CARTESIAN_POINT('',(1.023291015625,-18.95241699218,2.));
#4999 = VECTOR('',#5000,1.);
#5000 = DIRECTION('',(0.,-1.,0.));
#5001 = PCURVE('',#73,#5002);
#5002 = DEFINITIONAL_REPRESENTATION('',(#5003),#5007);
#5003 = LINE('',#5004,#5005);
#5004 = CARTESIAN_POINT('',(1.023291015625,-18.95241699218));
#5005 = VECTOR('',#5006,1.);
#5006 = DIRECTION('',(0.,-1.));
#5007 = ( GEOMETRIC_REPRESENTATION_CONTEXT(2) 
PARAMETRIC_REPRESENTATION_CONTEXT() REPRESENTATION_CONTEXT('2D SPACE',''
  ) );
#5008 = PCURVE('',#5009,#5014);
#5009 = PLANE('',#5010);
#5010 = AXIS2_PLACEMENT_3D('',#5011,#5012,#5013);
#5011 = CARTESIAN_POINT('',(1.023291015625,-17.65483398437,1.9));
#5012 = DIRECTION('',(-1.,0.,0.));
#5013 = DIRECTION('',(0.,1.,0.));
#5014 = DEFINITIONAL_REPRESENTATION('',(#5015),#5018);
#5015 = B_SPLINE_CURVE_WITH_KNOTS('',1,(#5016,#5017),.UNSPECIFIED.,.F.,
  .F.,(2,2),(-2.867309570313,-1.297583007813),.PIECEWISE_BEZIER_KNOTS.);
#5016 = CARTESIAN_POINT('',(1.5697265625,-0.1));
#5017 = CARTESIAN_POINT('',(0.,-0.1));
#5018 = ( GEOMETRIC_REPRESENTATION_CONTEXT(2) 
PARAMETRIC_REPRESENTATION_CONTEXT() REPRESENTATION_CONTEXT('2D SPACE',''
  ) );
#5019 = ORIENTED_EDGE('',*,*,#5020,.F.);
#5020 = EDGE_CURVE('',#5021,#4992,#5023,.T.);
#5021 = VERTEX_POINT('',#5022);
#5022 = CARTESIAN_POINT('',(1.383251953125,-16.08510742187,2.));
#5023 = SURFACE_CURVE('',#5024,(#5028,#5035),.PCURVE_S1.);
#5024 = LINE('',#5025,#5026);
#5025 = CARTESIAN_POINT('',(0.511645507813,-16.08510742187,2.));
#5026 = VECTOR('',#5027,1.);
#5027 = DIRECTION('',(-1.,0.,0.));
#5028 = PCURVE('',#73,#5029);
#5029 = DEFINITIONAL_REPRESENTATION('',(#5030),#5034);
#5030 = LINE('',#5031,#5032);
#5031 = CARTESIAN_POINT('',(0.511645507813,-16.08510742187));
#5032 = VECTOR('',#5033,1.);
#5033 = DIRECTION('',(-1.,0.));
#5034 = ( GEOMETRIC_REPRESENTATION_CONTEXT(2) 
PARAMETRIC_REPRESENTATION_CONTEXT() REPRESENTATION_CONTEXT('2D SPACE',''
  ) );
#5035 = PCURVE('',#5036,#5041);
#5036 = PLANE('',#5037);
#5037 = AXIS2_PLACEMENT_3D('',#5038,#5039,#5040);
#5038 = CARTESIAN_POINT('',(1.023291015625,-16.08510742187,1.9));
#5039 = DIRECTION('',(0.,1.,0.));
#5040 = DIRECTION('',(1.,0.,0.));
#5041 = DEFINITIONAL_REPRESENTATION('',(#5042),#5045);
#5042 = B_SPLINE_CURVE_WITH_KNOTS('',1,(#5043,#5044),.UNSPECIFIED.,.F.,
  .F.,(2,2),(-0.871606445312,-0.511645507813),.PIECEWISE_BEZIER_KNOTS.);
#5043 = CARTESIAN_POINT('',(0.3599609375,-0.1));
#5044 = CARTESIAN_POINT('',(0.,-0.1));
#5045 = ( GEOMETRIC_REPRESENTATION_CONTEXT(2) 
PARAMETRIC_REPRESENTATION_CONTEXT() REPRESENTATION_CONTEXT('2D SPACE',''
  ) );
#5046 = ORIENTED_EDGE('',*,*,#5047,.F.);
#5047 = EDGE_CURVE('',#5048,#5021,#5050,.T.);
#5048 = VERTEX_POINT('',#5049);
#5049 = CARTESIAN_POINT('',(1.383251953125,-17.65668945312,2.));
#5050 = SURFACE_CURVE('',#5051,(#5055,#5062),.PCURVE_S1.);
#5051 = LINE('',#5052,#5053);
#5052 = CARTESIAN_POINT('',(1.383251953125,-18.16755371093,2.));
#5053 = VECTOR('',#5054,1.);
#5054 = DIRECTION('',(0.,1.,0.));
#5055 = PCURVE('',#73,#5056);
#5056 = DEFINITIONAL_REPRESENTATION('',(#5057),#5061);
#5057 = LINE('',#5058,#5059);
#5058 = CARTESIAN_POINT('',(1.383251953125,-18.16755371093));
#5059 = VECTOR('',#5060,1.);
#5060 = DIRECTION('',(0.,1.));
#5061 = ( GEOMETRIC_REPRESENTATION_CONTEXT(2) 
PARAMETRIC_REPRESENTATION_CONTEXT() REPRESENTATION_CONTEXT('2D SPACE',''
  ) );
#5062 = PCURVE('',#5063,#5068);
#5063 = PLANE('',#5064);
#5064 = AXIS2_PLACEMENT_3D('',#5065,#5066,#5067);
#5065 = CARTESIAN_POINT('',(1.383251953125,-16.08510742187,1.9));
#5066 = DIRECTION('',(1.,0.,0.));
#5067 = DIRECTION('',(0.,-1.,0.));
#5068 = DEFINITIONAL_REPRESENTATION('',(#5069),#5072);
#5069 = B_SPLINE_CURVE_WITH_KNOTS('',1,(#5070,#5071),.UNSPECIFIED.,.F.,
  .F.,(2,2),(0.510864257812,2.082446289062),.PIECEWISE_BEZIER_KNOTS.);
#5070 = CARTESIAN_POINT('',(1.57158203125,-0.1));
#5071 = CARTESIAN_POINT('',(0.,-0.1));
#5072 = ( GEOMETRIC_REPRESENTATION_CONTEXT(2) 
PARAMETRIC_REPRESENTATION_CONTEXT() REPRESENTATION_CONTEXT('2D SPACE',''
  ) );
#5073 = ORIENTED_EDGE('',*,*,#5074,.F.);
#5074 = EDGE_CURVE('',#5075,#5048,#5077,.T.);
#5075 = VERTEX_POINT('',#5076);
#5076 = CARTESIAN_POINT('',(1.290478515625,-18.30795898437,2.));
#5077 = SURFACE_CURVE('',#5078,(#5086,#5097),.PCURVE_S1.);
#5078 = B_SPLINE_CURVE_WITH_KNOTS('',6,(#5079,#5080,#5081,#5082,#5083,
    #5084,#5085),.UNSPECIFIED.,.F.,.F.,(7,7),(0.,1.),
  .PIECEWISE_BEZIER_KNOTS.);
#5079 = CARTESIAN_POINT('',(1.290478515625,-18.30795898437,2.));
#5080 = CARTESIAN_POINT('',(1.323478880342,-18.22215803611,2.));
#5081 = CARTESIAN_POINT('',(1.348714910233,-18.12541299357,2.));
#5082 = CARTESIAN_POINT('',(1.366632070528,-18.01912170615,2.));
#5083 = CARTESIAN_POINT('',(1.377917213045,-17.90477288636,2.));
#5084 = CARTESIAN_POINT('',(1.383251953125,-17.78363655094,2.));
#5085 = CARTESIAN_POINT('',(1.383251953125,-17.65668945312,2.));
#5086 = PCURVE('',#73,#5087);
#5087 = DEFINITIONAL_REPRESENTATION('',(#5088),#5096);
#5088 = B_SPLINE_CURVE_WITH_KNOTS('',6,(#5089,#5090,#5091,#5092,#5093,
    #5094,#5095),.UNSPECIFIED.,.F.,.F.,(7,7),(0.,1.),
  .PIECEWISE_BEZIER_KNOTS.);
#5089 = CARTESIAN_POINT('',(1.290478515625,-18.30795898437));
#5090 = CARTESIAN_POINT('',(1.323478880342,-18.22215803611));
#5091 = CARTESIAN_POINT('',(1.348714910233,-18.12541299357));
#5092 = CARTESIAN_POINT('',(1.366632070528,-18.01912170615));
#5093 = CARTESIAN_POINT('',(1.377917213045,-17.90477288636));
#5094 = CARTESIAN_POINT('',(1.383251953125,-17.78363655094));
#5095 = CARTESIAN_POINT('',(1.383251953125,-17.65668945312));
#5096 = ( GEOMETRIC_REPRESENTATION_CONTEXT(2) 
PARAMETRIC_REPRESENTATION_CONTEXT() REPRESENTATION_CONTEXT('2D SPACE',''
  ) );
#5097 = PCURVE('',#5098,#5105);
#5098 = SURFACE_OF_LINEAR_EXTRUSION('',#5099,#5103);
#5099 = B_SPLINE_CURVE_WITH_KNOTS('',2,(#5100,#5101,#5102),
  .UNSPECIFIED.,.F.,.F.,(3,3),(0.,1.),.PIECEWISE_BEZIER_KNOTS.);
#5100 = CARTESIAN_POINT('',(1.383251953125,-17.65668945312,1.9));
#5101 = CARTESIAN_POINT('',(1.383251953125,-18.06674804687,1.9));
#5102 = CARTESIAN_POINT('',(1.290478515625,-18.30795898437,1.9));
#5103 = VECTOR('',#5104,1.);
#5104 = DIRECTION('',(-0.,-0.,-1.));
#5105 = DEFINITIONAL_REPRESENTATION('',(#5106),#5114);
#5106 = B_SPLINE_CURVE_WITH_KNOTS('',6,(#5107,#5108,#5109,#5110,#5111,
    #5112,#5113),.UNSPECIFIED.,.F.,.F.,(7,7),(0.,1.),
  .PIECEWISE_BEZIER_KNOTS.);
#5107 = CARTESIAN_POINT('',(1.,-0.1));
#5108 = CARTESIAN_POINT('',(0.822145402789,-0.1));
#5109 = CARTESIAN_POINT('',(0.648176829624,-0.1));
#5110 = CARTESIAN_POINT('',(0.478810157065,-0.1));
#5111 = CARTESIAN_POINT('',(0.314336370602,-1.E-01));
#5112 = CARTESIAN_POINT('',(0.154791412438,-0.1));
#5113 = CARTESIAN_POINT('',(0.,-0.1));
#5114 = ( GEOMETRIC_REPRESENTATION_CONTEXT(2) 
PARAMETRIC_REPRESENTATION_CONTEXT() REPRESENTATION_CONTEXT('2D SPACE',''
  ) );
#5115 = ORIENTED_EDGE('',*,*,#5116,.F.);
#5116 = EDGE_CURVE('',#5117,#5075,#5119,.T.);
#5117 = VERTEX_POINT('',#5118);
#5118 = CARTESIAN_POINT('',(0.95556640625,-18.700390625,2.));
#5119 = SURFACE_CURVE('',#5120,(#5131,#5145),.PCURVE_S1.);
#5120 = B_SPLINE_CURVE_WITH_KNOTS('',5,(#5121,#5122,#5123,#5124,#5125,
    #5126,#5127,#5128,#5129,#5130),.UNSPECIFIED.,.F.,.F.,(6,4,6),(0.,
    0.743464430873,1.),.UNSPECIFIED.);
#5121 = CARTESIAN_POINT('',(0.95556640625,-18.700390625,2.));
#5122 = CARTESIAN_POINT('',(1.026209200343,-18.65627271144,2.));
#5123 = CARTESIAN_POINT('',(1.089790639315,-18.60681524923,2.));
#5124 = CARTESIAN_POINT('',(1.145663862093,-18.55193392845,2.));
#5125 = CARTESIAN_POINT('',(1.19335042928,-18.49170183998,2.));
#5126 = CARTESIAN_POINT('',(1.246230760203,-18.40391267468,2.));
#5127 = CARTESIAN_POINT('',(1.258800075737,-18.38079131132,2.));
#5128 = CARTESIAN_POINT('',(1.270365718621,-18.35708185538,2.));
#5129 = CARTESIAN_POINT('',(1.280924734213,-18.33279881604,2.));
#5130 = CARTESIAN_POINT('',(1.290478515625,-18.30795898437,2.));
#5131 = PCURVE('',#73,#5132);
#5132 = DEFINITIONAL_REPRESENTATION('',(#5133),#5144);
#5133 = B_SPLINE_CURVE_WITH_KNOTS('',5,(#5134,#5135,#5136,#5137,#5138,
    #5139,#5140,#5141,#5142,#5143),.UNSPECIFIED.,.F.,.F.,(6,4,6),(0.,
    0.743464430873,1.),.UNSPECIFIED.);
#5134 = CARTESIAN_POINT('',(0.95556640625,-18.700390625));
#5135 = CARTESIAN_POINT('',(1.026209200343,-18.65627271144));
#5136 = CARTESIAN_POINT('',(1.089790639315,-18.60681524923));
#5137 = CARTESIAN_POINT('',(1.145663862093,-18.55193392845));
#5138 = CARTESIAN_POINT('',(1.19335042928,-18.49170183998));
#5139 = CARTESIAN_POINT('',(1.246230760203,-18.40391267468));
#5140 = CARTESIAN_POINT('',(1.258800075737,-18.38079131132));
#5141 = CARTESIAN_POINT('',(1.270365718621,-18.35708185538));
#5142 = CARTESIAN_POINT('',(1.280924734213,-18.33279881604));
#5143 = CARTESIAN_POINT('',(1.290478515625,-18.30795898437));
#5144 = ( GEOMETRIC_REPRESENTATION_CONTEXT(2) 
PARAMETRIC_REPRESENTATION_CONTEXT() REPRESENTATION_CONTEXT('2D SPACE',''
  ) );
#5145 = PCURVE('',#5146,#5153);
#5146 = SURFACE_OF_LINEAR_EXTRUSION('',#5147,#5151);
#5147 = B_SPLINE_CURVE_WITH_KNOTS('',2,(#5148,#5149,#5150),
  .UNSPECIFIED.,.F.,.F.,(3,3),(0.,1.),.PIECEWISE_BEZIER_KNOTS.);
#5148 = CARTESIAN_POINT('',(1.290478515625,-18.30795898437,1.9));
#5149 = CARTESIAN_POINT('',(1.197705078125,-18.54916992187,1.9));
#5150 = CARTESIAN_POINT('',(0.95556640625,-18.700390625,1.9));
#5151 = VECTOR('',#5152,1.);
#5152 = DIRECTION('',(-0.,-0.,-1.));
#5153 = DEFINITIONAL_REPRESENTATION('',(#5154),#5165);
#5154 = B_SPLINE_CURVE_WITH_KNOTS('',5,(#5155,#5156,#5157,#5158,#5159,
    #5160,#5161,#5162,#5163,#5164),.UNSPECIFIED.,.F.,.F.,(6,4,6),(0.,
    0.743464430873,1.),.UNSPECIFIED.);
#5155 = CARTESIAN_POINT('',(1.,-0.1));
#5156 = CARTESIAN_POINT('',(0.854127402398,-0.1));
#5157 = CARTESIAN_POINT('',(0.706428531167,-0.1));
#5158 = CARTESIAN_POINT('',(0.557417368485,-0.1));
#5159 = CARTESIAN_POINT('',(0.407702020204,-0.1));
#5160 = CARTESIAN_POINT('',(0.206344680179,-0.1));
#5161 = CARTESIAN_POINT('',(0.154689322891,-0.1));
#5162 = CARTESIAN_POINT('',(0.103061909554,-0.1));
#5163 = CARTESIAN_POINT('',(5.148985350504E-02,-0.1));
#5164 = CARTESIAN_POINT('',(0.,-0.1));
#5165 = ( GEOMETRIC_REPRESENTATION_CONTEXT(2) 
PARAMETRIC_REPRESENTATION_CONTEXT() REPRESENTATION_CONTEXT('2D SPACE',''
  ) );
#5166 = ORIENTED_EDGE('',*,*,#5167,.F.);
#5167 = EDGE_CURVE('',#5168,#5117,#5170,.T.);
#5168 = VERTEX_POINT('',#5169);
#5169 = CARTESIAN_POINT('',(0.320068359375,-18.85161132812,2.));
#5170 = SURFACE_CURVE('',#5171,(#5182,#5196),.PCURVE_S1.);
#5171 = B_SPLINE_CURVE_WITH_KNOTS('',5,(#5172,#5173,#5174,#5175,#5176,
    #5177,#5178,#5179,#5180,#5181),.UNSPECIFIED.,.F.,.F.,(6,4,6),(0.,
    0.555377416005,1.),.UNSPECIFIED.);
#5172 = CARTESIAN_POINT('',(0.320068359375,-18.85161132812,2.));
#5173 = CARTESIAN_POINT('',(0.402502907206,-18.85161132812,2.));
#5174 = CARTESIAN_POINT('',(0.482374044921,-18.84746033263,2.));
#5175 = CARTESIAN_POINT('',(0.559312702037,-18.83883986814,2.));
#5176 = CARTESIAN_POINT('',(0.632887209721,-18.82543393489,2.));
#5177 = CARTESIAN_POINT('',(0.758535383012,-18.79228552206,2.));
#5178 = CARTESIAN_POINT('',(0.811971926365,-18.77433965726,2.));
#5179 = CARTESIAN_POINT('',(0.862756329182,-18.75307580944,2.));
#5180 = CARTESIAN_POINT('',(0.910678002327,-18.72842437917,2.));
#5181 = CARTESIAN_POINT('',(0.95556640625,-18.700390625,2.));
#5182 = PCURVE('',#73,#5183);
#5183 = DEFINITIONAL_REPRESENTATION('',(#5184),#5195);
#5184 = B_SPLINE_CURVE_WITH_KNOTS('',5,(#5185,#5186,#5187,#5188,#5189,
    #5190,#5191,#5192,#5193,#5194),.UNSPECIFIED.,.F.,.F.,(6,4,6),(0.,
    0.555377416005,1.),.UNSPECIFIED.);
#5185 = CARTESIAN_POINT('',(0.320068359375,-18.85161132812));
#5186 = CARTESIAN_POINT('',(0.402502907206,-18.85161132812));
#5187 = CARTESIAN_POINT('',(0.482374044921,-18.84746033263));
#5188 = CARTESIAN_POINT('',(0.559312702037,-18.83883986814));
#5189 = CARTESIAN_POINT('',(0.632887209721,-18.82543393489));
#5190 = CARTESIAN_POINT('',(0.758535383012,-18.79228552206));
#5191 = CARTESIAN_POINT('',(0.811971926365,-18.77433965726));
#5192 = CARTESIAN_POINT('',(0.862756329182,-18.75307580944));
#5193 = CARTESIAN_POINT('',(0.910678002327,-18.72842437917));
#5194 = CARTESIAN_POINT('',(0.95556640625,-18.700390625));
#5195 = ( GEOMETRIC_REPRESENTATION_CONTEXT(2) 
PARAMETRIC_REPRESENTATION_CONTEXT() REPRESENTATION_CONTEXT('2D SPACE',''
  ) );
#5196 = PCURVE('',#5197,#5204);
#5197 = SURFACE_OF_LINEAR_EXTRUSION('',#5198,#5202);
#5198 = B_SPLINE_CURVE_WITH_KNOTS('',2,(#5199,#5200,#5201),
  .UNSPECIFIED.,.F.,.F.,(3,3),(0.,1.),.PIECEWISE_BEZIER_KNOTS.);
#5199 = CARTESIAN_POINT('',(0.95556640625,-18.700390625,1.9));
#5200 = CARTESIAN_POINT('',(0.713427734375,-18.85161132812,1.9));
#5201 = CARTESIAN_POINT('',(0.320068359375,-18.85161132812,1.9));
#5202 = VECTOR('',#5203,1.);
#5203 = DIRECTION('',(-0.,-0.,-1.));
#5204 = DEFINITIONAL_REPRESENTATION('',(#5205),#5216);
#5205 = B_SPLINE_CURVE_WITH_KNOTS('',5,(#5206,#5207,#5208,#5209,#5210,
    #5211,#5212,#5213,#5214,#5215),.UNSPECIFIED.,.F.,.F.,(6,4,6),(0.,
    0.555377416005,1.),.UNSPECIFIED.);
#5206 = CARTESIAN_POINT('',(1.,-0.1));
#5207 = CARTESIAN_POINT('',(0.895217257971,-0.1));
#5208 = CARTESIAN_POINT('',(0.788416532551,-0.1));
#5209 = CARTESIAN_POINT('',(0.679662137654,-0.1));
#5210 = CARTESIAN_POINT('',(0.569101100516,-0.1));
#5211 = CARTESIAN_POINT('',(0.367254397201,-0.1));
#5212 = CARTESIAN_POINT('',(0.276520055163,-0.1));
#5213 = CARTESIAN_POINT('',(0.184939359228,-0.1));
#5214 = CARTESIAN_POINT('',(9.269152171319E-02,-0.1));
#5215 = CARTESIAN_POINT('',(0.,-0.1));
#5216 = ( GEOMETRIC_REPRESENTATION_CONTEXT(2) 
PARAMETRIC_REPRESENTATION_CONTEXT() REPRESENTATION_CONTEXT('2D SPACE',''
  ) );
#5217 = ORIENTED_EDGE('',*,*,#5218,.F.);
#5218 = EDGE_CURVE('',#5219,#5168,#5221,.T.);
#5219 = VERTEX_POINT('',#5220);
#5220 = CARTESIAN_POINT('',(-0.305224609375,-18.71987304687,2.));
#5221 = SURFACE_CURVE('',#5222,(#5230,#5241),.PCURVE_S1.);
#5222 = B_SPLINE_CURVE_WITH_KNOTS('',6,(#5223,#5224,#5225,#5226,#5227,
    #5228,#5229),.UNSPECIFIED.,.F.,.F.,(7,7),(0.,1.),
  .PIECEWISE_BEZIER_KNOTS.);
#5223 = CARTESIAN_POINT('',(-0.305224609375,-18.71987304687,2.));
#5224 = CARTESIAN_POINT('',(-0.220746974652,-18.76565863516,2.));
#5225 = CARTESIAN_POINT('',(-0.127071479236,-18.80141537973,2.));
#5226 = CARTESIAN_POINT('',(-2.508446909744E-02,-18.82725501189,2.));
#5227 = CARTESIAN_POINT('',(8.412201634884E-02,-18.8437444208,2.));
#5228 = CARTESIAN_POINT('',(0.199483415166,-18.85161132812,2.));
#5229 = CARTESIAN_POINT('',(0.320068359375,-18.85161132812,2.));
#5230 = PCURVE('',#73,#5231);
#5231 = DEFINITIONAL_REPRESENTATION('',(#5232),#5240);
#5232 = B_SPLINE_CURVE_WITH_KNOTS('',6,(#5233,#5234,#5235,#5236,#5237,
    #5238,#5239),.UNSPECIFIED.,.F.,.F.,(7,7),(0.,1.),
  .PIECEWISE_BEZIER_KNOTS.);
#5233 = CARTESIAN_POINT('',(-0.305224609375,-18.71987304687));
#5234 = CARTESIAN_POINT('',(-0.220746974652,-18.76565863516));
#5235 = CARTESIAN_POINT('',(-0.127071479236,-18.80141537973));
#5236 = CARTESIAN_POINT('',(-2.508446909744E-02,-18.82725501189));
#5237 = CARTESIAN_POINT('',(8.412201634884E-02,-18.8437444208));
#5238 = CARTESIAN_POINT('',(0.199483415166,-18.85161132812));
#5239 = CARTESIAN_POINT('',(0.320068359375,-18.85161132812));
#5240 = ( GEOMETRIC_REPRESENTATION_CONTEXT(2) 
PARAMETRIC_REPRESENTATION_CONTEXT() REPRESENTATION_CONTEXT('2D SPACE',''
  ) );
#5241 = PCURVE('',#5242,#5249);
#5242 = SURFACE_OF_LINEAR_EXTRUSION('',#5243,#5247);
#5243 = B_SPLINE_CURVE_WITH_KNOTS('',2,(#5244,#5245,#5246),
  .UNSPECIFIED.,.F.,.F.,(3,3),(0.,1.),.PIECEWISE_BEZIER_KNOTS.);
#5244 = CARTESIAN_POINT('',(0.320068359375,-18.85161132812,1.9));
#5245 = CARTESIAN_POINT('',(-6.2158203125E-02,-18.85161132812,1.9));
#5246 = CARTESIAN_POINT('',(-0.305224609375,-18.71987304687,1.9));
#5247 = VECTOR('',#5248,1.);
#5248 = DIRECTION('',(-0.,-0.,-1.));
#5249 = DEFINITIONAL_REPRESENTATION('',(#5250),#5258);
#5250 = B_SPLINE_CURVE_WITH_KNOTS('',6,(#5251,#5252,#5253,#5254,#5255,
    #5256,#5257),.UNSPECIFIED.,.F.,.F.,(7,7),(0.,1.),
  .PIECEWISE_BEZIER_KNOTS.);
#5251 = CARTESIAN_POINT('',(1.,-0.1));
#5252 = CARTESIAN_POINT('',(0.826225194944,-0.1));
#5253 = CARTESIAN_POINT('',(0.654276516641,-0.1));
#5254 = CARTESIAN_POINT('',(0.485159023369,-0.1));
#5255 = CARTESIAN_POINT('',(0.319517899008,-1.E-01));
#5256 = CARTESIAN_POINT('',(0.157740141633,-0.1));
#5257 = CARTESIAN_POINT('',(0.,-0.1));
#5258 = ( GEOMETRIC_REPRESENTATION_CONTEXT(2) 
PARAMETRIC_REPRESENTATION_CONTEXT() REPRESENTATION_CONTEXT('2D SPACE',''
  ) );
#5259 = ORIENTED_EDGE('',*,*,#5260,.F.);
#5260 = EDGE_CURVE('',#5261,#5219,#5263,.T.);
#5261 = VERTEX_POINT('',#5262);
#5262 = CARTESIAN_POINT('',(-0.652197265625,-18.33857421875,2.));
#5263 = SURFACE_CURVE('',#5264,(#5275,#5289),.PCURVE_S1.);
#5264 = B_SPLINE_CURVE_WITH_KNOTS('',5,(#5265,#5266,#5267,#5268,#5269,
    #5270,#5271,#5272,#5273,#5274),.UNSPECIFIED.,.F.,.F.,(6,4,6),(0.,
    0.449566070174,1.),.UNSPECIFIED.);
#5265 = CARTESIAN_POINT('',(-0.652197265625,-18.33857421875,2.));
#5266 = CARTESIAN_POINT('',(-0.633624456607,-18.38318212612,2.));
#5267 = CARTESIAN_POINT('',(-0.612176483621,-18.42566857999,2.));
#5268 = CARTESIAN_POINT('',(-0.587825751941,-18.46591252598,2.));
#5269 = CARTESIAN_POINT('',(-0.56058231719,-18.50381788126,2.));
#5270 = CARTESIAN_POINT('',(-0.493672000328,-18.58278696554,2.));
#5271 = CARTESIAN_POINT('',(-0.452587100881,-18.6226535861,2.));
#5272 = CARTESIAN_POINT('',(-0.407349077493,-18.65879797096,2.));
#5273 = CARTESIAN_POINT('',(-0.358145327627,-18.69119082553,2.));
#5274 = CARTESIAN_POINT('',(-0.305224609375,-18.71987304687,2.));
#5275 = PCURVE('',#73,#5276);
#5276 = DEFINITIONAL_REPRESENTATION('',(#5277),#5288);
#5277 = B_SPLINE_CURVE_WITH_KNOTS('',5,(#5278,#5279,#5280,#5281,#5282,
    #5283,#5284,#5285,#5286,#5287),.UNSPECIFIED.,.F.,.F.,(6,4,6),(0.,
    0.449566070174,1.),.UNSPECIFIED.);
#5278 = CARTESIAN_POINT('',(-0.652197265625,-18.33857421875));
#5279 = CARTESIAN_POINT('',(-0.633624456607,-18.38318212612));
#5280 = CARTESIAN_POINT('',(-0.612176483621,-18.42566857999));
#5281 = CARTESIAN_POINT('',(-0.587825751941,-18.46591252598));
#5282 = CARTESIAN_POINT('',(-0.56058231719,-18.50381788126));
#5283 = CARTESIAN_POINT('',(-0.493672000328,-18.58278696554));
#5284 = CARTESIAN_POINT('',(-0.452587100881,-18.6226535861));
#5285 = CARTESIAN_POINT('',(-0.407349077493,-18.65879797096));
#5286 = CARTESIAN_POINT('',(-0.358145327627,-18.69119082553));
#5287 = CARTESIAN_POINT('',(-0.305224609375,-18.71987304687));
#5288 = ( GEOMETRIC_REPRESENTATION_CONTEXT(2) 
PARAMETRIC_REPRESENTATION_CONTEXT() REPRESENTATION_CONTEXT('2D SPACE',''
  ) );
#5289 = PCURVE('',#5290,#5297);
#5290 = SURFACE_OF_LINEAR_EXTRUSION('',#5291,#5295);
#5291 = B_SPLINE_CURVE_WITH_KNOTS('',2,(#5292,#5293,#5294),
  .UNSPECIFIED.,.F.,.F.,(3,3),(0.,1.),.PIECEWISE_BEZIER_KNOTS.);
#5292 = CARTESIAN_POINT('',(-0.305224609375,-18.71987304687,1.9));
#5293 = CARTESIAN_POINT('',(-0.548291015625,-18.58813476562,1.9));
#5294 = CARTESIAN_POINT('',(-0.652197265625,-18.33857421875,1.9));
#5295 = VECTOR('',#5296,1.);
#5296 = DIRECTION('',(-0.,-0.,-1.));
#5297 = DEFINITIONAL_REPRESENTATION('',(#5298),#5309);
#5298 = B_SPLINE_CURVE_WITH_KNOTS('',5,(#5299,#5300,#5301,#5302,#5303,
    #5304,#5305,#5306,#5307,#5308),.UNSPECIFIED.,.F.,.F.,(6,4,6),(0.,
    0.449566070174,1.),.UNSPECIFIED.);
#5299 = CARTESIAN_POINT('',(1.,-0.1));
#5300 = CARTESIAN_POINT('',(0.910627084424,-0.1));
#5301 = CARTESIAN_POINT('',(0.820790731796,-0.1));
#5302 = CARTESIAN_POINT('',(0.730635654501,-0.1));
#5303 = CARTESIAN_POINT('',(0.640316794612,-0.1));
#5304 = CARTESIAN_POINT('',(0.439419083232,-0.1));
#5305 = CARTESIAN_POINT('',(0.328835077334,-0.1));
#5306 = CARTESIAN_POINT('',(0.218556112988,-0.1));
#5307 = CARTESIAN_POINT('',(0.108860617699,-0.1));
#5308 = CARTESIAN_POINT('',(0.,-0.1));
#5309 = ( GEOMETRIC_REPRESENTATION_CONTEXT(2) 
PARAMETRIC_REPRESENTATION_CONTEXT() REPRESENTATION_CONTEXT('2D SPACE',''
  ) );
#5310 = ORIENTED_EDGE('',*,*,#5311,.F.);
#5311 = EDGE_CURVE('',#5312,#5261,#5314,.T.);
#5312 = VERTEX_POINT('',#5313);
#5313 = CARTESIAN_POINT('',(-0.756103515625,-17.65668945312,2.));
#5314 = SURFACE_CURVE('',#5315,(#5323,#5334),.PCURVE_S1.);
#5315 = B_SPLINE_CURVE_WITH_KNOTS('',6,(#5316,#5317,#5318,#5319,#5320,
    #5321,#5322),.UNSPECIFIED.,.F.,.F.,(7,7),(0.,1.),
  .PIECEWISE_BEZIER_KNOTS.);
#5316 = CARTESIAN_POINT('',(-0.756103515625,-17.65668945312,2.));
#5317 = CARTESIAN_POINT('',(-0.756103515625,-17.78964393268,2.));
#5318 = CARTESIAN_POINT('',(-0.750207521315,-17.91665523824,2.));
#5319 = CARTESIAN_POINT('',(-0.73767711349,-18.03663572627,2.));
#5320 = CARTESIAN_POINT('',(-0.717679958728,-18.14811305537,2.));
#5321 = CARTESIAN_POINT('',(-0.689361861464,-18.24931282338,2.));
#5322 = CARTESIAN_POINT('',(-0.652197265625,-18.33857421875,2.));
#5323 = PCURVE('',#73,#5324);
#5324 = DEFINITIONAL_REPRESENTATION('',(#5325),#5333);
#5325 = B_SPLINE_CURVE_WITH_KNOTS('',6,(#5326,#5327,#5328,#5329,#5330,
    #5331,#5332),.UNSPECIFIED.,.F.,.F.,(7,7),(0.,1.),
  .PIECEWISE_BEZIER_KNOTS.);
#5326 = CARTESIAN_POINT('',(-0.756103515625,-17.65668945312));
#5327 = CARTESIAN_POINT('',(-0.756103515625,-17.78964393268));
#5328 = CARTESIAN_POINT('',(-0.750207521315,-17.91665523824));
#5329 = CARTESIAN_POINT('',(-0.73767711349,-18.03663572627));
#5330 = CARTESIAN_POINT('',(-0.717679958728,-18.14811305537));
#5331 = CARTESIAN_POINT('',(-0.689361861464,-18.24931282338));
#5332 = CARTESIAN_POINT('',(-0.652197265625,-18.33857421875));
#5333 = ( GEOMETRIC_REPRESENTATION_CONTEXT(2) 
PARAMETRIC_REPRESENTATION_CONTEXT() REPRESENTATION_CONTEXT('2D SPACE',''
  ) );
#5334 = PCURVE('',#5335,#5342);
#5335 = SURFACE_OF_LINEAR_EXTRUSION('',#5336,#5340);
#5336 = B_SPLINE_CURVE_WITH_KNOTS('',2,(#5337,#5338,#5339),
  .UNSPECIFIED.,.F.,.F.,(3,3),(0.,1.),.PIECEWISE_BEZIER_KNOTS.);
#5337 = CARTESIAN_POINT('',(-0.652197265625,-18.33857421875,1.9));
#5338 = CARTESIAN_POINT('',(-0.756103515625,-18.08901367187,1.9));
#5339 = CARTESIAN_POINT('',(-0.756103515625,-17.65668945312,1.9));
#5340 = VECTOR('',#5341,1.);
#5341 = DIRECTION('',(-0.,-0.,-1.));
#5342 = DEFINITIONAL_REPRESENTATION('',(#5343),#5351);
#5343 = B_SPLINE_CURVE_WITH_KNOTS('',6,(#5344,#5345,#5346,#5347,#5348,
    #5349,#5350),.UNSPECIFIED.,.F.,.F.,(7,7),(0.,1.),
  .PIECEWISE_BEZIER_KNOTS.);
#5344 = CARTESIAN_POINT('',(1.,-0.1));
#5345 = CARTESIAN_POINT('',(0.846232903699,-0.1));
#5346 = CARTESIAN_POINT('',(0.687345276717,-0.1));
#5347 = CARTESIAN_POINT('',(0.523092877468,-0.1));
#5348 = CARTESIAN_POINT('',(0.353485335717,-1.E-01));
#5349 = CARTESIAN_POINT('',(0.178837152909,-0.1));
#5350 = CARTESIAN_POINT('',(0.,-0.1));
#5351 = ( GEOMETRIC_REPRESENTATION_CONTEXT(2) 
PARAMETRIC_REPRESENTATION_CONTEXT() REPRESENTATION_CONTEXT('2D SPACE',''
  ) );
#5352 = ORIENTED_EDGE('',*,*,#5353,.F.);
#5353 = EDGE_CURVE('',#5354,#5312,#5356,.T.);
#5354 = VERTEX_POINT('',#5355);
#5355 = CARTESIAN_POINT('',(-0.756103515625,-16.08510742187,2.));
#5356 = SURFACE_CURVE('',#5357,(#5361,#5368),.PCURVE_S1.);
#5357 = LINE('',#5358,#5359);
#5358 = CARTESIAN_POINT('',(-0.756103515625,-18.95334472656,2.));
#5359 = VECTOR('',#5360,1.);
#5360 = DIRECTION('',(0.,-1.,0.));
#5361 = PCURVE('',#73,#5362);
#5362 = DEFINITIONAL_REPRESENTATION('',(#5363),#5367);
#5363 = LINE('',#5364,#5365);
#5364 = CARTESIAN_POINT('',(-0.756103515625,-18.95334472656));
#5365 = VECTOR('',#5366,1.);
#5366 = DIRECTION('',(0.,-1.));
#5367 = ( GEOMETRIC_REPRESENTATION_CONTEXT(2) 
PARAMETRIC_REPRESENTATION_CONTEXT() REPRESENTATION_CONTEXT('2D SPACE',''
  ) );
#5368 = PCURVE('',#5369,#5374);
#5369 = PLANE('',#5370);
#5370 = AXIS2_PLACEMENT_3D('',#5371,#5372,#5373);
#5371 = CARTESIAN_POINT('',(-0.756103515625,-17.65668945312,1.9));
#5372 = DIRECTION('',(-1.,0.,0.));
#5373 = DIRECTION('',(0.,1.,0.));
#5374 = DEFINITIONAL_REPRESENTATION('',(#5375),#5378);
#5375 = B_SPLINE_CURVE_WITH_KNOTS('',1,(#5376,#5377),.UNSPECIFIED.,.F.,
  .F.,(2,2),(-2.868237304687,-1.296655273437),.PIECEWISE_BEZIER_KNOTS.);
#5376 = CARTESIAN_POINT('',(1.57158203125,-0.1));
#5377 = CARTESIAN_POINT('',(0.,-0.1));
#5378 = ( GEOMETRIC_REPRESENTATION_CONTEXT(2) 
PARAMETRIC_REPRESENTATION_CONTEXT() REPRESENTATION_CONTEXT('2D SPACE',''
  ) );
#5379 = ORIENTED_EDGE('',*,*,#5380,.F.);
#5380 = EDGE_CURVE('',#5381,#5354,#5383,.T.);
#5381 = VERTEX_POINT('',#5382);
#5382 = CARTESIAN_POINT('',(-0.396142578125,-16.08510742187,2.));
#5383 = SURFACE_CURVE('',#5384,(#5388,#5395),.PCURVE_S1.);
#5384 = LINE('',#5385,#5386);
#5385 = CARTESIAN_POINT('',(-0.378051757812,-16.08510742187,2.));
#5386 = VECTOR('',#5387,1.);
#5387 = DIRECTION('',(-1.,0.,0.));
#5388 = PCURVE('',#73,#5389);
#5389 = DEFINITIONAL_REPRESENTATION('',(#5390),#5394);
#5390 = LINE('',#5391,#5392);
#5391 = CARTESIAN_POINT('',(-0.378051757812,-16.08510742187));
#5392 = VECTOR('',#5393,1.);
#5393 = DIRECTION('',(-1.,0.));
#5394 = ( GEOMETRIC_REPRESENTATION_CONTEXT(2) 
PARAMETRIC_REPRESENTATION_CONTEXT() REPRESENTATION_CONTEXT('2D SPACE',''
  ) );
#5395 = PCURVE('',#5396,#5401);
#5396 = PLANE('',#5397);
#5397 = AXIS2_PLACEMENT_3D('',#5398,#5399,#5400);
#5398 = CARTESIAN_POINT('',(-0.756103515625,-16.08510742187,1.9));
#5399 = DIRECTION('',(0.,1.,0.));
#5400 = DIRECTION('',(1.,0.,0.));
#5401 = DEFINITIONAL_REPRESENTATION('',(#5402),#5405);
#5402 = B_SPLINE_CURVE_WITH_KNOTS('',1,(#5403,#5404),.UNSPECIFIED.,.F.,
  .F.,(2,2),(1.80908203125E-02,0.378051757812),
  .PIECEWISE_BEZIER_KNOTS.);
#5403 = CARTESIAN_POINT('',(0.3599609375,-0.1));
#5404 = CARTESIAN_POINT('',(0.,-0.1));
#5405 = ( GEOMETRIC_REPRESENTATION_CONTEXT(2) 
PARAMETRIC_REPRESENTATION_CONTEXT() REPRESENTATION_CONTEXT('2D SPACE',''
  ) );
#5406 = ORIENTED_EDGE('',*,*,#5407,.F.);
#5407 = EDGE_CURVE('',#5408,#5381,#5410,.T.);
#5408 = VERTEX_POINT('',#5409);
#5409 = CARTESIAN_POINT('',(-0.396142578125,-17.65483398437,2.));
#5410 = SURFACE_CURVE('',#5411,(#5415,#5422),.PCURVE_S1.);
#5411 = LINE('',#5412,#5413);
#5412 = CARTESIAN_POINT('',(-0.396142578125,-18.16755371093,2.));
#5413 = VECTOR('',#5414,1.);
#5414 = DIRECTION('',(0.,1.,0.));
#5415 = PCURVE('',#73,#5416);
#5416 = DEFINITIONAL_REPRESENTATION('',(#5417),#5421);
#5417 = LINE('',#5418,#5419);
#5418 = CARTESIAN_POINT('',(-0.396142578125,-18.16755371093));
#5419 = VECTOR('',#5420,1.);
#5420 = DIRECTION('',(0.,1.));
#5421 = ( GEOMETRIC_REPRESENTATION_CONTEXT(2) 
PARAMETRIC_REPRESENTATION_CONTEXT() REPRESENTATION_CONTEXT('2D SPACE',''
  ) );
#5422 = PCURVE('',#5423,#5428);
#5423 = PLANE('',#5424);
#5424 = AXIS2_PLACEMENT_3D('',#5425,#5426,#5427);
#5425 = CARTESIAN_POINT('',(-0.396142578125,-16.08510742187,1.9));
#5426 = DIRECTION('',(1.,0.,0.));
#5427 = DIRECTION('',(0.,-1.,0.));
#5428 = DEFINITIONAL_REPRESENTATION('',(#5429),#5432);
#5429 = B_SPLINE_CURVE_WITH_KNOTS('',1,(#5430,#5431),.UNSPECIFIED.,.F.,
  .F.,(2,2),(0.512719726562,2.082446289062),.PIECEWISE_BEZIER_KNOTS.);
#5430 = CARTESIAN_POINT('',(1.5697265625,-0.1));
#5431 = CARTESIAN_POINT('',(0.,-0.1));
#5432 = ( GEOMETRIC_REPRESENTATION_CONTEXT(2) 
PARAMETRIC_REPRESENTATION_CONTEXT() REPRESENTATION_CONTEXT('2D SPACE',''
  ) );
#5433 = ORIENTED_EDGE('',*,*,#5434,.F.);
#5434 = EDGE_CURVE('',#5435,#5408,#5437,.T.);
#5435 = VERTEX_POINT('',#5436);
#5436 = CARTESIAN_POINT('',(-0.3302734375,-18.1771484375,2.));
#5437 = SURFACE_CURVE('',#5438,(#5446,#5457),.PCURVE_S1.);
#5438 = B_SPLINE_CURVE_WITH_KNOTS('',6,(#5439,#5440,#5441,#5442,#5443,
    #5444,#5445),.UNSPECIFIED.,.F.,.F.,(7,7),(0.,1.),
  .PIECEWISE_BEZIER_KNOTS.);
#5439 = CARTESIAN_POINT('',(-0.3302734375,-18.1771484375,2.));
#5440 = CARTESIAN_POINT('',(-0.353714939124,-18.11738911645,2.));
#5441 = CARTESIAN_POINT('',(-0.371667536312,-18.04469127694,2.));
#5442 = CARTESIAN_POINT('',(-0.384389319921,-17.96048493571,2.));
#5443 = CARTESIAN_POINT('',(-0.392378516165,-17.866486503,2.));
#5444 = CARTESIAN_POINT('',(-0.396142578125,-17.76420674368,2.));
#5445 = CARTESIAN_POINT('',(-0.396142578125,-17.65483398437,2.));
#5446 = PCURVE('',#73,#5447);
#5447 = DEFINITIONAL_REPRESENTATION('',(#5448),#5456);
#5448 = B_SPLINE_CURVE_WITH_KNOTS('',6,(#5449,#5450,#5451,#5452,#5453,
    #5454,#5455),.UNSPECIFIED.,.F.,.F.,(7,7),(0.,1.),
  .PIECEWISE_BEZIER_KNOTS.);
#5449 = CARTESIAN_POINT('',(-0.3302734375,-18.1771484375));
#5450 = CARTESIAN_POINT('',(-0.353714939124,-18.11738911645));
#5451 = CARTESIAN_POINT('',(-0.371667536312,-18.04469127694));
#5452 = CARTESIAN_POINT('',(-0.384389319921,-17.96048493571));
#5453 = CARTESIAN_POINT('',(-0.392378516165,-17.866486503));
#5454 = CARTESIAN_POINT('',(-0.396142578125,-17.76420674368));
#5455 = CARTESIAN_POINT('',(-0.396142578125,-17.65483398437));
#5456 = ( GEOMETRIC_REPRESENTATION_CONTEXT(2) 
PARAMETRIC_REPRESENTATION_CONTEXT() REPRESENTATION_CONTEXT('2D SPACE',''
  ) );
#5457 = PCURVE('',#5458,#5465);
#5458 = SURFACE_OF_LINEAR_EXTRUSION('',#5459,#5463);
#5459 = B_SPLINE_CURVE_WITH_KNOTS('',2,(#5460,#5461,#5462),
  .UNSPECIFIED.,.F.,.F.,(3,3),(0.,1.),.PIECEWISE_BEZIER_KNOTS.);
#5460 = CARTESIAN_POINT('',(-0.396142578125,-17.65483398437,1.9));
#5461 = CARTESIAN_POINT('',(-0.396142578125,-18.00922851562,1.9));
#5462 = CARTESIAN_POINT('',(-0.3302734375,-18.1771484375,1.9));
#5463 = VECTOR('',#5464,1.);
#5464 = DIRECTION('',(-0.,-0.,-1.));
#5465 = DEFINITIONAL_REPRESENTATION('',(#5466),#5474);
#5466 = B_SPLINE_CURVE_WITH_KNOTS('',6,(#5467,#5468,#5469,#5470,#5471,
    #5472,#5473),.UNSPECIFIED.,.F.,.F.,(7,7),(0.,1.),
  .PIECEWISE_BEZIER_KNOTS.);
#5467 = CARTESIAN_POINT('',(1.,-0.1));
#5468 = CARTESIAN_POINT('',(0.822060061804,-0.1));
#5469 = CARTESIAN_POINT('',(0.647789046865,-0.1));
#5470 = CARTESIAN_POINT('',(0.478173659423,-0.1));
#5471 = CARTESIAN_POINT('',(0.31364553544,-1.E-01));
#5472 = CARTESIAN_POINT('',(0.154309321484,-0.1));
#5473 = CARTESIAN_POINT('',(0.,-0.1));
#5474 = ( GEOMETRIC_REPRESENTATION_CONTEXT(2) 
PARAMETRIC_REPRESENTATION_CONTEXT() REPRESENTATION_CONTEXT('2D SPACE',''
  ) );
#5475 = ORIENTED_EDGE('',*,*,#5476,.F.);
#5476 = EDGE_CURVE('',#5477,#5435,#5479,.T.);
#5477 = VERTEX_POINT('',#5478);
#5478 = CARTESIAN_POINT('',(-0.10390625,-18.43598632812,2.));
#5479 = SURFACE_CURVE('',#5480,(#5489,#5501),.PCURVE_S1.);
#5480 = B_SPLINE_CURVE_WITH_KNOTS('',4,(#5481,#5482,#5483,#5484,#5485,
    #5486,#5487,#5488),.UNSPECIFIED.,.F.,.F.,(5,3,5),(0.,0.549220630194,
    1.),.UNSPECIFIED.);
#5481 = CARTESIAN_POINT('',(-0.10390625,-18.43598632812,2.));
#5482 = CARTESIAN_POINT('',(-0.147729493966,-18.41116160032,2.));
#5483 = CARTESIAN_POINT('',(-0.187080378638,-18.38237938162,2.));
#5484 = CARTESIAN_POINT('',(-0.221735860705,-18.3496091982,2.));
#5485 = CARTESIAN_POINT('',(-0.276132939308,-18.28286140428,2.));
#5486 = CARTESIAN_POINT('',(-0.297434833961,-18.2501526332,2.));
#5487 = CARTESIAN_POINT('',(-0.315472943657,-18.21487927391,2.));
#5488 = CARTESIAN_POINT('',(-0.3302734375,-18.1771484375,2.));
#5489 = PCURVE('',#73,#5490);
#5490 = DEFINITIONAL_REPRESENTATION('',(#5491),#5500);
#5491 = B_SPLINE_CURVE_WITH_KNOTS('',4,(#5492,#5493,#5494,#5495,#5496,
    #5497,#5498,#5499),.UNSPECIFIED.,.F.,.F.,(5,3,5),(0.,0.549220630194,
    1.),.UNSPECIFIED.);
#5492 = CARTESIAN_POINT('',(-0.10390625,-18.43598632812));
#5493 = CARTESIAN_POINT('',(-0.147729493966,-18.41116160032));
#5494 = CARTESIAN_POINT('',(-0.187080378638,-18.38237938162));
#5495 = CARTESIAN_POINT('',(-0.221735860705,-18.3496091982));
#5496 = CARTESIAN_POINT('',(-0.276132939308,-18.28286140428));
#5497 = CARTESIAN_POINT('',(-0.297434833961,-18.2501526332));
#5498 = CARTESIAN_POINT('',(-0.315472943657,-18.21487927391));
#5499 = CARTESIAN_POINT('',(-0.3302734375,-18.1771484375));
#5500 = ( GEOMETRIC_REPRESENTATION_CONTEXT(2) 
PARAMETRIC_REPRESENTATION_CONTEXT() REPRESENTATION_CONTEXT('2D SPACE',''
  ) );
#5501 = PCURVE('',#5502,#5509);
#5502 = SURFACE_OF_LINEAR_EXTRUSION('',#5503,#5507);
#5503 = B_SPLINE_CURVE_WITH_KNOTS('',2,(#5504,#5505,#5506),
  .UNSPECIFIED.,.F.,.F.,(3,3),(0.,1.),.PIECEWISE_BEZIER_KNOTS.);
#5504 = CARTESIAN_POINT('',(-0.3302734375,-18.1771484375,1.9));
#5505 = CARTESIAN_POINT('',(-0.264404296875,-18.34506835937,1.9));
#5506 = CARTESIAN_POINT('',(-0.10390625,-18.43598632812,1.9));
#5507 = VECTOR('',#5508,1.);
#5508 = DIRECTION('',(-0.,-0.,-1.));
#5509 = DEFINITIONAL_REPRESENTATION('',(#5510),#5519);
#5510 = B_SPLINE_CURVE_WITH_KNOTS('',4,(#5511,#5512,#5513,#5514,#5515,
    #5516,#5517,#5518),.UNSPECIFIED.,.F.,.F.,(5,3,5),(0.,0.549220630194,
    1.),.UNSPECIFIED.);
#5511 = CARTESIAN_POINT('',(1.,-0.1));
#5512 = CARTESIAN_POINT('',(0.863477329417,-0.1));
#5513 = CARTESIAN_POINT('',(0.72623639609,-0.1));
#5514 = CARTESIAN_POINT('',(0.588618078223,-0.1));
#5515 = CARTESIAN_POINT('',(0.33804832418,-0.1));
#5516 = CARTESIAN_POINT('',(0.225095048563,-0.1));
#5517 = CARTESIAN_POINT('',(0.112347707159,-0.1));
#5518 = CARTESIAN_POINT('',(0.,-0.1));
#5519 = ( GEOMETRIC_REPRESENTATION_CONTEXT(2) 
PARAMETRIC_REPRESENTATION_CONTEXT() REPRESENTATION_CONTEXT('2D SPACE',''
  ) );
#5520 = ORIENTED_EDGE('',*,*,#5521,.F.);
#5521 = EDGE_CURVE('',#5522,#5477,#5524,.T.);
#5522 = VERTEX_POINT('',#5523);
#5523 = CARTESIAN_POINT('',(0.288525390625,-18.52690429687,2.));
#5524 = SURFACE_CURVE('',#5525,(#5532,#5542),.PCURVE_S1.);
#5525 = B_SPLINE_CURVE_WITH_KNOTS('',5,(#5526,#5527,#5528,#5529,#5530,
    #5531),.UNSPECIFIED.,.F.,.F.,(6,6),(0.,1.),
  .PIECEWISE_BEZIER_KNOTS.);
#5526 = CARTESIAN_POINT('',(0.288525390625,-18.52690429687,2.));
#5527 = CARTESIAN_POINT('',(0.19762636573,-18.52690429687,2.));
#5528 = CARTESIAN_POINT('',(0.112364034934,-18.51817608626,2.));
#5529 = CARTESIAN_POINT('',(3.335678626599E-02,-18.5002512109,2.));
#5530 = CARTESIAN_POINT('',(-3.885145782021E-02,-18.47283817571,2.));
#5531 = CARTESIAN_POINT('',(-0.10390625,-18.43598632812,2.));
#5532 = PCURVE('',#73,#5533);
#5533 = DEFINITIONAL_REPRESENTATION('',(#5534),#5541);
#5534 = B_SPLINE_CURVE_WITH_KNOTS('',5,(#5535,#5536,#5537,#5538,#5539,
    #5540),.UNSPECIFIED.,.F.,.F.,(6,6),(0.,1.),
  .PIECEWISE_BEZIER_KNOTS.);
#5535 = CARTESIAN_POINT('',(0.288525390625,-18.52690429687));
#5536 = CARTESIAN_POINT('',(0.19762636573,-18.52690429687));
#5537 = CARTESIAN_POINT('',(0.112364034934,-18.51817608626));
#5538 = CARTESIAN_POINT('',(3.335678626599E-02,-18.5002512109));
#5539 = CARTESIAN_POINT('',(-3.885145782021E-02,-18.47283817571));
#5540 = CARTESIAN_POINT('',(-0.10390625,-18.43598632812));
#5541 = ( GEOMETRIC_REPRESENTATION_CONTEXT(2) 
PARAMETRIC_REPRESENTATION_CONTEXT() REPRESENTATION_CONTEXT('2D SPACE',''
  ) );
#5542 = PCURVE('',#5543,#5550);
#5543 = SURFACE_OF_LINEAR_EXTRUSION('',#5544,#5548);
#5544 = B_SPLINE_CURVE_WITH_KNOTS('',2,(#5545,#5546,#5547),
  .UNSPECIFIED.,.F.,.F.,(3,3),(0.,1.),.PIECEWISE_BEZIER_KNOTS.);
#5545 = CARTESIAN_POINT('',(-0.10390625,-18.43598632812,1.9));
#5546 = CARTESIAN_POINT('',(5.6591796875E-02,-18.52690429687,1.9));
#5547 = CARTESIAN_POINT('',(0.288525390625,-18.52690429687,1.9));
#5548 = VECTOR('',#5549,1.);
#5549 = DIRECTION('',(-0.,-0.,-1.));
#5550 = DEFINITIONAL_REPRESENTATION('',(#5551),#5558);
#5551 = B_SPLINE_CURVE_WITH_KNOTS('',5,(#5552,#5553,#5554,#5555,#5556,
    #5557),.UNSPECIFIED.,.F.,.F.,(6,6),(0.,1.),
  .PIECEWISE_BEZIER_KNOTS.);
#5552 = CARTESIAN_POINT('',(1.,-0.1));
#5553 = CARTESIAN_POINT('',(0.804040838962,-0.1));
#5554 = CARTESIAN_POINT('',(0.605449058715,-0.1));
#5555 = CARTESIAN_POINT('',(0.40476428986,-0.1));
#5556 = CARTESIAN_POINT('',(0.202665370222,-0.1));
#5557 = CARTESIAN_POINT('',(0.,-0.1));
#5558 = ( GEOMETRIC_REPRESENTATION_CONTEXT(2) 
PARAMETRIC_REPRESENTATION_CONTEXT() REPRESENTATION_CONTEXT('2D SPACE',''
  ) );
#5559 = ORIENTED_EDGE('',*,*,#5560,.F.);
#5560 = EDGE_CURVE('',#5561,#5522,#5563,.T.);
#5561 = VERTEX_POINT('',#5562);
#5562 = CARTESIAN_POINT('',(0.854443359375,-18.34692382812,2.));
#5563 = SURFACE_CURVE('',#5564,(#5575,#5589),.PCURVE_S1.);
#5564 = B_SPLINE_CURVE_WITH_KNOTS('',5,(#5565,#5566,#5567,#5568,#5569,
    #5570,#5571,#5572,#5573,#5574),.UNSPECIFIED.,.F.,.F.,(6,4,6),(0.,
    0.484499298908,1.),.UNSPECIFIED.);
#5565 = CARTESIAN_POINT('',(0.854443359375,-18.34692382812,2.));
#5566 = CARTESIAN_POINT('',(0.819991539654,-18.38364719639,2.));
#5567 = CARTESIAN_POINT('',(0.77968401586,-18.41559899439,2.));
#5568 = CARTESIAN_POINT('',(0.73379437759,-18.44259475894,2.));
#5569 = CARTESIAN_POINT('',(0.682838566171,-18.46473825156,2.));
#5570 = CARTESIAN_POINT('',(0.568429162356,-18.50092028356,2.));
#5571 = CARTESIAN_POINT('',(0.504377005141,-18.51435136132,2.));
#5572 = CARTESIAN_POINT('',(0.435934967451,-18.5228608467,2.));
#5573 = CARTESIAN_POINT('',(0.363802308634,-18.52690429687,2.));
#5574 = CARTESIAN_POINT('',(0.288525390625,-18.52690429687,2.));
#5575 = PCURVE('',#73,#5576);
#5576 = DEFINITIONAL_REPRESENTATION('',(#5577),#5588);
#5577 = B_SPLINE_CURVE_WITH_KNOTS('',5,(#5578,#5579,#5580,#5581,#5582,
    #5583,#5584,#5585,#5586,#5587),.UNSPECIFIED.,.F.,.F.,(6,4,6),(0.,
    0.484499298908,1.),.UNSPECIFIED.);
#5578 = CARTESIAN_POINT('',(0.854443359375,-18.34692382812));
#5579 = CARTESIAN_POINT('',(0.819991539654,-18.38364719639));
#5580 = CARTESIAN_POINT('',(0.77968401586,-18.41559899439));
#5581 = CARTESIAN_POINT('',(0.73379437759,-18.44259475894));
#5582 = CARTESIAN_POINT('',(0.682838566171,-18.46473825156));
#5583 = CARTESIAN_POINT('',(0.568429162356,-18.50092028356));
#5584 = CARTESIAN_POINT('',(0.504377005141,-18.51435136132));
#5585 = CARTESIAN_POINT('',(0.435934967451,-18.5228608467));
#5586 = CARTESIAN_POINT('',(0.363802308634,-18.52690429687));
#5587 = CARTESIAN_POINT('',(0.288525390625,-18.52690429687));
#5588 = ( GEOMETRIC_REPRESENTATION_CONTEXT(2) 
PARAMETRIC_REPRESENTATION_CONTEXT() REPRESENTATION_CONTEXT('2D SPACE',''
  ) );
#5589 = PCURVE('',#5590,#5597);
#5590 = SURFACE_OF_LINEAR_EXTRUSION('',#5591,#5595);
#5591 = B_SPLINE_CURVE_WITH_KNOTS('',2,(#5592,#5593,#5594),
  .UNSPECIFIED.,.F.,.F.,(3,3),(0.,1.),.PIECEWISE_BEZIER_KNOTS.);
#5592 = CARTESIAN_POINT('',(0.288525390625,-18.52690429687,1.9));
#5593 = CARTESIAN_POINT('',(0.685595703125,-18.52690429687,1.9));
#5594 = CARTESIAN_POINT('',(0.854443359375,-18.34692382812,1.9));
#5595 = VECTOR('',#5596,1.);
#5596 = DIRECTION('',(-0.,-0.,-1.));
#5597 = DEFINITIONAL_REPRESENTATION('',(#5598),#5609);
#5598 = B_SPLINE_CURVE_WITH_KNOTS('',5,(#5599,#5600,#5601,#5602,#5603,
    #5604,#5605,#5606,#5607,#5608),.UNSPECIFIED.,.F.,.F.,(6,4,6),(0.,
    0.484499298908,1.),.UNSPECIFIED.);
#5599 = CARTESIAN_POINT('',(1.,-0.1));
#5600 = CARTESIAN_POINT('',(0.897979573758,-0.1));
#5601 = CARTESIAN_POINT('',(0.79620449929,-0.1));
#5602 = CARTESIAN_POINT('',(0.695313827759,-0.1));
#5603 = CARTESIAN_POINT('',(0.595791563427,-0.1));
#5604 = CARTESIAN_POINT('',(0.393951099163,-0.1));
#5605 = CARTESIAN_POINT('',(0.291849134963,-0.1));
#5606 = CARTESIAN_POINT('',(0.192077868306,-0.1));
#5607 = CARTESIAN_POINT('',(9.479041323334E-02,-0.1));
#5608 = CARTESIAN_POINT('',(0.,-0.1));
#5609 = ( GEOMETRIC_REPRESENTATION_CONTEXT(2) 
PARAMETRIC_REPRESENTATION_CONTEXT() REPRESENTATION_CONTEXT('2D SPACE',''
  ) );
#5610 = ORIENTED_EDGE('',*,*,#5611,.F.);
#5611 = EDGE_CURVE('',#4994,#5561,#5612,.T.);
#5612 = SURFACE_CURVE('',#5613,(#5626,#5642),.PCURVE_S1.);
#5613 = B_SPLINE_CURVE_WITH_KNOTS('',6,(#5614,#5615,#5616,#5617,#5618,
    #5619,#5620,#5621,#5622,#5623,#5624,#5625),.UNSPECIFIED.,.F.,.F.,(7,
    5,7),(0.,0.532421780972,1.),.UNSPECIFIED.);
#5614 = CARTESIAN_POINT('',(1.023291015625,-17.65483398437,2.));
#5615 = CARTESIAN_POINT('',(1.023291015625,-17.73375213009,2.));
#5616 = CARTESIAN_POINT('',(1.020885188587,-17.81034872458,2.));
#5617 = CARTESIAN_POINT('',(1.015797545493,-17.8842510662,2.));
#5618 = CARTESIAN_POINT('',(1.007705172587,-17.95493560948,2.));
#5619 = CARTESIAN_POINT('',(0.996247411082,-18.02173773225,2.));
#5620 = CARTESIAN_POINT('',(0.967758137988,-18.13851244504,2.));
#5621 = CARTESIAN_POINT('',(0.951575818913,-18.18954251539,2.));
#5622 = CARTESIAN_POINT('',(0.932305947388,-18.23646697029,2.));
#5623 = CARTESIAN_POINT('',(0.909749141132,-18.27869655894,2.));
#5624 = CARTESIAN_POINT('',(0.883778812743,-18.31565416904,2.));
#5625 = CARTESIAN_POINT('',(0.854443359375,-18.34692382812,2.));
#5626 = PCURVE('',#73,#5627);
#5627 = DEFINITIONAL_REPRESENTATION('',(#5628),#5641);
#5628 = B_SPLINE_CURVE_WITH_KNOTS('',6,(#5629,#5630,#5631,#5632,#5633,
    #5634,#5635,#5636,#5637,#5638,#5639,#5640),.UNSPECIFIED.,.F.,.F.,(7,
    5,7),(0.,0.532421780972,1.),.UNSPECIFIED.);
#5629 = CARTESIAN_POINT('',(1.023291015625,-17.65483398437));
#5630 = CARTESIAN_POINT('',(1.023291015625,-17.73375213009));
#5631 = CARTESIAN_POINT('',(1.020885188587,-17.81034872458));
#5632 = CARTESIAN_POINT('',(1.015797545493,-17.8842510662));
#5633 = CARTESIAN_POINT('',(1.007705172587,-17.95493560948));
#5634 = CARTESIAN_POINT('',(0.996247411082,-18.02173773225));
#5635 = CARTESIAN_POINT('',(0.967758137988,-18.13851244504));
#5636 = CARTESIAN_POINT('',(0.951575818913,-18.18954251539));
#5637 = CARTESIAN_POINT('',(0.932305947388,-18.23646697029));
#5638 = CARTESIAN_POINT('',(0.909749141132,-18.27869655894));
#5639 = CARTESIAN_POINT('',(0.883778812743,-18.31565416904));
#5640 = CARTESIAN_POINT('',(0.854443359375,-18.34692382812));
#5641 = ( GEOMETRIC_REPRESENTATION_CONTEXT(2) 
PARAMETRIC_REPRESENTATION_CONTEXT() REPRESENTATION_CONTEXT('2D SPACE',''
  ) );
#5642 = PCURVE('',#5643,#5650);
#5643 = SURFACE_OF_LINEAR_EXTRUSION('',#5644,#5648);
#5644 = B_SPLINE_CURVE_WITH_KNOTS('',2,(#5645,#5646,#5647),
  .UNSPECIFIED.,.F.,.F.,(3,3),(0.,1.),.PIECEWISE_BEZIER_KNOTS.);
#5645 = CARTESIAN_POINT('',(0.854443359375,-18.34692382812,1.9));
#5646 = CARTESIAN_POINT('',(1.023291015625,-18.16694335937,1.9));
#5647 = CARTESIAN_POINT('',(1.023291015625,-17.65483398437,1.9));
#5648 = VECTOR('',#5649,1.);
#5649 = DIRECTION('',(-0.,-0.,-1.));
#5650 = DEFINITIONAL_REPRESENTATION('',(#5651),#5664);
#5651 = B_SPLINE_CURVE_WITH_KNOTS('',6,(#5652,#5653,#5654,#5655,#5656,
    #5657,#5658,#5659,#5660,#5661,#5662,#5663),.UNSPECIFIED.,.F.,.F.,(7,
    5,7),(0.,0.532421780972,1.),.UNSPECIFIED.);
#5652 = CARTESIAN_POINT('',(1.,-0.1));
#5653 = CARTESIAN_POINT('',(0.922947958411,-0.1));
#5654 = CARTESIAN_POINT('',(0.843542132671,-0.1));
#5655 = CARTESIAN_POINT('',(0.761616368952,-0.1));
#5656 = CARTESIAN_POINT('',(0.677061670483,-0.1));
#5657 = CARTESIAN_POINT('',(0.589834291195,-0.1));
#5658 = CARTESIAN_POINT('',(0.42110661249,-0.1));
#5659 = CARTESIAN_POINT('',(0.340204729517,-0.1));
#5660 = CARTESIAN_POINT('',(0.257381672963,-0.1));
#5661 = CARTESIAN_POINT('',(0.172829842417,-1.E-01));
#5662 = CARTESIAN_POINT('',(8.686959007741E-02,-0.1));
#5663 = CARTESIAN_POINT('',(0.,-0.1));
#5664 = ( GEOMETRIC_REPRESENTATION_CONTEXT(2) 
PARAMETRIC_REPRESENTATION_CONTEXT() REPRESENTATION_CONTEXT('2D SPACE',''
  ) );
#5665 = ADVANCED_FACE('',(#5666),#101,.F.);
#5666 = FACE_BOUND('',#5667,.F.);
#5667 = EDGE_LOOP('',(#5668,#5693,#5716,#5737,#5738,#5739,#5766));
#5668 = ORIENTED_EDGE('',*,*,#5669,.T.);
#5669 = EDGE_CURVE('',#5670,#5672,#5674,.T.);
#5670 = VERTEX_POINT('',#5671);
#5671 = CARTESIAN_POINT('',(6.5,6.224949798994,22.));
#5672 = VERTEX_POINT('',#5673);
#5673 = CARTESIAN_POINT('',(6.5,6.224949798994,0.));
#5674 = SURFACE_CURVE('',#5675,(#5679,#5686),.PCURVE_S1.);
#5675 = LINE('',#5676,#5677);
#5676 = CARTESIAN_POINT('',(6.5,6.224949798994,22.));
#5677 = VECTOR('',#5678,1.);
#5678 = DIRECTION('',(0.,0.,-1.));
#5679 = PCURVE('',#101,#5680);
#5680 = DEFINITIONAL_REPRESENTATION('',(#5681),#5685);
#5681 = LINE('',#5682,#5683);
#5682 = CARTESIAN_POINT('',(21.,-6.224949798994));
#5683 = VECTOR('',#5684,1.);
#5684 = DIRECTION('',(-1.,0.));
#5685 = ( GEOMETRIC_REPRESENTATION_CONTEXT(2) 
PARAMETRIC_REPRESENTATION_CONTEXT() REPRESENTATION_CONTEXT('2D SPACE',''
  ) );
#5686 = PCURVE('',#161,#5687);
#5687 = DEFINITIONAL_REPRESENTATION('',(#5688),#5692);
#5688 = LINE('',#5689,#5690);
#5689 = CARTESIAN_POINT('',(7.046971803577,21.));
#5690 = VECTOR('',#5691,1.);
#5691 = DIRECTION('',(-0.,-1.));
#5692 = ( GEOMETRIC_REPRESENTATION_CONTEXT(2) 
PARAMETRIC_REPRESENTATION_CONTEXT() REPRESENTATION_CONTEXT('2D SPACE',''
  ) );
#5693 = ORIENTED_EDGE('',*,*,#5694,.T.);
#5694 = EDGE_CURVE('',#5672,#5695,#5697,.T.);
#5695 = VERTEX_POINT('',#5696);
#5696 = CARTESIAN_POINT('',(6.5,13.795379661321,0.));
#5697 = SURFACE_CURVE('',#5698,(#5702,#5709),.PCURVE_S1.);
#5698 = LINE('',#5699,#5700);
#5699 = CARTESIAN_POINT('',(6.5,0.,0.));
#5700 = VECTOR('',#5701,1.);
#5701 = DIRECTION('',(0.,1.,0.));
#5702 = PCURVE('',#101,#5703);
#5703 = DEFINITIONAL_REPRESENTATION('',(#5704),#5708);
#5704 = LINE('',#5705,#5706);
#5705 = CARTESIAN_POINT('',(-1.,0.));
#5706 = VECTOR('',#5707,1.);
#5707 = DIRECTION('',(0.,-1.));
#5708 = ( GEOMETRIC_REPRESENTATION_CONTEXT(2) 
PARAMETRIC_REPRESENTATION_CONTEXT() REPRESENTATION_CONTEXT('2D SPACE',''
  ) );
#5709 = PCURVE('',#189,#5710);
#5710 = DEFINITIONAL_REPRESENTATION('',(#5711),#5715);
#5711 = LINE('',#5712,#5713);
#5712 = CARTESIAN_POINT('',(6.5,0.));
#5713 = VECTOR('',#5714,1.);
#5714 = DIRECTION('',(0.,1.));
#5715 = ( GEOMETRIC_REPRESENTATION_CONTEXT(2) 
PARAMETRIC_REPRESENTATION_CONTEXT() REPRESENTATION_CONTEXT('2D SPACE',''
  ) );
#5716 = ORIENTED_EDGE('',*,*,#5717,.T.);
#5717 = EDGE_CURVE('',#5695,#598,#5718,.T.);
#5718 = SURFACE_CURVE('',#5719,(#5723,#5730),.PCURVE_S1.);
#5719 = LINE('',#5720,#5721);
#5720 = CARTESIAN_POINT('',(6.5,13.795379661321,0.));
#5721 = VECTOR('',#5722,1.);
#5722 = DIRECTION('',(0.,0.,1.));
#5723 = PCURVE('',#101,#5724);
#5724 = DEFINITIONAL_REPRESENTATION('',(#5725),#5729);
#5725 = LINE('',#5726,#5727);
#5726 = CARTESIAN_POINT('',(-1.,-13.79537966132));
#5727 = VECTOR('',#5728,1.);
#5728 = DIRECTION('',(1.,0.));
#5729 = ( GEOMETRIC_REPRESENTATION_CONTEXT(2) 
PARAMETRIC_REPRESENTATION_CONTEXT() REPRESENTATION_CONTEXT('2D SPACE',''
  ) );
#5730 = PCURVE('',#618,#5731);
#5731 = DEFINITIONAL_REPRESENTATION('',(#5732),#5736);
#5732 = LINE('',#5733,#5734);
#5733 = CARTESIAN_POINT('',(7.413661032159,0.));
#5734 = VECTOR('',#5735,1.);
#5735 = DIRECTION('',(0.,1.));
#5736 = ( GEOMETRIC_REPRESENTATION_CONTEXT(2) 
PARAMETRIC_REPRESENTATION_CONTEXT() REPRESENTATION_CONTEXT('2D SPACE',''
  ) );
#5737 = ORIENTED_EDGE('',*,*,#630,.F.);
#5738 = ORIENTED_EDGE('',*,*,#85,.T.);
#5739 = ORIENTED_EDGE('',*,*,#5740,.F.);
#5740 = EDGE_CURVE('',#5741,#86,#5743,.T.);
#5741 = VERTEX_POINT('',#5742);
#5742 = CARTESIAN_POINT('',(6.5,8.309783390679,22.));
#5743 = SURFACE_CURVE('',#5744,(#5749,#5756),.PCURVE_S1.);
#5744 = HYPERBOLA('',#5745,6.5,6.5);
#5745 = AXIS2_PLACEMENT_3D('',#5746,#5747,#5748);
#5746 = CARTESIAN_POINT('',(6.5,0.,32.55));
#5747 = DIRECTION('',(1.,0.,0.));
#5748 = DIRECTION('',(0.,0.,-1.));
#5749 = PCURVE('',#101,#5750);
#5750 = DEFINITIONAL_REPRESENTATION('',(#5751),#5755);
#5751 = HYPERBOLA('',#5752,6.5,6.5);
#5752 = AXIS2_PLACEMENT_2D('',#5753,#5754);
#5753 = CARTESIAN_POINT('',(31.55,0.));
#5754 = DIRECTION('',(-1.,0.));
#5755 = ( GEOMETRIC_REPRESENTATION_CONTEXT(2) 
PARAMETRIC_REPRESENTATION_CONTEXT() REPRESENTATION_CONTEXT('2D SPACE',''
  ) );
#5756 = PCURVE('',#128,#5757);
#5757 = DEFINITIONAL_REPRESENTATION('',(#5758),#5765);
#5758 = B_SPLINE_CURVE_WITH_KNOTS('',5,(#5759,#5760,#5761,#5762,#5763,
    #5764),.UNSPECIFIED.,.F.,.F.,(6,6),(1.06522961512,1.134345042155),
  .PIECEWISE_BEZIER_KNOTS.);
#5759 = CARTESIAN_POINT('',(-7.190182452166,-0.6));
#5760 = CARTESIAN_POINT('',(-7.198699045071,-0.485133154477));
#5761 = CARTESIAN_POINT('',(-7.207099728707,-0.367746471951));
#5762 = CARTESIAN_POINT('',(-7.21538531953,-0.247794226163));
#5763 = CARTESIAN_POINT('',(-7.223556751662,-0.125228685717));
#5764 = CARTESIAN_POINT('',(-7.231615052572,-8.881784197001E-16));
#5765 = ( GEOMETRIC_REPRESENTATION_CONTEXT(2) 
PARAMETRIC_REPRESENTATION_CONTEXT() REPRESENTATION_CONTEXT('2D SPACE',''
  ) );
#5766 = ORIENTED_EDGE('',*,*,#5767,.F.);
#5767 = EDGE_CURVE('',#5670,#5741,#5768,.T.);
#5768 = SURFACE_CURVE('',#5769,(#5773,#5780),.PCURVE_S1.);
#5769 = LINE('',#5770,#5771);
#5770 = CARTESIAN_POINT('',(6.5,0.,22.));
#5771 = VECTOR('',#5772,1.);
#5772 = DIRECTION('',(0.,1.,0.));
#5773 = PCURVE('',#101,#5774);
#5774 = DEFINITIONAL_REPRESENTATION('',(#5775),#5779);
#5775 = LINE('',#5776,#5777);
#5776 = CARTESIAN_POINT('',(21.,0.));
#5777 = VECTOR('',#5778,1.);
#5778 = DIRECTION('',(0.,-1.));
#5779 = ( GEOMETRIC_REPRESENTATION_CONTEXT(2) 
PARAMETRIC_REPRESENTATION_CONTEXT() REPRESENTATION_CONTEXT('2D SPACE',''
  ) );
#5780 = PCURVE('',#292,#5781);
#5781 = DEFINITIONAL_REPRESENTATION('',(#5782),#5786);
#5782 = LINE('',#5783,#5784);
#5783 = CARTESIAN_POINT('',(6.5,0.));
#5784 = VECTOR('',#5785,1.);
#5785 = DIRECTION('',(0.,1.));
#5786 = ( GEOMETRIC_REPRESENTATION_CONTEXT(2) 
PARAMETRIC_REPRESENTATION_CONTEXT() REPRESENTATION_CONTEXT('2D SPACE',''
  ) );
#5787 = ADVANCED_FACE('',(#5788),#128,.T.);
#5788 = FACE_BOUND('',#5789,.T.);
#5789 = EDGE_LOOP('',(#5790,#5791,#5792,#5818));
#5790 = ORIENTED_EDGE('',*,*,#113,.F.);
#5791 = ORIENTED_EDGE('',*,*,#5740,.F.);
#5792 = ORIENTED_EDGE('',*,*,#5793,.T.);
#5793 = EDGE_CURVE('',#5741,#252,#5794,.T.);
#5794 = SURFACE_CURVE('',#5795,(#5800,#5807),.PCURVE_S1.);
#5795 = CIRCLE('',#5796,10.55);
#5796 = AXIS2_PLACEMENT_3D('',#5797,#5798,#5799);
#5797 = CARTESIAN_POINT('',(0.,0.,22.));
#5798 = DIRECTION('',(0.,0.,-1.));
#5799 = DIRECTION('',(0.616113744076,0.787657193429,0.));
#5800 = PCURVE('',#128,#5801);
#5801 = DEFINITIONAL_REPRESENTATION('',(#5802),#5806);
#5802 = LINE('',#5803,#5804);
#5803 = CARTESIAN_POINT('',(-7.190182452166,-0.6));
#5804 = VECTOR('',#5805,1.);
#5805 = DIRECTION('',(1.,-0.));
#5806 = ( GEOMETRIC_REPRESENTATION_CONTEXT(2) 
PARAMETRIC_REPRESENTATION_CONTEXT() REPRESENTATION_CONTEXT('2D SPACE',''
  ) );
#5807 = PCURVE('',#292,#5808);
#5808 = DEFINITIONAL_REPRESENTATION('',(#5809),#5817);
#5809 = ( BOUNDED_CURVE() B_SPLINE_CURVE(2,(#5810,#5811,#5812,#5813,
#5814,#5815,#5816),.UNSPECIFIED.,.T.,.F.) B_SPLINE_CURVE_WITH_KNOTS((1,2
    ,2,2,2,1),(-2.094395102393,0.,2.094395102393,4.188790204786,
6.28318530718,8.377580409573),.UNSPECIFIED.) CURVE() 
GEOMETRIC_REPRESENTATION_ITEM() RATIONAL_B_SPLINE_CURVE((1.,0.5,1.,0.5,
1.,0.5,1.)) REPRESENTATION_ITEM('') );
#5810 = CARTESIAN_POINT('',(6.5,8.309783390679));
#5811 = CARTESIAN_POINT('',(20.892967032548,-2.948546858519));
#5812 = CARTESIAN_POINT('',(3.946483516274,-9.784056819938));
#5813 = CARTESIAN_POINT('',(-13.,-16.61956678135));
#5814 = CARTESIAN_POINT('',(-10.44648351627,1.47427342926));
#5815 = CARTESIAN_POINT('',(-7.892967032547,19.568113639876));
#5816 = CARTESIAN_POINT('',(6.5,8.309783390679));
#5817 = ( GEOMETRIC_REPRESENTATION_CONTEXT(2) 
PARAMETRIC_REPRESENTATION_CONTEXT() REPRESENTATION_CONTEXT('2D SPACE',''
  ) );
#5818 = ORIENTED_EDGE('',*,*,#251,.T.);
#5819 = ADVANCED_FACE('',(#5820),#161,.F.);
#5820 = FACE_BOUND('',#5821,.F.);
#5821 = EDGE_LOOP('',(#5822,#5823,#5849,#5850));
#5822 = ORIENTED_EDGE('',*,*,#5669,.F.);
#5823 = ORIENTED_EDGE('',*,*,#5824,.T.);
#5824 = EDGE_CURVE('',#5670,#144,#5825,.T.);
#5825 = SURFACE_CURVE('',#5826,(#5831,#5838),.PCURVE_S1.);
#5826 = CIRCLE('',#5827,9.);
#5827 = AXIS2_PLACEMENT_3D('',#5828,#5829,#5830);
#5828 = CARTESIAN_POINT('',(0.,0.,22.));
#5829 = DIRECTION('',(0.,0.,-1.));
#5830 = DIRECTION('',(0.722222222222,0.691661088777,0.));
#5831 = PCURVE('',#161,#5832);
#5832 = DEFINITIONAL_REPRESENTATION('',(#5833),#5837);
#5833 = LINE('',#5834,#5835);
#5834 = CARTESIAN_POINT('',(7.046971803577,21.));
#5835 = VECTOR('',#5836,1.);
#5836 = DIRECTION('',(-1.,-0.));
#5837 = ( GEOMETRIC_REPRESENTATION_CONTEXT(2) 
PARAMETRIC_REPRESENTATION_CONTEXT() REPRESENTATION_CONTEXT('2D SPACE',''
  ) );
#5838 = PCURVE('',#292,#5839);
#5839 = DEFINITIONAL_REPRESENTATION('',(#5840),#5848);
#5840 = ( BOUNDED_CURVE() B_SPLINE_CURVE(2,(#5841,#5842,#5843,#5844,
#5845,#5846,#5847),.UNSPECIFIED.,.T.,.F.) B_SPLINE_CURVE_WITH_KNOTS((1,2
    ,2,2,2,1),(-2.094395102393,0.,2.094395102393,4.188790204786,
6.28318530718,8.377580409573),.UNSPECIFIED.) CURVE() 
GEOMETRIC_REPRESENTATION_ITEM() RATIONAL_B_SPLINE_CURVE((1.,0.5,1.,0.5,
1.,0.5,1.)) REPRESENTATION_ITEM('') );
#5841 = CARTESIAN_POINT('',(6.5,6.224949798994));
#5842 = CARTESIAN_POINT('',(17.281929326424,-5.033380450203));
#5843 = CARTESIAN_POINT('',(2.140964663212,-8.741640024096));
#5844 = CARTESIAN_POINT('',(-13.,-12.44989959798));
#5845 = CARTESIAN_POINT('',(-8.640964663212,2.516690225102));
#5846 = CARTESIAN_POINT('',(-4.281929326424,17.483280048192));
#5847 = CARTESIAN_POINT('',(6.5,6.224949798994));
#5848 = ( GEOMETRIC_REPRESENTATION_CONTEXT(2) 
PARAMETRIC_REPRESENTATION_CONTEXT() REPRESENTATION_CONTEXT('2D SPACE',''
  ) );
#5849 = ORIENTED_EDGE('',*,*,#143,.T.);
#5850 = ORIENTED_EDGE('',*,*,#5851,.T.);
#5851 = EDGE_CURVE('',#146,#5672,#5852,.T.);
#5852 = SURFACE_CURVE('',#5853,(#5858,#5865),.PCURVE_S1.);
#5853 = CIRCLE('',#5854,9.);
#5854 = AXIS2_PLACEMENT_3D('',#5855,#5856,#5857);
#5855 = CARTESIAN_POINT('',(0.,0.,0.));
#5856 = DIRECTION('',(0.,0.,1.));
#5857 = DIRECTION('',(-0.722222222222,0.691661088777,0.));
#5858 = PCURVE('',#161,#5859);
#5859 = DEFINITIONAL_REPRESENTATION('',(#5860),#5864);
#5860 = LINE('',#5861,#5862);
#5861 = CARTESIAN_POINT('',(2.377806157192,-1.));
#5862 = VECTOR('',#5863,1.);
#5863 = DIRECTION('',(1.,0.));
#5864 = ( GEOMETRIC_REPRESENTATION_CONTEXT(2) 
PARAMETRIC_REPRESENTATION_CONTEXT() REPRESENTATION_CONTEXT('2D SPACE',''
  ) );
#5865 = PCURVE('',#189,#5866);
#5866 = DEFINITIONAL_REPRESENTATION('',(#5867),#5871);
#5867 = CIRCLE('',#5868,9.);
#5868 = AXIS2_PLACEMENT_2D('',#5869,#5870);
#5869 = CARTESIAN_POINT('',(0.,0.));
#5870 = DIRECTION('',(-0.722222222222,0.691661088777));
#5871 = ( GEOMETRIC_REPRESENTATION_CONTEXT(2) 
PARAMETRIC_REPRESENTATION_CONTEXT() REPRESENTATION_CONTEXT('2D SPACE',''
  ) );
#5872 = ADVANCED_FACE('',(#5873),#189,.F.);
#5873 = FACE_BOUND('',#5874,.F.);
#5874 = EDGE_LOOP('',(#5875,#5876,#5900,#5923,#5947,#5970,#5998,#6021,
    #6045,#6068,#6092,#6115,#6137,#6138));
#5875 = ORIENTED_EDGE('',*,*,#173,.T.);
#5876 = ORIENTED_EDGE('',*,*,#5877,.T.);
#5877 = EDGE_CURVE('',#174,#5878,#5880,.T.);
#5878 = VERTEX_POINT('',#5879);
#5879 = CARTESIAN_POINT('',(-7.54983443527,-13.25,0.));
#5880 = SURFACE_CURVE('',#5881,(#5886,#5893),.PCURVE_S1.);
#5881 = CIRCLE('',#5882,15.25);
#5882 = AXIS2_PLACEMENT_3D('',#5883,#5884,#5885);
#5883 = CARTESIAN_POINT('',(0.,0.,0.));
#5884 = DIRECTION('',(0.,0.,1.));
#5885 = DIRECTION('',(-0.426229508197,0.904615059759,0.));
#5886 = PCURVE('',#189,#5887);
#5887 = DEFINITIONAL_REPRESENTATION('',(#5888),#5892);
#5888 = CIRCLE('',#5889,15.25);
#5889 = AXIS2_PLACEMENT_2D('',#5890,#5891);
#5890 = CARTESIAN_POINT('',(0.,0.));
#5891 = DIRECTION('',(-0.426229508197,0.904615059759));
#5892 = ( GEOMETRIC_REPRESENTATION_CONTEXT(2) 
PARAMETRIC_REPRESENTATION_CONTEXT() REPRESENTATION_CONTEXT('2D SPACE',''
  ) );
#5893 = PCURVE('',#217,#5894);
#5894 = DEFINITIONAL_REPRESENTATION('',(#5895),#5899);
#5895 = LINE('',#5896,#5897);
#5896 = CARTESIAN_POINT('',(2.01111692861,0.));
#5897 = VECTOR('',#5898,1.);
#5898 = DIRECTION('',(1.,0.));
#5899 = ( GEOMETRIC_REPRESENTATION_CONTEXT(2) 
PARAMETRIC_REPRESENTATION_CONTEXT() REPRESENTATION_CONTEXT('2D SPACE',''
  ) );
#5900 = ORIENTED_EDGE('',*,*,#5901,.T.);
#5901 = EDGE_CURVE('',#5878,#5902,#5904,.T.);
#5902 = VERTEX_POINT('',#5903);
#5903 = CARTESIAN_POINT('',(-11.,-13.25,0.));
#5904 = SURFACE_CURVE('',#5905,(#5909,#5916),.PCURVE_S1.);
#5905 = LINE('',#5906,#5907);
#5906 = CARTESIAN_POINT('',(12.,-13.25,0.));
#5907 = VECTOR('',#5908,1.);
#5908 = DIRECTION('',(-1.,0.,0.));
#5909 = PCURVE('',#189,#5910);
#5910 = DEFINITIONAL_REPRESENTATION('',(#5911),#5915);
#5911 = LINE('',#5912,#5913);
#5912 = CARTESIAN_POINT('',(12.,-13.25));
#5913 = VECTOR('',#5914,1.);
#5914 = DIRECTION('',(-1.,0.));
#5915 = ( GEOMETRIC_REPRESENTATION_CONTEXT(2) 
PARAMETRIC_REPRESENTATION_CONTEXT() REPRESENTATION_CONTEXT('2D SPACE',''
  ) );
#5916 = PCURVE('',#353,#5917);
#5917 = DEFINITIONAL_REPRESENTATION('',(#5918),#5922);
#5918 = LINE('',#5919,#5920);
#5919 = CARTESIAN_POINT('',(0.,-0.));
#5920 = VECTOR('',#5921,1.);
#5921 = DIRECTION('',(1.,0.));
#5922 = ( GEOMETRIC_REPRESENTATION_CONTEXT(2) 
PARAMETRIC_REPRESENTATION_CONTEXT() REPRESENTATION_CONTEXT('2D SPACE',''
  ) );
#5923 = ORIENTED_EDGE('',*,*,#5924,.T.);
#5924 = EDGE_CURVE('',#5902,#5925,#5927,.T.);
#5925 = VERTEX_POINT('',#5926);
#5926 = CARTESIAN_POINT('',(-12.,-14.25,0.));
#5927 = SURFACE_CURVE('',#5928,(#5933,#5940),.PCURVE_S1.);
#5928 = CIRCLE('',#5929,1.);
#5929 = AXIS2_PLACEMENT_3D('',#5930,#5931,#5932);
#5930 = CARTESIAN_POINT('',(-11.,-14.25,0.));
#5931 = DIRECTION('',(0.,0.,1.));
#5932 = DIRECTION('',(0.,-1.,0.));
#5933 = PCURVE('',#189,#5934);
#5934 = DEFINITIONAL_REPRESENTATION('',(#5935),#5939);
#5935 = CIRCLE('',#5936,1.);
#5936 = AXIS2_PLACEMENT_2D('',#5937,#5938);
#5937 = CARTESIAN_POINT('',(-11.,-14.25));
#5938 = DIRECTION('',(0.,-1.));
#5939 = ( GEOMETRIC_REPRESENTATION_CONTEXT(2) 
PARAMETRIC_REPRESENTATION_CONTEXT() REPRESENTATION_CONTEXT('2D SPACE',''
  ) );
#5940 = PCURVE('',#382,#5941);
#5941 = DEFINITIONAL_REPRESENTATION('',(#5942),#5946);
#5942 = LINE('',#5943,#5944);
#5943 = CARTESIAN_POINT('',(-3.14159265359,0.));
#5944 = VECTOR('',#5945,1.);
#5945 = DIRECTION('',(1.,0.));
#5946 = ( GEOMETRIC_REPRESENTATION_CONTEXT(2) 
PARAMETRIC_REPRESENTATION_CONTEXT() REPRESENTATION_CONTEXT('2D SPACE',''
  ) );
#5947 = ORIENTED_EDGE('',*,*,#5948,.T.);
#5948 = EDGE_CURVE('',#5925,#5949,#5951,.T.);
#5949 = VERTEX_POINT('',#5950);
#5950 = CARTESIAN_POINT('',(-12.,-26.25,0.));
#5951 = SURFACE_CURVE('',#5952,(#5956,#5963),.PCURVE_S1.);
#5952 = LINE('',#5953,#5954);
#5953 = CARTESIAN_POINT('',(-12.,-13.25,0.));
#5954 = VECTOR('',#5955,1.);
#5955 = DIRECTION('',(0.,-1.,0.));
#5956 = PCURVE('',#189,#5957);
#5957 = DEFINITIONAL_REPRESENTATION('',(#5958),#5962);
#5958 = LINE('',#5959,#5960);
#5959 = CARTESIAN_POINT('',(-12.,-13.25));
#5960 = VECTOR('',#5961,1.);
#5961 = DIRECTION('',(0.,-1.));
#5962 = ( GEOMETRIC_REPRESENTATION_CONTEXT(2) 
PARAMETRIC_REPRESENTATION_CONTEXT() REPRESENTATION_CONTEXT('2D SPACE',''
  ) );
#5963 = PCURVE('',#410,#5964);
#5964 = DEFINITIONAL_REPRESENTATION('',(#5965),#5969);
#5965 = LINE('',#5966,#5967);
#5966 = CARTESIAN_POINT('',(0.,0.));
#5967 = VECTOR('',#5968,1.);
#5968 = DIRECTION('',(1.,0.));
#5969 = ( GEOMETRIC_REPRESENTATION_CONTEXT(2) 
PARAMETRIC_REPRESENTATION_CONTEXT() REPRESENTATION_CONTEXT('2D SPACE',''
  ) );
#5970 = ORIENTED_EDGE('',*,*,#5971,.F.);
#5971 = EDGE_CURVE('',#5972,#5949,#5974,.T.);
#5972 = VERTEX_POINT('',#5973);
#5973 = CARTESIAN_POINT('',(-11.,-27.25,0.));
#5974 = SURFACE_CURVE('',#5975,(#5980,#5991),.PCURVE_S1.);
#5975 = CIRCLE('',#5976,1.);
#5976 = AXIS2_PLACEMENT_3D('',#5977,#5978,#5979);
#5977 = CARTESIAN_POINT('',(-11.,-26.25,0.));
#5978 = DIRECTION('',(-0.,-0.,-1.));
#5979 = DIRECTION('',(0.,-1.,0.));
#5980 = PCURVE('',#189,#5981);
#5981 = DEFINITIONAL_REPRESENTATION('',(#5982),#5990);
#5982 = ( BOUNDED_CURVE() B_SPLINE_CURVE(2,(#5983,#5984,#5985,#5986,
#5987,#5988,#5989),.UNSPECIFIED.,.T.,.F.) B_SPLINE_CURVE_WITH_KNOTS((1,2
    ,2,2,2,1),(-2.094395102393,0.,2.094395102393,4.188790204786,
6.28318530718,8.377580409573),.UNSPECIFIED.) CURVE() 
GEOMETRIC_REPRESENTATION_ITEM() RATIONAL_B_SPLINE_CURVE((1.,0.5,1.,0.5,
1.,0.5,1.)) REPRESENTATION_ITEM('') );
#5983 = CARTESIAN_POINT('',(-11.,-27.25));
#5984 = CARTESIAN_POINT('',(-12.73205080756,-27.25));
#5985 = CARTESIAN_POINT('',(-11.86602540378,-25.75));
#5986 = CARTESIAN_POINT('',(-11.,-24.25));
#5987 = CARTESIAN_POINT('',(-10.13397459621,-25.75));
#5988 = CARTESIAN_POINT('',(-9.267949192431,-27.25));
#5989 = CARTESIAN_POINT('',(-11.,-27.25));
#5990 = ( GEOMETRIC_REPRESENTATION_CONTEXT(2) 
PARAMETRIC_REPRESENTATION_CONTEXT() REPRESENTATION_CONTEXT('2D SPACE',''
  ) );
#5991 = PCURVE('',#443,#5992);
#5992 = DEFINITIONAL_REPRESENTATION('',(#5993),#5997);
#5993 = LINE('',#5994,#5995);
#5994 = CARTESIAN_POINT('',(-0.,0.));
#5995 = VECTOR('',#5996,1.);
#5996 = DIRECTION('',(-1.,0.));
#5997 = ( GEOMETRIC_REPRESENTATION_CONTEXT(2) 
PARAMETRIC_REPRESENTATION_CONTEXT() REPRESENTATION_CONTEXT('2D SPACE',''
  ) );
#5998 = ORIENTED_EDGE('',*,*,#5999,.T.);
#5999 = EDGE_CURVE('',#5972,#6000,#6002,.T.);
#6000 = VERTEX_POINT('',#6001);
#6001 = CARTESIAN_POINT('',(11.,-27.25,0.));
#6002 = SURFACE_CURVE('',#6003,(#6007,#6014),.PCURVE_S1.);
#6003 = LINE('',#6004,#6005);
#6004 = CARTESIAN_POINT('',(-12.,-27.25,0.));
#6005 = VECTOR('',#6006,1.);
#6006 = DIRECTION('',(1.,0.,0.));
#6007 = PCURVE('',#189,#6008);
#6008 = DEFINITIONAL_REPRESENTATION('',(#6009),#6013);
#6009 = LINE('',#6010,#6011);
#6010 = CARTESIAN_POINT('',(-12.,-27.25));
#6011 = VECTOR('',#6012,1.);
#6012 = DIRECTION('',(1.,0.));
#6013 = ( GEOMETRIC_REPRESENTATION_CONTEXT(2) 
PARAMETRIC_REPRESENTATION_CONTEXT() REPRESENTATION_CONTEXT('2D SPACE',''
  ) );
#6014 = PCURVE('',#471,#6015);
#6015 = DEFINITIONAL_REPRESENTATION('',(#6016),#6020);
#6016 = LINE('',#6017,#6018);
#6017 = CARTESIAN_POINT('',(0.,0.));
#6018 = VECTOR('',#6019,1.);
#6019 = DIRECTION('',(1.,0.));
#6020 = ( GEOMETRIC_REPRESENTATION_CONTEXT(2) 
PARAMETRIC_REPRESENTATION_CONTEXT() REPRESENTATION_CONTEXT('2D SPACE',''
  ) );
#6021 = ORIENTED_EDGE('',*,*,#6022,.T.);
#6022 = EDGE_CURVE('',#6000,#6023,#6025,.T.);
#6023 = VERTEX_POINT('',#6024);
#6024 = CARTESIAN_POINT('',(12.,-26.25,0.));
#6025 = SURFACE_CURVE('',#6026,(#6031,#6038),.PCURVE_S1.);
#6026 = CIRCLE('',#6027,1.);
#6027 = AXIS2_PLACEMENT_3D('',#6028,#6029,#6030);
#6028 = CARTESIAN_POINT('',(11.,-26.25,0.));
#6029 = DIRECTION('',(0.,0.,1.));
#6030 = DIRECTION('',(0.,-1.,0.));
#6031 = PCURVE('',#189,#6032);
#6032 = DEFINITIONAL_REPRESENTATION('',(#6033),#6037);
#6033 = CIRCLE('',#6034,1.);
#6034 = AXIS2_PLACEMENT_2D('',#6035,#6036);
#6035 = CARTESIAN_POINT('',(11.,-26.25));
#6036 = DIRECTION('',(0.,-1.));
#6037 = ( GEOMETRIC_REPRESENTATION_CONTEXT(2) 
PARAMETRIC_REPRESENTATION_CONTEXT() REPRESENTATION_CONTEXT('2D SPACE',''
  ) );
#6038 = PCURVE('',#500,#6039);
#6039 = DEFINITIONAL_REPRESENTATION('',(#6040),#6044);
#6040 = LINE('',#6041,#6042);
#6041 = CARTESIAN_POINT('',(0.,0.));
#6042 = VECTOR('',#6043,1.);
#6043 = DIRECTION('',(1.,0.));
#6044 = ( GEOMETRIC_REPRESENTATION_CONTEXT(2) 
PARAMETRIC_REPRESENTATION_CONTEXT() REPRESENTATION_CONTEXT('2D SPACE',''
  ) );
#6045 = ORIENTED_EDGE('',*,*,#6046,.T.);
#6046 = EDGE_CURVE('',#6023,#6047,#6049,.T.);
#6047 = VERTEX_POINT('',#6048);
#6048 = CARTESIAN_POINT('',(12.,-14.25,0.));
#6049 = SURFACE_CURVE('',#6050,(#6054,#6061),.PCURVE_S1.);
#6050 = LINE('',#6051,#6052);
#6051 = CARTESIAN_POINT('',(12.,-27.25,0.));
#6052 = VECTOR('',#6053,1.);
#6053 = DIRECTION('',(0.,1.,0.));
#6054 = PCURVE('',#189,#6055);
#6055 = DEFINITIONAL_REPRESENTATION('',(#6056),#6060);
#6056 = LINE('',#6057,#6058);
#6057 = CARTESIAN_POINT('',(12.,-27.25));
#6058 = VECTOR('',#6059,1.);
#6059 = DIRECTION('',(0.,1.));
#6060 = ( GEOMETRIC_REPRESENTATION_CONTEXT(2) 
PARAMETRIC_REPRESENTATION_CONTEXT() REPRESENTATION_CONTEXT('2D SPACE',''
  ) );
#6061 = PCURVE('',#528,#6062);
#6062 = DEFINITIONAL_REPRESENTATION('',(#6063),#6067);
#6063 = LINE('',#6064,#6065);
#6064 = CARTESIAN_POINT('',(0.,0.));
#6065 = VECTOR('',#6066,1.);
#6066 = DIRECTION('',(1.,0.));
#6067 = ( GEOMETRIC_REPRESENTATION_CONTEXT(2) 
PARAMETRIC_REPRESENTATION_CONTEXT() REPRESENTATION_CONTEXT('2D SPACE',''
  ) );
#6068 = ORIENTED_EDGE('',*,*,#6069,.T.);
#6069 = EDGE_CURVE('',#6047,#6070,#6072,.T.);
#6070 = VERTEX_POINT('',#6071);
#6071 = CARTESIAN_POINT('',(11.,-13.25,0.));
#6072 = SURFACE_CURVE('',#6073,(#6078,#6085),.PCURVE_S1.);
#6073 = CIRCLE('',#6074,1.);
#6074 = AXIS2_PLACEMENT_3D('',#6075,#6076,#6077);
#6075 = CARTESIAN_POINT('',(11.,-14.25,0.));
#6076 = DIRECTION('',(0.,0.,1.));
#6077 = DIRECTION('',(0.,-1.,0.));
#6078 = PCURVE('',#189,#6079);
#6079 = DEFINITIONAL_REPRESENTATION('',(#6080),#6084);
#6080 = CIRCLE('',#6081,1.);
#6081 = AXIS2_PLACEMENT_2D('',#6082,#6083);
#6082 = CARTESIAN_POINT('',(11.,-14.25));
#6083 = DIRECTION('',(0.,-1.));
#6084 = ( GEOMETRIC_REPRESENTATION_CONTEXT(2) 
PARAMETRIC_REPRESENTATION_CONTEXT() REPRESENTATION_CONTEXT('2D SPACE',''
  ) );
#6085 = PCURVE('',#557,#6086);
#6086 = DEFINITIONAL_REPRESENTATION('',(#6087),#6091);
#6087 = LINE('',#6088,#6089);
#6088 = CARTESIAN_POINT('',(-1.570796326795,0.));
#6089 = VECTOR('',#6090,1.);
#6090 = DIRECTION('',(1.,0.));
#6091 = ( GEOMETRIC_REPRESENTATION_CONTEXT(2) 
PARAMETRIC_REPRESENTATION_CONTEXT() REPRESENTATION_CONTEXT('2D SPACE',''
  ) );
#6092 = ORIENTED_EDGE('',*,*,#6093,.T.);
#6093 = EDGE_CURVE('',#6070,#6094,#6096,.T.);
#6094 = VERTEX_POINT('',#6095);
#6095 = CARTESIAN_POINT('',(7.54983443527,-13.25,0.));
#6096 = SURFACE_CURVE('',#6097,(#6101,#6108),.PCURVE_S1.);
#6097 = LINE('',#6098,#6099);
#6098 = CARTESIAN_POINT('',(12.,-13.25,0.));
#6099 = VECTOR('',#6100,1.);
#6100 = DIRECTION('',(-1.,0.,0.));
#6101 = PCURVE('',#189,#6102);
#6102 = DEFINITIONAL_REPRESENTATION('',(#6103),#6107);
#6103 = LINE('',#6104,#6105);
#6104 = CARTESIAN_POINT('',(12.,-13.25));
#6105 = VECTOR('',#6106,1.);
#6106 = DIRECTION('',(-1.,0.));
#6107 = ( GEOMETRIC_REPRESENTATION_CONTEXT(2) 
PARAMETRIC_REPRESENTATION_CONTEXT() REPRESENTATION_CONTEXT('2D SPACE',''
  ) );
#6108 = PCURVE('',#585,#6109);
#6109 = DEFINITIONAL_REPRESENTATION('',(#6110),#6114);
#6110 = LINE('',#6111,#6112);
#6111 = CARTESIAN_POINT('',(0.,-0.));
#6112 = VECTOR('',#6113,1.);
#6113 = DIRECTION('',(1.,0.));
#6114 = ( GEOMETRIC_REPRESENTATION_CONTEXT(2) 
PARAMETRIC_REPRESENTATION_CONTEXT() REPRESENTATION_CONTEXT('2D SPACE',''
  ) );
#6115 = ORIENTED_EDGE('',*,*,#6116,.T.);
#6116 = EDGE_CURVE('',#6094,#5695,#6117,.T.);
#6117 = SURFACE_CURVE('',#6118,(#6123,#6130),.PCURVE_S1.);
#6118 = CIRCLE('',#6119,15.25);
#6119 = AXIS2_PLACEMENT_3D('',#6120,#6121,#6122);
#6120 = CARTESIAN_POINT('',(0.,0.,0.));
#6121 = DIRECTION('',(0.,0.,1.));
#6122 = DIRECTION('',(-0.426229508197,0.904615059759,0.));
#6123 = PCURVE('',#189,#6124);
#6124 = DEFINITIONAL_REPRESENTATION('',(#6125),#6129);
#6125 = CIRCLE('',#6126,15.25);
#6126 = AXIS2_PLACEMENT_2D('',#6127,#6128);
#6127 = CARTESIAN_POINT('',(0.,0.));
#6128 = DIRECTION('',(-0.426229508197,0.904615059759));
#6129 = ( GEOMETRIC_REPRESENTATION_CONTEXT(2) 
PARAMETRIC_REPRESENTATION_CONTEXT() REPRESENTATION_CONTEXT('2D SPACE',''
  ) );
#6130 = PCURVE('',#618,#6131);
#6131 = DEFINITIONAL_REPRESENTATION('',(#6132),#6136);
#6132 = LINE('',#6133,#6134);
#6133 = CARTESIAN_POINT('',(2.01111692861,0.));
#6134 = VECTOR('',#6135,1.);
#6135 = DIRECTION('',(1.,0.));
#6136 = ( GEOMETRIC_REPRESENTATION_CONTEXT(2) 
PARAMETRIC_REPRESENTATION_CONTEXT() REPRESENTATION_CONTEXT('2D SPACE',''
  ) );
#6137 = ORIENTED_EDGE('',*,*,#5694,.F.);
#6138 = ORIENTED_EDGE('',*,*,#5851,.F.);
#6139 = ADVANCED_FACE('',(#6140),#217,.T.);
#6140 = FACE_BOUND('',#6141,.T.);
#6141 = EDGE_LOOP('',(#6142,#6143,#6144,#6163));
#6142 = ORIENTED_EDGE('',*,*,#201,.F.);
#6143 = ORIENTED_EDGE('',*,*,#5877,.T.);
#6144 = ORIENTED_EDGE('',*,*,#6145,.T.);
#6145 = EDGE_CURVE('',#5878,#310,#6146,.T.);
#6146 = SURFACE_CURVE('',#6147,(#6151,#6157),.PCURVE_S1.);
#6147 = LINE('',#6148,#6149);
#6148 = CARTESIAN_POINT('',(-7.549834435271,-13.25,0.));
#6149 = VECTOR('',#6150,1.);
#6150 = DIRECTION('',(0.,0.,1.));
#6151 = PCURVE('',#217,#6152);
#6152 = DEFINITIONAL_REPRESENTATION('',(#6153),#6156);
#6153 = B_SPLINE_CURVE_WITH_KNOTS('',1,(#6154,#6155),.UNSPECIFIED.,.F.,
  .F.,(2,2),(-6.E-07,2.0000006),.PIECEWISE_BEZIER_KNOTS.);
#6154 = CARTESIAN_POINT('',(4.194472306489,-6.E-07));
#6155 = CARTESIAN_POINT('',(4.194472306489,2.0000006));
#6156 = ( GEOMETRIC_REPRESENTATION_CONTEXT(2) 
PARAMETRIC_REPRESENTATION_CONTEXT() REPRESENTATION_CONTEXT('2D SPACE',''
  ) );
#6157 = PCURVE('',#353,#6158);
#6158 = DEFINITIONAL_REPRESENTATION('',(#6159),#6162);
#6159 = B_SPLINE_CURVE_WITH_KNOTS('',1,(#6160,#6161),.UNSPECIFIED.,.F.,
  .F.,(2,2),(-6.E-07,2.0000006),.PIECEWISE_BEZIER_KNOTS.);
#6160 = CARTESIAN_POINT('',(19.549834435271,6.E-07));
#6161 = CARTESIAN_POINT('',(19.549834435271,-2.0000006));
#6162 = ( GEOMETRIC_REPRESENTATION_CONTEXT(2) 
PARAMETRIC_REPRESENTATION_CONTEXT() REPRESENTATION_CONTEXT('2D SPACE',''
  ) );
#6163 = ORIENTED_EDGE('',*,*,#309,.T.);
#6164 = ADVANCED_FACE('',(#6165),#292,.T.);
#6165 = FACE_BOUND('',#6166,.T.);
#6166 = EDGE_LOOP('',(#6167,#6168,#6169,#6170));
#6167 = ORIENTED_EDGE('',*,*,#5824,.T.);
#6168 = ORIENTED_EDGE('',*,*,#278,.T.);
#6169 = ORIENTED_EDGE('',*,*,#5793,.F.);
#6170 = ORIENTED_EDGE('',*,*,#5767,.F.);
#6171 = ADVANCED_FACE('',(#6172),#618,.T.);
#6172 = FACE_BOUND('',#6173,.T.);
#6173 = EDGE_LOOP('',(#6174,#6193,#6194,#6195));
#6174 = ORIENTED_EDGE('',*,*,#6175,.F.);
#6175 = EDGE_CURVE('',#6094,#570,#6176,.T.);
#6176 = SURFACE_CURVE('',#6177,(#6181,#6187),.PCURVE_S1.);
#6177 = LINE('',#6178,#6179);
#6178 = CARTESIAN_POINT('',(7.549834435271,-13.25,0.));
#6179 = VECTOR('',#6180,1.);
#6180 = DIRECTION('',(0.,0.,1.));
#6181 = PCURVE('',#618,#6182);
#6182 = DEFINITIONAL_REPRESENTATION('',(#6183),#6186);
#6183 = B_SPLINE_CURVE_WITH_KNOTS('',1,(#6184,#6185),.UNSPECIFIED.,.F.,
  .F.,(2,2),(-6.E-07,2.0000006),.PIECEWISE_BEZIER_KNOTS.);
#6184 = CARTESIAN_POINT('',(5.23030565428,-6.E-07));
#6185 = CARTESIAN_POINT('',(5.23030565428,2.0000006));
#6186 = ( GEOMETRIC_REPRESENTATION_CONTEXT(2) 
PARAMETRIC_REPRESENTATION_CONTEXT() REPRESENTATION_CONTEXT('2D SPACE',''
  ) );
#6187 = PCURVE('',#585,#6188);
#6188 = DEFINITIONAL_REPRESENTATION('',(#6189),#6192);
#6189 = B_SPLINE_CURVE_WITH_KNOTS('',1,(#6190,#6191),.UNSPECIFIED.,.F.,
  .F.,(2,2),(-6.E-07,2.0000006),.PIECEWISE_BEZIER_KNOTS.);
#6190 = CARTESIAN_POINT('',(4.450165564729,6.E-07));
#6191 = CARTESIAN_POINT('',(4.450165564729,-2.0000006));
#6192 = ( GEOMETRIC_REPRESENTATION_CONTEXT(2) 
PARAMETRIC_REPRESENTATION_CONTEXT() REPRESENTATION_CONTEXT('2D SPACE',''
  ) );
#6193 = ORIENTED_EDGE('',*,*,#6116,.T.);
#6194 = ORIENTED_EDGE('',*,*,#5717,.T.);
#6195 = ORIENTED_EDGE('',*,*,#597,.T.);
#6196 = ADVANCED_FACE('',(#6197),#353,.F.);
#6197 = FACE_BOUND('',#6198,.F.);
#6198 = EDGE_LOOP('',(#6199,#6200,#6201,#6202));
#6199 = ORIENTED_EDGE('',*,*,#5901,.F.);
#6200 = ORIENTED_EDGE('',*,*,#6145,.T.);
#6201 = ORIENTED_EDGE('',*,*,#337,.T.);
#6202 = ORIENTED_EDGE('',*,*,#6203,.F.);
#6203 = EDGE_CURVE('',#5902,#338,#6204,.T.);
#6204 = SURFACE_CURVE('',#6205,(#6209,#6216),.PCURVE_S1.);
#6205 = LINE('',#6206,#6207);
#6206 = CARTESIAN_POINT('',(-11.,-13.25,0.));
#6207 = VECTOR('',#6208,1.);
#6208 = DIRECTION('',(0.,0.,1.));
#6209 = PCURVE('',#353,#6210);
#6210 = DEFINITIONAL_REPRESENTATION('',(#6211),#6215);
#6211 = LINE('',#6212,#6213);
#6212 = CARTESIAN_POINT('',(23.,0.));
#6213 = VECTOR('',#6214,1.);
#6214 = DIRECTION('',(0.,-1.));
#6215 = ( GEOMETRIC_REPRESENTATION_CONTEXT(2) 
PARAMETRIC_REPRESENTATION_CONTEXT() REPRESENTATION_CONTEXT('2D SPACE',''
  ) );
#6216 = PCURVE('',#382,#6217);
#6217 = DEFINITIONAL_REPRESENTATION('',(#6218),#6222);
#6218 = LINE('',#6219,#6220);
#6219 = CARTESIAN_POINT('',(0.,0.));
#6220 = VECTOR('',#6221,1.);
#6221 = DIRECTION('',(0.,1.));
#6222 = ( GEOMETRIC_REPRESENTATION_CONTEXT(2) 
PARAMETRIC_REPRESENTATION_CONTEXT() REPRESENTATION_CONTEXT('2D SPACE',''
  ) );
#6223 = ADVANCED_FACE('',(#6224),#585,.F.);
#6224 = FACE_BOUND('',#6225,.F.);
#6225 = EDGE_LOOP('',(#6226,#6227,#6248,#6249));
#6226 = ORIENTED_EDGE('',*,*,#6093,.F.);
#6227 = ORIENTED_EDGE('',*,*,#6228,.T.);
#6228 = EDGE_CURVE('',#6070,#541,#6229,.T.);
#6229 = SURFACE_CURVE('',#6230,(#6234,#6241),.PCURVE_S1.);
#6230 = LINE('',#6231,#6232);
#6231 = CARTESIAN_POINT('',(11.,-13.25,0.));
#6232 = VECTOR('',#6233,1.);
#6233 = DIRECTION('',(0.,0.,1.));
#6234 = PCURVE('',#585,#6235);
#6235 = DEFINITIONAL_REPRESENTATION('',(#6236),#6240);
#6236 = LINE('',#6237,#6238);
#6237 = CARTESIAN_POINT('',(1.,0.));
#6238 = VECTOR('',#6239,1.);
#6239 = DIRECTION('',(0.,-1.));
#6240 = ( GEOMETRIC_REPRESENTATION_CONTEXT(2) 
PARAMETRIC_REPRESENTATION_CONTEXT() REPRESENTATION_CONTEXT('2D SPACE',''
  ) );
#6241 = PCURVE('',#557,#6242);
#6242 = DEFINITIONAL_REPRESENTATION('',(#6243),#6247);
#6243 = LINE('',#6244,#6245);
#6244 = CARTESIAN_POINT('',(1.570796326795,0.));
#6245 = VECTOR('',#6246,1.);
#6246 = DIRECTION('',(0.,1.));
#6247 = ( GEOMETRIC_REPRESENTATION_CONTEXT(2) 
PARAMETRIC_REPRESENTATION_CONTEXT() REPRESENTATION_CONTEXT('2D SPACE',''
  ) );
#6248 = ORIENTED_EDGE('',*,*,#569,.T.);
#6249 = ORIENTED_EDGE('',*,*,#6175,.F.);
#6250 = ADVANCED_FACE('',(#6251),#382,.T.);
#6251 = FACE_BOUND('',#6252,.T.);
#6252 = EDGE_LOOP('',(#6253,#6254,#6275,#6276));
#6253 = ORIENTED_EDGE('',*,*,#5924,.T.);
#6254 = ORIENTED_EDGE('',*,*,#6255,.T.);
#6255 = EDGE_CURVE('',#5925,#366,#6256,.T.);
#6256 = SURFACE_CURVE('',#6257,(#6261,#6268),.PCURVE_S1.);
#6257 = LINE('',#6258,#6259);
#6258 = CARTESIAN_POINT('',(-12.,-14.25,0.));
#6259 = VECTOR('',#6260,1.);
#6260 = DIRECTION('',(0.,0.,1.));
#6261 = PCURVE('',#382,#6262);
#6262 = DEFINITIONAL_REPRESENTATION('',(#6263),#6267);
#6263 = LINE('',#6264,#6265);
#6264 = CARTESIAN_POINT('',(1.570796326795,0.));
#6265 = VECTOR('',#6266,1.);
#6266 = DIRECTION('',(0.,1.));
#6267 = ( GEOMETRIC_REPRESENTATION_CONTEXT(2) 
PARAMETRIC_REPRESENTATION_CONTEXT() REPRESENTATION_CONTEXT('2D SPACE',''
  ) );
#6268 = PCURVE('',#410,#6269);
#6269 = DEFINITIONAL_REPRESENTATION('',(#6270),#6274);
#6270 = LINE('',#6271,#6272);
#6271 = CARTESIAN_POINT('',(1.,0.));
#6272 = VECTOR('',#6273,1.);
#6273 = DIRECTION('',(0.,-1.));
#6274 = ( GEOMETRIC_REPRESENTATION_CONTEXT(2) 
PARAMETRIC_REPRESENTATION_CONTEXT() REPRESENTATION_CONTEXT('2D SPACE',''
  ) );
#6275 = ORIENTED_EDGE('',*,*,#365,.F.);
#6276 = ORIENTED_EDGE('',*,*,#6203,.F.);
#6277 = ADVANCED_FACE('',(#6278),#557,.T.);
#6278 = FACE_BOUND('',#6279,.T.);
#6279 = EDGE_LOOP('',(#6280,#6281,#6282,#6283));
#6280 = ORIENTED_EDGE('',*,*,#6069,.T.);
#6281 = ORIENTED_EDGE('',*,*,#6228,.T.);
#6282 = ORIENTED_EDGE('',*,*,#540,.F.);
#6283 = ORIENTED_EDGE('',*,*,#6284,.F.);
#6284 = EDGE_CURVE('',#6047,#513,#6285,.T.);
#6285 = SURFACE_CURVE('',#6286,(#6290,#6297),.PCURVE_S1.);
#6286 = LINE('',#6287,#6288);
#6287 = CARTESIAN_POINT('',(12.,-14.25,0.));
#6288 = VECTOR('',#6289,1.);
#6289 = DIRECTION('',(0.,0.,1.));
#6290 = PCURVE('',#557,#6291);
#6291 = DEFINITIONAL_REPRESENTATION('',(#6292),#6296);
#6292 = LINE('',#6293,#6294);
#6293 = CARTESIAN_POINT('',(0.,0.));
#6294 = VECTOR('',#6295,1.);
#6295 = DIRECTION('',(0.,1.));
#6296 = ( GEOMETRIC_REPRESENTATION_CONTEXT(2) 
PARAMETRIC_REPRESENTATION_CONTEXT() REPRESENTATION_CONTEXT('2D SPACE',''
  ) );
#6297 = PCURVE('',#528,#6298);
#6298 = DEFINITIONAL_REPRESENTATION('',(#6299),#6303);
#6299 = LINE('',#6300,#6301);
#6300 = CARTESIAN_POINT('',(13.,0.));
#6301 = VECTOR('',#6302,1.);
#6302 = DIRECTION('',(0.,-1.));
#6303 = ( GEOMETRIC_REPRESENTATION_CONTEXT(2) 
PARAMETRIC_REPRESENTATION_CONTEXT() REPRESENTATION_CONTEXT('2D SPACE',''
  ) );
#6304 = ADVANCED_FACE('',(#6305),#443,.T.);
#6305 = FACE_BOUND('',#6306,.F.);
#6306 = EDGE_LOOP('',(#6307,#6308,#6329,#6330));
#6307 = ORIENTED_EDGE('',*,*,#5971,.T.);
#6308 = ORIENTED_EDGE('',*,*,#6309,.T.);
#6309 = EDGE_CURVE('',#5949,#395,#6310,.T.);
#6310 = SURFACE_CURVE('',#6311,(#6315,#6322),.PCURVE_S1.);
#6311 = LINE('',#6312,#6313);
#6312 = CARTESIAN_POINT('',(-12.,-26.25,0.));
#6313 = VECTOR('',#6314,1.);
#6314 = DIRECTION('',(0.,0.,1.));
#6315 = PCURVE('',#443,#6316);
#6316 = DEFINITIONAL_REPRESENTATION('',(#6317),#6321);
#6317 = LINE('',#6318,#6319);
#6318 = CARTESIAN_POINT('',(-1.570796326795,0.));
#6319 = VECTOR('',#6320,1.);
#6320 = DIRECTION('',(-0.,1.));
#6321 = ( GEOMETRIC_REPRESENTATION_CONTEXT(2) 
PARAMETRIC_REPRESENTATION_CONTEXT() REPRESENTATION_CONTEXT('2D SPACE',''
  ) );
#6322 = PCURVE('',#410,#6323);
#6323 = DEFINITIONAL_REPRESENTATION('',(#6324),#6328);
#6324 = LINE('',#6325,#6326);
#6325 = CARTESIAN_POINT('',(13.,0.));
#6326 = VECTOR('',#6327,1.);
#6327 = DIRECTION('',(0.,-1.));
#6328 = ( GEOMETRIC_REPRESENTATION_CONTEXT(2) 
PARAMETRIC_REPRESENTATION_CONTEXT() REPRESENTATION_CONTEXT('2D SPACE',''
  ) );
#6329 = ORIENTED_EDGE('',*,*,#422,.F.);
#6330 = ORIENTED_EDGE('',*,*,#6331,.F.);
#6331 = EDGE_CURVE('',#5972,#423,#6332,.T.);
#6332 = SURFACE_CURVE('',#6333,(#6337,#6344),.PCURVE_S1.);
#6333 = LINE('',#6334,#6335);
#6334 = CARTESIAN_POINT('',(-11.,-27.25,0.));
#6335 = VECTOR('',#6336,1.);
#6336 = DIRECTION('',(0.,0.,1.));
#6337 = PCURVE('',#443,#6338);
#6338 = DEFINITIONAL_REPRESENTATION('',(#6339),#6343);
#6339 = LINE('',#6340,#6341);
#6340 = CARTESIAN_POINT('',(-0.,0.));
#6341 = VECTOR('',#6342,1.);
#6342 = DIRECTION('',(-0.,1.));
#6343 = ( GEOMETRIC_REPRESENTATION_CONTEXT(2) 
PARAMETRIC_REPRESENTATION_CONTEXT() REPRESENTATION_CONTEXT('2D SPACE',''
  ) );
#6344 = PCURVE('',#471,#6345);
#6345 = DEFINITIONAL_REPRESENTATION('',(#6346),#6350);
#6346 = LINE('',#6347,#6348);
#6347 = CARTESIAN_POINT('',(1.,0.));
#6348 = VECTOR('',#6349,1.);
#6349 = DIRECTION('',(0.,-1.));
#6350 = ( GEOMETRIC_REPRESENTATION_CONTEXT(2) 
PARAMETRIC_REPRESENTATION_CONTEXT() REPRESENTATION_CONTEXT('2D SPACE',''
  ) );
#6351 = ADVANCED_FACE('',(#6352),#471,.F.);
#6352 = FACE_BOUND('',#6353,.F.);
#6353 = EDGE_LOOP('',(#6354,#6355,#6356,#6357));
#6354 = ORIENTED_EDGE('',*,*,#5999,.F.);
#6355 = ORIENTED_EDGE('',*,*,#6331,.T.);
#6356 = ORIENTED_EDGE('',*,*,#455,.T.);
#6357 = ORIENTED_EDGE('',*,*,#6358,.F.);
#6358 = EDGE_CURVE('',#6000,#456,#6359,.T.);
#6359 = SURFACE_CURVE('',#6360,(#6364,#6371),.PCURVE_S1.);
#6360 = LINE('',#6361,#6362);
#6361 = CARTESIAN_POINT('',(11.,-27.25,0.));
#6362 = VECTOR('',#6363,1.);
#6363 = DIRECTION('',(0.,0.,1.));
#6364 = PCURVE('',#471,#6365);
#6365 = DEFINITIONAL_REPRESENTATION('',(#6366),#6370);
#6366 = LINE('',#6367,#6368);
#6367 = CARTESIAN_POINT('',(23.,0.));
#6368 = VECTOR('',#6369,1.);
#6369 = DIRECTION('',(0.,-1.));
#6370 = ( GEOMETRIC_REPRESENTATION_CONTEXT(2) 
PARAMETRIC_REPRESENTATION_CONTEXT() REPRESENTATION_CONTEXT('2D SPACE',''
  ) );
#6371 = PCURVE('',#500,#6372);
#6372 = DEFINITIONAL_REPRESENTATION('',(#6373),#6377);
#6373 = LINE('',#6374,#6375);
#6374 = CARTESIAN_POINT('',(0.,0.));
#6375 = VECTOR('',#6376,1.);
#6376 = DIRECTION('',(0.,1.));
#6377 = ( GEOMETRIC_REPRESENTATION_CONTEXT(2) 
PARAMETRIC_REPRESENTATION_CONTEXT() REPRESENTATION_CONTEXT('2D SPACE',''
  ) );
#6378 = ADVANCED_FACE('',(#6379),#410,.F.);
#6379 = FACE_BOUND('',#6380,.F.);
#6380 = EDGE_LOOP('',(#6381,#6382,#6383,#6384));
#6381 = ORIENTED_EDGE('',*,*,#5948,.F.);
#6382 = ORIENTED_EDGE('',*,*,#6255,.T.);
#6383 = ORIENTED_EDGE('',*,*,#394,.T.);
#6384 = ORIENTED_EDGE('',*,*,#6309,.F.);
#6385 = ADVANCED_FACE('',(#6386),#500,.T.);
#6386 = FACE_BOUND('',#6387,.T.);
#6387 = EDGE_LOOP('',(#6388,#6389,#6410,#6411));
#6388 = ORIENTED_EDGE('',*,*,#6022,.T.);
#6389 = ORIENTED_EDGE('',*,*,#6390,.T.);
#6390 = EDGE_CURVE('',#6023,#484,#6391,.T.);
#6391 = SURFACE_CURVE('',#6392,(#6396,#6403),.PCURVE_S1.);
#6392 = LINE('',#6393,#6394);
#6393 = CARTESIAN_POINT('',(12.,-26.25,0.));
#6394 = VECTOR('',#6395,1.);
#6395 = DIRECTION('',(0.,0.,1.));
#6396 = PCURVE('',#500,#6397);
#6397 = DEFINITIONAL_REPRESENTATION('',(#6398),#6402);
#6398 = LINE('',#6399,#6400);
#6399 = CARTESIAN_POINT('',(1.570796326795,0.));
#6400 = VECTOR('',#6401,1.);
#6401 = DIRECTION('',(0.,1.));
#6402 = ( GEOMETRIC_REPRESENTATION_CONTEXT(2) 
PARAMETRIC_REPRESENTATION_CONTEXT() REPRESENTATION_CONTEXT('2D SPACE',''
  ) );
#6403 = PCURVE('',#528,#6404);
#6404 = DEFINITIONAL_REPRESENTATION('',(#6405),#6409);
#6405 = LINE('',#6406,#6407);
#6406 = CARTESIAN_POINT('',(1.,0.));
#6407 = VECTOR('',#6408,1.);
#6408 = DIRECTION('',(0.,-1.));
#6409 = ( GEOMETRIC_REPRESENTATION_CONTEXT(2) 
PARAMETRIC_REPRESENTATION_CONTEXT() REPRESENTATION_CONTEXT('2D SPACE',''
  ) );
#6410 = ORIENTED_EDGE('',*,*,#483,.F.);
#6411 = ORIENTED_EDGE('',*,*,#6358,.F.);
#6412 = ADVANCED_FACE('',(#6413),#528,.F.);
#6413 = FACE_BOUND('',#6414,.F.);
#6414 = EDGE_LOOP('',(#6415,#6416,#6417,#6418));
#6415 = ORIENTED_EDGE('',*,*,#6046,.F.);
#6416 = ORIENTED_EDGE('',*,*,#6390,.T.);
#6417 = ORIENTED_EDGE('',*,*,#512,.T.);
#6418 = ORIENTED_EDGE('',*,*,#6284,.F.);
#6419 = ADVANCED_FACE('',(#6420),#889,.T.);
#6420 = FACE_BOUND('',#6421,.T.);
#6421 = EDGE_LOOP('',(#6422,#6423,#6446,#6474));
#6422 = ORIENTED_EDGE('',*,*,#871,.T.);
#6423 = ORIENTED_EDGE('',*,*,#6424,.T.);
#6424 = EDGE_CURVE('',#874,#6425,#6427,.T.);
#6425 = VERTEX_POINT('',#6426);
#6426 = CARTESIAN_POINT('',(-4.10400390625,-23.97924804687,2.6));
#6427 = SURFACE_CURVE('',#6428,(#6432,#6439),.PCURVE_S1.);
#6428 = LINE('',#6429,#6430);
#6429 = CARTESIAN_POINT('',(-4.10400390625,-23.97924804687,1.9));
#6430 = VECTOR('',#6431,1.);
#6431 = DIRECTION('',(0.,0.,1.));
#6432 = PCURVE('',#889,#6433);
#6433 = DEFINITIONAL_REPRESENTATION('',(#6434),#6438);
#6434 = LINE('',#6435,#6436);
#6435 = CARTESIAN_POINT('',(0.,0.));
#6436 = VECTOR('',#6437,1.);
#6437 = DIRECTION('',(0.,-1.));
#6438 = ( GEOMETRIC_REPRESENTATION_CONTEXT(2) 
PARAMETRIC_REPRESENTATION_CONTEXT() REPRESENTATION_CONTEXT('2D SPACE',''
  ) );
#6439 = PCURVE('',#1839,#6440);
#6440 = DEFINITIONAL_REPRESENTATION('',(#6441),#6445);
#6441 = LINE('',#6442,#6443);
#6442 = CARTESIAN_POINT('',(1.,0.));
#6443 = VECTOR('',#6444,1.);
#6444 = DIRECTION('',(0.,-1.));
#6445 = ( GEOMETRIC_REPRESENTATION_CONTEXT(2) 
PARAMETRIC_REPRESENTATION_CONTEXT() REPRESENTATION_CONTEXT('2D SPACE',''
  ) );
#6446 = ORIENTED_EDGE('',*,*,#6447,.T.);
#6447 = EDGE_CURVE('',#6425,#6448,#6450,.T.);
#6448 = VERTEX_POINT('',#6449);
#6449 = CARTESIAN_POINT('',(-2.3486328125,-23.97924804687,2.6));
#6450 = SURFACE_CURVE('',#6451,(#6455,#6462),.PCURVE_S1.);
#6451 = LINE('',#6452,#6453);
#6452 = CARTESIAN_POINT('',(-4.10400390625,-23.97924804687,2.6));
#6453 = VECTOR('',#6454,1.);
#6454 = DIRECTION('',(1.,0.,0.));
#6455 = PCURVE('',#889,#6456);
#6456 = DEFINITIONAL_REPRESENTATION('',(#6457),#6461);
#6457 = LINE('',#6458,#6459);
#6458 = CARTESIAN_POINT('',(0.,-0.7));
#6459 = VECTOR('',#6460,1.);
#6460 = DIRECTION('',(1.,0.));
#6461 = ( GEOMETRIC_REPRESENTATION_CONTEXT(2) 
PARAMETRIC_REPRESENTATION_CONTEXT() REPRESENTATION_CONTEXT('2D SPACE',''
  ) );
#6462 = PCURVE('',#6463,#6468);
#6463 = PLANE('',#6464);
#6464 = AXIS2_PLACEMENT_3D('',#6465,#6466,#6467);
#6465 = CARTESIAN_POINT('',(-4.86572265625,-24.40161132812,2.6));
#6466 = DIRECTION('',(0.,0.,1.));
#6467 = DIRECTION('',(1.,0.,0.));
#6468 = DEFINITIONAL_REPRESENTATION('',(#6469),#6473);
#6469 = LINE('',#6470,#6471);
#6470 = CARTESIAN_POINT('',(0.76171875,0.42236328125));
#6471 = VECTOR('',#6472,1.);
#6472 = DIRECTION('',(1.,0.));
#6473 = ( GEOMETRIC_REPRESENTATION_CONTEXT(2) 
PARAMETRIC_REPRESENTATION_CONTEXT() REPRESENTATION_CONTEXT('2D SPACE',''
  ) );
#6474 = ORIENTED_EDGE('',*,*,#6475,.F.);
#6475 = EDGE_CURVE('',#872,#6448,#6476,.T.);
#6476 = SURFACE_CURVE('',#6477,(#6481,#6488),.PCURVE_S1.);
#6477 = LINE('',#6478,#6479);
#6478 = CARTESIAN_POINT('',(-2.3486328125,-23.97924804687,1.9));
#6479 = VECTOR('',#6480,1.);
#6480 = DIRECTION('',(0.,0.,1.));
#6481 = PCURVE('',#889,#6482);
#6482 = DEFINITIONAL_REPRESENTATION('',(#6483),#6487);
#6483 = LINE('',#6484,#6485);
#6484 = CARTESIAN_POINT('',(1.75537109375,0.));
#6485 = VECTOR('',#6486,1.);
#6486 = DIRECTION('',(0.,-1.));
#6487 = ( GEOMETRIC_REPRESENTATION_CONTEXT(2) 
PARAMETRIC_REPRESENTATION_CONTEXT() REPRESENTATION_CONTEXT('2D SPACE',''
  ) );
#6488 = PCURVE('',#916,#6489);
#6489 = DEFINITIONAL_REPRESENTATION('',(#6490),#6494);
#6490 = LINE('',#6491,#6492);
#6491 = CARTESIAN_POINT('',(0.,0.));
#6492 = VECTOR('',#6493,1.);
#6493 = DIRECTION('',(0.,-1.));
#6494 = ( GEOMETRIC_REPRESENTATION_CONTEXT(2) 
PARAMETRIC_REPRESENTATION_CONTEXT() REPRESENTATION_CONTEXT('2D SPACE',''
  ) );
#6495 = ADVANCED_FACE('',(#6496),#1839,.T.);
#6496 = FACE_BOUND('',#6497,.T.);
#6497 = EDGE_LOOP('',(#6498,#6499,#6522,#6543));
#6498 = ORIENTED_EDGE('',*,*,#1821,.T.);
#6499 = ORIENTED_EDGE('',*,*,#6500,.T.);
#6500 = EDGE_CURVE('',#1777,#6501,#6503,.T.);
#6501 = VERTEX_POINT('',#6502);
#6502 = CARTESIAN_POINT('',(-3.91845703125,-23.7412109375,2.6));
#6503 = SURFACE_CURVE('',#6504,(#6508,#6515),.PCURVE_S1.);
#6504 = LINE('',#6505,#6506);
#6505 = CARTESIAN_POINT('',(-3.91845703125,-23.7412109375,1.9));
#6506 = VECTOR('',#6507,1.);
#6507 = DIRECTION('',(0.,0.,1.));
#6508 = PCURVE('',#1839,#6509);
#6509 = DEFINITIONAL_REPRESENTATION('',(#6510),#6514);
#6510 = LINE('',#6511,#6512);
#6511 = CARTESIAN_POINT('',(0.,0.));
#6512 = VECTOR('',#6513,1.);
#6513 = DIRECTION('',(0.,-1.));
#6514 = ( GEOMETRIC_REPRESENTATION_CONTEXT(2) 
PARAMETRIC_REPRESENTATION_CONTEXT() REPRESENTATION_CONTEXT('2D SPACE',''
  ) );
#6515 = PCURVE('',#1802,#6516);
#6516 = DEFINITIONAL_REPRESENTATION('',(#6517),#6521);
#6517 = LINE('',#6518,#6519);
#6518 = CARTESIAN_POINT('',(1.,0.));
#6519 = VECTOR('',#6520,1.);
#6520 = DIRECTION('',(0.,-1.));
#6521 = ( GEOMETRIC_REPRESENTATION_CONTEXT(2) 
PARAMETRIC_REPRESENTATION_CONTEXT() REPRESENTATION_CONTEXT('2D SPACE',''
  ) );
#6522 = ORIENTED_EDGE('',*,*,#6523,.T.);
#6523 = EDGE_CURVE('',#6501,#6425,#6524,.T.);
#6524 = SURFACE_CURVE('',#6525,(#6529,#6536),.PCURVE_S1.);
#6525 = B_SPLINE_CURVE_WITH_KNOTS('',2,(#6526,#6527,#6528),
  .UNSPECIFIED.,.F.,.F.,(3,3),(0.,1.),.PIECEWISE_BEZIER_KNOTS.);
#6526 = CARTESIAN_POINT('',(-3.91845703125,-23.7412109375,2.6));
#6527 = CARTESIAN_POINT('',(-4.03076171875,-23.85961914062,2.6));
#6528 = CARTESIAN_POINT('',(-4.10400390625,-23.97924804687,2.6));
#6529 = PCURVE('',#1839,#6530);
#6530 = DEFINITIONAL_REPRESENTATION('',(#6531),#6535);
#6531 = LINE('',#6532,#6533);
#6532 = CARTESIAN_POINT('',(0.,-0.7));
#6533 = VECTOR('',#6534,1.);
#6534 = DIRECTION('',(1.,0.));
#6535 = ( GEOMETRIC_REPRESENTATION_CONTEXT(2) 
PARAMETRIC_REPRESENTATION_CONTEXT() REPRESENTATION_CONTEXT('2D SPACE',''
  ) );
#6536 = PCURVE('',#6463,#6537);
#6537 = DEFINITIONAL_REPRESENTATION('',(#6538),#6542);
#6538 = B_SPLINE_CURVE_WITH_KNOTS('',2,(#6539,#6540,#6541),
  .UNSPECIFIED.,.F.,.F.,(3,3),(0.,1.),.PIECEWISE_BEZIER_KNOTS.);
#6539 = CARTESIAN_POINT('',(0.947265625,0.660400390625));
#6540 = CARTESIAN_POINT('',(0.8349609375,0.5419921875));
#6541 = CARTESIAN_POINT('',(0.76171875,0.42236328125));
#6542 = ( GEOMETRIC_REPRESENTATION_CONTEXT(2) 
PARAMETRIC_REPRESENTATION_CONTEXT() REPRESENTATION_CONTEXT('2D SPACE',''
  ) );
#6543 = ORIENTED_EDGE('',*,*,#6424,.F.);
#6544 = ADVANCED_FACE('',(#6545),#1802,.T.);
#6545 = FACE_BOUND('',#6546,.T.);
#6546 = EDGE_LOOP('',(#6547,#6548,#6571,#6592));
#6547 = ORIENTED_EDGE('',*,*,#1776,.T.);
#6548 = ORIENTED_EDGE('',*,*,#6549,.T.);
#6549 = EDGE_CURVE('',#1735,#6550,#6552,.T.);
#6550 = VERTEX_POINT('',#6551);
#6551 = CARTESIAN_POINT('',(-3.41064453125,-23.29077148437,2.6));
#6552 = SURFACE_CURVE('',#6553,(#6557,#6564),.PCURVE_S1.);
#6553 = LINE('',#6554,#6555);
#6554 = CARTESIAN_POINT('',(-3.41064453125,-23.29077148437,1.9));
#6555 = VECTOR('',#6556,1.);
#6556 = DIRECTION('',(0.,0.,1.));
#6557 = PCURVE('',#1802,#6558);
#6558 = DEFINITIONAL_REPRESENTATION('',(#6559),#6563);
#6559 = LINE('',#6560,#6561);
#6560 = CARTESIAN_POINT('',(0.,0.));
#6561 = VECTOR('',#6562,1.);
#6562 = DIRECTION('',(0.,-1.));
#6563 = ( GEOMETRIC_REPRESENTATION_CONTEXT(2) 
PARAMETRIC_REPRESENTATION_CONTEXT() REPRESENTATION_CONTEXT('2D SPACE',''
  ) );
#6564 = PCURVE('',#1758,#6565);
#6565 = DEFINITIONAL_REPRESENTATION('',(#6566),#6570);
#6566 = LINE('',#6567,#6568);
#6567 = CARTESIAN_POINT('',(1.,0.));
#6568 = VECTOR('',#6569,1.);
#6569 = DIRECTION('',(0.,-1.));
#6570 = ( GEOMETRIC_REPRESENTATION_CONTEXT(2) 
PARAMETRIC_REPRESENTATION_CONTEXT() REPRESENTATION_CONTEXT('2D SPACE',''
  ) );
#6571 = ORIENTED_EDGE('',*,*,#6572,.T.);
#6572 = EDGE_CURVE('',#6550,#6501,#6573,.T.);
#6573 = SURFACE_CURVE('',#6574,(#6578,#6585),.PCURVE_S1.);
#6574 = B_SPLINE_CURVE_WITH_KNOTS('',2,(#6575,#6576,#6577),
  .UNSPECIFIED.,.F.,.F.,(3,3),(0.,1.),.PIECEWISE_BEZIER_KNOTS.);
#6575 = CARTESIAN_POINT('',(-3.41064453125,-23.29077148437,2.6));
#6576 = CARTESIAN_POINT('',(-3.80615234375,-23.62280273437,2.6));
#6577 = CARTESIAN_POINT('',(-3.91845703125,-23.7412109375,2.6));
#6578 = PCURVE('',#1802,#6579);
#6579 = DEFINITIONAL_REPRESENTATION('',(#6580),#6584);
#6580 = LINE('',#6581,#6582);
#6581 = CARTESIAN_POINT('',(0.,-0.7));
#6582 = VECTOR('',#6583,1.);
#6583 = DIRECTION('',(1.,0.));
#6584 = ( GEOMETRIC_REPRESENTATION_CONTEXT(2) 
PARAMETRIC_REPRESENTATION_CONTEXT() REPRESENTATION_CONTEXT('2D SPACE',''
  ) );
#6585 = PCURVE('',#6463,#6586);
#6586 = DEFINITIONAL_REPRESENTATION('',(#6587),#6591);
#6587 = B_SPLINE_CURVE_WITH_KNOTS('',2,(#6588,#6589,#6590),
  .UNSPECIFIED.,.F.,.F.,(3,3),(0.,1.),.PIECEWISE_BEZIER_KNOTS.);
#6588 = CARTESIAN_POINT('',(1.455078125,1.11083984375));
#6589 = CARTESIAN_POINT('',(1.0595703125,0.77880859375));
#6590 = CARTESIAN_POINT('',(0.947265625,0.660400390625));
#6591 = ( GEOMETRIC_REPRESENTATION_CONTEXT(2) 
PARAMETRIC_REPRESENTATION_CONTEXT() REPRESENTATION_CONTEXT('2D SPACE',''
  ) );
#6592 = ORIENTED_EDGE('',*,*,#6500,.F.);
#6593 = ADVANCED_FACE('',(#6594),#1758,.T.);
#6594 = FACE_BOUND('',#6595,.T.);
#6595 = EDGE_LOOP('',(#6596,#6597,#6620,#6641));
#6596 = ORIENTED_EDGE('',*,*,#1734,.T.);
#6597 = ORIENTED_EDGE('',*,*,#6598,.T.);
#6598 = EDGE_CURVE('',#1696,#6599,#6601,.T.);
#6599 = VERTEX_POINT('',#6600);
#6600 = CARTESIAN_POINT('',(-2.733154296875,-22.66088867187,2.6));
#6601 = SURFACE_CURVE('',#6602,(#6606,#6613),.PCURVE_S1.);
#6602 = LINE('',#6603,#6604);
#6603 = CARTESIAN_POINT('',(-2.733154296875,-22.66088867187,1.9));
#6604 = VECTOR('',#6605,1.);
#6605 = DIRECTION('',(0.,0.,1.));
#6606 = PCURVE('',#1758,#6607);
#6607 = DEFINITIONAL_REPRESENTATION('',(#6608),#6612);
#6608 = LINE('',#6609,#6610);
#6609 = CARTESIAN_POINT('',(0.,0.));
#6610 = VECTOR('',#6611,1.);
#6611 = DIRECTION('',(0.,-1.));
#6612 = ( GEOMETRIC_REPRESENTATION_CONTEXT(2) 
PARAMETRIC_REPRESENTATION_CONTEXT() REPRESENTATION_CONTEXT('2D SPACE',''
  ) );
#6613 = PCURVE('',#1717,#6614);
#6614 = DEFINITIONAL_REPRESENTATION('',(#6615),#6619);
#6615 = LINE('',#6616,#6617);
#6616 = CARTESIAN_POINT('',(1.,0.));
#6617 = VECTOR('',#6618,1.);
#6618 = DIRECTION('',(0.,-1.));
#6619 = ( GEOMETRIC_REPRESENTATION_CONTEXT(2) 
PARAMETRIC_REPRESENTATION_CONTEXT() REPRESENTATION_CONTEXT('2D SPACE',''
  ) );
#6620 = ORIENTED_EDGE('',*,*,#6621,.T.);
#6621 = EDGE_CURVE('',#6599,#6550,#6622,.T.);
#6622 = SURFACE_CURVE('',#6623,(#6627,#6634),.PCURVE_S1.);
#6623 = B_SPLINE_CURVE_WITH_KNOTS('',2,(#6624,#6625,#6626),
  .UNSPECIFIED.,.F.,.F.,(3,3),(0.,1.),.PIECEWISE_BEZIER_KNOTS.);
#6624 = CARTESIAN_POINT('',(-2.733154296875,-22.66088867187,2.6));
#6625 = CARTESIAN_POINT('',(-2.93701171875,-22.89038085937,2.6));
#6626 = CARTESIAN_POINT('',(-3.41064453125,-23.29077148437,2.6));
#6627 = PCURVE('',#1758,#6628);
#6628 = DEFINITIONAL_REPRESENTATION('',(#6629),#6633);
#6629 = LINE('',#6630,#6631);
#6630 = CARTESIAN_POINT('',(0.,-0.7));
#6631 = VECTOR('',#6632,1.);
#6632 = DIRECTION('',(1.,0.));
#6633 = ( GEOMETRIC_REPRESENTATION_CONTEXT(2) 
PARAMETRIC_REPRESENTATION_CONTEXT() REPRESENTATION_CONTEXT('2D SPACE',''
  ) );
#6634 = PCURVE('',#6463,#6635);
#6635 = DEFINITIONAL_REPRESENTATION('',(#6636),#6640);
#6636 = B_SPLINE_CURVE_WITH_KNOTS('',2,(#6637,#6638,#6639),
  .UNSPECIFIED.,.F.,.F.,(3,3),(0.,1.),.PIECEWISE_BEZIER_KNOTS.);
#6637 = CARTESIAN_POINT('',(2.132568359375,1.74072265625));
#6638 = CARTESIAN_POINT('',(1.9287109375,1.51123046875));
#6639 = CARTESIAN_POINT('',(1.455078125,1.11083984375));
#6640 = ( GEOMETRIC_REPRESENTATION_CONTEXT(2) 
PARAMETRIC_REPRESENTATION_CONTEXT() REPRESENTATION_CONTEXT('2D SPACE',''
  ) );
#6641 = ORIENTED_EDGE('',*,*,#6549,.F.);
#6642 = ADVANCED_FACE('',(#6643),#1717,.T.);
#6643 = FACE_BOUND('',#6644,.T.);
#6644 = EDGE_LOOP('',(#6645,#6646,#6669,#6690));
#6645 = ORIENTED_EDGE('',*,*,#1695,.T.);
#6646 = ORIENTED_EDGE('',*,*,#6647,.T.);
#6647 = EDGE_CURVE('',#1645,#6648,#6650,.T.);
#6648 = VERTEX_POINT('',#6649);
#6649 = CARTESIAN_POINT('',(-2.44140625,-22.22387695312,2.6));
#6650 = SURFACE_CURVE('',#6651,(#6655,#6662),.PCURVE_S1.);
#6651 = LINE('',#6652,#6653);
#6652 = CARTESIAN_POINT('',(-2.44140625,-22.22387695312,1.9));
#6653 = VECTOR('',#6654,1.);
#6654 = DIRECTION('',(0.,0.,1.));
#6655 = PCURVE('',#1717,#6656);
#6656 = DEFINITIONAL_REPRESENTATION('',(#6657),#6661);
#6657 = LINE('',#6658,#6659);
#6658 = CARTESIAN_POINT('',(0.,0.));
#6659 = VECTOR('',#6660,1.);
#6660 = DIRECTION('',(0.,-1.));
#6661 = ( GEOMETRIC_REPRESENTATION_CONTEXT(2) 
PARAMETRIC_REPRESENTATION_CONTEXT() REPRESENTATION_CONTEXT('2D SPACE',''
  ) );
#6662 = PCURVE('',#1674,#6663);
#6663 = DEFINITIONAL_REPRESENTATION('',(#6664),#6668);
#6664 = LINE('',#6665,#6666);
#6665 = CARTESIAN_POINT('',(1.,0.));
#6666 = VECTOR('',#6667,1.);
#6667 = DIRECTION('',(0.,-1.));
#6668 = ( GEOMETRIC_REPRESENTATION_CONTEXT(2) 
PARAMETRIC_REPRESENTATION_CONTEXT() REPRESENTATION_CONTEXT('2D SPACE',''
  ) );
#6669 = ORIENTED_EDGE('',*,*,#6670,.T.);
#6670 = EDGE_CURVE('',#6648,#6599,#6671,.T.);
#6671 = SURFACE_CURVE('',#6672,(#6676,#6683),.PCURVE_S1.);
#6672 = B_SPLINE_CURVE_WITH_KNOTS('',2,(#6673,#6674,#6675),
  .UNSPECIFIED.,.F.,.F.,(3,3),(0.,1.),.PIECEWISE_BEZIER_KNOTS.);
#6673 = CARTESIAN_POINT('',(-2.44140625,-22.22387695312,2.6));
#6674 = CARTESIAN_POINT('',(-2.529296875,-22.43139648437,2.6));
#6675 = CARTESIAN_POINT('',(-2.733154296875,-22.66088867187,2.6));
#6676 = PCURVE('',#1717,#6677);
#6677 = DEFINITIONAL_REPRESENTATION('',(#6678),#6682);
#6678 = LINE('',#6679,#6680);
#6679 = CARTESIAN_POINT('',(0.,-0.7));
#6680 = VECTOR('',#6681,1.);
#6681 = DIRECTION('',(1.,0.));
#6682 = ( GEOMETRIC_REPRESENTATION_CONTEXT(2) 
PARAMETRIC_REPRESENTATION_CONTEXT() REPRESENTATION_CONTEXT('2D SPACE',''
  ) );
#6683 = PCURVE('',#6463,#6684);
#6684 = DEFINITIONAL_REPRESENTATION('',(#6685),#6689);
#6685 = B_SPLINE_CURVE_WITH_KNOTS('',2,(#6686,#6687,#6688),
  .UNSPECIFIED.,.F.,.F.,(3,3),(0.,1.),.PIECEWISE_BEZIER_KNOTS.);
#6686 = CARTESIAN_POINT('',(2.42431640625,2.177734375));
#6687 = CARTESIAN_POINT('',(2.33642578125,1.97021484375));
#6688 = CARTESIAN_POINT('',(2.132568359375,1.74072265625));
#6689 = ( GEOMETRIC_REPRESENTATION_CONTEXT(2) 
PARAMETRIC_REPRESENTATION_CONTEXT() REPRESENTATION_CONTEXT('2D SPACE',''
  ) );
#6690 = ORIENTED_EDGE('',*,*,#6598,.F.);
#6691 = ADVANCED_FACE('',(#6692),#1674,.T.);
#6692 = FACE_BOUND('',#6693,.T.);
#6693 = EDGE_LOOP('',(#6694,#6695,#6718,#6739));
#6694 = ORIENTED_EDGE('',*,*,#1644,.T.);
#6695 = ORIENTED_EDGE('',*,*,#6696,.T.);
#6696 = EDGE_CURVE('',#1594,#6697,#6699,.T.);
#6697 = VERTEX_POINT('',#6698);
#6698 = CARTESIAN_POINT('',(-2.353515625,-21.80151367187,2.6));
#6699 = SURFACE_CURVE('',#6700,(#6704,#6711),.PCURVE_S1.);
#6700 = LINE('',#6701,#6702);
#6701 = CARTESIAN_POINT('',(-2.353515625,-21.80151367187,1.9));
#6702 = VECTOR('',#6703,1.);
#6703 = DIRECTION('',(0.,0.,1.));
#6704 = PCURVE('',#1674,#6705);
#6705 = DEFINITIONAL_REPRESENTATION('',(#6706),#6710);
#6706 = LINE('',#6707,#6708);
#6707 = CARTESIAN_POINT('',(0.,0.));
#6708 = VECTOR('',#6709,1.);
#6709 = DIRECTION('',(0.,-1.));
#6710 = ( GEOMETRIC_REPRESENTATION_CONTEXT(2) 
PARAMETRIC_REPRESENTATION_CONTEXT() REPRESENTATION_CONTEXT('2D SPACE',''
  ) );
#6711 = PCURVE('',#1623,#6712);
#6712 = DEFINITIONAL_REPRESENTATION('',(#6713),#6717);
#6713 = LINE('',#6714,#6715);
#6714 = CARTESIAN_POINT('',(1.,0.));
#6715 = VECTOR('',#6716,1.);
#6716 = DIRECTION('',(0.,-1.));
#6717 = ( GEOMETRIC_REPRESENTATION_CONTEXT(2) 
PARAMETRIC_REPRESENTATION_CONTEXT() REPRESENTATION_CONTEXT('2D SPACE',''
  ) );
#6718 = ORIENTED_EDGE('',*,*,#6719,.T.);
#6719 = EDGE_CURVE('',#6697,#6648,#6720,.T.);
#6720 = SURFACE_CURVE('',#6721,(#6725,#6732),.PCURVE_S1.);
#6721 = B_SPLINE_CURVE_WITH_KNOTS('',2,(#6722,#6723,#6724),
  .UNSPECIFIED.,.F.,.F.,(3,3),(0.,1.),.PIECEWISE_BEZIER_KNOTS.);
#6722 = CARTESIAN_POINT('',(-2.353515625,-21.80151367187,2.6));
#6723 = CARTESIAN_POINT('',(-2.353515625,-22.01635742187,2.6));
#6724 = CARTESIAN_POINT('',(-2.44140625,-22.22387695312,2.6));
#6725 = PCURVE('',#1674,#6726);
#6726 = DEFINITIONAL_REPRESENTATION('',(#6727),#6731);
#6727 = LINE('',#6728,#6729);
#6728 = CARTESIAN_POINT('',(0.,-0.7));
#6729 = VECTOR('',#6730,1.);
#6730 = DIRECTION('',(1.,0.));
#6731 = ( GEOMETRIC_REPRESENTATION_CONTEXT(2) 
PARAMETRIC_REPRESENTATION_CONTEXT() REPRESENTATION_CONTEXT('2D SPACE',''
  ) );
#6732 = PCURVE('',#6463,#6733);
#6733 = DEFINITIONAL_REPRESENTATION('',(#6734),#6738);
#6734 = B_SPLINE_CURVE_WITH_KNOTS('',2,(#6735,#6736,#6737),
  .UNSPECIFIED.,.F.,.F.,(3,3),(0.,1.),.PIECEWISE_BEZIER_KNOTS.);
#6735 = CARTESIAN_POINT('',(2.51220703125,2.60009765625));
#6736 = CARTESIAN_POINT('',(2.51220703125,2.38525390625));
#6737 = CARTESIAN_POINT('',(2.42431640625,2.177734375));
#6738 = ( GEOMETRIC_REPRESENTATION_CONTEXT(2) 
PARAMETRIC_REPRESENTATION_CONTEXT() REPRESENTATION_CONTEXT('2D SPACE',''
  ) );
#6739 = ORIENTED_EDGE('',*,*,#6647,.F.);
#6740 = ADVANCED_FACE('',(#6741),#1623,.T.);
#6741 = FACE_BOUND('',#6742,.T.);
#6742 = EDGE_LOOP('',(#6743,#6744,#6767,#6788));
#6743 = ORIENTED_EDGE('',*,*,#1593,.T.);
#6744 = ORIENTED_EDGE('',*,*,#6745,.T.);
#6745 = EDGE_CURVE('',#1537,#6746,#6748,.T.);
#6746 = VERTEX_POINT('',#6747);
#6747 = CARTESIAN_POINT('',(-2.65380859375,-21.09350585937,2.6));
#6748 = SURFACE_CURVE('',#6749,(#6753,#6760),.PCURVE_S1.);
#6749 = LINE('',#6750,#6751);
#6750 = CARTESIAN_POINT('',(-2.65380859375,-21.09350585937,1.9));
#6751 = VECTOR('',#6752,1.);
#6752 = DIRECTION('',(0.,0.,1.));
#6753 = PCURVE('',#1623,#6754);
#6754 = DEFINITIONAL_REPRESENTATION('',(#6755),#6759);
#6755 = LINE('',#6756,#6757);
#6756 = CARTESIAN_POINT('',(0.,0.));
#6757 = VECTOR('',#6758,1.);
#6758 = DIRECTION('',(0.,-1.));
#6759 = ( GEOMETRIC_REPRESENTATION_CONTEXT(2) 
PARAMETRIC_REPRESENTATION_CONTEXT() REPRESENTATION_CONTEXT('2D SPACE',''
  ) );
#6760 = PCURVE('',#1570,#6761);
#6761 = DEFINITIONAL_REPRESENTATION('',(#6762),#6766);
#6762 = LINE('',#6763,#6764);
#6763 = CARTESIAN_POINT('',(1.,0.));
#6764 = VECTOR('',#6765,1.);
#6765 = DIRECTION('',(0.,-1.));
#6766 = ( GEOMETRIC_REPRESENTATION_CONTEXT(2) 
PARAMETRIC_REPRESENTATION_CONTEXT() REPRESENTATION_CONTEXT('2D SPACE',''
  ) );
#6767 = ORIENTED_EDGE('',*,*,#6768,.T.);
#6768 = EDGE_CURVE('',#6746,#6697,#6769,.T.);
#6769 = SURFACE_CURVE('',#6770,(#6774,#6781),.PCURVE_S1.);
#6770 = B_SPLINE_CURVE_WITH_KNOTS('',2,(#6771,#6772,#6773),
  .UNSPECIFIED.,.F.,.F.,(3,3),(0.,1.),.PIECEWISE_BEZIER_KNOTS.);
#6771 = CARTESIAN_POINT('',(-2.65380859375,-21.09350585937,2.6));
#6772 = CARTESIAN_POINT('',(-2.353515625,-21.37915039062,2.6));
#6773 = CARTESIAN_POINT('',(-2.353515625,-21.80151367187,2.6));
#6774 = PCURVE('',#1623,#6775);
#6775 = DEFINITIONAL_REPRESENTATION('',(#6776),#6780);
#6776 = LINE('',#6777,#6778);
#6777 = CARTESIAN_POINT('',(0.,-0.7));
#6778 = VECTOR('',#6779,1.);
#6779 = DIRECTION('',(1.,0.));
#6780 = ( GEOMETRIC_REPRESENTATION_CONTEXT(2) 
PARAMETRIC_REPRESENTATION_CONTEXT() REPRESENTATION_CONTEXT('2D SPACE',''
  ) );
#6781 = PCURVE('',#6463,#6782);
#6782 = DEFINITIONAL_REPRESENTATION('',(#6783),#6787);
#6783 = B_SPLINE_CURVE_WITH_KNOTS('',2,(#6784,#6785,#6786),
  .UNSPECIFIED.,.F.,.F.,(3,3),(0.,1.),.PIECEWISE_BEZIER_KNOTS.);
#6784 = CARTESIAN_POINT('',(2.2119140625,3.30810546875));
#6785 = CARTESIAN_POINT('',(2.51220703125,3.0224609375));
#6786 = CARTESIAN_POINT('',(2.51220703125,2.60009765625));
#6787 = ( GEOMETRIC_REPRESENTATION_CONTEXT(2) 
PARAMETRIC_REPRESENTATION_CONTEXT() REPRESENTATION_CONTEXT('2D SPACE',''
  ) );
#6788 = ORIENTED_EDGE('',*,*,#6696,.F.);
#6789 = ADVANCED_FACE('',(#6790),#1570,.T.);
#6790 = FACE_BOUND('',#6791,.T.);
#6791 = EDGE_LOOP('',(#6792,#6793,#6816,#6837));
#6792 = ORIENTED_EDGE('',*,*,#1536,.T.);
#6793 = ORIENTED_EDGE('',*,*,#6794,.T.);
#6794 = EDGE_CURVE('',#1474,#6795,#6797,.T.);
#6795 = VERTEX_POINT('',#6796);
#6796 = CARTESIAN_POINT('',(-3.46923828125,-20.80786132812,2.6));
#6797 = SURFACE_CURVE('',#6798,(#6802,#6809),.PCURVE_S1.);
#6798 = LINE('',#6799,#6800);
#6799 = CARTESIAN_POINT('',(-3.46923828125,-20.80786132812,1.9));
#6800 = VECTOR('',#6801,1.);
#6801 = DIRECTION('',(0.,0.,1.));
#6802 = PCURVE('',#1570,#6803);
#6803 = DEFINITIONAL_REPRESENTATION('',(#6804),#6808);
#6804 = LINE('',#6805,#6806);
#6805 = CARTESIAN_POINT('',(0.,0.));
#6806 = VECTOR('',#6807,1.);
#6807 = DIRECTION('',(0.,-1.));
#6808 = ( GEOMETRIC_REPRESENTATION_CONTEXT(2) 
PARAMETRIC_REPRESENTATION_CONTEXT() REPRESENTATION_CONTEXT('2D SPACE',''
  ) );
#6809 = PCURVE('',#1511,#6810);
#6810 = DEFINITIONAL_REPRESENTATION('',(#6811),#6815);
#6811 = LINE('',#6812,#6813);
#6812 = CARTESIAN_POINT('',(1.,0.));
#6813 = VECTOR('',#6814,1.);
#6814 = DIRECTION('',(0.,-1.));
#6815 = ( GEOMETRIC_REPRESENTATION_CONTEXT(2) 
PARAMETRIC_REPRESENTATION_CONTEXT() REPRESENTATION_CONTEXT('2D SPACE',''
  ) );
#6816 = ORIENTED_EDGE('',*,*,#6817,.T.);
#6817 = EDGE_CURVE('',#6795,#6746,#6818,.T.);
#6818 = SURFACE_CURVE('',#6819,(#6823,#6830),.PCURVE_S1.);
#6819 = B_SPLINE_CURVE_WITH_KNOTS('',2,(#6820,#6821,#6822),
  .UNSPECIFIED.,.F.,.F.,(3,3),(0.,1.),.PIECEWISE_BEZIER_KNOTS.);
#6820 = CARTESIAN_POINT('',(-3.46923828125,-20.80786132812,2.6));
#6821 = CARTESIAN_POINT('',(-2.9541015625,-20.80786132812,2.6));
#6822 = CARTESIAN_POINT('',(-2.65380859375,-21.09350585937,2.6));
#6823 = PCURVE('',#1570,#6824);
#6824 = DEFINITIONAL_REPRESENTATION('',(#6825),#6829);
#6825 = LINE('',#6826,#6827);
#6826 = CARTESIAN_POINT('',(0.,-0.7));
#6827 = VECTOR('',#6828,1.);
#6828 = DIRECTION('',(1.,0.));
#6829 = ( GEOMETRIC_REPRESENTATION_CONTEXT(2) 
PARAMETRIC_REPRESENTATION_CONTEXT() REPRESENTATION_CONTEXT('2D SPACE',''
  ) );
#6830 = PCURVE('',#6463,#6831);
#6831 = DEFINITIONAL_REPRESENTATION('',(#6832),#6836);
#6832 = B_SPLINE_CURVE_WITH_KNOTS('',2,(#6833,#6834,#6835),
  .UNSPECIFIED.,.F.,.F.,(3,3),(0.,1.),.PIECEWISE_BEZIER_KNOTS.);
#6833 = CARTESIAN_POINT('',(1.396484375,3.59375));
#6834 = CARTESIAN_POINT('',(1.91162109375,3.59375));
#6835 = CARTESIAN_POINT('',(2.2119140625,3.30810546875));
#6836 = ( GEOMETRIC_REPRESENTATION_CONTEXT(2) 
PARAMETRIC_REPRESENTATION_CONTEXT() REPRESENTATION_CONTEXT('2D SPACE',''
  ) );
#6837 = ORIENTED_EDGE('',*,*,#6745,.F.);
#6838 = ADVANCED_FACE('',(#6839),#1511,.T.);
#6839 = FACE_BOUND('',#6840,.T.);
#6840 = EDGE_LOOP('',(#6841,#6842,#6865,#6886));
#6841 = ORIENTED_EDGE('',*,*,#1473,.T.);
#6842 = ORIENTED_EDGE('',*,*,#6843,.T.);
#6843 = EDGE_CURVE('',#1417,#6844,#6846,.T.);
#6844 = VERTEX_POINT('',#6845);
#6845 = CARTESIAN_POINT('',(-4.2822265625,-21.07275390625,2.6));
#6846 = SURFACE_CURVE('',#6847,(#6851,#6858),.PCURVE_S1.);
#6847 = LINE('',#6848,#6849);
#6848 = CARTESIAN_POINT('',(-4.2822265625,-21.07275390625,1.9));
#6849 = VECTOR('',#6850,1.);
#6850 = DIRECTION('',(0.,0.,1.));
#6851 = PCURVE('',#1511,#6852);
#6852 = DEFINITIONAL_REPRESENTATION('',(#6853),#6857);
#6853 = LINE('',#6854,#6855);
#6854 = CARTESIAN_POINT('',(0.,0.));
#6855 = VECTOR('',#6856,1.);
#6856 = DIRECTION('',(0.,-1.));
#6857 = ( GEOMETRIC_REPRESENTATION_CONTEXT(2) 
PARAMETRIC_REPRESENTATION_CONTEXT() REPRESENTATION_CONTEXT('2D SPACE',''
  ) );
#6858 = PCURVE('',#1450,#6859);
#6859 = DEFINITIONAL_REPRESENTATION('',(#6860),#6864);
#6860 = LINE('',#6861,#6862);
#6861 = CARTESIAN_POINT('',(1.,0.));
#6862 = VECTOR('',#6863,1.);
#6863 = DIRECTION('',(0.,-1.));
#6864 = ( GEOMETRIC_REPRESENTATION_CONTEXT(2) 
PARAMETRIC_REPRESENTATION_CONTEXT() REPRESENTATION_CONTEXT('2D SPACE',''
  ) );
#6865 = ORIENTED_EDGE('',*,*,#6866,.T.);
#6866 = EDGE_CURVE('',#6844,#6795,#6867,.T.);
#6867 = SURFACE_CURVE('',#6868,(#6872,#6879),.PCURVE_S1.);
#6868 = B_SPLINE_CURVE_WITH_KNOTS('',2,(#6869,#6870,#6871),
  .UNSPECIFIED.,.F.,.F.,(3,3),(0.,1.),.PIECEWISE_BEZIER_KNOTS.);
#6869 = CARTESIAN_POINT('',(-4.2822265625,-21.07275390625,2.6));
#6870 = CARTESIAN_POINT('',(-3.9794921875,-20.80786132812,2.6));
#6871 = CARTESIAN_POINT('',(-3.46923828125,-20.80786132812,2.6));
#6872 = PCURVE('',#1511,#6873);
#6873 = DEFINITIONAL_REPRESENTATION('',(#6874),#6878);
#6874 = LINE('',#6875,#6876);
#6875 = CARTESIAN_POINT('',(0.,-0.7));
#6876 = VECTOR('',#6877,1.);
#6877 = DIRECTION('',(1.,0.));
#6878 = ( GEOMETRIC_REPRESENTATION_CONTEXT(2) 
PARAMETRIC_REPRESENTATION_CONTEXT() REPRESENTATION_CONTEXT('2D SPACE',''
  ) );
#6879 = PCURVE('',#6463,#6880);
#6880 = DEFINITIONAL_REPRESENTATION('',(#6881),#6885);
#6881 = B_SPLINE_CURVE_WITH_KNOTS('',2,(#6882,#6883,#6884),
  .UNSPECIFIED.,.F.,.F.,(3,3),(0.,1.),.PIECEWISE_BEZIER_KNOTS.);
#6882 = CARTESIAN_POINT('',(0.58349609375,3.328857421875));
#6883 = CARTESIAN_POINT('',(0.88623046875,3.59375));
#6884 = CARTESIAN_POINT('',(1.396484375,3.59375));
#6885 = ( GEOMETRIC_REPRESENTATION_CONTEXT(2) 
PARAMETRIC_REPRESENTATION_CONTEXT() REPRESENTATION_CONTEXT('2D SPACE',''
  ) );
#6886 = ORIENTED_EDGE('',*,*,#6794,.F.);
#6887 = ADVANCED_FACE('',(#6888),#1450,.T.);
#6888 = FACE_BOUND('',#6889,.T.);
#6889 = EDGE_LOOP('',(#6890,#6891,#6914,#6935));
#6890 = ORIENTED_EDGE('',*,*,#1416,.T.);
#6891 = ORIENTED_EDGE('',*,*,#6892,.T.);
#6892 = EDGE_CURVE('',#1390,#6893,#6895,.T.);
#6893 = VERTEX_POINT('',#6894);
#6894 = CARTESIAN_POINT('',(-4.63134765625,-21.84301757812,2.6));
#6895 = SURFACE_CURVE('',#6896,(#6900,#6907),.PCURVE_S1.);
#6896 = LINE('',#6897,#6898);
#6897 = CARTESIAN_POINT('',(-4.63134765625,-21.84301757812,1.9));
#6898 = VECTOR('',#6899,1.);
#6899 = DIRECTION('',(0.,0.,1.));
#6900 = PCURVE('',#1450,#6901);
#6901 = DEFINITIONAL_REPRESENTATION('',(#6902),#6906);
#6902 = LINE('',#6903,#6904);
#6903 = CARTESIAN_POINT('',(0.,0.));
#6904 = VECTOR('',#6905,1.);
#6905 = DIRECTION('',(0.,-1.));
#6906 = ( GEOMETRIC_REPRESENTATION_CONTEXT(2) 
PARAMETRIC_REPRESENTATION_CONTEXT() REPRESENTATION_CONTEXT('2D SPACE',''
  ) );
#6907 = PCURVE('',#1405,#6908);
#6908 = DEFINITIONAL_REPRESENTATION('',(#6909),#6913);
#6909 = LINE('',#6910,#6911);
#6910 = CARTESIAN_POINT('',(0.454035928557,0.));
#6911 = VECTOR('',#6912,1.);
#6912 = DIRECTION('',(0.,-1.));
#6913 = ( GEOMETRIC_REPRESENTATION_CONTEXT(2) 
PARAMETRIC_REPRESENTATION_CONTEXT() REPRESENTATION_CONTEXT('2D SPACE',''
  ) );
#6914 = ORIENTED_EDGE('',*,*,#6915,.T.);
#6915 = EDGE_CURVE('',#6893,#6844,#6916,.T.);
#6916 = SURFACE_CURVE('',#6917,(#6921,#6928),.PCURVE_S1.);
#6917 = B_SPLINE_CURVE_WITH_KNOTS('',2,(#6918,#6919,#6920),
  .UNSPECIFIED.,.F.,.F.,(3,3),(0.,1.),.PIECEWISE_BEZIER_KNOTS.);
#6918 = CARTESIAN_POINT('',(-4.63134765625,-21.84301757812,2.6));
#6919 = CARTESIAN_POINT('',(-4.5849609375,-21.33764648437,2.6));
#6920 = CARTESIAN_POINT('',(-4.2822265625,-21.07275390625,2.6));
#6921 = PCURVE('',#1450,#6922);
#6922 = DEFINITIONAL_REPRESENTATION('',(#6923),#6927);
#6923 = LINE('',#6924,#6925);
#6924 = CARTESIAN_POINT('',(0.,-0.7));
#6925 = VECTOR('',#6926,1.);
#6926 = DIRECTION('',(1.,0.));
#6927 = ( GEOMETRIC_REPRESENTATION_CONTEXT(2) 
PARAMETRIC_REPRESENTATION_CONTEXT() REPRESENTATION_CONTEXT('2D SPACE',''
  ) );
#6928 = PCURVE('',#6463,#6929);
#6929 = DEFINITIONAL_REPRESENTATION('',(#6930),#6934);
#6930 = B_SPLINE_CURVE_WITH_KNOTS('',2,(#6931,#6932,#6933),
  .UNSPECIFIED.,.F.,.F.,(3,3),(0.,1.),.PIECEWISE_BEZIER_KNOTS.);
#6931 = CARTESIAN_POINT('',(0.234375,2.55859375));
#6932 = CARTESIAN_POINT('',(0.28076171875,3.06396484375));
#6933 = CARTESIAN_POINT('',(0.58349609375,3.328857421875));
#6934 = ( GEOMETRIC_REPRESENTATION_CONTEXT(2) 
PARAMETRIC_REPRESENTATION_CONTEXT() REPRESENTATION_CONTEXT('2D SPACE',''
  ) );
#6935 = ORIENTED_EDGE('',*,*,#6843,.F.);
#6936 = ADVANCED_FACE('',(#6937),#1405,.T.);
#6937 = FACE_BOUND('',#6938,.T.);
#6938 = EDGE_LOOP('',(#6939,#6940,#6963,#6984));
#6939 = ORIENTED_EDGE('',*,*,#1389,.T.);
#6940 = ORIENTED_EDGE('',*,*,#6941,.T.);
#6941 = EDGE_CURVE('',#1333,#6942,#6944,.T.);
#6942 = VERTEX_POINT('',#6943);
#6943 = CARTESIAN_POINT('',(-4.1796875,-21.88940429687,2.6));
#6944 = SURFACE_CURVE('',#6945,(#6949,#6956),.PCURVE_S1.);
#6945 = LINE('',#6946,#6947);
#6946 = CARTESIAN_POINT('',(-4.1796875,-21.88940429687,1.9));
#6947 = VECTOR('',#6948,1.);
#6948 = DIRECTION('',(0.,0.,1.));
#6949 = PCURVE('',#1405,#6950);
#6950 = DEFINITIONAL_REPRESENTATION('',(#6951),#6955);
#6951 = LINE('',#6952,#6953);
#6952 = CARTESIAN_POINT('',(0.,0.));
#6953 = VECTOR('',#6954,1.);
#6954 = DIRECTION('',(0.,-1.));
#6955 = ( GEOMETRIC_REPRESENTATION_CONTEXT(2) 
PARAMETRIC_REPRESENTATION_CONTEXT() REPRESENTATION_CONTEXT('2D SPACE',''
  ) );
#6956 = PCURVE('',#1366,#6957);
#6957 = DEFINITIONAL_REPRESENTATION('',(#6958),#6962);
#6958 = LINE('',#6959,#6960);
#6959 = CARTESIAN_POINT('',(1.,0.));
#6960 = VECTOR('',#6961,1.);
#6961 = DIRECTION('',(0.,-1.));
#6962 = ( GEOMETRIC_REPRESENTATION_CONTEXT(2) 
PARAMETRIC_REPRESENTATION_CONTEXT() REPRESENTATION_CONTEXT('2D SPACE',''
  ) );
#6963 = ORIENTED_EDGE('',*,*,#6964,.T.);
#6964 = EDGE_CURVE('',#6942,#6893,#6965,.T.);
#6965 = SURFACE_CURVE('',#6966,(#6970,#6977),.PCURVE_S1.);
#6966 = LINE('',#6967,#6968);
#6967 = CARTESIAN_POINT('',(-4.1796875,-21.88940429687,2.6));
#6968 = VECTOR('',#6969,1.);
#6969 = DIRECTION('',(-0.994767435445,0.102165304181,0.));
#6970 = PCURVE('',#1405,#6971);
#6971 = DEFINITIONAL_REPRESENTATION('',(#6972),#6976);
#6972 = LINE('',#6973,#6974);
#6973 = CARTESIAN_POINT('',(0.,-0.7));
#6974 = VECTOR('',#6975,1.);
#6975 = DIRECTION('',(1.,0.));
#6976 = ( GEOMETRIC_REPRESENTATION_CONTEXT(2) 
PARAMETRIC_REPRESENTATION_CONTEXT() REPRESENTATION_CONTEXT('2D SPACE',''
  ) );
#6977 = PCURVE('',#6463,#6978);
#6978 = DEFINITIONAL_REPRESENTATION('',(#6979),#6983);
#6979 = LINE('',#6980,#6981);
#6980 = CARTESIAN_POINT('',(0.68603515625,2.51220703125));
#6981 = VECTOR('',#6982,1.);
#6982 = DIRECTION('',(-0.994767435445,0.102165304181));
#6983 = ( GEOMETRIC_REPRESENTATION_CONTEXT(2) 
PARAMETRIC_REPRESENTATION_CONTEXT() REPRESENTATION_CONTEXT('2D SPACE',''
  ) );
#6984 = ORIENTED_EDGE('',*,*,#6892,.F.);
#6985 = ADVANCED_FACE('',(#6986),#1366,.T.);
#6986 = FACE_BOUND('',#6987,.T.);
#6987 = EDGE_LOOP('',(#6988,#6989,#7012,#7033));
#6988 = ORIENTED_EDGE('',*,*,#1332,.T.);
#6989 = ORIENTED_EDGE('',*,*,#6990,.T.);
#6990 = EDGE_CURVE('',#1282,#6991,#6993,.T.);
#6991 = VERTEX_POINT('',#6992);
#6992 = CARTESIAN_POINT('',(-3.98681640625,-21.36206054687,2.6));
#6993 = SURFACE_CURVE('',#6994,(#6998,#7005),.PCURVE_S1.);
#6994 = LINE('',#6995,#6996);
#6995 = CARTESIAN_POINT('',(-3.98681640625,-21.36206054687,1.9));
#6996 = VECTOR('',#6997,1.);
#6997 = DIRECTION('',(0.,0.,1.));
#6998 = PCURVE('',#1366,#6999);
#6999 = DEFINITIONAL_REPRESENTATION('',(#7000),#7004);
#7000 = LINE('',#7001,#7002);
#7001 = CARTESIAN_POINT('',(0.,0.));
#7002 = VECTOR('',#7003,1.);
#7003 = DIRECTION('',(0.,-1.));
#7004 = ( GEOMETRIC_REPRESENTATION_CONTEXT(2) 
PARAMETRIC_REPRESENTATION_CONTEXT() REPRESENTATION_CONTEXT('2D SPACE',''
  ) );
#7005 = PCURVE('',#1311,#7006);
#7006 = DEFINITIONAL_REPRESENTATION('',(#7007),#7011);
#7007 = LINE('',#7008,#7009);
#7008 = CARTESIAN_POINT('',(1.,0.));
#7009 = VECTOR('',#7010,1.);
#7010 = DIRECTION('',(0.,-1.));
#7011 = ( GEOMETRIC_REPRESENTATION_CONTEXT(2) 
PARAMETRIC_REPRESENTATION_CONTEXT() REPRESENTATION_CONTEXT('2D SPACE',''
  ) );
#7012 = ORIENTED_EDGE('',*,*,#7013,.T.);
#7013 = EDGE_CURVE('',#6991,#6942,#7014,.T.);
#7014 = SURFACE_CURVE('',#7015,(#7019,#7026),.PCURVE_S1.);
#7015 = B_SPLINE_CURVE_WITH_KNOTS('',2,(#7016,#7017,#7018),
  .UNSPECIFIED.,.F.,.F.,(3,3),(0.,1.),.PIECEWISE_BEZIER_KNOTS.);
#7016 = CARTESIAN_POINT('',(-3.98681640625,-21.36206054687,2.6));
#7017 = CARTESIAN_POINT('',(-4.17724609375,-21.55249023437,2.6));
#7018 = CARTESIAN_POINT('',(-4.1796875,-21.88940429687,2.6));
#7019 = PCURVE('',#1366,#7020);
#7020 = DEFINITIONAL_REPRESENTATION('',(#7021),#7025);
#7021 = LINE('',#7022,#7023);
#7022 = CARTESIAN_POINT('',(0.,-0.7));
#7023 = VECTOR('',#7024,1.);
#7024 = DIRECTION('',(1.,0.));
#7025 = ( GEOMETRIC_REPRESENTATION_CONTEXT(2) 
PARAMETRIC_REPRESENTATION_CONTEXT() REPRESENTATION_CONTEXT('2D SPACE',''
  ) );
#7026 = PCURVE('',#6463,#7027);
#7027 = DEFINITIONAL_REPRESENTATION('',(#7028),#7032);
#7028 = B_SPLINE_CURVE_WITH_KNOTS('',2,(#7029,#7030,#7031),
  .UNSPECIFIED.,.F.,.F.,(3,3),(0.,1.),.PIECEWISE_BEZIER_KNOTS.);
#7029 = CARTESIAN_POINT('',(0.87890625,3.03955078125));
#7030 = CARTESIAN_POINT('',(0.6884765625,2.84912109375));
#7031 = CARTESIAN_POINT('',(0.68603515625,2.51220703125));
#7032 = ( GEOMETRIC_REPRESENTATION_CONTEXT(2) 
PARAMETRIC_REPRESENTATION_CONTEXT() REPRESENTATION_CONTEXT('2D SPACE',''
  ) );
#7033 = ORIENTED_EDGE('',*,*,#6941,.F.);
#7034 = ADVANCED_FACE('',(#7035),#1311,.T.);
#7035 = FACE_BOUND('',#7036,.T.);
#7036 = EDGE_LOOP('',(#7037,#7038,#7061,#7082));
#7037 = ORIENTED_EDGE('',*,*,#1281,.T.);
#7038 = ORIENTED_EDGE('',*,*,#7039,.T.);
#7039 = EDGE_CURVE('',#1231,#7040,#7042,.T.);
#7040 = VERTEX_POINT('',#7041);
#7041 = CARTESIAN_POINT('',(-3.47900390625,-21.17163085937,2.6));
#7042 = SURFACE_CURVE('',#7043,(#7047,#7054),.PCURVE_S1.);
#7043 = LINE('',#7044,#7045);
#7044 = CARTESIAN_POINT('',(-3.47900390625,-21.17163085937,1.9));
#7045 = VECTOR('',#7046,1.);
#7046 = DIRECTION('',(0.,0.,1.));
#7047 = PCURVE('',#1311,#7048);
#7048 = DEFINITIONAL_REPRESENTATION('',(#7049),#7053);
#7049 = LINE('',#7050,#7051);
#7050 = CARTESIAN_POINT('',(0.,0.));
#7051 = VECTOR('',#7052,1.);
#7052 = DIRECTION('',(0.,-1.));
#7053 = ( GEOMETRIC_REPRESENTATION_CONTEXT(2) 
PARAMETRIC_REPRESENTATION_CONTEXT() REPRESENTATION_CONTEXT('2D SPACE',''
  ) );
#7054 = PCURVE('',#1260,#7055);
#7055 = DEFINITIONAL_REPRESENTATION('',(#7056),#7060);
#7056 = LINE('',#7057,#7058);
#7057 = CARTESIAN_POINT('',(1.,0.));
#7058 = VECTOR('',#7059,1.);
#7059 = DIRECTION('',(0.,-1.));
#7060 = ( GEOMETRIC_REPRESENTATION_CONTEXT(2) 
PARAMETRIC_REPRESENTATION_CONTEXT() REPRESENTATION_CONTEXT('2D SPACE',''
  ) );
#7061 = ORIENTED_EDGE('',*,*,#7062,.T.);
#7062 = EDGE_CURVE('',#7040,#6991,#7063,.T.);
#7063 = SURFACE_CURVE('',#7064,(#7068,#7075),.PCURVE_S1.);
#7064 = B_SPLINE_CURVE_WITH_KNOTS('',2,(#7065,#7066,#7067),
  .UNSPECIFIED.,.F.,.F.,(3,3),(0.,1.),.PIECEWISE_BEZIER_KNOTS.);
#7065 = CARTESIAN_POINT('',(-3.47900390625,-21.17163085937,2.6));
#7066 = CARTESIAN_POINT('',(-3.79638671875,-21.17163085937,2.6));
#7067 = CARTESIAN_POINT('',(-3.98681640625,-21.36206054687,2.6));
#7068 = PCURVE('',#1311,#7069);
#7069 = DEFINITIONAL_REPRESENTATION('',(#7070),#7074);
#7070 = LINE('',#7071,#7072);
#7071 = CARTESIAN_POINT('',(0.,-0.7));
#7072 = VECTOR('',#7073,1.);
#7073 = DIRECTION('',(1.,0.));
#7074 = ( GEOMETRIC_REPRESENTATION_CONTEXT(2) 
PARAMETRIC_REPRESENTATION_CONTEXT() REPRESENTATION_CONTEXT('2D SPACE',''
  ) );
#7075 = PCURVE('',#6463,#7076);
#7076 = DEFINITIONAL_REPRESENTATION('',(#7077),#7081);
#7077 = B_SPLINE_CURVE_WITH_KNOTS('',2,(#7078,#7079,#7080),
  .UNSPECIFIED.,.F.,.F.,(3,3),(0.,1.),.PIECEWISE_BEZIER_KNOTS.);
#7078 = CARTESIAN_POINT('',(1.38671875,3.22998046875));
#7079 = CARTESIAN_POINT('',(1.0693359375,3.22998046875));
#7080 = CARTESIAN_POINT('',(0.87890625,3.03955078125));
#7081 = ( GEOMETRIC_REPRESENTATION_CONTEXT(2) 
PARAMETRIC_REPRESENTATION_CONTEXT() REPRESENTATION_CONTEXT('2D SPACE',''
  ) );
#7082 = ORIENTED_EDGE('',*,*,#6990,.F.);
#7083 = ADVANCED_FACE('',(#7084),#1260,.T.);
#7084 = FACE_BOUND('',#7085,.T.);
#7085 = EDGE_LOOP('',(#7086,#7087,#7110,#7131));
#7086 = ORIENTED_EDGE('',*,*,#1230,.T.);
#7087 = ORIENTED_EDGE('',*,*,#7088,.T.);
#7088 = EDGE_CURVE('',#1180,#7089,#7091,.T.);
#7089 = VERTEX_POINT('',#7090);
#7090 = CARTESIAN_POINT('',(-2.991943359375,-21.35107421875,2.6));
#7091 = SURFACE_CURVE('',#7092,(#7096,#7103),.PCURVE_S1.);
#7092 = LINE('',#7093,#7094);
#7093 = CARTESIAN_POINT('',(-2.991943359375,-21.35107421875,1.9));
#7094 = VECTOR('',#7095,1.);
#7095 = DIRECTION('',(0.,0.,1.));
#7096 = PCURVE('',#1260,#7097);
#7097 = DEFINITIONAL_REPRESENTATION('',(#7098),#7102);
#7098 = LINE('',#7099,#7100);
#7099 = CARTESIAN_POINT('',(0.,0.));
#7100 = VECTOR('',#7101,1.);
#7101 = DIRECTION('',(0.,-1.));
#7102 = ( GEOMETRIC_REPRESENTATION_CONTEXT(2) 
PARAMETRIC_REPRESENTATION_CONTEXT() REPRESENTATION_CONTEXT('2D SPACE',''
  ) );
#7103 = PCURVE('',#1209,#7104);
#7104 = DEFINITIONAL_REPRESENTATION('',(#7105),#7109);
#7105 = LINE('',#7106,#7107);
#7106 = CARTESIAN_POINT('',(1.,0.));
#7107 = VECTOR('',#7108,1.);
#7108 = DIRECTION('',(0.,-1.));
#7109 = ( GEOMETRIC_REPRESENTATION_CONTEXT(2) 
PARAMETRIC_REPRESENTATION_CONTEXT() REPRESENTATION_CONTEXT('2D SPACE',''
  ) );
#7110 = ORIENTED_EDGE('',*,*,#7111,.T.);
#7111 = EDGE_CURVE('',#7089,#7040,#7112,.T.);
#7112 = SURFACE_CURVE('',#7113,(#7117,#7124),.PCURVE_S1.);
#7113 = B_SPLINE_CURVE_WITH_KNOTS('',2,(#7114,#7115,#7116),
  .UNSPECIFIED.,.F.,.F.,(3,3),(0.,1.),.PIECEWISE_BEZIER_KNOTS.);
#7114 = CARTESIAN_POINT('',(-2.991943359375,-21.35107421875,2.6));
#7115 = CARTESIAN_POINT('',(-3.1787109375,-21.17163085937,2.6));
#7116 = CARTESIAN_POINT('',(-3.47900390625,-21.17163085937,2.6));
#7117 = PCURVE('',#1260,#7118);
#7118 = DEFINITIONAL_REPRESENTATION('',(#7119),#7123);
#7119 = LINE('',#7120,#7121);
#7120 = CARTESIAN_POINT('',(0.,-0.7));
#7121 = VECTOR('',#7122,1.);
#7122 = DIRECTION('',(1.,0.));
#7123 = ( GEOMETRIC_REPRESENTATION_CONTEXT(2) 
PARAMETRIC_REPRESENTATION_CONTEXT() REPRESENTATION_CONTEXT('2D SPACE',''
  ) );
#7124 = PCURVE('',#6463,#7125);
#7125 = DEFINITIONAL_REPRESENTATION('',(#7126),#7130);
#7126 = B_SPLINE_CURVE_WITH_KNOTS('',2,(#7127,#7128,#7129),
  .UNSPECIFIED.,.F.,.F.,(3,3),(0.,1.),.PIECEWISE_BEZIER_KNOTS.);
#7127 = CARTESIAN_POINT('',(1.873779296875,3.050537109375));
#7128 = CARTESIAN_POINT('',(1.68701171875,3.22998046875));
#7129 = CARTESIAN_POINT('',(1.38671875,3.22998046875));
#7130 = ( GEOMETRIC_REPRESENTATION_CONTEXT(2) 
PARAMETRIC_REPRESENTATION_CONTEXT() REPRESENTATION_CONTEXT('2D SPACE',''
  ) );
#7131 = ORIENTED_EDGE('',*,*,#7039,.F.);
#7132 = ADVANCED_FACE('',(#7133),#1209,.T.);
#7133 = FACE_BOUND('',#7134,.T.);
#7134 = EDGE_LOOP('',(#7135,#7136,#7159,#7180));
#7135 = ORIENTED_EDGE('',*,*,#1179,.T.);
#7136 = ORIENTED_EDGE('',*,*,#7137,.T.);
#7137 = EDGE_CURVE('',#1129,#7138,#7140,.T.);
#7138 = VERTEX_POINT('',#7139);
#7139 = CARTESIAN_POINT('',(-2.80517578125,-21.79174804687,2.6));
#7140 = SURFACE_CURVE('',#7141,(#7145,#7152),.PCURVE_S1.);
#7141 = LINE('',#7142,#7143);
#7142 = CARTESIAN_POINT('',(-2.80517578125,-21.79174804687,1.9));
#7143 = VECTOR('',#7144,1.);
#7144 = DIRECTION('',(0.,0.,1.));
#7145 = PCURVE('',#1209,#7146);
#7146 = DEFINITIONAL_REPRESENTATION('',(#7147),#7151);
#7147 = LINE('',#7148,#7149);
#7148 = CARTESIAN_POINT('',(0.,0.));
#7149 = VECTOR('',#7150,1.);
#7150 = DIRECTION('',(0.,-1.));
#7151 = ( GEOMETRIC_REPRESENTATION_CONTEXT(2) 
PARAMETRIC_REPRESENTATION_CONTEXT() REPRESENTATION_CONTEXT('2D SPACE',''
  ) );
#7152 = PCURVE('',#1158,#7153);
#7153 = DEFINITIONAL_REPRESENTATION('',(#7154),#7158);
#7154 = LINE('',#7155,#7156);
#7155 = CARTESIAN_POINT('',(1.,0.));
#7156 = VECTOR('',#7157,1.);
#7157 = DIRECTION('',(0.,-1.));
#7158 = ( GEOMETRIC_REPRESENTATION_CONTEXT(2) 
PARAMETRIC_REPRESENTATION_CONTEXT() REPRESENTATION_CONTEXT('2D SPACE',''
  ) );
#7159 = ORIENTED_EDGE('',*,*,#7160,.T.);
#7160 = EDGE_CURVE('',#7138,#7089,#7161,.T.);
#7161 = SURFACE_CURVE('',#7162,(#7166,#7173),.PCURVE_S1.);
#7162 = B_SPLINE_CURVE_WITH_KNOTS('',2,(#7163,#7164,#7165),
  .UNSPECIFIED.,.F.,.F.,(3,3),(0.,1.),.PIECEWISE_BEZIER_KNOTS.);
#7163 = CARTESIAN_POINT('',(-2.80517578125,-21.79174804687,2.6));
#7164 = CARTESIAN_POINT('',(-2.80517578125,-21.53051757812,2.6));
#7165 = CARTESIAN_POINT('',(-2.991943359375,-21.35107421875,2.6));
#7166 = PCURVE('',#1209,#7167);
#7167 = DEFINITIONAL_REPRESENTATION('',(#7168),#7172);
#7168 = LINE('',#7169,#7170);
#7169 = CARTESIAN_POINT('',(0.,-0.7));
#7170 = VECTOR('',#7171,1.);
#7171 = DIRECTION('',(1.,0.));
#7172 = ( GEOMETRIC_REPRESENTATION_CONTEXT(2) 
PARAMETRIC_REPRESENTATION_CONTEXT() REPRESENTATION_CONTEXT('2D SPACE',''
  ) );
#7173 = PCURVE('',#6463,#7174);
#7174 = DEFINITIONAL_REPRESENTATION('',(#7175),#7179);
#7175 = B_SPLINE_CURVE_WITH_KNOTS('',2,(#7176,#7177,#7178),
  .UNSPECIFIED.,.F.,.F.,(3,3),(0.,1.),.PIECEWISE_BEZIER_KNOTS.);
#7176 = CARTESIAN_POINT('',(2.060546875,2.60986328125));
#7177 = CARTESIAN_POINT('',(2.060546875,2.87109375));
#7178 = CARTESIAN_POINT('',(1.873779296875,3.050537109375));
#7179 = ( GEOMETRIC_REPRESENTATION_CONTEXT(2) 
PARAMETRIC_REPRESENTATION_CONTEXT() REPRESENTATION_CONTEXT('2D SPACE',''
  ) );
#7180 = ORIENTED_EDGE('',*,*,#7088,.F.);
#7181 = ADVANCED_FACE('',(#7182),#1158,.T.);
#7182 = FACE_BOUND('',#7183,.T.);
#7183 = EDGE_LOOP('',(#7184,#7185,#7208,#7229));
#7184 = ORIENTED_EDGE('',*,*,#1128,.T.);
#7185 = ORIENTED_EDGE('',*,*,#7186,.T.);
#7186 = EDGE_CURVE('',#1081,#7187,#7189,.T.);
#7187 = VERTEX_POINT('',#7188);
#7188 = CARTESIAN_POINT('',(-3.01025390625,-22.3203125,2.6));
#7189 = SURFACE_CURVE('',#7190,(#7194,#7201),.PCURVE_S1.);
#7190 = LINE('',#7191,#7192);
#7191 = CARTESIAN_POINT('',(-3.01025390625,-22.3203125,1.9));
#7192 = VECTOR('',#7193,1.);
#7193 = DIRECTION('',(0.,0.,1.));
#7194 = PCURVE('',#1158,#7195);
#7195 = DEFINITIONAL_REPRESENTATION('',(#7196),#7200);
#7196 = LINE('',#7197,#7198);
#7197 = CARTESIAN_POINT('',(0.,0.));
#7198 = VECTOR('',#7199,1.);
#7199 = DIRECTION('',(0.,-1.));
#7200 = ( GEOMETRIC_REPRESENTATION_CONTEXT(2) 
PARAMETRIC_REPRESENTATION_CONTEXT() REPRESENTATION_CONTEXT('2D SPACE',''
  ) );
#7201 = PCURVE('',#1108,#7202);
#7202 = DEFINITIONAL_REPRESENTATION('',(#7203),#7207);
#7203 = LINE('',#7204,#7205);
#7204 = CARTESIAN_POINT('',(1.,0.));
#7205 = VECTOR('',#7206,1.);
#7206 = DIRECTION('',(0.,-1.));
#7207 = ( GEOMETRIC_REPRESENTATION_CONTEXT(2) 
PARAMETRIC_REPRESENTATION_CONTEXT() REPRESENTATION_CONTEXT('2D SPACE',''
  ) );
#7208 = ORIENTED_EDGE('',*,*,#7209,.T.);
#7209 = EDGE_CURVE('',#7187,#7138,#7210,.T.);
#7210 = SURFACE_CURVE('',#7211,(#7215,#7222),.PCURVE_S1.);
#7211 = B_SPLINE_CURVE_WITH_KNOTS('',2,(#7212,#7213,#7214),
  .UNSPECIFIED.,.F.,.F.,(3,3),(0.,1.),.PIECEWISE_BEZIER_KNOTS.);
#7212 = CARTESIAN_POINT('',(-3.01025390625,-22.3203125,2.6));
#7213 = CARTESIAN_POINT('',(-2.80517578125,-22.04077148437,2.6));
#7214 = CARTESIAN_POINT('',(-2.80517578125,-21.79174804687,2.6));
#7215 = PCURVE('',#1158,#7216);
#7216 = DEFINITIONAL_REPRESENTATION('',(#7217),#7221);
#7217 = LINE('',#7218,#7219);
#7218 = CARTESIAN_POINT('',(0.,-0.7));
#7219 = VECTOR('',#7220,1.);
#7220 = DIRECTION('',(1.,0.));
#7221 = ( GEOMETRIC_REPRESENTATION_CONTEXT(2) 
PARAMETRIC_REPRESENTATION_CONTEXT() REPRESENTATION_CONTEXT('2D SPACE',''
  ) );
#7222 = PCURVE('',#6463,#7223);
#7223 = DEFINITIONAL_REPRESENTATION('',(#7224),#7228);
#7224 = B_SPLINE_CURVE_WITH_KNOTS('',2,(#7225,#7226,#7227),
  .UNSPECIFIED.,.F.,.F.,(3,3),(0.,1.),.PIECEWISE_BEZIER_KNOTS.);
#7225 = CARTESIAN_POINT('',(1.85546875,2.081298828125));
#7226 = CARTESIAN_POINT('',(2.060546875,2.36083984375));
#7227 = CARTESIAN_POINT('',(2.060546875,2.60986328125));
#7228 = ( GEOMETRIC_REPRESENTATION_CONTEXT(2) 
PARAMETRIC_REPRESENTATION_CONTEXT() REPRESENTATION_CONTEXT('2D SPACE',''
  ) );
#7229 = ORIENTED_EDGE('',*,*,#7137,.F.);
#7230 = ADVANCED_FACE('',(#7231),#1108,.T.);
#7231 = FACE_BOUND('',#7232,.T.);
#7232 = EDGE_LOOP('',(#7233,#7234,#7257,#7278));
#7233 = ORIENTED_EDGE('',*,*,#1080,.T.);
#7234 = ORIENTED_EDGE('',*,*,#7235,.T.);
#7235 = EDGE_CURVE('',#1039,#7236,#7238,.T.);
#7236 = VERTEX_POINT('',#7237);
#7237 = CARTESIAN_POINT('',(-3.798828125,-23.07836914062,2.6));
#7238 = SURFACE_CURVE('',#7239,(#7243,#7250),.PCURVE_S1.);
#7239 = LINE('',#7240,#7241);
#7240 = CARTESIAN_POINT('',(-3.798828125,-23.07836914062,1.9));
#7241 = VECTOR('',#7242,1.);
#7242 = DIRECTION('',(0.,0.,1.));
#7243 = PCURVE('',#1108,#7244);
#7244 = DEFINITIONAL_REPRESENTATION('',(#7245),#7249);
#7245 = LINE('',#7246,#7247);
#7246 = CARTESIAN_POINT('',(0.,0.));
#7247 = VECTOR('',#7248,1.);
#7248 = DIRECTION('',(0.,-1.));
#7249 = ( GEOMETRIC_REPRESENTATION_CONTEXT(2) 
PARAMETRIC_REPRESENTATION_CONTEXT() REPRESENTATION_CONTEXT('2D SPACE',''
  ) );
#7250 = PCURVE('',#1062,#7251);
#7251 = DEFINITIONAL_REPRESENTATION('',(#7252),#7256);
#7252 = LINE('',#7253,#7254);
#7253 = CARTESIAN_POINT('',(1.,0.));
#7254 = VECTOR('',#7255,1.);
#7255 = DIRECTION('',(0.,-1.));
#7256 = ( GEOMETRIC_REPRESENTATION_CONTEXT(2) 
PARAMETRIC_REPRESENTATION_CONTEXT() REPRESENTATION_CONTEXT('2D SPACE',''
  ) );
#7257 = ORIENTED_EDGE('',*,*,#7258,.T.);
#7258 = EDGE_CURVE('',#7236,#7187,#7259,.T.);
#7259 = SURFACE_CURVE('',#7260,(#7264,#7271),.PCURVE_S1.);
#7260 = B_SPLINE_CURVE_WITH_KNOTS('',2,(#7261,#7262,#7263),
  .UNSPECIFIED.,.F.,.F.,(3,3),(0.,1.),.PIECEWISE_BEZIER_KNOTS.);
#7261 = CARTESIAN_POINT('',(-3.798828125,-23.07836914062,2.6));
#7262 = CARTESIAN_POINT('',(-3.21533203125,-22.59985351562,2.6));
#7263 = CARTESIAN_POINT('',(-3.01025390625,-22.3203125,2.6));
#7264 = PCURVE('',#1108,#7265);
#7265 = DEFINITIONAL_REPRESENTATION('',(#7266),#7270);
#7266 = LINE('',#7267,#7268);
#7267 = CARTESIAN_POINT('',(0.,-0.7));
#7268 = VECTOR('',#7269,1.);
#7269 = DIRECTION('',(1.,0.));
#7270 = ( GEOMETRIC_REPRESENTATION_CONTEXT(2) 
PARAMETRIC_REPRESENTATION_CONTEXT() REPRESENTATION_CONTEXT('2D SPACE',''
  ) );
#7271 = PCURVE('',#6463,#7272);
#7272 = DEFINITIONAL_REPRESENTATION('',(#7273),#7277);
#7273 = B_SPLINE_CURVE_WITH_KNOTS('',2,(#7274,#7275,#7276),
  .UNSPECIFIED.,.F.,.F.,(3,3),(0.,1.),.PIECEWISE_BEZIER_KNOTS.);
#7274 = CARTESIAN_POINT('',(1.06689453125,1.3232421875));
#7275 = CARTESIAN_POINT('',(1.650390625,1.8017578125));
#7276 = CARTESIAN_POINT('',(1.85546875,2.081298828125));
#7277 = ( GEOMETRIC_REPRESENTATION_CONTEXT(2) 
PARAMETRIC_REPRESENTATION_CONTEXT() REPRESENTATION_CONTEXT('2D SPACE',''
  ) );
#7278 = ORIENTED_EDGE('',*,*,#7186,.F.);
#7279 = ADVANCED_FACE('',(#7280),#1062,.T.);
#7280 = FACE_BOUND('',#7281,.T.);
#7281 = EDGE_LOOP('',(#7282,#7283,#7306,#7327));
#7282 = ORIENTED_EDGE('',*,*,#1038,.T.);
#7283 = ORIENTED_EDGE('',*,*,#7284,.T.);
#7284 = EDGE_CURVE('',#1000,#7285,#7287,.T.);
#7285 = VERTEX_POINT('',#7286);
#7286 = CARTESIAN_POINT('',(-4.373779296875,-23.62036132812,2.6));
#7287 = SURFACE_CURVE('',#7288,(#7292,#7299),.PCURVE_S1.);
#7288 = LINE('',#7289,#7290);
#7289 = CARTESIAN_POINT('',(-4.373779296875,-23.62036132812,1.9));
#7290 = VECTOR('',#7291,1.);
#7291 = DIRECTION('',(0.,0.,1.));
#7292 = PCURVE('',#1062,#7293);
#7293 = DEFINITIONAL_REPRESENTATION('',(#7294),#7298);
#7294 = LINE('',#7295,#7296);
#7295 = CARTESIAN_POINT('',(0.,0.));
#7296 = VECTOR('',#7297,1.);
#7297 = DIRECTION('',(0.,-1.));
#7298 = ( GEOMETRIC_REPRESENTATION_CONTEXT(2) 
PARAMETRIC_REPRESENTATION_CONTEXT() REPRESENTATION_CONTEXT('2D SPACE',''
  ) );
#7299 = PCURVE('',#1021,#7300);
#7300 = DEFINITIONAL_REPRESENTATION('',(#7301),#7305);
#7301 = LINE('',#7302,#7303);
#7302 = CARTESIAN_POINT('',(1.,0.));
#7303 = VECTOR('',#7304,1.);
#7304 = DIRECTION('',(0.,-1.));
#7305 = ( GEOMETRIC_REPRESENTATION_CONTEXT(2) 
PARAMETRIC_REPRESENTATION_CONTEXT() REPRESENTATION_CONTEXT('2D SPACE',''
  ) );
#7306 = ORIENTED_EDGE('',*,*,#7307,.T.);
#7307 = EDGE_CURVE('',#7285,#7236,#7308,.T.);
#7308 = SURFACE_CURVE('',#7309,(#7313,#7320),.PCURVE_S1.);
#7309 = B_SPLINE_CURVE_WITH_KNOTS('',2,(#7310,#7311,#7312),
  .UNSPECIFIED.,.F.,.F.,(3,3),(0.,1.),.PIECEWISE_BEZIER_KNOTS.);
#7310 = CARTESIAN_POINT('',(-4.373779296875,-23.62036132812,2.6));
#7311 = CARTESIAN_POINT('',(-4.1748046875,-23.38598632812,2.6));
#7312 = CARTESIAN_POINT('',(-3.798828125,-23.07836914062,2.6));
#7313 = PCURVE('',#1062,#7314);
#7314 = DEFINITIONAL_REPRESENTATION('',(#7315),#7319);
#7315 = LINE('',#7316,#7317);
#7316 = CARTESIAN_POINT('',(0.,-0.7));
#7317 = VECTOR('',#7318,1.);
#7318 = DIRECTION('',(1.,0.));
#7319 = ( GEOMETRIC_REPRESENTATION_CONTEXT(2) 
PARAMETRIC_REPRESENTATION_CONTEXT() REPRESENTATION_CONTEXT('2D SPACE',''
  ) );
#7320 = PCURVE('',#6463,#7321);
#7321 = DEFINITIONAL_REPRESENTATION('',(#7322),#7326);
#7322 = B_SPLINE_CURVE_WITH_KNOTS('',2,(#7323,#7324,#7325),
  .UNSPECIFIED.,.F.,.F.,(3,3),(0.,1.),.PIECEWISE_BEZIER_KNOTS.);
#7323 = CARTESIAN_POINT('',(0.491943359375,0.78125));
#7324 = CARTESIAN_POINT('',(0.69091796875,1.015625));
#7325 = CARTESIAN_POINT('',(1.06689453125,1.3232421875));
#7326 = ( GEOMETRIC_REPRESENTATION_CONTEXT(2) 
PARAMETRIC_REPRESENTATION_CONTEXT() REPRESENTATION_CONTEXT('2D SPACE',''
  ) );
#7327 = ORIENTED_EDGE('',*,*,#7235,.F.);
#7328 = ADVANCED_FACE('',(#7329),#1021,.T.);
#7329 = FACE_BOUND('',#7330,.T.);
#7330 = EDGE_LOOP('',(#7331,#7332,#7355,#7376));
#7331 = ORIENTED_EDGE('',*,*,#999,.T.);
#7332 = ORIENTED_EDGE('',*,*,#7333,.T.);
#7333 = EDGE_CURVE('',#955,#7334,#7336,.T.);
#7334 = VERTEX_POINT('',#7335);
#7335 = CARTESIAN_POINT('',(-4.6630859375,-24.09643554687,2.6));
#7336 = SURFACE_CURVE('',#7337,(#7341,#7348),.PCURVE_S1.);
#7337 = LINE('',#7338,#7339);
#7338 = CARTESIAN_POINT('',(-4.6630859375,-24.09643554687,1.9));
#7339 = VECTOR('',#7340,1.);
#7340 = DIRECTION('',(0.,0.,1.));
#7341 = PCURVE('',#1021,#7342);
#7342 = DEFINITIONAL_REPRESENTATION('',(#7343),#7347);
#7343 = LINE('',#7344,#7345);
#7344 = CARTESIAN_POINT('',(0.,0.));
#7345 = VECTOR('',#7346,1.);
#7346 = DIRECTION('',(0.,-1.));
#7347 = ( GEOMETRIC_REPRESENTATION_CONTEXT(2) 
PARAMETRIC_REPRESENTATION_CONTEXT() REPRESENTATION_CONTEXT('2D SPACE',''
  ) );
#7348 = PCURVE('',#980,#7349);
#7349 = DEFINITIONAL_REPRESENTATION('',(#7350),#7354);
#7350 = LINE('',#7351,#7352);
#7351 = CARTESIAN_POINT('',(1.,0.));
#7352 = VECTOR('',#7353,1.);
#7353 = DIRECTION('',(0.,-1.));
#7354 = ( GEOMETRIC_REPRESENTATION_CONTEXT(2) 
PARAMETRIC_REPRESENTATION_CONTEXT() REPRESENTATION_CONTEXT('2D SPACE',''
  ) );
#7355 = ORIENTED_EDGE('',*,*,#7356,.T.);
#7356 = EDGE_CURVE('',#7334,#7285,#7357,.T.);
#7357 = SURFACE_CURVE('',#7358,(#7362,#7369),.PCURVE_S1.);
#7358 = B_SPLINE_CURVE_WITH_KNOTS('',2,(#7359,#7360,#7361),
  .UNSPECIFIED.,.F.,.F.,(3,3),(0.,1.),.PIECEWISE_BEZIER_KNOTS.);
#7359 = CARTESIAN_POINT('',(-4.6630859375,-24.09643554687,2.6));
#7360 = CARTESIAN_POINT('',(-4.57275390625,-23.85473632812,2.6));
#7361 = CARTESIAN_POINT('',(-4.373779296875,-23.62036132812,2.6));
#7362 = PCURVE('',#1021,#7363);
#7363 = DEFINITIONAL_REPRESENTATION('',(#7364),#7368);
#7364 = LINE('',#7365,#7366);
#7365 = CARTESIAN_POINT('',(0.,-0.7));
#7366 = VECTOR('',#7367,1.);
#7367 = DIRECTION('',(1.,0.));
#7368 = ( GEOMETRIC_REPRESENTATION_CONTEXT(2) 
PARAMETRIC_REPRESENTATION_CONTEXT() REPRESENTATION_CONTEXT('2D SPACE',''
  ) );
#7369 = PCURVE('',#6463,#7370);
#7370 = DEFINITIONAL_REPRESENTATION('',(#7371),#7375);
#7371 = B_SPLINE_CURVE_WITH_KNOTS('',2,(#7372,#7373,#7374),
  .UNSPECIFIED.,.F.,.F.,(3,3),(0.,1.),.PIECEWISE_BEZIER_KNOTS.);
#7372 = CARTESIAN_POINT('',(0.20263671875,0.30517578125));
#7373 = CARTESIAN_POINT('',(0.29296875,0.546875));
#7374 = CARTESIAN_POINT('',(0.491943359375,0.78125));
#7375 = ( GEOMETRIC_REPRESENTATION_CONTEXT(2) 
PARAMETRIC_REPRESENTATION_CONTEXT() REPRESENTATION_CONTEXT('2D SPACE',''
  ) );
#7376 = ORIENTED_EDGE('',*,*,#7284,.F.);
#7377 = ADVANCED_FACE('',(#7378),#980,.T.);
#7378 = FACE_BOUND('',#7379,.T.);
#7379 = EDGE_LOOP('',(#7380,#7381,#7404,#7425));
#7380 = ORIENTED_EDGE('',*,*,#954,.T.);
#7381 = ORIENTED_EDGE('',*,*,#7382,.T.);
#7382 = EDGE_CURVE('',#928,#7383,#7385,.T.);
#7383 = VERTEX_POINT('',#7384);
#7384 = CARTESIAN_POINT('',(-4.71435546875,-24.40161132812,2.6));
#7385 = SURFACE_CURVE('',#7386,(#7390,#7397),.PCURVE_S1.);
#7386 = LINE('',#7387,#7388);
#7387 = CARTESIAN_POINT('',(-4.71435546875,-24.40161132812,1.9));
#7388 = VECTOR('',#7389,1.);
#7389 = DIRECTION('',(0.,0.,1.));
#7390 = PCURVE('',#980,#7391);
#7391 = DEFINITIONAL_REPRESENTATION('',(#7392),#7396);
#7392 = LINE('',#7393,#7394);
#7393 = CARTESIAN_POINT('',(0.,0.));
#7394 = VECTOR('',#7395,1.);
#7395 = DIRECTION('',(0.,-1.));
#7396 = ( GEOMETRIC_REPRESENTATION_CONTEXT(2) 
PARAMETRIC_REPRESENTATION_CONTEXT() REPRESENTATION_CONTEXT('2D SPACE',''
  ) );
#7397 = PCURVE('',#943,#7398);
#7398 = DEFINITIONAL_REPRESENTATION('',(#7399),#7403);
#7399 = LINE('',#7400,#7401);
#7400 = CARTESIAN_POINT('',(2.36572265625,0.));
#7401 = VECTOR('',#7402,1.);
#7402 = DIRECTION('',(0.,-1.));
#7403 = ( GEOMETRIC_REPRESENTATION_CONTEXT(2) 
PARAMETRIC_REPRESENTATION_CONTEXT() REPRESENTATION_CONTEXT('2D SPACE',''
  ) );
#7404 = ORIENTED_EDGE('',*,*,#7405,.T.);
#7405 = EDGE_CURVE('',#7383,#7334,#7406,.T.);
#7406 = SURFACE_CURVE('',#7407,(#7411,#7418),.PCURVE_S1.);
#7407 = B_SPLINE_CURVE_WITH_KNOTS('',2,(#7408,#7409,#7410),
  .UNSPECIFIED.,.F.,.F.,(3,3),(0.,1.),.PIECEWISE_BEZIER_KNOTS.);
#7408 = CARTESIAN_POINT('',(-4.71435546875,-24.40161132812,2.6));
#7409 = CARTESIAN_POINT('',(-4.71923828125,-24.24291992187,2.6));
#7410 = CARTESIAN_POINT('',(-4.6630859375,-24.09643554687,2.6));
#7411 = PCURVE('',#980,#7412);
#7412 = DEFINITIONAL_REPRESENTATION('',(#7413),#7417);
#7413 = LINE('',#7414,#7415);
#7414 = CARTESIAN_POINT('',(0.,-0.7));
#7415 = VECTOR('',#7416,1.);
#7416 = DIRECTION('',(1.,0.));
#7417 = ( GEOMETRIC_REPRESENTATION_CONTEXT(2) 
PARAMETRIC_REPRESENTATION_CONTEXT() REPRESENTATION_CONTEXT('2D SPACE',''
  ) );
#7418 = PCURVE('',#6463,#7419);
#7419 = DEFINITIONAL_REPRESENTATION('',(#7420),#7424);
#7420 = B_SPLINE_CURVE_WITH_KNOTS('',2,(#7421,#7422,#7423),
  .UNSPECIFIED.,.F.,.F.,(3,3),(0.,1.),.PIECEWISE_BEZIER_KNOTS.);
#7421 = CARTESIAN_POINT('',(0.1513671875,0.));
#7422 = CARTESIAN_POINT('',(0.146484375,0.15869140625));
#7423 = CARTESIAN_POINT('',(0.20263671875,0.30517578125));
#7424 = ( GEOMETRIC_REPRESENTATION_CONTEXT(2) 
PARAMETRIC_REPRESENTATION_CONTEXT() REPRESENTATION_CONTEXT('2D SPACE',''
  ) );
#7425 = ORIENTED_EDGE('',*,*,#7333,.F.);
#7426 = ADVANCED_FACE('',(#7427),#943,.T.);
#7427 = FACE_BOUND('',#7428,.T.);
#7428 = EDGE_LOOP('',(#7429,#7430,#7453,#7474));
#7429 = ORIENTED_EDGE('',*,*,#927,.T.);
#7430 = ORIENTED_EDGE('',*,*,#7431,.T.);
#7431 = EDGE_CURVE('',#901,#7432,#7434,.T.);
#7432 = VERTEX_POINT('',#7433);
#7433 = CARTESIAN_POINT('',(-2.3486328125,-24.40161132812,2.6));
#7434 = SURFACE_CURVE('',#7435,(#7439,#7446),.PCURVE_S1.);
#7435 = LINE('',#7436,#7437);
#7436 = CARTESIAN_POINT('',(-2.3486328125,-24.40161132812,1.9));
#7437 = VECTOR('',#7438,1.);
#7438 = DIRECTION('',(0.,0.,1.));
#7439 = PCURVE('',#943,#7440);
#7440 = DEFINITIONAL_REPRESENTATION('',(#7441),#7445);
#7441 = LINE('',#7442,#7443);
#7442 = CARTESIAN_POINT('',(0.,-0.));
#7443 = VECTOR('',#7444,1.);
#7444 = DIRECTION('',(0.,-1.));
#7445 = ( GEOMETRIC_REPRESENTATION_CONTEXT(2) 
PARAMETRIC_REPRESENTATION_CONTEXT() REPRESENTATION_CONTEXT('2D SPACE',''
  ) );
#7446 = PCURVE('',#916,#7447);
#7447 = DEFINITIONAL_REPRESENTATION('',(#7448),#7452);
#7448 = LINE('',#7449,#7450);
#7449 = CARTESIAN_POINT('',(0.42236328125,0.));
#7450 = VECTOR('',#7451,1.);
#7451 = DIRECTION('',(0.,-1.));
#7452 = ( GEOMETRIC_REPRESENTATION_CONTEXT(2) 
PARAMETRIC_REPRESENTATION_CONTEXT() REPRESENTATION_CONTEXT('2D SPACE',''
  ) );
#7453 = ORIENTED_EDGE('',*,*,#7454,.T.);
#7454 = EDGE_CURVE('',#7432,#7383,#7455,.T.);
#7455 = SURFACE_CURVE('',#7456,(#7460,#7467),.PCURVE_S1.);
#7456 = LINE('',#7457,#7458);
#7457 = CARTESIAN_POINT('',(-2.3486328125,-24.40161132812,2.6));
#7458 = VECTOR('',#7459,1.);
#7459 = DIRECTION('',(-1.,0.,0.));
#7460 = PCURVE('',#943,#7461);
#7461 = DEFINITIONAL_REPRESENTATION('',(#7462),#7466);
#7462 = LINE('',#7463,#7464);
#7463 = CARTESIAN_POINT('',(0.,-0.7));
#7464 = VECTOR('',#7465,1.);
#7465 = DIRECTION('',(1.,0.));
#7466 = ( GEOMETRIC_REPRESENTATION_CONTEXT(2) 
PARAMETRIC_REPRESENTATION_CONTEXT() REPRESENTATION_CONTEXT('2D SPACE',''
  ) );
#7467 = PCURVE('',#6463,#7468);
#7468 = DEFINITIONAL_REPRESENTATION('',(#7469),#7473);
#7469 = LINE('',#7470,#7471);
#7470 = CARTESIAN_POINT('',(2.51708984375,0.));
#7471 = VECTOR('',#7472,1.);
#7472 = DIRECTION('',(-1.,0.));
#7473 = ( GEOMETRIC_REPRESENTATION_CONTEXT(2) 
PARAMETRIC_REPRESENTATION_CONTEXT() REPRESENTATION_CONTEXT('2D SPACE',''
  ) );
#7474 = ORIENTED_EDGE('',*,*,#7382,.F.);
#7475 = ADVANCED_FACE('',(#7476),#916,.T.);
#7476 = FACE_BOUND('',#7477,.T.);
#7477 = EDGE_LOOP('',(#7478,#7479,#7480,#7501));
#7478 = ORIENTED_EDGE('',*,*,#900,.T.);
#7479 = ORIENTED_EDGE('',*,*,#6475,.T.);
#7480 = ORIENTED_EDGE('',*,*,#7481,.T.);
#7481 = EDGE_CURVE('',#6448,#7432,#7482,.T.);
#7482 = SURFACE_CURVE('',#7483,(#7487,#7494),.PCURVE_S1.);
#7483 = LINE('',#7484,#7485);
#7484 = CARTESIAN_POINT('',(-2.3486328125,-23.97924804687,2.6));
#7485 = VECTOR('',#7486,1.);
#7486 = DIRECTION('',(0.,-1.,0.));
#7487 = PCURVE('',#916,#7488);
#7488 = DEFINITIONAL_REPRESENTATION('',(#7489),#7493);
#7489 = LINE('',#7490,#7491);
#7490 = CARTESIAN_POINT('',(0.,-0.7));
#7491 = VECTOR('',#7492,1.);
#7492 = DIRECTION('',(1.,0.));
#7493 = ( GEOMETRIC_REPRESENTATION_CONTEXT(2) 
PARAMETRIC_REPRESENTATION_CONTEXT() REPRESENTATION_CONTEXT('2D SPACE',''
  ) );
#7494 = PCURVE('',#6463,#7495);
#7495 = DEFINITIONAL_REPRESENTATION('',(#7496),#7500);
#7496 = LINE('',#7497,#7498);
#7497 = CARTESIAN_POINT('',(2.51708984375,0.42236328125));
#7498 = VECTOR('',#7499,1.);
#7499 = DIRECTION('',(0.,-1.));
#7500 = ( GEOMETRIC_REPRESENTATION_CONTEXT(2) 
PARAMETRIC_REPRESENTATION_CONTEXT() REPRESENTATION_CONTEXT('2D SPACE',''
  ) );
#7501 = ORIENTED_EDGE('',*,*,#7431,.F.);
#7502 = ADVANCED_FACE('',(#7503),#1875,.T.);
#7503 = FACE_BOUND('',#7504,.T.);
#7504 = EDGE_LOOP('',(#7505,#7506,#7529,#7557));
#7505 = ORIENTED_EDGE('',*,*,#1857,.T.);
#7506 = ORIENTED_EDGE('',*,*,#7507,.T.);
#7507 = EDGE_CURVE('',#1860,#7508,#7510,.T.);
#7508 = VERTEX_POINT('',#7509);
#7509 = CARTESIAN_POINT('',(-1.3232421875,-23.97924804687,2.6));
#7510 = SURFACE_CURVE('',#7511,(#7515,#7522),.PCURVE_S1.);
#7511 = LINE('',#7512,#7513);
#7512 = CARTESIAN_POINT('',(-1.3232421875,-23.97924804687,1.9));
#7513 = VECTOR('',#7514,1.);
#7514 = DIRECTION('',(0.,0.,1.));
#7515 = PCURVE('',#1875,#7516);
#7516 = DEFINITIONAL_REPRESENTATION('',(#7517),#7521);
#7517 = LINE('',#7518,#7519);
#7518 = CARTESIAN_POINT('',(0.,0.));
#7519 = VECTOR('',#7520,1.);
#7520 = DIRECTION('',(0.,-1.));
#7521 = ( GEOMETRIC_REPRESENTATION_CONTEXT(2) 
PARAMETRIC_REPRESENTATION_CONTEXT() REPRESENTATION_CONTEXT('2D SPACE',''
  ) );
#7522 = PCURVE('',#2825,#7523);
#7523 = DEFINITIONAL_REPRESENTATION('',(#7524),#7528);
#7524 = LINE('',#7525,#7526);
#7525 = CARTESIAN_POINT('',(1.,0.));
#7526 = VECTOR('',#7527,1.);
#7527 = DIRECTION('',(0.,-1.));
#7528 = ( GEOMETRIC_REPRESENTATION_CONTEXT(2) 
PARAMETRIC_REPRESENTATION_CONTEXT() REPRESENTATION_CONTEXT('2D SPACE',''
  ) );
#7529 = ORIENTED_EDGE('',*,*,#7530,.T.);
#7530 = EDGE_CURVE('',#7508,#7531,#7533,.T.);
#7531 = VERTEX_POINT('',#7532);
#7532 = CARTESIAN_POINT('',(0.43212890625,-23.97924804687,2.6));
#7533 = SURFACE_CURVE('',#7534,(#7538,#7545),.PCURVE_S1.);
#7534 = LINE('',#7535,#7536);
#7535 = CARTESIAN_POINT('',(-1.3232421875,-23.97924804687,2.6));
#7536 = VECTOR('',#7537,1.);
#7537 = DIRECTION('',(1.,0.,0.));
#7538 = PCURVE('',#1875,#7539);
#7539 = DEFINITIONAL_REPRESENTATION('',(#7540),#7544);
#7540 = LINE('',#7541,#7542);
#7541 = CARTESIAN_POINT('',(0.,-0.7));
#7542 = VECTOR('',#7543,1.);
#7543 = DIRECTION('',(1.,0.));
#7544 = ( GEOMETRIC_REPRESENTATION_CONTEXT(2) 
PARAMETRIC_REPRESENTATION_CONTEXT() REPRESENTATION_CONTEXT('2D SPACE',''
  ) );
#7545 = PCURVE('',#7546,#7551);
#7546 = PLANE('',#7547);
#7547 = AXIS2_PLACEMENT_3D('',#7548,#7549,#7550);
#7548 = CARTESIAN_POINT('',(-2.0849609375,-24.40161132812,2.6));
#7549 = DIRECTION('',(0.,0.,1.));
#7550 = DIRECTION('',(1.,0.,0.));
#7551 = DEFINITIONAL_REPRESENTATION('',(#7552),#7556);
#7552 = LINE('',#7553,#7554);
#7553 = CARTESIAN_POINT('',(0.76171875,0.42236328125));
#7554 = VECTOR('',#7555,1.);
#7555 = DIRECTION('',(1.,0.));
#7556 = ( GEOMETRIC_REPRESENTATION_CONTEXT(2) 
PARAMETRIC_REPRESENTATION_CONTEXT() REPRESENTATION_CONTEXT('2D SPACE',''
  ) );
#7557 = ORIENTED_EDGE('',*,*,#7558,.F.);
#7558 = EDGE_CURVE('',#1858,#7531,#7559,.T.);
#7559 = SURFACE_CURVE('',#7560,(#7564,#7571),.PCURVE_S1.);
#7560 = LINE('',#7561,#7562);
#7561 = CARTESIAN_POINT('',(0.43212890625,-23.97924804687,1.9));
#7562 = VECTOR('',#7563,1.);
#7563 = DIRECTION('',(0.,0.,1.));
#7564 = PCURVE('',#1875,#7565);
#7565 = DEFINITIONAL_REPRESENTATION('',(#7566),#7570);
#7566 = LINE('',#7567,#7568);
#7567 = CARTESIAN_POINT('',(1.75537109375,0.));
#7568 = VECTOR('',#7569,1.);
#7569 = DIRECTION('',(0.,-1.));
#7570 = ( GEOMETRIC_REPRESENTATION_CONTEXT(2) 
PARAMETRIC_REPRESENTATION_CONTEXT() REPRESENTATION_CONTEXT('2D SPACE',''
  ) );
#7571 = PCURVE('',#1902,#7572);
#7572 = DEFINITIONAL_REPRESENTATION('',(#7573),#7577);
#7573 = LINE('',#7574,#7575);
#7574 = CARTESIAN_POINT('',(0.,0.));
#7575 = VECTOR('',#7576,1.);
#7576 = DIRECTION('',(0.,-1.));
#7577 = ( GEOMETRIC_REPRESENTATION_CONTEXT(2) 
PARAMETRIC_REPRESENTATION_CONTEXT() REPRESENTATION_CONTEXT('2D SPACE',''
  ) );
#7578 = ADVANCED_FACE('',(#7579),#2825,.T.);
#7579 = FACE_BOUND('',#7580,.T.);
#7580 = EDGE_LOOP('',(#7581,#7582,#7605,#7626));
#7581 = ORIENTED_EDGE('',*,*,#2807,.T.);
#7582 = ORIENTED_EDGE('',*,*,#7583,.T.);
#7583 = EDGE_CURVE('',#2763,#7584,#7586,.T.);
#7584 = VERTEX_POINT('',#7585);
#7585 = CARTESIAN_POINT('',(-1.1376953125,-23.7412109375,2.6));
#7586 = SURFACE_CURVE('',#7587,(#7591,#7598),.PCURVE_S1.);
#7587 = LINE('',#7588,#7589);
#7588 = CARTESIAN_POINT('',(-1.1376953125,-23.7412109375,1.9));
#7589 = VECTOR('',#7590,1.);
#7590 = DIRECTION('',(0.,0.,1.));
#7591 = PCURVE('',#2825,#7592);
#7592 = DEFINITIONAL_REPRESENTATION('',(#7593),#7597);
#7593 = LINE('',#7594,#7595);
#7594 = CARTESIAN_POINT('',(0.,0.));
#7595 = VECTOR('',#7596,1.);
#7596 = DIRECTION('',(0.,-1.));
#7597 = ( GEOMETRIC_REPRESENTATION_CONTEXT(2) 
PARAMETRIC_REPRESENTATION_CONTEXT() REPRESENTATION_CONTEXT('2D SPACE',''
  ) );
#7598 = PCURVE('',#2788,#7599);
#7599 = DEFINITIONAL_REPRESENTATION('',(#7600),#7604);
#7600 = LINE('',#7601,#7602);
#7601 = CARTESIAN_POINT('',(1.,0.));
#7602 = VECTOR('',#7603,1.);
#7603 = DIRECTION('',(0.,-1.));
#7604 = ( GEOMETRIC_REPRESENTATION_CONTEXT(2) 
PARAMETRIC_REPRESENTATION_CONTEXT() REPRESENTATION_CONTEXT('2D SPACE',''
  ) );
#7605 = ORIENTED_EDGE('',*,*,#7606,.T.);
#7606 = EDGE_CURVE('',#7584,#7508,#7607,.T.);
#7607 = SURFACE_CURVE('',#7608,(#7612,#7619),.PCURVE_S1.);
#7608 = B_SPLINE_CURVE_WITH_KNOTS('',2,(#7609,#7610,#7611),
  .UNSPECIFIED.,.F.,.F.,(3,3),(0.,1.),.PIECEWISE_BEZIER_KNOTS.);
#7609 = CARTESIAN_POINT('',(-1.1376953125,-23.7412109375,2.6));
#7610 = CARTESIAN_POINT('',(-1.25,-23.85961914062,2.6));
#7611 = CARTESIAN_POINT('',(-1.3232421875,-23.97924804687,2.6));
#7612 = PCURVE('',#2825,#7613);
#7613 = DEFINITIONAL_REPRESENTATION('',(#7614),#7618);
#7614 = LINE('',#7615,#7616);
#7615 = CARTESIAN_POINT('',(0.,-0.7));
#7616 = VECTOR('',#7617,1.);
#7617 = DIRECTION('',(1.,0.));
#7618 = ( GEOMETRIC_REPRESENTATION_CONTEXT(2) 
PARAMETRIC_REPRESENTATION_CONTEXT() REPRESENTATION_CONTEXT('2D SPACE',''
  ) );
#7619 = PCURVE('',#7546,#7620);
#7620 = DEFINITIONAL_REPRESENTATION('',(#7621),#7625);
#7621 = B_SPLINE_CURVE_WITH_KNOTS('',2,(#7622,#7623,#7624),
  .UNSPECIFIED.,.F.,.F.,(3,3),(0.,1.),.PIECEWISE_BEZIER_KNOTS.);
#7622 = CARTESIAN_POINT('',(0.947265625,0.660400390625));
#7623 = CARTESIAN_POINT('',(0.8349609375,0.5419921875));
#7624 = CARTESIAN_POINT('',(0.76171875,0.42236328125));
#7625 = ( GEOMETRIC_REPRESENTATION_CONTEXT(2) 
PARAMETRIC_REPRESENTATION_CONTEXT() REPRESENTATION_CONTEXT('2D SPACE',''
  ) );
#7626 = ORIENTED_EDGE('',*,*,#7507,.F.);
#7627 = ADVANCED_FACE('',(#7628),#2788,.T.);
#7628 = FACE_BOUND('',#7629,.T.);
#7629 = EDGE_LOOP('',(#7630,#7631,#7654,#7675));
#7630 = ORIENTED_EDGE('',*,*,#2762,.T.);
#7631 = ORIENTED_EDGE('',*,*,#7632,.T.);
#7632 = EDGE_CURVE('',#2721,#7633,#7635,.T.);
#7633 = VERTEX_POINT('',#7634);
#7634 = CARTESIAN_POINT('',(-0.6298828125,-23.29077148437,2.6));
#7635 = SURFACE_CURVE('',#7636,(#7640,#7647),.PCURVE_S1.);
#7636 = LINE('',#7637,#7638);
#7637 = CARTESIAN_POINT('',(-0.6298828125,-23.29077148437,1.9));
#7638 = VECTOR('',#7639,1.);
#7639 = DIRECTION('',(0.,0.,1.));
#7640 = PCURVE('',#2788,#7641);
#7641 = DEFINITIONAL_REPRESENTATION('',(#7642),#7646);
#7642 = LINE('',#7643,#7644);
#7643 = CARTESIAN_POINT('',(0.,0.));
#7644 = VECTOR('',#7645,1.);
#7645 = DIRECTION('',(0.,-1.));
#7646 = ( GEOMETRIC_REPRESENTATION_CONTEXT(2) 
PARAMETRIC_REPRESENTATION_CONTEXT() REPRESENTATION_CONTEXT('2D SPACE',''
  ) );
#7647 = PCURVE('',#2744,#7648);
#7648 = DEFINITIONAL_REPRESENTATION('',(#7649),#7653);
#7649 = LINE('',#7650,#7651);
#7650 = CARTESIAN_POINT('',(1.,0.));
#7651 = VECTOR('',#7652,1.);
#7652 = DIRECTION('',(0.,-1.));
#7653 = ( GEOMETRIC_REPRESENTATION_CONTEXT(2) 
PARAMETRIC_REPRESENTATION_CONTEXT() REPRESENTATION_CONTEXT('2D SPACE',''
  ) );
#7654 = ORIENTED_EDGE('',*,*,#7655,.T.);
#7655 = EDGE_CURVE('',#7633,#7584,#7656,.T.);
#7656 = SURFACE_CURVE('',#7657,(#7661,#7668),.PCURVE_S1.);
#7657 = B_SPLINE_CURVE_WITH_KNOTS('',2,(#7658,#7659,#7660),
  .UNSPECIFIED.,.F.,.F.,(3,3),(0.,1.),.PIECEWISE_BEZIER_KNOTS.);
#7658 = CARTESIAN_POINT('',(-0.6298828125,-23.29077148437,2.6));
#7659 = CARTESIAN_POINT('',(-1.025390625,-23.62280273437,2.6));
#7660 = CARTESIAN_POINT('',(-1.1376953125,-23.7412109375,2.6));
#7661 = PCURVE('',#2788,#7662);
#7662 = DEFINITIONAL_REPRESENTATION('',(#7663),#7667);
#7663 = LINE('',#7664,#7665);
#7664 = CARTESIAN_POINT('',(0.,-0.7));
#7665 = VECTOR('',#7666,1.);
#7666 = DIRECTION('',(1.,0.));
#7667 = ( GEOMETRIC_REPRESENTATION_CONTEXT(2) 
PARAMETRIC_REPRESENTATION_CONTEXT() REPRESENTATION_CONTEXT('2D SPACE',''
  ) );
#7668 = PCURVE('',#7546,#7669);
#7669 = DEFINITIONAL_REPRESENTATION('',(#7670),#7674);
#7670 = B_SPLINE_CURVE_WITH_KNOTS('',2,(#7671,#7672,#7673),
  .UNSPECIFIED.,.F.,.F.,(3,3),(0.,1.),.PIECEWISE_BEZIER_KNOTS.);
#7671 = CARTESIAN_POINT('',(1.455078125,1.11083984375));
#7672 = CARTESIAN_POINT('',(1.0595703125,0.77880859375));
#7673 = CARTESIAN_POINT('',(0.947265625,0.660400390625));
#7674 = ( GEOMETRIC_REPRESENTATION_CONTEXT(2) 
PARAMETRIC_REPRESENTATION_CONTEXT() REPRESENTATION_CONTEXT('2D SPACE',''
  ) );
#7675 = ORIENTED_EDGE('',*,*,#7583,.F.);
#7676 = ADVANCED_FACE('',(#7677),#2744,.T.);
#7677 = FACE_BOUND('',#7678,.T.);
#7678 = EDGE_LOOP('',(#7679,#7680,#7703,#7724));
#7679 = ORIENTED_EDGE('',*,*,#2720,.T.);
#7680 = ORIENTED_EDGE('',*,*,#7681,.T.);
#7681 = EDGE_CURVE('',#2682,#7682,#7684,.T.);
#7682 = VERTEX_POINT('',#7683);
#7683 = CARTESIAN_POINT('',(4.7607421875E-02,-22.66088867187,2.6));
#7684 = SURFACE_CURVE('',#7685,(#7689,#7696),.PCURVE_S1.);
#7685 = LINE('',#7686,#7687);
#7686 = CARTESIAN_POINT('',(4.7607421875E-02,-22.66088867187,1.9));
#7687 = VECTOR('',#7688,1.);
#7688 = DIRECTION('',(0.,0.,1.));
#7689 = PCURVE('',#2744,#7690);
#7690 = DEFINITIONAL_REPRESENTATION('',(#7691),#7695);
#7691 = LINE('',#7692,#7693);
#7692 = CARTESIAN_POINT('',(0.,0.));
#7693 = VECTOR('',#7694,1.);
#7694 = DIRECTION('',(0.,-1.));
#7695 = ( GEOMETRIC_REPRESENTATION_CONTEXT(2) 
PARAMETRIC_REPRESENTATION_CONTEXT() REPRESENTATION_CONTEXT('2D SPACE',''
  ) );
#7696 = PCURVE('',#2703,#7697);
#7697 = DEFINITIONAL_REPRESENTATION('',(#7698),#7702);
#7698 = LINE('',#7699,#7700);
#7699 = CARTESIAN_POINT('',(1.,0.));
#7700 = VECTOR('',#7701,1.);
#7701 = DIRECTION('',(0.,-1.));
#7702 = ( GEOMETRIC_REPRESENTATION_CONTEXT(2) 
PARAMETRIC_REPRESENTATION_CONTEXT() REPRESENTATION_CONTEXT('2D SPACE',''
  ) );
#7703 = ORIENTED_EDGE('',*,*,#7704,.T.);
#7704 = EDGE_CURVE('',#7682,#7633,#7705,.T.);
#7705 = SURFACE_CURVE('',#7706,(#7710,#7717),.PCURVE_S1.);
#7706 = B_SPLINE_CURVE_WITH_KNOTS('',2,(#7707,#7708,#7709),
  .UNSPECIFIED.,.F.,.F.,(3,3),(0.,1.),.PIECEWISE_BEZIER_KNOTS.);
#7707 = CARTESIAN_POINT('',(4.7607421875E-02,-22.66088867187,2.6));
#7708 = CARTESIAN_POINT('',(-0.15625,-22.89038085937,2.6));
#7709 = CARTESIAN_POINT('',(-0.6298828125,-23.29077148437,2.6));
#7710 = PCURVE('',#2744,#7711);
#7711 = DEFINITIONAL_REPRESENTATION('',(#7712),#7716);
#7712 = LINE('',#7713,#7714);
#7713 = CARTESIAN_POINT('',(0.,-0.7));
#7714 = VECTOR('',#7715,1.);
#7715 = DIRECTION('',(1.,0.));
#7716 = ( GEOMETRIC_REPRESENTATION_CONTEXT(2) 
PARAMETRIC_REPRESENTATION_CONTEXT() REPRESENTATION_CONTEXT('2D SPACE',''
  ) );
#7717 = PCURVE('',#7546,#7718);
#7718 = DEFINITIONAL_REPRESENTATION('',(#7719),#7723);
#7719 = B_SPLINE_CURVE_WITH_KNOTS('',2,(#7720,#7721,#7722),
  .UNSPECIFIED.,.F.,.F.,(3,3),(0.,1.),.PIECEWISE_BEZIER_KNOTS.);
#7720 = CARTESIAN_POINT('',(2.132568359375,1.74072265625));
#7721 = CARTESIAN_POINT('',(1.9287109375,1.51123046875));
#7722 = CARTESIAN_POINT('',(1.455078125,1.11083984375));
#7723 = ( GEOMETRIC_REPRESENTATION_CONTEXT(2) 
PARAMETRIC_REPRESENTATION_CONTEXT() REPRESENTATION_CONTEXT('2D SPACE',''
  ) );
#7724 = ORIENTED_EDGE('',*,*,#7632,.F.);
#7725 = ADVANCED_FACE('',(#7726),#2703,.T.);
#7726 = FACE_BOUND('',#7727,.T.);
#7727 = EDGE_LOOP('',(#7728,#7729,#7752,#7773));
#7728 = ORIENTED_EDGE('',*,*,#2681,.T.);
#7729 = ORIENTED_EDGE('',*,*,#7730,.T.);
#7730 = EDGE_CURVE('',#2631,#7731,#7733,.T.);
#7731 = VERTEX_POINT('',#7732);
#7732 = CARTESIAN_POINT('',(0.33935546875,-22.22387695312,2.6));
#7733 = SURFACE_CURVE('',#7734,(#7738,#7745),.PCURVE_S1.);
#7734 = LINE('',#7735,#7736);
#7735 = CARTESIAN_POINT('',(0.33935546875,-22.22387695312,1.9));
#7736 = VECTOR('',#7737,1.);
#7737 = DIRECTION('',(0.,0.,1.));
#7738 = PCURVE('',#2703,#7739);
#7739 = DEFINITIONAL_REPRESENTATION('',(#7740),#7744);
#7740 = LINE('',#7741,#7742);
#7741 = CARTESIAN_POINT('',(0.,0.));
#7742 = VECTOR('',#7743,1.);
#7743 = DIRECTION('',(0.,-1.));
#7744 = ( GEOMETRIC_REPRESENTATION_CONTEXT(2) 
PARAMETRIC_REPRESENTATION_CONTEXT() REPRESENTATION_CONTEXT('2D SPACE',''
  ) );
#7745 = PCURVE('',#2660,#7746);
#7746 = DEFINITIONAL_REPRESENTATION('',(#7747),#7751);
#7747 = LINE('',#7748,#7749);
#7748 = CARTESIAN_POINT('',(1.,0.));
#7749 = VECTOR('',#7750,1.);
#7750 = DIRECTION('',(0.,-1.));
#7751 = ( GEOMETRIC_REPRESENTATION_CONTEXT(2) 
PARAMETRIC_REPRESENTATION_CONTEXT() REPRESENTATION_CONTEXT('2D SPACE',''
  ) );
#7752 = ORIENTED_EDGE('',*,*,#7753,.T.);
#7753 = EDGE_CURVE('',#7731,#7682,#7754,.T.);
#7754 = SURFACE_CURVE('',#7755,(#7759,#7766),.PCURVE_S1.);
#7755 = B_SPLINE_CURVE_WITH_KNOTS('',2,(#7756,#7757,#7758),
  .UNSPECIFIED.,.F.,.F.,(3,3),(0.,1.),.PIECEWISE_BEZIER_KNOTS.);
#7756 = CARTESIAN_POINT('',(0.33935546875,-22.22387695312,2.6));
#7757 = CARTESIAN_POINT('',(0.25146484375,-22.43139648437,2.6));
#7758 = CARTESIAN_POINT('',(4.7607421875E-02,-22.66088867187,2.6));
#7759 = PCURVE('',#2703,#7760);
#7760 = DEFINITIONAL_REPRESENTATION('',(#7761),#7765);
#7761 = LINE('',#7762,#7763);
#7762 = CARTESIAN_POINT('',(0.,-0.7));
#7763 = VECTOR('',#7764,1.);
#7764 = DIRECTION('',(1.,0.));
#7765 = ( GEOMETRIC_REPRESENTATION_CONTEXT(2) 
PARAMETRIC_REPRESENTATION_CONTEXT() REPRESENTATION_CONTEXT('2D SPACE',''
  ) );
#7766 = PCURVE('',#7546,#7767);
#7767 = DEFINITIONAL_REPRESENTATION('',(#7768),#7772);
#7768 = B_SPLINE_CURVE_WITH_KNOTS('',2,(#7769,#7770,#7771),
  .UNSPECIFIED.,.F.,.F.,(3,3),(0.,1.),.PIECEWISE_BEZIER_KNOTS.);
#7769 = CARTESIAN_POINT('',(2.42431640625,2.177734375));
#7770 = CARTESIAN_POINT('',(2.33642578125,1.97021484375));
#7771 = CARTESIAN_POINT('',(2.132568359375,1.74072265625));
#7772 = ( GEOMETRIC_REPRESENTATION_CONTEXT(2) 
PARAMETRIC_REPRESENTATION_CONTEXT() REPRESENTATION_CONTEXT('2D SPACE',''
  ) );
#7773 = ORIENTED_EDGE('',*,*,#7681,.F.);
#7774 = ADVANCED_FACE('',(#7775),#2660,.T.);
#7775 = FACE_BOUND('',#7776,.T.);
#7776 = EDGE_LOOP('',(#7777,#7778,#7801,#7822));
#7777 = ORIENTED_EDGE('',*,*,#2630,.T.);
#7778 = ORIENTED_EDGE('',*,*,#7779,.T.);
#7779 = EDGE_CURVE('',#2580,#7780,#7782,.T.);
#7780 = VERTEX_POINT('',#7781);
#7781 = CARTESIAN_POINT('',(0.42724609375,-21.80151367187,2.6));
#7782 = SURFACE_CURVE('',#7783,(#7787,#7794),.PCURVE_S1.);
#7783 = LINE('',#7784,#7785);
#7784 = CARTESIAN_POINT('',(0.42724609375,-21.80151367187,1.9));
#7785 = VECTOR('',#7786,1.);
#7786 = DIRECTION('',(0.,0.,1.));
#7787 = PCURVE('',#2660,#7788);
#7788 = DEFINITIONAL_REPRESENTATION('',(#7789),#7793);
#7789 = LINE('',#7790,#7791);
#7790 = CARTESIAN_POINT('',(0.,0.));
#7791 = VECTOR('',#7792,1.);
#7792 = DIRECTION('',(0.,-1.));
#7793 = ( GEOMETRIC_REPRESENTATION_CONTEXT(2) 
PARAMETRIC_REPRESENTATION_CONTEXT() REPRESENTATION_CONTEXT('2D SPACE',''
  ) );
#7794 = PCURVE('',#2609,#7795);
#7795 = DEFINITIONAL_REPRESENTATION('',(#7796),#7800);
#7796 = LINE('',#7797,#7798);
#7797 = CARTESIAN_POINT('',(1.,0.));
#7798 = VECTOR('',#7799,1.);
#7799 = DIRECTION('',(0.,-1.));
#7800 = ( GEOMETRIC_REPRESENTATION_CONTEXT(2) 
PARAMETRIC_REPRESENTATION_CONTEXT() REPRESENTATION_CONTEXT('2D SPACE',''
  ) );
#7801 = ORIENTED_EDGE('',*,*,#7802,.T.);
#7802 = EDGE_CURVE('',#7780,#7731,#7803,.T.);
#7803 = SURFACE_CURVE('',#7804,(#7808,#7815),.PCURVE_S1.);
#7804 = B_SPLINE_CURVE_WITH_KNOTS('',2,(#7805,#7806,#7807),
  .UNSPECIFIED.,.F.,.F.,(3,3),(0.,1.),.PIECEWISE_BEZIER_KNOTS.);
#7805 = CARTESIAN_POINT('',(0.42724609375,-21.80151367187,2.6));
#7806 = CARTESIAN_POINT('',(0.42724609375,-22.01635742187,2.6));
#7807 = CARTESIAN_POINT('',(0.33935546875,-22.22387695312,2.6));
#7808 = PCURVE('',#2660,#7809);
#7809 = DEFINITIONAL_REPRESENTATION('',(#7810),#7814);
#7810 = LINE('',#7811,#7812);
#7811 = CARTESIAN_POINT('',(0.,-0.7));
#7812 = VECTOR('',#7813,1.);
#7813 = DIRECTION('',(1.,0.));
#7814 = ( GEOMETRIC_REPRESENTATION_CONTEXT(2) 
PARAMETRIC_REPRESENTATION_CONTEXT() REPRESENTATION_CONTEXT('2D SPACE',''
  ) );
#7815 = PCURVE('',#7546,#7816);
#7816 = DEFINITIONAL_REPRESENTATION('',(#7817),#7821);
#7817 = B_SPLINE_CURVE_WITH_KNOTS('',2,(#7818,#7819,#7820),
  .UNSPECIFIED.,.F.,.F.,(3,3),(0.,1.),.PIECEWISE_BEZIER_KNOTS.);
#7818 = CARTESIAN_POINT('',(2.51220703125,2.60009765625));
#7819 = CARTESIAN_POINT('',(2.51220703125,2.38525390625));
#7820 = CARTESIAN_POINT('',(2.42431640625,2.177734375));
#7821 = ( GEOMETRIC_REPRESENTATION_CONTEXT(2) 
PARAMETRIC_REPRESENTATION_CONTEXT() REPRESENTATION_CONTEXT('2D SPACE',''
  ) );
#7822 = ORIENTED_EDGE('',*,*,#7730,.F.);
#7823 = ADVANCED_FACE('',(#7824),#2609,.T.);
#7824 = FACE_BOUND('',#7825,.T.);
#7825 = EDGE_LOOP('',(#7826,#7827,#7850,#7871));
#7826 = ORIENTED_EDGE('',*,*,#2579,.T.);
#7827 = ORIENTED_EDGE('',*,*,#7828,.T.);
#7828 = EDGE_CURVE('',#2523,#7829,#7831,.T.);
#7829 = VERTEX_POINT('',#7830);
#7830 = CARTESIAN_POINT('',(0.126953125,-21.09350585937,2.6));
#7831 = SURFACE_CURVE('',#7832,(#7836,#7843),.PCURVE_S1.);
#7832 = LINE('',#7833,#7834);
#7833 = CARTESIAN_POINT('',(0.126953125,-21.09350585937,1.9));
#7834 = VECTOR('',#7835,1.);
#7835 = DIRECTION('',(0.,0.,1.));
#7836 = PCURVE('',#2609,#7837);
#7837 = DEFINITIONAL_REPRESENTATION('',(#7838),#7842);
#7838 = LINE('',#7839,#7840);
#7839 = CARTESIAN_POINT('',(0.,0.));
#7840 = VECTOR('',#7841,1.);
#7841 = DIRECTION('',(0.,-1.));
#7842 = ( GEOMETRIC_REPRESENTATION_CONTEXT(2) 
PARAMETRIC_REPRESENTATION_CONTEXT() REPRESENTATION_CONTEXT('2D SPACE',''
  ) );
#7843 = PCURVE('',#2556,#7844);
#7844 = DEFINITIONAL_REPRESENTATION('',(#7845),#7849);
#7845 = LINE('',#7846,#7847);
#7846 = CARTESIAN_POINT('',(1.,0.));
#7847 = VECTOR('',#7848,1.);
#7848 = DIRECTION('',(0.,-1.));
#7849 = ( GEOMETRIC_REPRESENTATION_CONTEXT(2) 
PARAMETRIC_REPRESENTATION_CONTEXT() REPRESENTATION_CONTEXT('2D SPACE',''
  ) );
#7850 = ORIENTED_EDGE('',*,*,#7851,.T.);
#7851 = EDGE_CURVE('',#7829,#7780,#7852,.T.);
#7852 = SURFACE_CURVE('',#7853,(#7857,#7864),.PCURVE_S1.);
#7853 = B_SPLINE_CURVE_WITH_KNOTS('',2,(#7854,#7855,#7856),
  .UNSPECIFIED.,.F.,.F.,(3,3),(0.,1.),.PIECEWISE_BEZIER_KNOTS.);
#7854 = CARTESIAN_POINT('',(0.126953125,-21.09350585937,2.6));
#7855 = CARTESIAN_POINT('',(0.42724609375,-21.37915039062,2.6));
#7856 = CARTESIAN_POINT('',(0.42724609375,-21.80151367187,2.6));
#7857 = PCURVE('',#2609,#7858);
#7858 = DEFINITIONAL_REPRESENTATION('',(#7859),#7863);
#7859 = LINE('',#7860,#7861);
#7860 = CARTESIAN_POINT('',(0.,-0.7));
#7861 = VECTOR('',#7862,1.);
#7862 = DIRECTION('',(1.,0.));
#7863 = ( GEOMETRIC_REPRESENTATION_CONTEXT(2) 
PARAMETRIC_REPRESENTATION_CONTEXT() REPRESENTATION_CONTEXT('2D SPACE',''
  ) );
#7864 = PCURVE('',#7546,#7865);
#7865 = DEFINITIONAL_REPRESENTATION('',(#7866),#7870);
#7866 = B_SPLINE_CURVE_WITH_KNOTS('',2,(#7867,#7868,#7869),
  .UNSPECIFIED.,.F.,.F.,(3,3),(0.,1.),.PIECEWISE_BEZIER_KNOTS.);
#7867 = CARTESIAN_POINT('',(2.2119140625,3.30810546875));
#7868 = CARTESIAN_POINT('',(2.51220703125,3.0224609375));
#7869 = CARTESIAN_POINT('',(2.51220703125,2.60009765625));
#7870 = ( GEOMETRIC_REPRESENTATION_CONTEXT(2) 
PARAMETRIC_REPRESENTATION_CONTEXT() REPRESENTATION_CONTEXT('2D SPACE',''
  ) );
#7871 = ORIENTED_EDGE('',*,*,#7779,.F.);
#7872 = ADVANCED_FACE('',(#7873),#2556,.T.);
#7873 = FACE_BOUND('',#7874,.T.);
#7874 = EDGE_LOOP('',(#7875,#7876,#7899,#7920));
#7875 = ORIENTED_EDGE('',*,*,#2522,.T.);
#7876 = ORIENTED_EDGE('',*,*,#7877,.T.);
#7877 = EDGE_CURVE('',#2460,#7878,#7880,.T.);
#7878 = VERTEX_POINT('',#7879);
#7879 = CARTESIAN_POINT('',(-0.6884765625,-20.80786132812,2.6));
#7880 = SURFACE_CURVE('',#7881,(#7885,#7892),.PCURVE_S1.);
#7881 = LINE('',#7882,#7883);
#7882 = CARTESIAN_POINT('',(-0.6884765625,-20.80786132812,1.9));
#7883 = VECTOR('',#7884,1.);
#7884 = DIRECTION('',(0.,0.,1.));
#7885 = PCURVE('',#2556,#7886);
#7886 = DEFINITIONAL_REPRESENTATION('',(#7887),#7891);
#7887 = LINE('',#7888,#7889);
#7888 = CARTESIAN_POINT('',(0.,0.));
#7889 = VECTOR('',#7890,1.);
#7890 = DIRECTION('',(0.,-1.));
#7891 = ( GEOMETRIC_REPRESENTATION_CONTEXT(2) 
PARAMETRIC_REPRESENTATION_CONTEXT() REPRESENTATION_CONTEXT('2D SPACE',''
  ) );
#7892 = PCURVE('',#2497,#7893);
#7893 = DEFINITIONAL_REPRESENTATION('',(#7894),#7898);
#7894 = LINE('',#7895,#7896);
#7895 = CARTESIAN_POINT('',(1.,0.));
#7896 = VECTOR('',#7897,1.);
#7897 = DIRECTION('',(0.,-1.));
#7898 = ( GEOMETRIC_REPRESENTATION_CONTEXT(2) 
PARAMETRIC_REPRESENTATION_CONTEXT() REPRESENTATION_CONTEXT('2D SPACE',''
  ) );
#7899 = ORIENTED_EDGE('',*,*,#7900,.T.);
#7900 = EDGE_CURVE('',#7878,#7829,#7901,.T.);
#7901 = SURFACE_CURVE('',#7902,(#7906,#7913),.PCURVE_S1.);
#7902 = B_SPLINE_CURVE_WITH_KNOTS('',2,(#7903,#7904,#7905),
  .UNSPECIFIED.,.F.,.F.,(3,3),(0.,1.),.PIECEWISE_BEZIER_KNOTS.);
#7903 = CARTESIAN_POINT('',(-0.6884765625,-20.80786132812,2.6));
#7904 = CARTESIAN_POINT('',(-0.17333984375,-20.80786132812,2.6));
#7905 = CARTESIAN_POINT('',(0.126953125,-21.09350585937,2.6));
#7906 = PCURVE('',#2556,#7907);
#7907 = DEFINITIONAL_REPRESENTATION('',(#7908),#7912);
#7908 = LINE('',#7909,#7910);
#7909 = CARTESIAN_POINT('',(0.,-0.7));
#7910 = VECTOR('',#7911,1.);
#7911 = DIRECTION('',(1.,0.));
#7912 = ( GEOMETRIC_REPRESENTATION_CONTEXT(2) 
PARAMETRIC_REPRESENTATION_CONTEXT() REPRESENTATION_CONTEXT('2D SPACE',''
  ) );
#7913 = PCURVE('',#7546,#7914);
#7914 = DEFINITIONAL_REPRESENTATION('',(#7915),#7919);
#7915 = B_SPLINE_CURVE_WITH_KNOTS('',2,(#7916,#7917,#7918),
  .UNSPECIFIED.,.F.,.F.,(3,3),(0.,1.),.PIECEWISE_BEZIER_KNOTS.);
#7916 = CARTESIAN_POINT('',(1.396484375,3.59375));
#7917 = CARTESIAN_POINT('',(1.91162109375,3.59375));
#7918 = CARTESIAN_POINT('',(2.2119140625,3.30810546875));
#7919 = ( GEOMETRIC_REPRESENTATION_CONTEXT(2) 
PARAMETRIC_REPRESENTATION_CONTEXT() REPRESENTATION_CONTEXT('2D SPACE',''
  ) );
#7920 = ORIENTED_EDGE('',*,*,#7828,.F.);
#7921 = ADVANCED_FACE('',(#7922),#2497,.T.);
#7922 = FACE_BOUND('',#7923,.T.);
#7923 = EDGE_LOOP('',(#7924,#7925,#7948,#7969));
#7924 = ORIENTED_EDGE('',*,*,#2459,.T.);
#7925 = ORIENTED_EDGE('',*,*,#7926,.T.);
#7926 = EDGE_CURVE('',#2403,#7927,#7929,.T.);
#7927 = VERTEX_POINT('',#7928);
#7928 = CARTESIAN_POINT('',(-1.50146484375,-21.07275390625,2.6));
#7929 = SURFACE_CURVE('',#7930,(#7934,#7941),.PCURVE_S1.);
#7930 = LINE('',#7931,#7932);
#7931 = CARTESIAN_POINT('',(-1.50146484375,-21.07275390625,1.9));
#7932 = VECTOR('',#7933,1.);
#7933 = DIRECTION('',(0.,0.,1.));
#7934 = PCURVE('',#2497,#7935);
#7935 = DEFINITIONAL_REPRESENTATION('',(#7936),#7940);
#7936 = LINE('',#7937,#7938);
#7937 = CARTESIAN_POINT('',(0.,0.));
#7938 = VECTOR('',#7939,1.);
#7939 = DIRECTION('',(0.,-1.));
#7940 = ( GEOMETRIC_REPRESENTATION_CONTEXT(2) 
PARAMETRIC_REPRESENTATION_CONTEXT() REPRESENTATION_CONTEXT('2D SPACE',''
  ) );
#7941 = PCURVE('',#2436,#7942);
#7942 = DEFINITIONAL_REPRESENTATION('',(#7943),#7947);
#7943 = LINE('',#7944,#7945);
#7944 = CARTESIAN_POINT('',(1.,0.));
#7945 = VECTOR('',#7946,1.);
#7946 = DIRECTION('',(0.,-1.));
#7947 = ( GEOMETRIC_REPRESENTATION_CONTEXT(2) 
PARAMETRIC_REPRESENTATION_CONTEXT() REPRESENTATION_CONTEXT('2D SPACE',''
  ) );
#7948 = ORIENTED_EDGE('',*,*,#7949,.T.);
#7949 = EDGE_CURVE('',#7927,#7878,#7950,.T.);
#7950 = SURFACE_CURVE('',#7951,(#7955,#7962),.PCURVE_S1.);
#7951 = B_SPLINE_CURVE_WITH_KNOTS('',2,(#7952,#7953,#7954),
  .UNSPECIFIED.,.F.,.F.,(3,3),(0.,1.),.PIECEWISE_BEZIER_KNOTS.);
#7952 = CARTESIAN_POINT('',(-1.50146484375,-21.07275390625,2.6));
#7953 = CARTESIAN_POINT('',(-1.19873046875,-20.80786132812,2.6));
#7954 = CARTESIAN_POINT('',(-0.6884765625,-20.80786132812,2.6));
#7955 = PCURVE('',#2497,#7956);
#7956 = DEFINITIONAL_REPRESENTATION('',(#7957),#7961);
#7957 = LINE('',#7958,#7959);
#7958 = CARTESIAN_POINT('',(0.,-0.7));
#7959 = VECTOR('',#7960,1.);
#7960 = DIRECTION('',(1.,0.));
#7961 = ( GEOMETRIC_REPRESENTATION_CONTEXT(2) 
PARAMETRIC_REPRESENTATION_CONTEXT() REPRESENTATION_CONTEXT('2D SPACE',''
  ) );
#7962 = PCURVE('',#7546,#7963);
#7963 = DEFINITIONAL_REPRESENTATION('',(#7964),#7968);
#7964 = B_SPLINE_CURVE_WITH_KNOTS('',2,(#7965,#7966,#7967),
  .UNSPECIFIED.,.F.,.F.,(3,3),(0.,1.),.PIECEWISE_BEZIER_KNOTS.);
#7965 = CARTESIAN_POINT('',(0.58349609375,3.328857421875));
#7966 = CARTESIAN_POINT('',(0.88623046875,3.59375));
#7967 = CARTESIAN_POINT('',(1.396484375,3.59375));
#7968 = ( GEOMETRIC_REPRESENTATION_CONTEXT(2) 
PARAMETRIC_REPRESENTATION_CONTEXT() REPRESENTATION_CONTEXT('2D SPACE',''
  ) );
#7969 = ORIENTED_EDGE('',*,*,#7877,.F.);
#7970 = ADVANCED_FACE('',(#7971),#2436,.T.);
#7971 = FACE_BOUND('',#7972,.T.);
#7972 = EDGE_LOOP('',(#7973,#7974,#7997,#8018));
#7973 = ORIENTED_EDGE('',*,*,#2402,.T.);
#7974 = ORIENTED_EDGE('',*,*,#7975,.T.);
#7975 = EDGE_CURVE('',#2376,#7976,#7978,.T.);
#7976 = VERTEX_POINT('',#7977);
#7977 = CARTESIAN_POINT('',(-1.8505859375,-21.84301757812,2.6));
#7978 = SURFACE_CURVE('',#7979,(#7983,#7990),.PCURVE_S1.);
#7979 = LINE('',#7980,#7981);
#7980 = CARTESIAN_POINT('',(-1.8505859375,-21.84301757812,1.9));
#7981 = VECTOR('',#7982,1.);
#7982 = DIRECTION('',(0.,0.,1.));
#7983 = PCURVE('',#2436,#7984);
#7984 = DEFINITIONAL_REPRESENTATION('',(#7985),#7989);
#7985 = LINE('',#7986,#7987);
#7986 = CARTESIAN_POINT('',(0.,0.));
#7987 = VECTOR('',#7988,1.);
#7988 = DIRECTION('',(0.,-1.));
#7989 = ( GEOMETRIC_REPRESENTATION_CONTEXT(2) 
PARAMETRIC_REPRESENTATION_CONTEXT() REPRESENTATION_CONTEXT('2D SPACE',''
  ) );
#7990 = PCURVE('',#2391,#7991);
#7991 = DEFINITIONAL_REPRESENTATION('',(#7992),#7996);
#7992 = LINE('',#7993,#7994);
#7993 = CARTESIAN_POINT('',(0.454035928557,0.));
#7994 = VECTOR('',#7995,1.);
#7995 = DIRECTION('',(0.,-1.));
#7996 = ( GEOMETRIC_REPRESENTATION_CONTEXT(2) 
PARAMETRIC_REPRESENTATION_CONTEXT() REPRESENTATION_CONTEXT('2D SPACE',''
  ) );
#7997 = ORIENTED_EDGE('',*,*,#7998,.T.);
#7998 = EDGE_CURVE('',#7976,#7927,#7999,.T.);
#7999 = SURFACE_CURVE('',#8000,(#8004,#8011),.PCURVE_S1.);
#8000 = B_SPLINE_CURVE_WITH_KNOTS('',2,(#8001,#8002,#8003),
  .UNSPECIFIED.,.F.,.F.,(3,3),(0.,1.),.PIECEWISE_BEZIER_KNOTS.);
#8001 = CARTESIAN_POINT('',(-1.8505859375,-21.84301757812,2.6));
#8002 = CARTESIAN_POINT('',(-1.80419921875,-21.33764648437,2.6));
#8003 = CARTESIAN_POINT('',(-1.50146484375,-21.07275390625,2.6));
#8004 = PCURVE('',#2436,#8005);
#8005 = DEFINITIONAL_REPRESENTATION('',(#8006),#8010);
#8006 = LINE('',#8007,#8008);
#8007 = CARTESIAN_POINT('',(0.,-0.7));
#8008 = VECTOR('',#8009,1.);
#8009 = DIRECTION('',(1.,0.));
#8010 = ( GEOMETRIC_REPRESENTATION_CONTEXT(2) 
PARAMETRIC_REPRESENTATION_CONTEXT() REPRESENTATION_CONTEXT('2D SPACE',''
  ) );
#8011 = PCURVE('',#7546,#8012);
#8012 = DEFINITIONAL_REPRESENTATION('',(#8013),#8017);
#8013 = B_SPLINE_CURVE_WITH_KNOTS('',2,(#8014,#8015,#8016),
  .UNSPECIFIED.,.F.,.F.,(3,3),(0.,1.),.PIECEWISE_BEZIER_KNOTS.);
#8014 = CARTESIAN_POINT('',(0.234375,2.55859375));
#8015 = CARTESIAN_POINT('',(0.28076171875,3.06396484375));
#8016 = CARTESIAN_POINT('',(0.58349609375,3.328857421875));
#8017 = ( GEOMETRIC_REPRESENTATION_CONTEXT(2) 
PARAMETRIC_REPRESENTATION_CONTEXT() REPRESENTATION_CONTEXT('2D SPACE',''
  ) );
#8018 = ORIENTED_EDGE('',*,*,#7926,.F.);
#8019 = ADVANCED_FACE('',(#8020),#2391,.T.);
#8020 = FACE_BOUND('',#8021,.T.);
#8021 = EDGE_LOOP('',(#8022,#8023,#8046,#8067));
#8022 = ORIENTED_EDGE('',*,*,#2375,.T.);
#8023 = ORIENTED_EDGE('',*,*,#8024,.T.);
#8024 = EDGE_CURVE('',#2319,#8025,#8027,.T.);
#8025 = VERTEX_POINT('',#8026);
#8026 = CARTESIAN_POINT('',(-1.39892578125,-21.88940429687,2.6));
#8027 = SURFACE_CURVE('',#8028,(#8032,#8039),.PCURVE_S1.);
#8028 = LINE('',#8029,#8030);
#8029 = CARTESIAN_POINT('',(-1.39892578125,-21.88940429687,1.9));
#8030 = VECTOR('',#8031,1.);
#8031 = DIRECTION('',(0.,0.,1.));
#8032 = PCURVE('',#2391,#8033);
#8033 = DEFINITIONAL_REPRESENTATION('',(#8034),#8038);
#8034 = LINE('',#8035,#8036);
#8035 = CARTESIAN_POINT('',(0.,0.));
#8036 = VECTOR('',#8037,1.);
#8037 = DIRECTION('',(0.,-1.));
#8038 = ( GEOMETRIC_REPRESENTATION_CONTEXT(2) 
PARAMETRIC_REPRESENTATION_CONTEXT() REPRESENTATION_CONTEXT('2D SPACE',''
  ) );
#8039 = PCURVE('',#2352,#8040);
#8040 = DEFINITIONAL_REPRESENTATION('',(#8041),#8045);
#8041 = LINE('',#8042,#8043);
#8042 = CARTESIAN_POINT('',(1.,0.));
#8043 = VECTOR('',#8044,1.);
#8044 = DIRECTION('',(0.,-1.));
#8045 = ( GEOMETRIC_REPRESENTATION_CONTEXT(2) 
PARAMETRIC_REPRESENTATION_CONTEXT() REPRESENTATION_CONTEXT('2D SPACE',''
  ) );
#8046 = ORIENTED_EDGE('',*,*,#8047,.T.);
#8047 = EDGE_CURVE('',#8025,#7976,#8048,.T.);
#8048 = SURFACE_CURVE('',#8049,(#8053,#8060),.PCURVE_S1.);
#8049 = LINE('',#8050,#8051);
#8050 = CARTESIAN_POINT('',(-1.39892578125,-21.88940429687,2.6));
#8051 = VECTOR('',#8052,1.);
#8052 = DIRECTION('',(-0.994767435445,0.102165304181,0.));
#8053 = PCURVE('',#2391,#8054);
#8054 = DEFINITIONAL_REPRESENTATION('',(#8055),#8059);
#8055 = LINE('',#8056,#8057);
#8056 = CARTESIAN_POINT('',(0.,-0.7));
#8057 = VECTOR('',#8058,1.);
#8058 = DIRECTION('',(1.,0.));
#8059 = ( GEOMETRIC_REPRESENTATION_CONTEXT(2) 
PARAMETRIC_REPRESENTATION_CONTEXT() REPRESENTATION_CONTEXT('2D SPACE',''
  ) );
#8060 = PCURVE('',#7546,#8061);
#8061 = DEFINITIONAL_REPRESENTATION('',(#8062),#8066);
#8062 = LINE('',#8063,#8064);
#8063 = CARTESIAN_POINT('',(0.68603515625,2.51220703125));
#8064 = VECTOR('',#8065,1.);
#8065 = DIRECTION('',(-0.994767435445,0.102165304181));
#8066 = ( GEOMETRIC_REPRESENTATION_CONTEXT(2) 
PARAMETRIC_REPRESENTATION_CONTEXT() REPRESENTATION_CONTEXT('2D SPACE',''
  ) );
#8067 = ORIENTED_EDGE('',*,*,#7975,.F.);
#8068 = ADVANCED_FACE('',(#8069),#2352,.T.);
#8069 = FACE_BOUND('',#8070,.T.);
#8070 = EDGE_LOOP('',(#8071,#8072,#8095,#8116));
#8071 = ORIENTED_EDGE('',*,*,#2318,.T.);
#8072 = ORIENTED_EDGE('',*,*,#8073,.T.);
#8073 = EDGE_CURVE('',#2268,#8074,#8076,.T.);
#8074 = VERTEX_POINT('',#8075);
#8075 = CARTESIAN_POINT('',(-1.2060546875,-21.36206054687,2.6));
#8076 = SURFACE_CURVE('',#8077,(#8081,#8088),.PCURVE_S1.);
#8077 = LINE('',#8078,#8079);
#8078 = CARTESIAN_POINT('',(-1.2060546875,-21.36206054687,1.9));
#8079 = VECTOR('',#8080,1.);
#8080 = DIRECTION('',(0.,0.,1.));
#8081 = PCURVE('',#2352,#8082);
#8082 = DEFINITIONAL_REPRESENTATION('',(#8083),#8087);
#8083 = LINE('',#8084,#8085);
#8084 = CARTESIAN_POINT('',(0.,0.));
#8085 = VECTOR('',#8086,1.);
#8086 = DIRECTION('',(0.,-1.));
#8087 = ( GEOMETRIC_REPRESENTATION_CONTEXT(2) 
PARAMETRIC_REPRESENTATION_CONTEXT() REPRESENTATION_CONTEXT('2D SPACE',''
  ) );
#8088 = PCURVE('',#2297,#8089);
#8089 = DEFINITIONAL_REPRESENTATION('',(#8090),#8094);
#8090 = LINE('',#8091,#8092);
#8091 = CARTESIAN_POINT('',(1.,0.));
#8092 = VECTOR('',#8093,1.);
#8093 = DIRECTION('',(0.,-1.));
#8094 = ( GEOMETRIC_REPRESENTATION_CONTEXT(2) 
PARAMETRIC_REPRESENTATION_CONTEXT() REPRESENTATION_CONTEXT('2D SPACE',''
  ) );
#8095 = ORIENTED_EDGE('',*,*,#8096,.T.);
#8096 = EDGE_CURVE('',#8074,#8025,#8097,.T.);
#8097 = SURFACE_CURVE('',#8098,(#8102,#8109),.PCURVE_S1.);
#8098 = B_SPLINE_CURVE_WITH_KNOTS('',2,(#8099,#8100,#8101),
  .UNSPECIFIED.,.F.,.F.,(3,3),(0.,1.),.PIECEWISE_BEZIER_KNOTS.);
#8099 = CARTESIAN_POINT('',(-1.2060546875,-21.36206054687,2.6));
#8100 = CARTESIAN_POINT('',(-1.396484375,-21.55249023437,2.6));
#8101 = CARTESIAN_POINT('',(-1.39892578125,-21.88940429687,2.6));
#8102 = PCURVE('',#2352,#8103);
#8103 = DEFINITIONAL_REPRESENTATION('',(#8104),#8108);
#8104 = LINE('',#8105,#8106);
#8105 = CARTESIAN_POINT('',(0.,-0.7));
#8106 = VECTOR('',#8107,1.);
#8107 = DIRECTION('',(1.,0.));
#8108 = ( GEOMETRIC_REPRESENTATION_CONTEXT(2) 
PARAMETRIC_REPRESENTATION_CONTEXT() REPRESENTATION_CONTEXT('2D SPACE',''
  ) );
#8109 = PCURVE('',#7546,#8110);
#8110 = DEFINITIONAL_REPRESENTATION('',(#8111),#8115);
#8111 = B_SPLINE_CURVE_WITH_KNOTS('',2,(#8112,#8113,#8114),
  .UNSPECIFIED.,.F.,.F.,(3,3),(0.,1.),.PIECEWISE_BEZIER_KNOTS.);
#8112 = CARTESIAN_POINT('',(0.87890625,3.03955078125));
#8113 = CARTESIAN_POINT('',(0.6884765625,2.84912109375));
#8114 = CARTESIAN_POINT('',(0.68603515625,2.51220703125));
#8115 = ( GEOMETRIC_REPRESENTATION_CONTEXT(2) 
PARAMETRIC_REPRESENTATION_CONTEXT() REPRESENTATION_CONTEXT('2D SPACE',''
  ) );
#8116 = ORIENTED_EDGE('',*,*,#8024,.F.);
#8117 = ADVANCED_FACE('',(#8118),#2297,.T.);
#8118 = FACE_BOUND('',#8119,.T.);
#8119 = EDGE_LOOP('',(#8120,#8121,#8144,#8165));
#8120 = ORIENTED_EDGE('',*,*,#2267,.T.);
#8121 = ORIENTED_EDGE('',*,*,#8122,.T.);
#8122 = EDGE_CURVE('',#2217,#8123,#8125,.T.);
#8123 = VERTEX_POINT('',#8124);
#8124 = CARTESIAN_POINT('',(-0.6982421875,-21.17163085937,2.6));
#8125 = SURFACE_CURVE('',#8126,(#8130,#8137),.PCURVE_S1.);
#8126 = LINE('',#8127,#8128);
#8127 = CARTESIAN_POINT('',(-0.6982421875,-21.17163085937,1.9));
#8128 = VECTOR('',#8129,1.);
#8129 = DIRECTION('',(0.,0.,1.));
#8130 = PCURVE('',#2297,#8131);
#8131 = DEFINITIONAL_REPRESENTATION('',(#8132),#8136);
#8132 = LINE('',#8133,#8134);
#8133 = CARTESIAN_POINT('',(0.,0.));
#8134 = VECTOR('',#8135,1.);
#8135 = DIRECTION('',(0.,-1.));
#8136 = ( GEOMETRIC_REPRESENTATION_CONTEXT(2) 
PARAMETRIC_REPRESENTATION_CONTEXT() REPRESENTATION_CONTEXT('2D SPACE',''
  ) );
#8137 = PCURVE('',#2246,#8138);
#8138 = DEFINITIONAL_REPRESENTATION('',(#8139),#8143);
#8139 = LINE('',#8140,#8141);
#8140 = CARTESIAN_POINT('',(1.,0.));
#8141 = VECTOR('',#8142,1.);
#8142 = DIRECTION('',(0.,-1.));
#8143 = ( GEOMETRIC_REPRESENTATION_CONTEXT(2) 
PARAMETRIC_REPRESENTATION_CONTEXT() REPRESENTATION_CONTEXT('2D SPACE',''
  ) );
#8144 = ORIENTED_EDGE('',*,*,#8145,.T.);
#8145 = EDGE_CURVE('',#8123,#8074,#8146,.T.);
#8146 = SURFACE_CURVE('',#8147,(#8151,#8158),.PCURVE_S1.);
#8147 = B_SPLINE_CURVE_WITH_KNOTS('',2,(#8148,#8149,#8150),
  .UNSPECIFIED.,.F.,.F.,(3,3),(0.,1.),.PIECEWISE_BEZIER_KNOTS.);
#8148 = CARTESIAN_POINT('',(-0.6982421875,-21.17163085937,2.6));
#8149 = CARTESIAN_POINT('',(-1.015625,-21.17163085937,2.6));
#8150 = CARTESIAN_POINT('',(-1.2060546875,-21.36206054687,2.6));
#8151 = PCURVE('',#2297,#8152);
#8152 = DEFINITIONAL_REPRESENTATION('',(#8153),#8157);
#8153 = LINE('',#8154,#8155);
#8154 = CARTESIAN_POINT('',(0.,-0.7));
#8155 = VECTOR('',#8156,1.);
#8156 = DIRECTION('',(1.,0.));
#8157 = ( GEOMETRIC_REPRESENTATION_CONTEXT(2) 
PARAMETRIC_REPRESENTATION_CONTEXT() REPRESENTATION_CONTEXT('2D SPACE',''
  ) );
#8158 = PCURVE('',#7546,#8159);
#8159 = DEFINITIONAL_REPRESENTATION('',(#8160),#8164);
#8160 = B_SPLINE_CURVE_WITH_KNOTS('',2,(#8161,#8162,#8163),
  .UNSPECIFIED.,.F.,.F.,(3,3),(0.,1.),.PIECEWISE_BEZIER_KNOTS.);
#8161 = CARTESIAN_POINT('',(1.38671875,3.22998046875));
#8162 = CARTESIAN_POINT('',(1.0693359375,3.22998046875));
#8163 = CARTESIAN_POINT('',(0.87890625,3.03955078125));
#8164 = ( GEOMETRIC_REPRESENTATION_CONTEXT(2) 
PARAMETRIC_REPRESENTATION_CONTEXT() REPRESENTATION_CONTEXT('2D SPACE',''
  ) );
#8165 = ORIENTED_EDGE('',*,*,#8073,.F.);
#8166 = ADVANCED_FACE('',(#8167),#2246,.T.);
#8167 = FACE_BOUND('',#8168,.T.);
#8168 = EDGE_LOOP('',(#8169,#8170,#8193,#8214));
#8169 = ORIENTED_EDGE('',*,*,#2216,.T.);
#8170 = ORIENTED_EDGE('',*,*,#8171,.T.);
#8171 = EDGE_CURVE('',#2166,#8172,#8174,.T.);
#8172 = VERTEX_POINT('',#8173);
#8173 = CARTESIAN_POINT('',(-0.211181640625,-21.35107421875,2.6));
#8174 = SURFACE_CURVE('',#8175,(#8179,#8186),.PCURVE_S1.);
#8175 = LINE('',#8176,#8177);
#8176 = CARTESIAN_POINT('',(-0.211181640625,-21.35107421875,1.9));
#8177 = VECTOR('',#8178,1.);
#8178 = DIRECTION('',(0.,0.,1.));
#8179 = PCURVE('',#2246,#8180);
#8180 = DEFINITIONAL_REPRESENTATION('',(#8181),#8185);
#8181 = LINE('',#8182,#8183);
#8182 = CARTESIAN_POINT('',(0.,0.));
#8183 = VECTOR('',#8184,1.);
#8184 = DIRECTION('',(0.,-1.));
#8185 = ( GEOMETRIC_REPRESENTATION_CONTEXT(2) 
PARAMETRIC_REPRESENTATION_CONTEXT() REPRESENTATION_CONTEXT('2D SPACE',''
  ) );
#8186 = PCURVE('',#2195,#8187);
#8187 = DEFINITIONAL_REPRESENTATION('',(#8188),#8192);
#8188 = LINE('',#8189,#8190);
#8189 = CARTESIAN_POINT('',(1.,0.));
#8190 = VECTOR('',#8191,1.);
#8191 = DIRECTION('',(0.,-1.));
#8192 = ( GEOMETRIC_REPRESENTATION_CONTEXT(2) 
PARAMETRIC_REPRESENTATION_CONTEXT() REPRESENTATION_CONTEXT('2D SPACE',''
  ) );
#8193 = ORIENTED_EDGE('',*,*,#8194,.T.);
#8194 = EDGE_CURVE('',#8172,#8123,#8195,.T.);
#8195 = SURFACE_CURVE('',#8196,(#8200,#8207),.PCURVE_S1.);
#8196 = B_SPLINE_CURVE_WITH_KNOTS('',2,(#8197,#8198,#8199),
  .UNSPECIFIED.,.F.,.F.,(3,3),(0.,1.),.PIECEWISE_BEZIER_KNOTS.);
#8197 = CARTESIAN_POINT('',(-0.211181640625,-21.35107421875,2.6));
#8198 = CARTESIAN_POINT('',(-0.39794921875,-21.17163085937,2.6));
#8199 = CARTESIAN_POINT('',(-0.6982421875,-21.17163085937,2.6));
#8200 = PCURVE('',#2246,#8201);
#8201 = DEFINITIONAL_REPRESENTATION('',(#8202),#8206);
#8202 = LINE('',#8203,#8204);
#8203 = CARTESIAN_POINT('',(0.,-0.7));
#8204 = VECTOR('',#8205,1.);
#8205 = DIRECTION('',(1.,0.));
#8206 = ( GEOMETRIC_REPRESENTATION_CONTEXT(2) 
PARAMETRIC_REPRESENTATION_CONTEXT() REPRESENTATION_CONTEXT('2D SPACE',''
  ) );
#8207 = PCURVE('',#7546,#8208);
#8208 = DEFINITIONAL_REPRESENTATION('',(#8209),#8213);
#8209 = B_SPLINE_CURVE_WITH_KNOTS('',2,(#8210,#8211,#8212),
  .UNSPECIFIED.,.F.,.F.,(3,3),(0.,1.),.PIECEWISE_BEZIER_KNOTS.);
#8210 = CARTESIAN_POINT('',(1.873779296875,3.050537109375));
#8211 = CARTESIAN_POINT('',(1.68701171875,3.22998046875));
#8212 = CARTESIAN_POINT('',(1.38671875,3.22998046875));
#8213 = ( GEOMETRIC_REPRESENTATION_CONTEXT(2) 
PARAMETRIC_REPRESENTATION_CONTEXT() REPRESENTATION_CONTEXT('2D SPACE',''
  ) );
#8214 = ORIENTED_EDGE('',*,*,#8122,.F.);
#8215 = ADVANCED_FACE('',(#8216),#2195,.T.);
#8216 = FACE_BOUND('',#8217,.T.);
#8217 = EDGE_LOOP('',(#8218,#8219,#8242,#8263));
#8218 = ORIENTED_EDGE('',*,*,#2165,.T.);
#8219 = ORIENTED_EDGE('',*,*,#8220,.T.);
#8220 = EDGE_CURVE('',#2115,#8221,#8223,.T.);
#8221 = VERTEX_POINT('',#8222);
#8222 = CARTESIAN_POINT('',(-2.44140625E-02,-21.79174804687,2.6));
#8223 = SURFACE_CURVE('',#8224,(#8228,#8235),.PCURVE_S1.);
#8224 = LINE('',#8225,#8226);
#8225 = CARTESIAN_POINT('',(-2.44140625E-02,-21.79174804687,1.9));
#8226 = VECTOR('',#8227,1.);
#8227 = DIRECTION('',(0.,0.,1.));
#8228 = PCURVE('',#2195,#8229);
#8229 = DEFINITIONAL_REPRESENTATION('',(#8230),#8234);
#8230 = LINE('',#8231,#8232);
#8231 = CARTESIAN_POINT('',(0.,0.));
#8232 = VECTOR('',#8233,1.);
#8233 = DIRECTION('',(0.,-1.));
#8234 = ( GEOMETRIC_REPRESENTATION_CONTEXT(2) 
PARAMETRIC_REPRESENTATION_CONTEXT() REPRESENTATION_CONTEXT('2D SPACE',''
  ) );
#8235 = PCURVE('',#2144,#8236);
#8236 = DEFINITIONAL_REPRESENTATION('',(#8237),#8241);
#8237 = LINE('',#8238,#8239);
#8238 = CARTESIAN_POINT('',(1.,0.));
#8239 = VECTOR('',#8240,1.);
#8240 = DIRECTION('',(0.,-1.));
#8241 = ( GEOMETRIC_REPRESENTATION_CONTEXT(2) 
PARAMETRIC_REPRESENTATION_CONTEXT() REPRESENTATION_CONTEXT('2D SPACE',''
  ) );
#8242 = ORIENTED_EDGE('',*,*,#8243,.T.);
#8243 = EDGE_CURVE('',#8221,#8172,#8244,.T.);
#8244 = SURFACE_CURVE('',#8245,(#8249,#8256),.PCURVE_S1.);
#8245 = B_SPLINE_CURVE_WITH_KNOTS('',2,(#8246,#8247,#8248),
  .UNSPECIFIED.,.F.,.F.,(3,3),(0.,1.),.PIECEWISE_BEZIER_KNOTS.);
#8246 = CARTESIAN_POINT('',(-2.44140625E-02,-21.79174804687,2.6));
#8247 = CARTESIAN_POINT('',(-2.44140625E-02,-21.53051757812,2.6));
#8248 = CARTESIAN_POINT('',(-0.211181640625,-21.35107421875,2.6));
#8249 = PCURVE('',#2195,#8250);
#8250 = DEFINITIONAL_REPRESENTATION('',(#8251),#8255);
#8251 = LINE('',#8252,#8253);
#8252 = CARTESIAN_POINT('',(0.,-0.7));
#8253 = VECTOR('',#8254,1.);
#8254 = DIRECTION('',(1.,0.));
#8255 = ( GEOMETRIC_REPRESENTATION_CONTEXT(2) 
PARAMETRIC_REPRESENTATION_CONTEXT() REPRESENTATION_CONTEXT('2D SPACE',''
  ) );
#8256 = PCURVE('',#7546,#8257);
#8257 = DEFINITIONAL_REPRESENTATION('',(#8258),#8262);
#8258 = B_SPLINE_CURVE_WITH_KNOTS('',2,(#8259,#8260,#8261),
  .UNSPECIFIED.,.F.,.F.,(3,3),(0.,1.),.PIECEWISE_BEZIER_KNOTS.);
#8259 = CARTESIAN_POINT('',(2.060546875,2.60986328125));
#8260 = CARTESIAN_POINT('',(2.060546875,2.87109375));
#8261 = CARTESIAN_POINT('',(1.873779296875,3.050537109375));
#8262 = ( GEOMETRIC_REPRESENTATION_CONTEXT(2) 
PARAMETRIC_REPRESENTATION_CONTEXT() REPRESENTATION_CONTEXT('2D SPACE',''
  ) );
#8263 = ORIENTED_EDGE('',*,*,#8171,.F.);
#8264 = ADVANCED_FACE('',(#8265),#2144,.T.);
#8265 = FACE_BOUND('',#8266,.T.);
#8266 = EDGE_LOOP('',(#8267,#8268,#8291,#8312));
#8267 = ORIENTED_EDGE('',*,*,#2114,.T.);
#8268 = ORIENTED_EDGE('',*,*,#8269,.T.);
#8269 = EDGE_CURVE('',#2067,#8270,#8272,.T.);
#8270 = VERTEX_POINT('',#8271);
#8271 = CARTESIAN_POINT('',(-0.2294921875,-22.3203125,2.6));
#8272 = SURFACE_CURVE('',#8273,(#8277,#8284),.PCURVE_S1.);
#8273 = LINE('',#8274,#8275);
#8274 = CARTESIAN_POINT('',(-0.2294921875,-22.3203125,1.9));
#8275 = VECTOR('',#8276,1.);
#8276 = DIRECTION('',(0.,0.,1.));
#8277 = PCURVE('',#2144,#8278);
#8278 = DEFINITIONAL_REPRESENTATION('',(#8279),#8283);
#8279 = LINE('',#8280,#8281);
#8280 = CARTESIAN_POINT('',(0.,0.));
#8281 = VECTOR('',#8282,1.);
#8282 = DIRECTION('',(0.,-1.));
#8283 = ( GEOMETRIC_REPRESENTATION_CONTEXT(2) 
PARAMETRIC_REPRESENTATION_CONTEXT() REPRESENTATION_CONTEXT('2D SPACE',''
  ) );
#8284 = PCURVE('',#2094,#8285);
#8285 = DEFINITIONAL_REPRESENTATION('',(#8286),#8290);
#8286 = LINE('',#8287,#8288);
#8287 = CARTESIAN_POINT('',(1.,0.));
#8288 = VECTOR('',#8289,1.);
#8289 = DIRECTION('',(0.,-1.));
#8290 = ( GEOMETRIC_REPRESENTATION_CONTEXT(2) 
PARAMETRIC_REPRESENTATION_CONTEXT() REPRESENTATION_CONTEXT('2D SPACE',''
  ) );
#8291 = ORIENTED_EDGE('',*,*,#8292,.T.);
#8292 = EDGE_CURVE('',#8270,#8221,#8293,.T.);
#8293 = SURFACE_CURVE('',#8294,(#8298,#8305),.PCURVE_S1.);
#8294 = B_SPLINE_CURVE_WITH_KNOTS('',2,(#8295,#8296,#8297),
  .UNSPECIFIED.,.F.,.F.,(3,3),(0.,1.),.PIECEWISE_BEZIER_KNOTS.);
#8295 = CARTESIAN_POINT('',(-0.2294921875,-22.3203125,2.6));
#8296 = CARTESIAN_POINT('',(-2.44140625E-02,-22.04077148437,2.6));
#8297 = CARTESIAN_POINT('',(-2.44140625E-02,-21.79174804687,2.6));
#8298 = PCURVE('',#2144,#8299);
#8299 = DEFINITIONAL_REPRESENTATION('',(#8300),#8304);
#8300 = LINE('',#8301,#8302);
#8301 = CARTESIAN_POINT('',(0.,-0.7));
#8302 = VECTOR('',#8303,1.);
#8303 = DIRECTION('',(1.,0.));
#8304 = ( GEOMETRIC_REPRESENTATION_CONTEXT(2) 
PARAMETRIC_REPRESENTATION_CONTEXT() REPRESENTATION_CONTEXT('2D SPACE',''
  ) );
#8305 = PCURVE('',#7546,#8306);
#8306 = DEFINITIONAL_REPRESENTATION('',(#8307),#8311);
#8307 = B_SPLINE_CURVE_WITH_KNOTS('',2,(#8308,#8309,#8310),
  .UNSPECIFIED.,.F.,.F.,(3,3),(0.,1.),.PIECEWISE_BEZIER_KNOTS.);
#8308 = CARTESIAN_POINT('',(1.85546875,2.081298828125));
#8309 = CARTESIAN_POINT('',(2.060546875,2.36083984375));
#8310 = CARTESIAN_POINT('',(2.060546875,2.60986328125));
#8311 = ( GEOMETRIC_REPRESENTATION_CONTEXT(2) 
PARAMETRIC_REPRESENTATION_CONTEXT() REPRESENTATION_CONTEXT('2D SPACE',''
  ) );
#8312 = ORIENTED_EDGE('',*,*,#8220,.F.);
#8313 = ADVANCED_FACE('',(#8314),#2094,.T.);
#8314 = FACE_BOUND('',#8315,.T.);
#8315 = EDGE_LOOP('',(#8316,#8317,#8340,#8361));
#8316 = ORIENTED_EDGE('',*,*,#2066,.T.);
#8317 = ORIENTED_EDGE('',*,*,#8318,.T.);
#8318 = EDGE_CURVE('',#2025,#8319,#8321,.T.);
#8319 = VERTEX_POINT('',#8320);
#8320 = CARTESIAN_POINT('',(-1.01806640625,-23.07836914062,2.6));
#8321 = SURFACE_CURVE('',#8322,(#8326,#8333),.PCURVE_S1.);
#8322 = LINE('',#8323,#8324);
#8323 = CARTESIAN_POINT('',(-1.01806640625,-23.07836914062,1.9));
#8324 = VECTOR('',#8325,1.);
#8325 = DIRECTION('',(0.,0.,1.));
#8326 = PCURVE('',#2094,#8327);
#8327 = DEFINITIONAL_REPRESENTATION('',(#8328),#8332);
#8328 = LINE('',#8329,#8330);
#8329 = CARTESIAN_POINT('',(0.,0.));
#8330 = VECTOR('',#8331,1.);
#8331 = DIRECTION('',(0.,-1.));
#8332 = ( GEOMETRIC_REPRESENTATION_CONTEXT(2) 
PARAMETRIC_REPRESENTATION_CONTEXT() REPRESENTATION_CONTEXT('2D SPACE',''
  ) );
#8333 = PCURVE('',#2048,#8334);
#8334 = DEFINITIONAL_REPRESENTATION('',(#8335),#8339);
#8335 = LINE('',#8336,#8337);
#8336 = CARTESIAN_POINT('',(1.,0.));
#8337 = VECTOR('',#8338,1.);
#8338 = DIRECTION('',(0.,-1.));
#8339 = ( GEOMETRIC_REPRESENTATION_CONTEXT(2) 
PARAMETRIC_REPRESENTATION_CONTEXT() REPRESENTATION_CONTEXT('2D SPACE',''
  ) );
#8340 = ORIENTED_EDGE('',*,*,#8341,.T.);
#8341 = EDGE_CURVE('',#8319,#8270,#8342,.T.);
#8342 = SURFACE_CURVE('',#8343,(#8347,#8354),.PCURVE_S1.);
#8343 = B_SPLINE_CURVE_WITH_KNOTS('',2,(#8344,#8345,#8346),
  .UNSPECIFIED.,.F.,.F.,(3,3),(0.,1.),.PIECEWISE_BEZIER_KNOTS.);
#8344 = CARTESIAN_POINT('',(-1.01806640625,-23.07836914062,2.6));
#8345 = CARTESIAN_POINT('',(-0.4345703125,-22.59985351562,2.6));
#8346 = CARTESIAN_POINT('',(-0.2294921875,-22.3203125,2.6));
#8347 = PCURVE('',#2094,#8348);
#8348 = DEFINITIONAL_REPRESENTATION('',(#8349),#8353);
#8349 = LINE('',#8350,#8351);
#8350 = CARTESIAN_POINT('',(0.,-0.7));
#8351 = VECTOR('',#8352,1.);
#8352 = DIRECTION('',(1.,0.));
#8353 = ( GEOMETRIC_REPRESENTATION_CONTEXT(2) 
PARAMETRIC_REPRESENTATION_CONTEXT() REPRESENTATION_CONTEXT('2D SPACE',''
  ) );
#8354 = PCURVE('',#7546,#8355);
#8355 = DEFINITIONAL_REPRESENTATION('',(#8356),#8360);
#8356 = B_SPLINE_CURVE_WITH_KNOTS('',2,(#8357,#8358,#8359),
  .UNSPECIFIED.,.F.,.F.,(3,3),(0.,1.),.PIECEWISE_BEZIER_KNOTS.);
#8357 = CARTESIAN_POINT('',(1.06689453125,1.3232421875));
#8358 = CARTESIAN_POINT('',(1.650390625,1.8017578125));
#8359 = CARTESIAN_POINT('',(1.85546875,2.081298828125));
#8360 = ( GEOMETRIC_REPRESENTATION_CONTEXT(2) 
PARAMETRIC_REPRESENTATION_CONTEXT() REPRESENTATION_CONTEXT('2D SPACE',''
  ) );
#8361 = ORIENTED_EDGE('',*,*,#8269,.F.);
#8362 = ADVANCED_FACE('',(#8363),#2048,.T.);
#8363 = FACE_BOUND('',#8364,.T.);
#8364 = EDGE_LOOP('',(#8365,#8366,#8389,#8410));
#8365 = ORIENTED_EDGE('',*,*,#2024,.T.);
#8366 = ORIENTED_EDGE('',*,*,#8367,.T.);
#8367 = EDGE_CURVE('',#1986,#8368,#8370,.T.);
#8368 = VERTEX_POINT('',#8369);
#8369 = CARTESIAN_POINT('',(-1.593017578125,-23.62036132812,2.6));
#8370 = SURFACE_CURVE('',#8371,(#8375,#8382),.PCURVE_S1.);
#8371 = LINE('',#8372,#8373);
#8372 = CARTESIAN_POINT('',(-1.593017578125,-23.62036132812,1.9));
#8373 = VECTOR('',#8374,1.);
#8374 = DIRECTION('',(0.,0.,1.));
#8375 = PCURVE('',#2048,#8376);
#8376 = DEFINITIONAL_REPRESENTATION('',(#8377),#8381);
#8377 = LINE('',#8378,#8379);
#8378 = CARTESIAN_POINT('',(0.,0.));
#8379 = VECTOR('',#8380,1.);
#8380 = DIRECTION('',(0.,-1.));
#8381 = ( GEOMETRIC_REPRESENTATION_CONTEXT(2) 
PARAMETRIC_REPRESENTATION_CONTEXT() REPRESENTATION_CONTEXT('2D SPACE',''
  ) );
#8382 = PCURVE('',#2007,#8383);
#8383 = DEFINITIONAL_REPRESENTATION('',(#8384),#8388);
#8384 = LINE('',#8385,#8386);
#8385 = CARTESIAN_POINT('',(1.,0.));
#8386 = VECTOR('',#8387,1.);
#8387 = DIRECTION('',(0.,-1.));
#8388 = ( GEOMETRIC_REPRESENTATION_CONTEXT(2) 
PARAMETRIC_REPRESENTATION_CONTEXT() REPRESENTATION_CONTEXT('2D SPACE',''
  ) );
#8389 = ORIENTED_EDGE('',*,*,#8390,.T.);
#8390 = EDGE_CURVE('',#8368,#8319,#8391,.T.);
#8391 = SURFACE_CURVE('',#8392,(#8396,#8403),.PCURVE_S1.);
#8392 = B_SPLINE_CURVE_WITH_KNOTS('',2,(#8393,#8394,#8395),
  .UNSPECIFIED.,.F.,.F.,(3,3),(0.,1.),.PIECEWISE_BEZIER_KNOTS.);
#8393 = CARTESIAN_POINT('',(-1.593017578125,-23.62036132812,2.6));
#8394 = CARTESIAN_POINT('',(-1.39404296875,-23.38598632812,2.6));
#8395 = CARTESIAN_POINT('',(-1.01806640625,-23.07836914062,2.6));
#8396 = PCURVE('',#2048,#8397);
#8397 = DEFINITIONAL_REPRESENTATION('',(#8398),#8402);
#8398 = LINE('',#8399,#8400);
#8399 = CARTESIAN_POINT('',(0.,-0.7));
#8400 = VECTOR('',#8401,1.);
#8401 = DIRECTION('',(1.,0.));
#8402 = ( GEOMETRIC_REPRESENTATION_CONTEXT(2) 
PARAMETRIC_REPRESENTATION_CONTEXT() REPRESENTATION_CONTEXT('2D SPACE',''
  ) );
#8403 = PCURVE('',#7546,#8404);
#8404 = DEFINITIONAL_REPRESENTATION('',(#8405),#8409);
#8405 = B_SPLINE_CURVE_WITH_KNOTS('',2,(#8406,#8407,#8408),
  .UNSPECIFIED.,.F.,.F.,(3,3),(0.,1.),.PIECEWISE_BEZIER_KNOTS.);
#8406 = CARTESIAN_POINT('',(0.491943359375,0.78125));
#8407 = CARTESIAN_POINT('',(0.69091796875,1.015625));
#8408 = CARTESIAN_POINT('',(1.06689453125,1.3232421875));
#8409 = ( GEOMETRIC_REPRESENTATION_CONTEXT(2) 
PARAMETRIC_REPRESENTATION_CONTEXT() REPRESENTATION_CONTEXT('2D SPACE',''
  ) );
#8410 = ORIENTED_EDGE('',*,*,#8318,.F.);
#8411 = ADVANCED_FACE('',(#8412),#2007,.T.);
#8412 = FACE_BOUND('',#8413,.T.);
#8413 = EDGE_LOOP('',(#8414,#8415,#8438,#8459));
#8414 = ORIENTED_EDGE('',*,*,#1985,.T.);
#8415 = ORIENTED_EDGE('',*,*,#8416,.T.);
#8416 = EDGE_CURVE('',#1941,#8417,#8419,.T.);
#8417 = VERTEX_POINT('',#8418);
#8418 = CARTESIAN_POINT('',(-1.88232421875,-24.09643554687,2.6));
#8419 = SURFACE_CURVE('',#8420,(#8424,#8431),.PCURVE_S1.);
#8420 = LINE('',#8421,#8422);
#8421 = CARTESIAN_POINT('',(-1.88232421875,-24.09643554687,1.9));
#8422 = VECTOR('',#8423,1.);
#8423 = DIRECTION('',(0.,0.,1.));
#8424 = PCURVE('',#2007,#8425);
#8425 = DEFINITIONAL_REPRESENTATION('',(#8426),#8430);
#8426 = LINE('',#8427,#8428);
#8427 = CARTESIAN_POINT('',(0.,0.));
#8428 = VECTOR('',#8429,1.);
#8429 = DIRECTION('',(0.,-1.));
#8430 = ( GEOMETRIC_REPRESENTATION_CONTEXT(2) 
PARAMETRIC_REPRESENTATION_CONTEXT() REPRESENTATION_CONTEXT('2D SPACE',''
  ) );
#8431 = PCURVE('',#1966,#8432);
#8432 = DEFINITIONAL_REPRESENTATION('',(#8433),#8437);
#8433 = LINE('',#8434,#8435);
#8434 = CARTESIAN_POINT('',(1.,0.));
#8435 = VECTOR('',#8436,1.);
#8436 = DIRECTION('',(0.,-1.));
#8437 = ( GEOMETRIC_REPRESENTATION_CONTEXT(2) 
PARAMETRIC_REPRESENTATION_CONTEXT() REPRESENTATION_CONTEXT('2D SPACE',''
  ) );
#8438 = ORIENTED_EDGE('',*,*,#8439,.T.);
#8439 = EDGE_CURVE('',#8417,#8368,#8440,.T.);
#8440 = SURFACE_CURVE('',#8441,(#8445,#8452),.PCURVE_S1.);
#8441 = B_SPLINE_CURVE_WITH_KNOTS('',2,(#8442,#8443,#8444),
  .UNSPECIFIED.,.F.,.F.,(3,3),(0.,1.),.PIECEWISE_BEZIER_KNOTS.);
#8442 = CARTESIAN_POINT('',(-1.88232421875,-24.09643554687,2.6));
#8443 = CARTESIAN_POINT('',(-1.7919921875,-23.85473632812,2.6));
#8444 = CARTESIAN_POINT('',(-1.593017578125,-23.62036132812,2.6));
#8445 = PCURVE('',#2007,#8446);
#8446 = DEFINITIONAL_REPRESENTATION('',(#8447),#8451);
#8447 = LINE('',#8448,#8449);
#8448 = CARTESIAN_POINT('',(0.,-0.7));
#8449 = VECTOR('',#8450,1.);
#8450 = DIRECTION('',(1.,0.));
#8451 = ( GEOMETRIC_REPRESENTATION_CONTEXT(2) 
PARAMETRIC_REPRESENTATION_CONTEXT() REPRESENTATION_CONTEXT('2D SPACE',''
  ) );
#8452 = PCURVE('',#7546,#8453);
#8453 = DEFINITIONAL_REPRESENTATION('',(#8454),#8458);
#8454 = B_SPLINE_CURVE_WITH_KNOTS('',2,(#8455,#8456,#8457),
  .UNSPECIFIED.,.F.,.F.,(3,3),(0.,1.),.PIECEWISE_BEZIER_KNOTS.);
#8455 = CARTESIAN_POINT('',(0.20263671875,0.30517578125));
#8456 = CARTESIAN_POINT('',(0.29296875,0.546875));
#8457 = CARTESIAN_POINT('',(0.491943359375,0.78125));
#8458 = ( GEOMETRIC_REPRESENTATION_CONTEXT(2) 
PARAMETRIC_REPRESENTATION_CONTEXT() REPRESENTATION_CONTEXT('2D SPACE',''
  ) );
#8459 = ORIENTED_EDGE('',*,*,#8367,.F.);
#8460 = ADVANCED_FACE('',(#8461),#1966,.T.);
#8461 = FACE_BOUND('',#8462,.T.);
#8462 = EDGE_LOOP('',(#8463,#8464,#8487,#8508));
#8463 = ORIENTED_EDGE('',*,*,#1940,.T.);
#8464 = ORIENTED_EDGE('',*,*,#8465,.T.);
#8465 = EDGE_CURVE('',#1914,#8466,#8468,.T.);
#8466 = VERTEX_POINT('',#8467);
#8467 = CARTESIAN_POINT('',(-1.93359375,-24.40161132812,2.6));
#8468 = SURFACE_CURVE('',#8469,(#8473,#8480),.PCURVE_S1.);
#8469 = LINE('',#8470,#8471);
#8470 = CARTESIAN_POINT('',(-1.93359375,-24.40161132812,1.9));
#8471 = VECTOR('',#8472,1.);
#8472 = DIRECTION('',(0.,0.,1.));
#8473 = PCURVE('',#1966,#8474);
#8474 = DEFINITIONAL_REPRESENTATION('',(#8475),#8479);
#8475 = LINE('',#8476,#8477);
#8476 = CARTESIAN_POINT('',(0.,0.));
#8477 = VECTOR('',#8478,1.);
#8478 = DIRECTION('',(0.,-1.));
#8479 = ( GEOMETRIC_REPRESENTATION_CONTEXT(2) 
PARAMETRIC_REPRESENTATION_CONTEXT() REPRESENTATION_CONTEXT('2D SPACE',''
  ) );
#8480 = PCURVE('',#1929,#8481);
#8481 = DEFINITIONAL_REPRESENTATION('',(#8482),#8486);
#8482 = LINE('',#8483,#8484);
#8483 = CARTESIAN_POINT('',(2.36572265625,0.));
#8484 = VECTOR('',#8485,1.);
#8485 = DIRECTION('',(0.,-1.));
#8486 = ( GEOMETRIC_REPRESENTATION_CONTEXT(2) 
PARAMETRIC_REPRESENTATION_CONTEXT() REPRESENTATION_CONTEXT('2D SPACE',''
  ) );
#8487 = ORIENTED_EDGE('',*,*,#8488,.T.);
#8488 = EDGE_CURVE('',#8466,#8417,#8489,.T.);
#8489 = SURFACE_CURVE('',#8490,(#8494,#8501),.PCURVE_S1.);
#8490 = B_SPLINE_CURVE_WITH_KNOTS('',2,(#8491,#8492,#8493),
  .UNSPECIFIED.,.F.,.F.,(3,3),(0.,1.),.PIECEWISE_BEZIER_KNOTS.);
#8491 = CARTESIAN_POINT('',(-1.93359375,-24.40161132812,2.6));
#8492 = CARTESIAN_POINT('',(-1.9384765625,-24.24291992187,2.6));
#8493 = CARTESIAN_POINT('',(-1.88232421875,-24.09643554687,2.6));
#8494 = PCURVE('',#1966,#8495);
#8495 = DEFINITIONAL_REPRESENTATION('',(#8496),#8500);
#8496 = LINE('',#8497,#8498);
#8497 = CARTESIAN_POINT('',(0.,-0.7));
#8498 = VECTOR('',#8499,1.);
#8499 = DIRECTION('',(1.,0.));
#8500 = ( GEOMETRIC_REPRESENTATION_CONTEXT(2) 
PARAMETRIC_REPRESENTATION_CONTEXT() REPRESENTATION_CONTEXT('2D SPACE',''
  ) );
#8501 = PCURVE('',#7546,#8502);
#8502 = DEFINITIONAL_REPRESENTATION('',(#8503),#8507);
#8503 = B_SPLINE_CURVE_WITH_KNOTS('',2,(#8504,#8505,#8506),
  .UNSPECIFIED.,.F.,.F.,(3,3),(0.,1.),.PIECEWISE_BEZIER_KNOTS.);
#8504 = CARTESIAN_POINT('',(0.1513671875,0.));
#8505 = CARTESIAN_POINT('',(0.146484375,0.15869140625));
#8506 = CARTESIAN_POINT('',(0.20263671875,0.30517578125));
#8507 = ( GEOMETRIC_REPRESENTATION_CONTEXT(2) 
PARAMETRIC_REPRESENTATION_CONTEXT() REPRESENTATION_CONTEXT('2D SPACE',''
  ) );
#8508 = ORIENTED_EDGE('',*,*,#8416,.F.);
#8509 = ADVANCED_FACE('',(#8510),#1929,.T.);
#8510 = FACE_BOUND('',#8511,.T.);
#8511 = EDGE_LOOP('',(#8512,#8513,#8536,#8557));
#8512 = ORIENTED_EDGE('',*,*,#1913,.T.);
#8513 = ORIENTED_EDGE('',*,*,#8514,.T.);
#8514 = EDGE_CURVE('',#1887,#8515,#8517,.T.);
#8515 = VERTEX_POINT('',#8516);
#8516 = CARTESIAN_POINT('',(0.43212890625,-24.40161132812,2.6));
#8517 = SURFACE_CURVE('',#8518,(#8522,#8529),.PCURVE_S1.);
#8518 = LINE('',#8519,#8520);
#8519 = CARTESIAN_POINT('',(0.43212890625,-24.40161132812,1.9));
#8520 = VECTOR('',#8521,1.);
#8521 = DIRECTION('',(0.,0.,1.));
#8522 = PCURVE('',#1929,#8523);
#8523 = DEFINITIONAL_REPRESENTATION('',(#8524),#8528);
#8524 = LINE('',#8525,#8526);
#8525 = CARTESIAN_POINT('',(0.,-0.));
#8526 = VECTOR('',#8527,1.);
#8527 = DIRECTION('',(0.,-1.));
#8528 = ( GEOMETRIC_REPRESENTATION_CONTEXT(2) 
PARAMETRIC_REPRESENTATION_CONTEXT() REPRESENTATION_CONTEXT('2D SPACE',''
  ) );
#8529 = PCURVE('',#1902,#8530);
#8530 = DEFINITIONAL_REPRESENTATION('',(#8531),#8535);
#8531 = LINE('',#8532,#8533);
#8532 = CARTESIAN_POINT('',(0.42236328125,0.));
#8533 = VECTOR('',#8534,1.);
#8534 = DIRECTION('',(0.,-1.));
#8535 = ( GEOMETRIC_REPRESENTATION_CONTEXT(2) 
PARAMETRIC_REPRESENTATION_CONTEXT() REPRESENTATION_CONTEXT('2D SPACE',''
  ) );
#8536 = ORIENTED_EDGE('',*,*,#8537,.T.);
#8537 = EDGE_CURVE('',#8515,#8466,#8538,.T.);
#8538 = SURFACE_CURVE('',#8539,(#8543,#8550),.PCURVE_S1.);
#8539 = LINE('',#8540,#8541);
#8540 = CARTESIAN_POINT('',(0.43212890625,-24.40161132812,2.6));
#8541 = VECTOR('',#8542,1.);
#8542 = DIRECTION('',(-1.,0.,0.));
#8543 = PCURVE('',#1929,#8544);
#8544 = DEFINITIONAL_REPRESENTATION('',(#8545),#8549);
#8545 = LINE('',#8546,#8547);
#8546 = CARTESIAN_POINT('',(0.,-0.7));
#8547 = VECTOR('',#8548,1.);
#8548 = DIRECTION('',(1.,0.));
#8549 = ( GEOMETRIC_REPRESENTATION_CONTEXT(2) 
PARAMETRIC_REPRESENTATION_CONTEXT() REPRESENTATION_CONTEXT('2D SPACE',''
  ) );
#8550 = PCURVE('',#7546,#8551);
#8551 = DEFINITIONAL_REPRESENTATION('',(#8552),#8556);
#8552 = LINE('',#8553,#8554);
#8553 = CARTESIAN_POINT('',(2.51708984375,0.));
#8554 = VECTOR('',#8555,1.);
#8555 = DIRECTION('',(-1.,0.));
#8556 = ( GEOMETRIC_REPRESENTATION_CONTEXT(2) 
PARAMETRIC_REPRESENTATION_CONTEXT() REPRESENTATION_CONTEXT('2D SPACE',''
  ) );
#8557 = ORIENTED_EDGE('',*,*,#8465,.F.);
#8558 = ADVANCED_FACE('',(#8559),#1902,.T.);
#8559 = FACE_BOUND('',#8560,.T.);
#8560 = EDGE_LOOP('',(#8561,#8562,#8563,#8584));
#8561 = ORIENTED_EDGE('',*,*,#1886,.T.);
#8562 = ORIENTED_EDGE('',*,*,#7558,.T.);
#8563 = ORIENTED_EDGE('',*,*,#8564,.T.);
#8564 = EDGE_CURVE('',#7531,#8515,#8565,.T.);
#8565 = SURFACE_CURVE('',#8566,(#8570,#8577),.PCURVE_S1.);
#8566 = LINE('',#8567,#8568);
#8567 = CARTESIAN_POINT('',(0.43212890625,-23.97924804687,2.6));
#8568 = VECTOR('',#8569,1.);
#8569 = DIRECTION('',(0.,-1.,0.));
#8570 = PCURVE('',#1902,#8571);
#8571 = DEFINITIONAL_REPRESENTATION('',(#8572),#8576);
#8572 = LINE('',#8573,#8574);
#8573 = CARTESIAN_POINT('',(0.,-0.7));
#8574 = VECTOR('',#8575,1.);
#8575 = DIRECTION('',(1.,0.));
#8576 = ( GEOMETRIC_REPRESENTATION_CONTEXT(2) 
PARAMETRIC_REPRESENTATION_CONTEXT() REPRESENTATION_CONTEXT('2D SPACE',''
  ) );
#8577 = PCURVE('',#7546,#8578);
#8578 = DEFINITIONAL_REPRESENTATION('',(#8579),#8583);
#8579 = LINE('',#8580,#8581);
#8580 = CARTESIAN_POINT('',(2.51708984375,0.42236328125));
#8581 = VECTOR('',#8582,1.);
#8582 = DIRECTION('',(0.,-1.));
#8583 = ( GEOMETRIC_REPRESENTATION_CONTEXT(2) 
PARAMETRIC_REPRESENTATION_CONTEXT() REPRESENTATION_CONTEXT('2D SPACE',''
  ) );
#8584 = ORIENTED_EDGE('',*,*,#8514,.F.);
#8585 = ADVANCED_FACE('',(#8586),#2861,.T.);
#8586 = FACE_BOUND('',#8587,.T.);
#8587 = EDGE_LOOP('',(#8588,#8589,#8612,#8640));
#8588 = ORIENTED_EDGE('',*,*,#2843,.T.);
#8589 = ORIENTED_EDGE('',*,*,#8590,.T.);
#8590 = EDGE_CURVE('',#2846,#8591,#8593,.T.);
#8591 = VERTEX_POINT('',#8592);
#8592 = CARTESIAN_POINT('',(1.650390625,-24.40161132812,2.6));
#8593 = SURFACE_CURVE('',#8594,(#8598,#8605),.PCURVE_S1.);
#8594 = LINE('',#8595,#8596);
#8595 = CARTESIAN_POINT('',(1.650390625,-24.40161132812,1.9));
#8596 = VECTOR('',#8597,1.);
#8597 = DIRECTION('',(0.,0.,1.));
#8598 = PCURVE('',#2861,#8599);
#8599 = DEFINITIONAL_REPRESENTATION('',(#8600),#8604);
#8600 = LINE('',#8601,#8602);
#8601 = CARTESIAN_POINT('',(0.,-0.));
#8602 = VECTOR('',#8603,1.);
#8603 = DIRECTION('',(0.,-1.));
#8604 = ( GEOMETRIC_REPRESENTATION_CONTEXT(2) 
PARAMETRIC_REPRESENTATION_CONTEXT() REPRESENTATION_CONTEXT('2D SPACE',''
  ) );
#8605 = PCURVE('',#2940,#8606);
#8606 = DEFINITIONAL_REPRESENTATION('',(#8607),#8611);
#8607 = LINE('',#8608,#8609);
#8608 = CARTESIAN_POINT('',(0.50048828125,0.));
#8609 = VECTOR('',#8610,1.);
#8610 = DIRECTION('',(0.,-1.));
#8611 = ( GEOMETRIC_REPRESENTATION_CONTEXT(2) 
PARAMETRIC_REPRESENTATION_CONTEXT() REPRESENTATION_CONTEXT('2D SPACE',''
  ) );
#8612 = ORIENTED_EDGE('',*,*,#8613,.T.);
#8613 = EDGE_CURVE('',#8591,#8614,#8616,.T.);
#8614 = VERTEX_POINT('',#8615);
#8615 = CARTESIAN_POINT('',(1.14990234375,-24.40161132812,2.6));
#8616 = SURFACE_CURVE('',#8617,(#8621,#8628),.PCURVE_S1.);
#8617 = LINE('',#8618,#8619);
#8618 = CARTESIAN_POINT('',(1.650390625,-24.40161132812,2.6));
#8619 = VECTOR('',#8620,1.);
#8620 = DIRECTION('',(-1.,0.,0.));
#8621 = PCURVE('',#2861,#8622);
#8622 = DEFINITIONAL_REPRESENTATION('',(#8623),#8627);
#8623 = LINE('',#8624,#8625);
#8624 = CARTESIAN_POINT('',(0.,-0.7));
#8625 = VECTOR('',#8626,1.);
#8626 = DIRECTION('',(1.,0.));
#8627 = ( GEOMETRIC_REPRESENTATION_CONTEXT(2) 
PARAMETRIC_REPRESENTATION_CONTEXT() REPRESENTATION_CONTEXT('2D SPACE',''
  ) );
#8628 = PCURVE('',#8629,#8634);
#8629 = PLANE('',#8630);
#8630 = AXIS2_PLACEMENT_3D('',#8631,#8632,#8633);
#8631 = CARTESIAN_POINT('',(0.69580078125,-24.40161132812,2.6));
#8632 = DIRECTION('',(0.,0.,1.));
#8633 = DIRECTION('',(1.,0.,0.));
#8634 = DEFINITIONAL_REPRESENTATION('',(#8635),#8639);
#8635 = LINE('',#8636,#8637);
#8636 = CARTESIAN_POINT('',(0.95458984375,0.));
#8637 = VECTOR('',#8638,1.);
#8638 = DIRECTION('',(-1.,0.));
#8639 = ( GEOMETRIC_REPRESENTATION_CONTEXT(2) 
PARAMETRIC_REPRESENTATION_CONTEXT() REPRESENTATION_CONTEXT('2D SPACE',''
  ) );
#8640 = ORIENTED_EDGE('',*,*,#8641,.F.);
#8641 = EDGE_CURVE('',#2844,#8614,#8642,.T.);
#8642 = SURFACE_CURVE('',#8643,(#8647,#8654),.PCURVE_S1.);
#8643 = LINE('',#8644,#8645);
#8644 = CARTESIAN_POINT('',(1.14990234375,-24.40161132812,1.9));
#8645 = VECTOR('',#8646,1.);
#8646 = DIRECTION('',(0.,0.,1.));
#8647 = PCURVE('',#2861,#8648);
#8648 = DEFINITIONAL_REPRESENTATION('',(#8649),#8653);
#8649 = LINE('',#8650,#8651);
#8650 = CARTESIAN_POINT('',(0.50048828125,0.));
#8651 = VECTOR('',#8652,1.);
#8652 = DIRECTION('',(0.,-1.));
#8653 = ( GEOMETRIC_REPRESENTATION_CONTEXT(2) 
PARAMETRIC_REPRESENTATION_CONTEXT() REPRESENTATION_CONTEXT('2D SPACE',''
  ) );
#8654 = PCURVE('',#2888,#8655);
#8655 = DEFINITIONAL_REPRESENTATION('',(#8656),#8660);
#8656 = LINE('',#8657,#8658);
#8657 = CARTESIAN_POINT('',(0.,0.));
#8658 = VECTOR('',#8659,1.);
#8659 = DIRECTION('',(0.,-1.));
#8660 = ( GEOMETRIC_REPRESENTATION_CONTEXT(2) 
PARAMETRIC_REPRESENTATION_CONTEXT() REPRESENTATION_CONTEXT('2D SPACE',''
  ) );
#8661 = ADVANCED_FACE('',(#8662),#2940,.T.);
#8662 = FACE_BOUND('',#8663,.T.);
#8663 = EDGE_LOOP('',(#8664,#8665,#8688,#8709));
#8664 = ORIENTED_EDGE('',*,*,#2926,.T.);
#8665 = ORIENTED_EDGE('',*,*,#8666,.T.);
#8666 = EDGE_CURVE('',#2900,#8667,#8669,.T.);
#8667 = VERTEX_POINT('',#8668);
#8668 = CARTESIAN_POINT('',(1.650390625,-23.90112304687,2.6));
#8669 = SURFACE_CURVE('',#8670,(#8674,#8681),.PCURVE_S1.);
#8670 = LINE('',#8671,#8672);
#8671 = CARTESIAN_POINT('',(1.650390625,-23.90112304687,1.9));
#8672 = VECTOR('',#8673,1.);
#8673 = DIRECTION('',(0.,0.,1.));
#8674 = PCURVE('',#2940,#8675);
#8675 = DEFINITIONAL_REPRESENTATION('',(#8676),#8680);
#8676 = LINE('',#8677,#8678);
#8677 = CARTESIAN_POINT('',(0.,0.));
#8678 = VECTOR('',#8679,1.);
#8679 = DIRECTION('',(0.,-1.));
#8680 = ( GEOMETRIC_REPRESENTATION_CONTEXT(2) 
PARAMETRIC_REPRESENTATION_CONTEXT() REPRESENTATION_CONTEXT('2D SPACE',''
  ) );
#8681 = PCURVE('',#2915,#8682);
#8682 = DEFINITIONAL_REPRESENTATION('',(#8683),#8687);
#8683 = LINE('',#8684,#8685);
#8684 = CARTESIAN_POINT('',(0.50048828125,0.));
#8685 = VECTOR('',#8686,1.);
#8686 = DIRECTION('',(0.,-1.));
#8687 = ( GEOMETRIC_REPRESENTATION_CONTEXT(2) 
PARAMETRIC_REPRESENTATION_CONTEXT() REPRESENTATION_CONTEXT('2D SPACE',''
  ) );
#8688 = ORIENTED_EDGE('',*,*,#8689,.T.);
#8689 = EDGE_CURVE('',#8667,#8591,#8690,.T.);
#8690 = SURFACE_CURVE('',#8691,(#8695,#8702),.PCURVE_S1.);
#8691 = LINE('',#8692,#8693);
#8692 = CARTESIAN_POINT('',(1.650390625,-23.90112304687,2.6));
#8693 = VECTOR('',#8694,1.);
#8694 = DIRECTION('',(0.,-1.,0.));
#8695 = PCURVE('',#2940,#8696);
#8696 = DEFINITIONAL_REPRESENTATION('',(#8697),#8701);
#8697 = LINE('',#8698,#8699);
#8698 = CARTESIAN_POINT('',(0.,-0.7));
#8699 = VECTOR('',#8700,1.);
#8700 = DIRECTION('',(1.,0.));
#8701 = ( GEOMETRIC_REPRESENTATION_CONTEXT(2) 
PARAMETRIC_REPRESENTATION_CONTEXT() REPRESENTATION_CONTEXT('2D SPACE',''
  ) );
#8702 = PCURVE('',#8629,#8703);
#8703 = DEFINITIONAL_REPRESENTATION('',(#8704),#8708);
#8704 = LINE('',#8705,#8706);
#8705 = CARTESIAN_POINT('',(0.95458984375,0.50048828125));
#8706 = VECTOR('',#8707,1.);
#8707 = DIRECTION('',(0.,-1.));
#8708 = ( GEOMETRIC_REPRESENTATION_CONTEXT(2) 
PARAMETRIC_REPRESENTATION_CONTEXT() REPRESENTATION_CONTEXT('2D SPACE',''
  ) );
#8709 = ORIENTED_EDGE('',*,*,#8590,.F.);
#8710 = ADVANCED_FACE('',(#8711),#2915,.T.);
#8711 = FACE_BOUND('',#8712,.T.);
#8712 = EDGE_LOOP('',(#8713,#8714,#8737,#8758));
#8713 = ORIENTED_EDGE('',*,*,#2899,.T.);
#8714 = ORIENTED_EDGE('',*,*,#8715,.T.);
#8715 = EDGE_CURVE('',#2873,#8716,#8718,.T.);
#8716 = VERTEX_POINT('',#8717);
#8717 = CARTESIAN_POINT('',(1.14990234375,-23.90112304687,2.6));
#8718 = SURFACE_CURVE('',#8719,(#8723,#8730),.PCURVE_S1.);
#8719 = LINE('',#8720,#8721);
#8720 = CARTESIAN_POINT('',(1.14990234375,-23.90112304687,1.9));
#8721 = VECTOR('',#8722,1.);
#8722 = DIRECTION('',(0.,0.,1.));
#8723 = PCURVE('',#2915,#8724);
#8724 = DEFINITIONAL_REPRESENTATION('',(#8725),#8729);
#8725 = LINE('',#8726,#8727);
#8726 = CARTESIAN_POINT('',(0.,0.));
#8727 = VECTOR('',#8728,1.);
#8728 = DIRECTION('',(0.,-1.));
#8729 = ( GEOMETRIC_REPRESENTATION_CONTEXT(2) 
PARAMETRIC_REPRESENTATION_CONTEXT() REPRESENTATION_CONTEXT('2D SPACE',''
  ) );
#8730 = PCURVE('',#2888,#8731);
#8731 = DEFINITIONAL_REPRESENTATION('',(#8732),#8736);
#8732 = LINE('',#8733,#8734);
#8733 = CARTESIAN_POINT('',(0.50048828125,0.));
#8734 = VECTOR('',#8735,1.);
#8735 = DIRECTION('',(0.,-1.));
#8736 = ( GEOMETRIC_REPRESENTATION_CONTEXT(2) 
PARAMETRIC_REPRESENTATION_CONTEXT() REPRESENTATION_CONTEXT('2D SPACE',''
  ) );
#8737 = ORIENTED_EDGE('',*,*,#8738,.T.);
#8738 = EDGE_CURVE('',#8716,#8667,#8739,.T.);
#8739 = SURFACE_CURVE('',#8740,(#8744,#8751),.PCURVE_S1.);
#8740 = LINE('',#8741,#8742);
#8741 = CARTESIAN_POINT('',(1.14990234375,-23.90112304687,2.6));
#8742 = VECTOR('',#8743,1.);
#8743 = DIRECTION('',(1.,0.,0.));
#8744 = PCURVE('',#2915,#8745);
#8745 = DEFINITIONAL_REPRESENTATION('',(#8746),#8750);
#8746 = LINE('',#8747,#8748);
#8747 = CARTESIAN_POINT('',(0.,-0.7));
#8748 = VECTOR('',#8749,1.);
#8749 = DIRECTION('',(1.,0.));
#8750 = ( GEOMETRIC_REPRESENTATION_CONTEXT(2) 
PARAMETRIC_REPRESENTATION_CONTEXT() REPRESENTATION_CONTEXT('2D SPACE',''
  ) );
#8751 = PCURVE('',#8629,#8752);
#8752 = DEFINITIONAL_REPRESENTATION('',(#8753),#8757);
#8753 = LINE('',#8754,#8755);
#8754 = CARTESIAN_POINT('',(0.4541015625,0.50048828125));
#8755 = VECTOR('',#8756,1.);
#8756 = DIRECTION('',(1.,0.));
#8757 = ( GEOMETRIC_REPRESENTATION_CONTEXT(2) 
PARAMETRIC_REPRESENTATION_CONTEXT() REPRESENTATION_CONTEXT('2D SPACE',''
  ) );
#8758 = ORIENTED_EDGE('',*,*,#8666,.F.);
#8759 = ADVANCED_FACE('',(#8760),#2888,.T.);
#8760 = FACE_BOUND('',#8761,.T.);
#8761 = EDGE_LOOP('',(#8762,#8763,#8764,#8785));
#8762 = ORIENTED_EDGE('',*,*,#2872,.T.);
#8763 = ORIENTED_EDGE('',*,*,#8641,.T.);
#8764 = ORIENTED_EDGE('',*,*,#8765,.T.);
#8765 = EDGE_CURVE('',#8614,#8716,#8766,.T.);
#8766 = SURFACE_CURVE('',#8767,(#8771,#8778),.PCURVE_S1.);
#8767 = LINE('',#8768,#8769);
#8768 = CARTESIAN_POINT('',(1.14990234375,-24.40161132812,2.6));
#8769 = VECTOR('',#8770,1.);
#8770 = DIRECTION('',(0.,1.,0.));
#8771 = PCURVE('',#2888,#8772);
#8772 = DEFINITIONAL_REPRESENTATION('',(#8773),#8777);
#8773 = LINE('',#8774,#8775);
#8774 = CARTESIAN_POINT('',(0.,-0.7));
#8775 = VECTOR('',#8776,1.);
#8776 = DIRECTION('',(1.,0.));
#8777 = ( GEOMETRIC_REPRESENTATION_CONTEXT(2) 
PARAMETRIC_REPRESENTATION_CONTEXT() REPRESENTATION_CONTEXT('2D SPACE',''
  ) );
#8778 = PCURVE('',#8629,#8779);
#8779 = DEFINITIONAL_REPRESENTATION('',(#8780),#8784);
#8780 = LINE('',#8781,#8782);
#8781 = CARTESIAN_POINT('',(0.4541015625,0.));
#8782 = VECTOR('',#8783,1.);
#8783 = DIRECTION('',(0.,1.));
#8784 = ( GEOMETRIC_REPRESENTATION_CONTEXT(2) 
PARAMETRIC_REPRESENTATION_CONTEXT() REPRESENTATION_CONTEXT('2D SPACE',''
  ) );
#8785 = ORIENTED_EDGE('',*,*,#8715,.F.);
#8786 = ADVANCED_FACE('',(#8787),#2971,.T.);
#8787 = FACE_BOUND('',#8788,.T.);
#8788 = EDGE_LOOP('',(#8789,#8790,#8813,#8841));
#8789 = ORIENTED_EDGE('',*,*,#2953,.T.);
#8790 = ORIENTED_EDGE('',*,*,#8791,.T.);
#8791 = EDGE_CURVE('',#2956,#8792,#8794,.T.);
#8792 = VERTEX_POINT('',#8793);
#8793 = CARTESIAN_POINT('',(2.294921875,-23.45678710937,2.6));
#8794 = SURFACE_CURVE('',#8795,(#8799,#8806),.PCURVE_S1.);
#8795 = LINE('',#8796,#8797);
#8796 = CARTESIAN_POINT('',(2.294921875,-23.45678710937,1.9));
#8797 = VECTOR('',#8798,1.);
#8798 = DIRECTION('',(0.,0.,1.));
#8799 = PCURVE('',#2971,#8800);
#8800 = DEFINITIONAL_REPRESENTATION('',(#8801),#8805);
#8801 = LINE('',#8802,#8803);
#8802 = CARTESIAN_POINT('',(0.,0.));
#8803 = VECTOR('',#8804,1.);
#8804 = DIRECTION('',(0.,-1.));
#8805 = ( GEOMETRIC_REPRESENTATION_CONTEXT(2) 
PARAMETRIC_REPRESENTATION_CONTEXT() REPRESENTATION_CONTEXT('2D SPACE',''
  ) );
#8806 = PCURVE('',#4378,#8807);
#8807 = DEFINITIONAL_REPRESENTATION('',(#8808),#8812);
#8808 = LINE('',#8809,#8810);
#8809 = CARTESIAN_POINT('',(1.,0.));
#8810 = VECTOR('',#8811,1.);
#8811 = DIRECTION('',(0.,-1.));
#8812 = ( GEOMETRIC_REPRESENTATION_CONTEXT(2) 
PARAMETRIC_REPRESENTATION_CONTEXT() REPRESENTATION_CONTEXT('2D SPACE',''
  ) );
#8813 = ORIENTED_EDGE('',*,*,#8814,.T.);
#8814 = EDGE_CURVE('',#8792,#8815,#8817,.T.);
#8815 = VERTEX_POINT('',#8816);
#8816 = CARTESIAN_POINT('',(2.734375,-23.39819335937,2.6));
#8817 = SURFACE_CURVE('',#8818,(#8822,#8829),.PCURVE_S1.);
#8818 = LINE('',#8819,#8820);
#8819 = CARTESIAN_POINT('',(2.294921875,-23.45678710937,2.6));
#8820 = VECTOR('',#8821,1.);
#8821 = DIRECTION('',(0.991227900683,0.132163720091,0.));
#8822 = PCURVE('',#2971,#8823);
#8823 = DEFINITIONAL_REPRESENTATION('',(#8824),#8828);
#8824 = LINE('',#8825,#8826);
#8825 = CARTESIAN_POINT('',(0.,-0.7));
#8826 = VECTOR('',#8827,1.);
#8827 = DIRECTION('',(1.,0.));
#8828 = ( GEOMETRIC_REPRESENTATION_CONTEXT(2) 
PARAMETRIC_REPRESENTATION_CONTEXT() REPRESENTATION_CONTEXT('2D SPACE',''
  ) );
#8829 = PCURVE('',#8830,#8835);
#8830 = PLANE('',#8831);
#8831 = AXIS2_PLACEMENT_3D('',#8832,#8833,#8834);
#8832 = CARTESIAN_POINT('',(2.0849609375,-24.40161132812,2.6));
#8833 = DIRECTION('',(0.,0.,1.));
#8834 = DIRECTION('',(1.,0.,0.));
#8835 = DEFINITIONAL_REPRESENTATION('',(#8836),#8840);
#8836 = LINE('',#8837,#8838);
#8837 = CARTESIAN_POINT('',(0.2099609375,0.94482421875));
#8838 = VECTOR('',#8839,1.);
#8839 = DIRECTION('',(0.991227900683,0.132163720091));
#8840 = ( GEOMETRIC_REPRESENTATION_CONTEXT(2) 
PARAMETRIC_REPRESENTATION_CONTEXT() REPRESENTATION_CONTEXT('2D SPACE',''
  ) );
#8841 = ORIENTED_EDGE('',*,*,#8842,.F.);
#8842 = EDGE_CURVE('',#2954,#8815,#8843,.T.);
#8843 = SURFACE_CURVE('',#8844,(#8848,#8855),.PCURVE_S1.);
#8844 = LINE('',#8845,#8846);
#8845 = CARTESIAN_POINT('',(2.734375,-23.39819335937,1.9));
#8846 = VECTOR('',#8847,1.);
#8847 = DIRECTION('',(0.,0.,1.));
#8848 = PCURVE('',#2971,#8849);
#8849 = DEFINITIONAL_REPRESENTATION('',(#8850),#8854);
#8850 = LINE('',#8851,#8852);
#8851 = CARTESIAN_POINT('',(0.443342166516,0.));
#8852 = VECTOR('',#8853,1.);
#8853 = DIRECTION('',(0.,-1.));
#8854 = ( GEOMETRIC_REPRESENTATION_CONTEXT(2) 
PARAMETRIC_REPRESENTATION_CONTEXT() REPRESENTATION_CONTEXT('2D SPACE',''
  ) );
#8855 = PCURVE('',#3012,#8856);
#8856 = DEFINITIONAL_REPRESENTATION('',(#8857),#8861);
#8857 = LINE('',#8858,#8859);
#8858 = CARTESIAN_POINT('',(0.,0.));
#8859 = VECTOR('',#8860,1.);
#8860 = DIRECTION('',(0.,-1.));
#8861 = ( GEOMETRIC_REPRESENTATION_CONTEXT(2) 
PARAMETRIC_REPRESENTATION_CONTEXT() REPRESENTATION_CONTEXT('2D SPACE',''
  ) );
#8862 = ADVANCED_FACE('',(#8863),#4378,.T.);
#8863 = FACE_BOUND('',#8864,.T.);
#8864 = EDGE_LOOP('',(#8865,#8866,#8889,#8910));
#8865 = ORIENTED_EDGE('',*,*,#4350,.T.);
#8866 = ORIENTED_EDGE('',*,*,#8867,.T.);
#8867 = EDGE_CURVE('',#4294,#8868,#8870,.T.);
#8868 = VERTEX_POINT('',#8869);
#8869 = CARTESIAN_POINT('',(2.650146484375,-24.18432617187,2.6));
#8870 = SURFACE_CURVE('',#8871,(#8875,#8882),.PCURVE_S1.);
#8871 = LINE('',#8872,#8873);
#8872 = CARTESIAN_POINT('',(2.650146484375,-24.18432617187,1.9));
#8873 = VECTOR('',#8874,1.);
#8874 = DIRECTION('',(0.,0.,1.));
#8875 = PCURVE('',#4378,#8876);
#8876 = DEFINITIONAL_REPRESENTATION('',(#8877),#8881);
#8877 = LINE('',#8878,#8879);
#8878 = CARTESIAN_POINT('',(0.,0.));
#8879 = VECTOR('',#8880,1.);
#8880 = DIRECTION('',(0.,-1.));
#8881 = ( GEOMETRIC_REPRESENTATION_CONTEXT(2) 
PARAMETRIC_REPRESENTATION_CONTEXT() REPRESENTATION_CONTEXT('2D SPACE',''
  ) );
#8882 = PCURVE('',#4327,#8883);
#8883 = DEFINITIONAL_REPRESENTATION('',(#8884),#8888);
#8884 = LINE('',#8885,#8886);
#8885 = CARTESIAN_POINT('',(1.,0.));
#8886 = VECTOR('',#8887,1.);
#8887 = DIRECTION('',(0.,-1.));
#8888 = ( GEOMETRIC_REPRESENTATION_CONTEXT(2) 
PARAMETRIC_REPRESENTATION_CONTEXT() REPRESENTATION_CONTEXT('2D SPACE',''
  ) );
#8889 = ORIENTED_EDGE('',*,*,#8890,.T.);
#8890 = EDGE_CURVE('',#8868,#8792,#8891,.T.);
#8891 = SURFACE_CURVE('',#8892,(#8896,#8903),.PCURVE_S1.);
#8892 = B_SPLINE_CURVE_WITH_KNOTS('',2,(#8893,#8894,#8895),
  .UNSPECIFIED.,.F.,.F.,(3,3),(0.,1.),.PIECEWISE_BEZIER_KNOTS.);
#8893 = CARTESIAN_POINT('',(2.650146484375,-24.18432617187,2.6));
#8894 = CARTESIAN_POINT('',(2.3388671875,-23.90356445312,2.6));
#8895 = CARTESIAN_POINT('',(2.294921875,-23.45678710937,2.6));
#8896 = PCURVE('',#4378,#8897);
#8897 = DEFINITIONAL_REPRESENTATION('',(#8898),#8902);
#8898 = LINE('',#8899,#8900);
#8899 = CARTESIAN_POINT('',(0.,-0.7));
#8900 = VECTOR('',#8901,1.);
#8901 = DIRECTION('',(1.,0.));
#8902 = ( GEOMETRIC_REPRESENTATION_CONTEXT(2) 
PARAMETRIC_REPRESENTATION_CONTEXT() REPRESENTATION_CONTEXT('2D SPACE',''
  ) );
#8903 = PCURVE('',#8830,#8904);
#8904 = DEFINITIONAL_REPRESENTATION('',(#8905),#8909);
#8905 = B_SPLINE_CURVE_WITH_KNOTS('',2,(#8906,#8907,#8908),
  .UNSPECIFIED.,.F.,.F.,(3,3),(0.,1.),.PIECEWISE_BEZIER_KNOTS.);
#8906 = CARTESIAN_POINT('',(0.565185546875,0.21728515625));
#8907 = CARTESIAN_POINT('',(0.25390625,0.498046875));
#8908 = CARTESIAN_POINT('',(0.2099609375,0.94482421875));
#8909 = ( GEOMETRIC_REPRESENTATION_CONTEXT(2) 
PARAMETRIC_REPRESENTATION_CONTEXT() REPRESENTATION_CONTEXT('2D SPACE',''
  ) );
#8910 = ORIENTED_EDGE('',*,*,#8791,.F.);
#8911 = ADVANCED_FACE('',(#8912),#4327,.T.);
#8912 = FACE_BOUND('',#8913,.T.);
#8913 = EDGE_LOOP('',(#8914,#8915,#8938,#8959));
#8914 = ORIENTED_EDGE('',*,*,#4293,.T.);
#8915 = ORIENTED_EDGE('',*,*,#8916,.T.);
#8916 = EDGE_CURVE('',#4237,#8917,#8919,.T.);
#8917 = VERTEX_POINT('',#8918);
#8918 = CARTESIAN_POINT('',(3.4326171875,-24.46508789062,2.6));
#8919 = SURFACE_CURVE('',#8920,(#8924,#8931),.PCURVE_S1.);
#8920 = LINE('',#8921,#8922);
#8921 = CARTESIAN_POINT('',(3.4326171875,-24.46508789062,1.9));
#8922 = VECTOR('',#8923,1.);
#8923 = DIRECTION('',(0.,0.,1.));
#8924 = PCURVE('',#4327,#8925);
#8925 = DEFINITIONAL_REPRESENTATION('',(#8926),#8930);
#8926 = LINE('',#8927,#8928);
#8927 = CARTESIAN_POINT('',(0.,0.));
#8928 = VECTOR('',#8929,1.);
#8929 = DIRECTION('',(0.,-1.));
#8930 = ( GEOMETRIC_REPRESENTATION_CONTEXT(2) 
PARAMETRIC_REPRESENTATION_CONTEXT() REPRESENTATION_CONTEXT('2D SPACE',''
  ) );
#8931 = PCURVE('',#4270,#8932);
#8932 = DEFINITIONAL_REPRESENTATION('',(#8933),#8937);
#8933 = LINE('',#8934,#8935);
#8934 = CARTESIAN_POINT('',(1.,0.));
#8935 = VECTOR('',#8936,1.);
#8936 = DIRECTION('',(0.,-1.));
#8937 = ( GEOMETRIC_REPRESENTATION_CONTEXT(2) 
PARAMETRIC_REPRESENTATION_CONTEXT() REPRESENTATION_CONTEXT('2D SPACE',''
  ) );
#8938 = ORIENTED_EDGE('',*,*,#8939,.T.);
#8939 = EDGE_CURVE('',#8917,#8868,#8940,.T.);
#8940 = SURFACE_CURVE('',#8941,(#8945,#8952),.PCURVE_S1.);
#8941 = B_SPLINE_CURVE_WITH_KNOTS('',2,(#8942,#8943,#8944),
  .UNSPECIFIED.,.F.,.F.,(3,3),(0.,1.),.PIECEWISE_BEZIER_KNOTS.);
#8942 = CARTESIAN_POINT('',(3.4326171875,-24.46508789062,2.6));
#8943 = CARTESIAN_POINT('',(2.96142578125,-24.46508789062,2.6));
#8944 = CARTESIAN_POINT('',(2.650146484375,-24.18432617187,2.6));
#8945 = PCURVE('',#4327,#8946);
#8946 = DEFINITIONAL_REPRESENTATION('',(#8947),#8951);
#8947 = LINE('',#8948,#8949);
#8948 = CARTESIAN_POINT('',(0.,-0.7));
#8949 = VECTOR('',#8950,1.);
#8950 = DIRECTION('',(1.,0.));
#8951 = ( GEOMETRIC_REPRESENTATION_CONTEXT(2) 
PARAMETRIC_REPRESENTATION_CONTEXT() REPRESENTATION_CONTEXT('2D SPACE',''
  ) );
#8952 = PCURVE('',#8830,#8953);
#8953 = DEFINITIONAL_REPRESENTATION('',(#8954),#8958);
#8954 = B_SPLINE_CURVE_WITH_KNOTS('',2,(#8955,#8956,#8957),
  .UNSPECIFIED.,.F.,.F.,(3,3),(0.,1.),.PIECEWISE_BEZIER_KNOTS.);
#8955 = CARTESIAN_POINT('',(1.34765625,-6.34765625E-02));
#8956 = CARTESIAN_POINT('',(0.87646484375,-6.34765625E-02));
#8957 = CARTESIAN_POINT('',(0.565185546875,0.21728515625));
#8958 = ( GEOMETRIC_REPRESENTATION_CONTEXT(2) 
PARAMETRIC_REPRESENTATION_CONTEXT() REPRESENTATION_CONTEXT('2D SPACE',''
  ) );
#8959 = ORIENTED_EDGE('',*,*,#8867,.F.);
#8960 = ADVANCED_FACE('',(#8961),#4270,.T.);
#8961 = FACE_BOUND('',#8962,.T.);
#8962 = EDGE_LOOP('',(#8963,#8964,#8987,#9008));
#8963 = ORIENTED_EDGE('',*,*,#4236,.T.);
#8964 = ORIENTED_EDGE('',*,*,#8965,.T.);
#8965 = EDGE_CURVE('',#4186,#8966,#8968,.T.);
#8966 = VERTEX_POINT('',#8967);
#8967 = CARTESIAN_POINT('',(4.296875,-24.13916015625,2.6));
#8968 = SURFACE_CURVE('',#8969,(#8973,#8980),.PCURVE_S1.);
#8969 = LINE('',#8970,#8971);
#8970 = CARTESIAN_POINT('',(4.296875,-24.13916015625,1.9));
#8971 = VECTOR('',#8972,1.);
#8972 = DIRECTION('',(0.,0.,1.));
#8973 = PCURVE('',#4270,#8974);
#8974 = DEFINITIONAL_REPRESENTATION('',(#8975),#8979);
#8975 = LINE('',#8976,#8977);
#8976 = CARTESIAN_POINT('',(0.,0.));
#8977 = VECTOR('',#8978,1.);
#8978 = DIRECTION('',(0.,-1.));
#8979 = ( GEOMETRIC_REPRESENTATION_CONTEXT(2) 
PARAMETRIC_REPRESENTATION_CONTEXT() REPRESENTATION_CONTEXT('2D SPACE',''
  ) );
#8980 = PCURVE('',#4215,#8981);
#8981 = DEFINITIONAL_REPRESENTATION('',(#8982),#8986);
#8982 = LINE('',#8983,#8984);
#8983 = CARTESIAN_POINT('',(1.,0.));
#8984 = VECTOR('',#8985,1.);
#8985 = DIRECTION('',(0.,-1.));
#8986 = ( GEOMETRIC_REPRESENTATION_CONTEXT(2) 
PARAMETRIC_REPRESENTATION_CONTEXT() REPRESENTATION_CONTEXT('2D SPACE',''
  ) );
#8987 = ORIENTED_EDGE('',*,*,#8988,.T.);
#8988 = EDGE_CURVE('',#8966,#8917,#8989,.T.);
#8989 = SURFACE_CURVE('',#8990,(#8994,#9001),.PCURVE_S1.);
#8990 = B_SPLINE_CURVE_WITH_KNOTS('',2,(#8991,#8992,#8993),
  .UNSPECIFIED.,.F.,.F.,(3,3),(0.,1.),.PIECEWISE_BEZIER_KNOTS.);
#8991 = CARTESIAN_POINT('',(4.296875,-24.13916015625,2.6));
#8992 = CARTESIAN_POINT('',(3.955078125,-24.46508789062,2.6));
#8993 = CARTESIAN_POINT('',(3.4326171875,-24.46508789062,2.6));
#8994 = PCURVE('',#4270,#8995);
#8995 = DEFINITIONAL_REPRESENTATION('',(#8996),#9000);
#8996 = LINE('',#8997,#8998);
#8997 = CARTESIAN_POINT('',(0.,-0.7));
#8998 = VECTOR('',#8999,1.);
#8999 = DIRECTION('',(1.,0.));
#9000 = ( GEOMETRIC_REPRESENTATION_CONTEXT(2) 
PARAMETRIC_REPRESENTATION_CONTEXT() REPRESENTATION_CONTEXT('2D SPACE',''
  ) );
#9001 = PCURVE('',#8830,#9002);
#9002 = DEFINITIONAL_REPRESENTATION('',(#9003),#9007);
#9003 = B_SPLINE_CURVE_WITH_KNOTS('',2,(#9004,#9005,#9006),
  .UNSPECIFIED.,.F.,.F.,(3,3),(0.,1.),.PIECEWISE_BEZIER_KNOTS.);
#9004 = CARTESIAN_POINT('',(2.2119140625,0.262451171875));
#9005 = CARTESIAN_POINT('',(1.8701171875,-6.34765625E-02));
#9006 = CARTESIAN_POINT('',(1.34765625,-6.34765625E-02));
#9007 = ( GEOMETRIC_REPRESENTATION_CONTEXT(2) 
PARAMETRIC_REPRESENTATION_CONTEXT() REPRESENTATION_CONTEXT('2D SPACE',''
  ) );
#9008 = ORIENTED_EDGE('',*,*,#8916,.F.);
#9009 = ADVANCED_FACE('',(#9010),#4215,.T.);
#9010 = FACE_BOUND('',#9011,.T.);
#9011 = EDGE_LOOP('',(#9012,#9013,#9036,#9057));
#9012 = ORIENTED_EDGE('',*,*,#4185,.T.);
#9013 = ORIENTED_EDGE('',*,*,#9014,.T.);
#9014 = EDGE_CURVE('',#4123,#9015,#9017,.T.);
#9015 = VERTEX_POINT('',#9016);
#9016 = CARTESIAN_POINT('',(4.638671875,-23.34448242187,2.6));
#9017 = SURFACE_CURVE('',#9018,(#9022,#9029),.PCURVE_S1.);
#9018 = LINE('',#9019,#9020);
#9019 = CARTESIAN_POINT('',(4.638671875,-23.34448242187,1.9));
#9020 = VECTOR('',#9021,1.);
#9021 = DIRECTION('',(0.,0.,1.));
#9022 = PCURVE('',#4215,#9023);
#9023 = DEFINITIONAL_REPRESENTATION('',(#9024),#9028);
#9024 = LINE('',#9025,#9026);
#9025 = CARTESIAN_POINT('',(0.,0.));
#9026 = VECTOR('',#9027,1.);
#9027 = DIRECTION('',(0.,-1.));
#9028 = ( GEOMETRIC_REPRESENTATION_CONTEXT(2) 
PARAMETRIC_REPRESENTATION_CONTEXT() REPRESENTATION_CONTEXT('2D SPACE',''
  ) );
#9029 = PCURVE('',#4160,#9030);
#9030 = DEFINITIONAL_REPRESENTATION('',(#9031),#9035);
#9031 = LINE('',#9032,#9033);
#9032 = CARTESIAN_POINT('',(1.,0.));
#9033 = VECTOR('',#9034,1.);
#9034 = DIRECTION('',(0.,-1.));
#9035 = ( GEOMETRIC_REPRESENTATION_CONTEXT(2) 
PARAMETRIC_REPRESENTATION_CONTEXT() REPRESENTATION_CONTEXT('2D SPACE',''
  ) );
#9036 = ORIENTED_EDGE('',*,*,#9037,.T.);
#9037 = EDGE_CURVE('',#9015,#8966,#9038,.T.);
#9038 = SURFACE_CURVE('',#9039,(#9043,#9050),.PCURVE_S1.);
#9039 = B_SPLINE_CURVE_WITH_KNOTS('',2,(#9040,#9041,#9042),
  .UNSPECIFIED.,.F.,.F.,(3,3),(0.,1.),.PIECEWISE_BEZIER_KNOTS.);
#9040 = CARTESIAN_POINT('',(4.638671875,-23.34448242187,2.6));
#9041 = CARTESIAN_POINT('',(4.638671875,-23.81323242187,2.6));
#9042 = CARTESIAN_POINT('',(4.296875,-24.13916015625,2.6));
#9043 = PCURVE('',#4215,#9044);
#9044 = DEFINITIONAL_REPRESENTATION('',(#9045),#9049);
#9045 = LINE('',#9046,#9047);
#9046 = CARTESIAN_POINT('',(0.,-0.7));
#9047 = VECTOR('',#9048,1.);
#9048 = DIRECTION('',(1.,0.));
#9049 = ( GEOMETRIC_REPRESENTATION_CONTEXT(2) 
PARAMETRIC_REPRESENTATION_CONTEXT() REPRESENTATION_CONTEXT('2D SPACE',''
  ) );
#9050 = PCURVE('',#8830,#9051);
#9051 = DEFINITIONAL_REPRESENTATION('',(#9052),#9056);
#9052 = B_SPLINE_CURVE_WITH_KNOTS('',2,(#9053,#9054,#9055),
  .UNSPECIFIED.,.F.,.F.,(3,3),(0.,1.),.PIECEWISE_BEZIER_KNOTS.);
#9053 = CARTESIAN_POINT('',(2.5537109375,1.05712890625));
#9054 = CARTESIAN_POINT('',(2.5537109375,0.58837890625));
#9055 = CARTESIAN_POINT('',(2.2119140625,0.262451171875));
#9056 = ( GEOMETRIC_REPRESENTATION_CONTEXT(2) 
PARAMETRIC_REPRESENTATION_CONTEXT() REPRESENTATION_CONTEXT('2D SPACE',''
  ) );
#9057 = ORIENTED_EDGE('',*,*,#8965,.F.);
#9058 = ADVANCED_FACE('',(#9059),#4160,.T.);
#9059 = FACE_BOUND('',#9060,.T.);
#9060 = EDGE_LOOP('',(#9061,#9062,#9085,#9106));
#9061 = ORIENTED_EDGE('',*,*,#4122,.T.);
#9062 = ORIENTED_EDGE('',*,*,#9063,.T.);
#9063 = EDGE_CURVE('',#4072,#9064,#9066,.T.);
#9064 = VERTEX_POINT('',#9065);
#9065 = CARTESIAN_POINT('',(4.462890625,-22.76708984375,2.6));
#9066 = SURFACE_CURVE('',#9067,(#9071,#9078),.PCURVE_S1.);
#9067 = LINE('',#9068,#9069);
#9068 = CARTESIAN_POINT('',(4.462890625,-22.76708984375,1.9));
#9069 = VECTOR('',#9070,1.);
#9070 = DIRECTION('',(0.,0.,1.));
#9071 = PCURVE('',#4160,#9072);
#9072 = DEFINITIONAL_REPRESENTATION('',(#9073),#9077);
#9073 = LINE('',#9074,#9075);
#9074 = CARTESIAN_POINT('',(0.,0.));
#9075 = VECTOR('',#9076,1.);
#9076 = DIRECTION('',(0.,-1.));
#9077 = ( GEOMETRIC_REPRESENTATION_CONTEXT(2) 
PARAMETRIC_REPRESENTATION_CONTEXT() REPRESENTATION_CONTEXT('2D SPACE',''
  ) );
#9078 = PCURVE('',#4101,#9079);
#9079 = DEFINITIONAL_REPRESENTATION('',(#9080),#9084);
#9080 = LINE('',#9081,#9082);
#9081 = CARTESIAN_POINT('',(1.,0.));
#9082 = VECTOR('',#9083,1.);
#9083 = DIRECTION('',(0.,-1.));
#9084 = ( GEOMETRIC_REPRESENTATION_CONTEXT(2) 
PARAMETRIC_REPRESENTATION_CONTEXT() REPRESENTATION_CONTEXT('2D SPACE',''
  ) );
#9085 = ORIENTED_EDGE('',*,*,#9086,.T.);
#9086 = EDGE_CURVE('',#9064,#9015,#9087,.T.);
#9087 = SURFACE_CURVE('',#9088,(#9092,#9099),.PCURVE_S1.);
#9088 = B_SPLINE_CURVE_WITH_KNOTS('',2,(#9089,#9090,#9091),
  .UNSPECIFIED.,.F.,.F.,(3,3),(0.,1.),.PIECEWISE_BEZIER_KNOTS.);
#9089 = CARTESIAN_POINT('',(4.462890625,-22.76708984375,2.6));
#9090 = CARTESIAN_POINT('',(4.638671875,-22.99780273437,2.6));
#9091 = CARTESIAN_POINT('',(4.638671875,-23.34448242187,2.6));
#9092 = PCURVE('',#4160,#9093);
#9093 = DEFINITIONAL_REPRESENTATION('',(#9094),#9098);
#9094 = LINE('',#9095,#9096);
#9095 = CARTESIAN_POINT('',(0.,-0.7));
#9096 = VECTOR('',#9097,1.);
#9097 = DIRECTION('',(1.,0.));
#9098 = ( GEOMETRIC_REPRESENTATION_CONTEXT(2) 
PARAMETRIC_REPRESENTATION_CONTEXT() REPRESENTATION_CONTEXT('2D SPACE',''
  ) );
#9099 = PCURVE('',#8830,#9100);
#9100 = DEFINITIONAL_REPRESENTATION('',(#9101),#9105);
#9101 = B_SPLINE_CURVE_WITH_KNOTS('',2,(#9102,#9103,#9104),
  .UNSPECIFIED.,.F.,.F.,(3,3),(0.,1.),.PIECEWISE_BEZIER_KNOTS.);
#9102 = CARTESIAN_POINT('',(2.3779296875,1.634521484375));
#9103 = CARTESIAN_POINT('',(2.5537109375,1.40380859375));
#9104 = CARTESIAN_POINT('',(2.5537109375,1.05712890625));
#9105 = ( GEOMETRIC_REPRESENTATION_CONTEXT(2) 
PARAMETRIC_REPRESENTATION_CONTEXT() REPRESENTATION_CONTEXT('2D SPACE',''
  ) );
#9106 = ORIENTED_EDGE('',*,*,#9014,.F.);
#9107 = ADVANCED_FACE('',(#9108),#4101,.T.);
#9108 = FACE_BOUND('',#9109,.T.);
#9109 = EDGE_LOOP('',(#9110,#9111,#9134,#9155));
#9110 = ORIENTED_EDGE('',*,*,#4071,.T.);
#9111 = ORIENTED_EDGE('',*,*,#9112,.T.);
#9112 = EDGE_CURVE('',#4033,#9113,#9115,.T.);
#9113 = VERTEX_POINT('',#9114);
#9114 = CARTESIAN_POINT('',(3.9697265625,-22.46313476562,2.6));
#9115 = SURFACE_CURVE('',#9116,(#9120,#9127),.PCURVE_S1.);
#9116 = LINE('',#9117,#9118);
#9117 = CARTESIAN_POINT('',(3.9697265625,-22.46313476562,1.9));
#9118 = VECTOR('',#9119,1.);
#9119 = DIRECTION('',(0.,0.,1.));
#9120 = PCURVE('',#4101,#9121);
#9121 = DEFINITIONAL_REPRESENTATION('',(#9122),#9126);
#9122 = LINE('',#9123,#9124);
#9123 = CARTESIAN_POINT('',(0.,0.));
#9124 = VECTOR('',#9125,1.);
#9125 = DIRECTION('',(0.,-1.));
#9126 = ( GEOMETRIC_REPRESENTATION_CONTEXT(2) 
PARAMETRIC_REPRESENTATION_CONTEXT() REPRESENTATION_CONTEXT('2D SPACE',''
  ) );
#9127 = PCURVE('',#4054,#9128);
#9128 = DEFINITIONAL_REPRESENTATION('',(#9129),#9133);
#9129 = LINE('',#9130,#9131);
#9130 = CARTESIAN_POINT('',(1.,0.));
#9131 = VECTOR('',#9132,1.);
#9132 = DIRECTION('',(0.,-1.));
#9133 = ( GEOMETRIC_REPRESENTATION_CONTEXT(2) 
PARAMETRIC_REPRESENTATION_CONTEXT() REPRESENTATION_CONTEXT('2D SPACE',''
  ) );
#9134 = ORIENTED_EDGE('',*,*,#9135,.T.);
#9135 = EDGE_CURVE('',#9113,#9064,#9136,.T.);
#9136 = SURFACE_CURVE('',#9137,(#9141,#9148),.PCURVE_S1.);
#9137 = B_SPLINE_CURVE_WITH_KNOTS('',2,(#9138,#9139,#9140),
  .UNSPECIFIED.,.F.,.F.,(3,3),(0.,1.),.PIECEWISE_BEZIER_KNOTS.);
#9138 = CARTESIAN_POINT('',(3.9697265625,-22.46313476562,2.6));
#9139 = CARTESIAN_POINT('',(4.287109375,-22.53637695312,2.6));
#9140 = CARTESIAN_POINT('',(4.462890625,-22.76708984375,2.6));
#9141 = PCURVE('',#4101,#9142);
#9142 = DEFINITIONAL_REPRESENTATION('',(#9143),#9147);
#9143 = LINE('',#9144,#9145);
#9144 = CARTESIAN_POINT('',(0.,-0.7));
#9145 = VECTOR('',#9146,1.);
#9146 = DIRECTION('',(1.,0.));
#9147 = ( GEOMETRIC_REPRESENTATION_CONTEXT(2) 
PARAMETRIC_REPRESENTATION_CONTEXT() REPRESENTATION_CONTEXT('2D SPACE',''
  ) );
#9148 = PCURVE('',#8830,#9149);
#9149 = DEFINITIONAL_REPRESENTATION('',(#9150),#9154);
#9150 = B_SPLINE_CURVE_WITH_KNOTS('',2,(#9151,#9152,#9153),
  .UNSPECIFIED.,.F.,.F.,(3,3),(0.,1.),.PIECEWISE_BEZIER_KNOTS.);
#9151 = CARTESIAN_POINT('',(1.884765625,1.9384765625));
#9152 = CARTESIAN_POINT('',(2.2021484375,1.865234375));
#9153 = CARTESIAN_POINT('',(2.3779296875,1.634521484375));
#9154 = ( GEOMETRIC_REPRESENTATION_CONTEXT(2) 
PARAMETRIC_REPRESENTATION_CONTEXT() REPRESENTATION_CONTEXT('2D SPACE',''
  ) );
#9155 = ORIENTED_EDGE('',*,*,#9063,.F.);
#9156 = ADVANCED_FACE('',(#9157),#4054,.T.);
#9157 = FACE_BOUND('',#9158,.T.);
#9158 = EDGE_LOOP('',(#9159,#9160,#9183,#9204));
#9159 = ORIENTED_EDGE('',*,*,#4032,.T.);
#9160 = ORIENTED_EDGE('',*,*,#9161,.T.);
#9161 = EDGE_CURVE('',#3982,#9162,#9164,.T.);
#9162 = VERTEX_POINT('',#9163);
#9163 = CARTESIAN_POINT('',(4.33837890625,-22.16040039062,2.6));
#9164 = SURFACE_CURVE('',#9165,(#9169,#9176),.PCURVE_S1.);
#9165 = LINE('',#9166,#9167);
#9166 = CARTESIAN_POINT('',(4.33837890625,-22.16040039062,1.9));
#9167 = VECTOR('',#9168,1.);
#9168 = DIRECTION('',(0.,0.,1.));
#9169 = PCURVE('',#4054,#9170);
#9170 = DEFINITIONAL_REPRESENTATION('',(#9171),#9175);
#9171 = LINE('',#9172,#9173);
#9172 = CARTESIAN_POINT('',(0.,0.));
#9173 = VECTOR('',#9174,1.);
#9174 = DIRECTION('',(0.,-1.));
#9175 = ( GEOMETRIC_REPRESENTATION_CONTEXT(2) 
PARAMETRIC_REPRESENTATION_CONTEXT() REPRESENTATION_CONTEXT('2D SPACE',''
  ) );
#9176 = PCURVE('',#4011,#9177);
#9177 = DEFINITIONAL_REPRESENTATION('',(#9178),#9182);
#9178 = LINE('',#9179,#9180);
#9179 = CARTESIAN_POINT('',(1.,0.));
#9180 = VECTOR('',#9181,1.);
#9181 = DIRECTION('',(0.,-1.));
#9182 = ( GEOMETRIC_REPRESENTATION_CONTEXT(2) 
PARAMETRIC_REPRESENTATION_CONTEXT() REPRESENTATION_CONTEXT('2D SPACE',''
  ) );
#9183 = ORIENTED_EDGE('',*,*,#9184,.T.);
#9184 = EDGE_CURVE('',#9162,#9113,#9185,.T.);
#9185 = SURFACE_CURVE('',#9186,(#9190,#9197),.PCURVE_S1.);
#9186 = B_SPLINE_CURVE_WITH_KNOTS('',2,(#9187,#9188,#9189),
  .UNSPECIFIED.,.F.,.F.,(3,3),(0.,1.),.PIECEWISE_BEZIER_KNOTS.);
#9187 = CARTESIAN_POINT('',(4.33837890625,-22.16040039062,2.6));
#9188 = CARTESIAN_POINT('',(4.2138671875,-22.35083007812,2.6));
#9189 = CARTESIAN_POINT('',(3.9697265625,-22.46313476562,2.6));
#9190 = PCURVE('',#4054,#9191);
#9191 = DEFINITIONAL_REPRESENTATION('',(#9192),#9196);
#9192 = LINE('',#9193,#9194);
#9193 = CARTESIAN_POINT('',(0.,-0.7));
#9194 = VECTOR('',#9195,1.);
#9195 = DIRECTION('',(1.,0.));
#9196 = ( GEOMETRIC_REPRESENTATION_CONTEXT(2) 
PARAMETRIC_REPRESENTATION_CONTEXT() REPRESENTATION_CONTEXT('2D SPACE',''
  ) );
#9197 = PCURVE('',#8830,#9198);
#9198 = DEFINITIONAL_REPRESENTATION('',(#9199),#9203);
#9199 = B_SPLINE_CURVE_WITH_KNOTS('',2,(#9200,#9201,#9202),
  .UNSPECIFIED.,.F.,.F.,(3,3),(0.,1.),.PIECEWISE_BEZIER_KNOTS.);
#9200 = CARTESIAN_POINT('',(2.25341796875,2.2412109375));
#9201 = CARTESIAN_POINT('',(2.12890625,2.05078125));
#9202 = CARTESIAN_POINT('',(1.884765625,1.9384765625));
#9203 = ( GEOMETRIC_REPRESENTATION_CONTEXT(2) 
PARAMETRIC_REPRESENTATION_CONTEXT() REPRESENTATION_CONTEXT('2D SPACE',''
  ) );
#9204 = ORIENTED_EDGE('',*,*,#9112,.F.);
#9205 = ADVANCED_FACE('',(#9206),#4011,.T.);
#9206 = FACE_BOUND('',#9207,.T.);
#9207 = EDGE_LOOP('',(#9208,#9209,#9232,#9253));
#9208 = ORIENTED_EDGE('',*,*,#3981,.T.);
#9209 = ORIENTED_EDGE('',*,*,#9210,.T.);
#9210 = EDGE_CURVE('',#3931,#9211,#9213,.T.);
#9211 = VERTEX_POINT('',#9212);
#9212 = CARTESIAN_POINT('',(4.462890625,-21.73803710937,2.6));
#9213 = SURFACE_CURVE('',#9214,(#9218,#9225),.PCURVE_S1.);
#9214 = LINE('',#9215,#9216);
#9215 = CARTESIAN_POINT('',(4.462890625,-21.73803710937,1.9));
#9216 = VECTOR('',#9217,1.);
#9217 = DIRECTION('',(0.,0.,1.));
#9218 = PCURVE('',#4011,#9219);
#9219 = DEFINITIONAL_REPRESENTATION('',(#9220),#9224);
#9220 = LINE('',#9221,#9222);
#9221 = CARTESIAN_POINT('',(0.,0.));
#9222 = VECTOR('',#9223,1.);
#9223 = DIRECTION('',(0.,-1.));
#9224 = ( GEOMETRIC_REPRESENTATION_CONTEXT(2) 
PARAMETRIC_REPRESENTATION_CONTEXT() REPRESENTATION_CONTEXT('2D SPACE',''
  ) );
#9225 = PCURVE('',#3960,#9226);
#9226 = DEFINITIONAL_REPRESENTATION('',(#9227),#9231);
#9227 = LINE('',#9228,#9229);
#9228 = CARTESIAN_POINT('',(1.,0.));
#9229 = VECTOR('',#9230,1.);
#9230 = DIRECTION('',(0.,-1.));
#9231 = ( GEOMETRIC_REPRESENTATION_CONTEXT(2) 
PARAMETRIC_REPRESENTATION_CONTEXT() REPRESENTATION_CONTEXT('2D SPACE',''
  ) );
#9232 = ORIENTED_EDGE('',*,*,#9233,.T.);
#9233 = EDGE_CURVE('',#9211,#9162,#9234,.T.);
#9234 = SURFACE_CURVE('',#9235,(#9239,#9246),.PCURVE_S1.);
#9235 = B_SPLINE_CURVE_WITH_KNOTS('',2,(#9236,#9237,#9238),
  .UNSPECIFIED.,.F.,.F.,(3,3),(0.,1.),.PIECEWISE_BEZIER_KNOTS.);
#9236 = CARTESIAN_POINT('',(4.462890625,-21.73803710937,2.6));
#9237 = CARTESIAN_POINT('',(4.462890625,-21.96997070312,2.6));
#9238 = CARTESIAN_POINT('',(4.33837890625,-22.16040039062,2.6));
#9239 = PCURVE('',#4011,#9240);
#9240 = DEFINITIONAL_REPRESENTATION('',(#9241),#9245);
#9241 = LINE('',#9242,#9243);
#9242 = CARTESIAN_POINT('',(0.,-0.7));
#9243 = VECTOR('',#9244,1.);
#9244 = DIRECTION('',(1.,0.));
#9245 = ( GEOMETRIC_REPRESENTATION_CONTEXT(2) 
PARAMETRIC_REPRESENTATION_CONTEXT() REPRESENTATION_CONTEXT('2D SPACE',''
  ) );
#9246 = PCURVE('',#8830,#9247);
#9247 = DEFINITIONAL_REPRESENTATION('',(#9248),#9252);
#9248 = B_SPLINE_CURVE_WITH_KNOTS('',2,(#9249,#9250,#9251),
  .UNSPECIFIED.,.F.,.F.,(3,3),(0.,1.),.PIECEWISE_BEZIER_KNOTS.);
#9249 = CARTESIAN_POINT('',(2.3779296875,2.66357421875));
#9250 = CARTESIAN_POINT('',(2.3779296875,2.431640625));
#9251 = CARTESIAN_POINT('',(2.25341796875,2.2412109375));
#9252 = ( GEOMETRIC_REPRESENTATION_CONTEXT(2) 
PARAMETRIC_REPRESENTATION_CONTEXT() REPRESENTATION_CONTEXT('2D SPACE',''
  ) );
#9253 = ORIENTED_EDGE('',*,*,#9161,.F.);
#9254 = ADVANCED_FACE('',(#9255),#3960,.T.);
#9255 = FACE_BOUND('',#9256,.T.);
#9256 = EDGE_LOOP('',(#9257,#9258,#9281,#9302));
#9257 = ORIENTED_EDGE('',*,*,#3930,.T.);
#9258 = ORIENTED_EDGE('',*,*,#9259,.T.);
#9259 = EDGE_CURVE('',#3880,#9260,#9262,.T.);
#9260 = VERTEX_POINT('',#9261);
#9261 = CARTESIAN_POINT('',(4.332275390625,-21.27661132812,2.6));
#9262 = SURFACE_CURVE('',#9263,(#9267,#9274),.PCURVE_S1.);
#9263 = LINE('',#9264,#9265);
#9264 = CARTESIAN_POINT('',(4.332275390625,-21.27661132812,1.9));
#9265 = VECTOR('',#9266,1.);
#9266 = DIRECTION('',(0.,0.,1.));
#9267 = PCURVE('',#3960,#9268);
#9268 = DEFINITIONAL_REPRESENTATION('',(#9269),#9273);
#9269 = LINE('',#9270,#9271);
#9270 = CARTESIAN_POINT('',(0.,0.));
#9271 = VECTOR('',#9272,1.);
#9272 = DIRECTION('',(0.,-1.));
#9273 = ( GEOMETRIC_REPRESENTATION_CONTEXT(2) 
PARAMETRIC_REPRESENTATION_CONTEXT() REPRESENTATION_CONTEXT('2D SPACE',''
  ) );
#9274 = PCURVE('',#3909,#9275);
#9275 = DEFINITIONAL_REPRESENTATION('',(#9276),#9280);
#9276 = LINE('',#9277,#9278);
#9277 = CARTESIAN_POINT('',(1.,0.));
#9278 = VECTOR('',#9279,1.);
#9279 = DIRECTION('',(0.,-1.));
#9280 = ( GEOMETRIC_REPRESENTATION_CONTEXT(2) 
PARAMETRIC_REPRESENTATION_CONTEXT() REPRESENTATION_CONTEXT('2D SPACE',''
  ) );
#9281 = ORIENTED_EDGE('',*,*,#9282,.T.);
#9282 = EDGE_CURVE('',#9260,#9211,#9283,.T.);
#9283 = SURFACE_CURVE('',#9284,(#9288,#9295),.PCURVE_S1.);
#9284 = B_SPLINE_CURVE_WITH_KNOTS('',2,(#9285,#9286,#9287),
  .UNSPECIFIED.,.F.,.F.,(3,3),(0.,1.),.PIECEWISE_BEZIER_KNOTS.);
#9285 = CARTESIAN_POINT('',(4.332275390625,-21.27661132812,2.6));
#9286 = CARTESIAN_POINT('',(4.462890625,-21.49389648437,2.6));
#9287 = CARTESIAN_POINT('',(4.462890625,-21.73803710937,2.6));
#9288 = PCURVE('',#3960,#9289);
#9289 = DEFINITIONAL_REPRESENTATION('',(#9290),#9294);
#9290 = LINE('',#9291,#9292);
#9291 = CARTESIAN_POINT('',(0.,-0.7));
#9292 = VECTOR('',#9293,1.);
#9293 = DIRECTION('',(1.,0.));
#9294 = ( GEOMETRIC_REPRESENTATION_CONTEXT(2) 
PARAMETRIC_REPRESENTATION_CONTEXT() REPRESENTATION_CONTEXT('2D SPACE',''
  ) );
#9295 = PCURVE('',#8830,#9296);
#9296 = DEFINITIONAL_REPRESENTATION('',(#9297),#9301);
#9297 = B_SPLINE_CURVE_WITH_KNOTS('',2,(#9298,#9299,#9300),
  .UNSPECIFIED.,.F.,.F.,(3,3),(0.,1.),.PIECEWISE_BEZIER_KNOTS.);
#9298 = CARTESIAN_POINT('',(2.247314453125,3.125));
#9299 = CARTESIAN_POINT('',(2.3779296875,2.90771484375));
#9300 = CARTESIAN_POINT('',(2.3779296875,2.66357421875));
#9301 = ( GEOMETRIC_REPRESENTATION_CONTEXT(2) 
PARAMETRIC_REPRESENTATION_CONTEXT() REPRESENTATION_CONTEXT('2D SPACE',''
  ) );
#9302 = ORIENTED_EDGE('',*,*,#9210,.F.);
#9303 = ADVANCED_FACE('',(#9304),#3909,.T.);
#9304 = FACE_BOUND('',#9305,.T.);
#9305 = EDGE_LOOP('',(#9306,#9307,#9330,#9351));
#9306 = ORIENTED_EDGE('',*,*,#3879,.T.);
#9307 = ORIENTED_EDGE('',*,*,#9308,.T.);
#9308 = EDGE_CURVE('',#3829,#9309,#9311,.T.);
#9309 = VERTEX_POINT('',#9310);
#9310 = CARTESIAN_POINT('',(3.955078125,-20.93359375,2.6));
#9311 = SURFACE_CURVE('',#9312,(#9316,#9323),.PCURVE_S1.);
#9312 = LINE('',#9313,#9314);
#9313 = CARTESIAN_POINT('',(3.955078125,-20.93359375,1.9));
#9314 = VECTOR('',#9315,1.);
#9315 = DIRECTION('',(0.,0.,1.));
#9316 = PCURVE('',#3909,#9317);
#9317 = DEFINITIONAL_REPRESENTATION('',(#9318),#9322);
#9318 = LINE('',#9319,#9320);
#9319 = CARTESIAN_POINT('',(0.,0.));
#9320 = VECTOR('',#9321,1.);
#9321 = DIRECTION('',(0.,-1.));
#9322 = ( GEOMETRIC_REPRESENTATION_CONTEXT(2) 
PARAMETRIC_REPRESENTATION_CONTEXT() REPRESENTATION_CONTEXT('2D SPACE',''
  ) );
#9323 = PCURVE('',#3858,#9324);
#9324 = DEFINITIONAL_REPRESENTATION('',(#9325),#9329);
#9325 = LINE('',#9326,#9327);
#9326 = CARTESIAN_POINT('',(1.,0.));
#9327 = VECTOR('',#9328,1.);
#9328 = DIRECTION('',(0.,-1.));
#9329 = ( GEOMETRIC_REPRESENTATION_CONTEXT(2) 
PARAMETRIC_REPRESENTATION_CONTEXT() REPRESENTATION_CONTEXT('2D SPACE',''
  ) );
#9330 = ORIENTED_EDGE('',*,*,#9331,.T.);
#9331 = EDGE_CURVE('',#9309,#9260,#9332,.T.);
#9332 = SURFACE_CURVE('',#9333,(#9337,#9344),.PCURVE_S1.);
#9333 = B_SPLINE_CURVE_WITH_KNOTS('',2,(#9334,#9335,#9336),
  .UNSPECIFIED.,.F.,.F.,(3,3),(0.,1.),.PIECEWISE_BEZIER_KNOTS.);
#9334 = CARTESIAN_POINT('',(3.955078125,-20.93359375,2.6));
#9335 = CARTESIAN_POINT('',(4.20166015625,-21.05932617187,2.6));
#9336 = CARTESIAN_POINT('',(4.332275390625,-21.27661132812,2.6));
#9337 = PCURVE('',#3909,#9338);
#9338 = DEFINITIONAL_REPRESENTATION('',(#9339),#9343);
#9339 = LINE('',#9340,#9341);
#9340 = CARTESIAN_POINT('',(0.,-0.7));
#9341 = VECTOR('',#9342,1.);
#9342 = DIRECTION('',(1.,0.));
#9343 = ( GEOMETRIC_REPRESENTATION_CONTEXT(2) 
PARAMETRIC_REPRESENTATION_CONTEXT() REPRESENTATION_CONTEXT('2D SPACE',''
  ) );
#9344 = PCURVE('',#8830,#9345);
#9345 = DEFINITIONAL_REPRESENTATION('',(#9346),#9350);
#9346 = B_SPLINE_CURVE_WITH_KNOTS('',2,(#9347,#9348,#9349),
  .UNSPECIFIED.,.F.,.F.,(3,3),(0.,1.),.PIECEWISE_BEZIER_KNOTS.);
#9347 = CARTESIAN_POINT('',(1.8701171875,3.468017578125));
#9348 = CARTESIAN_POINT('',(2.11669921875,3.34228515625));
#9349 = CARTESIAN_POINT('',(2.247314453125,3.125));
#9350 = ( GEOMETRIC_REPRESENTATION_CONTEXT(2) 
PARAMETRIC_REPRESENTATION_CONTEXT() REPRESENTATION_CONTEXT('2D SPACE',''
  ) );
#9351 = ORIENTED_EDGE('',*,*,#9259,.F.);
#9352 = ADVANCED_FACE('',(#9353),#3858,.T.);
#9353 = FACE_BOUND('',#9354,.T.);
#9354 = EDGE_LOOP('',(#9355,#9356,#9379,#9400));
#9355 = ORIENTED_EDGE('',*,*,#3828,.T.);
#9356 = ORIENTED_EDGE('',*,*,#9357,.T.);
#9357 = EDGE_CURVE('',#3772,#9358,#9360,.T.);
#9358 = VERTEX_POINT('',#9359);
#9359 = CARTESIAN_POINT('',(3.41552734375,-20.80786132812,2.6));
#9360 = SURFACE_CURVE('',#9361,(#9365,#9372),.PCURVE_S1.);
#9361 = LINE('',#9362,#9363);
#9362 = CARTESIAN_POINT('',(3.41552734375,-20.80786132812,1.9));
#9363 = VECTOR('',#9364,1.);
#9364 = DIRECTION('',(0.,0.,1.));
#9365 = PCURVE('',#3858,#9366);
#9366 = DEFINITIONAL_REPRESENTATION('',(#9367),#9371);
#9367 = LINE('',#9368,#9369);
#9368 = CARTESIAN_POINT('',(0.,0.));
#9369 = VECTOR('',#9370,1.);
#9370 = DIRECTION('',(0.,-1.));
#9371 = ( GEOMETRIC_REPRESENTATION_CONTEXT(2) 
PARAMETRIC_REPRESENTATION_CONTEXT() REPRESENTATION_CONTEXT('2D SPACE',''
  ) );
#9372 = PCURVE('',#3805,#9373);
#9373 = DEFINITIONAL_REPRESENTATION('',(#9374),#9378);
#9374 = LINE('',#9375,#9376);
#9375 = CARTESIAN_POINT('',(1.,0.));
#9376 = VECTOR('',#9377,1.);
#9377 = DIRECTION('',(0.,-1.));
#9378 = ( GEOMETRIC_REPRESENTATION_CONTEXT(2) 
PARAMETRIC_REPRESENTATION_CONTEXT() REPRESENTATION_CONTEXT('2D SPACE',''
  ) );
#9379 = ORIENTED_EDGE('',*,*,#9380,.T.);
#9380 = EDGE_CURVE('',#9358,#9309,#9381,.T.);
#9381 = SURFACE_CURVE('',#9382,(#9386,#9393),.PCURVE_S1.);
#9382 = B_SPLINE_CURVE_WITH_KNOTS('',2,(#9383,#9384,#9385),
  .UNSPECIFIED.,.F.,.F.,(3,3),(0.,1.),.PIECEWISE_BEZIER_KNOTS.);
#9383 = CARTESIAN_POINT('',(3.41552734375,-20.80786132812,2.6));
#9384 = CARTESIAN_POINT('',(3.70849609375,-20.80786132812,2.6));
#9385 = CARTESIAN_POINT('',(3.955078125,-20.93359375,2.6));
#9386 = PCURVE('',#3858,#9387);
#9387 = DEFINITIONAL_REPRESENTATION('',(#9388),#9392);
#9388 = LINE('',#9389,#9390);
#9389 = CARTESIAN_POINT('',(0.,-0.7));
#9390 = VECTOR('',#9391,1.);
#9391 = DIRECTION('',(1.,0.));
#9392 = ( GEOMETRIC_REPRESENTATION_CONTEXT(2) 
PARAMETRIC_REPRESENTATION_CONTEXT() REPRESENTATION_CONTEXT('2D SPACE',''
  ) );
#9393 = PCURVE('',#8830,#9394);
#9394 = DEFINITIONAL_REPRESENTATION('',(#9395),#9399);
#9395 = B_SPLINE_CURVE_WITH_KNOTS('',2,(#9396,#9397,#9398),
  .UNSPECIFIED.,.F.,.F.,(3,3),(0.,1.),.PIECEWISE_BEZIER_KNOTS.);
#9396 = CARTESIAN_POINT('',(1.33056640625,3.59375));
#9397 = CARTESIAN_POINT('',(1.62353515625,3.59375));
#9398 = CARTESIAN_POINT('',(1.8701171875,3.468017578125));
#9399 = ( GEOMETRIC_REPRESENTATION_CONTEXT(2) 
PARAMETRIC_REPRESENTATION_CONTEXT() REPRESENTATION_CONTEXT('2D SPACE',''
  ) );
#9400 = ORIENTED_EDGE('',*,*,#9308,.F.);
#9401 = ADVANCED_FACE('',(#9402),#3805,.T.);
#9402 = FACE_BOUND('',#9403,.T.);
#9403 = EDGE_LOOP('',(#9404,#9405,#9428,#9449));
#9404 = ORIENTED_EDGE('',*,*,#3771,.T.);
#9405 = ORIENTED_EDGE('',*,*,#9406,.T.);
#9406 = EDGE_CURVE('',#3715,#9407,#9409,.T.);
#9407 = VERTEX_POINT('',#9408);
#9408 = CARTESIAN_POINT('',(2.705078125,-21.05078125,2.6));
#9409 = SURFACE_CURVE('',#9410,(#9414,#9421),.PCURVE_S1.);
#9410 = LINE('',#9411,#9412);
#9411 = CARTESIAN_POINT('',(2.705078125,-21.05078125,1.9));
#9412 = VECTOR('',#9413,1.);
#9413 = DIRECTION('',(0.,0.,1.));
#9414 = PCURVE('',#3805,#9415);
#9415 = DEFINITIONAL_REPRESENTATION('',(#9416),#9420);
#9416 = LINE('',#9417,#9418);
#9417 = CARTESIAN_POINT('',(0.,0.));
#9418 = VECTOR('',#9419,1.);
#9419 = DIRECTION('',(0.,-1.));
#9420 = ( GEOMETRIC_REPRESENTATION_CONTEXT(2) 
PARAMETRIC_REPRESENTATION_CONTEXT() REPRESENTATION_CONTEXT('2D SPACE',''
  ) );
#9421 = PCURVE('',#3748,#9422);
#9422 = DEFINITIONAL_REPRESENTATION('',(#9423),#9427);
#9423 = LINE('',#9424,#9425);
#9424 = CARTESIAN_POINT('',(1.,0.));
#9425 = VECTOR('',#9426,1.);
#9426 = DIRECTION('',(0.,-1.));
#9427 = ( GEOMETRIC_REPRESENTATION_CONTEXT(2) 
PARAMETRIC_REPRESENTATION_CONTEXT() REPRESENTATION_CONTEXT('2D SPACE',''
  ) );
#9428 = ORIENTED_EDGE('',*,*,#9429,.T.);
#9429 = EDGE_CURVE('',#9407,#9358,#9430,.T.);
#9430 = SURFACE_CURVE('',#9431,(#9435,#9442),.PCURVE_S1.);
#9431 = B_SPLINE_CURVE_WITH_KNOTS('',2,(#9432,#9433,#9434),
  .UNSPECIFIED.,.F.,.F.,(3,3),(0.,1.),.PIECEWISE_BEZIER_KNOTS.);
#9432 = CARTESIAN_POINT('',(2.705078125,-21.05078125,2.6));
#9433 = CARTESIAN_POINT('',(2.99072265625,-20.80786132812,2.6));
#9434 = CARTESIAN_POINT('',(3.41552734375,-20.80786132812,2.6));
#9435 = PCURVE('',#3805,#9436);
#9436 = DEFINITIONAL_REPRESENTATION('',(#9437),#9441);
#9437 = LINE('',#9438,#9439);
#9438 = CARTESIAN_POINT('',(0.,-0.7));
#9439 = VECTOR('',#9440,1.);
#9440 = DIRECTION('',(1.,0.));
#9441 = ( GEOMETRIC_REPRESENTATION_CONTEXT(2) 
PARAMETRIC_REPRESENTATION_CONTEXT() REPRESENTATION_CONTEXT('2D SPACE',''
  ) );
#9442 = PCURVE('',#8830,#9443);
#9443 = DEFINITIONAL_REPRESENTATION('',(#9444),#9448);
#9444 = B_SPLINE_CURVE_WITH_KNOTS('',2,(#9445,#9446,#9447),
  .UNSPECIFIED.,.F.,.F.,(3,3),(0.,1.),.PIECEWISE_BEZIER_KNOTS.);
#9445 = CARTESIAN_POINT('',(0.6201171875,3.350830078125));
#9446 = CARTESIAN_POINT('',(0.90576171875,3.59375));
#9447 = CARTESIAN_POINT('',(1.33056640625,3.59375));
#9448 = ( GEOMETRIC_REPRESENTATION_CONTEXT(2) 
PARAMETRIC_REPRESENTATION_CONTEXT() REPRESENTATION_CONTEXT('2D SPACE',''
  ) );
#9449 = ORIENTED_EDGE('',*,*,#9357,.F.);
#9450 = ADVANCED_FACE('',(#9451),#3748,.T.);
#9451 = FACE_BOUND('',#9452,.T.);
#9452 = EDGE_LOOP('',(#9453,#9454,#9477,#9498));
#9453 = ORIENTED_EDGE('',*,*,#3714,.T.);
#9454 = ORIENTED_EDGE('',*,*,#9455,.T.);
#9455 = EDGE_CURVE('',#3688,#9456,#9458,.T.);
#9456 = VERTEX_POINT('',#9457);
#9457 = CARTESIAN_POINT('',(2.3388671875,-21.73559570312,2.6));
#9458 = SURFACE_CURVE('',#9459,(#9463,#9470),.PCURVE_S1.);
#9459 = LINE('',#9460,#9461);
#9460 = CARTESIAN_POINT('',(2.3388671875,-21.73559570312,1.9));
#9461 = VECTOR('',#9462,1.);
#9462 = DIRECTION('',(0.,0.,1.));
#9463 = PCURVE('',#3748,#9464);
#9464 = DEFINITIONAL_REPRESENTATION('',(#9465),#9469);
#9465 = LINE('',#9466,#9467);
#9466 = CARTESIAN_POINT('',(0.,0.));
#9467 = VECTOR('',#9468,1.);
#9468 = DIRECTION('',(0.,-1.));
#9469 = ( GEOMETRIC_REPRESENTATION_CONTEXT(2) 
PARAMETRIC_REPRESENTATION_CONTEXT() REPRESENTATION_CONTEXT('2D SPACE',''
  ) );
#9470 = PCURVE('',#3703,#9471);
#9471 = DEFINITIONAL_REPRESENTATION('',(#9472),#9476);
#9472 = LINE('',#9473,#9474);
#9473 = CARTESIAN_POINT('',(0.446343550079,0.));
#9474 = VECTOR('',#9475,1.);
#9475 = DIRECTION('',(0.,-1.));
#9476 = ( GEOMETRIC_REPRESENTATION_CONTEXT(2) 
PARAMETRIC_REPRESENTATION_CONTEXT() REPRESENTATION_CONTEXT('2D SPACE',''
  ) );
#9477 = ORIENTED_EDGE('',*,*,#9478,.T.);
#9478 = EDGE_CURVE('',#9456,#9407,#9479,.T.);
#9479 = SURFACE_CURVE('',#9480,(#9484,#9491),.PCURVE_S1.);
#9480 = B_SPLINE_CURVE_WITH_KNOTS('',2,(#9481,#9482,#9483),
  .UNSPECIFIED.,.F.,.F.,(3,3),(0.,1.),.PIECEWISE_BEZIER_KNOTS.);
#9481 = CARTESIAN_POINT('',(2.3388671875,-21.73559570312,2.6));
#9482 = CARTESIAN_POINT('',(2.41943359375,-21.29370117187,2.6));
#9483 = CARTESIAN_POINT('',(2.705078125,-21.05078125,2.6));
#9484 = PCURVE('',#3748,#9485);
#9485 = DEFINITIONAL_REPRESENTATION('',(#9486),#9490);
#9486 = LINE('',#9487,#9488);
#9487 = CARTESIAN_POINT('',(0.,-0.7));
#9488 = VECTOR('',#9489,1.);
#9489 = DIRECTION('',(1.,0.));
#9490 = ( GEOMETRIC_REPRESENTATION_CONTEXT(2) 
PARAMETRIC_REPRESENTATION_CONTEXT() REPRESENTATION_CONTEXT('2D SPACE',''
  ) );
#9491 = PCURVE('',#8830,#9492);
#9492 = DEFINITIONAL_REPRESENTATION('',(#9493),#9497);
#9493 = B_SPLINE_CURVE_WITH_KNOTS('',2,(#9494,#9495,#9496),
  .UNSPECIFIED.,.F.,.F.,(3,3),(0.,1.),.PIECEWISE_BEZIER_KNOTS.);
#9494 = CARTESIAN_POINT('',(0.25390625,2.666015625));
#9495 = CARTESIAN_POINT('',(0.33447265625,3.10791015625));
#9496 = CARTESIAN_POINT('',(0.6201171875,3.350830078125));
#9497 = ( GEOMETRIC_REPRESENTATION_CONTEXT(2) 
PARAMETRIC_REPRESENTATION_CONTEXT() REPRESENTATION_CONTEXT('2D SPACE',''
  ) );
#9498 = ORIENTED_EDGE('',*,*,#9406,.F.);
#9499 = ADVANCED_FACE('',(#9500),#3703,.T.);
#9500 = FACE_BOUND('',#9501,.T.);
#9501 = EDGE_LOOP('',(#9502,#9503,#9526,#9547));
#9502 = ORIENTED_EDGE('',*,*,#3687,.T.);
#9503 = ORIENTED_EDGE('',*,*,#9504,.T.);
#9504 = EDGE_CURVE('',#3646,#9505,#9507,.T.);
#9505 = VERTEX_POINT('',#9506);
#9506 = CARTESIAN_POINT('',(2.7783203125,-21.81372070312,2.6));
#9507 = SURFACE_CURVE('',#9508,(#9512,#9519),.PCURVE_S1.);
#9508 = LINE('',#9509,#9510);
#9509 = CARTESIAN_POINT('',(2.7783203125,-21.81372070312,1.9));
#9510 = VECTOR('',#9511,1.);
#9511 = DIRECTION('',(0.,0.,1.));
#9512 = PCURVE('',#3703,#9513);
#9513 = DEFINITIONAL_REPRESENTATION('',(#9514),#9518);
#9514 = LINE('',#9515,#9516);
#9515 = CARTESIAN_POINT('',(0.,0.));
#9516 = VECTOR('',#9517,1.);
#9517 = DIRECTION('',(0.,-1.));
#9518 = ( GEOMETRIC_REPRESENTATION_CONTEXT(2) 
PARAMETRIC_REPRESENTATION_CONTEXT() REPRESENTATION_CONTEXT('2D SPACE',''
  ) );
#9519 = PCURVE('',#3669,#9520);
#9520 = DEFINITIONAL_REPRESENTATION('',(#9521),#9525);
#9521 = LINE('',#9522,#9523);
#9522 = CARTESIAN_POINT('',(1.,0.));
#9523 = VECTOR('',#9524,1.);
#9524 = DIRECTION('',(0.,-1.));
#9525 = ( GEOMETRIC_REPRESENTATION_CONTEXT(2) 
PARAMETRIC_REPRESENTATION_CONTEXT() REPRESENTATION_CONTEXT('2D SPACE',''
  ) );
#9526 = ORIENTED_EDGE('',*,*,#9527,.T.);
#9527 = EDGE_CURVE('',#9505,#9456,#9528,.T.);
#9528 = SURFACE_CURVE('',#9529,(#9533,#9540),.PCURVE_S1.);
#9529 = LINE('',#9530,#9531);
#9530 = CARTESIAN_POINT('',(2.7783203125,-21.81372070312,2.6));
#9531 = VECTOR('',#9532,1.);
#9532 = DIRECTION('',(-0.984562507786,0.175033334717,0.));
#9533 = PCURVE('',#3703,#9534);
#9534 = DEFINITIONAL_REPRESENTATION('',(#9535),#9539);
#9535 = LINE('',#9536,#9537);
#9536 = CARTESIAN_POINT('',(0.,-0.7));
#9537 = VECTOR('',#9538,1.);
#9538 = DIRECTION('',(1.,0.));
#9539 = ( GEOMETRIC_REPRESENTATION_CONTEXT(2) 
PARAMETRIC_REPRESENTATION_CONTEXT() REPRESENTATION_CONTEXT('2D SPACE',''
  ) );
#9540 = PCURVE('',#8830,#9541);
#9541 = DEFINITIONAL_REPRESENTATION('',(#9542),#9546);
#9542 = LINE('',#9543,#9544);
#9543 = CARTESIAN_POINT('',(0.693359375,2.587890625));
#9544 = VECTOR('',#9545,1.);
#9545 = DIRECTION('',(-0.984562507786,0.175033334717));
#9546 = ( GEOMETRIC_REPRESENTATION_CONTEXT(2) 
PARAMETRIC_REPRESENTATION_CONTEXT() REPRESENTATION_CONTEXT('2D SPACE',''
  ) );
#9547 = ORIENTED_EDGE('',*,*,#9455,.F.);
#9548 = ADVANCED_FACE('',(#9549),#3669,.T.);
#9549 = FACE_BOUND('',#9550,.T.);
#9550 = EDGE_LOOP('',(#9551,#9552,#9575,#9596));
#9551 = ORIENTED_EDGE('',*,*,#3645,.T.);
#9552 = ORIENTED_EDGE('',*,*,#9553,.T.);
#9553 = EDGE_CURVE('',#3595,#9554,#9556,.T.);
#9554 = VERTEX_POINT('',#9555);
#9555 = CARTESIAN_POINT('',(2.998046875,-21.33032226562,2.6));
#9556 = SURFACE_CURVE('',#9557,(#9561,#9568),.PCURVE_S1.);
#9557 = LINE('',#9558,#9559);
#9558 = CARTESIAN_POINT('',(2.998046875,-21.33032226562,1.9));
#9559 = VECTOR('',#9560,1.);
#9560 = DIRECTION('',(0.,0.,1.));
#9561 = PCURVE('',#3669,#9562);
#9562 = DEFINITIONAL_REPRESENTATION('',(#9563),#9567);
#9563 = LINE('',#9564,#9565);
#9564 = CARTESIAN_POINT('',(0.,0.));
#9565 = VECTOR('',#9566,1.);
#9566 = DIRECTION('',(0.,-1.));
#9567 = ( GEOMETRIC_REPRESENTATION_CONTEXT(2) 
PARAMETRIC_REPRESENTATION_CONTEXT() REPRESENTATION_CONTEXT('2D SPACE',''
  ) );
#9568 = PCURVE('',#3624,#9569);
#9569 = DEFINITIONAL_REPRESENTATION('',(#9570),#9574);
#9570 = LINE('',#9571,#9572);
#9571 = CARTESIAN_POINT('',(1.,0.));
#9572 = VECTOR('',#9573,1.);
#9573 = DIRECTION('',(0.,-1.));
#9574 = ( GEOMETRIC_REPRESENTATION_CONTEXT(2) 
PARAMETRIC_REPRESENTATION_CONTEXT() REPRESENTATION_CONTEXT('2D SPACE',''
  ) );
#9575 = ORIENTED_EDGE('',*,*,#9576,.T.);
#9576 = EDGE_CURVE('',#9554,#9505,#9577,.T.);
#9577 = SURFACE_CURVE('',#9578,(#9582,#9589),.PCURVE_S1.);
#9578 = B_SPLINE_CURVE_WITH_KNOTS('',2,(#9579,#9580,#9581),
  .UNSPECIFIED.,.F.,.F.,(3,3),(0.,1.),.PIECEWISE_BEZIER_KNOTS.);
#9579 = CARTESIAN_POINT('',(2.998046875,-21.33032226562,2.6));
#9580 = CARTESIAN_POINT('',(2.8271484375,-21.49145507812,2.6));
#9581 = CARTESIAN_POINT('',(2.7783203125,-21.81372070312,2.6));
#9582 = PCURVE('',#3669,#9583);
#9583 = DEFINITIONAL_REPRESENTATION('',(#9584),#9588);
#9584 = LINE('',#9585,#9586);
#9585 = CARTESIAN_POINT('',(0.,-0.7));
#9586 = VECTOR('',#9587,1.);
#9587 = DIRECTION('',(1.,0.));
#9588 = ( GEOMETRIC_REPRESENTATION_CONTEXT(2) 
PARAMETRIC_REPRESENTATION_CONTEXT() REPRESENTATION_CONTEXT('2D SPACE',''
  ) );
#9589 = PCURVE('',#8830,#9590);
#9590 = DEFINITIONAL_REPRESENTATION('',(#9591),#9595);
#9591 = B_SPLINE_CURVE_WITH_KNOTS('',2,(#9592,#9593,#9594),
  .UNSPECIFIED.,.F.,.F.,(3,3),(0.,1.),.PIECEWISE_BEZIER_KNOTS.);
#9592 = CARTESIAN_POINT('',(0.9130859375,3.0712890625));
#9593 = CARTESIAN_POINT('',(0.7421875,2.91015625));
#9594 = CARTESIAN_POINT('',(0.693359375,2.587890625));
#9595 = ( GEOMETRIC_REPRESENTATION_CONTEXT(2) 
PARAMETRIC_REPRESENTATION_CONTEXT() REPRESENTATION_CONTEXT('2D SPACE',''
  ) );
#9596 = ORIENTED_EDGE('',*,*,#9504,.F.);
#9597 = ADVANCED_FACE('',(#9598),#3624,.T.);
#9598 = FACE_BOUND('',#9599,.T.);
#9599 = EDGE_LOOP('',(#9600,#9601,#9624,#9645));
#9600 = ORIENTED_EDGE('',*,*,#3594,.T.);
#9601 = ORIENTED_EDGE('',*,*,#9602,.T.);
#9602 = EDGE_CURVE('',#3544,#9603,#9605,.T.);
#9603 = VERTEX_POINT('',#9604);
#9604 = CARTESIAN_POINT('',(3.42529296875,-21.16918945312,2.6));
#9605 = SURFACE_CURVE('',#9606,(#9610,#9617),.PCURVE_S1.);
#9606 = LINE('',#9607,#9608);
#9607 = CARTESIAN_POINT('',(3.42529296875,-21.16918945312,1.9));
#9608 = VECTOR('',#9609,1.);
#9609 = DIRECTION('',(0.,0.,1.));
#9610 = PCURVE('',#3624,#9611);
#9611 = DEFINITIONAL_REPRESENTATION('',(#9612),#9616);
#9612 = LINE('',#9613,#9614);
#9613 = CARTESIAN_POINT('',(0.,0.));
#9614 = VECTOR('',#9615,1.);
#9615 = DIRECTION('',(0.,-1.));
#9616 = ( GEOMETRIC_REPRESENTATION_CONTEXT(2) 
PARAMETRIC_REPRESENTATION_CONTEXT() REPRESENTATION_CONTEXT('2D SPACE',''
  ) );
#9617 = PCURVE('',#3573,#9618);
#9618 = DEFINITIONAL_REPRESENTATION('',(#9619),#9623);
#9619 = LINE('',#9620,#9621);
#9620 = CARTESIAN_POINT('',(1.,0.));
#9621 = VECTOR('',#9622,1.);
#9622 = DIRECTION('',(0.,-1.));
#9623 = ( GEOMETRIC_REPRESENTATION_CONTEXT(2) 
PARAMETRIC_REPRESENTATION_CONTEXT() REPRESENTATION_CONTEXT('2D SPACE',''
  ) );
#9624 = ORIENTED_EDGE('',*,*,#9625,.T.);
#9625 = EDGE_CURVE('',#9603,#9554,#9626,.T.);
#9626 = SURFACE_CURVE('',#9627,(#9631,#9638),.PCURVE_S1.);
#9627 = B_SPLINE_CURVE_WITH_KNOTS('',2,(#9628,#9629,#9630),
  .UNSPECIFIED.,.F.,.F.,(3,3),(0.,1.),.PIECEWISE_BEZIER_KNOTS.);
#9628 = CARTESIAN_POINT('',(3.42529296875,-21.16918945312,2.6));
#9629 = CARTESIAN_POINT('',(3.1689453125,-21.16918945312,2.6));
#9630 = CARTESIAN_POINT('',(2.998046875,-21.33032226562,2.6));
#9631 = PCURVE('',#3624,#9632);
#9632 = DEFINITIONAL_REPRESENTATION('',(#9633),#9637);
#9633 = LINE('',#9634,#9635);
#9634 = CARTESIAN_POINT('',(0.,-0.7));
#9635 = VECTOR('',#9636,1.);
#9636 = DIRECTION('',(1.,0.));
#9637 = ( GEOMETRIC_REPRESENTATION_CONTEXT(2) 
PARAMETRIC_REPRESENTATION_CONTEXT() REPRESENTATION_CONTEXT('2D SPACE',''
  ) );
#9638 = PCURVE('',#8830,#9639);
#9639 = DEFINITIONAL_REPRESENTATION('',(#9640),#9644);
#9640 = B_SPLINE_CURVE_WITH_KNOTS('',2,(#9641,#9642,#9643),
  .UNSPECIFIED.,.F.,.F.,(3,3),(0.,1.),.PIECEWISE_BEZIER_KNOTS.);
#9641 = CARTESIAN_POINT('',(1.34033203125,3.232421875));
#9642 = CARTESIAN_POINT('',(1.083984375,3.232421875));
#9643 = CARTESIAN_POINT('',(0.9130859375,3.0712890625));
#9644 = ( GEOMETRIC_REPRESENTATION_CONTEXT(2) 
PARAMETRIC_REPRESENTATION_CONTEXT() REPRESENTATION_CONTEXT('2D SPACE',''
  ) );
#9645 = ORIENTED_EDGE('',*,*,#9553,.F.);
#9646 = ADVANCED_FACE('',(#9647),#3573,.T.);
#9647 = FACE_BOUND('',#9648,.T.);
#9648 = EDGE_LOOP('',(#9649,#9650,#9673,#9694));
#9649 = ORIENTED_EDGE('',*,*,#3543,.T.);
#9650 = ORIENTED_EDGE('',*,*,#9651,.T.);
#9651 = EDGE_CURVE('',#3493,#9652,#9654,.T.);
#9652 = VERTEX_POINT('',#9653);
#9653 = CARTESIAN_POINT('',(3.84765625,-21.32788085937,2.6));
#9654 = SURFACE_CURVE('',#9655,(#9659,#9666),.PCURVE_S1.);
#9655 = LINE('',#9656,#9657);
#9656 = CARTESIAN_POINT('',(3.84765625,-21.32788085937,1.9));
#9657 = VECTOR('',#9658,1.);
#9658 = DIRECTION('',(0.,0.,1.));
#9659 = PCURVE('',#3573,#9660);
#9660 = DEFINITIONAL_REPRESENTATION('',(#9661),#9665);
#9661 = LINE('',#9662,#9663);
#9662 = CARTESIAN_POINT('',(0.,0.));
#9663 = VECTOR('',#9664,1.);
#9664 = DIRECTION('',(0.,-1.));
#9665 = ( GEOMETRIC_REPRESENTATION_CONTEXT(2) 
PARAMETRIC_REPRESENTATION_CONTEXT() REPRESENTATION_CONTEXT('2D SPACE',''
  ) );
#9666 = PCURVE('',#3522,#9667);
#9667 = DEFINITIONAL_REPRESENTATION('',(#9668),#9672);
#9668 = LINE('',#9669,#9670);
#9669 = CARTESIAN_POINT('',(1.,0.));
#9670 = VECTOR('',#9671,1.);
#9671 = DIRECTION('',(0.,-1.));
#9672 = ( GEOMETRIC_REPRESENTATION_CONTEXT(2) 
PARAMETRIC_REPRESENTATION_CONTEXT() REPRESENTATION_CONTEXT('2D SPACE',''
  ) );
#9673 = ORIENTED_EDGE('',*,*,#9674,.T.);
#9674 = EDGE_CURVE('',#9652,#9603,#9675,.T.);
#9675 = SURFACE_CURVE('',#9676,(#9680,#9687),.PCURVE_S1.);
#9676 = B_SPLINE_CURVE_WITH_KNOTS('',2,(#9677,#9678,#9679),
  .UNSPECIFIED.,.F.,.F.,(3,3),(0.,1.),.PIECEWISE_BEZIER_KNOTS.);
#9677 = CARTESIAN_POINT('',(3.84765625,-21.32788085937,2.6));
#9678 = CARTESIAN_POINT('',(3.68408203125,-21.16918945312,2.6));
#9679 = CARTESIAN_POINT('',(3.42529296875,-21.16918945312,2.6));
#9680 = PCURVE('',#3573,#9681);
#9681 = DEFINITIONAL_REPRESENTATION('',(#9682),#9686);
#9682 = LINE('',#9683,#9684);
#9683 = CARTESIAN_POINT('',(0.,-0.7));
#9684 = VECTOR('',#9685,1.);
#9685 = DIRECTION('',(1.,0.));
#9686 = ( GEOMETRIC_REPRESENTATION_CONTEXT(2) 
PARAMETRIC_REPRESENTATION_CONTEXT() REPRESENTATION_CONTEXT('2D SPACE',''
  ) );
#9687 = PCURVE('',#8830,#9688);
#9688 = DEFINITIONAL_REPRESENTATION('',(#9689),#9693);
#9689 = B_SPLINE_CURVE_WITH_KNOTS('',2,(#9690,#9691,#9692),
  .UNSPECIFIED.,.F.,.F.,(3,3),(0.,1.),.PIECEWISE_BEZIER_KNOTS.);
#9690 = CARTESIAN_POINT('',(1.7626953125,3.07373046875));
#9691 = CARTESIAN_POINT('',(1.59912109375,3.232421875));
#9692 = CARTESIAN_POINT('',(1.34033203125,3.232421875));
#9693 = ( GEOMETRIC_REPRESENTATION_CONTEXT(2) 
PARAMETRIC_REPRESENTATION_CONTEXT() REPRESENTATION_CONTEXT('2D SPACE',''
  ) );
#9694 = ORIENTED_EDGE('',*,*,#9602,.F.);
#9695 = ADVANCED_FACE('',(#9696),#3522,.T.);
#9696 = FACE_BOUND('',#9697,.T.);
#9697 = EDGE_LOOP('',(#9698,#9699,#9722,#9743));
#9698 = ORIENTED_EDGE('',*,*,#3492,.T.);
#9699 = ORIENTED_EDGE('',*,*,#9700,.T.);
#9700 = EDGE_CURVE('',#3442,#9701,#9703,.T.);
#9701 = VERTEX_POINT('',#9702);
#9702 = CARTESIAN_POINT('',(4.01123046875,-21.72827148437,2.6));
#9703 = SURFACE_CURVE('',#9704,(#9708,#9715),.PCURVE_S1.);
#9704 = LINE('',#9705,#9706);
#9705 = CARTESIAN_POINT('',(4.01123046875,-21.72827148437,1.9));
#9706 = VECTOR('',#9707,1.);
#9707 = DIRECTION('',(0.,0.,1.));
#9708 = PCURVE('',#3522,#9709);
#9709 = DEFINITIONAL_REPRESENTATION('',(#9710),#9714);
#9710 = LINE('',#9711,#9712);
#9711 = CARTESIAN_POINT('',(0.,0.));
#9712 = VECTOR('',#9713,1.);
#9713 = DIRECTION('',(0.,-1.));
#9714 = ( GEOMETRIC_REPRESENTATION_CONTEXT(2) 
PARAMETRIC_REPRESENTATION_CONTEXT() REPRESENTATION_CONTEXT('2D SPACE',''
  ) );
#9715 = PCURVE('',#3471,#9716);
#9716 = DEFINITIONAL_REPRESENTATION('',(#9717),#9721);
#9717 = LINE('',#9718,#9719);
#9718 = CARTESIAN_POINT('',(1.,0.));
#9719 = VECTOR('',#9720,1.);
#9720 = DIRECTION('',(0.,-1.));
#9721 = ( GEOMETRIC_REPRESENTATION_CONTEXT(2) 
PARAMETRIC_REPRESENTATION_CONTEXT() REPRESENTATION_CONTEXT('2D SPACE',''
  ) );
#9722 = ORIENTED_EDGE('',*,*,#9723,.T.);
#9723 = EDGE_CURVE('',#9701,#9652,#9724,.T.);
#9724 = SURFACE_CURVE('',#9725,(#9729,#9736),.PCURVE_S1.);
#9725 = B_SPLINE_CURVE_WITH_KNOTS('',2,(#9726,#9727,#9728),
  .UNSPECIFIED.,.F.,.F.,(3,3),(0.,1.),.PIECEWISE_BEZIER_KNOTS.);
#9726 = CARTESIAN_POINT('',(4.01123046875,-21.72827148437,2.6));
#9727 = CARTESIAN_POINT('',(4.01123046875,-21.48657226562,2.6));
#9728 = CARTESIAN_POINT('',(3.84765625,-21.32788085937,2.6));
#9729 = PCURVE('',#3522,#9730);
#9730 = DEFINITIONAL_REPRESENTATION('',(#9731),#9735);
#9731 = LINE('',#9732,#9733);
#9732 = CARTESIAN_POINT('',(0.,-0.7));
#9733 = VECTOR('',#9734,1.);
#9734 = DIRECTION('',(1.,0.));
#9735 = ( GEOMETRIC_REPRESENTATION_CONTEXT(2) 
PARAMETRIC_REPRESENTATION_CONTEXT() REPRESENTATION_CONTEXT('2D SPACE',''
  ) );
#9736 = PCURVE('',#8830,#9737);
#9737 = DEFINITIONAL_REPRESENTATION('',(#9738),#9742);
#9738 = B_SPLINE_CURVE_WITH_KNOTS('',2,(#9739,#9740,#9741),
  .UNSPECIFIED.,.F.,.F.,(3,3),(0.,1.),.PIECEWISE_BEZIER_KNOTS.);
#9739 = CARTESIAN_POINT('',(1.92626953125,2.67333984375));
#9740 = CARTESIAN_POINT('',(1.92626953125,2.9150390625));
#9741 = CARTESIAN_POINT('',(1.7626953125,3.07373046875));
#9742 = ( GEOMETRIC_REPRESENTATION_CONTEXT(2) 
PARAMETRIC_REPRESENTATION_CONTEXT() REPRESENTATION_CONTEXT('2D SPACE',''
  ) );
#9743 = ORIENTED_EDGE('',*,*,#9651,.F.);
#9744 = ADVANCED_FACE('',(#9745),#3471,.T.);
#9745 = FACE_BOUND('',#9746,.T.);
#9746 = EDGE_LOOP('',(#9747,#9748,#9771,#9792));
#9747 = ORIENTED_EDGE('',*,*,#3441,.T.);
#9748 = ORIENTED_EDGE('',*,*,#9749,.T.);
#9749 = EDGE_CURVE('',#3391,#9750,#9752,.T.);
#9750 = VERTEX_POINT('',#9751);
#9751 = CARTESIAN_POINT('',(3.78662109375,-22.17993164062,2.6));
#9752 = SURFACE_CURVE('',#9753,(#9757,#9764),.PCURVE_S1.);
#9753 = LINE('',#9754,#9755);
#9754 = CARTESIAN_POINT('',(3.78662109375,-22.17993164062,1.9));
#9755 = VECTOR('',#9756,1.);
#9756 = DIRECTION('',(0.,0.,1.));
#9757 = PCURVE('',#3471,#9758);
#9758 = DEFINITIONAL_REPRESENTATION('',(#9759),#9763);
#9759 = LINE('',#9760,#9761);
#9760 = CARTESIAN_POINT('',(0.,0.));
#9761 = VECTOR('',#9762,1.);
#9762 = DIRECTION('',(0.,-1.));
#9763 = ( GEOMETRIC_REPRESENTATION_CONTEXT(2) 
PARAMETRIC_REPRESENTATION_CONTEXT() REPRESENTATION_CONTEXT('2D SPACE',''
  ) );
#9764 = PCURVE('',#3420,#9765);
#9765 = DEFINITIONAL_REPRESENTATION('',(#9766),#9770);
#9766 = LINE('',#9767,#9768);
#9767 = CARTESIAN_POINT('',(1.,0.));
#9768 = VECTOR('',#9769,1.);
#9769 = DIRECTION('',(0.,-1.));
#9770 = ( GEOMETRIC_REPRESENTATION_CONTEXT(2) 
PARAMETRIC_REPRESENTATION_CONTEXT() REPRESENTATION_CONTEXT('2D SPACE',''
  ) );
#9771 = ORIENTED_EDGE('',*,*,#9772,.T.);
#9772 = EDGE_CURVE('',#9750,#9701,#9773,.T.);
#9773 = SURFACE_CURVE('',#9774,(#9778,#9785),.PCURVE_S1.);
#9774 = B_SPLINE_CURVE_WITH_KNOTS('',2,(#9775,#9776,#9777),
  .UNSPECIFIED.,.F.,.F.,(3,3),(0.,1.),.PIECEWISE_BEZIER_KNOTS.);
#9775 = CARTESIAN_POINT('',(3.78662109375,-22.17993164062,2.6));
#9776 = CARTESIAN_POINT('',(4.01123046875,-22.03344726562,2.6));
#9777 = CARTESIAN_POINT('',(4.01123046875,-21.72827148437,2.6));
#9778 = PCURVE('',#3471,#9779);
#9779 = DEFINITIONAL_REPRESENTATION('',(#9780),#9784);
#9780 = LINE('',#9781,#9782);
#9781 = CARTESIAN_POINT('',(0.,-0.7));
#9782 = VECTOR('',#9783,1.);
#9783 = DIRECTION('',(1.,0.));
#9784 = ( GEOMETRIC_REPRESENTATION_CONTEXT(2) 
PARAMETRIC_REPRESENTATION_CONTEXT() REPRESENTATION_CONTEXT('2D SPACE',''
  ) );
#9785 = PCURVE('',#8830,#9786);
#9786 = DEFINITIONAL_REPRESENTATION('',(#9787),#9791);
#9787 = B_SPLINE_CURVE_WITH_KNOTS('',2,(#9788,#9789,#9790),
  .UNSPECIFIED.,.F.,.F.,(3,3),(0.,1.),.PIECEWISE_BEZIER_KNOTS.);
#9788 = CARTESIAN_POINT('',(1.70166015625,2.2216796875));
#9789 = CARTESIAN_POINT('',(1.92626953125,2.3681640625));
#9790 = CARTESIAN_POINT('',(1.92626953125,2.67333984375));
#9791 = ( GEOMETRIC_REPRESENTATION_CONTEXT(2) 
PARAMETRIC_REPRESENTATION_CONTEXT() REPRESENTATION_CONTEXT('2D SPACE',''
  ) );
#9792 = ORIENTED_EDGE('',*,*,#9700,.F.);
#9793 = ADVANCED_FACE('',(#9794),#3420,.T.);
#9794 = FACE_BOUND('',#9795,.T.);
#9795 = EDGE_LOOP('',(#9796,#9797,#9820,#9841));
#9796 = ORIENTED_EDGE('',*,*,#3390,.T.);
#9797 = ORIENTED_EDGE('',*,*,#9798,.T.);
#9798 = EDGE_CURVE('',#3355,#9799,#9801,.T.);
#9799 = VERTEX_POINT('',#9800);
#9800 = CARTESIAN_POINT('',(3.28125,-22.32641601562,2.6));
#9801 = SURFACE_CURVE('',#9802,(#9806,#9813),.PCURVE_S1.);
#9802 = LINE('',#9803,#9804);
#9803 = CARTESIAN_POINT('',(3.28125,-22.32641601562,1.9));
#9804 = VECTOR('',#9805,1.);
#9805 = DIRECTION('',(0.,0.,1.));
#9806 = PCURVE('',#3420,#9807);
#9807 = DEFINITIONAL_REPRESENTATION('',(#9808),#9812);
#9808 = LINE('',#9809,#9810);
#9809 = CARTESIAN_POINT('',(0.,0.));
#9810 = VECTOR('',#9811,1.);
#9811 = DIRECTION('',(0.,-1.));
#9812 = ( GEOMETRIC_REPRESENTATION_CONTEXT(2) 
PARAMETRIC_REPRESENTATION_CONTEXT() REPRESENTATION_CONTEXT('2D SPACE',''
  ) );
#9813 = PCURVE('',#3374,#9814);
#9814 = DEFINITIONAL_REPRESENTATION('',(#9815),#9819);
#9815 = LINE('',#9816,#9817);
#9816 = CARTESIAN_POINT('',(1.,0.));
#9817 = VECTOR('',#9818,1.);
#9818 = DIRECTION('',(0.,-1.));
#9819 = ( GEOMETRIC_REPRESENTATION_CONTEXT(2) 
PARAMETRIC_REPRESENTATION_CONTEXT() REPRESENTATION_CONTEXT('2D SPACE',''
  ) );
#9820 = ORIENTED_EDGE('',*,*,#9821,.T.);
#9821 = EDGE_CURVE('',#9799,#9750,#9822,.T.);
#9822 = SURFACE_CURVE('',#9823,(#9827,#9834),.PCURVE_S1.);
#9823 = B_SPLINE_CURVE_WITH_KNOTS('',2,(#9824,#9825,#9826),
  .UNSPECIFIED.,.F.,.F.,(3,3),(0.,1.),.PIECEWISE_BEZIER_KNOTS.);
#9824 = CARTESIAN_POINT('',(3.28125,-22.32641601562,2.6));
#9825 = CARTESIAN_POINT('',(3.56201171875,-22.32641601562,2.6));
#9826 = CARTESIAN_POINT('',(3.78662109375,-22.17993164062,2.6));
#9827 = PCURVE('',#3420,#9828);
#9828 = DEFINITIONAL_REPRESENTATION('',(#9829),#9833);
#9829 = LINE('',#9830,#9831);
#9830 = CARTESIAN_POINT('',(0.,-0.7));
#9831 = VECTOR('',#9832,1.);
#9832 = DIRECTION('',(1.,0.));
#9833 = ( GEOMETRIC_REPRESENTATION_CONTEXT(2) 
PARAMETRIC_REPRESENTATION_CONTEXT() REPRESENTATION_CONTEXT('2D SPACE',''
  ) );
#9834 = PCURVE('',#8830,#9835);
#9835 = DEFINITIONAL_REPRESENTATION('',(#9836),#9840);
#9836 = B_SPLINE_CURVE_WITH_KNOTS('',2,(#9837,#9838,#9839),
  .UNSPECIFIED.,.F.,.F.,(3,3),(0.,1.),.PIECEWISE_BEZIER_KNOTS.);
#9837 = CARTESIAN_POINT('',(1.1962890625,2.0751953125));
#9838 = CARTESIAN_POINT('',(1.47705078125,2.0751953125));
#9839 = CARTESIAN_POINT('',(1.70166015625,2.2216796875));
#9840 = ( GEOMETRIC_REPRESENTATION_CONTEXT(2) 
PARAMETRIC_REPRESENTATION_CONTEXT() REPRESENTATION_CONTEXT('2D SPACE',''
  ) );
#9841 = ORIENTED_EDGE('',*,*,#9749,.F.);
#9842 = ADVANCED_FACE('',(#9843),#3374,.T.);
#9843 = FACE_BOUND('',#9844,.T.);
#9844 = EDGE_LOOP('',(#9845,#9846,#9869,#9890));
#9845 = ORIENTED_EDGE('',*,*,#3354,.T.);
#9846 = ORIENTED_EDGE('',*,*,#9847,.T.);
#9847 = EDGE_CURVE('',#3328,#9848,#9850,.T.);
#9848 = VERTEX_POINT('',#9849);
#9849 = CARTESIAN_POINT('',(3.21044921875,-22.32153320312,2.6));
#9850 = SURFACE_CURVE('',#9851,(#9855,#9862),.PCURVE_S1.);
#9851 = LINE('',#9852,#9853);
#9852 = CARTESIAN_POINT('',(3.21044921875,-22.32153320312,1.9));
#9853 = VECTOR('',#9854,1.);
#9854 = DIRECTION('',(0.,0.,1.));
#9855 = PCURVE('',#3374,#9856);
#9856 = DEFINITIONAL_REPRESENTATION('',(#9857),#9861);
#9857 = LINE('',#9858,#9859);
#9858 = CARTESIAN_POINT('',(0.,0.));
#9859 = VECTOR('',#9860,1.);
#9860 = DIRECTION('',(0.,-1.));
#9861 = ( GEOMETRIC_REPRESENTATION_CONTEXT(2) 
PARAMETRIC_REPRESENTATION_CONTEXT() REPRESENTATION_CONTEXT('2D SPACE',''
  ) );
#9862 = PCURVE('',#3343,#9863);
#9863 = DEFINITIONAL_REPRESENTATION('',(#9864),#9868);
#9864 = LINE('',#9865,#9866);
#9865 = CARTESIAN_POINT('',(0.388820293977,0.));
#9866 = VECTOR('',#9867,1.);
#9867 = DIRECTION('',(0.,-1.));
#9868 = ( GEOMETRIC_REPRESENTATION_CONTEXT(2) 
PARAMETRIC_REPRESENTATION_CONTEXT() REPRESENTATION_CONTEXT('2D SPACE',''
  ) );
#9869 = ORIENTED_EDGE('',*,*,#9870,.T.);
#9870 = EDGE_CURVE('',#9848,#9799,#9871,.T.);
#9871 = SURFACE_CURVE('',#9872,(#9876,#9883),.PCURVE_S1.);
#9872 = B_SPLINE_CURVE_WITH_KNOTS('',2,(#9873,#9874,#9875),
  .UNSPECIFIED.,.F.,.F.,(3,3),(0.,1.),.PIECEWISE_BEZIER_KNOTS.);
#9873 = CARTESIAN_POINT('',(3.21044921875,-22.32153320312,2.6));
#9874 = CARTESIAN_POINT('',(3.25439453125,-22.32641601562,2.6));
#9875 = CARTESIAN_POINT('',(3.28125,-22.32641601562,2.6));
#9876 = PCURVE('',#3374,#9877);
#9877 = DEFINITIONAL_REPRESENTATION('',(#9878),#9882);
#9878 = LINE('',#9879,#9880);
#9879 = CARTESIAN_POINT('',(0.,-0.7));
#9880 = VECTOR('',#9881,1.);
#9881 = DIRECTION('',(1.,0.));
#9882 = ( GEOMETRIC_REPRESENTATION_CONTEXT(2) 
PARAMETRIC_REPRESENTATION_CONTEXT() REPRESENTATION_CONTEXT('2D SPACE',''
  ) );
#9883 = PCURVE('',#8830,#9884);
#9884 = DEFINITIONAL_REPRESENTATION('',(#9885),#9889);
#9885 = B_SPLINE_CURVE_WITH_KNOTS('',2,(#9886,#9887,#9888),
  .UNSPECIFIED.,.F.,.F.,(3,3),(0.,1.),.PIECEWISE_BEZIER_KNOTS.);
#9886 = CARTESIAN_POINT('',(1.12548828125,2.080078125));
#9887 = CARTESIAN_POINT('',(1.16943359375,2.0751953125));
#9888 = CARTESIAN_POINT('',(1.1962890625,2.0751953125));
#9889 = ( GEOMETRIC_REPRESENTATION_CONTEXT(2) 
PARAMETRIC_REPRESENTATION_CONTEXT() REPRESENTATION_CONTEXT('2D SPACE',''
  ) );
#9890 = ORIENTED_EDGE('',*,*,#9798,.F.);
#9891 = ADVANCED_FACE('',(#9892),#3343,.T.);
#9892 = FACE_BOUND('',#9893,.T.);
#9893 = EDGE_LOOP('',(#9894,#9895,#9918,#9939));
#9894 = ORIENTED_EDGE('',*,*,#3327,.T.);
#9895 = ORIENTED_EDGE('',*,*,#9896,.T.);
#9896 = EDGE_CURVE('',#3289,#9897,#9899,.T.);
#9897 = VERTEX_POINT('',#9898);
#9898 = CARTESIAN_POINT('',(3.16162109375,-22.70727539062,2.6));
#9899 = SURFACE_CURVE('',#9900,(#9904,#9911),.PCURVE_S1.);
#9900 = LINE('',#9901,#9902);
#9901 = CARTESIAN_POINT('',(3.16162109375,-22.70727539062,1.9));
#9902 = VECTOR('',#9903,1.);
#9903 = DIRECTION('',(0.,0.,1.));
#9904 = PCURVE('',#3343,#9905);
#9905 = DEFINITIONAL_REPRESENTATION('',(#9906),#9910);
#9906 = LINE('',#9907,#9908);
#9907 = CARTESIAN_POINT('',(0.,0.));
#9908 = VECTOR('',#9909,1.);
#9909 = DIRECTION('',(0.,-1.));
#9910 = ( GEOMETRIC_REPRESENTATION_CONTEXT(2) 
PARAMETRIC_REPRESENTATION_CONTEXT() REPRESENTATION_CONTEXT('2D SPACE',''
  ) );
#9911 = PCURVE('',#3310,#9912);
#9912 = DEFINITIONAL_REPRESENTATION('',(#9913),#9917);
#9913 = LINE('',#9914,#9915);
#9914 = CARTESIAN_POINT('',(1.,0.));
#9915 = VECTOR('',#9916,1.);
#9916 = DIRECTION('',(0.,-1.));
#9917 = ( GEOMETRIC_REPRESENTATION_CONTEXT(2) 
PARAMETRIC_REPRESENTATION_CONTEXT() REPRESENTATION_CONTEXT('2D SPACE',''
  ) );
#9918 = ORIENTED_EDGE('',*,*,#9919,.T.);
#9919 = EDGE_CURVE('',#9897,#9848,#9920,.T.);
#9920 = SURFACE_CURVE('',#9921,(#9925,#9932),.PCURVE_S1.);
#9921 = LINE('',#9922,#9923);
#9922 = CARTESIAN_POINT('',(3.16162109375,-22.70727539062,2.6));
#9923 = VECTOR('',#9924,1.);
#9924 = DIRECTION('',(0.125580186416,0.992083472687,0.));
#9925 = PCURVE('',#3343,#9926);
#9926 = DEFINITIONAL_REPRESENTATION('',(#9927),#9931);
#9927 = LINE('',#9928,#9929);
#9928 = CARTESIAN_POINT('',(0.,-0.7));
#9929 = VECTOR('',#9930,1.);
#9930 = DIRECTION('',(1.,0.));
#9931 = ( GEOMETRIC_REPRESENTATION_CONTEXT(2) 
PARAMETRIC_REPRESENTATION_CONTEXT() REPRESENTATION_CONTEXT('2D SPACE',''
  ) );
#9932 = PCURVE('',#8830,#9933);
#9933 = DEFINITIONAL_REPRESENTATION('',(#9934),#9938);
#9934 = LINE('',#9935,#9936);
#9935 = CARTESIAN_POINT('',(1.07666015625,1.6943359375));
#9936 = VECTOR('',#9937,1.);
#9937 = DIRECTION('',(0.125580186416,0.992083472687));
#9938 = ( GEOMETRIC_REPRESENTATION_CONTEXT(2) 
PARAMETRIC_REPRESENTATION_CONTEXT() REPRESENTATION_CONTEXT('2D SPACE',''
  ) );
#9939 = ORIENTED_EDGE('',*,*,#9847,.F.);
#9940 = ADVANCED_FACE('',(#9941),#3310,.T.);
#9941 = FACE_BOUND('',#9942,.T.);
#9942 = EDGE_LOOP('',(#9943,#9944,#9967,#9988));
#9943 = ORIENTED_EDGE('',*,*,#3288,.T.);
#9944 = ORIENTED_EDGE('',*,*,#9945,.T.);
#9945 = EDGE_CURVE('',#3238,#9946,#9948,.T.);
#9946 = VERTEX_POINT('',#9947);
#9947 = CARTESIAN_POINT('',(3.4716796875,-22.65844726562,2.6));
#9948 = SURFACE_CURVE('',#9949,(#9953,#9960),.PCURVE_S1.);
#9949 = LINE('',#9950,#9951);
#9950 = CARTESIAN_POINT('',(3.4716796875,-22.65844726562,1.9));
#9951 = VECTOR('',#9952,1.);
#9952 = DIRECTION('',(0.,0.,1.));
#9953 = PCURVE('',#3310,#9954);
#9954 = DEFINITIONAL_REPRESENTATION('',(#9955),#9959);
#9955 = LINE('',#9956,#9957);
#9956 = CARTESIAN_POINT('',(0.,0.));
#9957 = VECTOR('',#9958,1.);
#9958 = DIRECTION('',(0.,-1.));
#9959 = ( GEOMETRIC_REPRESENTATION_CONTEXT(2) 
PARAMETRIC_REPRESENTATION_CONTEXT() REPRESENTATION_CONTEXT('2D SPACE',''
  ) );
#9960 = PCURVE('',#3267,#9961);
#9961 = DEFINITIONAL_REPRESENTATION('',(#9962),#9966);
#9962 = LINE('',#9963,#9964);
#9963 = CARTESIAN_POINT('',(1.,0.));
#9964 = VECTOR('',#9965,1.);
#9965 = DIRECTION('',(0.,-1.));
#9966 = ( GEOMETRIC_REPRESENTATION_CONTEXT(2) 
PARAMETRIC_REPRESENTATION_CONTEXT() REPRESENTATION_CONTEXT('2D SPACE',''
  ) );
#9967 = ORIENTED_EDGE('',*,*,#9968,.T.);
#9968 = EDGE_CURVE('',#9946,#9897,#9969,.T.);
#9969 = SURFACE_CURVE('',#9970,(#9974,#9981),.PCURVE_S1.);
#9970 = B_SPLINE_CURVE_WITH_KNOTS('',2,(#9971,#9972,#9973),
  .UNSPECIFIED.,.F.,.F.,(3,3),(0.,1.),.PIECEWISE_BEZIER_KNOTS.);
#9971 = CARTESIAN_POINT('',(3.4716796875,-22.65844726562,2.6));
#9972 = CARTESIAN_POINT('',(3.34716796875,-22.65844726562,2.6));
#9973 = CARTESIAN_POINT('',(3.16162109375,-22.70727539062,2.6));
#9974 = PCURVE('',#3310,#9975);
#9975 = DEFINITIONAL_REPRESENTATION('',(#9976),#9980);
#9976 = LINE('',#9977,#9978);
#9977 = CARTESIAN_POINT('',(0.,-0.7));
#9978 = VECTOR('',#9979,1.);
#9979 = DIRECTION('',(1.,0.));
#9980 = ( GEOMETRIC_REPRESENTATION_CONTEXT(2) 
PARAMETRIC_REPRESENTATION_CONTEXT() REPRESENTATION_CONTEXT('2D SPACE',''
  ) );
#9981 = PCURVE('',#8830,#9982);
#9982 = DEFINITIONAL_REPRESENTATION('',(#9983),#9987);
#9983 = B_SPLINE_CURVE_WITH_KNOTS('',2,(#9984,#9985,#9986),
  .UNSPECIFIED.,.F.,.F.,(3,3),(0.,1.),.PIECEWISE_BEZIER_KNOTS.);
#9984 = CARTESIAN_POINT('',(1.38671875,1.7431640625));
#9985 = CARTESIAN_POINT('',(1.26220703125,1.7431640625));
#9986 = CARTESIAN_POINT('',(1.07666015625,1.6943359375));
#9987 = ( GEOMETRIC_REPRESENTATION_CONTEXT(2) 
PARAMETRIC_REPRESENTATION_CONTEXT() REPRESENTATION_CONTEXT('2D SPACE',''
  ) );
#9988 = ORIENTED_EDGE('',*,*,#9896,.F.);
#9989 = ADVANCED_FACE('',(#9990),#3267,.T.);
#9990 = FACE_BOUND('',#9991,.T.);
#9991 = EDGE_LOOP('',(#9992,#9993,#10016,#10037));
#9992 = ORIENTED_EDGE('',*,*,#3237,.T.);
#9993 = ORIENTED_EDGE('',*,*,#9994,.T.);
#9994 = EDGE_CURVE('',#3187,#9995,#9997,.T.);
#9995 = VERTEX_POINT('',#9996);
#9996 = CARTESIAN_POINT('',(3.974609375,-22.85498046875,2.6));
#9997 = SURFACE_CURVE('',#9998,(#10002,#10009),.PCURVE_S1.);
#9998 = LINE('',#9999,#10000);
#9999 = CARTESIAN_POINT('',(3.974609375,-22.85498046875,1.9));
#10000 = VECTOR('',#10001,1.);
#10001 = DIRECTION('',(0.,0.,1.));
#10002 = PCURVE('',#3267,#10003);
#10003 = DEFINITIONAL_REPRESENTATION('',(#10004),#10008);
#10004 = LINE('',#10005,#10006);
#10005 = CARTESIAN_POINT('',(0.,0.));
#10006 = VECTOR('',#10007,1.);
#10007 = DIRECTION('',(0.,-1.));
#10008 = ( GEOMETRIC_REPRESENTATION_CONTEXT(2) 
PARAMETRIC_REPRESENTATION_CONTEXT() REPRESENTATION_CONTEXT('2D SPACE',''
  ) );
#10009 = PCURVE('',#3216,#10010);
#10010 = DEFINITIONAL_REPRESENTATION('',(#10011),#10015);
#10011 = LINE('',#10012,#10013);
#10012 = CARTESIAN_POINT('',(1.,0.));
#10013 = VECTOR('',#10014,1.);
#10014 = DIRECTION('',(0.,-1.));
#10015 = ( GEOMETRIC_REPRESENTATION_CONTEXT(2) 
PARAMETRIC_REPRESENTATION_CONTEXT() REPRESENTATION_CONTEXT('2D SPACE',''
  ) );
#10016 = ORIENTED_EDGE('',*,*,#10017,.T.);
#10017 = EDGE_CURVE('',#9995,#9946,#10018,.T.);
#10018 = SURFACE_CURVE('',#10019,(#10023,#10030),.PCURVE_S1.);
#10019 = B_SPLINE_CURVE_WITH_KNOTS('',2,(#10020,#10021,#10022),
  .UNSPECIFIED.,.F.,.F.,(3,3),(0.,1.),.PIECEWISE_BEZIER_KNOTS.);
#10020 = CARTESIAN_POINT('',(3.974609375,-22.85498046875,2.6));
#10021 = CARTESIAN_POINT('',(3.77685546875,-22.65844726562,2.6));
#10022 = CARTESIAN_POINT('',(3.4716796875,-22.65844726562,2.6));
#10023 = PCURVE('',#3267,#10024);
#10024 = DEFINITIONAL_REPRESENTATION('',(#10025),#10029);
#10025 = LINE('',#10026,#10027);
#10026 = CARTESIAN_POINT('',(0.,-0.7));
#10027 = VECTOR('',#10028,1.);
#10028 = DIRECTION('',(1.,0.));
#10029 = ( GEOMETRIC_REPRESENTATION_CONTEXT(2) 
PARAMETRIC_REPRESENTATION_CONTEXT() REPRESENTATION_CONTEXT('2D SPACE',''
  ) );
#10030 = PCURVE('',#8830,#10031);
#10031 = DEFINITIONAL_REPRESENTATION('',(#10032),#10036);
#10032 = B_SPLINE_CURVE_WITH_KNOTS('',2,(#10033,#10034,#10035),
  .UNSPECIFIED.,.F.,.F.,(3,3),(0.,1.),.PIECEWISE_BEZIER_KNOTS.);
#10033 = CARTESIAN_POINT('',(1.8896484375,1.546630859375));
#10034 = CARTESIAN_POINT('',(1.69189453125,1.7431640625));
#10035 = CARTESIAN_POINT('',(1.38671875,1.7431640625));
#10036 = ( GEOMETRIC_REPRESENTATION_CONTEXT(2) 
PARAMETRIC_REPRESENTATION_CONTEXT() REPRESENTATION_CONTEXT('2D SPACE',''
  ) );
#10037 = ORIENTED_EDGE('',*,*,#9945,.F.);
#10038 = ADVANCED_FACE('',(#10039),#3216,.T.);
#10039 = FACE_BOUND('',#10040,.T.);
#10040 = EDGE_LOOP('',(#10041,#10042,#10065,#10086));
#10041 = ORIENTED_EDGE('',*,*,#3186,.T.);
#10042 = ORIENTED_EDGE('',*,*,#10043,.T.);
#10043 = EDGE_CURVE('',#3136,#10044,#10046,.T.);
#10044 = VERTEX_POINT('',#10045);
#10045 = CARTESIAN_POINT('',(4.17236328125,-23.35424804687,2.6));
#10046 = SURFACE_CURVE('',#10047,(#10051,#10058),.PCURVE_S1.);
#10047 = LINE('',#10048,#10049);
#10048 = CARTESIAN_POINT('',(4.17236328125,-23.35424804687,1.9));
#10049 = VECTOR('',#10050,1.);
#10050 = DIRECTION('',(0.,0.,1.));
#10051 = PCURVE('',#3216,#10052);
#10052 = DEFINITIONAL_REPRESENTATION('',(#10053),#10057);
#10053 = LINE('',#10054,#10055);
#10054 = CARTESIAN_POINT('',(0.,0.));
#10055 = VECTOR('',#10056,1.);
#10056 = DIRECTION('',(0.,-1.));
#10057 = ( GEOMETRIC_REPRESENTATION_CONTEXT(2) 
PARAMETRIC_REPRESENTATION_CONTEXT() REPRESENTATION_CONTEXT('2D SPACE',''
  ) );
#10058 = PCURVE('',#3165,#10059);
#10059 = DEFINITIONAL_REPRESENTATION('',(#10060),#10064);
#10060 = LINE('',#10061,#10062);
#10061 = CARTESIAN_POINT('',(1.,0.));
#10062 = VECTOR('',#10063,1.);
#10063 = DIRECTION('',(0.,-1.));
#10064 = ( GEOMETRIC_REPRESENTATION_CONTEXT(2) 
PARAMETRIC_REPRESENTATION_CONTEXT() REPRESENTATION_CONTEXT('2D SPACE',''
  ) );
#10065 = ORIENTED_EDGE('',*,*,#10066,.T.);
#10066 = EDGE_CURVE('',#10044,#9995,#10067,.T.);
#10067 = SURFACE_CURVE('',#10068,(#10072,#10079),.PCURVE_S1.);
#10068 = B_SPLINE_CURVE_WITH_KNOTS('',2,(#10069,#10070,#10071),
  .UNSPECIFIED.,.F.,.F.,(3,3),(0.,1.),.PIECEWISE_BEZIER_KNOTS.);
#10069 = CARTESIAN_POINT('',(4.17236328125,-23.35424804687,2.6));
#10070 = CARTESIAN_POINT('',(4.17236328125,-23.05151367187,2.6));
#10071 = CARTESIAN_POINT('',(3.974609375,-22.85498046875,2.6));
#10072 = PCURVE('',#3216,#10073);
#10073 = DEFINITIONAL_REPRESENTATION('',(#10074),#10078);
#10074 = LINE('',#10075,#10076);
#10075 = CARTESIAN_POINT('',(0.,-0.7));
#10076 = VECTOR('',#10077,1.);
#10077 = DIRECTION('',(1.,0.));
#10078 = ( GEOMETRIC_REPRESENTATION_CONTEXT(2) 
PARAMETRIC_REPRESENTATION_CONTEXT() REPRESENTATION_CONTEXT('2D SPACE',''
  ) );
#10079 = PCURVE('',#8830,#10080);
#10080 = DEFINITIONAL_REPRESENTATION('',(#10081),#10085);
#10081 = B_SPLINE_CURVE_WITH_KNOTS('',2,(#10082,#10083,#10084),
  .UNSPECIFIED.,.F.,.F.,(3,3),(0.,1.),.PIECEWISE_BEZIER_KNOTS.);
#10082 = CARTESIAN_POINT('',(2.08740234375,1.04736328125));
#10083 = CARTESIAN_POINT('',(2.08740234375,1.35009765625));
#10084 = CARTESIAN_POINT('',(1.8896484375,1.546630859375));
#10085 = ( GEOMETRIC_REPRESENTATION_CONTEXT(2) 
PARAMETRIC_REPRESENTATION_CONTEXT() REPRESENTATION_CONTEXT('2D SPACE',''
  ) );
#10086 = ORIENTED_EDGE('',*,*,#9994,.F.);
#10087 = ADVANCED_FACE('',(#10088),#3165,.T.);
#10088 = FACE_BOUND('',#10089,.T.);
#10089 = EDGE_LOOP('',(#10090,#10091,#10114,#10135));
#10090 = ORIENTED_EDGE('',*,*,#3135,.T.);
#10091 = ORIENTED_EDGE('',*,*,#10092,.T.);
#10092 = EDGE_CURVE('',#3085,#10093,#10095,.T.);
#10093 = VERTEX_POINT('',#10094);
#10094 = CARTESIAN_POINT('',(3.958740234375,-23.88647460937,2.6));
#10095 = SURFACE_CURVE('',#10096,(#10100,#10107),.PCURVE_S1.);
#10096 = LINE('',#10097,#10098);
#10097 = CARTESIAN_POINT('',(3.958740234375,-23.88647460937,1.9));
#10098 = VECTOR('',#10099,1.);
#10099 = DIRECTION('',(0.,0.,1.));
#10100 = PCURVE('',#3165,#10101);
#10101 = DEFINITIONAL_REPRESENTATION('',(#10102),#10106);
#10102 = LINE('',#10103,#10104);
#10103 = CARTESIAN_POINT('',(0.,0.));
#10104 = VECTOR('',#10105,1.);
#10105 = DIRECTION('',(0.,-1.));
#10106 = ( GEOMETRIC_REPRESENTATION_CONTEXT(2) 
PARAMETRIC_REPRESENTATION_CONTEXT() REPRESENTATION_CONTEXT('2D SPACE',''
  ) );
#10107 = PCURVE('',#3114,#10108);
#10108 = DEFINITIONAL_REPRESENTATION('',(#10109),#10113);
#10109 = LINE('',#10110,#10111);
#10110 = CARTESIAN_POINT('',(1.,0.));
#10111 = VECTOR('',#10112,1.);
#10112 = DIRECTION('',(0.,-1.));
#10113 = ( GEOMETRIC_REPRESENTATION_CONTEXT(2) 
PARAMETRIC_REPRESENTATION_CONTEXT() REPRESENTATION_CONTEXT('2D SPACE',''
  ) );
#10114 = ORIENTED_EDGE('',*,*,#10115,.T.);
#10115 = EDGE_CURVE('',#10093,#10044,#10116,.T.);
#10116 = SURFACE_CURVE('',#10117,(#10121,#10128),.PCURVE_S1.);
#10117 = B_SPLINE_CURVE_WITH_KNOTS('',2,(#10118,#10119,#10120),
  .UNSPECIFIED.,.F.,.F.,(3,3),(0.,1.),.PIECEWISE_BEZIER_KNOTS.);
#10118 = CARTESIAN_POINT('',(3.958740234375,-23.88647460937,2.6));
#10119 = CARTESIAN_POINT('',(4.17236328125,-23.67163085937,2.6));
#10120 = CARTESIAN_POINT('',(4.17236328125,-23.35424804687,2.6));
#10121 = PCURVE('',#3165,#10122);
#10122 = DEFINITIONAL_REPRESENTATION('',(#10123),#10127);
#10123 = LINE('',#10124,#10125);
#10124 = CARTESIAN_POINT('',(0.,-0.7));
#10125 = VECTOR('',#10126,1.);
#10126 = DIRECTION('',(1.,0.));
#10127 = ( GEOMETRIC_REPRESENTATION_CONTEXT(2) 
PARAMETRIC_REPRESENTATION_CONTEXT() REPRESENTATION_CONTEXT('2D SPACE',''
  ) );
#10128 = PCURVE('',#8830,#10129);
#10129 = DEFINITIONAL_REPRESENTATION('',(#10130),#10134);
#10130 = B_SPLINE_CURVE_WITH_KNOTS('',2,(#10131,#10132,#10133),
  .UNSPECIFIED.,.F.,.F.,(3,3),(0.,1.),.PIECEWISE_BEZIER_KNOTS.);
#10131 = CARTESIAN_POINT('',(1.873779296875,0.51513671875));
#10132 = CARTESIAN_POINT('',(2.08740234375,0.72998046875));
#10133 = CARTESIAN_POINT('',(2.08740234375,1.04736328125));
#10134 = ( GEOMETRIC_REPRESENTATION_CONTEXT(2) 
PARAMETRIC_REPRESENTATION_CONTEXT() REPRESENTATION_CONTEXT('2D SPACE',''
  ) );
#10135 = ORIENTED_EDGE('',*,*,#10043,.F.);
#10136 = ADVANCED_FACE('',(#10137),#3114,.T.);
#10137 = FACE_BOUND('',#10138,.T.);
#10138 = EDGE_LOOP('',(#10139,#10140,#10163,#10184));
#10139 = ORIENTED_EDGE('',*,*,#3084,.T.);
#10140 = ORIENTED_EDGE('',*,*,#10141,.T.);
#10141 = EDGE_CURVE('',#3034,#10142,#10144,.T.);
#10142 = VERTEX_POINT('',#10143);
#10143 = CARTESIAN_POINT('',(3.43505859375,-24.10131835937,2.6));
#10144 = SURFACE_CURVE('',#10145,(#10149,#10156),.PCURVE_S1.);
#10145 = LINE('',#10146,#10147);
#10146 = CARTESIAN_POINT('',(3.43505859375,-24.10131835937,1.9));
#10147 = VECTOR('',#10148,1.);
#10148 = DIRECTION('',(0.,0.,1.));
#10149 = PCURVE('',#3114,#10150);
#10150 = DEFINITIONAL_REPRESENTATION('',(#10151),#10155);
#10151 = LINE('',#10152,#10153);
#10152 = CARTESIAN_POINT('',(0.,0.));
#10153 = VECTOR('',#10154,1.);
#10154 = DIRECTION('',(0.,-1.));
#10155 = ( GEOMETRIC_REPRESENTATION_CONTEXT(2) 
PARAMETRIC_REPRESENTATION_CONTEXT() REPRESENTATION_CONTEXT('2D SPACE',''
  ) );
#10156 = PCURVE('',#3063,#10157);
#10157 = DEFINITIONAL_REPRESENTATION('',(#10158),#10162);
#10158 = LINE('',#10159,#10160);
#10159 = CARTESIAN_POINT('',(1.,0.));
#10160 = VECTOR('',#10161,1.);
#10161 = DIRECTION('',(0.,-1.));
#10162 = ( GEOMETRIC_REPRESENTATION_CONTEXT(2) 
PARAMETRIC_REPRESENTATION_CONTEXT() REPRESENTATION_CONTEXT('2D SPACE',''
  ) );
#10163 = ORIENTED_EDGE('',*,*,#10164,.T.);
#10164 = EDGE_CURVE('',#10142,#10093,#10165,.T.);
#10165 = SURFACE_CURVE('',#10166,(#10170,#10177),.PCURVE_S1.);
#10166 = B_SPLINE_CURVE_WITH_KNOTS('',2,(#10167,#10168,#10169),
  .UNSPECIFIED.,.F.,.F.,(3,3),(0.,1.),.PIECEWISE_BEZIER_KNOTS.);
#10167 = CARTESIAN_POINT('',(3.43505859375,-24.10131835937,2.6));
#10168 = CARTESIAN_POINT('',(3.7451171875,-24.10131835937,2.6));
#10169 = CARTESIAN_POINT('',(3.958740234375,-23.88647460937,2.6));
#10170 = PCURVE('',#3114,#10171);
#10171 = DEFINITIONAL_REPRESENTATION('',(#10172),#10176);
#10172 = LINE('',#10173,#10174);
#10173 = CARTESIAN_POINT('',(0.,-0.7));
#10174 = VECTOR('',#10175,1.);
#10175 = DIRECTION('',(1.,0.));
#10176 = ( GEOMETRIC_REPRESENTATION_CONTEXT(2) 
PARAMETRIC_REPRESENTATION_CONTEXT() REPRESENTATION_CONTEXT('2D SPACE',''
  ) );
#10177 = PCURVE('',#8830,#10178);
#10178 = DEFINITIONAL_REPRESENTATION('',(#10179),#10183);
#10179 = B_SPLINE_CURVE_WITH_KNOTS('',2,(#10180,#10181,#10182),
  .UNSPECIFIED.,.F.,.F.,(3,3),(0.,1.),.PIECEWISE_BEZIER_KNOTS.);
#10180 = CARTESIAN_POINT('',(1.35009765625,0.30029296875));
#10181 = CARTESIAN_POINT('',(1.66015625,0.30029296875));
#10182 = CARTESIAN_POINT('',(1.873779296875,0.51513671875));
#10183 = ( GEOMETRIC_REPRESENTATION_CONTEXT(2) 
PARAMETRIC_REPRESENTATION_CONTEXT() REPRESENTATION_CONTEXT('2D SPACE',''
  ) );
#10184 = ORIENTED_EDGE('',*,*,#10092,.F.);
#10185 = ADVANCED_FACE('',(#10186),#3063,.T.);
#10186 = FACE_BOUND('',#10187,.T.);
#10187 = EDGE_LOOP('',(#10188,#10189,#10212,#10233));
#10188 = ORIENTED_EDGE('',*,*,#3033,.T.);
#10189 = ORIENTED_EDGE('',*,*,#10190,.T.);
#10190 = EDGE_CURVE('',#2983,#10191,#10193,.T.);
#10191 = VERTEX_POINT('',#10192);
#10192 = CARTESIAN_POINT('',(2.991943359375,-23.9365234375,2.6));
#10193 = SURFACE_CURVE('',#10194,(#10198,#10205),.PCURVE_S1.);
#10194 = LINE('',#10195,#10196);
#10195 = CARTESIAN_POINT('',(2.991943359375,-23.9365234375,1.9));
#10196 = VECTOR('',#10197,1.);
#10197 = DIRECTION('',(0.,0.,1.));
#10198 = PCURVE('',#3063,#10199);
#10199 = DEFINITIONAL_REPRESENTATION('',(#10200),#10204);
#10200 = LINE('',#10201,#10202);
#10201 = CARTESIAN_POINT('',(0.,0.));
#10202 = VECTOR('',#10203,1.);
#10203 = DIRECTION('',(0.,-1.));
#10204 = ( GEOMETRIC_REPRESENTATION_CONTEXT(2) 
PARAMETRIC_REPRESENTATION_CONTEXT() REPRESENTATION_CONTEXT('2D SPACE',''
  ) );
#10205 = PCURVE('',#3012,#10206);
#10206 = DEFINITIONAL_REPRESENTATION('',(#10207),#10211);
#10207 = LINE('',#10208,#10209);
#10208 = CARTESIAN_POINT('',(1.,0.));
#10209 = VECTOR('',#10210,1.);
#10210 = DIRECTION('',(0.,-1.));
#10211 = ( GEOMETRIC_REPRESENTATION_CONTEXT(2) 
PARAMETRIC_REPRESENTATION_CONTEXT() REPRESENTATION_CONTEXT('2D SPACE',''
  ) );
#10212 = ORIENTED_EDGE('',*,*,#10213,.T.);
#10213 = EDGE_CURVE('',#10191,#10142,#10214,.T.);
#10214 = SURFACE_CURVE('',#10215,(#10219,#10226),.PCURVE_S1.);
#10215 = B_SPLINE_CURVE_WITH_KNOTS('',2,(#10216,#10217,#10218),
  .UNSPECIFIED.,.F.,.F.,(3,3),(0.,1.),.PIECEWISE_BEZIER_KNOTS.);
#10216 = CARTESIAN_POINT('',(2.991943359375,-23.9365234375,2.6));
#10217 = CARTESIAN_POINT('',(3.173828125,-24.10131835937,2.6));
#10218 = CARTESIAN_POINT('',(3.43505859375,-24.10131835937,2.6));
#10219 = PCURVE('',#3063,#10220);
#10220 = DEFINITIONAL_REPRESENTATION('',(#10221),#10225);
#10221 = LINE('',#10222,#10223);
#10222 = CARTESIAN_POINT('',(0.,-0.7));
#10223 = VECTOR('',#10224,1.);
#10224 = DIRECTION('',(1.,0.));
#10225 = ( GEOMETRIC_REPRESENTATION_CONTEXT(2) 
PARAMETRIC_REPRESENTATION_CONTEXT() REPRESENTATION_CONTEXT('2D SPACE',''
  ) );
#10226 = PCURVE('',#8830,#10227);
#10227 = DEFINITIONAL_REPRESENTATION('',(#10228),#10232);
#10228 = B_SPLINE_CURVE_WITH_KNOTS('',2,(#10229,#10230,#10231),
  .UNSPECIFIED.,.F.,.F.,(3,3),(0.,1.),.PIECEWISE_BEZIER_KNOTS.);
#10229 = CARTESIAN_POINT('',(0.906982421875,0.465087890625));
#10230 = CARTESIAN_POINT('',(1.0888671875,0.30029296875));
#10231 = CARTESIAN_POINT('',(1.35009765625,0.30029296875));
#10232 = ( GEOMETRIC_REPRESENTATION_CONTEXT(2) 
PARAMETRIC_REPRESENTATION_CONTEXT() REPRESENTATION_CONTEXT('2D SPACE',''
  ) );
#10233 = ORIENTED_EDGE('',*,*,#10141,.F.);
#10234 = ADVANCED_FACE('',(#10235),#3012,.T.);
#10235 = FACE_BOUND('',#10236,.T.);
#10236 = EDGE_LOOP('',(#10237,#10238,#10239,#10260));
#10237 = ORIENTED_EDGE('',*,*,#2982,.T.);
#10238 = ORIENTED_EDGE('',*,*,#8842,.T.);
#10239 = ORIENTED_EDGE('',*,*,#10240,.T.);
#10240 = EDGE_CURVE('',#8815,#10191,#10241,.T.);
#10241 = SURFACE_CURVE('',#10242,(#10246,#10253),.PCURVE_S1.);
#10242 = B_SPLINE_CURVE_WITH_KNOTS('',2,(#10243,#10244,#10245),
  .UNSPECIFIED.,.F.,.F.,(3,3),(0.,1.),.PIECEWISE_BEZIER_KNOTS.);
#10243 = CARTESIAN_POINT('',(2.734375,-23.39819335937,2.6));
#10244 = CARTESIAN_POINT('',(2.81005859375,-23.77172851562,2.6));
#10245 = CARTESIAN_POINT('',(2.991943359375,-23.9365234375,2.6));
#10246 = PCURVE('',#3012,#10247);
#10247 = DEFINITIONAL_REPRESENTATION('',(#10248),#10252);
#10248 = LINE('',#10249,#10250);
#10249 = CARTESIAN_POINT('',(0.,-0.7));
#10250 = VECTOR('',#10251,1.);
#10251 = DIRECTION('',(1.,0.));
#10252 = ( GEOMETRIC_REPRESENTATION_CONTEXT(2) 
PARAMETRIC_REPRESENTATION_CONTEXT() REPRESENTATION_CONTEXT('2D SPACE',''
  ) );
#10253 = PCURVE('',#8830,#10254);
#10254 = DEFINITIONAL_REPRESENTATION('',(#10255),#10259);
#10255 = B_SPLINE_CURVE_WITH_KNOTS('',2,(#10256,#10257,#10258),
  .UNSPECIFIED.,.F.,.F.,(3,3),(0.,1.),.PIECEWISE_BEZIER_KNOTS.);
#10256 = CARTESIAN_POINT('',(0.6494140625,1.00341796875));
#10257 = CARTESIAN_POINT('',(0.72509765625,0.6298828125));
#10258 = CARTESIAN_POINT('',(0.906982421875,0.465087890625));
#10259 = ( GEOMETRIC_REPRESENTATION_CONTEXT(2) 
PARAMETRIC_REPRESENTATION_CONTEXT() REPRESENTATION_CONTEXT('2D SPACE',''
  ) );
#10260 = ORIENTED_EDGE('',*,*,#10190,.F.);
#10261 = ADVANCED_FACE('',(#10262),#4447,.T.);
#10262 = FACE_BOUND('',#10263,.T.);
#10263 = EDGE_LOOP('',(#10264,#10265,#10288,#10316));
#10264 = ORIENTED_EDGE('',*,*,#4401,.T.);
#10265 = ORIENTED_EDGE('',*,*,#10266,.T.);
#10266 = EDGE_CURVE('',#4404,#10267,#10269,.T.);
#10267 = VERTEX_POINT('',#10268);
#10268 = CARTESIAN_POINT('',(-3.826904296875,-17.48041992187,2.6));
#10269 = SURFACE_CURVE('',#10270,(#10274,#10281),.PCURVE_S1.);
#10270 = LINE('',#10271,#10272);
#10271 = CARTESIAN_POINT('',(-3.826904296875,-17.48041992187,1.9));
#10272 = VECTOR('',#10273,1.);
#10273 = DIRECTION('',(0.,0.,1.));
#10274 = PCURVE('',#4447,#10275);
#10275 = DEFINITIONAL_REPRESENTATION('',(#10276),#10280);
#10276 = LINE('',#10277,#10278);
#10277 = CARTESIAN_POINT('',(0.,0.));
#10278 = VECTOR('',#10279,1.);
#10279 = DIRECTION('',(0.,-1.));
#10280 = ( GEOMETRIC_REPRESENTATION_CONTEXT(2) 
PARAMETRIC_REPRESENTATION_CONTEXT() REPRESENTATION_CONTEXT('2D SPACE',''
  ) );
#10281 = PCURVE('',#4968,#10282);
#10282 = DEFINITIONAL_REPRESENTATION('',(#10283),#10287);
#10283 = LINE('',#10284,#10285);
#10284 = CARTESIAN_POINT('',(1.,0.));
#10285 = VECTOR('',#10286,1.);
#10286 = DIRECTION('',(0.,-1.));
#10287 = ( GEOMETRIC_REPRESENTATION_CONTEXT(2) 
PARAMETRIC_REPRESENTATION_CONTEXT() REPRESENTATION_CONTEXT('2D SPACE',''
  ) );
#10288 = ORIENTED_EDGE('',*,*,#10289,.T.);
#10289 = EDGE_CURVE('',#10267,#10290,#10292,.T.);
#10290 = VERTEX_POINT('',#10291);
#10291 = CARTESIAN_POINT('',(-3.463232421875,-16.42001953125,2.6));
#10292 = SURFACE_CURVE('',#10293,(#10297,#10304),.PCURVE_S1.);
#10293 = B_SPLINE_CURVE_WITH_KNOTS('',2,(#10294,#10295,#10296),
  .UNSPECIFIED.,.F.,.F.,(3,3),(0.,1.),.PIECEWISE_BEZIER_KNOTS.);
#10294 = CARTESIAN_POINT('',(-3.826904296875,-17.48041992187,2.6));
#10295 = CARTESIAN_POINT('',(-3.826904296875,-16.80317382812,2.6));
#10296 = CARTESIAN_POINT('',(-3.463232421875,-16.42001953125,2.6));
#10297 = PCURVE('',#4447,#10298);
#10298 = DEFINITIONAL_REPRESENTATION('',(#10299),#10303);
#10299 = LINE('',#10300,#10301);
#10300 = CARTESIAN_POINT('',(0.,-0.7));
#10301 = VECTOR('',#10302,1.);
#10302 = DIRECTION('',(1.,0.));
#10303 = ( GEOMETRIC_REPRESENTATION_CONTEXT(2) 
PARAMETRIC_REPRESENTATION_CONTEXT() REPRESENTATION_CONTEXT('2D SPACE',''
  ) );
#10304 = PCURVE('',#10305,#10310);
#10305 = PLANE('',#10306);
#10306 = AXIS2_PLACEMENT_3D('',#10307,#10308,#10309);
#10307 = CARTESIAN_POINT('',(-4.010595703125,-18.80522460937,2.6));
#10308 = DIRECTION('',(0.,0.,1.));
#10309 = DIRECTION('',(1.,0.,0.));
#10310 = DEFINITIONAL_REPRESENTATION('',(#10311),#10315);
#10311 = B_SPLINE_CURVE_WITH_KNOTS('',2,(#10312,#10313,#10314),
  .UNSPECIFIED.,.F.,.F.,(3,3),(0.,1.),.PIECEWISE_BEZIER_KNOTS.);
#10312 = CARTESIAN_POINT('',(0.18369140625,1.3248046875));
#10313 = CARTESIAN_POINT('',(0.18369140625,2.00205078125));
#10314 = CARTESIAN_POINT('',(0.54736328125,2.385205078125));
#10315 = ( GEOMETRIC_REPRESENTATION_CONTEXT(2) 
PARAMETRIC_REPRESENTATION_CONTEXT() REPRESENTATION_CONTEXT('2D SPACE',''
  ) );
#10316 = ORIENTED_EDGE('',*,*,#10317,.F.);
#10317 = EDGE_CURVE('',#4402,#10290,#10318,.T.);
#10318 = SURFACE_CURVE('',#10319,(#10323,#10330),.PCURVE_S1.);
#10319 = LINE('',#10320,#10321);
#10320 = CARTESIAN_POINT('',(-3.463232421875,-16.42001953125,1.9));
#10321 = VECTOR('',#10322,1.);
#10322 = DIRECTION('',(0.,0.,1.));
#10323 = PCURVE('',#4447,#10324);
#10324 = DEFINITIONAL_REPRESENTATION('',(#10325),#10329);
#10325 = LINE('',#10326,#10327);
#10326 = CARTESIAN_POINT('',(1.,0.));
#10327 = VECTOR('',#10328,1.);
#10328 = DIRECTION('',(0.,-1.));
#10329 = ( GEOMETRIC_REPRESENTATION_CONTEXT(2) 
PARAMETRIC_REPRESENTATION_CONTEXT() REPRESENTATION_CONTEXT('2D SPACE',''
  ) );
#10330 = PCURVE('',#4509,#10331);
#10331 = DEFINITIONAL_REPRESENTATION('',(#10332),#10336);
#10332 = LINE('',#10333,#10334);
#10333 = CARTESIAN_POINT('',(0.,0.));
#10334 = VECTOR('',#10335,1.);
#10335 = DIRECTION('',(0.,-1.));
#10336 = ( GEOMETRIC_REPRESENTATION_CONTEXT(2) 
PARAMETRIC_REPRESENTATION_CONTEXT() REPRESENTATION_CONTEXT('2D SPACE',''
  ) );
#10337 = ADVANCED_FACE('',(#10338),#4509,.T.);
#10338 = FACE_BOUND('',#10339,.T.);
#10339 = EDGE_LOOP('',(#10340,#10341,#10342,#10365));
#10340 = ORIENTED_EDGE('',*,*,#4475,.T.);
#10341 = ORIENTED_EDGE('',*,*,#10317,.T.);
#10342 = ORIENTED_EDGE('',*,*,#10343,.T.);
#10343 = EDGE_CURVE('',#10290,#10344,#10346,.T.);
#10344 = VERTEX_POINT('',#10345);
#10345 = CARTESIAN_POINT('',(-2.524365234375,-16.03686523437,2.6));
#10346 = SURFACE_CURVE('',#10347,(#10351,#10358),.PCURVE_S1.);
#10347 = B_SPLINE_CURVE_WITH_KNOTS('',2,(#10348,#10349,#10350),
  .UNSPECIFIED.,.F.,.F.,(3,3),(0.,1.),.PIECEWISE_BEZIER_KNOTS.);
#10348 = CARTESIAN_POINT('',(-3.463232421875,-16.42001953125,2.6));
#10349 = CARTESIAN_POINT('',(-3.099560546875,-16.03686523437,2.6));
#10350 = CARTESIAN_POINT('',(-2.524365234375,-16.03686523437,2.6));
#10351 = PCURVE('',#4509,#10352);
#10352 = DEFINITIONAL_REPRESENTATION('',(#10353),#10357);
#10353 = LINE('',#10354,#10355);
#10354 = CARTESIAN_POINT('',(0.,-0.7));
#10355 = VECTOR('',#10356,1.);
#10356 = DIRECTION('',(1.,0.));
#10357 = ( GEOMETRIC_REPRESENTATION_CONTEXT(2) 
PARAMETRIC_REPRESENTATION_CONTEXT() REPRESENTATION_CONTEXT('2D SPACE',''
  ) );
#10358 = PCURVE('',#10305,#10359);
#10359 = DEFINITIONAL_REPRESENTATION('',(#10360),#10364);
#10360 = B_SPLINE_CURVE_WITH_KNOTS('',2,(#10361,#10362,#10363),
  .UNSPECIFIED.,.F.,.F.,(3,3),(0.,1.),.PIECEWISE_BEZIER_KNOTS.);
#10361 = CARTESIAN_POINT('',(0.54736328125,2.385205078125));
#10362 = CARTESIAN_POINT('',(0.91103515625,2.768359375));
#10363 = CARTESIAN_POINT('',(1.48623046875,2.768359375));
#10364 = ( GEOMETRIC_REPRESENTATION_CONTEXT(2) 
PARAMETRIC_REPRESENTATION_CONTEXT() REPRESENTATION_CONTEXT('2D SPACE',''
  ) );
#10365 = ORIENTED_EDGE('',*,*,#10366,.F.);
#10366 = EDGE_CURVE('',#4476,#10344,#10367,.T.);
#10367 = SURFACE_CURVE('',#10368,(#10372,#10379),.PCURVE_S1.);
#10368 = LINE('',#10369,#10370);
#10369 = CARTESIAN_POINT('',(-2.524365234375,-16.03686523437,1.9));
#10370 = VECTOR('',#10371,1.);
#10371 = DIRECTION('',(0.,0.,1.));
#10372 = PCURVE('',#4509,#10373);
#10373 = DEFINITIONAL_REPRESENTATION('',(#10374),#10378);
#10374 = LINE('',#10375,#10376);
#10375 = CARTESIAN_POINT('',(1.,0.));
#10376 = VECTOR('',#10377,1.);
#10377 = DIRECTION('',(0.,-1.));
#10378 = ( GEOMETRIC_REPRESENTATION_CONTEXT(2) 
PARAMETRIC_REPRESENTATION_CONTEXT() REPRESENTATION_CONTEXT('2D SPACE',''
  ) );
#10379 = PCURVE('',#4562,#10380);
#10380 = DEFINITIONAL_REPRESENTATION('',(#10381),#10385);
#10381 = LINE('',#10382,#10383);
#10382 = CARTESIAN_POINT('',(0.,0.));
#10383 = VECTOR('',#10384,1.);
#10384 = DIRECTION('',(0.,-1.));
#10385 = ( GEOMETRIC_REPRESENTATION_CONTEXT(2) 
PARAMETRIC_REPRESENTATION_CONTEXT() REPRESENTATION_CONTEXT('2D SPACE',''
  ) );
#10386 = ADVANCED_FACE('',(#10387),#4968,.T.);
#10387 = FACE_BOUND('',#10388,.T.);
#10388 = EDGE_LOOP('',(#10389,#10390,#10413,#10434));
#10389 = ORIENTED_EDGE('',*,*,#4940,.T.);
#10390 = ORIENTED_EDGE('',*,*,#10391,.T.);
#10391 = EDGE_CURVE('',#4890,#10392,#10394,.T.);
#10392 = VERTEX_POINT('',#10393);
#10393 = CARTESIAN_POINT('',(-3.671044921875,-18.15952148437,2.6));
#10394 = SURFACE_CURVE('',#10395,(#10399,#10406),.PCURVE_S1.);
#10395 = LINE('',#10396,#10397);
#10396 = CARTESIAN_POINT('',(-3.671044921875,-18.15952148437,1.9));
#10397 = VECTOR('',#10398,1.);
#10398 = DIRECTION('',(0.,0.,1.));
#10399 = PCURVE('',#4968,#10400);
#10400 = DEFINITIONAL_REPRESENTATION('',(#10401),#10405);
#10401 = LINE('',#10402,#10403);
#10402 = CARTESIAN_POINT('',(0.,0.));
#10403 = VECTOR('',#10404,1.);
#10404 = DIRECTION('',(0.,-1.));
#10405 = ( GEOMETRIC_REPRESENTATION_CONTEXT(2) 
PARAMETRIC_REPRESENTATION_CONTEXT() REPRESENTATION_CONTEXT('2D SPACE',''
  ) );
#10406 = PCURVE('',#4919,#10407);
#10407 = DEFINITIONAL_REPRESENTATION('',(#10408),#10412);
#10408 = LINE('',#10409,#10410);
#10409 = CARTESIAN_POINT('',(1.,0.));
#10410 = VECTOR('',#10411,1.);
#10411 = DIRECTION('',(0.,-1.));
#10412 = ( GEOMETRIC_REPRESENTATION_CONTEXT(2) 
PARAMETRIC_REPRESENTATION_CONTEXT() REPRESENTATION_CONTEXT('2D SPACE',''
  ) );
#10413 = ORIENTED_EDGE('',*,*,#10414,.T.);
#10414 = EDGE_CURVE('',#10392,#10267,#10415,.T.);
#10415 = SURFACE_CURVE('',#10416,(#10420,#10427),.PCURVE_S1.);
#10416 = B_SPLINE_CURVE_WITH_KNOTS('',2,(#10417,#10418,#10419),
  .UNSPECIFIED.,.F.,.F.,(3,3),(0.,1.),.PIECEWISE_BEZIER_KNOTS.);
#10417 = CARTESIAN_POINT('',(-3.671044921875,-18.15952148437,2.6));
#10418 = CARTESIAN_POINT('',(-3.826904296875,-17.83852539062,2.6));
#10419 = CARTESIAN_POINT('',(-3.826904296875,-17.48041992187,2.6));
#10420 = PCURVE('',#4968,#10421);
#10421 = DEFINITIONAL_REPRESENTATION('',(#10422),#10426);
#10422 = LINE('',#10423,#10424);
#10423 = CARTESIAN_POINT('',(0.,-0.7));
#10424 = VECTOR('',#10425,1.);
#10425 = DIRECTION('',(1.,0.));
#10426 = ( GEOMETRIC_REPRESENTATION_CONTEXT(2) 
PARAMETRIC_REPRESENTATION_CONTEXT() REPRESENTATION_CONTEXT('2D SPACE',''
  ) );
#10427 = PCURVE('',#10305,#10428);
#10428 = DEFINITIONAL_REPRESENTATION('',(#10429),#10433);
#10429 = B_SPLINE_CURVE_WITH_KNOTS('',2,(#10430,#10431,#10432),
  .UNSPECIFIED.,.F.,.F.,(3,3),(0.,1.),.PIECEWISE_BEZIER_KNOTS.);
#10430 = CARTESIAN_POINT('',(0.33955078125,0.645703125));
#10431 = CARTESIAN_POINT('',(0.18369140625,0.96669921875));
#10432 = CARTESIAN_POINT('',(0.18369140625,1.3248046875));
#10433 = ( GEOMETRIC_REPRESENTATION_CONTEXT(2) 
PARAMETRIC_REPRESENTATION_CONTEXT() REPRESENTATION_CONTEXT('2D SPACE',''
  ) );
#10434 = ORIENTED_EDGE('',*,*,#10266,.F.);
#10435 = ADVANCED_FACE('',(#10436),#4562,.T.);
#10436 = FACE_BOUND('',#10437,.T.);
#10437 = EDGE_LOOP('',(#10438,#10439,#10440,#10463));
#10438 = ORIENTED_EDGE('',*,*,#4532,.T.);
#10439 = ORIENTED_EDGE('',*,*,#10366,.T.);
#10440 = ORIENTED_EDGE('',*,*,#10441,.T.);
#10441 = EDGE_CURVE('',#10344,#10442,#10444,.T.);
#10442 = VERTEX_POINT('',#10443);
#10443 = CARTESIAN_POINT('',(-1.845263671875,-16.21684570312,2.6));
#10444 = SURFACE_CURVE('',#10445,(#10449,#10456),.PCURVE_S1.);
#10445 = B_SPLINE_CURVE_WITH_KNOTS('',2,(#10446,#10447,#10448),
  .UNSPECIFIED.,.F.,.F.,(3,3),(0.,1.),.PIECEWISE_BEZIER_KNOTS.);
#10446 = CARTESIAN_POINT('',(-2.524365234375,-16.03686523437,2.6));
#10447 = CARTESIAN_POINT('',(-2.147705078125,-16.03686523437,2.6));
#10448 = CARTESIAN_POINT('',(-1.845263671875,-16.21684570312,2.6));
#10449 = PCURVE('',#4562,#10450);
#10450 = DEFINITIONAL_REPRESENTATION('',(#10451),#10455);
#10451 = LINE('',#10452,#10453);
#10452 = CARTESIAN_POINT('',(0.,-0.7));
#10453 = VECTOR('',#10454,1.);
#10454 = DIRECTION('',(1.,0.));
#10455 = ( GEOMETRIC_REPRESENTATION_CONTEXT(2) 
PARAMETRIC_REPRESENTATION_CONTEXT() REPRESENTATION_CONTEXT('2D SPACE',''
  ) );
#10456 = PCURVE('',#10305,#10457);
#10457 = DEFINITIONAL_REPRESENTATION('',(#10458),#10462);
#10458 = B_SPLINE_CURVE_WITH_KNOTS('',2,(#10459,#10460,#10461),
  .UNSPECIFIED.,.F.,.F.,(3,3),(0.,1.),.PIECEWISE_BEZIER_KNOTS.);
#10459 = CARTESIAN_POINT('',(1.48623046875,2.768359375));
#10460 = CARTESIAN_POINT('',(1.862890625,2.768359375));
#10461 = CARTESIAN_POINT('',(2.16533203125,2.58837890625));
#10462 = ( GEOMETRIC_REPRESENTATION_CONTEXT(2) 
PARAMETRIC_REPRESENTATION_CONTEXT() REPRESENTATION_CONTEXT('2D SPACE',''
  ) );
#10463 = ORIENTED_EDGE('',*,*,#10464,.F.);
#10464 = EDGE_CURVE('',#4533,#10442,#10465,.T.);
#10465 = SURFACE_CURVE('',#10466,(#10470,#10477),.PCURVE_S1.);
#10466 = LINE('',#10467,#10468);
#10467 = CARTESIAN_POINT('',(-1.845263671875,-16.21684570312,1.9));
#10468 = VECTOR('',#10469,1.);
#10469 = DIRECTION('',(0.,0.,1.));
#10470 = PCURVE('',#4562,#10471);
#10471 = DEFINITIONAL_REPRESENTATION('',(#10472),#10476);
#10472 = LINE('',#10473,#10474);
#10473 = CARTESIAN_POINT('',(1.,0.));
#10474 = VECTOR('',#10475,1.);
#10475 = DIRECTION('',(0.,-1.));
#10476 = ( GEOMETRIC_REPRESENTATION_CONTEXT(2) 
PARAMETRIC_REPRESENTATION_CONTEXT() REPRESENTATION_CONTEXT('2D SPACE',''
  ) );
#10477 = PCURVE('',#4613,#10478);
#10478 = DEFINITIONAL_REPRESENTATION('',(#10479),#10483);
#10479 = LINE('',#10480,#10481);
#10480 = CARTESIAN_POINT('',(0.,0.));
#10481 = VECTOR('',#10482,1.);
#10482 = DIRECTION('',(0.,-1.));
#10483 = ( GEOMETRIC_REPRESENTATION_CONTEXT(2) 
PARAMETRIC_REPRESENTATION_CONTEXT() REPRESENTATION_CONTEXT('2D SPACE',''
  ) );
#10484 = ADVANCED_FACE('',(#10485),#4919,.T.);
#10485 = FACE_BOUND('',#10486,.T.);
#10486 = EDGE_LOOP('',(#10487,#10488,#10511,#10532));
#10487 = ORIENTED_EDGE('',*,*,#4889,.T.);
#10488 = ORIENTED_EDGE('',*,*,#10489,.T.);
#10489 = EDGE_CURVE('',#4839,#10490,#10492,.T.);
#10490 = VERTEX_POINT('',#10491);
#10491 = CARTESIAN_POINT('',(-3.212744140625,-18.66606445312,2.6));
#10492 = SURFACE_CURVE('',#10493,(#10497,#10504),.PCURVE_S1.);
#10493 = LINE('',#10494,#10495);
#10494 = CARTESIAN_POINT('',(-3.212744140625,-18.66606445312,1.9));
#10495 = VECTOR('',#10496,1.);
#10496 = DIRECTION('',(0.,0.,1.));
#10497 = PCURVE('',#4919,#10498);
#10498 = DEFINITIONAL_REPRESENTATION('',(#10499),#10503);
#10499 = LINE('',#10500,#10501);
#10500 = CARTESIAN_POINT('',(0.,0.));
#10501 = VECTOR('',#10502,1.);
#10502 = DIRECTION('',(0.,-1.));
#10503 = ( GEOMETRIC_REPRESENTATION_CONTEXT(2) 
PARAMETRIC_REPRESENTATION_CONTEXT() REPRESENTATION_CONTEXT('2D SPACE',''
  ) );
#10504 = PCURVE('',#4868,#10505);
#10505 = DEFINITIONAL_REPRESENTATION('',(#10506),#10510);
#10506 = LINE('',#10507,#10508);
#10507 = CARTESIAN_POINT('',(1.,0.));
#10508 = VECTOR('',#10509,1.);
#10509 = DIRECTION('',(0.,-1.));
#10510 = ( GEOMETRIC_REPRESENTATION_CONTEXT(2) 
PARAMETRIC_REPRESENTATION_CONTEXT() REPRESENTATION_CONTEXT('2D SPACE',''
  ) );
#10511 = ORIENTED_EDGE('',*,*,#10512,.T.);
#10512 = EDGE_CURVE('',#10490,#10392,#10513,.T.);
#10513 = SURFACE_CURVE('',#10514,(#10518,#10525),.PCURVE_S1.);
#10514 = B_SPLINE_CURVE_WITH_KNOTS('',2,(#10515,#10516,#10517),
  .UNSPECIFIED.,.F.,.F.,(3,3),(0.,1.),.PIECEWISE_BEZIER_KNOTS.);
#10515 = CARTESIAN_POINT('',(-3.212744140625,-18.66606445312,2.6));
#10516 = CARTESIAN_POINT('',(-3.515185546875,-18.48051757812,2.6));
#10517 = CARTESIAN_POINT('',(-3.671044921875,-18.15952148437,2.6));
#10518 = PCURVE('',#4919,#10519);
#10519 = DEFINITIONAL_REPRESENTATION('',(#10520),#10524);
#10520 = LINE('',#10521,#10522);
#10521 = CARTESIAN_POINT('',(0.,-0.7));
#10522 = VECTOR('',#10523,1.);
#10523 = DIRECTION('',(1.,0.));
#10524 = ( GEOMETRIC_REPRESENTATION_CONTEXT(2) 
PARAMETRIC_REPRESENTATION_CONTEXT() REPRESENTATION_CONTEXT('2D SPACE',''
  ) );
#10525 = PCURVE('',#10305,#10526);
#10526 = DEFINITIONAL_REPRESENTATION('',(#10527),#10531);
#10527 = B_SPLINE_CURVE_WITH_KNOTS('',2,(#10528,#10529,#10530),
  .UNSPECIFIED.,.F.,.F.,(3,3),(0.,1.),.PIECEWISE_BEZIER_KNOTS.);
#10528 = CARTESIAN_POINT('',(0.7978515625,0.13916015625));
#10529 = CARTESIAN_POINT('',(0.49541015625,0.32470703125));
#10530 = CARTESIAN_POINT('',(0.33955078125,0.645703125));
#10531 = ( GEOMETRIC_REPRESENTATION_CONTEXT(2) 
PARAMETRIC_REPRESENTATION_CONTEXT() REPRESENTATION_CONTEXT('2D SPACE',''
  ) );
#10532 = ORIENTED_EDGE('',*,*,#10391,.F.);
#10533 = ADVANCED_FACE('',(#10534),#4613,.T.);
#10534 = FACE_BOUND('',#10535,.T.);
#10535 = EDGE_LOOP('',(#10536,#10537,#10538,#10561));
#10536 = ORIENTED_EDGE('',*,*,#4583,.T.);
#10537 = ORIENTED_EDGE('',*,*,#10464,.T.);
#10538 = ORIENTED_EDGE('',*,*,#10539,.T.);
#10539 = EDGE_CURVE('',#10442,#10540,#10542,.T.);
#10540 = VERTEX_POINT('',#10541);
#10541 = CARTESIAN_POINT('',(-1.3841796875,-16.71875,2.6));
#10542 = SURFACE_CURVE('',#10543,(#10547,#10554),.PCURVE_S1.);
#10543 = B_SPLINE_CURVE_WITH_KNOTS('',2,(#10544,#10545,#10546),
  .UNSPECIFIED.,.F.,.F.,(3,3),(0.,1.),.PIECEWISE_BEZIER_KNOTS.);
#10544 = CARTESIAN_POINT('',(-1.845263671875,-16.21684570312,2.6));
#10545 = CARTESIAN_POINT('',(-1.542822265625,-16.39682617187,2.6));
#10546 = CARTESIAN_POINT('',(-1.3841796875,-16.71875,2.6));
#10547 = PCURVE('',#4613,#10548);
#10548 = DEFINITIONAL_REPRESENTATION('',(#10549),#10553);
#10549 = LINE('',#10550,#10551);
#10550 = CARTESIAN_POINT('',(0.,-0.7));
#10551 = VECTOR('',#10552,1.);
#10552 = DIRECTION('',(1.,0.));
#10553 = ( GEOMETRIC_REPRESENTATION_CONTEXT(2) 
PARAMETRIC_REPRESENTATION_CONTEXT() REPRESENTATION_CONTEXT('2D SPACE',''
  ) );
#10554 = PCURVE('',#10305,#10555);
#10555 = DEFINITIONAL_REPRESENTATION('',(#10556),#10560);
#10556 = B_SPLINE_CURVE_WITH_KNOTS('',2,(#10557,#10558,#10559),
  .UNSPECIFIED.,.F.,.F.,(3,3),(0.,1.),.PIECEWISE_BEZIER_KNOTS.);
#10557 = CARTESIAN_POINT('',(2.16533203125,2.58837890625));
#10558 = CARTESIAN_POINT('',(2.4677734375,2.4083984375));
#10559 = CARTESIAN_POINT('',(2.626416015625,2.086474609375));
#10560 = ( GEOMETRIC_REPRESENTATION_CONTEXT(2) 
PARAMETRIC_REPRESENTATION_CONTEXT() REPRESENTATION_CONTEXT('2D SPACE',''
  ) );
#10561 = ORIENTED_EDGE('',*,*,#10562,.F.);
#10562 = EDGE_CURVE('',#4584,#10540,#10563,.T.);
#10563 = SURFACE_CURVE('',#10564,(#10568,#10575),.PCURVE_S1.);
#10564 = LINE('',#10565,#10566);
#10565 = CARTESIAN_POINT('',(-1.3841796875,-16.71875,1.9));
#10566 = VECTOR('',#10567,1.);
#10567 = DIRECTION('',(0.,0.,1.));
#10568 = PCURVE('',#4613,#10569);
#10569 = DEFINITIONAL_REPRESENTATION('',(#10570),#10574);
#10570 = LINE('',#10571,#10572);
#10571 = CARTESIAN_POINT('',(1.,0.));
#10572 = VECTOR('',#10573,1.);
#10573 = DIRECTION('',(0.,-1.));
#10574 = ( GEOMETRIC_REPRESENTATION_CONTEXT(2) 
PARAMETRIC_REPRESENTATION_CONTEXT() REPRESENTATION_CONTEXT('2D SPACE',''
  ) );
#10575 = PCURVE('',#4664,#10576);
#10576 = DEFINITIONAL_REPRESENTATION('',(#10577),#10581);
#10577 = LINE('',#10578,#10579);
#10578 = CARTESIAN_POINT('',(0.,0.));
#10579 = VECTOR('',#10580,1.);
#10580 = DIRECTION('',(0.,-1.));
#10581 = ( GEOMETRIC_REPRESENTATION_CONTEXT(2) 
PARAMETRIC_REPRESENTATION_CONTEXT() REPRESENTATION_CONTEXT('2D SPACE',''
  ) );
#10582 = ADVANCED_FACE('',(#10583),#4868,.T.);
#10583 = FACE_BOUND('',#10584,.T.);
#10584 = EDGE_LOOP('',(#10585,#10586,#10609,#10630));
#10585 = ORIENTED_EDGE('',*,*,#4838,.T.);
#10586 = ORIENTED_EDGE('',*,*,#10587,.T.);
#10587 = EDGE_CURVE('',#4788,#10588,#10590,.T.);
#10588 = VERTEX_POINT('',#10589);
#10589 = CARTESIAN_POINT('',(-2.526220703125,-18.85161132812,2.6));
#10590 = SURFACE_CURVE('',#10591,(#10595,#10602),.PCURVE_S1.);
#10591 = LINE('',#10592,#10593);
#10592 = CARTESIAN_POINT('',(-2.526220703125,-18.85161132812,1.9));
#10593 = VECTOR('',#10594,1.);
#10594 = DIRECTION('',(0.,0.,1.));
#10595 = PCURVE('',#4868,#10596);
#10596 = DEFINITIONAL_REPRESENTATION('',(#10597),#10601);
#10597 = LINE('',#10598,#10599);
#10598 = CARTESIAN_POINT('',(0.,0.));
#10599 = VECTOR('',#10600,1.);
#10600 = DIRECTION('',(0.,-1.));
#10601 = ( GEOMETRIC_REPRESENTATION_CONTEXT(2) 
PARAMETRIC_REPRESENTATION_CONTEXT() REPRESENTATION_CONTEXT('2D SPACE',''
  ) );
#10602 = PCURVE('',#4817,#10603);
#10603 = DEFINITIONAL_REPRESENTATION('',(#10604),#10608);
#10604 = LINE('',#10605,#10606);
#10605 = CARTESIAN_POINT('',(1.,0.));
#10606 = VECTOR('',#10607,1.);
#10607 = DIRECTION('',(0.,-1.));
#10608 = ( GEOMETRIC_REPRESENTATION_CONTEXT(2) 
PARAMETRIC_REPRESENTATION_CONTEXT() REPRESENTATION_CONTEXT('2D SPACE',''
  ) );
#10609 = ORIENTED_EDGE('',*,*,#10610,.T.);
#10610 = EDGE_CURVE('',#10588,#10490,#10611,.T.);
#10611 = SURFACE_CURVE('',#10612,(#10616,#10623),.PCURVE_S1.);
#10612 = B_SPLINE_CURVE_WITH_KNOTS('',2,(#10613,#10614,#10615),
  .UNSPECIFIED.,.F.,.F.,(3,3),(0.,1.),.PIECEWISE_BEZIER_KNOTS.);
#10613 = CARTESIAN_POINT('',(-2.526220703125,-18.85161132812,2.6));
#10614 = CARTESIAN_POINT('',(-2.910302734375,-18.85161132812,2.6));
#10615 = CARTESIAN_POINT('',(-3.212744140625,-18.66606445312,2.6));
#10616 = PCURVE('',#4868,#10617);
#10617 = DEFINITIONAL_REPRESENTATION('',(#10618),#10622);
#10618 = LINE('',#10619,#10620);
#10619 = CARTESIAN_POINT('',(0.,-0.7));
#10620 = VECTOR('',#10621,1.);
#10621 = DIRECTION('',(1.,0.));
#10622 = ( GEOMETRIC_REPRESENTATION_CONTEXT(2) 
PARAMETRIC_REPRESENTATION_CONTEXT() REPRESENTATION_CONTEXT('2D SPACE',''
  ) );
#10623 = PCURVE('',#10305,#10624);
#10624 = DEFINITIONAL_REPRESENTATION('',(#10625),#10629);
#10625 = B_SPLINE_CURVE_WITH_KNOTS('',2,(#10626,#10627,#10628),
  .UNSPECIFIED.,.F.,.F.,(3,3),(0.,1.),.PIECEWISE_BEZIER_KNOTS.);
#10626 = CARTESIAN_POINT('',(1.484375,-4.638671875E-02));
#10627 = CARTESIAN_POINT('',(1.10029296875,-4.638671875E-02));
#10628 = CARTESIAN_POINT('',(0.7978515625,0.13916015625));
#10629 = ( GEOMETRIC_REPRESENTATION_CONTEXT(2) 
PARAMETRIC_REPRESENTATION_CONTEXT() REPRESENTATION_CONTEXT('2D SPACE',''
  ) );
#10630 = ORIENTED_EDGE('',*,*,#10489,.F.);
#10631 = ADVANCED_FACE('',(#10632),#4664,.T.);
#10632 = FACE_BOUND('',#10633,.T.);
#10633 = EDGE_LOOP('',(#10634,#10635,#10636,#10659));
#10634 = ORIENTED_EDGE('',*,*,#4634,.T.);
#10635 = ORIENTED_EDGE('',*,*,#10562,.T.);
#10636 = ORIENTED_EDGE('',*,*,#10637,.T.);
#10637 = EDGE_CURVE('',#10540,#10638,#10640,.T.);
#10638 = VERTEX_POINT('',#10639);
#10639 = CARTESIAN_POINT('',(-1.225537109375,-17.44887695312,2.6));
#10640 = SURFACE_CURVE('',#10641,(#10645,#10652),.PCURVE_S1.);
#10641 = B_SPLINE_CURVE_WITH_KNOTS('',2,(#10642,#10643,#10644),
  .UNSPECIFIED.,.F.,.F.,(3,3),(0.,1.),.PIECEWISE_BEZIER_KNOTS.);
#10642 = CARTESIAN_POINT('',(-1.3841796875,-16.71875,2.6));
#10643 = CARTESIAN_POINT('',(-1.225537109375,-17.04067382812,2.6));
#10644 = CARTESIAN_POINT('',(-1.225537109375,-17.44887695312,2.6));
#10645 = PCURVE('',#4664,#10646);
#10646 = DEFINITIONAL_REPRESENTATION('',(#10647),#10651);
#10647 = LINE('',#10648,#10649);
#10648 = CARTESIAN_POINT('',(0.,-0.7));
#10649 = VECTOR('',#10650,1.);
#10650 = DIRECTION('',(1.,0.));
#10651 = ( GEOMETRIC_REPRESENTATION_CONTEXT(2) 
PARAMETRIC_REPRESENTATION_CONTEXT() REPRESENTATION_CONTEXT('2D SPACE',''
  ) );
#10652 = PCURVE('',#10305,#10653);
#10653 = DEFINITIONAL_REPRESENTATION('',(#10654),#10658);
#10654 = B_SPLINE_CURVE_WITH_KNOTS('',2,(#10655,#10656,#10657),
  .UNSPECIFIED.,.F.,.F.,(3,3),(0.,1.),.PIECEWISE_BEZIER_KNOTS.);
#10655 = CARTESIAN_POINT('',(2.626416015625,2.086474609375));
#10656 = CARTESIAN_POINT('',(2.78505859375,1.76455078125));
#10657 = CARTESIAN_POINT('',(2.78505859375,1.35634765625));
#10658 = ( GEOMETRIC_REPRESENTATION_CONTEXT(2) 
PARAMETRIC_REPRESENTATION_CONTEXT() REPRESENTATION_CONTEXT('2D SPACE',''
  ) );
#10659 = ORIENTED_EDGE('',*,*,#10660,.F.);
#10660 = EDGE_CURVE('',#4635,#10638,#10661,.T.);
#10661 = SURFACE_CURVE('',#10662,(#10666,#10673),.PCURVE_S1.);
#10662 = LINE('',#10663,#10664);
#10663 = CARTESIAN_POINT('',(-1.225537109375,-17.44887695312,1.9));
#10664 = VECTOR('',#10665,1.);
#10665 = DIRECTION('',(0.,0.,1.));
#10666 = PCURVE('',#4664,#10667);
#10667 = DEFINITIONAL_REPRESENTATION('',(#10668),#10672);
#10668 = LINE('',#10669,#10670);
#10669 = CARTESIAN_POINT('',(1.,0.));
#10670 = VECTOR('',#10671,1.);
#10671 = DIRECTION('',(0.,-1.));
#10672 = ( GEOMETRIC_REPRESENTATION_CONTEXT(2) 
PARAMETRIC_REPRESENTATION_CONTEXT() REPRESENTATION_CONTEXT('2D SPACE',''
  ) );
#10673 = PCURVE('',#4715,#10674);
#10674 = DEFINITIONAL_REPRESENTATION('',(#10675),#10679);
#10675 = LINE('',#10676,#10677);
#10676 = CARTESIAN_POINT('',(0.,0.));
#10677 = VECTOR('',#10678,1.);
#10678 = DIRECTION('',(0.,-1.));
#10679 = ( GEOMETRIC_REPRESENTATION_CONTEXT(2) 
PARAMETRIC_REPRESENTATION_CONTEXT() REPRESENTATION_CONTEXT('2D SPACE',''
  ) );
#10680 = ADVANCED_FACE('',(#10681),#4817,.T.);
#10681 = FACE_BOUND('',#10682,.T.);
#10682 = EDGE_LOOP('',(#10683,#10684,#10707,#10728));
#10683 = ORIENTED_EDGE('',*,*,#4787,.T.);
#10684 = ORIENTED_EDGE('',*,*,#10685,.T.);
#10685 = EDGE_CURVE('',#4737,#10686,#10688,.T.);
#10686 = VERTEX_POINT('',#10687);
#10687 = CARTESIAN_POINT('',(-1.865673828125,-18.68369140625,2.6));
#10688 = SURFACE_CURVE('',#10689,(#10693,#10700),.PCURVE_S1.);
#10689 = LINE('',#10690,#10691);
#10690 = CARTESIAN_POINT('',(-1.865673828125,-18.68369140625,1.9));
#10691 = VECTOR('',#10692,1.);
#10692 = DIRECTION('',(0.,0.,1.));
#10693 = PCURVE('',#4817,#10694);
#10694 = DEFINITIONAL_REPRESENTATION('',(#10695),#10699);
#10695 = LINE('',#10696,#10697);
#10696 = CARTESIAN_POINT('',(0.,0.));
#10697 = VECTOR('',#10698,1.);
#10698 = DIRECTION('',(0.,-1.));
#10699 = ( GEOMETRIC_REPRESENTATION_CONTEXT(2) 
PARAMETRIC_REPRESENTATION_CONTEXT() REPRESENTATION_CONTEXT('2D SPACE',''
  ) );
#10700 = PCURVE('',#4766,#10701);
#10701 = DEFINITIONAL_REPRESENTATION('',(#10702),#10706);
#10702 = LINE('',#10703,#10704);
#10703 = CARTESIAN_POINT('',(1.,0.));
#10704 = VECTOR('',#10705,1.);
#10705 = DIRECTION('',(0.,-1.));
#10706 = ( GEOMETRIC_REPRESENTATION_CONTEXT(2) 
PARAMETRIC_REPRESENTATION_CONTEXT() REPRESENTATION_CONTEXT('2D SPACE',''
  ) );
#10707 = ORIENTED_EDGE('',*,*,#10708,.T.);
#10708 = EDGE_CURVE('',#10686,#10588,#10709,.T.);
#10709 = SURFACE_CURVE('',#10710,(#10714,#10721),.PCURVE_S1.);
#10710 = B_SPLINE_CURVE_WITH_KNOTS('',2,(#10711,#10712,#10713),
  .UNSPECIFIED.,.F.,.F.,(3,3),(0.,1.),.PIECEWISE_BEZIER_KNOTS.);
#10711 = CARTESIAN_POINT('',(-1.865673828125,-18.68369140625,2.6));
#10712 = CARTESIAN_POINT('',(-2.171826171875,-18.85161132812,2.6));
#10713 = CARTESIAN_POINT('',(-2.526220703125,-18.85161132812,2.6));
#10714 = PCURVE('',#4817,#10715);
#10715 = DEFINITIONAL_REPRESENTATION('',(#10716),#10720);
#10716 = LINE('',#10717,#10718);
#10717 = CARTESIAN_POINT('',(0.,-0.7));
#10718 = VECTOR('',#10719,1.);
#10719 = DIRECTION('',(1.,0.));
#10720 = ( GEOMETRIC_REPRESENTATION_CONTEXT(2) 
PARAMETRIC_REPRESENTATION_CONTEXT() REPRESENTATION_CONTEXT('2D SPACE',''
  ) );
#10721 = PCURVE('',#10305,#10722);
#10722 = DEFINITIONAL_REPRESENTATION('',(#10723),#10727);
#10723 = B_SPLINE_CURVE_WITH_KNOTS('',2,(#10724,#10725,#10726),
  .UNSPECIFIED.,.F.,.F.,(3,3),(0.,1.),.PIECEWISE_BEZIER_KNOTS.);
#10724 = CARTESIAN_POINT('',(2.144921875,0.121533203125));
#10725 = CARTESIAN_POINT('',(1.83876953125,-4.638671875E-02));
#10726 = CARTESIAN_POINT('',(1.484375,-4.638671875E-02));
#10727 = ( GEOMETRIC_REPRESENTATION_CONTEXT(2) 
PARAMETRIC_REPRESENTATION_CONTEXT() REPRESENTATION_CONTEXT('2D SPACE',''
  ) );
#10728 = ORIENTED_EDGE('',*,*,#10587,.F.);
#10729 = ADVANCED_FACE('',(#10730),#4715,.T.);
#10730 = FACE_BOUND('',#10731,.T.);
#10731 = EDGE_LOOP('',(#10732,#10733,#10734,#10757));
#10732 = ORIENTED_EDGE('',*,*,#4685,.T.);
#10733 = ORIENTED_EDGE('',*,*,#10660,.T.);
#10734 = ORIENTED_EDGE('',*,*,#10735,.T.);
#10735 = EDGE_CURVE('',#10638,#10736,#10738,.T.);
#10736 = VERTEX_POINT('',#10737);
#10737 = CARTESIAN_POINT('',(-1.392529296875,-18.18920898437,2.6));
#10738 = SURFACE_CURVE('',#10739,(#10743,#10750),.PCURVE_S1.);
#10739 = B_SPLINE_CURVE_WITH_KNOTS('',2,(#10740,#10741,#10742),
  .UNSPECIFIED.,.F.,.F.,(3,3),(0.,1.),.PIECEWISE_BEZIER_KNOTS.);
#10740 = CARTESIAN_POINT('',(-1.225537109375,-17.44887695312,2.6));
#10741 = CARTESIAN_POINT('',(-1.225537109375,-17.86264648437,2.6));
#10742 = CARTESIAN_POINT('',(-1.392529296875,-18.18920898437,2.6));
#10743 = PCURVE('',#4715,#10744);
#10744 = DEFINITIONAL_REPRESENTATION('',(#10745),#10749);
#10745 = LINE('',#10746,#10747);
#10746 = CARTESIAN_POINT('',(0.,-0.7));
#10747 = VECTOR('',#10748,1.);
#10748 = DIRECTION('',(1.,0.));
#10749 = ( GEOMETRIC_REPRESENTATION_CONTEXT(2) 
PARAMETRIC_REPRESENTATION_CONTEXT() REPRESENTATION_CONTEXT('2D SPACE',''
  ) );
#10750 = PCURVE('',#10305,#10751);
#10751 = DEFINITIONAL_REPRESENTATION('',(#10752),#10756);
#10752 = B_SPLINE_CURVE_WITH_KNOTS('',2,(#10753,#10754,#10755),
  .UNSPECIFIED.,.F.,.F.,(3,3),(0.,1.),.PIECEWISE_BEZIER_KNOTS.);
#10753 = CARTESIAN_POINT('',(2.78505859375,1.35634765625));
#10754 = CARTESIAN_POINT('',(2.78505859375,0.942578125));
#10755 = CARTESIAN_POINT('',(2.61806640625,0.616015625));
#10756 = ( GEOMETRIC_REPRESENTATION_CONTEXT(2) 
PARAMETRIC_REPRESENTATION_CONTEXT() REPRESENTATION_CONTEXT('2D SPACE',''
  ) );
#10757 = ORIENTED_EDGE('',*,*,#10758,.F.);
#10758 = EDGE_CURVE('',#4686,#10736,#10759,.T.);
#10759 = SURFACE_CURVE('',#10760,(#10764,#10771),.PCURVE_S1.);
#10760 = LINE('',#10761,#10762);
#10761 = CARTESIAN_POINT('',(-1.392529296875,-18.18920898437,1.9));
#10762 = VECTOR('',#10763,1.);
#10763 = DIRECTION('',(0.,0.,1.));
#10764 = PCURVE('',#4715,#10765);
#10765 = DEFINITIONAL_REPRESENTATION('',(#10766),#10770);
#10766 = LINE('',#10767,#10768);
#10767 = CARTESIAN_POINT('',(1.,0.));
#10768 = VECTOR('',#10769,1.);
#10769 = DIRECTION('',(0.,-1.));
#10770 = ( GEOMETRIC_REPRESENTATION_CONTEXT(2) 
PARAMETRIC_REPRESENTATION_CONTEXT() REPRESENTATION_CONTEXT('2D SPACE',''
  ) );
#10771 = PCURVE('',#4766,#10772);
#10772 = DEFINITIONAL_REPRESENTATION('',(#10773),#10777);
#10773 = LINE('',#10774,#10775);
#10774 = CARTESIAN_POINT('',(0.,0.));
#10775 = VECTOR('',#10776,1.);
#10776 = DIRECTION('',(0.,-1.));
#10777 = ( GEOMETRIC_REPRESENTATION_CONTEXT(2) 
PARAMETRIC_REPRESENTATION_CONTEXT() REPRESENTATION_CONTEXT('2D SPACE',''
  ) );
#10778 = ADVANCED_FACE('',(#10779),#4766,.T.);
#10779 = FACE_BOUND('',#10780,.T.);
#10780 = EDGE_LOOP('',(#10781,#10782,#10783,#10804));
#10781 = ORIENTED_EDGE('',*,*,#4736,.T.);
#10782 = ORIENTED_EDGE('',*,*,#10758,.T.);
#10783 = ORIENTED_EDGE('',*,*,#10784,.T.);
#10784 = EDGE_CURVE('',#10736,#10686,#10785,.T.);
#10785 = SURFACE_CURVE('',#10786,(#10790,#10797),.PCURVE_S1.);
#10786 = B_SPLINE_CURVE_WITH_KNOTS('',2,(#10787,#10788,#10789),
  .UNSPECIFIED.,.F.,.F.,(3,3),(0.,1.),.PIECEWISE_BEZIER_KNOTS.);
#10787 = CARTESIAN_POINT('',(-1.392529296875,-18.18920898437,2.6));
#10788 = CARTESIAN_POINT('',(-1.559521484375,-18.51577148437,2.6));
#10789 = CARTESIAN_POINT('',(-1.865673828125,-18.68369140625,2.6));
#10790 = PCURVE('',#4766,#10791);
#10791 = DEFINITIONAL_REPRESENTATION('',(#10792),#10796);
#10792 = LINE('',#10793,#10794);
#10793 = CARTESIAN_POINT('',(0.,-0.7));
#10794 = VECTOR('',#10795,1.);
#10795 = DIRECTION('',(1.,0.));
#10796 = ( GEOMETRIC_REPRESENTATION_CONTEXT(2) 
PARAMETRIC_REPRESENTATION_CONTEXT() REPRESENTATION_CONTEXT('2D SPACE',''
  ) );
#10797 = PCURVE('',#10305,#10798);
#10798 = DEFINITIONAL_REPRESENTATION('',(#10799),#10803);
#10799 = B_SPLINE_CURVE_WITH_KNOTS('',2,(#10800,#10801,#10802),
  .UNSPECIFIED.,.F.,.F.,(3,3),(0.,1.),.PIECEWISE_BEZIER_KNOTS.);
#10800 = CARTESIAN_POINT('',(2.61806640625,0.616015625));
#10801 = CARTESIAN_POINT('',(2.45107421875,0.289453125));
#10802 = CARTESIAN_POINT('',(2.144921875,0.121533203125));
#10803 = ( GEOMETRIC_REPRESENTATION_CONTEXT(2) 
PARAMETRIC_REPRESENTATION_CONTEXT() REPRESENTATION_CONTEXT('2D SPACE',''
  ) );
#10804 = ORIENTED_EDGE('',*,*,#10685,.F.);
#10805 = ADVANCED_FACE('',(#10806),#5009,.T.);
#10806 = FACE_BOUND('',#10807,.T.);
#10807 = EDGE_LOOP('',(#10808,#10809,#10832,#10860));
#10808 = ORIENTED_EDGE('',*,*,#4991,.T.);
#10809 = ORIENTED_EDGE('',*,*,#10810,.T.);
#10810 = EDGE_CURVE('',#4994,#10811,#10813,.T.);
#10811 = VERTEX_POINT('',#10812);
#10812 = CARTESIAN_POINT('',(1.023291015625,-17.65483398437,2.6));
#10813 = SURFACE_CURVE('',#10814,(#10818,#10825),.PCURVE_S1.);
#10814 = LINE('',#10815,#10816);
#10815 = CARTESIAN_POINT('',(1.023291015625,-17.65483398437,1.9));
#10816 = VECTOR('',#10817,1.);
#10817 = DIRECTION('',(0.,0.,1.));
#10818 = PCURVE('',#5009,#10819);
#10819 = DEFINITIONAL_REPRESENTATION('',(#10820),#10824);
#10820 = LINE('',#10821,#10822);
#10821 = CARTESIAN_POINT('',(0.,0.));
#10822 = VECTOR('',#10823,1.);
#10823 = DIRECTION('',(0.,-1.));
#10824 = ( GEOMETRIC_REPRESENTATION_CONTEXT(2) 
PARAMETRIC_REPRESENTATION_CONTEXT() REPRESENTATION_CONTEXT('2D SPACE',''
  ) );
#10825 = PCURVE('',#5643,#10826);
#10826 = DEFINITIONAL_REPRESENTATION('',(#10827),#10831);
#10827 = LINE('',#10828,#10829);
#10828 = CARTESIAN_POINT('',(1.,0.));
#10829 = VECTOR('',#10830,1.);
#10830 = DIRECTION('',(0.,-1.));
#10831 = ( GEOMETRIC_REPRESENTATION_CONTEXT(2) 
PARAMETRIC_REPRESENTATION_CONTEXT() REPRESENTATION_CONTEXT('2D SPACE',''
  ) );
#10832 = ORIENTED_EDGE('',*,*,#10833,.T.);
#10833 = EDGE_CURVE('',#10811,#10834,#10836,.T.);
#10834 = VERTEX_POINT('',#10835);
#10835 = CARTESIAN_POINT('',(1.023291015625,-16.08510742187,2.6));
#10836 = SURFACE_CURVE('',#10837,(#10841,#10848),.PCURVE_S1.);
#10837 = LINE('',#10838,#10839);
#10838 = CARTESIAN_POINT('',(1.023291015625,-17.65483398437,2.6));
#10839 = VECTOR('',#10840,1.);
#10840 = DIRECTION('',(0.,1.,0.));
#10841 = PCURVE('',#5009,#10842);
#10842 = DEFINITIONAL_REPRESENTATION('',(#10843),#10847);
#10843 = LINE('',#10844,#10845);
#10844 = CARTESIAN_POINT('',(0.,-0.7));
#10845 = VECTOR('',#10846,1.);
#10846 = DIRECTION('',(1.,0.));
#10847 = ( GEOMETRIC_REPRESENTATION_CONTEXT(2) 
PARAMETRIC_REPRESENTATION_CONTEXT() REPRESENTATION_CONTEXT('2D SPACE',''
  ) );
#10848 = PCURVE('',#10849,#10854);
#10849 = PLANE('',#10850);
#10850 = AXIS2_PLACEMENT_3D('',#10851,#10852,#10853);
#10851 = CARTESIAN_POINT('',(-1.054833984375,-18.80522460937,2.6));
#10852 = DIRECTION('',(0.,0.,1.));
#10853 = DIRECTION('',(1.,0.,0.));
#10854 = DEFINITIONAL_REPRESENTATION('',(#10855),#10859);
#10855 = LINE('',#10856,#10857);
#10856 = CARTESIAN_POINT('',(2.078125,1.150390625));
#10857 = VECTOR('',#10858,1.);
#10858 = DIRECTION('',(0.,1.));
#10859 = ( GEOMETRIC_REPRESENTATION_CONTEXT(2) 
PARAMETRIC_REPRESENTATION_CONTEXT() REPRESENTATION_CONTEXT('2D SPACE',''
  ) );
#10860 = ORIENTED_EDGE('',*,*,#10861,.F.);
#10861 = EDGE_CURVE('',#4992,#10834,#10862,.T.);
#10862 = SURFACE_CURVE('',#10863,(#10867,#10874),.PCURVE_S1.);
#10863 = LINE('',#10864,#10865);
#10864 = CARTESIAN_POINT('',(1.023291015625,-16.08510742187,1.9));
#10865 = VECTOR('',#10866,1.);
#10866 = DIRECTION('',(0.,0.,1.));
#10867 = PCURVE('',#5009,#10868);
#10868 = DEFINITIONAL_REPRESENTATION('',(#10869),#10873);
#10869 = LINE('',#10870,#10871);
#10870 = CARTESIAN_POINT('',(1.5697265625,0.));
#10871 = VECTOR('',#10872,1.);
#10872 = DIRECTION('',(0.,-1.));
#10873 = ( GEOMETRIC_REPRESENTATION_CONTEXT(2) 
PARAMETRIC_REPRESENTATION_CONTEXT() REPRESENTATION_CONTEXT('2D SPACE',''
  ) );
#10874 = PCURVE('',#5036,#10875);
#10875 = DEFINITIONAL_REPRESENTATION('',(#10876),#10880);
#10876 = LINE('',#10877,#10878);
#10877 = CARTESIAN_POINT('',(0.,0.));
#10878 = VECTOR('',#10879,1.);
#10879 = DIRECTION('',(0.,-1.));
#10880 = ( GEOMETRIC_REPRESENTATION_CONTEXT(2) 
PARAMETRIC_REPRESENTATION_CONTEXT() REPRESENTATION_CONTEXT('2D SPACE',''
  ) );
#10881 = ADVANCED_FACE('',(#10882),#5036,.T.);
#10882 = FACE_BOUND('',#10883,.T.);
#10883 = EDGE_LOOP('',(#10884,#10885,#10886,#10909));
#10884 = ORIENTED_EDGE('',*,*,#5020,.T.);
#10885 = ORIENTED_EDGE('',*,*,#10861,.T.);
#10886 = ORIENTED_EDGE('',*,*,#10887,.T.);
#10887 = EDGE_CURVE('',#10834,#10888,#10890,.T.);
#10888 = VERTEX_POINT('',#10889);
#10889 = CARTESIAN_POINT('',(1.383251953125,-16.08510742187,2.6));
#10890 = SURFACE_CURVE('',#10891,(#10895,#10902),.PCURVE_S1.);
#10891 = LINE('',#10892,#10893);
#10892 = CARTESIAN_POINT('',(1.023291015625,-16.08510742187,2.6));
#10893 = VECTOR('',#10894,1.);
#10894 = DIRECTION('',(1.,0.,0.));
#10895 = PCURVE('',#5036,#10896);
#10896 = DEFINITIONAL_REPRESENTATION('',(#10897),#10901);
#10897 = LINE('',#10898,#10899);
#10898 = CARTESIAN_POINT('',(0.,-0.7));
#10899 = VECTOR('',#10900,1.);
#10900 = DIRECTION('',(1.,0.));
#10901 = ( GEOMETRIC_REPRESENTATION_CONTEXT(2) 
PARAMETRIC_REPRESENTATION_CONTEXT() REPRESENTATION_CONTEXT('2D SPACE',''
  ) );
#10902 = PCURVE('',#10849,#10903);
#10903 = DEFINITIONAL_REPRESENTATION('',(#10904),#10908);
#10904 = LINE('',#10905,#10906);
#10905 = CARTESIAN_POINT('',(2.078125,2.7201171875));
#10906 = VECTOR('',#10907,1.);
#10907 = DIRECTION('',(1.,0.));
#10908 = ( GEOMETRIC_REPRESENTATION_CONTEXT(2) 
PARAMETRIC_REPRESENTATION_CONTEXT() REPRESENTATION_CONTEXT('2D SPACE',''
  ) );
#10909 = ORIENTED_EDGE('',*,*,#10910,.F.);
#10910 = EDGE_CURVE('',#5021,#10888,#10911,.T.);
#10911 = SURFACE_CURVE('',#10912,(#10916,#10923),.PCURVE_S1.);
#10912 = LINE('',#10913,#10914);
#10913 = CARTESIAN_POINT('',(1.383251953125,-16.08510742187,1.9));
#10914 = VECTOR('',#10915,1.);
#10915 = DIRECTION('',(0.,0.,1.));
#10916 = PCURVE('',#5036,#10917);
#10917 = DEFINITIONAL_REPRESENTATION('',(#10918),#10922);
#10918 = LINE('',#10919,#10920);
#10919 = CARTESIAN_POINT('',(0.3599609375,0.));
#10920 = VECTOR('',#10921,1.);
#10921 = DIRECTION('',(0.,-1.));
#10922 = ( GEOMETRIC_REPRESENTATION_CONTEXT(2) 
PARAMETRIC_REPRESENTATION_CONTEXT() REPRESENTATION_CONTEXT('2D SPACE',''
  ) );
#10923 = PCURVE('',#5063,#10924);
#10924 = DEFINITIONAL_REPRESENTATION('',(#10925),#10929);
#10925 = LINE('',#10926,#10927);
#10926 = CARTESIAN_POINT('',(0.,0.));
#10927 = VECTOR('',#10928,1.);
#10928 = DIRECTION('',(0.,-1.));
#10929 = ( GEOMETRIC_REPRESENTATION_CONTEXT(2) 
PARAMETRIC_REPRESENTATION_CONTEXT() REPRESENTATION_CONTEXT('2D SPACE',''
  ) );
#10930 = ADVANCED_FACE('',(#10931),#5643,.T.);
#10931 = FACE_BOUND('',#10932,.T.);
#10932 = EDGE_LOOP('',(#10933,#10934,#10957,#10978));
#10933 = ORIENTED_EDGE('',*,*,#5611,.T.);
#10934 = ORIENTED_EDGE('',*,*,#10935,.T.);
#10935 = EDGE_CURVE('',#5561,#10936,#10938,.T.);
#10936 = VERTEX_POINT('',#10937);
#10937 = CARTESIAN_POINT('',(0.854443359375,-18.34692382812,2.6));
#10938 = SURFACE_CURVE('',#10939,(#10943,#10950),.PCURVE_S1.);
#10939 = LINE('',#10940,#10941);
#10940 = CARTESIAN_POINT('',(0.854443359375,-18.34692382812,1.9));
#10941 = VECTOR('',#10942,1.);
#10942 = DIRECTION('',(0.,0.,1.));
#10943 = PCURVE('',#5643,#10944);
#10944 = DEFINITIONAL_REPRESENTATION('',(#10945),#10949);
#10945 = LINE('',#10946,#10947);
#10946 = CARTESIAN_POINT('',(0.,0.));
#10947 = VECTOR('',#10948,1.);
#10948 = DIRECTION('',(0.,-1.));
#10949 = ( GEOMETRIC_REPRESENTATION_CONTEXT(2) 
PARAMETRIC_REPRESENTATION_CONTEXT() REPRESENTATION_CONTEXT('2D SPACE',''
  ) );
#10950 = PCURVE('',#5590,#10951);
#10951 = DEFINITIONAL_REPRESENTATION('',(#10952),#10956);
#10952 = LINE('',#10953,#10954);
#10953 = CARTESIAN_POINT('',(1.,0.));
#10954 = VECTOR('',#10955,1.);
#10955 = DIRECTION('',(0.,-1.));
#10956 = ( GEOMETRIC_REPRESENTATION_CONTEXT(2) 
PARAMETRIC_REPRESENTATION_CONTEXT() REPRESENTATION_CONTEXT('2D SPACE',''
  ) );
#10957 = ORIENTED_EDGE('',*,*,#10958,.T.);
#10958 = EDGE_CURVE('',#10936,#10811,#10959,.T.);
#10959 = SURFACE_CURVE('',#10960,(#10964,#10971),.PCURVE_S1.);
#10960 = B_SPLINE_CURVE_WITH_KNOTS('',2,(#10961,#10962,#10963),
  .UNSPECIFIED.,.F.,.F.,(3,3),(0.,1.),.PIECEWISE_BEZIER_KNOTS.);
#10961 = CARTESIAN_POINT('',(0.854443359375,-18.34692382812,2.6));
#10962 = CARTESIAN_POINT('',(1.023291015625,-18.16694335937,2.6));
#10963 = CARTESIAN_POINT('',(1.023291015625,-17.65483398437,2.6));
#10964 = PCURVE('',#5643,#10965);
#10965 = DEFINITIONAL_REPRESENTATION('',(#10966),#10970);
#10966 = LINE('',#10967,#10968);
#10967 = CARTESIAN_POINT('',(0.,-0.7));
#10968 = VECTOR('',#10969,1.);
#10969 = DIRECTION('',(1.,0.));
#10970 = ( GEOMETRIC_REPRESENTATION_CONTEXT(2) 
PARAMETRIC_REPRESENTATION_CONTEXT() REPRESENTATION_CONTEXT('2D SPACE',''
  ) );
#10971 = PCURVE('',#10849,#10972);
#10972 = DEFINITIONAL_REPRESENTATION('',(#10973),#10977);
#10973 = B_SPLINE_CURVE_WITH_KNOTS('',2,(#10974,#10975,#10976),
  .UNSPECIFIED.,.F.,.F.,(3,3),(0.,1.),.PIECEWISE_BEZIER_KNOTS.);
#10974 = CARTESIAN_POINT('',(1.90927734375,0.45830078125));
#10975 = CARTESIAN_POINT('',(2.078125,0.63828125));
#10976 = CARTESIAN_POINT('',(2.078125,1.150390625));
#10977 = ( GEOMETRIC_REPRESENTATION_CONTEXT(2) 
PARAMETRIC_REPRESENTATION_CONTEXT() REPRESENTATION_CONTEXT('2D SPACE',''
  ) );
#10978 = ORIENTED_EDGE('',*,*,#10810,.F.);
#10979 = ADVANCED_FACE('',(#10980),#5063,.T.);
#10980 = FACE_BOUND('',#10981,.T.);
#10981 = EDGE_LOOP('',(#10982,#10983,#10984,#11007));
#10982 = ORIENTED_EDGE('',*,*,#5047,.T.);
#10983 = ORIENTED_EDGE('',*,*,#10910,.T.);
#10984 = ORIENTED_EDGE('',*,*,#10985,.T.);
#10985 = EDGE_CURVE('',#10888,#10986,#10988,.T.);
#10986 = VERTEX_POINT('',#10987);
#10987 = CARTESIAN_POINT('',(1.383251953125,-17.65668945312,2.6));
#10988 = SURFACE_CURVE('',#10989,(#10993,#11000),.PCURVE_S1.);
#10989 = LINE('',#10990,#10991);
#10990 = CARTESIAN_POINT('',(1.383251953125,-16.08510742187,2.6));
#10991 = VECTOR('',#10992,1.);
#10992 = DIRECTION('',(0.,-1.,0.));
#10993 = PCURVE('',#5063,#10994);
#10994 = DEFINITIONAL_REPRESENTATION('',(#10995),#10999);
#10995 = LINE('',#10996,#10997);
#10996 = CARTESIAN_POINT('',(0.,-0.7));
#10997 = VECTOR('',#10998,1.);
#10998 = DIRECTION('',(1.,0.));
#10999 = ( GEOMETRIC_REPRESENTATION_CONTEXT(2) 
PARAMETRIC_REPRESENTATION_CONTEXT() REPRESENTATION_CONTEXT('2D SPACE',''
  ) );
#11000 = PCURVE('',#10849,#11001);
#11001 = DEFINITIONAL_REPRESENTATION('',(#11002),#11006);
#11002 = LINE('',#11003,#11004);
#11003 = CARTESIAN_POINT('',(2.4380859375,2.7201171875));
#11004 = VECTOR('',#11005,1.);
#11005 = DIRECTION('',(0.,-1.));
#11006 = ( GEOMETRIC_REPRESENTATION_CONTEXT(2) 
PARAMETRIC_REPRESENTATION_CONTEXT() REPRESENTATION_CONTEXT('2D SPACE',''
  ) );
#11007 = ORIENTED_EDGE('',*,*,#11008,.F.);
#11008 = EDGE_CURVE('',#5048,#10986,#11009,.T.);
#11009 = SURFACE_CURVE('',#11010,(#11014,#11021),.PCURVE_S1.);
#11010 = LINE('',#11011,#11012);
#11011 = CARTESIAN_POINT('',(1.383251953125,-17.65668945312,1.9));
#11012 = VECTOR('',#11013,1.);
#11013 = DIRECTION('',(0.,0.,1.));
#11014 = PCURVE('',#5063,#11015);
#11015 = DEFINITIONAL_REPRESENTATION('',(#11016),#11020);
#11016 = LINE('',#11017,#11018);
#11017 = CARTESIAN_POINT('',(1.57158203125,0.));
#11018 = VECTOR('',#11019,1.);
#11019 = DIRECTION('',(0.,-1.));
#11020 = ( GEOMETRIC_REPRESENTATION_CONTEXT(2) 
PARAMETRIC_REPRESENTATION_CONTEXT() REPRESENTATION_CONTEXT('2D SPACE',''
  ) );
#11021 = PCURVE('',#5098,#11022);
#11022 = DEFINITIONAL_REPRESENTATION('',(#11023),#11027);
#11023 = LINE('',#11024,#11025);
#11024 = CARTESIAN_POINT('',(0.,0.));
#11025 = VECTOR('',#11026,1.);
#11026 = DIRECTION('',(0.,-1.));
#11027 = ( GEOMETRIC_REPRESENTATION_CONTEXT(2) 
PARAMETRIC_REPRESENTATION_CONTEXT() REPRESENTATION_CONTEXT('2D SPACE',''
  ) );
#11028 = ADVANCED_FACE('',(#11029),#5590,.T.);
#11029 = FACE_BOUND('',#11030,.T.);
#11030 = EDGE_LOOP('',(#11031,#11032,#11055,#11076));
#11031 = ORIENTED_EDGE('',*,*,#5560,.T.);
#11032 = ORIENTED_EDGE('',*,*,#11033,.T.);
#11033 = EDGE_CURVE('',#5522,#11034,#11036,.T.);
#11034 = VERTEX_POINT('',#11035);
#11035 = CARTESIAN_POINT('',(0.288525390625,-18.52690429687,2.6));
#11036 = SURFACE_CURVE('',#11037,(#11041,#11048),.PCURVE_S1.);
#11037 = LINE('',#11038,#11039);
#11038 = CARTESIAN_POINT('',(0.288525390625,-18.52690429687,1.9));
#11039 = VECTOR('',#11040,1.);
#11040 = DIRECTION('',(0.,0.,1.));
#11041 = PCURVE('',#5590,#11042);
#11042 = DEFINITIONAL_REPRESENTATION('',(#11043),#11047);
#11043 = LINE('',#11044,#11045);
#11044 = CARTESIAN_POINT('',(0.,0.));
#11045 = VECTOR('',#11046,1.);
#11046 = DIRECTION('',(0.,-1.));
#11047 = ( GEOMETRIC_REPRESENTATION_CONTEXT(2) 
PARAMETRIC_REPRESENTATION_CONTEXT() REPRESENTATION_CONTEXT('2D SPACE',''
  ) );
#11048 = PCURVE('',#5543,#11049);
#11049 = DEFINITIONAL_REPRESENTATION('',(#11050),#11054);
#11050 = LINE('',#11051,#11052);
#11051 = CARTESIAN_POINT('',(1.,0.));
#11052 = VECTOR('',#11053,1.);
#11053 = DIRECTION('',(0.,-1.));
#11054 = ( GEOMETRIC_REPRESENTATION_CONTEXT(2) 
PARAMETRIC_REPRESENTATION_CONTEXT() REPRESENTATION_CONTEXT('2D SPACE',''
  ) );
#11055 = ORIENTED_EDGE('',*,*,#11056,.T.);
#11056 = EDGE_CURVE('',#11034,#10936,#11057,.T.);
#11057 = SURFACE_CURVE('',#11058,(#11062,#11069),.PCURVE_S1.);
#11058 = B_SPLINE_CURVE_WITH_KNOTS('',2,(#11059,#11060,#11061),
  .UNSPECIFIED.,.F.,.F.,(3,3),(0.,1.),.PIECEWISE_BEZIER_KNOTS.);
#11059 = CARTESIAN_POINT('',(0.288525390625,-18.52690429687,2.6));
#11060 = CARTESIAN_POINT('',(0.685595703125,-18.52690429687,2.6));
#11061 = CARTESIAN_POINT('',(0.854443359375,-18.34692382812,2.6));
#11062 = PCURVE('',#5590,#11063);
#11063 = DEFINITIONAL_REPRESENTATION('',(#11064),#11068);
#11064 = LINE('',#11065,#11066);
#11065 = CARTESIAN_POINT('',(0.,-0.7));
#11066 = VECTOR('',#11067,1.);
#11067 = DIRECTION('',(1.,0.));
#11068 = ( GEOMETRIC_REPRESENTATION_CONTEXT(2) 
PARAMETRIC_REPRESENTATION_CONTEXT() REPRESENTATION_CONTEXT('2D SPACE',''
  ) );
#11069 = PCURVE('',#10849,#11070);
#11070 = DEFINITIONAL_REPRESENTATION('',(#11071),#11075);
#11071 = B_SPLINE_CURVE_WITH_KNOTS('',2,(#11072,#11073,#11074),
  .UNSPECIFIED.,.F.,.F.,(3,3),(0.,1.),.PIECEWISE_BEZIER_KNOTS.);
#11072 = CARTESIAN_POINT('',(1.343359375,0.2783203125));
#11073 = CARTESIAN_POINT('',(1.7404296875,0.2783203125));
#11074 = CARTESIAN_POINT('',(1.90927734375,0.45830078125));
#11075 = ( GEOMETRIC_REPRESENTATION_CONTEXT(2) 
PARAMETRIC_REPRESENTATION_CONTEXT() REPRESENTATION_CONTEXT('2D SPACE',''
  ) );
#11076 = ORIENTED_EDGE('',*,*,#10935,.F.);
#11077 = ADVANCED_FACE('',(#11078),#5098,.T.);
#11078 = FACE_BOUND('',#11079,.T.);
#11079 = EDGE_LOOP('',(#11080,#11081,#11082,#11105));
#11080 = ORIENTED_EDGE('',*,*,#5074,.T.);
#11081 = ORIENTED_EDGE('',*,*,#11008,.T.);
#11082 = ORIENTED_EDGE('',*,*,#11083,.T.);
#11083 = EDGE_CURVE('',#10986,#11084,#11086,.T.);
#11084 = VERTEX_POINT('',#11085);
#11085 = CARTESIAN_POINT('',(1.290478515625,-18.30795898437,2.6));
#11086 = SURFACE_CURVE('',#11087,(#11091,#11098),.PCURVE_S1.);
#11087 = B_SPLINE_CURVE_WITH_KNOTS('',2,(#11088,#11089,#11090),
  .UNSPECIFIED.,.F.,.F.,(3,3),(0.,1.),.PIECEWISE_BEZIER_KNOTS.);
#11088 = CARTESIAN_POINT('',(1.383251953125,-17.65668945312,2.6));
#11089 = CARTESIAN_POINT('',(1.383251953125,-18.06674804687,2.6));
#11090 = CARTESIAN_POINT('',(1.290478515625,-18.30795898437,2.6));
#11091 = PCURVE('',#5098,#11092);
#11092 = DEFINITIONAL_REPRESENTATION('',(#11093),#11097);
#11093 = LINE('',#11094,#11095);
#11094 = CARTESIAN_POINT('',(0.,-0.7));
#11095 = VECTOR('',#11096,1.);
#11096 = DIRECTION('',(1.,0.));
#11097 = ( GEOMETRIC_REPRESENTATION_CONTEXT(2) 
PARAMETRIC_REPRESENTATION_CONTEXT() REPRESENTATION_CONTEXT('2D SPACE',''
  ) );
#11098 = PCURVE('',#10849,#11099);
#11099 = DEFINITIONAL_REPRESENTATION('',(#11100),#11104);
#11100 = B_SPLINE_CURVE_WITH_KNOTS('',2,(#11101,#11102,#11103),
  .UNSPECIFIED.,.F.,.F.,(3,3),(0.,1.),.PIECEWISE_BEZIER_KNOTS.);
#11101 = CARTESIAN_POINT('',(2.4380859375,1.14853515625));
#11102 = CARTESIAN_POINT('',(2.4380859375,0.7384765625));
#11103 = CARTESIAN_POINT('',(2.3453125,0.497265625));
#11104 = ( GEOMETRIC_REPRESENTATION_CONTEXT(2) 
PARAMETRIC_REPRESENTATION_CONTEXT() REPRESENTATION_CONTEXT('2D SPACE',''
  ) );
#11105 = ORIENTED_EDGE('',*,*,#11106,.F.);
#11106 = EDGE_CURVE('',#5075,#11084,#11107,.T.);
#11107 = SURFACE_CURVE('',#11108,(#11112,#11119),.PCURVE_S1.);
#11108 = LINE('',#11109,#11110);
#11109 = CARTESIAN_POINT('',(1.290478515625,-18.30795898437,1.9));
#11110 = VECTOR('',#11111,1.);
#11111 = DIRECTION('',(0.,0.,1.));
#11112 = PCURVE('',#5098,#11113);
#11113 = DEFINITIONAL_REPRESENTATION('',(#11114),#11118);
#11114 = LINE('',#11115,#11116);
#11115 = CARTESIAN_POINT('',(1.,0.));
#11116 = VECTOR('',#11117,1.);
#11117 = DIRECTION('',(0.,-1.));
#11118 = ( GEOMETRIC_REPRESENTATION_CONTEXT(2) 
PARAMETRIC_REPRESENTATION_CONTEXT() REPRESENTATION_CONTEXT('2D SPACE',''
  ) );
#11119 = PCURVE('',#5146,#11120);
#11120 = DEFINITIONAL_REPRESENTATION('',(#11121),#11125);
#11121 = LINE('',#11122,#11123);
#11122 = CARTESIAN_POINT('',(0.,0.));
#11123 = VECTOR('',#11124,1.);
#11124 = DIRECTION('',(0.,-1.));
#11125 = ( GEOMETRIC_REPRESENTATION_CONTEXT(2) 
PARAMETRIC_REPRESENTATION_CONTEXT() REPRESENTATION_CONTEXT('2D SPACE',''
  ) );
#11126 = ADVANCED_FACE('',(#11127),#5543,.T.);
#11127 = FACE_BOUND('',#11128,.T.);
#11128 = EDGE_LOOP('',(#11129,#11130,#11153,#11174));
#11129 = ORIENTED_EDGE('',*,*,#5521,.T.);
#11130 = ORIENTED_EDGE('',*,*,#11131,.T.);
#11131 = EDGE_CURVE('',#5477,#11132,#11134,.T.);
#11132 = VERTEX_POINT('',#11133);
#11133 = CARTESIAN_POINT('',(-0.10390625,-18.43598632812,2.6));
#11134 = SURFACE_CURVE('',#11135,(#11139,#11146),.PCURVE_S1.);
#11135 = LINE('',#11136,#11137);
#11136 = CARTESIAN_POINT('',(-0.10390625,-18.43598632812,1.9));
#11137 = VECTOR('',#11138,1.);
#11138 = DIRECTION('',(0.,0.,1.));
#11139 = PCURVE('',#5543,#11140);
#11140 = DEFINITIONAL_REPRESENTATION('',(#11141),#11145);
#11141 = LINE('',#11142,#11143);
#11142 = CARTESIAN_POINT('',(0.,0.));
#11143 = VECTOR('',#11144,1.);
#11144 = DIRECTION('',(0.,-1.));
#11145 = ( GEOMETRIC_REPRESENTATION_CONTEXT(2) 
PARAMETRIC_REPRESENTATION_CONTEXT() REPRESENTATION_CONTEXT('2D SPACE',''
  ) );
#11146 = PCURVE('',#5502,#11147);
#11147 = DEFINITIONAL_REPRESENTATION('',(#11148),#11152);
#11148 = LINE('',#11149,#11150);
#11149 = CARTESIAN_POINT('',(1.,0.));
#11150 = VECTOR('',#11151,1.);
#11151 = DIRECTION('',(0.,-1.));
#11152 = ( GEOMETRIC_REPRESENTATION_CONTEXT(2) 
PARAMETRIC_REPRESENTATION_CONTEXT() REPRESENTATION_CONTEXT('2D SPACE',''
  ) );
#11153 = ORIENTED_EDGE('',*,*,#11154,.T.);
#11154 = EDGE_CURVE('',#11132,#11034,#11155,.T.);
#11155 = SURFACE_CURVE('',#11156,(#11160,#11167),.PCURVE_S1.);
#11156 = B_SPLINE_CURVE_WITH_KNOTS('',2,(#11157,#11158,#11159),
  .UNSPECIFIED.,.F.,.F.,(3,3),(0.,1.),.PIECEWISE_BEZIER_KNOTS.);
#11157 = CARTESIAN_POINT('',(-0.10390625,-18.43598632812,2.6));
#11158 = CARTESIAN_POINT('',(5.6591796875E-02,-18.52690429687,2.6));
#11159 = CARTESIAN_POINT('',(0.288525390625,-18.52690429687,2.6));
#11160 = PCURVE('',#5543,#11161);
#11161 = DEFINITIONAL_REPRESENTATION('',(#11162),#11166);
#11162 = LINE('',#11163,#11164);
#11163 = CARTESIAN_POINT('',(0.,-0.7));
#11164 = VECTOR('',#11165,1.);
#11165 = DIRECTION('',(1.,0.));
#11166 = ( GEOMETRIC_REPRESENTATION_CONTEXT(2) 
PARAMETRIC_REPRESENTATION_CONTEXT() REPRESENTATION_CONTEXT('2D SPACE',''
  ) );
#11167 = PCURVE('',#10849,#11168);
#11168 = DEFINITIONAL_REPRESENTATION('',(#11169),#11173);
#11169 = B_SPLINE_CURVE_WITH_KNOTS('',2,(#11170,#11171,#11172),
  .UNSPECIFIED.,.F.,.F.,(3,3),(0.,1.),.PIECEWISE_BEZIER_KNOTS.);
#11170 = CARTESIAN_POINT('',(0.950927734375,0.36923828125));
#11171 = CARTESIAN_POINT('',(1.11142578125,0.2783203125));
#11172 = CARTESIAN_POINT('',(1.343359375,0.2783203125));
#11173 = ( GEOMETRIC_REPRESENTATION_CONTEXT(2) 
PARAMETRIC_REPRESENTATION_CONTEXT() REPRESENTATION_CONTEXT('2D SPACE',''
  ) );
#11174 = ORIENTED_EDGE('',*,*,#11033,.F.);
#11175 = ADVANCED_FACE('',(#11176),#5146,.T.);
#11176 = FACE_BOUND('',#11177,.T.);
#11177 = EDGE_LOOP('',(#11178,#11179,#11180,#11203));
#11178 = ORIENTED_EDGE('',*,*,#5116,.T.);
#11179 = ORIENTED_EDGE('',*,*,#11106,.T.);
#11180 = ORIENTED_EDGE('',*,*,#11181,.T.);
#11181 = EDGE_CURVE('',#11084,#11182,#11184,.T.);
#11182 = VERTEX_POINT('',#11183);
#11183 = CARTESIAN_POINT('',(0.95556640625,-18.700390625,2.6));
#11184 = SURFACE_CURVE('',#11185,(#11189,#11196),.PCURVE_S1.);
#11185 = B_SPLINE_CURVE_WITH_KNOTS('',2,(#11186,#11187,#11188),
  .UNSPECIFIED.,.F.,.F.,(3,3),(0.,1.),.PIECEWISE_BEZIER_KNOTS.);
#11186 = CARTESIAN_POINT('',(1.290478515625,-18.30795898437,2.6));
#11187 = CARTESIAN_POINT('',(1.197705078125,-18.54916992187,2.6));
#11188 = CARTESIAN_POINT('',(0.95556640625,-18.700390625,2.6));
#11189 = PCURVE('',#5146,#11190);
#11190 = DEFINITIONAL_REPRESENTATION('',(#11191),#11195);
#11191 = LINE('',#11192,#11193);
#11192 = CARTESIAN_POINT('',(0.,-0.7));
#11193 = VECTOR('',#11194,1.);
#11194 = DIRECTION('',(1.,0.));
#11195 = ( GEOMETRIC_REPRESENTATION_CONTEXT(2) 
PARAMETRIC_REPRESENTATION_CONTEXT() REPRESENTATION_CONTEXT('2D SPACE',''
  ) );
#11196 = PCURVE('',#10849,#11197);
#11197 = DEFINITIONAL_REPRESENTATION('',(#11198),#11202);
#11198 = B_SPLINE_CURVE_WITH_KNOTS('',2,(#11199,#11200,#11201),
  .UNSPECIFIED.,.F.,.F.,(3,3),(0.,1.),.PIECEWISE_BEZIER_KNOTS.);
#11199 = CARTESIAN_POINT('',(2.3453125,0.497265625));
#11200 = CARTESIAN_POINT('',(2.2525390625,0.2560546875));
#11201 = CARTESIAN_POINT('',(2.010400390625,0.104833984375));
#11202 = ( GEOMETRIC_REPRESENTATION_CONTEXT(2) 
PARAMETRIC_REPRESENTATION_CONTEXT() REPRESENTATION_CONTEXT('2D SPACE',''
  ) );
#11203 = ORIENTED_EDGE('',*,*,#11204,.F.);
#11204 = EDGE_CURVE('',#5117,#11182,#11205,.T.);
#11205 = SURFACE_CURVE('',#11206,(#11210,#11217),.PCURVE_S1.);
#11206 = LINE('',#11207,#11208);
#11207 = CARTESIAN_POINT('',(0.95556640625,-18.700390625,1.9));
#11208 = VECTOR('',#11209,1.);
#11209 = DIRECTION('',(0.,0.,1.));
#11210 = PCURVE('',#5146,#11211);
#11211 = DEFINITIONAL_REPRESENTATION('',(#11212),#11216);
#11212 = LINE('',#11213,#11214);
#11213 = CARTESIAN_POINT('',(1.,0.));
#11214 = VECTOR('',#11215,1.);
#11215 = DIRECTION('',(0.,-1.));
#11216 = ( GEOMETRIC_REPRESENTATION_CONTEXT(2) 
PARAMETRIC_REPRESENTATION_CONTEXT() REPRESENTATION_CONTEXT('2D SPACE',''
  ) );
#11217 = PCURVE('',#5197,#11218);
#11218 = DEFINITIONAL_REPRESENTATION('',(#11219),#11223);
#11219 = LINE('',#11220,#11221);
#11220 = CARTESIAN_POINT('',(0.,0.));
#11221 = VECTOR('',#11222,1.);
#11222 = DIRECTION('',(0.,-1.));
#11223 = ( GEOMETRIC_REPRESENTATION_CONTEXT(2) 
PARAMETRIC_REPRESENTATION_CONTEXT() REPRESENTATION_CONTEXT('2D SPACE',''
  ) );
#11224 = ADVANCED_FACE('',(#11225),#5502,.T.);
#11225 = FACE_BOUND('',#11226,.T.);
#11226 = EDGE_LOOP('',(#11227,#11228,#11251,#11272));
#11227 = ORIENTED_EDGE('',*,*,#5476,.T.);
#11228 = ORIENTED_EDGE('',*,*,#11229,.T.);
#11229 = EDGE_CURVE('',#5435,#11230,#11232,.T.);
#11230 = VERTEX_POINT('',#11231);
#11231 = CARTESIAN_POINT('',(-0.3302734375,-18.1771484375,2.6));
#11232 = SURFACE_CURVE('',#11233,(#11237,#11244),.PCURVE_S1.);
#11233 = LINE('',#11234,#11235);
#11234 = CARTESIAN_POINT('',(-0.3302734375,-18.1771484375,1.9));
#11235 = VECTOR('',#11236,1.);
#11236 = DIRECTION('',(0.,0.,1.));
#11237 = PCURVE('',#5502,#11238);
#11238 = DEFINITIONAL_REPRESENTATION('',(#11239),#11243);
#11239 = LINE('',#11240,#11241);
#11240 = CARTESIAN_POINT('',(0.,0.));
#11241 = VECTOR('',#11242,1.);
#11242 = DIRECTION('',(0.,-1.));
#11243 = ( GEOMETRIC_REPRESENTATION_CONTEXT(2) 
PARAMETRIC_REPRESENTATION_CONTEXT() REPRESENTATION_CONTEXT('2D SPACE',''
  ) );
#11244 = PCURVE('',#5458,#11245);
#11245 = DEFINITIONAL_REPRESENTATION('',(#11246),#11250);
#11246 = LINE('',#11247,#11248);
#11247 = CARTESIAN_POINT('',(1.,0.));
#11248 = VECTOR('',#11249,1.);
#11249 = DIRECTION('',(0.,-1.));
#11250 = ( GEOMETRIC_REPRESENTATION_CONTEXT(2) 
PARAMETRIC_REPRESENTATION_CONTEXT() REPRESENTATION_CONTEXT('2D SPACE',''
  ) );
#11251 = ORIENTED_EDGE('',*,*,#11252,.T.);
#11252 = EDGE_CURVE('',#11230,#11132,#11253,.T.);
#11253 = SURFACE_CURVE('',#11254,(#11258,#11265),.PCURVE_S1.);
#11254 = B_SPLINE_CURVE_WITH_KNOTS('',2,(#11255,#11256,#11257),
  .UNSPECIFIED.,.F.,.F.,(3,3),(0.,1.),.PIECEWISE_BEZIER_KNOTS.);
#11255 = CARTESIAN_POINT('',(-0.3302734375,-18.1771484375,2.6));
#11256 = CARTESIAN_POINT('',(-0.264404296875,-18.34506835937,2.6));
#11257 = CARTESIAN_POINT('',(-0.10390625,-18.43598632812,2.6));
#11258 = PCURVE('',#5502,#11259);
#11259 = DEFINITIONAL_REPRESENTATION('',(#11260),#11264);
#11260 = LINE('',#11261,#11262);
#11261 = CARTESIAN_POINT('',(0.,-0.7));
#11262 = VECTOR('',#11263,1.);
#11263 = DIRECTION('',(1.,0.));
#11264 = ( GEOMETRIC_REPRESENTATION_CONTEXT(2) 
PARAMETRIC_REPRESENTATION_CONTEXT() REPRESENTATION_CONTEXT('2D SPACE',''
  ) );
#11265 = PCURVE('',#10849,#11266);
#11266 = DEFINITIONAL_REPRESENTATION('',(#11267),#11271);
#11267 = B_SPLINE_CURVE_WITH_KNOTS('',2,(#11268,#11269,#11270),
  .UNSPECIFIED.,.F.,.F.,(3,3),(0.,1.),.PIECEWISE_BEZIER_KNOTS.);
#11268 = CARTESIAN_POINT('',(0.724560546875,0.628076171875));
#11269 = CARTESIAN_POINT('',(0.7904296875,0.46015625));
#11270 = CARTESIAN_POINT('',(0.950927734375,0.36923828125));
#11271 = ( GEOMETRIC_REPRESENTATION_CONTEXT(2) 
PARAMETRIC_REPRESENTATION_CONTEXT() REPRESENTATION_CONTEXT('2D SPACE',''
  ) );
#11272 = ORIENTED_EDGE('',*,*,#11131,.F.);
#11273 = ADVANCED_FACE('',(#11274),#5197,.T.);
#11274 = FACE_BOUND('',#11275,.T.);
#11275 = EDGE_LOOP('',(#11276,#11277,#11278,#11301));
#11276 = ORIENTED_EDGE('',*,*,#5167,.T.);
#11277 = ORIENTED_EDGE('',*,*,#11204,.T.);
#11278 = ORIENTED_EDGE('',*,*,#11279,.T.);
#11279 = EDGE_CURVE('',#11182,#11280,#11282,.T.);
#11280 = VERTEX_POINT('',#11281);
#11281 = CARTESIAN_POINT('',(0.320068359375,-18.85161132812,2.6));
#11282 = SURFACE_CURVE('',#11283,(#11287,#11294),.PCURVE_S1.);
#11283 = B_SPLINE_CURVE_WITH_KNOTS('',2,(#11284,#11285,#11286),
  .UNSPECIFIED.,.F.,.F.,(3,3),(0.,1.),.PIECEWISE_BEZIER_KNOTS.);
#11284 = CARTESIAN_POINT('',(0.95556640625,-18.700390625,2.6));
#11285 = CARTESIAN_POINT('',(0.713427734375,-18.85161132812,2.6));
#11286 = CARTESIAN_POINT('',(0.320068359375,-18.85161132812,2.6));
#11287 = PCURVE('',#5197,#11288);
#11288 = DEFINITIONAL_REPRESENTATION('',(#11289),#11293);
#11289 = LINE('',#11290,#11291);
#11290 = CARTESIAN_POINT('',(0.,-0.7));
#11291 = VECTOR('',#11292,1.);
#11292 = DIRECTION('',(1.,0.));
#11293 = ( GEOMETRIC_REPRESENTATION_CONTEXT(2) 
PARAMETRIC_REPRESENTATION_CONTEXT() REPRESENTATION_CONTEXT('2D SPACE',''
  ) );
#11294 = PCURVE('',#10849,#11295);
#11295 = DEFINITIONAL_REPRESENTATION('',(#11296),#11300);
#11296 = B_SPLINE_CURVE_WITH_KNOTS('',2,(#11297,#11298,#11299),
  .UNSPECIFIED.,.F.,.F.,(3,3),(0.,1.),.PIECEWISE_BEZIER_KNOTS.);
#11297 = CARTESIAN_POINT('',(2.010400390625,0.104833984375));
#11298 = CARTESIAN_POINT('',(1.76826171875,-4.638671875E-02));
#11299 = CARTESIAN_POINT('',(1.37490234375,-4.638671875E-02));
#11300 = ( GEOMETRIC_REPRESENTATION_CONTEXT(2) 
PARAMETRIC_REPRESENTATION_CONTEXT() REPRESENTATION_CONTEXT('2D SPACE',''
  ) );
#11301 = ORIENTED_EDGE('',*,*,#11302,.F.);
#11302 = EDGE_CURVE('',#5168,#11280,#11303,.T.);
#11303 = SURFACE_CURVE('',#11304,(#11308,#11315),.PCURVE_S1.);
#11304 = LINE('',#11305,#11306);
#11305 = CARTESIAN_POINT('',(0.320068359375,-18.85161132812,1.9));
#11306 = VECTOR('',#11307,1.);
#11307 = DIRECTION('',(0.,0.,1.));
#11308 = PCURVE('',#5197,#11309);
#11309 = DEFINITIONAL_REPRESENTATION('',(#11310),#11314);
#11310 = LINE('',#11311,#11312);
#11311 = CARTESIAN_POINT('',(1.,0.));
#11312 = VECTOR('',#11313,1.);
#11313 = DIRECTION('',(0.,-1.));
#11314 = ( GEOMETRIC_REPRESENTATION_CONTEXT(2) 
PARAMETRIC_REPRESENTATION_CONTEXT() REPRESENTATION_CONTEXT('2D SPACE',''
  ) );
#11315 = PCURVE('',#5242,#11316);
#11316 = DEFINITIONAL_REPRESENTATION('',(#11317),#11321);
#11317 = LINE('',#11318,#11319);
#11318 = CARTESIAN_POINT('',(0.,0.));
#11319 = VECTOR('',#11320,1.);
#11320 = DIRECTION('',(0.,-1.));
#11321 = ( GEOMETRIC_REPRESENTATION_CONTEXT(2) 
PARAMETRIC_REPRESENTATION_CONTEXT() REPRESENTATION_CONTEXT('2D SPACE',''
  ) );
#11322 = ADVANCED_FACE('',(#11323),#5458,.T.);
#11323 = FACE_BOUND('',#11324,.T.);
#11324 = EDGE_LOOP('',(#11325,#11326,#11349,#11370));
#11325 = ORIENTED_EDGE('',*,*,#5434,.T.);
#11326 = ORIENTED_EDGE('',*,*,#11327,.T.);
#11327 = EDGE_CURVE('',#5408,#11328,#11330,.T.);
#11328 = VERTEX_POINT('',#11329);
#11329 = CARTESIAN_POINT('',(-0.396142578125,-17.65483398437,2.6));
#11330 = SURFACE_CURVE('',#11331,(#11335,#11342),.PCURVE_S1.);
#11331 = LINE('',#11332,#11333);
#11332 = CARTESIAN_POINT('',(-0.396142578125,-17.65483398437,1.9));
#11333 = VECTOR('',#11334,1.);
#11334 = DIRECTION('',(0.,0.,1.));
#11335 = PCURVE('',#5458,#11336);
#11336 = DEFINITIONAL_REPRESENTATION('',(#11337),#11341);
#11337 = LINE('',#11338,#11339);
#11338 = CARTESIAN_POINT('',(0.,0.));
#11339 = VECTOR('',#11340,1.);
#11340 = DIRECTION('',(0.,-1.));
#11341 = ( GEOMETRIC_REPRESENTATION_CONTEXT(2) 
PARAMETRIC_REPRESENTATION_CONTEXT() REPRESENTATION_CONTEXT('2D SPACE',''
  ) );
#11342 = PCURVE('',#5423,#11343);
#11343 = DEFINITIONAL_REPRESENTATION('',(#11344),#11348);
#11344 = LINE('',#11345,#11346);
#11345 = CARTESIAN_POINT('',(1.5697265625,0.));
#11346 = VECTOR('',#11347,1.);
#11347 = DIRECTION('',(0.,-1.));
#11348 = ( GEOMETRIC_REPRESENTATION_CONTEXT(2) 
PARAMETRIC_REPRESENTATION_CONTEXT() REPRESENTATION_CONTEXT('2D SPACE',''
  ) );
#11349 = ORIENTED_EDGE('',*,*,#11350,.T.);
#11350 = EDGE_CURVE('',#11328,#11230,#11351,.T.);
#11351 = SURFACE_CURVE('',#11352,(#11356,#11363),.PCURVE_S1.);
#11352 = B_SPLINE_CURVE_WITH_KNOTS('',2,(#11353,#11354,#11355),
  .UNSPECIFIED.,.F.,.F.,(3,3),(0.,1.),.PIECEWISE_BEZIER_KNOTS.);
#11353 = CARTESIAN_POINT('',(-0.396142578125,-17.65483398437,2.6));
#11354 = CARTESIAN_POINT('',(-0.396142578125,-18.00922851562,2.6));
#11355 = CARTESIAN_POINT('',(-0.3302734375,-18.1771484375,2.6));
#11356 = PCURVE('',#5458,#11357);
#11357 = DEFINITIONAL_REPRESENTATION('',(#11358),#11362);
#11358 = LINE('',#11359,#11360);
#11359 = CARTESIAN_POINT('',(0.,-0.7));
#11360 = VECTOR('',#11361,1.);
#11361 = DIRECTION('',(1.,0.));
#11362 = ( GEOMETRIC_REPRESENTATION_CONTEXT(2) 
PARAMETRIC_REPRESENTATION_CONTEXT() REPRESENTATION_CONTEXT('2D SPACE',''
  ) );
#11363 = PCURVE('',#10849,#11364);
#11364 = DEFINITIONAL_REPRESENTATION('',(#11365),#11369);
#11365 = B_SPLINE_CURVE_WITH_KNOTS('',2,(#11366,#11367,#11368),
  .UNSPECIFIED.,.F.,.F.,(3,3),(0.,1.),.PIECEWISE_BEZIER_KNOTS.);
#11366 = CARTESIAN_POINT('',(0.65869140625,1.150390625));
#11367 = CARTESIAN_POINT('',(0.65869140625,0.79599609375));
#11368 = CARTESIAN_POINT('',(0.724560546875,0.628076171875));
#11369 = ( GEOMETRIC_REPRESENTATION_CONTEXT(2) 
PARAMETRIC_REPRESENTATION_CONTEXT() REPRESENTATION_CONTEXT('2D SPACE',''
  ) );
#11370 = ORIENTED_EDGE('',*,*,#11229,.F.);
#11371 = ADVANCED_FACE('',(#11372),#5242,.T.);
#11372 = FACE_BOUND('',#11373,.T.);
#11373 = EDGE_LOOP('',(#11374,#11375,#11376,#11399));
#11374 = ORIENTED_EDGE('',*,*,#5218,.T.);
#11375 = ORIENTED_EDGE('',*,*,#11302,.T.);
#11376 = ORIENTED_EDGE('',*,*,#11377,.T.);
#11377 = EDGE_CURVE('',#11280,#11378,#11380,.T.);
#11378 = VERTEX_POINT('',#11379);
#11379 = CARTESIAN_POINT('',(-0.305224609375,-18.71987304687,2.6));
#11380 = SURFACE_CURVE('',#11381,(#11385,#11392),.PCURVE_S1.);
#11381 = B_SPLINE_CURVE_WITH_KNOTS('',2,(#11382,#11383,#11384),
  .UNSPECIFIED.,.F.,.F.,(3,3),(0.,1.),.PIECEWISE_BEZIER_KNOTS.);
#11382 = CARTESIAN_POINT('',(0.320068359375,-18.85161132812,2.6));
#11383 = CARTESIAN_POINT('',(-6.2158203125E-02,-18.85161132812,2.6));
#11384 = CARTESIAN_POINT('',(-0.305224609375,-18.71987304687,2.6));
#11385 = PCURVE('',#5242,#11386);
#11386 = DEFINITIONAL_REPRESENTATION('',(#11387),#11391);
#11387 = LINE('',#11388,#11389);
#11388 = CARTESIAN_POINT('',(0.,-0.7));
#11389 = VECTOR('',#11390,1.);
#11390 = DIRECTION('',(1.,0.));
#11391 = ( GEOMETRIC_REPRESENTATION_CONTEXT(2) 
PARAMETRIC_REPRESENTATION_CONTEXT() REPRESENTATION_CONTEXT('2D SPACE',''
  ) );
#11392 = PCURVE('',#10849,#11393);
#11393 = DEFINITIONAL_REPRESENTATION('',(#11394),#11398);
#11394 = B_SPLINE_CURVE_WITH_KNOTS('',2,(#11395,#11396,#11397),
  .UNSPECIFIED.,.F.,.F.,(3,3),(0.,1.),.PIECEWISE_BEZIER_KNOTS.);
#11395 = CARTESIAN_POINT('',(1.37490234375,-4.638671875E-02));
#11396 = CARTESIAN_POINT('',(0.99267578125,-4.638671875E-02));
#11397 = CARTESIAN_POINT('',(0.749609375,8.53515625E-02));
#11398 = ( GEOMETRIC_REPRESENTATION_CONTEXT(2) 
PARAMETRIC_REPRESENTATION_CONTEXT() REPRESENTATION_CONTEXT('2D SPACE',''
  ) );
#11399 = ORIENTED_EDGE('',*,*,#11400,.F.);
#11400 = EDGE_CURVE('',#5219,#11378,#11401,.T.);
#11401 = SURFACE_CURVE('',#11402,(#11406,#11413),.PCURVE_S1.);
#11402 = LINE('',#11403,#11404);
#11403 = CARTESIAN_POINT('',(-0.305224609375,-18.71987304687,1.9));
#11404 = VECTOR('',#11405,1.);
#11405 = DIRECTION('',(0.,0.,1.));
#11406 = PCURVE('',#5242,#11407);
#11407 = DEFINITIONAL_REPRESENTATION('',(#11408),#11412);
#11408 = LINE('',#11409,#11410);
#11409 = CARTESIAN_POINT('',(1.,0.));
#11410 = VECTOR('',#11411,1.);
#11411 = DIRECTION('',(0.,-1.));
#11412 = ( GEOMETRIC_REPRESENTATION_CONTEXT(2) 
PARAMETRIC_REPRESENTATION_CONTEXT() REPRESENTATION_CONTEXT('2D SPACE',''
  ) );
#11413 = PCURVE('',#5290,#11414);
#11414 = DEFINITIONAL_REPRESENTATION('',(#11415),#11419);
#11415 = LINE('',#11416,#11417);
#11416 = CARTESIAN_POINT('',(0.,0.));
#11417 = VECTOR('',#11418,1.);
#11418 = DIRECTION('',(0.,-1.));
#11419 = ( GEOMETRIC_REPRESENTATION_CONTEXT(2) 
PARAMETRIC_REPRESENTATION_CONTEXT() REPRESENTATION_CONTEXT('2D SPACE',''
  ) );
#11420 = ADVANCED_FACE('',(#11421),#5423,.T.);
#11421 = FACE_BOUND('',#11422,.T.);
#11422 = EDGE_LOOP('',(#11423,#11424,#11447,#11468));
#11423 = ORIENTED_EDGE('',*,*,#5407,.T.);
#11424 = ORIENTED_EDGE('',*,*,#11425,.T.);
#11425 = EDGE_CURVE('',#5381,#11426,#11428,.T.);
#11426 = VERTEX_POINT('',#11427);
#11427 = CARTESIAN_POINT('',(-0.396142578125,-16.08510742187,2.6));
#11428 = SURFACE_CURVE('',#11429,(#11433,#11440),.PCURVE_S1.);
#11429 = LINE('',#11430,#11431);
#11430 = CARTESIAN_POINT('',(-0.396142578125,-16.08510742187,1.9));
#11431 = VECTOR('',#11432,1.);
#11432 = DIRECTION('',(0.,0.,1.));
#11433 = PCURVE('',#5423,#11434);
#11434 = DEFINITIONAL_REPRESENTATION('',(#11435),#11439);
#11435 = LINE('',#11436,#11437);
#11436 = CARTESIAN_POINT('',(0.,0.));
#11437 = VECTOR('',#11438,1.);
#11438 = DIRECTION('',(0.,-1.));
#11439 = ( GEOMETRIC_REPRESENTATION_CONTEXT(2) 
PARAMETRIC_REPRESENTATION_CONTEXT() REPRESENTATION_CONTEXT('2D SPACE',''
  ) );
#11440 = PCURVE('',#5396,#11441);
#11441 = DEFINITIONAL_REPRESENTATION('',(#11442),#11446);
#11442 = LINE('',#11443,#11444);
#11443 = CARTESIAN_POINT('',(0.3599609375,0.));
#11444 = VECTOR('',#11445,1.);
#11445 = DIRECTION('',(0.,-1.));
#11446 = ( GEOMETRIC_REPRESENTATION_CONTEXT(2) 
PARAMETRIC_REPRESENTATION_CONTEXT() REPRESENTATION_CONTEXT('2D SPACE',''
  ) );
#11447 = ORIENTED_EDGE('',*,*,#11448,.T.);
#11448 = EDGE_CURVE('',#11426,#11328,#11449,.T.);
#11449 = SURFACE_CURVE('',#11450,(#11454,#11461),.PCURVE_S1.);
#11450 = LINE('',#11451,#11452);
#11451 = CARTESIAN_POINT('',(-0.396142578125,-16.08510742187,2.6));
#11452 = VECTOR('',#11453,1.);
#11453 = DIRECTION('',(0.,-1.,0.));
#11454 = PCURVE('',#5423,#11455);
#11455 = DEFINITIONAL_REPRESENTATION('',(#11456),#11460);
#11456 = LINE('',#11457,#11458);
#11457 = CARTESIAN_POINT('',(0.,-0.7));
#11458 = VECTOR('',#11459,1.);
#11459 = DIRECTION('',(1.,0.));
#11460 = ( GEOMETRIC_REPRESENTATION_CONTEXT(2) 
PARAMETRIC_REPRESENTATION_CONTEXT() REPRESENTATION_CONTEXT('2D SPACE',''
  ) );
#11461 = PCURVE('',#10849,#11462);
#11462 = DEFINITIONAL_REPRESENTATION('',(#11463),#11467);
#11463 = LINE('',#11464,#11465);
#11464 = CARTESIAN_POINT('',(0.65869140625,2.7201171875));
#11465 = VECTOR('',#11466,1.);
#11466 = DIRECTION('',(0.,-1.));
#11467 = ( GEOMETRIC_REPRESENTATION_CONTEXT(2) 
PARAMETRIC_REPRESENTATION_CONTEXT() REPRESENTATION_CONTEXT('2D SPACE',''
  ) );
#11468 = ORIENTED_EDGE('',*,*,#11327,.F.);
#11469 = ADVANCED_FACE('',(#11470),#5290,.T.);
#11470 = FACE_BOUND('',#11471,.T.);
#11471 = EDGE_LOOP('',(#11472,#11473,#11474,#11497));
#11472 = ORIENTED_EDGE('',*,*,#5260,.T.);
#11473 = ORIENTED_EDGE('',*,*,#11400,.T.);
#11474 = ORIENTED_EDGE('',*,*,#11475,.T.);
#11475 = EDGE_CURVE('',#11378,#11476,#11478,.T.);
#11476 = VERTEX_POINT('',#11477);
#11477 = CARTESIAN_POINT('',(-0.652197265625,-18.33857421875,2.6));
#11478 = SURFACE_CURVE('',#11479,(#11483,#11490),.PCURVE_S1.);
#11479 = B_SPLINE_CURVE_WITH_KNOTS('',2,(#11480,#11481,#11482),
  .UNSPECIFIED.,.F.,.F.,(3,3),(0.,1.),.PIECEWISE_BEZIER_KNOTS.);
#11480 = CARTESIAN_POINT('',(-0.305224609375,-18.71987304687,2.6));
#11481 = CARTESIAN_POINT('',(-0.548291015625,-18.58813476562,2.6));
#11482 = CARTESIAN_POINT('',(-0.652197265625,-18.33857421875,2.6));
#11483 = PCURVE('',#5290,#11484);
#11484 = DEFINITIONAL_REPRESENTATION('',(#11485),#11489);
#11485 = LINE('',#11486,#11487);
#11486 = CARTESIAN_POINT('',(0.,-0.7));
#11487 = VECTOR('',#11488,1.);
#11488 = DIRECTION('',(1.,0.));
#11489 = ( GEOMETRIC_REPRESENTATION_CONTEXT(2) 
PARAMETRIC_REPRESENTATION_CONTEXT() REPRESENTATION_CONTEXT('2D SPACE',''
  ) );
#11490 = PCURVE('',#10849,#11491);
#11491 = DEFINITIONAL_REPRESENTATION('',(#11492),#11496);
#11492 = B_SPLINE_CURVE_WITH_KNOTS('',2,(#11493,#11494,#11495),
  .UNSPECIFIED.,.F.,.F.,(3,3),(0.,1.),.PIECEWISE_BEZIER_KNOTS.);
#11493 = CARTESIAN_POINT('',(0.749609375,8.53515625E-02));
#11494 = CARTESIAN_POINT('',(0.50654296875,0.21708984375));
#11495 = CARTESIAN_POINT('',(0.40263671875,0.466650390625));
#11496 = ( GEOMETRIC_REPRESENTATION_CONTEXT(2) 
PARAMETRIC_REPRESENTATION_CONTEXT() REPRESENTATION_CONTEXT('2D SPACE',''
  ) );
#11497 = ORIENTED_EDGE('',*,*,#11498,.F.);
#11498 = EDGE_CURVE('',#5261,#11476,#11499,.T.);
#11499 = SURFACE_CURVE('',#11500,(#11504,#11511),.PCURVE_S1.);
#11500 = LINE('',#11501,#11502);
#11501 = CARTESIAN_POINT('',(-0.652197265625,-18.33857421875,1.9));
#11502 = VECTOR('',#11503,1.);
#11503 = DIRECTION('',(0.,0.,1.));
#11504 = PCURVE('',#5290,#11505);
#11505 = DEFINITIONAL_REPRESENTATION('',(#11506),#11510);
#11506 = LINE('',#11507,#11508);
#11507 = CARTESIAN_POINT('',(1.,0.));
#11508 = VECTOR('',#11509,1.);
#11509 = DIRECTION('',(0.,-1.));
#11510 = ( GEOMETRIC_REPRESENTATION_CONTEXT(2) 
PARAMETRIC_REPRESENTATION_CONTEXT() REPRESENTATION_CONTEXT('2D SPACE',''
  ) );
#11511 = PCURVE('',#5335,#11512);
#11512 = DEFINITIONAL_REPRESENTATION('',(#11513),#11517);
#11513 = LINE('',#11514,#11515);
#11514 = CARTESIAN_POINT('',(0.,0.));
#11515 = VECTOR('',#11516,1.);
#11516 = DIRECTION('',(0.,-1.));
#11517 = ( GEOMETRIC_REPRESENTATION_CONTEXT(2) 
PARAMETRIC_REPRESENTATION_CONTEXT() REPRESENTATION_CONTEXT('2D SPACE',''
  ) );
#11518 = ADVANCED_FACE('',(#11519),#5396,.T.);
#11519 = FACE_BOUND('',#11520,.T.);
#11520 = EDGE_LOOP('',(#11521,#11522,#11545,#11566));
#11521 = ORIENTED_EDGE('',*,*,#5380,.T.);
#11522 = ORIENTED_EDGE('',*,*,#11523,.T.);
#11523 = EDGE_CURVE('',#5354,#11524,#11526,.T.);
#11524 = VERTEX_POINT('',#11525);
#11525 = CARTESIAN_POINT('',(-0.756103515625,-16.08510742187,2.6));
#11526 = SURFACE_CURVE('',#11527,(#11531,#11538),.PCURVE_S1.);
#11527 = LINE('',#11528,#11529);
#11528 = CARTESIAN_POINT('',(-0.756103515625,-16.08510742187,1.9));
#11529 = VECTOR('',#11530,1.);
#11530 = DIRECTION('',(0.,0.,1.));
#11531 = PCURVE('',#5396,#11532);
#11532 = DEFINITIONAL_REPRESENTATION('',(#11533),#11537);
#11533 = LINE('',#11534,#11535);
#11534 = CARTESIAN_POINT('',(0.,0.));
#11535 = VECTOR('',#11536,1.);
#11536 = DIRECTION('',(0.,-1.));
#11537 = ( GEOMETRIC_REPRESENTATION_CONTEXT(2) 
PARAMETRIC_REPRESENTATION_CONTEXT() REPRESENTATION_CONTEXT('2D SPACE',''
  ) );
#11538 = PCURVE('',#5369,#11539);
#11539 = DEFINITIONAL_REPRESENTATION('',(#11540),#11544);
#11540 = LINE('',#11541,#11542);
#11541 = CARTESIAN_POINT('',(1.57158203125,0.));
#11542 = VECTOR('',#11543,1.);
#11543 = DIRECTION('',(0.,-1.));
#11544 = ( GEOMETRIC_REPRESENTATION_CONTEXT(2) 
PARAMETRIC_REPRESENTATION_CONTEXT() REPRESENTATION_CONTEXT('2D SPACE',''
  ) );
#11545 = ORIENTED_EDGE('',*,*,#11546,.T.);
#11546 = EDGE_CURVE('',#11524,#11426,#11547,.T.);
#11547 = SURFACE_CURVE('',#11548,(#11552,#11559),.PCURVE_S1.);
#11548 = LINE('',#11549,#11550);
#11549 = CARTESIAN_POINT('',(-0.756103515625,-16.08510742187,2.6));
#11550 = VECTOR('',#11551,1.);
#11551 = DIRECTION('',(1.,0.,0.));
#11552 = PCURVE('',#5396,#11553);
#11553 = DEFINITIONAL_REPRESENTATION('',(#11554),#11558);
#11554 = LINE('',#11555,#11556);
#11555 = CARTESIAN_POINT('',(0.,-0.7));
#11556 = VECTOR('',#11557,1.);
#11557 = DIRECTION('',(1.,0.));
#11558 = ( GEOMETRIC_REPRESENTATION_CONTEXT(2) 
PARAMETRIC_REPRESENTATION_CONTEXT() REPRESENTATION_CONTEXT('2D SPACE',''
  ) );
#11559 = PCURVE('',#10849,#11560);
#11560 = DEFINITIONAL_REPRESENTATION('',(#11561),#11565);
#11561 = LINE('',#11562,#11563);
#11562 = CARTESIAN_POINT('',(0.29873046875,2.7201171875));
#11563 = VECTOR('',#11564,1.);
#11564 = DIRECTION('',(1.,0.));
#11565 = ( GEOMETRIC_REPRESENTATION_CONTEXT(2) 
PARAMETRIC_REPRESENTATION_CONTEXT() REPRESENTATION_CONTEXT('2D SPACE',''
  ) );
#11566 = ORIENTED_EDGE('',*,*,#11425,.F.);
#11567 = ADVANCED_FACE('',(#11568),#5335,.T.);
#11568 = FACE_BOUND('',#11569,.T.);
#11569 = EDGE_LOOP('',(#11570,#11571,#11572,#11595));
#11570 = ORIENTED_EDGE('',*,*,#5311,.T.);
#11571 = ORIENTED_EDGE('',*,*,#11498,.T.);
#11572 = ORIENTED_EDGE('',*,*,#11573,.T.);
#11573 = EDGE_CURVE('',#11476,#11574,#11576,.T.);
#11574 = VERTEX_POINT('',#11575);
#11575 = CARTESIAN_POINT('',(-0.756103515625,-17.65668945312,2.6));
#11576 = SURFACE_CURVE('',#11577,(#11581,#11588),.PCURVE_S1.);
#11577 = B_SPLINE_CURVE_WITH_KNOTS('',2,(#11578,#11579,#11580),
  .UNSPECIFIED.,.F.,.F.,(3,3),(0.,1.),.PIECEWISE_BEZIER_KNOTS.);
#11578 = CARTESIAN_POINT('',(-0.652197265625,-18.33857421875,2.6));
#11579 = CARTESIAN_POINT('',(-0.756103515625,-18.08901367187,2.6));
#11580 = CARTESIAN_POINT('',(-0.756103515625,-17.65668945312,2.6));
#11581 = PCURVE('',#5335,#11582);
#11582 = DEFINITIONAL_REPRESENTATION('',(#11583),#11587);
#11583 = LINE('',#11584,#11585);
#11584 = CARTESIAN_POINT('',(0.,-0.7));
#11585 = VECTOR('',#11586,1.);
#11586 = DIRECTION('',(1.,0.));
#11587 = ( GEOMETRIC_REPRESENTATION_CONTEXT(2) 
PARAMETRIC_REPRESENTATION_CONTEXT() REPRESENTATION_CONTEXT('2D SPACE',''
  ) );
#11588 = PCURVE('',#10849,#11589);
#11589 = DEFINITIONAL_REPRESENTATION('',(#11590),#11594);
#11590 = B_SPLINE_CURVE_WITH_KNOTS('',2,(#11591,#11592,#11593),
  .UNSPECIFIED.,.F.,.F.,(3,3),(0.,1.),.PIECEWISE_BEZIER_KNOTS.);
#11591 = CARTESIAN_POINT('',(0.40263671875,0.466650390625));
#11592 = CARTESIAN_POINT('',(0.29873046875,0.7162109375));
#11593 = CARTESIAN_POINT('',(0.29873046875,1.14853515625));
#11594 = ( GEOMETRIC_REPRESENTATION_CONTEXT(2) 
PARAMETRIC_REPRESENTATION_CONTEXT() REPRESENTATION_CONTEXT('2D SPACE',''
  ) );
#11595 = ORIENTED_EDGE('',*,*,#11596,.F.);
#11596 = EDGE_CURVE('',#5312,#11574,#11597,.T.);
#11597 = SURFACE_CURVE('',#11598,(#11602,#11609),.PCURVE_S1.);
#11598 = LINE('',#11599,#11600);
#11599 = CARTESIAN_POINT('',(-0.756103515625,-17.65668945312,1.9));
#11600 = VECTOR('',#11601,1.);
#11601 = DIRECTION('',(0.,0.,1.));
#11602 = PCURVE('',#5335,#11603);
#11603 = DEFINITIONAL_REPRESENTATION('',(#11604),#11608);
#11604 = LINE('',#11605,#11606);
#11605 = CARTESIAN_POINT('',(1.,0.));
#11606 = VECTOR('',#11607,1.);
#11607 = DIRECTION('',(0.,-1.));
#11608 = ( GEOMETRIC_REPRESENTATION_CONTEXT(2) 
PARAMETRIC_REPRESENTATION_CONTEXT() REPRESENTATION_CONTEXT('2D SPACE',''
  ) );
#11609 = PCURVE('',#5369,#11610);
#11610 = DEFINITIONAL_REPRESENTATION('',(#11611),#11615);
#11611 = LINE('',#11612,#11613);
#11612 = CARTESIAN_POINT('',(0.,0.));
#11613 = VECTOR('',#11614,1.);
#11614 = DIRECTION('',(0.,-1.));
#11615 = ( GEOMETRIC_REPRESENTATION_CONTEXT(2) 
PARAMETRIC_REPRESENTATION_CONTEXT() REPRESENTATION_CONTEXT('2D SPACE',''
  ) );
#11616 = ADVANCED_FACE('',(#11617),#5369,.T.);
#11617 = FACE_BOUND('',#11618,.T.);
#11618 = EDGE_LOOP('',(#11619,#11620,#11621,#11642));
#11619 = ORIENTED_EDGE('',*,*,#5353,.T.);
#11620 = ORIENTED_EDGE('',*,*,#11596,.T.);
#11621 = ORIENTED_EDGE('',*,*,#11622,.T.);
#11622 = EDGE_CURVE('',#11574,#11524,#11623,.T.);
#11623 = SURFACE_CURVE('',#11624,(#11628,#11635),.PCURVE_S1.);
#11624 = LINE('',#11625,#11626);
#11625 = CARTESIAN_POINT('',(-0.756103515625,-17.65668945312,2.6));
#11626 = VECTOR('',#11627,1.);
#11627 = DIRECTION('',(0.,1.,0.));
#11628 = PCURVE('',#5369,#11629);
#11629 = DEFINITIONAL_REPRESENTATION('',(#11630),#11634);
#11630 = LINE('',#11631,#11632);
#11631 = CARTESIAN_POINT('',(0.,-0.7));
#11632 = VECTOR('',#11633,1.);
#11633 = DIRECTION('',(1.,0.));
#11634 = ( GEOMETRIC_REPRESENTATION_CONTEXT(2) 
PARAMETRIC_REPRESENTATION_CONTEXT() REPRESENTATION_CONTEXT('2D SPACE',''
  ) );
#11635 = PCURVE('',#10849,#11636);
#11636 = DEFINITIONAL_REPRESENTATION('',(#11637),#11641);
#11637 = LINE('',#11638,#11639);
#11638 = CARTESIAN_POINT('',(0.29873046875,1.14853515625));
#11639 = VECTOR('',#11640,1.);
#11640 = DIRECTION('',(0.,1.));
#11641 = ( GEOMETRIC_REPRESENTATION_CONTEXT(2) 
PARAMETRIC_REPRESENTATION_CONTEXT() REPRESENTATION_CONTEXT('2D SPACE',''
  ) );
#11642 = ORIENTED_EDGE('',*,*,#11523,.F.);
#11643 = ADVANCED_FACE('',(#11644),#779,.T.);
#11644 = FACE_BOUND('',#11645,.T.);
#11645 = EDGE_LOOP('',(#11646,#11647,#11670,#11698));
#11646 = ORIENTED_EDGE('',*,*,#763,.T.);
#11647 = ORIENTED_EDGE('',*,*,#11648,.T.);
#11648 = EDGE_CURVE('',#737,#11649,#11651,.T.);
#11649 = VERTEX_POINT('',#11650);
#11650 = CARTESIAN_POINT('',(3.034619140625,-18.80522460937,2.6));
#11651 = SURFACE_CURVE('',#11652,(#11656,#11663),.PCURVE_S1.);
#11652 = LINE('',#11653,#11654);
#11653 = CARTESIAN_POINT('',(3.034619140625,-18.80522460937,1.9));
#11654 = VECTOR('',#11655,1.);
#11655 = DIRECTION('',(0.,0.,1.));
#11656 = PCURVE('',#779,#11657);
#11657 = DEFINITIONAL_REPRESENTATION('',(#11658),#11662);
#11658 = LINE('',#11659,#11660);
#11659 = CARTESIAN_POINT('',(0.,-0.));
#11660 = VECTOR('',#11661,1.);
#11661 = DIRECTION('',(0.,-1.));
#11662 = ( GEOMETRIC_REPRESENTATION_CONTEXT(2) 
PARAMETRIC_REPRESENTATION_CONTEXT() REPRESENTATION_CONTEXT('2D SPACE',''
  ) );
#11663 = PCURVE('',#752,#11664);
#11664 = DEFINITIONAL_REPRESENTATION('',(#11665),#11669);
#11665 = LINE('',#11666,#11667);
#11666 = CARTESIAN_POINT('',(2.39912109375,0.));
#11667 = VECTOR('',#11668,1.);
#11668 = DIRECTION('',(0.,-1.));
#11669 = ( GEOMETRIC_REPRESENTATION_CONTEXT(2) 
PARAMETRIC_REPRESENTATION_CONTEXT() REPRESENTATION_CONTEXT('2D SPACE',''
  ) );
#11670 = ORIENTED_EDGE('',*,*,#11671,.T.);
#11671 = EDGE_CURVE('',#11649,#11672,#11674,.T.);
#11672 = VERTEX_POINT('',#11673);
#11673 = CARTESIAN_POINT('',(2.674658203125,-18.80522460937,2.6));
#11674 = SURFACE_CURVE('',#11675,(#11679,#11686),.PCURVE_S1.);
#11675 = LINE('',#11676,#11677);
#11676 = CARTESIAN_POINT('',(3.034619140625,-18.80522460937,2.6));
#11677 = VECTOR('',#11678,1.);
#11678 = DIRECTION('',(-1.,0.,0.));
#11679 = PCURVE('',#779,#11680);
#11680 = DEFINITIONAL_REPRESENTATION('',(#11681),#11685);
#11681 = LINE('',#11682,#11683);
#11682 = CARTESIAN_POINT('',(0.,-0.7));
#11683 = VECTOR('',#11684,1.);
#11684 = DIRECTION('',(1.,0.));
#11685 = ( GEOMETRIC_REPRESENTATION_CONTEXT(2) 
PARAMETRIC_REPRESENTATION_CONTEXT() REPRESENTATION_CONTEXT('2D SPACE',''
  ) );
#11686 = PCURVE('',#11687,#11692);
#11687 = PLANE('',#11688);
#11688 = AXIS2_PLACEMENT_3D('',#11689,#11690,#11691);
#11689 = CARTESIAN_POINT('',(1.689404296875,-18.80522460937,2.6));
#11690 = DIRECTION('',(0.,0.,1.));
#11691 = DIRECTION('',(1.,0.,0.));
#11692 = DEFINITIONAL_REPRESENTATION('',(#11693),#11697);
#11693 = LINE('',#11694,#11695);
#11694 = CARTESIAN_POINT('',(1.34521484375,0.));
#11695 = VECTOR('',#11696,1.);
#11696 = DIRECTION('',(-1.,0.));
#11697 = ( GEOMETRIC_REPRESENTATION_CONTEXT(2) 
PARAMETRIC_REPRESENTATION_CONTEXT() REPRESENTATION_CONTEXT('2D SPACE',''
  ) );
#11698 = ORIENTED_EDGE('',*,*,#11699,.F.);
#11699 = EDGE_CURVE('',#764,#11672,#11700,.T.);
#11700 = SURFACE_CURVE('',#11701,(#11705,#11712),.PCURVE_S1.);
#11701 = LINE('',#11702,#11703);
#11702 = CARTESIAN_POINT('',(2.674658203125,-18.80522460937,1.9));
#11703 = VECTOR('',#11704,1.);
#11704 = DIRECTION('',(0.,0.,1.));
#11705 = PCURVE('',#779,#11706);
#11706 = DEFINITIONAL_REPRESENTATION('',(#11707),#11711);
#11707 = LINE('',#11708,#11709);
#11708 = CARTESIAN_POINT('',(0.3599609375,0.));
#11709 = VECTOR('',#11710,1.);
#11710 = DIRECTION('',(0.,-1.));
#11711 = ( GEOMETRIC_REPRESENTATION_CONTEXT(2) 
PARAMETRIC_REPRESENTATION_CONTEXT() REPRESENTATION_CONTEXT('2D SPACE',''
  ) );
#11712 = PCURVE('',#806,#11713);
#11713 = DEFINITIONAL_REPRESENTATION('',(#11714),#11718);
#11714 = LINE('',#11715,#11716);
#11715 = CARTESIAN_POINT('',(0.,0.));
#11716 = VECTOR('',#11717,1.);
#11717 = DIRECTION('',(0.,-1.));
#11718 = ( GEOMETRIC_REPRESENTATION_CONTEXT(2) 
PARAMETRIC_REPRESENTATION_CONTEXT() REPRESENTATION_CONTEXT('2D SPACE',''
  ) );
#11719 = ADVANCED_FACE('',(#11720),#806,.T.);
#11720 = FACE_BOUND('',#11721,.T.);
#11721 = EDGE_LOOP('',(#11722,#11723,#11724,#11747));
#11722 = ORIENTED_EDGE('',*,*,#790,.T.);
#11723 = ORIENTED_EDGE('',*,*,#11699,.T.);
#11724 = ORIENTED_EDGE('',*,*,#11725,.T.);
#11725 = EDGE_CURVE('',#11672,#11726,#11728,.T.);
#11726 = VERTEX_POINT('',#11727);
#11727 = CARTESIAN_POINT('',(2.674658203125,-16.40610351562,2.6));
#11728 = SURFACE_CURVE('',#11729,(#11733,#11740),.PCURVE_S1.);
#11729 = LINE('',#11730,#11731);
#11730 = CARTESIAN_POINT('',(2.674658203125,-18.80522460937,2.6));
#11731 = VECTOR('',#11732,1.);
#11732 = DIRECTION('',(0.,1.,0.));
#11733 = PCURVE('',#806,#11734);
#11734 = DEFINITIONAL_REPRESENTATION('',(#11735),#11739);
#11735 = LINE('',#11736,#11737);
#11736 = CARTESIAN_POINT('',(0.,-0.7));
#11737 = VECTOR('',#11738,1.);
#11738 = DIRECTION('',(1.,0.));
#11739 = ( GEOMETRIC_REPRESENTATION_CONTEXT(2) 
PARAMETRIC_REPRESENTATION_CONTEXT() REPRESENTATION_CONTEXT('2D SPACE',''
  ) );
#11740 = PCURVE('',#11687,#11741);
#11741 = DEFINITIONAL_REPRESENTATION('',(#11742),#11746);
#11742 = LINE('',#11743,#11744);
#11743 = CARTESIAN_POINT('',(0.98525390625,0.));
#11744 = VECTOR('',#11745,1.);
#11745 = DIRECTION('',(0.,1.));
#11746 = ( GEOMETRIC_REPRESENTATION_CONTEXT(2) 
PARAMETRIC_REPRESENTATION_CONTEXT() REPRESENTATION_CONTEXT('2D SPACE',''
  ) );
#11747 = ORIENTED_EDGE('',*,*,#11748,.F.);
#11748 = EDGE_CURVE('',#791,#11726,#11749,.T.);
#11749 = SURFACE_CURVE('',#11750,(#11754,#11761),.PCURVE_S1.);
#11750 = LINE('',#11751,#11752);
#11751 = CARTESIAN_POINT('',(2.674658203125,-16.40610351562,1.9));
#11752 = VECTOR('',#11753,1.);
#11753 = DIRECTION('',(0.,0.,1.));
#11754 = PCURVE('',#806,#11755);
#11755 = DEFINITIONAL_REPRESENTATION('',(#11756),#11760);
#11756 = LINE('',#11757,#11758);
#11757 = CARTESIAN_POINT('',(2.39912109375,0.));
#11758 = VECTOR('',#11759,1.);
#11759 = DIRECTION('',(0.,-1.));
#11760 = ( GEOMETRIC_REPRESENTATION_CONTEXT(2) 
PARAMETRIC_REPRESENTATION_CONTEXT() REPRESENTATION_CONTEXT('2D SPACE',''
  ) );
#11761 = PCURVE('',#833,#11762);
#11762 = DEFINITIONAL_REPRESENTATION('',(#11763),#11767);
#11763 = LINE('',#11764,#11765);
#11764 = CARTESIAN_POINT('',(0.,-0.));
#11765 = VECTOR('',#11766,1.);
#11766 = DIRECTION('',(0.,-1.));
#11767 = ( GEOMETRIC_REPRESENTATION_CONTEXT(2) 
PARAMETRIC_REPRESENTATION_CONTEXT() REPRESENTATION_CONTEXT('2D SPACE',''
  ) );
#11768 = ADVANCED_FACE('',(#11769),#752,.T.);
#11769 = FACE_BOUND('',#11770,.T.);
#11770 = EDGE_LOOP('',(#11771,#11772,#11795,#11816));
#11771 = ORIENTED_EDGE('',*,*,#736,.T.);
#11772 = ORIENTED_EDGE('',*,*,#11773,.T.);
#11773 = EDGE_CURVE('',#710,#11774,#11776,.T.);
#11774 = VERTEX_POINT('',#11775);
#11775 = CARTESIAN_POINT('',(3.034619140625,-16.40610351562,2.6));
#11776 = SURFACE_CURVE('',#11777,(#11781,#11788),.PCURVE_S1.);
#11777 = LINE('',#11778,#11779);
#11778 = CARTESIAN_POINT('',(3.034619140625,-16.40610351562,1.9));
#11779 = VECTOR('',#11780,1.);
#11780 = DIRECTION('',(0.,0.,1.));
#11781 = PCURVE('',#752,#11782);
#11782 = DEFINITIONAL_REPRESENTATION('',(#11783),#11787);
#11783 = LINE('',#11784,#11785);
#11784 = CARTESIAN_POINT('',(0.,0.));
#11785 = VECTOR('',#11786,1.);
#11786 = DIRECTION('',(0.,-1.));
#11787 = ( GEOMETRIC_REPRESENTATION_CONTEXT(2) 
PARAMETRIC_REPRESENTATION_CONTEXT() REPRESENTATION_CONTEXT('2D SPACE',''
  ) );
#11788 = PCURVE('',#725,#11789);
#11789 = DEFINITIONAL_REPRESENTATION('',(#11790),#11794);
#11790 = LINE('',#11791,#11792);
#11791 = CARTESIAN_POINT('',(0.89990234375,0.));
#11792 = VECTOR('',#11793,1.);
#11793 = DIRECTION('',(0.,-1.));
#11794 = ( GEOMETRIC_REPRESENTATION_CONTEXT(2) 
PARAMETRIC_REPRESENTATION_CONTEXT() REPRESENTATION_CONTEXT('2D SPACE',''
  ) );
#11795 = ORIENTED_EDGE('',*,*,#11796,.T.);
#11796 = EDGE_CURVE('',#11774,#11649,#11797,.T.);
#11797 = SURFACE_CURVE('',#11798,(#11802,#11809),.PCURVE_S1.);
#11798 = LINE('',#11799,#11800);
#11799 = CARTESIAN_POINT('',(3.034619140625,-16.40610351562,2.6));
#11800 = VECTOR('',#11801,1.);
#11801 = DIRECTION('',(0.,-1.,0.));
#11802 = PCURVE('',#752,#11803);
#11803 = DEFINITIONAL_REPRESENTATION('',(#11804),#11808);
#11804 = LINE('',#11805,#11806);
#11805 = CARTESIAN_POINT('',(0.,-0.7));
#11806 = VECTOR('',#11807,1.);
#11807 = DIRECTION('',(1.,0.));
#11808 = ( GEOMETRIC_REPRESENTATION_CONTEXT(2) 
PARAMETRIC_REPRESENTATION_CONTEXT() REPRESENTATION_CONTEXT('2D SPACE',''
  ) );
#11809 = PCURVE('',#11687,#11810);
#11810 = DEFINITIONAL_REPRESENTATION('',(#11811),#11815);
#11811 = LINE('',#11812,#11813);
#11812 = CARTESIAN_POINT('',(1.34521484375,2.39912109375));
#11813 = VECTOR('',#11814,1.);
#11814 = DIRECTION('',(0.,-1.));
#11815 = ( GEOMETRIC_REPRESENTATION_CONTEXT(2) 
PARAMETRIC_REPRESENTATION_CONTEXT() REPRESENTATION_CONTEXT('2D SPACE',''
  ) );
#11816 = ORIENTED_EDGE('',*,*,#11648,.F.);
#11817 = ADVANCED_FACE('',(#11818),#833,.T.);
#11818 = FACE_BOUND('',#11819,.T.);
#11819 = EDGE_LOOP('',(#11820,#11821,#11822,#11845));
#11820 = ORIENTED_EDGE('',*,*,#817,.T.);
#11821 = ORIENTED_EDGE('',*,*,#11748,.T.);
#11822 = ORIENTED_EDGE('',*,*,#11823,.T.);
#11823 = EDGE_CURVE('',#11726,#11824,#11826,.T.);
#11824 = VERTEX_POINT('',#11825);
#11825 = CARTESIAN_POINT('',(1.778466796875,-16.40610351562,2.6));
#11826 = SURFACE_CURVE('',#11827,(#11831,#11838),.PCURVE_S1.);
#11827 = LINE('',#11828,#11829);
#11828 = CARTESIAN_POINT('',(2.674658203125,-16.40610351562,2.6));
#11829 = VECTOR('',#11830,1.);
#11830 = DIRECTION('',(-1.,0.,0.));
#11831 = PCURVE('',#833,#11832);
#11832 = DEFINITIONAL_REPRESENTATION('',(#11833),#11837);
#11833 = LINE('',#11834,#11835);
#11834 = CARTESIAN_POINT('',(0.,-0.7));
#11835 = VECTOR('',#11836,1.);
#11836 = DIRECTION('',(1.,0.));
#11837 = ( GEOMETRIC_REPRESENTATION_CONTEXT(2) 
PARAMETRIC_REPRESENTATION_CONTEXT() REPRESENTATION_CONTEXT('2D SPACE',''
  ) );
#11838 = PCURVE('',#11687,#11839);
#11839 = DEFINITIONAL_REPRESENTATION('',(#11840),#11844);
#11840 = LINE('',#11841,#11842);
#11841 = CARTESIAN_POINT('',(0.98525390625,2.39912109375));
#11842 = VECTOR('',#11843,1.);
#11843 = DIRECTION('',(-1.,0.));
#11844 = ( GEOMETRIC_REPRESENTATION_CONTEXT(2) 
PARAMETRIC_REPRESENTATION_CONTEXT() REPRESENTATION_CONTEXT('2D SPACE',''
  ) );
#11845 = ORIENTED_EDGE('',*,*,#11846,.F.);
#11846 = EDGE_CURVE('',#818,#11824,#11847,.T.);
#11847 = SURFACE_CURVE('',#11848,(#11852,#11859),.PCURVE_S1.);
#11848 = LINE('',#11849,#11850);
#11849 = CARTESIAN_POINT('',(1.778466796875,-16.40610351562,1.9));
#11850 = VECTOR('',#11851,1.);
#11851 = DIRECTION('',(0.,0.,1.));
#11852 = PCURVE('',#833,#11853);
#11853 = DEFINITIONAL_REPRESENTATION('',(#11854),#11858);
#11854 = LINE('',#11855,#11856);
#11855 = CARTESIAN_POINT('',(0.89619140625,0.));
#11856 = VECTOR('',#11857,1.);
#11857 = DIRECTION('',(0.,-1.));
#11858 = ( GEOMETRIC_REPRESENTATION_CONTEXT(2) 
PARAMETRIC_REPRESENTATION_CONTEXT() REPRESENTATION_CONTEXT('2D SPACE',''
  ) );
#11859 = PCURVE('',#858,#11860);
#11860 = DEFINITIONAL_REPRESENTATION('',(#11861),#11865);
#11861 = LINE('',#11862,#11863);
#11862 = CARTESIAN_POINT('',(0.,0.));
#11863 = VECTOR('',#11864,1.);
#11864 = DIRECTION('',(0.,-1.));
#11865 = ( GEOMETRIC_REPRESENTATION_CONTEXT(2) 
PARAMETRIC_REPRESENTATION_CONTEXT() REPRESENTATION_CONTEXT('2D SPACE',''
  ) );
#11866 = ADVANCED_FACE('',(#11867),#725,.T.);
#11867 = FACE_BOUND('',#11868,.T.);
#11868 = EDGE_LOOP('',(#11869,#11870,#11893,#11914));
#11869 = ORIENTED_EDGE('',*,*,#709,.T.);
#11870 = ORIENTED_EDGE('',*,*,#11871,.T.);
#11871 = EDGE_CURVE('',#683,#11872,#11874,.T.);
#11872 = VERTEX_POINT('',#11873);
#11873 = CARTESIAN_POINT('',(3.934521484375,-16.40610351562,2.6));
#11874 = SURFACE_CURVE('',#11875,(#11879,#11886),.PCURVE_S1.);
#11875 = LINE('',#11876,#11877);
#11876 = CARTESIAN_POINT('',(3.934521484375,-16.40610351562,1.9));
#11877 = VECTOR('',#11878,1.);
#11878 = DIRECTION('',(0.,0.,1.));
#11879 = PCURVE('',#725,#11880);
#11880 = DEFINITIONAL_REPRESENTATION('',(#11881),#11885);
#11881 = LINE('',#11882,#11883);
#11882 = CARTESIAN_POINT('',(0.,-0.));
#11883 = VECTOR('',#11884,1.);
#11884 = DIRECTION('',(0.,-1.));
#11885 = ( GEOMETRIC_REPRESENTATION_CONTEXT(2) 
PARAMETRIC_REPRESENTATION_CONTEXT() REPRESENTATION_CONTEXT('2D SPACE',''
  ) );
#11886 = PCURVE('',#698,#11887);
#11887 = DEFINITIONAL_REPRESENTATION('',(#11888),#11892);
#11888 = LINE('',#11889,#11890);
#11889 = CARTESIAN_POINT('',(0.32099609375,0.));
#11890 = VECTOR('',#11891,1.);
#11891 = DIRECTION('',(0.,-1.));
#11892 = ( GEOMETRIC_REPRESENTATION_CONTEXT(2) 
PARAMETRIC_REPRESENTATION_CONTEXT() REPRESENTATION_CONTEXT('2D SPACE',''
  ) );
#11893 = ORIENTED_EDGE('',*,*,#11894,.T.);
#11894 = EDGE_CURVE('',#11872,#11774,#11895,.T.);
#11895 = SURFACE_CURVE('',#11896,(#11900,#11907),.PCURVE_S1.);
#11896 = LINE('',#11897,#11898);
#11897 = CARTESIAN_POINT('',(3.934521484375,-16.40610351562,2.6));
#11898 = VECTOR('',#11899,1.);
#11899 = DIRECTION('',(-1.,0.,0.));
#11900 = PCURVE('',#725,#11901);
#11901 = DEFINITIONAL_REPRESENTATION('',(#11902),#11906);
#11902 = LINE('',#11903,#11904);
#11903 = CARTESIAN_POINT('',(0.,-0.7));
#11904 = VECTOR('',#11905,1.);
#11905 = DIRECTION('',(1.,0.));
#11906 = ( GEOMETRIC_REPRESENTATION_CONTEXT(2) 
PARAMETRIC_REPRESENTATION_CONTEXT() REPRESENTATION_CONTEXT('2D SPACE',''
  ) );
#11907 = PCURVE('',#11687,#11908);
#11908 = DEFINITIONAL_REPRESENTATION('',(#11909),#11913);
#11909 = LINE('',#11910,#11911);
#11910 = CARTESIAN_POINT('',(2.2451171875,2.39912109375));
#11911 = VECTOR('',#11912,1.);
#11912 = DIRECTION('',(-1.,0.));
#11913 = ( GEOMETRIC_REPRESENTATION_CONTEXT(2) 
PARAMETRIC_REPRESENTATION_CONTEXT() REPRESENTATION_CONTEXT('2D SPACE',''
  ) );
#11914 = ORIENTED_EDGE('',*,*,#11773,.F.);
#11915 = ADVANCED_FACE('',(#11916),#858,.T.);
#11916 = FACE_BOUND('',#11917,.T.);
#11917 = EDGE_LOOP('',(#11918,#11919,#11920,#11943));
#11918 = ORIENTED_EDGE('',*,*,#844,.T.);
#11919 = ORIENTED_EDGE('',*,*,#11846,.T.);
#11920 = ORIENTED_EDGE('',*,*,#11921,.T.);
#11921 = EDGE_CURVE('',#11824,#11922,#11924,.T.);
#11922 = VERTEX_POINT('',#11923);
#11923 = CARTESIAN_POINT('',(1.778466796875,-16.08510742187,2.6));
#11924 = SURFACE_CURVE('',#11925,(#11929,#11936),.PCURVE_S1.);
#11925 = LINE('',#11926,#11927);
#11926 = CARTESIAN_POINT('',(1.778466796875,-16.40610351562,2.6));
#11927 = VECTOR('',#11928,1.);
#11928 = DIRECTION('',(0.,1.,0.));
#11929 = PCURVE('',#858,#11930);
#11930 = DEFINITIONAL_REPRESENTATION('',(#11931),#11935);
#11931 = LINE('',#11932,#11933);
#11932 = CARTESIAN_POINT('',(0.,-0.7));
#11933 = VECTOR('',#11934,1.);
#11934 = DIRECTION('',(1.,0.));
#11935 = ( GEOMETRIC_REPRESENTATION_CONTEXT(2) 
PARAMETRIC_REPRESENTATION_CONTEXT() REPRESENTATION_CONTEXT('2D SPACE',''
  ) );
#11936 = PCURVE('',#11687,#11937);
#11937 = DEFINITIONAL_REPRESENTATION('',(#11938),#11942);
#11938 = LINE('',#11939,#11940);
#11939 = CARTESIAN_POINT('',(8.90625E-02,2.39912109375));
#11940 = VECTOR('',#11941,1.);
#11941 = DIRECTION('',(0.,1.));
#11942 = ( GEOMETRIC_REPRESENTATION_CONTEXT(2) 
PARAMETRIC_REPRESENTATION_CONTEXT() REPRESENTATION_CONTEXT('2D SPACE',''
  ) );
#11943 = ORIENTED_EDGE('',*,*,#11944,.F.);
#11944 = EDGE_CURVE('',#656,#11922,#11945,.T.);
#11945 = SURFACE_CURVE('',#11946,(#11950,#11957),.PCURVE_S1.);
#11946 = LINE('',#11947,#11948);
#11947 = CARTESIAN_POINT('',(1.778466796875,-16.08510742187,1.9));
#11948 = VECTOR('',#11949,1.);
#11949 = DIRECTION('',(0.,0.,1.));
#11950 = PCURVE('',#858,#11951);
#11951 = DEFINITIONAL_REPRESENTATION('',(#11952),#11956);
#11952 = LINE('',#11953,#11954);
#11953 = CARTESIAN_POINT('',(0.32099609375,0.));
#11954 = VECTOR('',#11955,1.);
#11955 = DIRECTION('',(0.,-1.));
#11956 = ( GEOMETRIC_REPRESENTATION_CONTEXT(2) 
PARAMETRIC_REPRESENTATION_CONTEXT() REPRESENTATION_CONTEXT('2D SPACE',''
  ) );
#11957 = PCURVE('',#671,#11958);
#11958 = DEFINITIONAL_REPRESENTATION('',(#11959),#11963);
#11959 = LINE('',#11960,#11961);
#11960 = CARTESIAN_POINT('',(0.,0.));
#11961 = VECTOR('',#11962,1.);
#11962 = DIRECTION('',(0.,-1.));
#11963 = ( GEOMETRIC_REPRESENTATION_CONTEXT(2) 
PARAMETRIC_REPRESENTATION_CONTEXT() REPRESENTATION_CONTEXT('2D SPACE',''
  ) );
#11964 = ADVANCED_FACE('',(#11965),#698,.T.);
#11965 = FACE_BOUND('',#11966,.T.);
#11966 = EDGE_LOOP('',(#11967,#11968,#11991,#12012));
#11967 = ORIENTED_EDGE('',*,*,#682,.T.);
#11968 = ORIENTED_EDGE('',*,*,#11969,.T.);
#11969 = EDGE_CURVE('',#654,#11970,#11972,.T.);
#11970 = VERTEX_POINT('',#11971);
#11971 = CARTESIAN_POINT('',(3.934521484375,-16.08510742187,2.6));
#11972 = SURFACE_CURVE('',#11973,(#11977,#11984),.PCURVE_S1.);
#11973 = LINE('',#11974,#11975);
#11974 = CARTESIAN_POINT('',(3.934521484375,-16.08510742187,1.9));
#11975 = VECTOR('',#11976,1.);
#11976 = DIRECTION('',(0.,0.,1.));
#11977 = PCURVE('',#698,#11978);
#11978 = DEFINITIONAL_REPRESENTATION('',(#11979),#11983);
#11979 = LINE('',#11980,#11981);
#11980 = CARTESIAN_POINT('',(0.,0.));
#11981 = VECTOR('',#11982,1.);
#11982 = DIRECTION('',(0.,-1.));
#11983 = ( GEOMETRIC_REPRESENTATION_CONTEXT(2) 
PARAMETRIC_REPRESENTATION_CONTEXT() REPRESENTATION_CONTEXT('2D SPACE',''
  ) );
#11984 = PCURVE('',#671,#11985);
#11985 = DEFINITIONAL_REPRESENTATION('',(#11986),#11990);
#11986 = LINE('',#11987,#11988);
#11987 = CARTESIAN_POINT('',(2.1560546875,0.));
#11988 = VECTOR('',#11989,1.);
#11989 = DIRECTION('',(0.,-1.));
#11990 = ( GEOMETRIC_REPRESENTATION_CONTEXT(2) 
PARAMETRIC_REPRESENTATION_CONTEXT() REPRESENTATION_CONTEXT('2D SPACE',''
  ) );
#11991 = ORIENTED_EDGE('',*,*,#11992,.T.);
#11992 = EDGE_CURVE('',#11970,#11872,#11993,.T.);
#11993 = SURFACE_CURVE('',#11994,(#11998,#12005),.PCURVE_S1.);
#11994 = LINE('',#11995,#11996);
#11995 = CARTESIAN_POINT('',(3.934521484375,-16.08510742187,2.6));
#11996 = VECTOR('',#11997,1.);
#11997 = DIRECTION('',(0.,-1.,0.));
#11998 = PCURVE('',#698,#11999);
#11999 = DEFINITIONAL_REPRESENTATION('',(#12000),#12004);
#12000 = LINE('',#12001,#12002);
#12001 = CARTESIAN_POINT('',(0.,-0.7));
#12002 = VECTOR('',#12003,1.);
#12003 = DIRECTION('',(1.,0.));
#12004 = ( GEOMETRIC_REPRESENTATION_CONTEXT(2) 
PARAMETRIC_REPRESENTATION_CONTEXT() REPRESENTATION_CONTEXT('2D SPACE',''
  ) );
#12005 = PCURVE('',#11687,#12006);
#12006 = DEFINITIONAL_REPRESENTATION('',(#12007),#12011);
#12007 = LINE('',#12008,#12009);
#12008 = CARTESIAN_POINT('',(2.2451171875,2.7201171875));
#12009 = VECTOR('',#12010,1.);
#12010 = DIRECTION('',(0.,-1.));
#12011 = ( GEOMETRIC_REPRESENTATION_CONTEXT(2) 
PARAMETRIC_REPRESENTATION_CONTEXT() REPRESENTATION_CONTEXT('2D SPACE',''
  ) );
#12012 = ORIENTED_EDGE('',*,*,#11871,.F.);
#12013 = ADVANCED_FACE('',(#12014),#671,.T.);
#12014 = FACE_BOUND('',#12015,.T.);
#12015 = EDGE_LOOP('',(#12016,#12017,#12018,#12039));
#12016 = ORIENTED_EDGE('',*,*,#653,.T.);
#12017 = ORIENTED_EDGE('',*,*,#11944,.T.);
#12018 = ORIENTED_EDGE('',*,*,#12019,.T.);
#12019 = EDGE_CURVE('',#11922,#11970,#12020,.T.);
#12020 = SURFACE_CURVE('',#12021,(#12025,#12032),.PCURVE_S1.);
#12021 = LINE('',#12022,#12023);
#12022 = CARTESIAN_POINT('',(1.778466796875,-16.08510742187,2.6));
#12023 = VECTOR('',#12024,1.);
#12024 = DIRECTION('',(1.,0.,0.));
#12025 = PCURVE('',#671,#12026);
#12026 = DEFINITIONAL_REPRESENTATION('',(#12027),#12031);
#12027 = LINE('',#12028,#12029);
#12028 = CARTESIAN_POINT('',(0.,-0.7));
#12029 = VECTOR('',#12030,1.);
#12030 = DIRECTION('',(1.,0.));
#12031 = ( GEOMETRIC_REPRESENTATION_CONTEXT(2) 
PARAMETRIC_REPRESENTATION_CONTEXT() REPRESENTATION_CONTEXT('2D SPACE',''
  ) );
#12032 = PCURVE('',#11687,#12033);
#12033 = DEFINITIONAL_REPRESENTATION('',(#12034),#12038);
#12034 = LINE('',#12035,#12036);
#12035 = CARTESIAN_POINT('',(8.90625E-02,2.7201171875));
#12036 = VECTOR('',#12037,1.);
#12037 = DIRECTION('',(1.,0.));
#12038 = ( GEOMETRIC_REPRESENTATION_CONTEXT(2) 
PARAMETRIC_REPRESENTATION_CONTEXT() REPRESENTATION_CONTEXT('2D SPACE',''
  ) );
#12039 = ORIENTED_EDGE('',*,*,#11969,.F.);
#12040 = ADVANCED_FACE('',(#12041),#6463,.T.);
#12041 = FACE_BOUND('',#12042,.F.);
#12042 = EDGE_LOOP('',(#12043,#12044,#12045,#12046,#12047,#12048,#12049,
    #12050,#12051,#12052,#12053,#12054,#12055,#12056,#12057,#12058,
    #12059,#12060,#12061,#12062,#12063,#12064));
#12043 = ORIENTED_EDGE('',*,*,#6447,.T.);
#12044 = ORIENTED_EDGE('',*,*,#7481,.T.);
#12045 = ORIENTED_EDGE('',*,*,#7454,.T.);
#12046 = ORIENTED_EDGE('',*,*,#7405,.T.);
#12047 = ORIENTED_EDGE('',*,*,#7356,.T.);
#12048 = ORIENTED_EDGE('',*,*,#7307,.T.);
#12049 = ORIENTED_EDGE('',*,*,#7258,.T.);
#12050 = ORIENTED_EDGE('',*,*,#7209,.T.);
#12051 = ORIENTED_EDGE('',*,*,#7160,.T.);
#12052 = ORIENTED_EDGE('',*,*,#7111,.T.);
#12053 = ORIENTED_EDGE('',*,*,#7062,.T.);
#12054 = ORIENTED_EDGE('',*,*,#7013,.T.);
#12055 = ORIENTED_EDGE('',*,*,#6964,.T.);
#12056 = ORIENTED_EDGE('',*,*,#6915,.T.);
#12057 = ORIENTED_EDGE('',*,*,#6866,.T.);
#12058 = ORIENTED_EDGE('',*,*,#6817,.T.);
#12059 = ORIENTED_EDGE('',*,*,#6768,.T.);
#12060 = ORIENTED_EDGE('',*,*,#6719,.T.);
#12061 = ORIENTED_EDGE('',*,*,#6670,.T.);
#12062 = ORIENTED_EDGE('',*,*,#6621,.T.);
#12063 = ORIENTED_EDGE('',*,*,#6572,.T.);
#12064 = ORIENTED_EDGE('',*,*,#6523,.T.);
#12065 = ADVANCED_FACE('',(#12066),#7546,.T.);
#12066 = FACE_BOUND('',#12067,.F.);
#12067 = EDGE_LOOP('',(#12068,#12069,#12070,#12071,#12072,#12073,#12074,
    #12075,#12076,#12077,#12078,#12079,#12080,#12081,#12082,#12083,
    #12084,#12085,#12086,#12087,#12088,#12089));
#12068 = ORIENTED_EDGE('',*,*,#7530,.T.);
#12069 = ORIENTED_EDGE('',*,*,#8564,.T.);
#12070 = ORIENTED_EDGE('',*,*,#8537,.T.);
#12071 = ORIENTED_EDGE('',*,*,#8488,.T.);
#12072 = ORIENTED_EDGE('',*,*,#8439,.T.);
#12073 = ORIENTED_EDGE('',*,*,#8390,.T.);
#12074 = ORIENTED_EDGE('',*,*,#8341,.T.);
#12075 = ORIENTED_EDGE('',*,*,#8292,.T.);
#12076 = ORIENTED_EDGE('',*,*,#8243,.T.);
#12077 = ORIENTED_EDGE('',*,*,#8194,.T.);
#12078 = ORIENTED_EDGE('',*,*,#8145,.T.);
#12079 = ORIENTED_EDGE('',*,*,#8096,.T.);
#12080 = ORIENTED_EDGE('',*,*,#8047,.T.);
#12081 = ORIENTED_EDGE('',*,*,#7998,.T.);
#12082 = ORIENTED_EDGE('',*,*,#7949,.T.);
#12083 = ORIENTED_EDGE('',*,*,#7900,.T.);
#12084 = ORIENTED_EDGE('',*,*,#7851,.T.);
#12085 = ORIENTED_EDGE('',*,*,#7802,.T.);
#12086 = ORIENTED_EDGE('',*,*,#7753,.T.);
#12087 = ORIENTED_EDGE('',*,*,#7704,.T.);
#12088 = ORIENTED_EDGE('',*,*,#7655,.T.);
#12089 = ORIENTED_EDGE('',*,*,#7606,.T.);
#12090 = ADVANCED_FACE('',(#12091),#8629,.T.);
#12091 = FACE_BOUND('',#12092,.F.);
#12092 = EDGE_LOOP('',(#12093,#12094,#12095,#12096));
#12093 = ORIENTED_EDGE('',*,*,#8613,.T.);
#12094 = ORIENTED_EDGE('',*,*,#8765,.T.);
#12095 = ORIENTED_EDGE('',*,*,#8738,.T.);
#12096 = ORIENTED_EDGE('',*,*,#8689,.T.);
#12097 = ADVANCED_FACE('',(#12098),#8830,.T.);
#12098 = FACE_BOUND('',#12099,.F.);
#12099 = EDGE_LOOP('',(#12100,#12101,#12102,#12103,#12104,#12105,#12106,
    #12107,#12108,#12109,#12110,#12111,#12112,#12113,#12114,#12115,
    #12116,#12117,#12118,#12119,#12120,#12121,#12122,#12123,#12124,
    #12125,#12126,#12127,#12128,#12129));
#12100 = ORIENTED_EDGE('',*,*,#8814,.T.);
#12101 = ORIENTED_EDGE('',*,*,#10240,.T.);
#12102 = ORIENTED_EDGE('',*,*,#10213,.T.);
#12103 = ORIENTED_EDGE('',*,*,#10164,.T.);
#12104 = ORIENTED_EDGE('',*,*,#10115,.T.);
#12105 = ORIENTED_EDGE('',*,*,#10066,.T.);
#12106 = ORIENTED_EDGE('',*,*,#10017,.T.);
#12107 = ORIENTED_EDGE('',*,*,#9968,.T.);
#12108 = ORIENTED_EDGE('',*,*,#9919,.T.);
#12109 = ORIENTED_EDGE('',*,*,#9870,.T.);
#12110 = ORIENTED_EDGE('',*,*,#9821,.T.);
#12111 = ORIENTED_EDGE('',*,*,#9772,.T.);
#12112 = ORIENTED_EDGE('',*,*,#9723,.T.);
#12113 = ORIENTED_EDGE('',*,*,#9674,.T.);
#12114 = ORIENTED_EDGE('',*,*,#9625,.T.);
#12115 = ORIENTED_EDGE('',*,*,#9576,.T.);
#12116 = ORIENTED_EDGE('',*,*,#9527,.T.);
#12117 = ORIENTED_EDGE('',*,*,#9478,.T.);
#12118 = ORIENTED_EDGE('',*,*,#9429,.T.);
#12119 = ORIENTED_EDGE('',*,*,#9380,.T.);
#12120 = ORIENTED_EDGE('',*,*,#9331,.T.);
#12121 = ORIENTED_EDGE('',*,*,#9282,.T.);
#12122 = ORIENTED_EDGE('',*,*,#9233,.T.);
#12123 = ORIENTED_EDGE('',*,*,#9184,.T.);
#12124 = ORIENTED_EDGE('',*,*,#9135,.T.);
#12125 = ORIENTED_EDGE('',*,*,#9086,.T.);
#12126 = ORIENTED_EDGE('',*,*,#9037,.T.);
#12127 = ORIENTED_EDGE('',*,*,#8988,.T.);
#12128 = ORIENTED_EDGE('',*,*,#8939,.T.);
#12129 = ORIENTED_EDGE('',*,*,#8890,.T.);
#12130 = ADVANCED_FACE('',(#12131,#12144),#10305,.T.);
#12131 = FACE_BOUND('',#12132,.F.);
#12132 = EDGE_LOOP('',(#12133,#12134,#12135,#12136,#12137,#12138,#12139,
    #12140,#12141,#12142,#12143));
#12133 = ORIENTED_EDGE('',*,*,#10289,.T.);
#12134 = ORIENTED_EDGE('',*,*,#10343,.T.);
#12135 = ORIENTED_EDGE('',*,*,#10441,.T.);
#12136 = ORIENTED_EDGE('',*,*,#10539,.T.);
#12137 = ORIENTED_EDGE('',*,*,#10637,.T.);
#12138 = ORIENTED_EDGE('',*,*,#10735,.T.);
#12139 = ORIENTED_EDGE('',*,*,#10784,.T.);
#12140 = ORIENTED_EDGE('',*,*,#10708,.T.);
#12141 = ORIENTED_EDGE('',*,*,#10610,.T.);
#12142 = ORIENTED_EDGE('',*,*,#10512,.T.);
#12143 = ORIENTED_EDGE('',*,*,#10414,.T.);
#12144 = FACE_BOUND('',#12145,.F.);
#12145 = EDGE_LOOP('',(#12146,#12178,#12208,#12238,#12268,#12298,#12328,
    #12358,#12388));
#12146 = ORIENTED_EDGE('',*,*,#12147,.T.);
#12147 = EDGE_CURVE('',#12148,#12150,#12152,.T.);
#12148 = VERTEX_POINT('',#12149);
#12149 = CARTESIAN_POINT('',(-3.455810546875,-17.48598632812,2.6));
#12150 = VERTEX_POINT('',#12151);
#12151 = CARTESIAN_POINT('',(-3.19140625,-18.26064453125,2.6));
#12152 = SURFACE_CURVE('',#12153,(#12157,#12164),.PCURVE_S1.);
#12153 = B_SPLINE_CURVE_WITH_KNOTS('',2,(#12154,#12155,#12156),
  .UNSPECIFIED.,.F.,.F.,(3,3),(0.,1.),.PIECEWISE_BEZIER_KNOTS.);
#12154 = CARTESIAN_POINT('',(-3.455810546875,-17.48598632812,2.6));
#12155 = CARTESIAN_POINT('',(-3.455810546875,-17.97768554687,2.6));
#12156 = CARTESIAN_POINT('',(-3.19140625,-18.26064453125,2.6));
#12157 = PCURVE('',#10305,#12158);
#12158 = DEFINITIONAL_REPRESENTATION('',(#12159),#12163);
#12159 = B_SPLINE_CURVE_WITH_KNOTS('',2,(#12160,#12161,#12162),
  .UNSPECIFIED.,.F.,.F.,(3,3),(0.,1.),.PIECEWISE_BEZIER_KNOTS.);
#12160 = CARTESIAN_POINT('',(0.55478515625,1.31923828125));
#12161 = CARTESIAN_POINT('',(0.55478515625,0.8275390625));
#12162 = CARTESIAN_POINT('',(0.819189453125,0.544580078125));
#12163 = ( GEOMETRIC_REPRESENTATION_CONTEXT(2) 
PARAMETRIC_REPRESENTATION_CONTEXT() REPRESENTATION_CONTEXT('2D SPACE',''
  ) );
#12164 = PCURVE('',#12165,#12172);
#12165 = SURFACE_OF_LINEAR_EXTRUSION('',#12166,#12170);
#12166 = B_SPLINE_CURVE_WITH_KNOTS('',2,(#12167,#12168,#12169),
  .UNSPECIFIED.,.F.,.F.,(3,3),(0.,1.),.PIECEWISE_BEZIER_KNOTS.);
#12167 = CARTESIAN_POINT('',(-3.455810546875,-17.48598632812,1.9));
#12168 = CARTESIAN_POINT('',(-3.455810546875,-17.97768554687,1.9));
#12169 = CARTESIAN_POINT('',(-3.19140625,-18.26064453125,1.9));
#12170 = VECTOR('',#12171,1.);
#12171 = DIRECTION('',(-0.,-0.,-1.));
#12172 = DEFINITIONAL_REPRESENTATION('',(#12173),#12177);
#12173 = LINE('',#12174,#12175);
#12174 = CARTESIAN_POINT('',(0.,-0.7));
#12175 = VECTOR('',#12176,1.);
#12176 = DIRECTION('',(1.,0.));
#12177 = ( GEOMETRIC_REPRESENTATION_CONTEXT(2) 
PARAMETRIC_REPRESENTATION_CONTEXT() REPRESENTATION_CONTEXT('2D SPACE',''
  ) );
#12178 = ORIENTED_EDGE('',*,*,#12179,.T.);
#12179 = EDGE_CURVE('',#12150,#12180,#12182,.T.);
#12180 = VERTEX_POINT('',#12181);
#12181 = CARTESIAN_POINT('',(-2.528076171875,-18.54360351562,2.6));
#12182 = SURFACE_CURVE('',#12183,(#12187,#12194),.PCURVE_S1.);
#12183 = B_SPLINE_CURVE_WITH_KNOTS('',2,(#12184,#12185,#12186),
  .UNSPECIFIED.,.F.,.F.,(3,3),(0.,1.),.PIECEWISE_BEZIER_KNOTS.);
#12184 = CARTESIAN_POINT('',(-3.19140625,-18.26064453125,2.6));
#12185 = CARTESIAN_POINT('',(-2.927001953125,-18.54360351562,2.6));
#12186 = CARTESIAN_POINT('',(-2.528076171875,-18.54360351562,2.6));
#12187 = PCURVE('',#10305,#12188);
#12188 = DEFINITIONAL_REPRESENTATION('',(#12189),#12193);
#12189 = B_SPLINE_CURVE_WITH_KNOTS('',2,(#12190,#12191,#12192),
  .UNSPECIFIED.,.F.,.F.,(3,3),(0.,1.),.PIECEWISE_BEZIER_KNOTS.);
#12190 = CARTESIAN_POINT('',(0.819189453125,0.544580078125));
#12191 = CARTESIAN_POINT('',(1.08359375,0.26162109375));
#12192 = CARTESIAN_POINT('',(1.48251953125,0.26162109375));
#12193 = ( GEOMETRIC_REPRESENTATION_CONTEXT(2) 
PARAMETRIC_REPRESENTATION_CONTEXT() REPRESENTATION_CONTEXT('2D SPACE',''
  ) );
#12194 = PCURVE('',#12195,#12202);
#12195 = SURFACE_OF_LINEAR_EXTRUSION('',#12196,#12200);
#12196 = B_SPLINE_CURVE_WITH_KNOTS('',2,(#12197,#12198,#12199),
  .UNSPECIFIED.,.F.,.F.,(3,3),(0.,1.),.PIECEWISE_BEZIER_KNOTS.);
#12197 = CARTESIAN_POINT('',(-3.19140625,-18.26064453125,1.9));
#12198 = CARTESIAN_POINT('',(-2.927001953125,-18.54360351562,1.9));
#12199 = CARTESIAN_POINT('',(-2.528076171875,-18.54360351562,1.9));
#12200 = VECTOR('',#12201,1.);
#12201 = DIRECTION('',(-0.,-0.,-1.));
#12202 = DEFINITIONAL_REPRESENTATION('',(#12203),#12207);
#12203 = LINE('',#12204,#12205);
#12204 = CARTESIAN_POINT('',(0.,-0.7));
#12205 = VECTOR('',#12206,1.);
#12206 = DIRECTION('',(1.,0.));
#12207 = ( GEOMETRIC_REPRESENTATION_CONTEXT(2) 
PARAMETRIC_REPRESENTATION_CONTEXT() REPRESENTATION_CONTEXT('2D SPACE',''
  ) );
#12208 = ORIENTED_EDGE('',*,*,#12209,.T.);
#12209 = EDGE_CURVE('',#12180,#12210,#12212,.T.);
#12210 = VERTEX_POINT('',#12211);
#12211 = CARTESIAN_POINT('',(-1.8591796875,-18.25786132812,2.6));
#12212 = SURFACE_CURVE('',#12213,(#12217,#12224),.PCURVE_S1.);
#12213 = B_SPLINE_CURVE_WITH_KNOTS('',2,(#12214,#12215,#12216),
  .UNSPECIFIED.,.F.,.F.,(3,3),(0.,1.),.PIECEWISE_BEZIER_KNOTS.);
#12214 = CARTESIAN_POINT('',(-2.528076171875,-18.54360351562,2.6));
#12215 = CARTESIAN_POINT('',(-2.121728515625,-18.54360351562,2.6));
#12216 = CARTESIAN_POINT('',(-1.8591796875,-18.25786132812,2.6));
#12217 = PCURVE('',#10305,#12218);
#12218 = DEFINITIONAL_REPRESENTATION('',(#12219),#12223);
#12219 = B_SPLINE_CURVE_WITH_KNOTS('',2,(#12220,#12221,#12222),
  .UNSPECIFIED.,.F.,.F.,(3,3),(0.,1.),.PIECEWISE_BEZIER_KNOTS.);
#12220 = CARTESIAN_POINT('',(1.48251953125,0.26162109375));
#12221 = CARTESIAN_POINT('',(1.8888671875,0.26162109375));
#12222 = CARTESIAN_POINT('',(2.151416015625,0.54736328125));
#12223 = ( GEOMETRIC_REPRESENTATION_CONTEXT(2) 
PARAMETRIC_REPRESENTATION_CONTEXT() REPRESENTATION_CONTEXT('2D SPACE',''
  ) );
#12224 = PCURVE('',#12225,#12232);
#12225 = SURFACE_OF_LINEAR_EXTRUSION('',#12226,#12230);
#12226 = B_SPLINE_CURVE_WITH_KNOTS('',2,(#12227,#12228,#12229),
  .UNSPECIFIED.,.F.,.F.,(3,3),(0.,1.),.PIECEWISE_BEZIER_KNOTS.);
#12227 = CARTESIAN_POINT('',(-2.528076171875,-18.54360351562,1.9));
#12228 = CARTESIAN_POINT('',(-2.121728515625,-18.54360351562,1.9));
#12229 = CARTESIAN_POINT('',(-1.8591796875,-18.25786132812,1.9));
#12230 = VECTOR('',#12231,1.);
#12231 = DIRECTION('',(-0.,-0.,-1.));
#12232 = DEFINITIONAL_REPRESENTATION('',(#12233),#12237);
#12233 = LINE('',#12234,#12235);
#12234 = CARTESIAN_POINT('',(0.,-0.7));
#12235 = VECTOR('',#12236,1.);
#12236 = DIRECTION('',(1.,0.));
#12237 = ( GEOMETRIC_REPRESENTATION_CONTEXT(2) 
PARAMETRIC_REPRESENTATION_CONTEXT() REPRESENTATION_CONTEXT('2D SPACE',''
  ) );
#12238 = ORIENTED_EDGE('',*,*,#12239,.T.);
#12239 = EDGE_CURVE('',#12210,#12240,#12242,.T.);
#12240 = VERTEX_POINT('',#12241);
#12241 = CARTESIAN_POINT('',(-1.596630859375,-17.44702148437,2.6));
#12242 = SURFACE_CURVE('',#12243,(#12247,#12254),.PCURVE_S1.);
#12243 = B_SPLINE_CURVE_WITH_KNOTS('',2,(#12244,#12245,#12246),
  .UNSPECIFIED.,.F.,.F.,(3,3),(0.,1.),.PIECEWISE_BEZIER_KNOTS.);
#12244 = CARTESIAN_POINT('',(-1.8591796875,-18.25786132812,2.6));
#12245 = CARTESIAN_POINT('',(-1.596630859375,-17.97211914062,2.6));
#12246 = CARTESIAN_POINT('',(-1.596630859375,-17.44702148437,2.6));
#12247 = PCURVE('',#10305,#12248);
#12248 = DEFINITIONAL_REPRESENTATION('',(#12249),#12253);
#12249 = B_SPLINE_CURVE_WITH_KNOTS('',2,(#12250,#12251,#12252),
  .UNSPECIFIED.,.F.,.F.,(3,3),(0.,1.),.PIECEWISE_BEZIER_KNOTS.);
#12250 = CARTESIAN_POINT('',(2.151416015625,0.54736328125));
#12251 = CARTESIAN_POINT('',(2.41396484375,0.83310546875));
#12252 = CARTESIAN_POINT('',(2.41396484375,1.358203125));
#12253 = ( GEOMETRIC_REPRESENTATION_CONTEXT(2) 
PARAMETRIC_REPRESENTATION_CONTEXT() REPRESENTATION_CONTEXT('2D SPACE',''
  ) );
#12254 = PCURVE('',#12255,#12262);
#12255 = SURFACE_OF_LINEAR_EXTRUSION('',#12256,#12260);
#12256 = B_SPLINE_CURVE_WITH_KNOTS('',2,(#12257,#12258,#12259),
  .UNSPECIFIED.,.F.,.F.,(3,3),(0.,1.),.PIECEWISE_BEZIER_KNOTS.);
#12257 = CARTESIAN_POINT('',(-1.8591796875,-18.25786132812,1.9));
#12258 = CARTESIAN_POINT('',(-1.596630859375,-17.97211914062,1.9));
#12259 = CARTESIAN_POINT('',(-1.596630859375,-17.44702148437,1.9));
#12260 = VECTOR('',#12261,1.);
#12261 = DIRECTION('',(-0.,-0.,-1.));
#12262 = DEFINITIONAL_REPRESENTATION('',(#12263),#12267);
#12263 = LINE('',#12264,#12265);
#12264 = CARTESIAN_POINT('',(0.,-0.7));
#12265 = VECTOR('',#12266,1.);
#12266 = DIRECTION('',(1.,0.));
#12267 = ( GEOMETRIC_REPRESENTATION_CONTEXT(2) 
PARAMETRIC_REPRESENTATION_CONTEXT() REPRESENTATION_CONTEXT('2D SPACE',''
  ) );
#12268 = ORIENTED_EDGE('',*,*,#12269,.T.);
#12269 = EDGE_CURVE('',#12240,#12270,#12272,.T.);
#12270 = VERTEX_POINT('',#12271);
#12271 = CARTESIAN_POINT('',(-1.70888671875,-16.8671875,2.6));
#12272 = SURFACE_CURVE('',#12273,(#12277,#12284),.PCURVE_S1.);
#12273 = B_SPLINE_CURVE_WITH_KNOTS('',2,(#12274,#12275,#12276),
  .UNSPECIFIED.,.F.,.F.,(3,3),(0.,1.),.PIECEWISE_BEZIER_KNOTS.);
#12274 = CARTESIAN_POINT('',(-1.596630859375,-17.44702148437,2.6));
#12275 = CARTESIAN_POINT('',(-1.596630859375,-17.11489257812,2.6));
#12276 = CARTESIAN_POINT('',(-1.70888671875,-16.8671875,2.6));
#12277 = PCURVE('',#10305,#12278);
#12278 = DEFINITIONAL_REPRESENTATION('',(#12279),#12283);
#12279 = B_SPLINE_CURVE_WITH_KNOTS('',2,(#12280,#12281,#12282),
  .UNSPECIFIED.,.F.,.F.,(3,3),(0.,1.),.PIECEWISE_BEZIER_KNOTS.);
#12280 = CARTESIAN_POINT('',(2.41396484375,1.358203125));
#12281 = CARTESIAN_POINT('',(2.41396484375,1.69033203125));
#12282 = CARTESIAN_POINT('',(2.301708984375,1.938037109375));
#12283 = ( GEOMETRIC_REPRESENTATION_CONTEXT(2) 
PARAMETRIC_REPRESENTATION_CONTEXT() REPRESENTATION_CONTEXT('2D SPACE',''
  ) );
#12284 = PCURVE('',#12285,#12292);
#12285 = SURFACE_OF_LINEAR_EXTRUSION('',#12286,#12290);
#12286 = B_SPLINE_CURVE_WITH_KNOTS('',2,(#12287,#12288,#12289),
  .UNSPECIFIED.,.F.,.F.,(3,3),(0.,1.),.PIECEWISE_BEZIER_KNOTS.);
#12287 = CARTESIAN_POINT('',(-1.596630859375,-17.44702148437,1.9));
#12288 = CARTESIAN_POINT('',(-1.596630859375,-17.11489257812,1.9));
#12289 = CARTESIAN_POINT('',(-1.70888671875,-16.8671875,1.9));
#12290 = VECTOR('',#12291,1.);
#12291 = DIRECTION('',(-0.,-0.,-1.));
#12292 = DEFINITIONAL_REPRESENTATION('',(#12293),#12297);
#12293 = LINE('',#12294,#12295);
#12294 = CARTESIAN_POINT('',(0.,-0.7));
#12295 = VECTOR('',#12296,1.);
#12296 = DIRECTION('',(1.,0.));
#12297 = ( GEOMETRIC_REPRESENTATION_CONTEXT(2) 
PARAMETRIC_REPRESENTATION_CONTEXT() REPRESENTATION_CONTEXT('2D SPACE',''
  ) );
#12298 = ORIENTED_EDGE('',*,*,#12299,.T.);
#12299 = EDGE_CURVE('',#12270,#12300,#12302,.T.);
#12300 = VERTEX_POINT('',#12301);
#12301 = CARTESIAN_POINT('',(-2.0373046875,-16.48310546875,2.6));
#12302 = SURFACE_CURVE('',#12303,(#12307,#12314),.PCURVE_S1.);
#12303 = B_SPLINE_CURVE_WITH_KNOTS('',2,(#12304,#12305,#12306),
  .UNSPECIFIED.,.F.,.F.,(3,3),(0.,1.),.PIECEWISE_BEZIER_KNOTS.);
#12304 = CARTESIAN_POINT('',(-1.70888671875,-16.8671875,2.6));
#12305 = CARTESIAN_POINT('',(-1.821142578125,-16.61948242187,2.6));
#12306 = CARTESIAN_POINT('',(-2.0373046875,-16.48310546875,2.6));
#12307 = PCURVE('',#10305,#12308);
#12308 = DEFINITIONAL_REPRESENTATION('',(#12309),#12313);
#12309 = B_SPLINE_CURVE_WITH_KNOTS('',2,(#12310,#12311,#12312),
  .UNSPECIFIED.,.F.,.F.,(3,3),(0.,1.),.PIECEWISE_BEZIER_KNOTS.);
#12310 = CARTESIAN_POINT('',(2.301708984375,1.938037109375));
#12311 = CARTESIAN_POINT('',(2.189453125,2.1857421875));
#12312 = CARTESIAN_POINT('',(1.973291015625,2.322119140625));
#12313 = ( GEOMETRIC_REPRESENTATION_CONTEXT(2) 
PARAMETRIC_REPRESENTATION_CONTEXT() REPRESENTATION_CONTEXT('2D SPACE',''
  ) );
#12314 = PCURVE('',#12315,#12322);
#12315 = SURFACE_OF_LINEAR_EXTRUSION('',#12316,#12320);
#12316 = B_SPLINE_CURVE_WITH_KNOTS('',2,(#12317,#12318,#12319),
  .UNSPECIFIED.,.F.,.F.,(3,3),(0.,1.),.PIECEWISE_BEZIER_KNOTS.);
#12317 = CARTESIAN_POINT('',(-1.70888671875,-16.8671875,1.9));
#12318 = CARTESIAN_POINT('',(-1.821142578125,-16.61948242187,1.9));
#12319 = CARTESIAN_POINT('',(-2.0373046875,-16.48310546875,1.9));
#12320 = VECTOR('',#12321,1.);
#12321 = DIRECTION('',(-0.,-0.,-1.));
#12322 = DEFINITIONAL_REPRESENTATION('',(#12323),#12327);
#12323 = LINE('',#12324,#12325);
#12324 = CARTESIAN_POINT('',(0.,-0.7));
#12325 = VECTOR('',#12326,1.);
#12326 = DIRECTION('',(1.,0.));
#12327 = ( GEOMETRIC_REPRESENTATION_CONTEXT(2) 
PARAMETRIC_REPRESENTATION_CONTEXT() REPRESENTATION_CONTEXT('2D SPACE',''
  ) );
#12328 = ORIENTED_EDGE('',*,*,#12329,.T.);
#12329 = EDGE_CURVE('',#12300,#12330,#12332,.T.);
#12330 = VERTEX_POINT('',#12331);
#12331 = CARTESIAN_POINT('',(-2.522509765625,-16.34672851562,2.6));
#12332 = SURFACE_CURVE('',#12333,(#12337,#12344),.PCURVE_S1.);
#12333 = B_SPLINE_CURVE_WITH_KNOTS('',2,(#12334,#12335,#12336),
  .UNSPECIFIED.,.F.,.F.,(3,3),(0.,1.),.PIECEWISE_BEZIER_KNOTS.);
#12334 = CARTESIAN_POINT('',(-2.0373046875,-16.48310546875,2.6));
#12335 = CARTESIAN_POINT('',(-2.253466796875,-16.34672851562,2.6));
#12336 = CARTESIAN_POINT('',(-2.522509765625,-16.34672851562,2.6));
#12337 = PCURVE('',#10305,#12338);
#12338 = DEFINITIONAL_REPRESENTATION('',(#12339),#12343);
#12339 = B_SPLINE_CURVE_WITH_KNOTS('',2,(#12340,#12341,#12342),
  .UNSPECIFIED.,.F.,.F.,(3,3),(0.,1.),.PIECEWISE_BEZIER_KNOTS.);
#12340 = CARTESIAN_POINT('',(1.973291015625,2.322119140625));
#12341 = CARTESIAN_POINT('',(1.75712890625,2.45849609375));
#12342 = CARTESIAN_POINT('',(1.4880859375,2.45849609375));
#12343 = ( GEOMETRIC_REPRESENTATION_CONTEXT(2) 
PARAMETRIC_REPRESENTATION_CONTEXT() REPRESENTATION_CONTEXT('2D SPACE',''
  ) );
#12344 = PCURVE('',#12345,#12352);
#12345 = SURFACE_OF_LINEAR_EXTRUSION('',#12346,#12350);
#12346 = B_SPLINE_CURVE_WITH_KNOTS('',2,(#12347,#12348,#12349),
  .UNSPECIFIED.,.F.,.F.,(3,3),(0.,1.),.PIECEWISE_BEZIER_KNOTS.);
#12347 = CARTESIAN_POINT('',(-2.0373046875,-16.48310546875,1.9));
#12348 = CARTESIAN_POINT('',(-2.253466796875,-16.34672851562,1.9));
#12349 = CARTESIAN_POINT('',(-2.522509765625,-16.34672851562,1.9));
#12350 = VECTOR('',#12351,1.);
#12351 = DIRECTION('',(-0.,-0.,-1.));
#12352 = DEFINITIONAL_REPRESENTATION('',(#12353),#12357);
#12353 = LINE('',#12354,#12355);
#12354 = CARTESIAN_POINT('',(0.,-0.7));
#12355 = VECTOR('',#12356,1.);
#12356 = DIRECTION('',(1.,0.));
#12357 = ( GEOMETRIC_REPRESENTATION_CONTEXT(2) 
PARAMETRIC_REPRESENTATION_CONTEXT() REPRESENTATION_CONTEXT('2D SPACE',''
  ) );
#12358 = ORIENTED_EDGE('',*,*,#12359,.T.);
#12359 = EDGE_CURVE('',#12330,#12360,#12362,.T.);
#12360 = VERTEX_POINT('',#12361);
#12361 = CARTESIAN_POINT('',(-3.1802734375,-16.60927734375,2.6));
#12362 = SURFACE_CURVE('',#12363,(#12367,#12374),.PCURVE_S1.);
#12363 = B_SPLINE_CURVE_WITH_KNOTS('',2,(#12364,#12365,#12366),
  .UNSPECIFIED.,.F.,.F.,(3,3),(0.,1.),.PIECEWISE_BEZIER_KNOTS.);
#12364 = CARTESIAN_POINT('',(-2.522509765625,-16.34672851562,2.6));
#12365 = CARTESIAN_POINT('',(-2.904736328125,-16.34672851562,2.6));
#12366 = CARTESIAN_POINT('',(-3.1802734375,-16.60927734375,2.6));
#12367 = PCURVE('',#10305,#12368);
#12368 = DEFINITIONAL_REPRESENTATION('',(#12369),#12373);
#12369 = B_SPLINE_CURVE_WITH_KNOTS('',2,(#12370,#12371,#12372),
  .UNSPECIFIED.,.F.,.F.,(3,3),(0.,1.),.PIECEWISE_BEZIER_KNOTS.);
#12370 = CARTESIAN_POINT('',(1.4880859375,2.45849609375));
#12371 = CARTESIAN_POINT('',(1.105859375,2.45849609375));
#12372 = CARTESIAN_POINT('',(0.830322265625,2.195947265625));
#12373 = ( GEOMETRIC_REPRESENTATION_CONTEXT(2) 
PARAMETRIC_REPRESENTATION_CONTEXT() REPRESENTATION_CONTEXT('2D SPACE',''
  ) );
#12374 = PCURVE('',#12375,#12382);
#12375 = SURFACE_OF_LINEAR_EXTRUSION('',#12376,#12380);
#12376 = B_SPLINE_CURVE_WITH_KNOTS('',2,(#12377,#12378,#12379),
  .UNSPECIFIED.,.F.,.F.,(3,3),(0.,1.),.PIECEWISE_BEZIER_KNOTS.);
#12377 = CARTESIAN_POINT('',(-2.522509765625,-16.34672851562,1.9));
#12378 = CARTESIAN_POINT('',(-2.904736328125,-16.34672851562,1.9));
#12379 = CARTESIAN_POINT('',(-3.1802734375,-16.60927734375,1.9));
#12380 = VECTOR('',#12381,1.);
#12381 = DIRECTION('',(-0.,-0.,-1.));
#12382 = DEFINITIONAL_REPRESENTATION('',(#12383),#12387);
#12383 = LINE('',#12384,#12385);
#12384 = CARTESIAN_POINT('',(0.,-0.7));
#12385 = VECTOR('',#12386,1.);
#12386 = DIRECTION('',(1.,0.));
#12387 = ( GEOMETRIC_REPRESENTATION_CONTEXT(2) 
PARAMETRIC_REPRESENTATION_CONTEXT() REPRESENTATION_CONTEXT('2D SPACE',''
  ) );
#12388 = ORIENTED_EDGE('',*,*,#12389,.T.);
#12389 = EDGE_CURVE('',#12360,#12148,#12390,.T.);
#12390 = SURFACE_CURVE('',#12391,(#12395,#12402),.PCURVE_S1.);
#12391 = B_SPLINE_CURVE_WITH_KNOTS('',2,(#12392,#12393,#12394),
  .UNSPECIFIED.,.F.,.F.,(3,3),(0.,1.),.PIECEWISE_BEZIER_KNOTS.);
#12392 = CARTESIAN_POINT('',(-3.1802734375,-16.60927734375,2.6));
#12393 = CARTESIAN_POINT('',(-3.455810546875,-16.87182617187,2.6));
#12394 = CARTESIAN_POINT('',(-3.455810546875,-17.48598632812,2.6));
#12395 = PCURVE('',#10305,#12396);
#12396 = DEFINITIONAL_REPRESENTATION('',(#12397),#12401);
#12397 = B_SPLINE_CURVE_WITH_KNOTS('',2,(#12398,#12399,#12400),
  .UNSPECIFIED.,.F.,.F.,(3,3),(0.,1.),.PIECEWISE_BEZIER_KNOTS.);
#12398 = CARTESIAN_POINT('',(0.830322265625,2.195947265625));
#12399 = CARTESIAN_POINT('',(0.55478515625,1.9333984375));
#12400 = CARTESIAN_POINT('',(0.55478515625,1.31923828125));
#12401 = ( GEOMETRIC_REPRESENTATION_CONTEXT(2) 
PARAMETRIC_REPRESENTATION_CONTEXT() REPRESENTATION_CONTEXT('2D SPACE',''
  ) );
#12402 = PCURVE('',#12403,#12410);
#12403 = SURFACE_OF_LINEAR_EXTRUSION('',#12404,#12408);
#12404 = B_SPLINE_CURVE_WITH_KNOTS('',2,(#12405,#12406,#12407),
  .UNSPECIFIED.,.F.,.F.,(3,3),(0.,1.),.PIECEWISE_BEZIER_KNOTS.);
#12405 = CARTESIAN_POINT('',(-3.1802734375,-16.60927734375,1.9));
#12406 = CARTESIAN_POINT('',(-3.455810546875,-16.87182617187,1.9));
#12407 = CARTESIAN_POINT('',(-3.455810546875,-17.48598632812,1.9));
#12408 = VECTOR('',#12409,1.);
#12409 = DIRECTION('',(-0.,-0.,-1.));
#12410 = DEFINITIONAL_REPRESENTATION('',(#12411),#12415);
#12411 = LINE('',#12412,#12413);
#12412 = CARTESIAN_POINT('',(0.,-0.7));
#12413 = VECTOR('',#12414,1.);
#12414 = DIRECTION('',(1.,0.));
#12415 = ( GEOMETRIC_REPRESENTATION_CONTEXT(2) 
PARAMETRIC_REPRESENTATION_CONTEXT() REPRESENTATION_CONTEXT('2D SPACE',''
  ) );
#12416 = ADVANCED_FACE('',(#12417),#10849,.T.);
#12417 = FACE_BOUND('',#12418,.F.);
#12418 = EDGE_LOOP('',(#12419,#12420,#12421,#12422,#12423,#12424,#12425,
    #12426,#12427,#12428,#12429,#12430,#12431,#12432,#12433,#12434,
    #12435));
#12419 = ORIENTED_EDGE('',*,*,#10833,.T.);
#12420 = ORIENTED_EDGE('',*,*,#10887,.T.);
#12421 = ORIENTED_EDGE('',*,*,#10985,.T.);
#12422 = ORIENTED_EDGE('',*,*,#11083,.T.);
#12423 = ORIENTED_EDGE('',*,*,#11181,.T.);
#12424 = ORIENTED_EDGE('',*,*,#11279,.T.);
#12425 = ORIENTED_EDGE('',*,*,#11377,.T.);
#12426 = ORIENTED_EDGE('',*,*,#11475,.T.);
#12427 = ORIENTED_EDGE('',*,*,#11573,.T.);
#12428 = ORIENTED_EDGE('',*,*,#11622,.T.);
#12429 = ORIENTED_EDGE('',*,*,#11546,.T.);
#12430 = ORIENTED_EDGE('',*,*,#11448,.T.);
#12431 = ORIENTED_EDGE('',*,*,#11350,.T.);
#12432 = ORIENTED_EDGE('',*,*,#11252,.T.);
#12433 = ORIENTED_EDGE('',*,*,#11154,.T.);
#12434 = ORIENTED_EDGE('',*,*,#11056,.T.);
#12435 = ORIENTED_EDGE('',*,*,#10958,.T.);
#12436 = ADVANCED_FACE('',(#12437),#11687,.T.);
#12437 = FACE_BOUND('',#12438,.F.);
#12438 = EDGE_LOOP('',(#12439,#12440,#12441,#12442,#12443,#12444,#12445,
    #12446));
#12439 = ORIENTED_EDGE('',*,*,#11671,.T.);
#12440 = ORIENTED_EDGE('',*,*,#11725,.T.);
#12441 = ORIENTED_EDGE('',*,*,#11823,.T.);
#12442 = ORIENTED_EDGE('',*,*,#11921,.T.);
#12443 = ORIENTED_EDGE('',*,*,#12019,.T.);
#12444 = ORIENTED_EDGE('',*,*,#11992,.T.);
#12445 = ORIENTED_EDGE('',*,*,#11894,.T.);
#12446 = ORIENTED_EDGE('',*,*,#11796,.T.);
#12447 = ADVANCED_FACE('',(#12448),#12165,.T.);
#12448 = FACE_BOUND('',#12449,.T.);
#12449 = EDGE_LOOP('',(#12450,#12513,#12534,#12535));
#12450 = ORIENTED_EDGE('',*,*,#12451,.T.);
#12451 = EDGE_CURVE('',#12452,#12454,#12456,.T.);
#12452 = VERTEX_POINT('',#12453);
#12453 = CARTESIAN_POINT('',(-3.19140625,-18.26064453125,2.));
#12454 = VERTEX_POINT('',#12455);
#12455 = CARTESIAN_POINT('',(-3.455810546875,-17.48598632812,2.));
#12456 = SURFACE_CURVE('',#12457,(#12472,#12490),.PCURVE_S1.);
#12457 = B_SPLINE_CURVE_WITH_KNOTS('',5,(#12458,#12459,#12460,#12461,
    #12462,#12463,#12464,#12465,#12466,#12467,#12468,#12469,#12470,
    #12471),.UNSPECIFIED.,.F.,.F.,(6,4,4,6),(0.,9.288475849948E-02,
    0.534230219197,1.),.UNSPECIFIED.);
#12458 = CARTESIAN_POINT('',(-3.19140625,-18.26064453125,2.));
#12459 = CARTESIAN_POINT('',(-3.201550580771,-18.24978831761,2.));
#12460 = CARTESIAN_POINT('',(-3.211458257276,-18.2387330012,2.));
#12461 = CARTESIAN_POINT('',(-3.221126452645,-18.22748042636,2.));
#12462 = CARTESIAN_POINT('',(-3.230552746508,-18.21603279293,2.));
#12463 = CARTESIAN_POINT('',(-3.28336554544,-18.14908410433,2.));
#12464 = CARTESIAN_POINT('',(-3.321493693619,-18.08942355537,2.));
#12465 = CARTESIAN_POINT('',(-3.353887284015,-18.0257012072,2.));
#12466 = CARTESIAN_POINT('',(-3.380585405688,-17.95834249462,2.));
#12467 = CARTESIAN_POINT('',(-3.42417154558,-17.81342754573,2.));
#12468 = CARTESIAN_POINT('',(-3.440437248628,-17.73550373092,2.));
#12469 = CARTESIAN_POINT('',(-3.450835490026,-17.65461396844,2.));
#12470 = CARTESIAN_POINT('',(-3.455810546875,-17.57129733137,2.));
#12471 = CARTESIAN_POINT('',(-3.455810546875,-17.48598632812,2.));
#12472 = PCURVE('',#12165,#12473);
#12473 = DEFINITIONAL_REPRESENTATION('',(#12474),#12489);
#12474 = B_SPLINE_CURVE_WITH_KNOTS('',5,(#12475,#12476,#12477,#12478,
    #12479,#12480,#12481,#12482,#12483,#12484,#12485,#12486,#12487,
    #12488),.UNSPECIFIED.,.F.,.F.,(6,4,4,6),(0.,9.288475849948E-02,
    0.534230219197,1.),.UNSPECIFIED.);
#12475 = CARTESIAN_POINT('',(1.,-0.1));
#12476 = CARTESIAN_POINT('',(0.980816630269,-0.1));
#12477 = CARTESIAN_POINT('',(0.961620782925,-0.1));
#12478 = CARTESIAN_POINT('',(0.942416602871,-0.1));
#12479 = CARTESIAN_POINT('',(0.92320827016,-0.1));
#12480 = CARTESIAN_POINT('',(0.812731174199,-0.1));
#12481 = CARTESIAN_POINT('',(0.721454113799,-0.1));
#12482 = CARTESIAN_POINT('',(0.630650394865,-0.1));
#12483 = CARTESIAN_POINT('',(0.540721253547,-0.1));
#12484 = CARTESIAN_POINT('',(0.358368859551,-0.1));
#12485 = CARTESIAN_POINT('',(0.266071418484,-0.1));
#12486 = CARTESIAN_POINT('',(0.175468365825,-0.1));
#12487 = CARTESIAN_POINT('',(8.675120886724E-02,-0.1));
#12488 = CARTESIAN_POINT('',(0.,-0.1));
#12489 = ( GEOMETRIC_REPRESENTATION_CONTEXT(2) 
PARAMETRIC_REPRESENTATION_CONTEXT() REPRESENTATION_CONTEXT('2D SPACE',''
  ) );
#12490 = PCURVE('',#12491,#12496);
#12491 = PLANE('',#12492);
#12492 = AXIS2_PLACEMENT_3D('',#12493,#12494,#12495);
#12493 = CARTESIAN_POINT('',(0.,-20.25,2.));
#12494 = DIRECTION('',(0.,0.,1.));
#12495 = DIRECTION('',(1.,0.,-0.));
#12496 = DEFINITIONAL_REPRESENTATION('',(#12497),#12512);
#12497 = B_SPLINE_CURVE_WITH_KNOTS('',5,(#12498,#12499,#12500,#12501,
    #12502,#12503,#12504,#12505,#12506,#12507,#12508,#12509,#12510,
    #12511),.UNSPECIFIED.,.F.,.F.,(6,4,4,6),(0.,9.288475849948E-02,
    0.534230219197,1.),.UNSPECIFIED.);
#12498 = CARTESIAN_POINT('',(-3.19140625,1.98935546875));
#12499 = CARTESIAN_POINT('',(-3.201550580771,2.000211682382));
#12500 = CARTESIAN_POINT('',(-3.211458257276,2.011266998794));
#12501 = CARTESIAN_POINT('',(-3.221126452645,2.022519573635));
#12502 = CARTESIAN_POINT('',(-3.230552746508,2.033967207065));
#12503 = CARTESIAN_POINT('',(-3.28336554544,2.100915895667));
#12504 = CARTESIAN_POINT('',(-3.321493693619,2.160576444629));
#12505 = CARTESIAN_POINT('',(-3.353887284015,2.224298792792));
#12506 = CARTESIAN_POINT('',(-3.380585405688,2.291657505372));
#12507 = CARTESIAN_POINT('',(-3.42417154558,2.436572454261));
#12508 = CARTESIAN_POINT('',(-3.440437248628,2.51449626908));
#12509 = CARTESIAN_POINT('',(-3.450835490026,2.595386031552));
#12510 = CARTESIAN_POINT('',(-3.455810546875,2.678702668624));
#12511 = CARTESIAN_POINT('',(-3.455810546875,2.764013671875));
#12512 = ( GEOMETRIC_REPRESENTATION_CONTEXT(2) 
PARAMETRIC_REPRESENTATION_CONTEXT() REPRESENTATION_CONTEXT('2D SPACE',''
  ) );
#12513 = ORIENTED_EDGE('',*,*,#12514,.T.);
#12514 = EDGE_CURVE('',#12454,#12148,#12515,.T.);
#12515 = SURFACE_CURVE('',#12516,(#12520,#12527),.PCURVE_S1.);
#12516 = LINE('',#12517,#12518);
#12517 = CARTESIAN_POINT('',(-3.455810546875,-17.48598632812,1.9));
#12518 = VECTOR('',#12519,1.);
#12519 = DIRECTION('',(0.,0.,1.));
#12520 = PCURVE('',#12165,#12521);
#12521 = DEFINITIONAL_REPRESENTATION('',(#12522),#12526);
#12522 = LINE('',#12523,#12524);
#12523 = CARTESIAN_POINT('',(0.,0.));
#12524 = VECTOR('',#12525,1.);
#12525 = DIRECTION('',(0.,-1.));
#12526 = ( GEOMETRIC_REPRESENTATION_CONTEXT(2) 
PARAMETRIC_REPRESENTATION_CONTEXT() REPRESENTATION_CONTEXT('2D SPACE',''
  ) );
#12527 = PCURVE('',#12403,#12528);
#12528 = DEFINITIONAL_REPRESENTATION('',(#12529),#12533);
#12529 = LINE('',#12530,#12531);
#12530 = CARTESIAN_POINT('',(1.,0.));
#12531 = VECTOR('',#12532,1.);
#12532 = DIRECTION('',(0.,-1.));
#12533 = ( GEOMETRIC_REPRESENTATION_CONTEXT(2) 
PARAMETRIC_REPRESENTATION_CONTEXT() REPRESENTATION_CONTEXT('2D SPACE',''
  ) );
#12534 = ORIENTED_EDGE('',*,*,#12147,.T.);
#12535 = ORIENTED_EDGE('',*,*,#12536,.F.);
#12536 = EDGE_CURVE('',#12452,#12150,#12537,.T.);
#12537 = SURFACE_CURVE('',#12538,(#12542,#12549),.PCURVE_S1.);
#12538 = LINE('',#12539,#12540);
#12539 = CARTESIAN_POINT('',(-3.19140625,-18.26064453125,1.9));
#12540 = VECTOR('',#12541,1.);
#12541 = DIRECTION('',(0.,0.,1.));
#12542 = PCURVE('',#12165,#12543);
#12543 = DEFINITIONAL_REPRESENTATION('',(#12544),#12548);
#12544 = LINE('',#12545,#12546);
#12545 = CARTESIAN_POINT('',(1.,0.));
#12546 = VECTOR('',#12547,1.);
#12547 = DIRECTION('',(0.,-1.));
#12548 = ( GEOMETRIC_REPRESENTATION_CONTEXT(2) 
PARAMETRIC_REPRESENTATION_CONTEXT() REPRESENTATION_CONTEXT('2D SPACE',''
  ) );
#12549 = PCURVE('',#12195,#12550);
#12550 = DEFINITIONAL_REPRESENTATION('',(#12551),#12555);
#12551 = LINE('',#12552,#12553);
#12552 = CARTESIAN_POINT('',(0.,0.));
#12553 = VECTOR('',#12554,1.);
#12554 = DIRECTION('',(0.,-1.));
#12555 = ( GEOMETRIC_REPRESENTATION_CONTEXT(2) 
PARAMETRIC_REPRESENTATION_CONTEXT() REPRESENTATION_CONTEXT('2D SPACE',''
  ) );
#12556 = ADVANCED_FACE('',(#12557),#12195,.T.);
#12557 = FACE_BOUND('',#12558,.T.);
#12558 = EDGE_LOOP('',(#12559,#12603,#12604,#12605));
#12559 = ORIENTED_EDGE('',*,*,#12560,.T.);
#12560 = EDGE_CURVE('',#12561,#12452,#12563,.T.);
#12561 = VERTEX_POINT('',#12562);
#12562 = CARTESIAN_POINT('',(-2.528076171875,-18.54360351562,2.));
#12563 = SURFACE_CURVE('',#12564,(#12575,#12589),.PCURVE_S1.);
#12564 = B_SPLINE_CURVE_WITH_KNOTS('',5,(#12565,#12566,#12567,#12568,
    #12569,#12570,#12571,#12572,#12573,#12574),.UNSPECIFIED.,.F.,.F.,(6,
    4,6),(0.,0.546971843718,1.),.UNSPECIFIED.);
#12565 = CARTESIAN_POINT('',(-2.528076171875,-18.54360351562,2.));
#12566 = CARTESIAN_POINT('',(-2.61308492759,-18.54360351562,2.));
#12567 = CARTESIAN_POINT('',(-2.69577920891,-18.5355728419,2.));
#12568 = CARTESIAN_POINT('',(-2.775500929129,-18.51894410457,2.));
#12569 = CARTESIAN_POINT('',(-2.851612113355,-18.49341977397,2.));
#12570 = CARTESIAN_POINT('',(-2.983224015569,-18.43094698067,2.));
#12571 = CARTESIAN_POINT('',(-3.040033060572,-18.39670717265,2.));
#12572 = CARTESIAN_POINT('',(-3.093739330299,-18.3566627949,2.));
#12573 = CARTESIAN_POINT('',(-3.144207792161,-18.31115516156,2.));
#12574 = CARTESIAN_POINT('',(-3.19140625,-18.26064453125,2.));
#12575 = PCURVE('',#12195,#12576);
#12576 = DEFINITIONAL_REPRESENTATION('',(#12577),#12588);
#12577 = B_SPLINE_CURVE_WITH_KNOTS('',5,(#12578,#12579,#12580,#12581,
    #12582,#12583,#12584,#12585,#12586,#12587),.UNSPECIFIED.,.F.,.F.,(6,
    4,6),(0.,0.546971843718,1.),.UNSPECIFIED.);
#12578 = CARTESIAN_POINT('',(1.,-0.1));
#12579 = CARTESIAN_POINT('',(0.893452918174,-0.1));
#12580 = CARTESIAN_POINT('',(0.785021542382,-0.1));
#12581 = CARTESIAN_POINT('',(0.675192609755,-0.1));
#12582 = CARTESIAN_POINT('',(0.564588449534,-0.1));
#12583 = CARTESIAN_POINT('',(0.362405374109,-0.1));
#12584 = CARTESIAN_POINT('',(0.270800632133,-0.1));
#12585 = CARTESIAN_POINT('',(0.179626077605,-0.1));
#12586 = CARTESIAN_POINT('',(8.925433208986E-02,-0.1));
#12587 = CARTESIAN_POINT('',(0.,-0.1));
#12588 = ( GEOMETRIC_REPRESENTATION_CONTEXT(2) 
PARAMETRIC_REPRESENTATION_CONTEXT() REPRESENTATION_CONTEXT('2D SPACE',''
  ) );
#12589 = PCURVE('',#12491,#12590);
#12590 = DEFINITIONAL_REPRESENTATION('',(#12591),#12602);
#12591 = B_SPLINE_CURVE_WITH_KNOTS('',5,(#12592,#12593,#12594,#12595,
    #12596,#12597,#12598,#12599,#12600,#12601),.UNSPECIFIED.,.F.,.F.,(6,
    4,6),(0.,0.546971843718,1.),.UNSPECIFIED.);
#12592 = CARTESIAN_POINT('',(-2.528076171875,1.706396484375));
#12593 = CARTESIAN_POINT('',(-2.61308492759,1.706396484375));
#12594 = CARTESIAN_POINT('',(-2.69577920891,1.7144271581));
#12595 = CARTESIAN_POINT('',(-2.775500929129,1.731055895424));
#12596 = CARTESIAN_POINT('',(-2.851612113355,1.756580226024));
#12597 = CARTESIAN_POINT('',(-2.983224015569,1.81905301933));
#12598 = CARTESIAN_POINT('',(-3.040033060572,1.853292827343));
#12599 = CARTESIAN_POINT('',(-3.093739330299,1.893337205099));
#12600 = CARTESIAN_POINT('',(-3.144207792161,1.938844838432));
#12601 = CARTESIAN_POINT('',(-3.19140625,1.98935546875));
#12602 = ( GEOMETRIC_REPRESENTATION_CONTEXT(2) 
PARAMETRIC_REPRESENTATION_CONTEXT() REPRESENTATION_CONTEXT('2D SPACE',''
  ) );
#12603 = ORIENTED_EDGE('',*,*,#12536,.T.);
#12604 = ORIENTED_EDGE('',*,*,#12179,.T.);
#12605 = ORIENTED_EDGE('',*,*,#12606,.F.);
#12606 = EDGE_CURVE('',#12561,#12180,#12607,.T.);
#12607 = SURFACE_CURVE('',#12608,(#12612,#12619),.PCURVE_S1.);
#12608 = LINE('',#12609,#12610);
#12609 = CARTESIAN_POINT('',(-2.528076171875,-18.54360351562,1.9));
#12610 = VECTOR('',#12611,1.);
#12611 = DIRECTION('',(0.,0.,1.));
#12612 = PCURVE('',#12195,#12613);
#12613 = DEFINITIONAL_REPRESENTATION('',(#12614),#12618);
#12614 = LINE('',#12615,#12616);
#12615 = CARTESIAN_POINT('',(1.,0.));
#12616 = VECTOR('',#12617,1.);
#12617 = DIRECTION('',(0.,-1.));
#12618 = ( GEOMETRIC_REPRESENTATION_CONTEXT(2) 
PARAMETRIC_REPRESENTATION_CONTEXT() REPRESENTATION_CONTEXT('2D SPACE',''
  ) );
#12619 = PCURVE('',#12225,#12620);
#12620 = DEFINITIONAL_REPRESENTATION('',(#12621),#12625);
#12621 = LINE('',#12622,#12623);
#12622 = CARTESIAN_POINT('',(0.,0.));
#12623 = VECTOR('',#12624,1.);
#12624 = DIRECTION('',(0.,-1.));
#12625 = ( GEOMETRIC_REPRESENTATION_CONTEXT(2) 
PARAMETRIC_REPRESENTATION_CONTEXT() REPRESENTATION_CONTEXT('2D SPACE',''
  ) );
#12626 = ADVANCED_FACE('',(#12627),#12225,.T.);
#12627 = FACE_BOUND('',#12628,.T.);
#12628 = EDGE_LOOP('',(#12629,#12673,#12674,#12675));
#12629 = ORIENTED_EDGE('',*,*,#12630,.T.);
#12630 = EDGE_CURVE('',#12631,#12561,#12633,.T.);
#12631 = VERTEX_POINT('',#12632);
#12632 = CARTESIAN_POINT('',(-1.8591796875,-18.25786132812,2.));
#12633 = SURFACE_CURVE('',#12634,(#12645,#12659),.PCURVE_S1.);
#12634 = B_SPLINE_CURVE_WITH_KNOTS('',5,(#12635,#12636,#12637,#12638,
    #12639,#12640,#12641,#12642,#12643,#12644),.UNSPECIFIED.,.F.,.F.,(6,
    4,6),(0.,0.426509668967,1.),.UNSPECIFIED.);
#12635 = CARTESIAN_POINT('',(-1.8591796875,-18.25786132812,2.));
#12636 = CARTESIAN_POINT('',(-1.903416844013,-18.30600636065,2.));
#12637 = CARTESIAN_POINT('',(-1.950719977683,-18.34964136108,2.));
#12638 = CARTESIAN_POINT('',(-2.001061728293,-18.38837143167,2.));
#12639 = CARTESIAN_POINT('',(-2.054325156109,-18.42190310951,2.));
#12640 = CARTESIAN_POINT('',(-2.185478039308,-18.4880449494,2.));
#12641 = CARTESIAN_POINT('',(-2.265551865146,-18.51636699449,2.));
#12642 = CARTESIAN_POINT('',(-2.349869631486,-18.53475836943,2.));
#12643 = CARTESIAN_POINT('',(-2.437644999797,-18.54360351562,2.));
#12644 = CARTESIAN_POINT('',(-2.528076171875,-18.54360351562,2.));
#12645 = PCURVE('',#12225,#12646);
#12646 = DEFINITIONAL_REPRESENTATION('',(#12647),#12658);
#12647 = B_SPLINE_CURVE_WITH_KNOTS('',5,(#12648,#12649,#12650,#12651,
    #12652,#12653,#12654,#12655,#12656,#12657),.UNSPECIFIED.,.F.,.F.,(6,
    4,6),(0.,0.426509668967,1.),.UNSPECIFIED.);
#12648 = CARTESIAN_POINT('',(1.,-0.1));
#12649 = CARTESIAN_POINT('',(0.91575442018,-0.1));
#12650 = CARTESIAN_POINT('',(0.830528992028,-0.1));
#12651 = CARTESIAN_POINT('',(0.744601914793,-0.1));
#12652 = CARTESIAN_POINT('',(0.658298801265,-0.1));
#12653 = CARTESIAN_POINT('',(0.4559615331,-0.1));
#12654 = CARTESIAN_POINT('',(0.339894906875,-0.1));
#12655 = CARTESIAN_POINT('',(0.224755610967,-0.1));
#12656 = CARTESIAN_POINT('',(0.111273155741,-0.1));
#12657 = CARTESIAN_POINT('',(0.,-0.1));
#12658 = ( GEOMETRIC_REPRESENTATION_CONTEXT(2) 
PARAMETRIC_REPRESENTATION_CONTEXT() REPRESENTATION_CONTEXT('2D SPACE',''
  ) );
#12659 = PCURVE('',#12491,#12660);
#12660 = DEFINITIONAL_REPRESENTATION('',(#12661),#12672);
#12661 = B_SPLINE_CURVE_WITH_KNOTS('',5,(#12662,#12663,#12664,#12665,
    #12666,#12667,#12668,#12669,#12670,#12671),.UNSPECIFIED.,.F.,.F.,(6,
    4,6),(0.,0.426509668967,1.),.UNSPECIFIED.);
#12662 = CARTESIAN_POINT('',(-1.8591796875,1.992138671875));
#12663 = CARTESIAN_POINT('',(-1.903416844013,1.943993639345));
#12664 = CARTESIAN_POINT('',(-1.950719977683,1.900358638915));
#12665 = CARTESIAN_POINT('',(-2.001061728293,1.861628568329));
#12666 = CARTESIAN_POINT('',(-2.054325156109,1.82809689049));
#12667 = CARTESIAN_POINT('',(-2.185478039308,1.761955050591));
#12668 = CARTESIAN_POINT('',(-2.265551865146,1.73363300551));
#12669 = CARTESIAN_POINT('',(-2.349869631486,1.715241630564));
#12670 = CARTESIAN_POINT('',(-2.437644999797,1.706396484375));
#12671 = CARTESIAN_POINT('',(-2.528076171875,1.706396484375));
#12672 = ( GEOMETRIC_REPRESENTATION_CONTEXT(2) 
PARAMETRIC_REPRESENTATION_CONTEXT() REPRESENTATION_CONTEXT('2D SPACE',''
  ) );
#12673 = ORIENTED_EDGE('',*,*,#12606,.T.);
#12674 = ORIENTED_EDGE('',*,*,#12209,.T.);
#12675 = ORIENTED_EDGE('',*,*,#12676,.F.);
#12676 = EDGE_CURVE('',#12631,#12210,#12677,.T.);
#12677 = SURFACE_CURVE('',#12678,(#12682,#12689),.PCURVE_S1.);
#12678 = LINE('',#12679,#12680);
#12679 = CARTESIAN_POINT('',(-1.8591796875,-18.25786132812,1.9));
#12680 = VECTOR('',#12681,1.);
#12681 = DIRECTION('',(0.,0.,1.));
#12682 = PCURVE('',#12225,#12683);
#12683 = DEFINITIONAL_REPRESENTATION('',(#12684),#12688);
#12684 = LINE('',#12685,#12686);
#12685 = CARTESIAN_POINT('',(1.,0.));
#12686 = VECTOR('',#12687,1.);
#12687 = DIRECTION('',(0.,-1.));
#12688 = ( GEOMETRIC_REPRESENTATION_CONTEXT(2) 
PARAMETRIC_REPRESENTATION_CONTEXT() REPRESENTATION_CONTEXT('2D SPACE',''
  ) );
#12689 = PCURVE('',#12255,#12690);
#12690 = DEFINITIONAL_REPRESENTATION('',(#12691),#12695);
#12691 = LINE('',#12692,#12693);
#12692 = CARTESIAN_POINT('',(0.,0.));
#12693 = VECTOR('',#12694,1.);
#12694 = DIRECTION('',(0.,-1.));
#12695 = ( GEOMETRIC_REPRESENTATION_CONTEXT(2) 
PARAMETRIC_REPRESENTATION_CONTEXT() REPRESENTATION_CONTEXT('2D SPACE',''
  ) );
#12696 = ADVANCED_FACE('',(#12697),#12255,.T.);
#12697 = FACE_BOUND('',#12698,.T.);
#12698 = EDGE_LOOP('',(#12699,#12749,#12750,#12751));
#12699 = ORIENTED_EDGE('',*,*,#12700,.T.);
#12700 = EDGE_CURVE('',#12701,#12631,#12703,.T.);
#12701 = VERTEX_POINT('',#12702);
#12702 = CARTESIAN_POINT('',(-1.596630859375,-17.44702148437,2.));
#12703 = SURFACE_CURVE('',#12704,(#12717,#12733),.PCURVE_S1.);
#12704 = B_SPLINE_CURVE_WITH_KNOTS('',6,(#12705,#12706,#12707,#12708,
    #12709,#12710,#12711,#12712,#12713,#12714,#12715,#12716),
  .UNSPECIFIED.,.F.,.F.,(7,5,7),(0.,0.515668237649,1.),.UNSPECIFIED.);
#12705 = CARTESIAN_POINT('',(-1.596630859375,-17.44702148437,2.));
#12706 = CARTESIAN_POINT('',(-1.596630859375,-17.52971607612,2.));
#12707 = CARTESIAN_POINT('',(-1.600537755699,-17.61071791439,2.));
#12708 = CARTESIAN_POINT('',(-1.608682897918,-17.68971680668,2.));
#12709 = CARTESIAN_POINT('',(-1.621406573043,-17.76633118747,2.));
#12710 = CARTESIAN_POINT('',(-1.639024194954,-17.84012613567,2.));
#12711 = CARTESIAN_POINT('',(-1.683083189348,-17.97690303117,2.));
#12712 = CARTESIAN_POINT('',(-1.708926365369,-18.04027897726,2.));
#12713 = CARTESIAN_POINT('',(-1.739440127524,-18.1003918359,2.));
#12714 = CARTESIAN_POINT('',(-1.774707268459,-18.15687902374,2.));
#12715 = CARTESIAN_POINT('',(-1.814687754549,-18.2094390124,2.));
#12716 = CARTESIAN_POINT('',(-1.8591796875,-18.25786132812,2.));
#12717 = PCURVE('',#12255,#12718);
#12718 = DEFINITIONAL_REPRESENTATION('',(#12719),#12732);
#12719 = B_SPLINE_CURVE_WITH_KNOTS('',6,(#12720,#12721,#12722,#12723,
    #12724,#12725,#12726,#12727,#12728,#12729,#12730,#12731),
  .UNSPECIFIED.,.F.,.F.,(7,5,7),(0.,0.515668237649,1.),.UNSPECIFIED.);
#12720 = CARTESIAN_POINT('',(1.,-0.1));
#12721 = CARTESIAN_POINT('',(0.921257892924,-0.1));
#12722 = CARTESIAN_POINT('',(0.840736106736,-0.1));
#12723 = CARTESIAN_POINT('',(0.758442367703,-0.1));
#12724 = CARTESIAN_POINT('',(0.674444605295,-0.1));
#12725 = CARTESIAN_POINT('',(0.588883146376,-0.1));
#12726 = CARTESIAN_POINT('',(0.420396627268,-0.1));
#12727 = CARTESIAN_POINT('',(0.337615686434,-0.1));
#12728 = CARTESIAN_POINT('',(0.253887395398,-0.1));
#12729 = CARTESIAN_POINT('',(0.169485136213,-0.1));
#12730 = CARTESIAN_POINT('',(8.47307780211E-02,-0.1));
#12731 = CARTESIAN_POINT('',(0.,-0.1));
#12732 = ( GEOMETRIC_REPRESENTATION_CONTEXT(2) 
PARAMETRIC_REPRESENTATION_CONTEXT() REPRESENTATION_CONTEXT('2D SPACE',''
  ) );
#12733 = PCURVE('',#12491,#12734);
#12734 = DEFINITIONAL_REPRESENTATION('',(#12735),#12748);
#12735 = B_SPLINE_CURVE_WITH_KNOTS('',6,(#12736,#12737,#12738,#12739,
    #12740,#12741,#12742,#12743,#12744,#12745,#12746,#12747),
  .UNSPECIFIED.,.F.,.F.,(7,5,7),(0.,0.515668237649,1.),.UNSPECIFIED.);
#12736 = CARTESIAN_POINT('',(-1.596630859375,2.802978515625));
#12737 = CARTESIAN_POINT('',(-1.596630859375,2.720283923878));
#12738 = CARTESIAN_POINT('',(-1.600537755699,2.639282085609));
#12739 = CARTESIAN_POINT('',(-1.608682897918,2.560283193315));
#12740 = CARTESIAN_POINT('',(-1.621406573043,2.483668812529));
#12741 = CARTESIAN_POINT('',(-1.639024194954,2.409873864329));
#12742 = CARTESIAN_POINT('',(-1.683083189348,2.273096968822));
#12743 = CARTESIAN_POINT('',(-1.708926365369,2.209721022735));
#12744 = CARTESIAN_POINT('',(-1.739440127524,2.149608164093));
#12745 = CARTESIAN_POINT('',(-1.774707268459,2.093120976253));
#12746 = CARTESIAN_POINT('',(-1.814687754549,2.040560987596));
#12747 = CARTESIAN_POINT('',(-1.8591796875,1.992138671875));
#12748 = ( GEOMETRIC_REPRESENTATION_CONTEXT(2) 
PARAMETRIC_REPRESENTATION_CONTEXT() REPRESENTATION_CONTEXT('2D SPACE',''
  ) );
#12749 = ORIENTED_EDGE('',*,*,#12676,.T.);
#12750 = ORIENTED_EDGE('',*,*,#12239,.T.);
#12751 = ORIENTED_EDGE('',*,*,#12752,.F.);
#12752 = EDGE_CURVE('',#12701,#12240,#12753,.T.);
#12753 = SURFACE_CURVE('',#12754,(#12758,#12765),.PCURVE_S1.);
#12754 = LINE('',#12755,#12756);
#12755 = CARTESIAN_POINT('',(-1.596630859375,-17.44702148437,1.9));
#12756 = VECTOR('',#12757,1.);
#12757 = DIRECTION('',(0.,0.,1.));
#12758 = PCURVE('',#12255,#12759);
#12759 = DEFINITIONAL_REPRESENTATION('',(#12760),#12764);
#12760 = LINE('',#12761,#12762);
#12761 = CARTESIAN_POINT('',(1.,0.));
#12762 = VECTOR('',#12763,1.);
#12763 = DIRECTION('',(0.,-1.));
#12764 = ( GEOMETRIC_REPRESENTATION_CONTEXT(2) 
PARAMETRIC_REPRESENTATION_CONTEXT() REPRESENTATION_CONTEXT('2D SPACE',''
  ) );
#12765 = PCURVE('',#12285,#12766);
#12766 = DEFINITIONAL_REPRESENTATION('',(#12767),#12771);
#12767 = LINE('',#12768,#12769);
#12768 = CARTESIAN_POINT('',(0.,0.));
#12769 = VECTOR('',#12770,1.);
#12770 = DIRECTION('',(0.,-1.));
#12771 = ( GEOMETRIC_REPRESENTATION_CONTEXT(2) 
PARAMETRIC_REPRESENTATION_CONTEXT() REPRESENTATION_CONTEXT('2D SPACE',''
  ) );
#12772 = ADVANCED_FACE('',(#12773),#12285,.T.);
#12773 = FACE_BOUND('',#12774,.T.);
#12774 = EDGE_LOOP('',(#12775,#12807,#12808,#12809));
#12775 = ORIENTED_EDGE('',*,*,#12776,.T.);
#12776 = EDGE_CURVE('',#12777,#12701,#12779,.T.);
#12777 = VERTEX_POINT('',#12778);
#12778 = CARTESIAN_POINT('',(-1.70888671875,-16.8671875,2.));
#12779 = SURFACE_CURVE('',#12780,(#12787,#12797),.PCURVE_S1.);
#12780 = B_SPLINE_CURVE_WITH_KNOTS('',5,(#12781,#12782,#12783,#12784,
    #12785,#12786),.UNSPECIFIED.,.F.,.F.,(6,6),(0.,1.),
  .PIECEWISE_BEZIER_KNOTS.);
#12781 = CARTESIAN_POINT('',(-1.70888671875,-16.8671875,2.));
#12782 = CARTESIAN_POINT('',(-1.662970187528,-16.96850744906,2.));
#12783 = CARTESIAN_POINT('',(-1.629090903747,-17.07799738391,2.));
#12784 = CARTESIAN_POINT('',(-1.607185095323,-17.19488675954,2.));
#12785 = CARTESIAN_POINT('',(-1.596630859375,-17.31820685906,2.));
#12786 = CARTESIAN_POINT('',(-1.596630859375,-17.44702148437,2.));
#12787 = PCURVE('',#12285,#12788);
#12788 = DEFINITIONAL_REPRESENTATION('',(#12789),#12796);
#12789 = B_SPLINE_CURVE_WITH_KNOTS('',5,(#12790,#12791,#12792,#12793,
    #12794,#12795),.UNSPECIFIED.,.F.,.F.,(6,6),(0.,1.),
  .PIECEWISE_BEZIER_KNOTS.);
#12790 = CARTESIAN_POINT('',(1.,-0.1));
#12791 = CARTESIAN_POINT('',(0.795482696949,-0.1));
#12792 = CARTESIAN_POINT('',(0.592294426262,-0.1));
#12793 = CARTESIAN_POINT('',(0.391522994787,-0.1));
#12794 = CARTESIAN_POINT('',(0.193922634991,-0.1));
#12795 = CARTESIAN_POINT('',(0.,-0.1));
#12796 = ( GEOMETRIC_REPRESENTATION_CONTEXT(2) 
PARAMETRIC_REPRESENTATION_CONTEXT() REPRESENTATION_CONTEXT('2D SPACE',''
  ) );
#12797 = PCURVE('',#12491,#12798);
#12798 = DEFINITIONAL_REPRESENTATION('',(#12799),#12806);
#12799 = B_SPLINE_CURVE_WITH_KNOTS('',5,(#12800,#12801,#12802,#12803,
    #12804,#12805),.UNSPECIFIED.,.F.,.F.,(6,6),(0.,1.),
  .PIECEWISE_BEZIER_KNOTS.);
#12800 = CARTESIAN_POINT('',(-1.70888671875,3.3828125));
#12801 = CARTESIAN_POINT('',(-1.662970187528,3.28149255094));
#12802 = CARTESIAN_POINT('',(-1.629090903747,3.172002616083));
#12803 = CARTESIAN_POINT('',(-1.607185095323,3.055113240452));
#12804 = CARTESIAN_POINT('',(-1.596630859375,2.931793140939));
#12805 = CARTESIAN_POINT('',(-1.596630859375,2.802978515625));
#12806 = ( GEOMETRIC_REPRESENTATION_CONTEXT(2) 
PARAMETRIC_REPRESENTATION_CONTEXT() REPRESENTATION_CONTEXT('2D SPACE',''
  ) );
#12807 = ORIENTED_EDGE('',*,*,#12752,.T.);
#12808 = ORIENTED_EDGE('',*,*,#12269,.T.);
#12809 = ORIENTED_EDGE('',*,*,#12810,.F.);
#12810 = EDGE_CURVE('',#12777,#12270,#12811,.T.);
#12811 = SURFACE_CURVE('',#12812,(#12816,#12823),.PCURVE_S1.);
#12812 = LINE('',#12813,#12814);
#12813 = CARTESIAN_POINT('',(-1.70888671875,-16.8671875,1.9));
#12814 = VECTOR('',#12815,1.);
#12815 = DIRECTION('',(0.,0.,1.));
#12816 = PCURVE('',#12285,#12817);
#12817 = DEFINITIONAL_REPRESENTATION('',(#12818),#12822);
#12818 = LINE('',#12819,#12820);
#12819 = CARTESIAN_POINT('',(1.,0.));
#12820 = VECTOR('',#12821,1.);
#12821 = DIRECTION('',(0.,-1.));
#12822 = ( GEOMETRIC_REPRESENTATION_CONTEXT(2) 
PARAMETRIC_REPRESENTATION_CONTEXT() REPRESENTATION_CONTEXT('2D SPACE',''
  ) );
#12823 = PCURVE('',#12315,#12824);
#12824 = DEFINITIONAL_REPRESENTATION('',(#12825),#12829);
#12825 = LINE('',#12826,#12827);
#12826 = CARTESIAN_POINT('',(0.,0.));
#12827 = VECTOR('',#12828,1.);
#12828 = DIRECTION('',(0.,-1.));
#12829 = ( GEOMETRIC_REPRESENTATION_CONTEXT(2) 
PARAMETRIC_REPRESENTATION_CONTEXT() REPRESENTATION_CONTEXT('2D SPACE',''
  ) );
#12830 = ADVANCED_FACE('',(#12831),#12315,.T.);
#12831 = FACE_BOUND('',#12832,.T.);
#12832 = EDGE_LOOP('',(#12833,#12877,#12878,#12879));
#12833 = ORIENTED_EDGE('',*,*,#12834,.T.);
#12834 = EDGE_CURVE('',#12835,#12777,#12837,.T.);
#12835 = VERTEX_POINT('',#12836);
#12836 = CARTESIAN_POINT('',(-2.0373046875,-16.48310546875,2.));
#12837 = SURFACE_CURVE('',#12838,(#12849,#12863),.PCURVE_S1.);
#12838 = B_SPLINE_CURVE_WITH_KNOTS('',5,(#12839,#12840,#12841,#12842,
    #12843,#12844,#12845,#12846,#12847,#12848),.UNSPECIFIED.,.F.,.F.,(6,
    4,6),(0.,0.314017196246,1.),.UNSPECIFIED.);
#12839 = CARTESIAN_POINT('',(-2.0373046875,-16.48310546875,2.));
#12840 = CARTESIAN_POINT('',(-2.01013425665,-16.50024732855,2.));
#12841 = CARTESIAN_POINT('',(-1.983940501763,-16.51851959639,2.));
#12842 = CARTESIAN_POINT('',(-1.95874707841,-16.53792015045,2.));
#12843 = CARTESIAN_POINT('',(-1.934573003694,-16.55844123941,2.));
#12844 = CARTESIAN_POINT('',(-1.860881665384,-16.62731722221,2.));
#12845 = CARTESIAN_POINT('',(-1.815261403983,-16.6798506198,2.));
#12846 = CARTESIAN_POINT('',(-1.774727183017,-16.7375257878,2.));
#12847 = CARTESIAN_POINT('',(-1.739296865585,-16.80008411814,2.));
#12848 = CARTESIAN_POINT('',(-1.70888671875,-16.8671875,2.));
#12849 = PCURVE('',#12315,#12850);
#12850 = DEFINITIONAL_REPRESENTATION('',(#12851),#12862);
#12851 = B_SPLINE_CURVE_WITH_KNOTS('',5,(#12852,#12853,#12854,#12855,
    #12856,#12857,#12858,#12859,#12860,#12861),.UNSPECIFIED.,.F.,.F.,(6,
    4,6),(0.,0.314017196246,1.),.UNSPECIFIED.);
#12852 = CARTESIAN_POINT('',(1.,-0.1));
#12853 = CARTESIAN_POINT('',(0.937152651479,-0.1));
#12854 = CARTESIAN_POINT('',(0.874191207521,-0.1));
#12855 = CARTESIAN_POINT('',(0.811152989609,-0.1));
#12856 = CARTESIAN_POINT('',(0.748076215654,-0.1));
#12857 = CARTESIAN_POINT('',(0.547207548561,-0.1));
#12858 = CARTESIAN_POINT('',(0.409411383101,-0.1));
#12859 = CARTESIAN_POINT('',(0.272033119809,-0.1));
#12860 = CARTESIAN_POINT('',(0.135450153803,-0.1));
#12861 = CARTESIAN_POINT('',(0.,-0.1));
#12862 = ( GEOMETRIC_REPRESENTATION_CONTEXT(2) 
PARAMETRIC_REPRESENTATION_CONTEXT() REPRESENTATION_CONTEXT('2D SPACE',''
  ) );
#12863 = PCURVE('',#12491,#12864);
#12864 = DEFINITIONAL_REPRESENTATION('',(#12865),#12876);
#12865 = B_SPLINE_CURVE_WITH_KNOTS('',5,(#12866,#12867,#12868,#12869,
    #12870,#12871,#12872,#12873,#12874,#12875),.UNSPECIFIED.,.F.,.F.,(6,
    4,6),(0.,0.314017196246,1.),.UNSPECIFIED.);
#12866 = CARTESIAN_POINT('',(-2.0373046875,3.76689453125));
#12867 = CARTESIAN_POINT('',(-2.01013425665,3.749752671443));
#12868 = CARTESIAN_POINT('',(-1.983940501763,3.731480403607));
#12869 = CARTESIAN_POINT('',(-1.95874707841,3.712079849546));
#12870 = CARTESIAN_POINT('',(-1.934573003694,3.691558760586));
#12871 = CARTESIAN_POINT('',(-1.860881665384,3.622682777784));
#12872 = CARTESIAN_POINT('',(-1.815261403983,3.570149380197));
#12873 = CARTESIAN_POINT('',(-1.774727183017,3.512474212195));
#12874 = CARTESIAN_POINT('',(-1.739296865585,3.449915881859));
#12875 = CARTESIAN_POINT('',(-1.70888671875,3.3828125));
#12876 = ( GEOMETRIC_REPRESENTATION_CONTEXT(2) 
PARAMETRIC_REPRESENTATION_CONTEXT() REPRESENTATION_CONTEXT('2D SPACE',''
  ) );
#12877 = ORIENTED_EDGE('',*,*,#12810,.T.);
#12878 = ORIENTED_EDGE('',*,*,#12299,.T.);
#12879 = ORIENTED_EDGE('',*,*,#12880,.F.);
#12880 = EDGE_CURVE('',#12835,#12300,#12881,.T.);
#12881 = SURFACE_CURVE('',#12882,(#12886,#12893),.PCURVE_S1.);
#12882 = LINE('',#12883,#12884);
#12883 = CARTESIAN_POINT('',(-2.0373046875,-16.48310546875,1.9));
#12884 = VECTOR('',#12885,1.);
#12885 = DIRECTION('',(0.,0.,1.));
#12886 = PCURVE('',#12315,#12887);
#12887 = DEFINITIONAL_REPRESENTATION('',(#12888),#12892);
#12888 = LINE('',#12889,#12890);
#12889 = CARTESIAN_POINT('',(1.,0.));
#12890 = VECTOR('',#12891,1.);
#12891 = DIRECTION('',(0.,-1.));
#12892 = ( GEOMETRIC_REPRESENTATION_CONTEXT(2) 
PARAMETRIC_REPRESENTATION_CONTEXT() REPRESENTATION_CONTEXT('2D SPACE',''
  ) );
#12893 = PCURVE('',#12345,#12894);
#12894 = DEFINITIONAL_REPRESENTATION('',(#12895),#12899);
#12895 = LINE('',#12896,#12897);
#12896 = CARTESIAN_POINT('',(0.,0.));
#12897 = VECTOR('',#12898,1.);
#12898 = DIRECTION('',(0.,-1.));
#12899 = ( GEOMETRIC_REPRESENTATION_CONTEXT(2) 
PARAMETRIC_REPRESENTATION_CONTEXT() REPRESENTATION_CONTEXT('2D SPACE',''
  ) );
#12900 = ADVANCED_FACE('',(#12901),#12345,.T.);
#12901 = FACE_BOUND('',#12902,.T.);
#12902 = EDGE_LOOP('',(#12903,#12947,#12948,#12949));
#12903 = ORIENTED_EDGE('',*,*,#12904,.T.);
#12904 = EDGE_CURVE('',#12905,#12835,#12907,.T.);
#12905 = VERTEX_POINT('',#12906);
#12906 = CARTESIAN_POINT('',(-2.522509765625,-16.34672851562,2.));
#12907 = SURFACE_CURVE('',#12908,(#12919,#12933),.PCURVE_S1.);
#12908 = B_SPLINE_CURVE_WITH_KNOTS('',5,(#12909,#12910,#12911,#12912,
    #12913,#12914,#12915,#12916,#12917,#12918),.UNSPECIFIED.,.F.,.F.,(6,
    4,6),(0.,0.666824585034,1.),.UNSPECIFIED.);
#12909 = CARTESIAN_POINT('',(-2.522509765625,-16.34672851562,2.));
#12910 = CARTESIAN_POINT('',(-2.4515431466,-16.34672851562,2.));
#12911 = CARTESIAN_POINT('',(-2.382357211413,-16.35265892751,2.));
#12912 = CARTESIAN_POINT('',(-2.315176730975,-16.36469328044,2.));
#12913 = CARTESIAN_POINT('',(-2.25020251824,-16.38290197972,2.));
#12914 = CARTESIAN_POINT('',(-2.156321209821,-16.41936936899,2.));
#12915 = CARTESIAN_POINT('',(-2.125633820325,-16.43304465576,2.));
#12916 = CARTESIAN_POINT('',(-2.095558071492,-16.4482372423,2.));
#12917 = CARTESIAN_POINT('',(-2.066110618913,-16.46493176953,2.));
#12918 = CARTESIAN_POINT('',(-2.0373046875,-16.48310546875,2.));
#12919 = PCURVE('',#12345,#12920);
#12920 = DEFINITIONAL_REPRESENTATION('',(#12921),#12932);
#12921 = B_SPLINE_CURVE_WITH_KNOTS('',5,(#12922,#12923,#12924,#12925,
    #12926,#12927,#12928,#12929,#12930,#12931),.UNSPECIFIED.,.F.,.F.,(6,
    4,6),(0.,0.666824585034,1.),.UNSPECIFIED.);
#12922 = CARTESIAN_POINT('',(1.,-0.1));
#12923 = CARTESIAN_POINT('',(0.868112853209,-0.1));
#12924 = CARTESIAN_POINT('',(0.73526142991,-0.1));
#12925 = CARTESIAN_POINT('',(0.60173840472,-0.1));
#12926 = CARTESIAN_POINT('',(0.467866240885,-0.1));
#12927 = CARTESIAN_POINT('',(0.267114433154,-0.1));
#12928 = CARTESIAN_POINT('',(0.200229110192,-0.1));
#12929 = CARTESIAN_POINT('',(0.133387088743,-0.1));
#12930 = CARTESIAN_POINT('',(6.663039025672E-02,-0.1));
#12931 = CARTESIAN_POINT('',(0.,-0.1));
#12932 = ( GEOMETRIC_REPRESENTATION_CONTEXT(2) 
PARAMETRIC_REPRESENTATION_CONTEXT() REPRESENTATION_CONTEXT('2D SPACE',''
  ) );
#12933 = PCURVE('',#12491,#12934);
#12934 = DEFINITIONAL_REPRESENTATION('',(#12935),#12946);
#12935 = B_SPLINE_CURVE_WITH_KNOTS('',5,(#12936,#12937,#12938,#12939,
    #12940,#12941,#12942,#12943,#12944,#12945),.UNSPECIFIED.,.F.,.F.,(6,
    4,6),(0.,0.666824585034,1.),.UNSPECIFIED.);
#12936 = CARTESIAN_POINT('',(-2.522509765625,3.903271484375));
#12937 = CARTESIAN_POINT('',(-2.4515431466,3.903271484375));
#12938 = CARTESIAN_POINT('',(-2.382357211413,3.897341072485));
#12939 = CARTESIAN_POINT('',(-2.315176730975,3.885306719553));
#12940 = CARTESIAN_POINT('',(-2.25020251824,3.867098020272));
#12941 = CARTESIAN_POINT('',(-2.156321209821,3.830630631002));
#12942 = CARTESIAN_POINT('',(-2.125633820325,3.816955344237));
#12943 = CARTESIAN_POINT('',(-2.095558071492,3.8017627577));
#12944 = CARTESIAN_POINT('',(-2.066110618913,3.785068230467));
#12945 = CARTESIAN_POINT('',(-2.0373046875,3.76689453125));
#12946 = ( GEOMETRIC_REPRESENTATION_CONTEXT(2) 
PARAMETRIC_REPRESENTATION_CONTEXT() REPRESENTATION_CONTEXT('2D SPACE',''
  ) );
#12947 = ORIENTED_EDGE('',*,*,#12880,.T.);
#12948 = ORIENTED_EDGE('',*,*,#12329,.T.);
#12949 = ORIENTED_EDGE('',*,*,#12950,.F.);
#12950 = EDGE_CURVE('',#12905,#12330,#12951,.T.);
#12951 = SURFACE_CURVE('',#12952,(#12956,#12963),.PCURVE_S1.);
#12952 = LINE('',#12953,#12954);
#12953 = CARTESIAN_POINT('',(-2.522509765625,-16.34672851562,1.9));
#12954 = VECTOR('',#12955,1.);
#12955 = DIRECTION('',(0.,0.,1.));
#12956 = PCURVE('',#12345,#12957);
#12957 = DEFINITIONAL_REPRESENTATION('',(#12958),#12962);
#12958 = LINE('',#12959,#12960);
#12959 = CARTESIAN_POINT('',(1.,0.));
#12960 = VECTOR('',#12961,1.);
#12961 = DIRECTION('',(0.,-1.));
#12962 = ( GEOMETRIC_REPRESENTATION_CONTEXT(2) 
PARAMETRIC_REPRESENTATION_CONTEXT() REPRESENTATION_CONTEXT('2D SPACE',''
  ) );
#12963 = PCURVE('',#12375,#12964);
#12964 = DEFINITIONAL_REPRESENTATION('',(#12965),#12969);
#12965 = LINE('',#12966,#12967);
#12966 = CARTESIAN_POINT('',(0.,0.));
#12967 = VECTOR('',#12968,1.);
#12968 = DIRECTION('',(0.,-1.));
#12969 = ( GEOMETRIC_REPRESENTATION_CONTEXT(2) 
PARAMETRIC_REPRESENTATION_CONTEXT() REPRESENTATION_CONTEXT('2D SPACE',''
  ) );
#12970 = ADVANCED_FACE('',(#12971),#12375,.T.);
#12971 = FACE_BOUND('',#12972,.T.);
#12972 = EDGE_LOOP('',(#12973,#13017,#13018,#13019));
#12973 = ORIENTED_EDGE('',*,*,#12974,.T.);
#12974 = EDGE_CURVE('',#12975,#12905,#12977,.T.);
#12975 = VERTEX_POINT('',#12976);
#12976 = CARTESIAN_POINT('',(-3.1802734375,-16.60927734375,2.));
#12977 = SURFACE_CURVE('',#12978,(#12989,#13003),.PCURVE_S1.);
#12978 = B_SPLINE_CURVE_WITH_KNOTS('',5,(#12979,#12980,#12981,#12982,
    #12983,#12984,#12985,#12986,#12987,#12988),.UNSPECIFIED.,.F.,.F.,(6,
    4,6),(0.,0.491867897326,1.),.UNSPECIFIED.);
#12979 = CARTESIAN_POINT('',(-3.1802734375,-16.60927734375,2.));
#12980 = CARTESIAN_POINT('',(-3.126948685332,-16.55846621626,2.));
#12981 = CARTESIAN_POINT('',(-3.070475245326,-16.51318048215,2.));
#12982 = CARTESIAN_POINT('',(-3.010914812981,-16.47389544034,2.));
#12983 = CARTESIAN_POINT('',(-2.948427948593,-16.44095581506,2.));
#12984 = CARTESIAN_POINT('',(-2.816057645808,-16.38713465942,2.));
#12985 = CARTESIAN_POINT('',(-2.745985568329,-16.36668282811,2.));
#12986 = CARTESIAN_POINT('',(-2.673437753204,-16.35326697854,2.));
#12987 = CARTESIAN_POINT('',(-2.598807858847,-16.34672851562,2.));
#12988 = CARTESIAN_POINT('',(-2.522509765625,-16.34672851562,2.));
#12989 = PCURVE('',#12375,#12990);
#12990 = DEFINITIONAL_REPRESENTATION('',(#12991),#13002);
#12991 = B_SPLINE_CURVE_WITH_KNOTS('',5,(#12992,#12993,#12994,#12995,
    #12996,#12997,#12998,#12999,#13000,#13001),.UNSPECIFIED.,.F.,.F.,(6,
    4,6),(0.,0.491867897326,1.),.UNSPECIFIED.);
#12992 = CARTESIAN_POINT('',(1.,-0.1));
#12993 = CARTESIAN_POINT('',(0.903234899486,-0.1));
#12994 = CARTESIAN_POINT('',(0.805288056611,-0.1));
#12995 = CARTESIAN_POINT('',(0.706492831469,-0.1));
#12996 = CARTESIAN_POINT('',(0.607242502046,-0.1));
#12997 = CARTESIAN_POINT('',(0.405475924911,-0.1));
#12998 = CARTESIAN_POINT('',(0.302941328923,-0.1));
#12999 = CARTESIAN_POINT('',(0.200908276937,-0.1));
#13000 = CARTESIAN_POINT('',(9.980741882852E-02,-0.1));
#13001 = CARTESIAN_POINT('',(0.,-0.1));
#13002 = ( GEOMETRIC_REPRESENTATION_CONTEXT(2) 
PARAMETRIC_REPRESENTATION_CONTEXT() REPRESENTATION_CONTEXT('2D SPACE',''
  ) );
#13003 = PCURVE('',#12491,#13004);
#13004 = DEFINITIONAL_REPRESENTATION('',(#13005),#13016);
#13005 = B_SPLINE_CURVE_WITH_KNOTS('',5,(#13006,#13007,#13008,#13009,
    #13010,#13011,#13012,#13013,#13014,#13015),.UNSPECIFIED.,.F.,.F.,(6,
    4,6),(0.,0.491867897326,1.),.UNSPECIFIED.);
#13006 = CARTESIAN_POINT('',(-3.1802734375,3.64072265625));
#13007 = CARTESIAN_POINT('',(-3.126948685332,3.691533783737));
#13008 = CARTESIAN_POINT('',(-3.070475245326,3.736819517841));
#13009 = CARTESIAN_POINT('',(-3.010914812981,3.776104559657));
#13010 = CARTESIAN_POINT('',(-2.948427948593,3.80904418494));
#13011 = CARTESIAN_POINT('',(-2.816057645808,3.862865340575));
#13012 = CARTESIAN_POINT('',(-2.745985568329,3.883317171889));
#13013 = CARTESIAN_POINT('',(-2.673437753204,3.896733021457));
#13014 = CARTESIAN_POINT('',(-2.598807858847,3.903271484375));
#13015 = CARTESIAN_POINT('',(-2.522509765625,3.903271484375));
#13016 = ( GEOMETRIC_REPRESENTATION_CONTEXT(2) 
PARAMETRIC_REPRESENTATION_CONTEXT() REPRESENTATION_CONTEXT('2D SPACE',''
  ) );
#13017 = ORIENTED_EDGE('',*,*,#12950,.T.);
#13018 = ORIENTED_EDGE('',*,*,#12359,.T.);
#13019 = ORIENTED_EDGE('',*,*,#13020,.F.);
#13020 = EDGE_CURVE('',#12975,#12360,#13021,.T.);
#13021 = SURFACE_CURVE('',#13022,(#13026,#13033),.PCURVE_S1.);
#13022 = LINE('',#13023,#13024);
#13023 = CARTESIAN_POINT('',(-3.1802734375,-16.60927734375,1.9));
#13024 = VECTOR('',#13025,1.);
#13025 = DIRECTION('',(0.,0.,1.));
#13026 = PCURVE('',#12375,#13027);
#13027 = DEFINITIONAL_REPRESENTATION('',(#13028),#13032);
#13028 = LINE('',#13029,#13030);
#13029 = CARTESIAN_POINT('',(1.,0.));
#13030 = VECTOR('',#13031,1.);
#13031 = DIRECTION('',(0.,-1.));
#13032 = ( GEOMETRIC_REPRESENTATION_CONTEXT(2) 
PARAMETRIC_REPRESENTATION_CONTEXT() REPRESENTATION_CONTEXT('2D SPACE',''
  ) );
#13033 = PCURVE('',#12403,#13034);
#13034 = DEFINITIONAL_REPRESENTATION('',(#13035),#13039);
#13035 = LINE('',#13036,#13037);
#13036 = CARTESIAN_POINT('',(0.,0.));
#13037 = VECTOR('',#13038,1.);
#13038 = DIRECTION('',(0.,-1.));
#13039 = ( GEOMETRIC_REPRESENTATION_CONTEXT(2) 
PARAMETRIC_REPRESENTATION_CONTEXT() REPRESENTATION_CONTEXT('2D SPACE',''
  ) );
#13040 = ADVANCED_FACE('',(#13041),#12403,.T.);
#13041 = FACE_BOUND('',#13042,.T.);
#13042 = EDGE_LOOP('',(#13043,#13091,#13092,#13093));
#13043 = ORIENTED_EDGE('',*,*,#13044,.T.);
#13044 = EDGE_CURVE('',#12454,#12975,#13045,.T.);
#13045 = SURFACE_CURVE('',#13046,(#13059,#13075),.PCURVE_S1.);
#13046 = B_SPLINE_CURVE_WITH_KNOTS('',6,(#13047,#13048,#13049,#13050,
    #13051,#13052,#13053,#13054,#13055,#13056,#13057,#13058),
  .UNSPECIFIED.,.F.,.F.,(7,5,7),(0.,0.460815411435,1.),.UNSPECIFIED.);
#13047 = CARTESIAN_POINT('',(-3.455810546875,-17.48598632812,2.));
#13048 = CARTESIAN_POINT('',(-3.455810546875,-17.4038659769,2.));
#13049 = CARTESIAN_POINT('',(-3.452854830879,-17.32325676256,2.));
#13050 = CARTESIAN_POINT('',(-3.446637948758,-17.24442727489,2.));
#13051 = CARTESIAN_POINT('',(-3.436812802949,-17.16775235142,2.));
#13052 = CARTESIAN_POINT('',(-3.423003992434,-17.09370503385,2.));
#13053 = CARTESIAN_POINT('',(-3.383638431665,-16.93988312648,2.));
#13054 = CARTESIAN_POINT('',(-3.356475299962,-16.86124515405,2.));
#13055 = CARTESIAN_POINT('',(-3.322833519442,-16.78786644946,2.));
#13056 = CARTESIAN_POINT('',(-3.282273626391,-16.72080353194,2.));
#13057 = CARTESIAN_POINT('',(-3.234617148836,-16.66105939866,2.));
#13058 = CARTESIAN_POINT('',(-3.1802734375,-16.60927734375,2.));
#13059 = PCURVE('',#12403,#13060);
#13060 = DEFINITIONAL_REPRESENTATION('',(#13061),#13074);
#13061 = B_SPLINE_CURVE_WITH_KNOTS('',6,(#13062,#13063,#13064,#13065,
    #13066,#13067,#13068,#13069,#13070,#13071,#13072,#13073),
  .UNSPECIFIED.,.F.,.F.,(7,5,7),(0.,0.460815411435,1.),.UNSPECIFIED.);
#13062 = CARTESIAN_POINT('',(1.,-0.1));
#13063 = CARTESIAN_POINT('',(0.933144188543,-0.1));
#13064 = CARTESIAN_POINT('',(0.864447948856,-0.1));
#13065 = CARTESIAN_POINT('',(0.793812614992,-0.1));
#13066 = CARTESIAN_POINT('',(0.721182752168,-0.1));
#13067 = CARTESIAN_POINT('',(0.646553471278,-0.1));
#13068 = CARTESIAN_POINT('',(0.480427362258,-0.1));
#13069 = CARTESIAN_POINT('',(0.388187017323,-0.1));
#13070 = CARTESIAN_POINT('',(0.293497719291,-0.1));
#13071 = CARTESIAN_POINT('',(0.196763045388,-1.E-01));
#13072 = CARTESIAN_POINT('',(9.86141421381E-02,-0.1));
#13073 = CARTESIAN_POINT('',(0.,-0.1));
#13074 = ( GEOMETRIC_REPRESENTATION_CONTEXT(2) 
PARAMETRIC_REPRESENTATION_CONTEXT() REPRESENTATION_CONTEXT('2D SPACE',''
  ) );
#13075 = PCURVE('',#12491,#13076);
#13076 = DEFINITIONAL_REPRESENTATION('',(#13077),#13090);
#13077 = B_SPLINE_CURVE_WITH_KNOTS('',6,(#13078,#13079,#13080,#13081,
    #13082,#13083,#13084,#13085,#13086,#13087,#13088,#13089),
  .UNSPECIFIED.,.F.,.F.,(7,5,7),(0.,0.460815411435,1.),.UNSPECIFIED.);
#13078 = CARTESIAN_POINT('',(-3.455810546875,2.764013671875));
#13079 = CARTESIAN_POINT('',(-3.455810546875,2.846134023096));
#13080 = CARTESIAN_POINT('',(-3.452854830879,2.926743237432));
#13081 = CARTESIAN_POINT('',(-3.446637948758,3.005572725107));
#13082 = CARTESIAN_POINT('',(-3.436812802949,3.08224764858));
#13083 = CARTESIAN_POINT('',(-3.423003992434,3.156294966146));
#13084 = CARTESIAN_POINT('',(-3.383638431665,3.310116873519));
#13085 = CARTESIAN_POINT('',(-3.356475299962,3.388754845948));
#13086 = CARTESIAN_POINT('',(-3.322833519442,3.462133550539));
#13087 = CARTESIAN_POINT('',(-3.282273626391,3.529196468055));
#13088 = CARTESIAN_POINT('',(-3.234617148836,3.58894060134));
#13089 = CARTESIAN_POINT('',(-3.1802734375,3.64072265625));
#13090 = ( GEOMETRIC_REPRESENTATION_CONTEXT(2) 
PARAMETRIC_REPRESENTATION_CONTEXT() REPRESENTATION_CONTEXT('2D SPACE',''
  ) );
#13091 = ORIENTED_EDGE('',*,*,#13020,.T.);
#13092 = ORIENTED_EDGE('',*,*,#12389,.T.);
#13093 = ORIENTED_EDGE('',*,*,#12514,.F.);
#13094 = ADVANCED_FACE('',(#13095),#12491,.T.);
#13095 = FACE_BOUND('',#13096,.T.);
#13096 = EDGE_LOOP('',(#13097,#13098,#13099,#13100,#13101,#13102,#13103,
    #13104,#13105));
#13097 = ORIENTED_EDGE('',*,*,#12451,.F.);
#13098 = ORIENTED_EDGE('',*,*,#12560,.F.);
#13099 = ORIENTED_EDGE('',*,*,#12630,.F.);
#13100 = ORIENTED_EDGE('',*,*,#12700,.F.);
#13101 = ORIENTED_EDGE('',*,*,#12776,.F.);
#13102 = ORIENTED_EDGE('',*,*,#12834,.F.);
#13103 = ORIENTED_EDGE('',*,*,#12904,.F.);
#13104 = ORIENTED_EDGE('',*,*,#12974,.F.);
#13105 = ORIENTED_EDGE('',*,*,#13044,.F.);
#13106 = ( GEOMETRIC_REPRESENTATION_CONTEXT(3) 
GLOBAL_UNCERTAINTY_ASSIGNED_CONTEXT((#13110)) 
GLOBAL_UNIT_ASSIGNED_CONTEXT((#13107,#13108,#13109)) 
REPRESENTATION_CONTEXT('Context #1',
  '3D Context with UNIT and UNCERTAINTY') );
#13107 = ( LENGTH_UNIT() NAMED_UNIT(*) SI_UNIT(.MILLI.,.METRE.) );
#13108 = ( NAMED_UNIT(*) PLANE_ANGLE_UNIT() SI_UNIT($,.RADIAN.) );
#13109 = ( NAMED_UNIT(*) SI_UNIT($,.STERADIAN.) SOLID_ANGLE_UNIT() );
#13110 = UNCERTAINTY_MEASURE_WITH_UNIT(LENGTH_MEASURE(2.E-06),#13107,
  'distance_accuracy_value','confusion accuracy');
#13111 = PRODUCT_RELATED_PRODUCT_CATEGORY('part',$,(#7));
ENDSEC;
END-ISO-10303-21;
