ISO-10303-21;
HEADER;
FILE_DESCRIPTION(('Open CASCADE Model'),'2;1');
FILE_NAME('Open CASCADE Shape Model','2026-09-17T20:04:45',('Author'),(
    'Open CASCADE'),'Open CASCADE STEP processor 7.9','Open CASCADE 7.9'
  ,'Unknown');
FILE_SCHEMA(('AUTOMOTIVE_DESIGN { 1 0 10303 214 1 1 1 1 }'));
ENDSEC;
DATA;
#1 = APPLICATION_PROTOCOL_DEFINITION('international standard',
  'automotive_design',2000,#2);
#2 = APPLICATION_CONTEXT(
  'core data for automotive mechanical design processes');
#3 = SHAPE_DEFINITION_REPRESENTATION(#4,#10);
#4 = PRODUCT_DEFINITION_SHAPE('','',#5);
#5 = PRODUCT_DEFINITION('design','',#6,#9);
#6 = PRODUCT_DEFINITION_FORMATION('','',#7);
#7 = PRODUCT('Open CASCADE STEP translator 7.9 2',
  'Open CASCADE STEP translator 7.9 2','',(#8));
#8 = PRODUCT_CONTEXT('',#2,'mechanical');
#9 = PRODUCT_DEFINITION_CONTEXT('part definition',#2,'design');
#10 = ADVANCED_BREP_SHAPE_REPRESENTATION('',(#11,#15),#6219);
#11 = AXIS2_PLACEMENT_3D('',#12,#13,#14);
#12 = CARTESIAN_POINT('',(0.,0.,0.));
#13 = DIRECTION('',(0.,0.,1.));
#14 = DIRECTION('',(1.,0.,-0.));
#15 = MANIFOLD_SOLID_BREP('',#16);
#16 = CLOSED_SHELL('',(#17,#244,#315,#367,#413,#634,#684,#2617,#2644,
    #2651,#2678,#2725,#2752,#2759,#2766,#2842,#2892,#2939,#2986,#3035,
    #3085,#3134,#3184,#3233,#3283,#3330,#3377,#3426,#3476,#3525,#3553,
    #3629,#3679,#3726,#3773,#3822,#3872,#3921,#3971,#4020,#4070,#4117,
    #4164,#4213,#4263,#4312,#4340,#4416,#4465,#4514,#4541,#4617,#4667,
    #4716,#4766,#4815,#4865,#4914,#4964,#5011,#5058,#5107,#5135,#5211,
    #5261,#5311,#5338,#5414,#5464,#5514,#5561,#5608,#5657,#5706,#5756,
    #5806,#5833,#5852,#5871,#5878,#6007,#6014,#6027,#6097,#6142,#6187,
    #6212));
#17 = ADVANCED_FACE('',(#18),#32,.T.);
#18 = FACE_BOUND('',#19,.T.);
#19 = EDGE_LOOP('',(#20,#53,#82,#108,#137,#163,#187,#213));
#20 = ORIENTED_EDGE('',*,*,#21,.F.);
#21 = EDGE_CURVE('',#22,#24,#26,.T.);
#22 = VERTEX_POINT('',#23);
#23 = CARTESIAN_POINT('',(-6.5,13.795379661321,0.));
#24 = VERTEX_POINT('',#25);
#25 = CARTESIAN_POINT('',(-6.5,13.795379661321,5.));
#26 = SURFACE_CURVE('',#27,(#31,#42),.PCURVE_S1.);
#27 = LINE('',#28,#29);
#28 = CARTESIAN_POINT('',(-6.5,13.795379661321,0.));
#29 = VECTOR('',#30,1.);
#30 = DIRECTION('',(0.,0.,1.));
#31 = PCURVE('',#32,#37);
#32 = CYLINDRICAL_SURFACE('',#33,15.25);
#33 = AXIS2_PLACEMENT_3D('',#34,#35,#36);
#34 = CARTESIAN_POINT('',(0.,0.,0.));
#35 = DIRECTION('',(0.,0.,1.));
#36 = DIRECTION('',(1.,0.,-0.));
#37 = DEFINITIONAL_REPRESENTATION('',(#38),#41);
#38 = B_SPLINE_CURVE_WITH_KNOTS('',1,(#39,#40),.UNSPECIFIED.,.F.,.F.,(2,
    2),(0.,5.),.PIECEWISE_BEZIER_KNOTS.);
#39 = CARTESIAN_POINT('',(2.01111692861,0.));
#40 = CARTESIAN_POINT('',(2.01111692861,5.));
#41 = ( GEOMETRIC_REPRESENTATION_CONTEXT(2) 
PARAMETRIC_REPRESENTATION_CONTEXT() REPRESENTATION_CONTEXT('2D SPACE',''
  ) );
#42 = PCURVE('',#43,#48);
#43 = PLANE('',#44);
#44 = AXIS2_PLACEMENT_3D('',#45,#46,#47);
#45 = CARTESIAN_POINT('',(-6.5,0.,-1.));
#46 = DIRECTION('',(1.,0.,0.));
#47 = DIRECTION('',(0.,0.,1.));
#48 = DEFINITIONAL_REPRESENTATION('',(#49),#52);
#49 = B_SPLINE_CURVE_WITH_KNOTS('',1,(#50,#51),.UNSPECIFIED.,.F.,.F.,(2,
    2),(-6.E-07,5.0000006),.PIECEWISE_BEZIER_KNOTS.);
#50 = CARTESIAN_POINT('',(0.9999994,-13.79537966132));
#51 = CARTESIAN_POINT('',(6.0000006,-13.79537966132));
#52 = ( GEOMETRIC_REPRESENTATION_CONTEXT(2) 
PARAMETRIC_REPRESENTATION_CONTEXT() REPRESENTATION_CONTEXT('2D SPACE',''
  ) );
#53 = ORIENTED_EDGE('',*,*,#54,.T.);
#54 = EDGE_CURVE('',#22,#55,#57,.T.);
#55 = VERTEX_POINT('',#56);
#56 = CARTESIAN_POINT('',(-7.400781822186,-13.33382647331,0.));
#57 = SURFACE_CURVE('',#58,(#63,#70),.PCURVE_S1.);
#58 = CIRCLE('',#59,15.25);
#59 = AXIS2_PLACEMENT_3D('',#60,#61,#62);
#60 = CARTESIAN_POINT('',(0.,0.,0.));
#61 = DIRECTION('',(0.,0.,1.));
#62 = DIRECTION('',(-0.426229508197,0.904615059759,0.));
#63 = PCURVE('',#32,#64);
#64 = DEFINITIONAL_REPRESENTATION('',(#65),#69);
#65 = LINE('',#66,#67);
#66 = CARTESIAN_POINT('',(2.01111692861,0.));
#67 = VECTOR('',#68,1.);
#68 = DIRECTION('',(1.,0.));
#69 = ( GEOMETRIC_REPRESENTATION_CONTEXT(2) 
PARAMETRIC_REPRESENTATION_CONTEXT() REPRESENTATION_CONTEXT('2D SPACE',''
  ) );
#70 = PCURVE('',#71,#76);
#71 = PLANE('',#72);
#72 = AXIS2_PLACEMENT_3D('',#73,#74,#75);
#73 = CARTESIAN_POINT('',(0.,0.,0.));
#74 = DIRECTION('',(0.,0.,1.));
#75 = DIRECTION('',(1.,0.,-0.));
#76 = DEFINITIONAL_REPRESENTATION('',(#77),#81);
#77 = CIRCLE('',#78,15.25);
#78 = AXIS2_PLACEMENT_2D('',#79,#80);
#79 = CARTESIAN_POINT('',(0.,0.));
#80 = DIRECTION('',(-0.426229508197,0.904615059759));
#81 = ( GEOMETRIC_REPRESENTATION_CONTEXT(2) 
PARAMETRIC_REPRESENTATION_CONTEXT() REPRESENTATION_CONTEXT('2D SPACE',''
  ) );
#82 = ORIENTED_EDGE('',*,*,#83,.T.);
#83 = EDGE_CURVE('',#55,#84,#86,.T.);
#84 = VERTEX_POINT('',#85);
#85 = CARTESIAN_POINT('',(-7.400781822187,-13.33382647331,2.));
#86 = SURFACE_CURVE('',#87,(#91,#97),.PCURVE_S1.);
#87 = LINE('',#88,#89);
#88 = CARTESIAN_POINT('',(-7.400781822187,-13.33382647331,0.));
#89 = VECTOR('',#90,1.);
#90 = DIRECTION('',(0.,0.,1.));
#91 = PCURVE('',#32,#92);
#92 = DEFINITIONAL_REPRESENTATION('',(#93),#96);
#93 = B_SPLINE_CURVE_WITH_KNOTS('',1,(#94,#95),.UNSPECIFIED.,.F.,.F.,(2,
    2),(-6.E-07,2.0000006),.PIECEWISE_BEZIER_KNOTS.);
#94 = CARTESIAN_POINT('',(4.205685970657,-6.E-07));
#95 = CARTESIAN_POINT('',(4.205685970657,2.0000006));
#96 = ( GEOMETRIC_REPRESENTATION_CONTEXT(2) 
PARAMETRIC_REPRESENTATION_CONTEXT() REPRESENTATION_CONTEXT('2D SPACE',''
  ) );
#97 = PCURVE('',#98,#103);
#98 = CYLINDRICAL_SURFACE('',#99,1.);
#99 = AXIS2_PLACEMENT_3D('',#100,#101,#102);
#100 = CARTESIAN_POINT('',(-7.,-14.25,0.));
#101 = DIRECTION('',(0.,0.,1.));
#102 = DIRECTION('',(-0.,1.,0.));
#103 = DEFINITIONAL_REPRESENTATION('',(#104),#107);
#104 = B_SPLINE_CURVE_WITH_KNOTS('',1,(#105,#106),.UNSPECIFIED.,.F.,.F.,
  (2,2),(-6.E-07,2.0000006),.PIECEWISE_BEZIER_KNOTS.);
#105 = CARTESIAN_POINT('',(0.412370042962,-6.E-07));
#106 = CARTESIAN_POINT('',(0.412370042962,2.0000006));
#107 = ( GEOMETRIC_REPRESENTATION_CONTEXT(2) 
PARAMETRIC_REPRESENTATION_CONTEXT() REPRESENTATION_CONTEXT('2D SPACE',''
  ) );
#108 = ORIENTED_EDGE('',*,*,#109,.T.);
#109 = EDGE_CURVE('',#84,#110,#112,.T.);
#110 = VERTEX_POINT('',#111);
#111 = CARTESIAN_POINT('',(7.400781822187,-13.33382647331,2.));
#112 = SURFACE_CURVE('',#113,(#118,#125),.PCURVE_S1.);
#113 = CIRCLE('',#114,15.25);
#114 = AXIS2_PLACEMENT_3D('',#115,#116,#117);
#115 = CARTESIAN_POINT('',(0.,0.,2.));
#116 = DIRECTION('',(0.,0.,1.));
#117 = DIRECTION('',(1.,0.,-0.));
#118 = PCURVE('',#32,#119);
#119 = DEFINITIONAL_REPRESENTATION('',(#120),#124);
#120 = LINE('',#121,#122);
#121 = CARTESIAN_POINT('',(0.,2.));
#122 = VECTOR('',#123,1.);
#123 = DIRECTION('',(1.,0.));
#124 = ( GEOMETRIC_REPRESENTATION_CONTEXT(2) 
PARAMETRIC_REPRESENTATION_CONTEXT() REPRESENTATION_CONTEXT('2D SPACE',''
  ) );
#125 = PCURVE('',#126,#131);
#126 = PLANE('',#127);
#127 = AXIS2_PLACEMENT_3D('',#128,#129,#130);
#128 = CARTESIAN_POINT('',(0.,-20.25,2.));
#129 = DIRECTION('',(0.,0.,1.));
#130 = DIRECTION('',(1.,0.,-0.));
#131 = DEFINITIONAL_REPRESENTATION('',(#132),#136);
#132 = CIRCLE('',#133,15.25);
#133 = AXIS2_PLACEMENT_2D('',#134,#135);
#134 = CARTESIAN_POINT('',(0.,20.25));
#135 = DIRECTION('',(1.,0.));
#136 = ( GEOMETRIC_REPRESENTATION_CONTEXT(2) 
PARAMETRIC_REPRESENTATION_CONTEXT() REPRESENTATION_CONTEXT('2D SPACE',''
  ) );
#137 = ORIENTED_EDGE('',*,*,#138,.F.);
#138 = EDGE_CURVE('',#139,#110,#141,.T.);
#139 = VERTEX_POINT('',#140);
#140 = CARTESIAN_POINT('',(7.400781822186,-13.33382647331,0.));
#141 = SURFACE_CURVE('',#142,(#146,#152),.PCURVE_S1.);
#142 = LINE('',#143,#144);
#143 = CARTESIAN_POINT('',(7.400781822187,-13.33382647331,0.));
#144 = VECTOR('',#145,1.);
#145 = DIRECTION('',(0.,0.,1.));
#146 = PCURVE('',#32,#147);
#147 = DEFINITIONAL_REPRESENTATION('',(#148),#151);
#148 = B_SPLINE_CURVE_WITH_KNOTS('',1,(#149,#150),.UNSPECIFIED.,.F.,.F.,
  (2,2),(-6.E-07,2.0000006),.PIECEWISE_BEZIER_KNOTS.);
#149 = CARTESIAN_POINT('',(5.219091990113,-6.E-07));
#150 = CARTESIAN_POINT('',(5.219091990113,2.0000006));
#151 = ( GEOMETRIC_REPRESENTATION_CONTEXT(2) 
PARAMETRIC_REPRESENTATION_CONTEXT() REPRESENTATION_CONTEXT('2D SPACE',''
  ) );
#152 = PCURVE('',#153,#158);
#153 = CYLINDRICAL_SURFACE('',#154,1.);
#154 = AXIS2_PLACEMENT_3D('',#155,#156,#157);
#155 = CARTESIAN_POINT('',(7.,-14.25,0.));
#156 = DIRECTION('',(0.,0.,1.));
#157 = DIRECTION('',(1.,0.,-0.));
#158 = DEFINITIONAL_REPRESENTATION('',(#159),#162);
#159 = B_SPLINE_CURVE_WITH_KNOTS('',1,(#160,#161),.UNSPECIFIED.,.F.,.F.,
  (2,2),(-6.E-07,2.0000006),.PIECEWISE_BEZIER_KNOTS.);
#160 = CARTESIAN_POINT('',(1.158426283832,-6.E-07));
#161 = CARTESIAN_POINT('',(1.158426283832,2.0000006));
#162 = ( GEOMETRIC_REPRESENTATION_CONTEXT(2) 
PARAMETRIC_REPRESENTATION_CONTEXT() REPRESENTATION_CONTEXT('2D SPACE',''
  ) );
#163 = ORIENTED_EDGE('',*,*,#164,.T.);
#164 = EDGE_CURVE('',#139,#165,#167,.T.);
#165 = VERTEX_POINT('',#166);
#166 = CARTESIAN_POINT('',(6.5,13.795379661321,0.));
#167 = SURFACE_CURVE('',#168,(#173,#180),.PCURVE_S1.);
#168 = CIRCLE('',#169,15.25);
#169 = AXIS2_PLACEMENT_3D('',#170,#171,#172);
#170 = CARTESIAN_POINT('',(0.,0.,0.));
#171 = DIRECTION('',(0.,0.,1.));
#172 = DIRECTION('',(-0.426229508197,0.904615059759,0.));
#173 = PCURVE('',#32,#174);
#174 = DEFINITIONAL_REPRESENTATION('',(#175),#179);
#175 = LINE('',#176,#177);
#176 = CARTESIAN_POINT('',(2.01111692861,0.));
#177 = VECTOR('',#178,1.);
#178 = DIRECTION('',(1.,0.));
#179 = ( GEOMETRIC_REPRESENTATION_CONTEXT(2) 
PARAMETRIC_REPRESENTATION_CONTEXT() REPRESENTATION_CONTEXT('2D SPACE',''
  ) );
#180 = PCURVE('',#71,#181);
#181 = DEFINITIONAL_REPRESENTATION('',(#182),#186);
#182 = CIRCLE('',#183,15.25);
#183 = AXIS2_PLACEMENT_2D('',#184,#185);
#184 = CARTESIAN_POINT('',(0.,0.));
#185 = DIRECTION('',(-0.426229508197,0.904615059759));
#186 = ( GEOMETRIC_REPRESENTATION_CONTEXT(2) 
PARAMETRIC_REPRESENTATION_CONTEXT() REPRESENTATION_CONTEXT('2D SPACE',''
  ) );
#187 = ORIENTED_EDGE('',*,*,#188,.T.);
#188 = EDGE_CURVE('',#165,#189,#191,.T.);
#189 = VERTEX_POINT('',#190);
#190 = CARTESIAN_POINT('',(6.5,13.795379661321,5.));
#191 = SURFACE_CURVE('',#192,(#196,#202),.PCURVE_S1.);
#192 = LINE('',#193,#194);
#193 = CARTESIAN_POINT('',(6.5,13.795379661321,0.));
#194 = VECTOR('',#195,1.);
#195 = DIRECTION('',(0.,0.,1.));
#196 = PCURVE('',#32,#197);
#197 = DEFINITIONAL_REPRESENTATION('',(#198),#201);
#198 = B_SPLINE_CURVE_WITH_KNOTS('',1,(#199,#200),.UNSPECIFIED.,.F.,.F.,
  (2,2),(0.,5.),.PIECEWISE_BEZIER_KNOTS.);
#199 = CARTESIAN_POINT('',(7.413661032159,0.));
#200 = CARTESIAN_POINT('',(7.413661032159,5.));
#201 = ( GEOMETRIC_REPRESENTATION_CONTEXT(2) 
PARAMETRIC_REPRESENTATION_CONTEXT() REPRESENTATION_CONTEXT('2D SPACE',''
  ) );
#202 = PCURVE('',#203,#208);
#203 = PLANE('',#204);
#204 = AXIS2_PLACEMENT_3D('',#205,#206,#207);
#205 = CARTESIAN_POINT('',(6.5,0.,-1.));
#206 = DIRECTION('',(1.,0.,0.));
#207 = DIRECTION('',(0.,0.,1.));
#208 = DEFINITIONAL_REPRESENTATION('',(#209),#212);
#209 = B_SPLINE_CURVE_WITH_KNOTS('',1,(#210,#211),.UNSPECIFIED.,.F.,.F.,
  (2,2),(-6.E-07,5.0000006),.PIECEWISE_BEZIER_KNOTS.);
#210 = CARTESIAN_POINT('',(0.9999994,-13.79537966132));
#211 = CARTESIAN_POINT('',(6.0000006,-13.79537966132));
#212 = ( GEOMETRIC_REPRESENTATION_CONTEXT(2) 
PARAMETRIC_REPRESENTATION_CONTEXT() REPRESENTATION_CONTEXT('2D SPACE',''
  ) );
#213 = ORIENTED_EDGE('',*,*,#214,.T.);
#214 = EDGE_CURVE('',#189,#24,#215,.T.);
#215 = SURFACE_CURVE('',#216,(#221,#228),.PCURVE_S1.);
#216 = CIRCLE('',#217,15.25);
#217 = AXIS2_PLACEMENT_3D('',#218,#219,#220);
#218 = CARTESIAN_POINT('',(0.,0.,5.));
#219 = DIRECTION('',(0.,0.,-1.));
#220 = DIRECTION('',(0.426229508197,0.904615059759,0.));
#221 = PCURVE('',#32,#222);
#222 = DEFINITIONAL_REPRESENTATION('',(#223),#227);
#223 = LINE('',#224,#225);
#224 = CARTESIAN_POINT('',(7.413661032159,5.));
#225 = VECTOR('',#226,1.);
#226 = DIRECTION('',(-1.,-0.));
#227 = ( GEOMETRIC_REPRESENTATION_CONTEXT(2) 
PARAMETRIC_REPRESENTATION_CONTEXT() REPRESENTATION_CONTEXT('2D SPACE',''
  ) );
#228 = PCURVE('',#229,#234);
#229 = PLANE('',#230);
#230 = AXIS2_PLACEMENT_3D('',#231,#232,#233);
#231 = CARTESIAN_POINT('',(0.,0.,5.));
#232 = DIRECTION('',(0.,0.,1.));
#233 = DIRECTION('',(1.,0.,-0.));
#234 = DEFINITIONAL_REPRESENTATION('',(#235),#243);
#235 = ( BOUNDED_CURVE() B_SPLINE_CURVE(2,(#236,#237,#238,#239,#240,#241
,#242),.UNSPECIFIED.,.T.,.F.) B_SPLINE_CURVE_WITH_KNOTS((1,2,2,2,2,1),(
    -2.094395102393,0.,2.094395102393,4.188790204786,6.28318530718,
8.377580409573),.UNSPECIFIED.) CURVE() GEOMETRIC_REPRESENTATION_ITEM() 
RATIONAL_B_SPLINE_CURVE((1.,0.5,1.,0.5,1.,0.5,1.)) REPRESENTATION_ITEM(
  '') );
#236 = CARTESIAN_POINT('',(6.5,13.795379661321));
#237 = CARTESIAN_POINT('',(30.394298483111,2.537049412124));
#238 = CARTESIAN_POINT('',(8.697149241555,-12.52685495526));
#239 = CARTESIAN_POINT('',(-13.,-27.59075932264));
#240 = CARTESIAN_POINT('',(-15.19714924155,-1.268524706062));
#241 = CARTESIAN_POINT('',(-17.39429848311,25.053709910519));
#242 = CARTESIAN_POINT('',(6.5,13.795379661321));
#243 = ( GEOMETRIC_REPRESENTATION_CONTEXT(2) 
PARAMETRIC_REPRESENTATION_CONTEXT() REPRESENTATION_CONTEXT('2D SPACE',''
  ) );
#244 = ADVANCED_FACE('',(#245),#43,.T.);
#245 = FACE_BOUND('',#246,.T.);
#246 = EDGE_LOOP('',(#247,#269,#270,#291));
#247 = ORIENTED_EDGE('',*,*,#248,.T.);
#248 = EDGE_CURVE('',#249,#22,#251,.T.);
#249 = VERTEX_POINT('',#250);
#250 = CARTESIAN_POINT('',(-6.5,9.243376006633,0.));
#251 = SURFACE_CURVE('',#252,(#256,#262),.PCURVE_S1.);
#252 = LINE('',#253,#254);
#253 = CARTESIAN_POINT('',(-6.5,0.,0.));
#254 = VECTOR('',#255,1.);
#255 = DIRECTION('',(0.,1.,0.));
#256 = PCURVE('',#43,#257);
#257 = DEFINITIONAL_REPRESENTATION('',(#258),#261);
#258 = B_SPLINE_CURVE_WITH_KNOTS('',1,(#259,#260),.UNSPECIFIED.,.F.,.F.,
  (2,2),(0.,15.25),.PIECEWISE_BEZIER_KNOTS.);
#259 = CARTESIAN_POINT('',(1.,0.));
#260 = CARTESIAN_POINT('',(1.,-15.25));
#261 = ( GEOMETRIC_REPRESENTATION_CONTEXT(2) 
PARAMETRIC_REPRESENTATION_CONTEXT() REPRESENTATION_CONTEXT('2D SPACE',''
  ) );
#262 = PCURVE('',#71,#263);
#263 = DEFINITIONAL_REPRESENTATION('',(#264),#268);
#264 = LINE('',#265,#266);
#265 = CARTESIAN_POINT('',(-6.5,0.));
#266 = VECTOR('',#267,1.);
#267 = DIRECTION('',(0.,1.));
#268 = ( GEOMETRIC_REPRESENTATION_CONTEXT(2) 
PARAMETRIC_REPRESENTATION_CONTEXT() REPRESENTATION_CONTEXT('2D SPACE',''
  ) );
#269 = ORIENTED_EDGE('',*,*,#21,.T.);
#270 = ORIENTED_EDGE('',*,*,#271,.F.);
#271 = EDGE_CURVE('',#272,#24,#274,.T.);
#272 = VERTEX_POINT('',#273);
#273 = CARTESIAN_POINT('',(-6.5,9.243376006633,5.));
#274 = SURFACE_CURVE('',#275,(#279,#285),.PCURVE_S1.);
#275 = LINE('',#276,#277);
#276 = CARTESIAN_POINT('',(-6.5,0.,5.));
#277 = VECTOR('',#278,1.);
#278 = DIRECTION('',(0.,1.,0.));
#279 = PCURVE('',#43,#280);
#280 = DEFINITIONAL_REPRESENTATION('',(#281),#284);
#281 = B_SPLINE_CURVE_WITH_KNOTS('',1,(#282,#283),.UNSPECIFIED.,.F.,.F.,
  (2,2),(0.,15.25),.PIECEWISE_BEZIER_KNOTS.);
#282 = CARTESIAN_POINT('',(6.,0.));
#283 = CARTESIAN_POINT('',(6.,-15.25));
#284 = ( GEOMETRIC_REPRESENTATION_CONTEXT(2) 
PARAMETRIC_REPRESENTATION_CONTEXT() REPRESENTATION_CONTEXT('2D SPACE',''
  ) );
#285 = PCURVE('',#229,#286);
#286 = DEFINITIONAL_REPRESENTATION('',(#287),#290);
#287 = B_SPLINE_CURVE_WITH_KNOTS('',1,(#288,#289),.UNSPECIFIED.,.F.,.F.,
  (2,2),(0.,15.25),.PIECEWISE_BEZIER_KNOTS.);
#288 = CARTESIAN_POINT('',(-6.5,0.));
#289 = CARTESIAN_POINT('',(-6.5,15.25));
#290 = ( GEOMETRIC_REPRESENTATION_CONTEXT(2) 
PARAMETRIC_REPRESENTATION_CONTEXT() REPRESENTATION_CONTEXT('2D SPACE',''
  ) );
#291 = ORIENTED_EDGE('',*,*,#292,.F.);
#292 = EDGE_CURVE('',#249,#272,#293,.T.);
#293 = SURFACE_CURVE('',#294,(#298,#304),.PCURVE_S1.);
#294 = LINE('',#295,#296);
#295 = CARTESIAN_POINT('',(-6.5,9.243376006633,-1.));
#296 = VECTOR('',#297,1.);
#297 = DIRECTION('',(0.,0.,1.));
#298 = PCURVE('',#43,#299);
#299 = DEFINITIONAL_REPRESENTATION('',(#300),#303);
#300 = B_SPLINE_CURVE_WITH_KNOTS('',1,(#301,#302),.UNSPECIFIED.,.F.,.F.,
  (2,2),(0.9999994,6.0000006),.PIECEWISE_BEZIER_KNOTS.);
#301 = CARTESIAN_POINT('',(0.9999994,-9.243376006633));
#302 = CARTESIAN_POINT('',(6.0000006,-9.243376006633));
#303 = ( GEOMETRIC_REPRESENTATION_CONTEXT(2) 
PARAMETRIC_REPRESENTATION_CONTEXT() REPRESENTATION_CONTEXT('2D SPACE',''
  ) );
#304 = PCURVE('',#305,#310);
#305 = CYLINDRICAL_SURFACE('',#306,11.3);
#306 = AXIS2_PLACEMENT_3D('',#307,#308,#309);
#307 = CARTESIAN_POINT('',(0.,0.,-1.));
#308 = DIRECTION('',(0.,0.,1.));
#309 = DIRECTION('',(1.,0.,-0.));
#310 = DEFINITIONAL_REPRESENTATION('',(#311),#314);
#311 = B_SPLINE_CURVE_WITH_KNOTS('',1,(#312,#313),.UNSPECIFIED.,.F.,.F.,
  (2,2),(1.,6.),.PIECEWISE_BEZIER_KNOTS.);
#312 = CARTESIAN_POINT('',(2.183670913083,1.));
#313 = CARTESIAN_POINT('',(2.183670913083,6.));
#314 = ( GEOMETRIC_REPRESENTATION_CONTEXT(2) 
PARAMETRIC_REPRESENTATION_CONTEXT() REPRESENTATION_CONTEXT('2D SPACE',''
  ) );
#315 = ADVANCED_FACE('',(#316),#229,.T.);
#316 = FACE_BOUND('',#317,.T.);
#317 = EDGE_LOOP('',(#318,#319,#320,#341));
#318 = ORIENTED_EDGE('',*,*,#271,.T.);
#319 = ORIENTED_EDGE('',*,*,#214,.F.);
#320 = ORIENTED_EDGE('',*,*,#321,.F.);
#321 = EDGE_CURVE('',#322,#189,#324,.T.);
#322 = VERTEX_POINT('',#323);
#323 = CARTESIAN_POINT('',(6.5,9.243376006633,5.));
#324 = SURFACE_CURVE('',#325,(#329,#335),.PCURVE_S1.);
#325 = LINE('',#326,#327);
#326 = CARTESIAN_POINT('',(6.5,0.,5.));
#327 = VECTOR('',#328,1.);
#328 = DIRECTION('',(0.,1.,0.));
#329 = PCURVE('',#229,#330);
#330 = DEFINITIONAL_REPRESENTATION('',(#331),#334);
#331 = B_SPLINE_CURVE_WITH_KNOTS('',1,(#332,#333),.UNSPECIFIED.,.F.,.F.,
  (2,2),(0.,15.25),.PIECEWISE_BEZIER_KNOTS.);
#332 = CARTESIAN_POINT('',(6.5,0.));
#333 = CARTESIAN_POINT('',(6.5,15.25));
#334 = ( GEOMETRIC_REPRESENTATION_CONTEXT(2) 
PARAMETRIC_REPRESENTATION_CONTEXT() REPRESENTATION_CONTEXT('2D SPACE',''
  ) );
#335 = PCURVE('',#203,#336);
#336 = DEFINITIONAL_REPRESENTATION('',(#337),#340);
#337 = B_SPLINE_CURVE_WITH_KNOTS('',1,(#338,#339),.UNSPECIFIED.,.F.,.F.,
  (2,2),(0.,15.25),.PIECEWISE_BEZIER_KNOTS.);
#338 = CARTESIAN_POINT('',(6.,0.));
#339 = CARTESIAN_POINT('',(6.,-15.25));
#340 = ( GEOMETRIC_REPRESENTATION_CONTEXT(2) 
PARAMETRIC_REPRESENTATION_CONTEXT() REPRESENTATION_CONTEXT('2D SPACE',''
  ) );
#341 = ORIENTED_EDGE('',*,*,#342,.T.);
#342 = EDGE_CURVE('',#322,#272,#343,.T.);
#343 = SURFACE_CURVE('',#344,(#349,#360),.PCURVE_S1.);
#344 = CIRCLE('',#345,11.3);
#345 = AXIS2_PLACEMENT_3D('',#346,#347,#348);
#346 = CARTESIAN_POINT('',(0.,0.,5.));
#347 = DIRECTION('',(0.,0.,-1.));
#348 = DIRECTION('',(0.575221238938,0.817997876693,0.));
#349 = PCURVE('',#229,#350);
#350 = DEFINITIONAL_REPRESENTATION('',(#351),#359);
#351 = ( BOUNDED_CURVE() B_SPLINE_CURVE(2,(#352,#353,#354,#355,#356,#357
,#358),.UNSPECIFIED.,.T.,.F.) B_SPLINE_CURVE_WITH_KNOTS((1,2,2,2,2,1),(
    -2.094395102393,0.,2.094395102393,4.188790204786,6.28318530718,
8.377580409573),.UNSPECIFIED.) CURVE() GEOMETRIC_REPRESENTATION_ITEM() 
RATIONAL_B_SPLINE_CURVE((1.,0.5,1.,0.5,1.,0.5,1.)) REPRESENTATION_ITEM(
  '') );
#352 = CARTESIAN_POINT('',(6.5,9.243376006633));
#353 = CARTESIAN_POINT('',(22.509996876952,-2.014954242565));
#354 = CARTESIAN_POINT('',(4.754998438476,-10.25085312791));
#355 = CARTESIAN_POINT('',(-13.,-18.48675201326));
#356 = CARTESIAN_POINT('',(-11.25499843847,1.007477121282));
#357 = CARTESIAN_POINT('',(-9.509996876952,20.501706255831));
#358 = CARTESIAN_POINT('',(6.5,9.243376006633));
#359 = ( GEOMETRIC_REPRESENTATION_CONTEXT(2) 
PARAMETRIC_REPRESENTATION_CONTEXT() REPRESENTATION_CONTEXT('2D SPACE',''
  ) );
#360 = PCURVE('',#305,#361);
#361 = DEFINITIONAL_REPRESENTATION('',(#362),#366);
#362 = LINE('',#363,#364);
#363 = CARTESIAN_POINT('',(7.241107047686,6.));
#364 = VECTOR('',#365,1.);
#365 = DIRECTION('',(-1.,-0.));
#366 = ( GEOMETRIC_REPRESENTATION_CONTEXT(2) 
PARAMETRIC_REPRESENTATION_CONTEXT() REPRESENTATION_CONTEXT('2D SPACE',''
  ) );
#367 = ADVANCED_FACE('',(#368),#203,.F.);
#368 = FACE_BOUND('',#369,.F.);
#369 = EDGE_LOOP('',(#370,#392,#393,#394));
#370 = ORIENTED_EDGE('',*,*,#371,.T.);
#371 = EDGE_CURVE('',#372,#165,#374,.T.);
#372 = VERTEX_POINT('',#373);
#373 = CARTESIAN_POINT('',(6.5,9.243376006633,0.));
#374 = SURFACE_CURVE('',#375,(#379,#385),.PCURVE_S1.);
#375 = LINE('',#376,#377);
#376 = CARTESIAN_POINT('',(6.5,0.,0.));
#377 = VECTOR('',#378,1.);
#378 = DIRECTION('',(0.,1.,0.));
#379 = PCURVE('',#203,#380);
#380 = DEFINITIONAL_REPRESENTATION('',(#381),#384);
#381 = B_SPLINE_CURVE_WITH_KNOTS('',1,(#382,#383),.UNSPECIFIED.,.F.,.F.,
  (2,2),(0.,15.25),.PIECEWISE_BEZIER_KNOTS.);
#382 = CARTESIAN_POINT('',(1.,0.));
#383 = CARTESIAN_POINT('',(1.,-15.25));
#384 = ( GEOMETRIC_REPRESENTATION_CONTEXT(2) 
PARAMETRIC_REPRESENTATION_CONTEXT() REPRESENTATION_CONTEXT('2D SPACE',''
  ) );
#385 = PCURVE('',#71,#386);
#386 = DEFINITIONAL_REPRESENTATION('',(#387),#391);
#387 = LINE('',#388,#389);
#388 = CARTESIAN_POINT('',(6.5,0.));
#389 = VECTOR('',#390,1.);
#390 = DIRECTION('',(0.,1.));
#391 = ( GEOMETRIC_REPRESENTATION_CONTEXT(2) 
PARAMETRIC_REPRESENTATION_CONTEXT() REPRESENTATION_CONTEXT('2D SPACE',''
  ) );
#392 = ORIENTED_EDGE('',*,*,#188,.T.);
#393 = ORIENTED_EDGE('',*,*,#321,.F.);
#394 = ORIENTED_EDGE('',*,*,#395,.F.);
#395 = EDGE_CURVE('',#372,#322,#396,.T.);
#396 = SURFACE_CURVE('',#397,(#401,#407),.PCURVE_S1.);
#397 = LINE('',#398,#399);
#398 = CARTESIAN_POINT('',(6.5,9.243376006633,-1.));
#399 = VECTOR('',#400,1.);
#400 = DIRECTION('',(0.,0.,1.));
#401 = PCURVE('',#203,#402);
#402 = DEFINITIONAL_REPRESENTATION('',(#403),#406);
#403 = B_SPLINE_CURVE_WITH_KNOTS('',1,(#404,#405),.UNSPECIFIED.,.F.,.F.,
  (2,2),(0.9999994,6.0000006),.PIECEWISE_BEZIER_KNOTS.);
#404 = CARTESIAN_POINT('',(0.9999994,-9.243376006633));
#405 = CARTESIAN_POINT('',(6.0000006,-9.243376006633));
#406 = ( GEOMETRIC_REPRESENTATION_CONTEXT(2) 
PARAMETRIC_REPRESENTATION_CONTEXT() REPRESENTATION_CONTEXT('2D SPACE',''
  ) );
#407 = PCURVE('',#305,#408);
#408 = DEFINITIONAL_REPRESENTATION('',(#409),#412);
#409 = B_SPLINE_CURVE_WITH_KNOTS('',1,(#410,#411),.UNSPECIFIED.,.F.,.F.,
  (2,2),(1.,6.),.PIECEWISE_BEZIER_KNOTS.);
#410 = CARTESIAN_POINT('',(7.241107047686,1.));
#411 = CARTESIAN_POINT('',(7.241107047686,6.));
#412 = ( GEOMETRIC_REPRESENTATION_CONTEXT(2) 
PARAMETRIC_REPRESENTATION_CONTEXT() REPRESENTATION_CONTEXT('2D SPACE',''
  ) );
#413 = ADVANCED_FACE('',(#414),#71,.F.);
#414 = FACE_BOUND('',#415,.F.);
#415 = EDGE_LOOP('',(#416,#417,#418,#442,#470,#503,#531,#560,#588,#610,
    #611,#612));
#416 = ORIENTED_EDGE('',*,*,#248,.T.);
#417 = ORIENTED_EDGE('',*,*,#54,.T.);
#418 = ORIENTED_EDGE('',*,*,#419,.T.);
#419 = EDGE_CURVE('',#55,#420,#422,.T.);
#420 = VERTEX_POINT('',#421);
#421 = CARTESIAN_POINT('',(-8.,-14.25,0.));
#422 = SURFACE_CURVE('',#423,(#428,#435),.PCURVE_S1.);
#423 = CIRCLE('',#424,1.);
#424 = AXIS2_PLACEMENT_3D('',#425,#426,#427);
#425 = CARTESIAN_POINT('',(-7.,-14.25,0.));
#426 = DIRECTION('',(0.,0.,1.));
#427 = DIRECTION('',(0.,-1.,0.));
#428 = PCURVE('',#71,#429);
#429 = DEFINITIONAL_REPRESENTATION('',(#430),#434);
#430 = CIRCLE('',#431,1.);
#431 = AXIS2_PLACEMENT_2D('',#432,#433);
#432 = CARTESIAN_POINT('',(-7.,-14.25));
#433 = DIRECTION('',(0.,-1.));
#434 = ( GEOMETRIC_REPRESENTATION_CONTEXT(2) 
PARAMETRIC_REPRESENTATION_CONTEXT() REPRESENTATION_CONTEXT('2D SPACE',''
  ) );
#435 = PCURVE('',#98,#436);
#436 = DEFINITIONAL_REPRESENTATION('',(#437),#441);
#437 = LINE('',#438,#439);
#438 = CARTESIAN_POINT('',(-3.14159265359,0.));
#439 = VECTOR('',#440,1.);
#440 = DIRECTION('',(1.,0.));
#441 = ( GEOMETRIC_REPRESENTATION_CONTEXT(2) 
PARAMETRIC_REPRESENTATION_CONTEXT() REPRESENTATION_CONTEXT('2D SPACE',''
  ) );
#442 = ORIENTED_EDGE('',*,*,#443,.T.);
#443 = EDGE_CURVE('',#420,#444,#446,.T.);
#444 = VERTEX_POINT('',#445);
#445 = CARTESIAN_POINT('',(-8.,-26.25,0.));
#446 = SURFACE_CURVE('',#447,(#451,#458),.PCURVE_S1.);
#447 = LINE('',#448,#449);
#448 = CARTESIAN_POINT('',(-8.,-13.25,0.));
#449 = VECTOR('',#450,1.);
#450 = DIRECTION('',(0.,-1.,0.));
#451 = PCURVE('',#71,#452);
#452 = DEFINITIONAL_REPRESENTATION('',(#453),#457);
#453 = LINE('',#454,#455);
#454 = CARTESIAN_POINT('',(-8.,-13.25));
#455 = VECTOR('',#456,1.);
#456 = DIRECTION('',(0.,-1.));
#457 = ( GEOMETRIC_REPRESENTATION_CONTEXT(2) 
PARAMETRIC_REPRESENTATION_CONTEXT() REPRESENTATION_CONTEXT('2D SPACE',''
  ) );
#458 = PCURVE('',#459,#464);
#459 = PLANE('',#460);
#460 = AXIS2_PLACEMENT_3D('',#461,#462,#463);
#461 = CARTESIAN_POINT('',(-8.,-13.25,0.));
#462 = DIRECTION('',(1.,0.,-0.));
#463 = DIRECTION('',(0.,-1.,0.));
#464 = DEFINITIONAL_REPRESENTATION('',(#465),#469);
#465 = LINE('',#466,#467);
#466 = CARTESIAN_POINT('',(0.,0.));
#467 = VECTOR('',#468,1.);
#468 = DIRECTION('',(1.,0.));
#469 = ( GEOMETRIC_REPRESENTATION_CONTEXT(2) 
PARAMETRIC_REPRESENTATION_CONTEXT() REPRESENTATION_CONTEXT('2D SPACE',''
  ) );
#470 = ORIENTED_EDGE('',*,*,#471,.F.);
#471 = EDGE_CURVE('',#472,#444,#474,.T.);
#472 = VERTEX_POINT('',#473);
#473 = CARTESIAN_POINT('',(-7.,-27.25,0.));
#474 = SURFACE_CURVE('',#475,(#480,#491),.PCURVE_S1.);
#475 = CIRCLE('',#476,1.);
#476 = AXIS2_PLACEMENT_3D('',#477,#478,#479);
#477 = CARTESIAN_POINT('',(-7.,-26.25,0.));
#478 = DIRECTION('',(-0.,-0.,-1.));
#479 = DIRECTION('',(0.,-1.,0.));
#480 = PCURVE('',#71,#481);
#481 = DEFINITIONAL_REPRESENTATION('',(#482),#490);
#482 = ( BOUNDED_CURVE() B_SPLINE_CURVE(2,(#483,#484,#485,#486,#487,#488
,#489),.UNSPECIFIED.,.T.,.F.) B_SPLINE_CURVE_WITH_KNOTS((1,2,2,2,2,1),(
    -2.094395102393,0.,2.094395102393,4.188790204786,6.28318530718,
8.377580409573),.UNSPECIFIED.) CURVE() GEOMETRIC_REPRESENTATION_ITEM() 
RATIONAL_B_SPLINE_CURVE((1.,0.5,1.,0.5,1.,0.5,1.)) REPRESENTATION_ITEM(
  '') );
#483 = CARTESIAN_POINT('',(-7.,-27.25));
#484 = CARTESIAN_POINT('',(-8.732050807569,-27.25));
#485 = CARTESIAN_POINT('',(-7.866025403784,-25.75));
#486 = CARTESIAN_POINT('',(-7.,-24.25));
#487 = CARTESIAN_POINT('',(-6.133974596216,-25.75));
#488 = CARTESIAN_POINT('',(-5.267949192431,-27.25));
#489 = CARTESIAN_POINT('',(-7.,-27.25));
#490 = ( GEOMETRIC_REPRESENTATION_CONTEXT(2) 
PARAMETRIC_REPRESENTATION_CONTEXT() REPRESENTATION_CONTEXT('2D SPACE',''
  ) );
#491 = PCURVE('',#492,#497);
#492 = CYLINDRICAL_SURFACE('',#493,1.);
#493 = AXIS2_PLACEMENT_3D('',#494,#495,#496);
#494 = CARTESIAN_POINT('',(-7.,-26.25,0.));
#495 = DIRECTION('',(0.,0.,1.));
#496 = DIRECTION('',(0.,-1.,0.));
#497 = DEFINITIONAL_REPRESENTATION('',(#498),#502);
#498 = LINE('',#499,#500);
#499 = CARTESIAN_POINT('',(-0.,0.));
#500 = VECTOR('',#501,1.);
#501 = DIRECTION('',(-1.,0.));
#502 = ( GEOMETRIC_REPRESENTATION_CONTEXT(2) 
PARAMETRIC_REPRESENTATION_CONTEXT() REPRESENTATION_CONTEXT('2D SPACE',''
  ) );
#503 = ORIENTED_EDGE('',*,*,#504,.T.);
#504 = EDGE_CURVE('',#472,#505,#507,.T.);
#505 = VERTEX_POINT('',#506);
#506 = CARTESIAN_POINT('',(7.,-27.25,0.));
#507 = SURFACE_CURVE('',#508,(#512,#519),.PCURVE_S1.);
#508 = LINE('',#509,#510);
#509 = CARTESIAN_POINT('',(-8.,-27.25,0.));
#510 = VECTOR('',#511,1.);
#511 = DIRECTION('',(1.,0.,0.));
#512 = PCURVE('',#71,#513);
#513 = DEFINITIONAL_REPRESENTATION('',(#514),#518);
#514 = LINE('',#515,#516);
#515 = CARTESIAN_POINT('',(-8.,-27.25));
#516 = VECTOR('',#517,1.);
#517 = DIRECTION('',(1.,0.));
#518 = ( GEOMETRIC_REPRESENTATION_CONTEXT(2) 
PARAMETRIC_REPRESENTATION_CONTEXT() REPRESENTATION_CONTEXT('2D SPACE',''
  ) );
#519 = PCURVE('',#520,#525);
#520 = PLANE('',#521);
#521 = AXIS2_PLACEMENT_3D('',#522,#523,#524);
#522 = CARTESIAN_POINT('',(-8.,-27.25,0.));
#523 = DIRECTION('',(0.,1.,0.));
#524 = DIRECTION('',(1.,0.,0.));
#525 = DEFINITIONAL_REPRESENTATION('',(#526),#530);
#526 = LINE('',#527,#528);
#527 = CARTESIAN_POINT('',(0.,0.));
#528 = VECTOR('',#529,1.);
#529 = DIRECTION('',(1.,0.));
#530 = ( GEOMETRIC_REPRESENTATION_CONTEXT(2) 
PARAMETRIC_REPRESENTATION_CONTEXT() REPRESENTATION_CONTEXT('2D SPACE',''
  ) );
#531 = ORIENTED_EDGE('',*,*,#532,.T.);
#532 = EDGE_CURVE('',#505,#533,#535,.T.);
#533 = VERTEX_POINT('',#534);
#534 = CARTESIAN_POINT('',(8.,-26.25,0.));
#535 = SURFACE_CURVE('',#536,(#541,#548),.PCURVE_S1.);
#536 = CIRCLE('',#537,1.);
#537 = AXIS2_PLACEMENT_3D('',#538,#539,#540);
#538 = CARTESIAN_POINT('',(7.,-26.25,0.));
#539 = DIRECTION('',(0.,0.,1.));
#540 = DIRECTION('',(0.,-1.,0.));
#541 = PCURVE('',#71,#542);
#542 = DEFINITIONAL_REPRESENTATION('',(#543),#547);
#543 = CIRCLE('',#544,1.);
#544 = AXIS2_PLACEMENT_2D('',#545,#546);
#545 = CARTESIAN_POINT('',(7.,-26.25));
#546 = DIRECTION('',(0.,-1.));
#547 = ( GEOMETRIC_REPRESENTATION_CONTEXT(2) 
PARAMETRIC_REPRESENTATION_CONTEXT() REPRESENTATION_CONTEXT('2D SPACE',''
  ) );
#548 = PCURVE('',#549,#554);
#549 = CYLINDRICAL_SURFACE('',#550,1.);
#550 = AXIS2_PLACEMENT_3D('',#551,#552,#553);
#551 = CARTESIAN_POINT('',(7.,-26.25,0.));
#552 = DIRECTION('',(0.,0.,1.));
#553 = DIRECTION('',(0.,-1.,0.));
#554 = DEFINITIONAL_REPRESENTATION('',(#555),#559);
#555 = LINE('',#556,#557);
#556 = CARTESIAN_POINT('',(0.,0.));
#557 = VECTOR('',#558,1.);
#558 = DIRECTION('',(1.,0.));
#559 = ( GEOMETRIC_REPRESENTATION_CONTEXT(2) 
PARAMETRIC_REPRESENTATION_CONTEXT() REPRESENTATION_CONTEXT('2D SPACE',''
  ) );
#560 = ORIENTED_EDGE('',*,*,#561,.T.);
#561 = EDGE_CURVE('',#533,#562,#564,.T.);
#562 = VERTEX_POINT('',#563);
#563 = CARTESIAN_POINT('',(8.,-14.25,0.));
#564 = SURFACE_CURVE('',#565,(#569,#576),.PCURVE_S1.);
#565 = LINE('',#566,#567);
#566 = CARTESIAN_POINT('',(8.,-27.25,0.));
#567 = VECTOR('',#568,1.);
#568 = DIRECTION('',(0.,1.,0.));
#569 = PCURVE('',#71,#570);
#570 = DEFINITIONAL_REPRESENTATION('',(#571),#575);
#571 = LINE('',#572,#573);
#572 = CARTESIAN_POINT('',(8.,-27.25));
#573 = VECTOR('',#574,1.);
#574 = DIRECTION('',(0.,1.));
#575 = ( GEOMETRIC_REPRESENTATION_CONTEXT(2) 
PARAMETRIC_REPRESENTATION_CONTEXT() REPRESENTATION_CONTEXT('2D SPACE',''
  ) );
#576 = PCURVE('',#577,#582);
#577 = PLANE('',#578);
#578 = AXIS2_PLACEMENT_3D('',#579,#580,#581);
#579 = CARTESIAN_POINT('',(8.,-27.25,0.));
#580 = DIRECTION('',(-1.,0.,0.));
#581 = DIRECTION('',(0.,1.,0.));
#582 = DEFINITIONAL_REPRESENTATION('',(#583),#587);
#583 = LINE('',#584,#585);
#584 = CARTESIAN_POINT('',(0.,0.));
#585 = VECTOR('',#586,1.);
#586 = DIRECTION('',(1.,0.));
#587 = ( GEOMETRIC_REPRESENTATION_CONTEXT(2) 
PARAMETRIC_REPRESENTATION_CONTEXT() REPRESENTATION_CONTEXT('2D SPACE',''
  ) );
#588 = ORIENTED_EDGE('',*,*,#589,.T.);
#589 = EDGE_CURVE('',#562,#139,#590,.T.);
#590 = SURFACE_CURVE('',#591,(#596,#603),.PCURVE_S1.);
#591 = CIRCLE('',#592,1.);
#592 = AXIS2_PLACEMENT_3D('',#593,#594,#595);
#593 = CARTESIAN_POINT('',(7.,-14.25,0.));
#594 = DIRECTION('',(0.,0.,1.));
#595 = DIRECTION('',(0.,-1.,0.));
#596 = PCURVE('',#71,#597);
#597 = DEFINITIONAL_REPRESENTATION('',(#598),#602);
#598 = CIRCLE('',#599,1.);
#599 = AXIS2_PLACEMENT_2D('',#600,#601);
#600 = CARTESIAN_POINT('',(7.,-14.25));
#601 = DIRECTION('',(0.,-1.));
#602 = ( GEOMETRIC_REPRESENTATION_CONTEXT(2) 
PARAMETRIC_REPRESENTATION_CONTEXT() REPRESENTATION_CONTEXT('2D SPACE',''
  ) );
#603 = PCURVE('',#153,#604);
#604 = DEFINITIONAL_REPRESENTATION('',(#605),#609);
#605 = LINE('',#606,#607);
#606 = CARTESIAN_POINT('',(-1.570796326795,0.));
#607 = VECTOR('',#608,1.);
#608 = DIRECTION('',(1.,0.));
#609 = ( GEOMETRIC_REPRESENTATION_CONTEXT(2) 
PARAMETRIC_REPRESENTATION_CONTEXT() REPRESENTATION_CONTEXT('2D SPACE',''
  ) );
#610 = ORIENTED_EDGE('',*,*,#164,.T.);
#611 = ORIENTED_EDGE('',*,*,#371,.F.);
#612 = ORIENTED_EDGE('',*,*,#613,.F.);
#613 = EDGE_CURVE('',#249,#372,#614,.T.);
#614 = SURFACE_CURVE('',#615,(#620,#627),.PCURVE_S1.);
#615 = CIRCLE('',#616,11.3);
#616 = AXIS2_PLACEMENT_3D('',#617,#618,#619);
#617 = CARTESIAN_POINT('',(0.,0.,0.));
#618 = DIRECTION('',(0.,0.,1.));
#619 = DIRECTION('',(-0.575221238938,0.817997876693,0.));
#620 = PCURVE('',#71,#621);
#621 = DEFINITIONAL_REPRESENTATION('',(#622),#626);
#622 = CIRCLE('',#623,11.3);
#623 = AXIS2_PLACEMENT_2D('',#624,#625);
#624 = CARTESIAN_POINT('',(0.,0.));
#625 = DIRECTION('',(-0.575221238938,0.817997876693));
#626 = ( GEOMETRIC_REPRESENTATION_CONTEXT(2) 
PARAMETRIC_REPRESENTATION_CONTEXT() REPRESENTATION_CONTEXT('2D SPACE',''
  ) );
#627 = PCURVE('',#305,#628);
#628 = DEFINITIONAL_REPRESENTATION('',(#629),#633);
#629 = LINE('',#630,#631);
#630 = CARTESIAN_POINT('',(2.183670913083,1.));
#631 = VECTOR('',#632,1.);
#632 = DIRECTION('',(1.,0.));
#633 = ( GEOMETRIC_REPRESENTATION_CONTEXT(2) 
PARAMETRIC_REPRESENTATION_CONTEXT() REPRESENTATION_CONTEXT('2D SPACE',''
  ) );
#634 = ADVANCED_FACE('',(#635),#153,.T.);
#635 = FACE_BOUND('',#636,.T.);
#636 = EDGE_LOOP('',(#637,#660,#661,#662));
#637 = ORIENTED_EDGE('',*,*,#638,.F.);
#638 = EDGE_CURVE('',#562,#639,#641,.T.);
#639 = VERTEX_POINT('',#640);
#640 = CARTESIAN_POINT('',(8.,-14.25,2.));
#641 = SURFACE_CURVE('',#642,(#646,#653),.PCURVE_S1.);
#642 = LINE('',#643,#644);
#643 = CARTESIAN_POINT('',(8.,-14.25,0.));
#644 = VECTOR('',#645,1.);
#645 = DIRECTION('',(0.,0.,1.));
#646 = PCURVE('',#153,#647);
#647 = DEFINITIONAL_REPRESENTATION('',(#648),#652);
#648 = LINE('',#649,#650);
#649 = CARTESIAN_POINT('',(0.,0.));
#650 = VECTOR('',#651,1.);
#651 = DIRECTION('',(0.,1.));
#652 = ( GEOMETRIC_REPRESENTATION_CONTEXT(2) 
PARAMETRIC_REPRESENTATION_CONTEXT() REPRESENTATION_CONTEXT('2D SPACE',''
  ) );
#653 = PCURVE('',#577,#654);
#654 = DEFINITIONAL_REPRESENTATION('',(#655),#659);
#655 = LINE('',#656,#657);
#656 = CARTESIAN_POINT('',(13.,0.));
#657 = VECTOR('',#658,1.);
#658 = DIRECTION('',(0.,-1.));
#659 = ( GEOMETRIC_REPRESENTATION_CONTEXT(2) 
PARAMETRIC_REPRESENTATION_CONTEXT() REPRESENTATION_CONTEXT('2D SPACE',''
  ) );
#660 = ORIENTED_EDGE('',*,*,#589,.T.);
#661 = ORIENTED_EDGE('',*,*,#138,.T.);
#662 = ORIENTED_EDGE('',*,*,#663,.F.);
#663 = EDGE_CURVE('',#639,#110,#664,.T.);
#664 = SURFACE_CURVE('',#665,(#670,#677),.PCURVE_S1.);
#665 = CIRCLE('',#666,1.);
#666 = AXIS2_PLACEMENT_3D('',#667,#668,#669);
#667 = CARTESIAN_POINT('',(7.,-14.25,2.));
#668 = DIRECTION('',(0.,0.,1.));
#669 = DIRECTION('',(0.,-1.,0.));
#670 = PCURVE('',#153,#671);
#671 = DEFINITIONAL_REPRESENTATION('',(#672),#676);
#672 = LINE('',#673,#674);
#673 = CARTESIAN_POINT('',(-1.570796326795,2.));
#674 = VECTOR('',#675,1.);
#675 = DIRECTION('',(1.,0.));
#676 = ( GEOMETRIC_REPRESENTATION_CONTEXT(2) 
PARAMETRIC_REPRESENTATION_CONTEXT() REPRESENTATION_CONTEXT('2D SPACE',''
  ) );
#677 = PCURVE('',#126,#678);
#678 = DEFINITIONAL_REPRESENTATION('',(#679),#683);
#679 = CIRCLE('',#680,1.);
#680 = AXIS2_PLACEMENT_2D('',#681,#682);
#681 = CARTESIAN_POINT('',(7.,6.));
#682 = DIRECTION('',(0.,-1.));
#683 = ( GEOMETRIC_REPRESENTATION_CONTEXT(2) 
PARAMETRIC_REPRESENTATION_CONTEXT() REPRESENTATION_CONTEXT('2D SPACE',''
  ) );
#684 = ADVANCED_FACE('',(#685,#832,#1292,#1752,#1858,#2207,#2327),#126,
  .T.);
#685 = FACE_BOUND('',#686,.T.);
#686 = EDGE_LOOP('',(#687,#717,#740,#764,#785,#786,#787,#811));
#687 = ORIENTED_EDGE('',*,*,#688,.F.);
#688 = EDGE_CURVE('',#689,#691,#693,.T.);
#689 = VERTEX_POINT('',#690);
#690 = CARTESIAN_POINT('',(-7.,-27.25,2.));
#691 = VERTEX_POINT('',#692);
#692 = CARTESIAN_POINT('',(-8.,-26.25,2.));
#693 = SURFACE_CURVE('',#694,(#699,#710),.PCURVE_S1.);
#694 = CIRCLE('',#695,1.);
#695 = AXIS2_PLACEMENT_3D('',#696,#697,#698);
#696 = CARTESIAN_POINT('',(-7.,-26.25,2.));
#697 = DIRECTION('',(-0.,-0.,-1.));
#698 = DIRECTION('',(0.,-1.,0.));
#699 = PCURVE('',#126,#700);
#700 = DEFINITIONAL_REPRESENTATION('',(#701),#709);
#701 = ( BOUNDED_CURVE() B_SPLINE_CURVE(2,(#702,#703,#704,#705,#706,#707
,#708),.UNSPECIFIED.,.T.,.F.) B_SPLINE_CURVE_WITH_KNOTS((1,2,2,2,2,1),(
    -2.094395102393,0.,2.094395102393,4.188790204786,6.28318530718,
8.377580409573),.UNSPECIFIED.) CURVE() GEOMETRIC_REPRESENTATION_ITEM() 
RATIONAL_B_SPLINE_CURVE((1.,0.5,1.,0.5,1.,0.5,1.)) REPRESENTATION_ITEM(
  '') );
#702 = CARTESIAN_POINT('',(-7.,-7.));
#703 = CARTESIAN_POINT('',(-8.732050807569,-7.));
#704 = CARTESIAN_POINT('',(-7.866025403784,-5.5));
#705 = CARTESIAN_POINT('',(-7.,-4.));
#706 = CARTESIAN_POINT('',(-6.133974596216,-5.5));
#707 = CARTESIAN_POINT('',(-5.267949192431,-7.));
#708 = CARTESIAN_POINT('',(-7.,-7.));
#709 = ( GEOMETRIC_REPRESENTATION_CONTEXT(2) 
PARAMETRIC_REPRESENTATION_CONTEXT() REPRESENTATION_CONTEXT('2D SPACE',''
  ) );
#710 = PCURVE('',#492,#711);
#711 = DEFINITIONAL_REPRESENTATION('',(#712),#716);
#712 = LINE('',#713,#714);
#713 = CARTESIAN_POINT('',(-0.,2.));
#714 = VECTOR('',#715,1.);
#715 = DIRECTION('',(-1.,0.));
#716 = ( GEOMETRIC_REPRESENTATION_CONTEXT(2) 
PARAMETRIC_REPRESENTATION_CONTEXT() REPRESENTATION_CONTEXT('2D SPACE',''
  ) );
#717 = ORIENTED_EDGE('',*,*,#718,.T.);
#718 = EDGE_CURVE('',#689,#719,#721,.T.);
#719 = VERTEX_POINT('',#720);
#720 = CARTESIAN_POINT('',(7.,-27.25,2.));
#721 = SURFACE_CURVE('',#722,(#726,#733),.PCURVE_S1.);
#722 = LINE('',#723,#724);
#723 = CARTESIAN_POINT('',(-8.,-27.25,2.));
#724 = VECTOR('',#725,1.);
#725 = DIRECTION('',(1.,0.,0.));
#726 = PCURVE('',#126,#727);
#727 = DEFINITIONAL_REPRESENTATION('',(#728),#732);
#728 = LINE('',#729,#730);
#729 = CARTESIAN_POINT('',(-8.,-7.));
#730 = VECTOR('',#731,1.);
#731 = DIRECTION('',(1.,0.));
#732 = ( GEOMETRIC_REPRESENTATION_CONTEXT(2) 
PARAMETRIC_REPRESENTATION_CONTEXT() REPRESENTATION_CONTEXT('2D SPACE',''
  ) );
#733 = PCURVE('',#520,#734);
#734 = DEFINITIONAL_REPRESENTATION('',(#735),#739);
#735 = LINE('',#736,#737);
#736 = CARTESIAN_POINT('',(0.,-2.));
#737 = VECTOR('',#738,1.);
#738 = DIRECTION('',(1.,0.));
#739 = ( GEOMETRIC_REPRESENTATION_CONTEXT(2) 
PARAMETRIC_REPRESENTATION_CONTEXT() REPRESENTATION_CONTEXT('2D SPACE',''
  ) );
#740 = ORIENTED_EDGE('',*,*,#741,.T.);
#741 = EDGE_CURVE('',#719,#742,#744,.T.);
#742 = VERTEX_POINT('',#743);
#743 = CARTESIAN_POINT('',(8.,-26.25,2.));
#744 = SURFACE_CURVE('',#745,(#750,#757),.PCURVE_S1.);
#745 = CIRCLE('',#746,1.);
#746 = AXIS2_PLACEMENT_3D('',#747,#748,#749);
#747 = CARTESIAN_POINT('',(7.,-26.25,2.));
#748 = DIRECTION('',(0.,0.,1.));
#749 = DIRECTION('',(0.,-1.,0.));
#750 = PCURVE('',#126,#751);
#751 = DEFINITIONAL_REPRESENTATION('',(#752),#756);
#752 = CIRCLE('',#753,1.);
#753 = AXIS2_PLACEMENT_2D('',#754,#755);
#754 = CARTESIAN_POINT('',(7.,-6.));
#755 = DIRECTION('',(0.,-1.));
#756 = ( GEOMETRIC_REPRESENTATION_CONTEXT(2) 
PARAMETRIC_REPRESENTATION_CONTEXT() REPRESENTATION_CONTEXT('2D SPACE',''
  ) );
#757 = PCURVE('',#549,#758);
#758 = DEFINITIONAL_REPRESENTATION('',(#759),#763);
#759 = LINE('',#760,#761);
#760 = CARTESIAN_POINT('',(0.,2.));
#761 = VECTOR('',#762,1.);
#762 = DIRECTION('',(1.,0.));
#763 = ( GEOMETRIC_REPRESENTATION_CONTEXT(2) 
PARAMETRIC_REPRESENTATION_CONTEXT() REPRESENTATION_CONTEXT('2D SPACE',''
  ) );
#764 = ORIENTED_EDGE('',*,*,#765,.T.);
#765 = EDGE_CURVE('',#742,#639,#766,.T.);
#766 = SURFACE_CURVE('',#767,(#771,#778),.PCURVE_S1.);
#767 = LINE('',#768,#769);
#768 = CARTESIAN_POINT('',(8.,-27.25,2.));
#769 = VECTOR('',#770,1.);
#770 = DIRECTION('',(0.,1.,0.));
#771 = PCURVE('',#126,#772);
#772 = DEFINITIONAL_REPRESENTATION('',(#773),#777);
#773 = LINE('',#774,#775);
#774 = CARTESIAN_POINT('',(8.,-7.));
#775 = VECTOR('',#776,1.);
#776 = DIRECTION('',(0.,1.));
#777 = ( GEOMETRIC_REPRESENTATION_CONTEXT(2) 
PARAMETRIC_REPRESENTATION_CONTEXT() REPRESENTATION_CONTEXT('2D SPACE',''
  ) );
#778 = PCURVE('',#577,#779);
#779 = DEFINITIONAL_REPRESENTATION('',(#780),#784);
#780 = LINE('',#781,#782);
#781 = CARTESIAN_POINT('',(0.,-2.));
#782 = VECTOR('',#783,1.);
#783 = DIRECTION('',(1.,0.));
#784 = ( GEOMETRIC_REPRESENTATION_CONTEXT(2) 
PARAMETRIC_REPRESENTATION_CONTEXT() REPRESENTATION_CONTEXT('2D SPACE',''
  ) );
#785 = ORIENTED_EDGE('',*,*,#663,.T.);
#786 = ORIENTED_EDGE('',*,*,#109,.F.);
#787 = ORIENTED_EDGE('',*,*,#788,.T.);
#788 = EDGE_CURVE('',#84,#789,#791,.T.);
#789 = VERTEX_POINT('',#790);
#790 = CARTESIAN_POINT('',(-8.,-14.25,2.));
#791 = SURFACE_CURVE('',#792,(#797,#804),.PCURVE_S1.);
#792 = CIRCLE('',#793,1.);
#793 = AXIS2_PLACEMENT_3D('',#794,#795,#796);
#794 = CARTESIAN_POINT('',(-7.,-14.25,2.));
#795 = DIRECTION('',(0.,0.,1.));
#796 = DIRECTION('',(0.,-1.,0.));
#797 = PCURVE('',#126,#798);
#798 = DEFINITIONAL_REPRESENTATION('',(#799),#803);
#799 = CIRCLE('',#800,1.);
#800 = AXIS2_PLACEMENT_2D('',#801,#802);
#801 = CARTESIAN_POINT('',(-7.,6.));
#802 = DIRECTION('',(0.,-1.));
#803 = ( GEOMETRIC_REPRESENTATION_CONTEXT(2) 
PARAMETRIC_REPRESENTATION_CONTEXT() REPRESENTATION_CONTEXT('2D SPACE',''
  ) );
#804 = PCURVE('',#98,#805);
#805 = DEFINITIONAL_REPRESENTATION('',(#806),#810);
#806 = LINE('',#807,#808);
#807 = CARTESIAN_POINT('',(-3.14159265359,2.));
#808 = VECTOR('',#809,1.);
#809 = DIRECTION('',(1.,0.));
#810 = ( GEOMETRIC_REPRESENTATION_CONTEXT(2) 
PARAMETRIC_REPRESENTATION_CONTEXT() REPRESENTATION_CONTEXT('2D SPACE',''
  ) );
#811 = ORIENTED_EDGE('',*,*,#812,.T.);
#812 = EDGE_CURVE('',#789,#691,#813,.T.);
#813 = SURFACE_CURVE('',#814,(#818,#825),.PCURVE_S1.);
#814 = LINE('',#815,#816);
#815 = CARTESIAN_POINT('',(-8.,-13.25,2.));
#816 = VECTOR('',#817,1.);
#817 = DIRECTION('',(0.,-1.,0.));
#818 = PCURVE('',#126,#819);
#819 = DEFINITIONAL_REPRESENTATION('',(#820),#824);
#820 = LINE('',#821,#822);
#821 = CARTESIAN_POINT('',(-8.,7.));
#822 = VECTOR('',#823,1.);
#823 = DIRECTION('',(0.,-1.));
#824 = ( GEOMETRIC_REPRESENTATION_CONTEXT(2) 
PARAMETRIC_REPRESENTATION_CONTEXT() REPRESENTATION_CONTEXT('2D SPACE',''
  ) );
#825 = PCURVE('',#459,#826);
#826 = DEFINITIONAL_REPRESENTATION('',(#827),#831);
#827 = LINE('',#828,#829);
#828 = CARTESIAN_POINT('',(0.,-2.));
#829 = VECTOR('',#830,1.);
#830 = DIRECTION('',(1.,0.));
#831 = ( GEOMETRIC_REPRESENTATION_CONTEXT(2) 
PARAMETRIC_REPRESENTATION_CONTEXT() REPRESENTATION_CONTEXT('2D SPACE',''
  ) );
#832 = FACE_BOUND('',#833,.T.);
#833 = EDGE_LOOP('',(#834,#862,#895,#921,#954,#980,#1006,#1032,#1065,
    #1091,#1124,#1150,#1183,#1209,#1235,#1261));
#834 = ORIENTED_EDGE('',*,*,#835,.F.);
#835 = EDGE_CURVE('',#836,#838,#840,.T.);
#836 = VERTEX_POINT('',#837);
#837 = CARTESIAN_POINT('',(-3.7,-20.35,2.));
#838 = VERTEX_POINT('',#839);
#839 = CARTESIAN_POINT('',(-6.1,-20.35,2.));
#840 = SURFACE_CURVE('',#841,(#845,#851),.PCURVE_S1.);
#841 = LINE('',#842,#843);
#842 = CARTESIAN_POINT('',(-3.05,-20.35,2.));
#843 = VECTOR('',#844,1.);
#844 = DIRECTION('',(-1.,0.,0.));
#845 = PCURVE('',#126,#846);
#846 = DEFINITIONAL_REPRESENTATION('',(#847),#850);
#847 = B_SPLINE_CURVE_WITH_KNOTS('',1,(#848,#849),.UNSPECIFIED.,.F.,.F.,
  (2,2),(0.65,3.05),.PIECEWISE_BEZIER_KNOTS.);
#848 = CARTESIAN_POINT('',(-3.7,-0.1));
#849 = CARTESIAN_POINT('',(-6.1,-0.1));
#850 = ( GEOMETRIC_REPRESENTATION_CONTEXT(2) 
PARAMETRIC_REPRESENTATION_CONTEXT() REPRESENTATION_CONTEXT('2D SPACE',''
  ) );
#851 = PCURVE('',#852,#857);
#852 = PLANE('',#853);
#853 = AXIS2_PLACEMENT_3D('',#854,#855,#856);
#854 = CARTESIAN_POINT('',(-6.1,-20.35,1.9));
#855 = DIRECTION('',(0.,1.,0.));
#856 = DIRECTION('',(1.,0.,0.));
#857 = DEFINITIONAL_REPRESENTATION('',(#858),#861);
#858 = B_SPLINE_CURVE_WITH_KNOTS('',1,(#859,#860),.UNSPECIFIED.,.F.,.F.,
  (2,2),(0.65,3.05),.PIECEWISE_BEZIER_KNOTS.);
#859 = CARTESIAN_POINT('',(2.4,-0.1));
#860 = CARTESIAN_POINT('',(0.,-0.1));
#861 = ( GEOMETRIC_REPRESENTATION_CONTEXT(2) 
PARAMETRIC_REPRESENTATION_CONTEXT() REPRESENTATION_CONTEXT('2D SPACE',''
  ) );
#862 = ORIENTED_EDGE('',*,*,#863,.T.);
#863 = EDGE_CURVE('',#836,#864,#866,.T.);
#864 = VERTEX_POINT('',#865);
#865 = CARTESIAN_POINT('',(-3.2,-20.85,2.));
#866 = SURFACE_CURVE('',#867,(#872,#883),.PCURVE_S1.);
#867 = CIRCLE('',#868,0.5);
#868 = AXIS2_PLACEMENT_3D('',#869,#870,#871);
#869 = CARTESIAN_POINT('',(-3.7,-20.85,2.));
#870 = DIRECTION('',(0.,0.,-1.));
#871 = DIRECTION('',(0.,1.,0.));
#872 = PCURVE('',#126,#873);
#873 = DEFINITIONAL_REPRESENTATION('',(#874),#882);
#874 = ( BOUNDED_CURVE() B_SPLINE_CURVE(2,(#875,#876,#877,#878,#879,#880
,#881),.UNSPECIFIED.,.T.,.F.) B_SPLINE_CURVE_WITH_KNOTS((1,2,2,2,2,1),(
    -2.094395102393,0.,2.094395102393,4.188790204786,6.28318530718,
8.377580409573),.UNSPECIFIED.) CURVE() GEOMETRIC_REPRESENTATION_ITEM() 
RATIONAL_B_SPLINE_CURVE((1.,0.5,1.,0.5,1.,0.5,1.)) REPRESENTATION_ITEM(
  '') );
#875 = CARTESIAN_POINT('',(-3.7,-0.1));
#876 = CARTESIAN_POINT('',(-2.833974596216,-0.1));
#877 = CARTESIAN_POINT('',(-3.266987298108,-0.85));
#878 = CARTESIAN_POINT('',(-3.7,-1.6));
#879 = CARTESIAN_POINT('',(-4.133012701892,-0.85));
#880 = CARTESIAN_POINT('',(-4.566025403784,-0.1));
#881 = CARTESIAN_POINT('',(-3.7,-0.1));
#882 = ( GEOMETRIC_REPRESENTATION_CONTEXT(2) 
PARAMETRIC_REPRESENTATION_CONTEXT() REPRESENTATION_CONTEXT('2D SPACE',''
  ) );
#883 = PCURVE('',#884,#889);
#884 = CYLINDRICAL_SURFACE('',#885,0.5);
#885 = AXIS2_PLACEMENT_3D('',#886,#887,#888);
#886 = CARTESIAN_POINT('',(-3.7,-20.85,1.9));
#887 = DIRECTION('',(0.,0.,-1.));
#888 = DIRECTION('',(0.,1.,0.));
#889 = DEFINITIONAL_REPRESENTATION('',(#890),#894);
#890 = LINE('',#891,#892);
#891 = CARTESIAN_POINT('',(0.,-0.1));
#892 = VECTOR('',#893,1.);
#893 = DIRECTION('',(1.,0.));
#894 = ( GEOMETRIC_REPRESENTATION_CONTEXT(2) 
PARAMETRIC_REPRESENTATION_CONTEXT() REPRESENTATION_CONTEXT('2D SPACE',''
  ) );
#895 = ORIENTED_EDGE('',*,*,#896,.F.);
#896 = EDGE_CURVE('',#897,#864,#899,.T.);
#897 = VERTEX_POINT('',#898);
#898 = CARTESIAN_POINT('',(-3.2,-23.05,2.));
#899 = SURFACE_CURVE('',#900,(#904,#910),.PCURVE_S1.);
#900 = LINE('',#901,#902);
#901 = CARTESIAN_POINT('',(-3.2,-20.55,2.));
#902 = VECTOR('',#903,1.);
#903 = DIRECTION('',(-1.110223024625E-16,1.,0.));
#904 = PCURVE('',#126,#905);
#905 = DEFINITIONAL_REPRESENTATION('',(#906),#909);
#906 = B_SPLINE_CURVE_WITH_KNOTS('',1,(#907,#908),.UNSPECIFIED.,.F.,.F.,
  (2,2),(-2.5,-0.3),.PIECEWISE_BEZIER_KNOTS.);
#907 = CARTESIAN_POINT('',(-3.2,-2.8));
#908 = CARTESIAN_POINT('',(-3.2,-0.6));
#909 = ( GEOMETRIC_REPRESENTATION_CONTEXT(2) 
PARAMETRIC_REPRESENTATION_CONTEXT() REPRESENTATION_CONTEXT('2D SPACE',''
  ) );
#910 = PCURVE('',#911,#916);
#911 = PLANE('',#912);
#912 = AXIS2_PLACEMENT_3D('',#913,#914,#915);
#913 = CARTESIAN_POINT('',(-3.2,-20.85,1.9));
#914 = DIRECTION('',(1.,1.110223024625E-16,-0.));
#915 = DIRECTION('',(1.110223024625E-16,-1.,0.));
#916 = DEFINITIONAL_REPRESENTATION('',(#917),#920);
#917 = B_SPLINE_CURVE_WITH_KNOTS('',1,(#918,#919),.UNSPECIFIED.,.F.,.F.,
  (2,2),(-2.5,-0.3),.PIECEWISE_BEZIER_KNOTS.);
#918 = CARTESIAN_POINT('',(2.2,-0.1));
#919 = CARTESIAN_POINT('',(0.,-0.1));
#920 = ( GEOMETRIC_REPRESENTATION_CONTEXT(2) 
PARAMETRIC_REPRESENTATION_CONTEXT() REPRESENTATION_CONTEXT('2D SPACE',''
  ) );
#921 = ORIENTED_EDGE('',*,*,#922,.T.);
#922 = EDGE_CURVE('',#897,#923,#925,.T.);
#923 = VERTEX_POINT('',#924);
#924 = CARTESIAN_POINT('',(-3.7,-23.55,2.));
#925 = SURFACE_CURVE('',#926,(#931,#942),.PCURVE_S1.);
#926 = CIRCLE('',#927,0.5);
#927 = AXIS2_PLACEMENT_3D('',#928,#929,#930);
#928 = CARTESIAN_POINT('',(-3.7,-23.05,2.));
#929 = DIRECTION('',(0.,0.,-1.));
#930 = DIRECTION('',(1.,1.110223024625E-16,0.));
#931 = PCURVE('',#126,#932);
#932 = DEFINITIONAL_REPRESENTATION('',(#933),#941);
#933 = ( BOUNDED_CURVE() B_SPLINE_CURVE(2,(#934,#935,#936,#937,#938,#939
,#940),.UNSPECIFIED.,.T.,.F.) B_SPLINE_CURVE_WITH_KNOTS((1,2,2,2,2,1),(
    -2.094395102393,0.,2.094395102393,4.188790204786,6.28318530718,
8.377580409573),.UNSPECIFIED.) CURVE() GEOMETRIC_REPRESENTATION_ITEM() 
RATIONAL_B_SPLINE_CURVE((1.,0.5,1.,0.5,1.,0.5,1.)) REPRESENTATION_ITEM(
  '') );
#934 = CARTESIAN_POINT('',(-3.2,-2.8));
#935 = CARTESIAN_POINT('',(-3.2,-3.666025403784));
#936 = CARTESIAN_POINT('',(-3.95,-3.233012701892));
#937 = CARTESIAN_POINT('',(-4.7,-2.8));
#938 = CARTESIAN_POINT('',(-3.95,-2.366987298108));
#939 = CARTESIAN_POINT('',(-3.2,-1.933974596216));
#940 = CARTESIAN_POINT('',(-3.2,-2.8));
#941 = ( GEOMETRIC_REPRESENTATION_CONTEXT(2) 
PARAMETRIC_REPRESENTATION_CONTEXT() REPRESENTATION_CONTEXT('2D SPACE',''
  ) );
#942 = PCURVE('',#943,#948);
#943 = CYLINDRICAL_SURFACE('',#944,0.5);
#944 = AXIS2_PLACEMENT_3D('',#945,#946,#947);
#945 = CARTESIAN_POINT('',(-3.7,-23.05,1.9));
#946 = DIRECTION('',(0.,0.,-1.));
#947 = DIRECTION('',(1.,1.110223024625E-16,0.));
#948 = DEFINITIONAL_REPRESENTATION('',(#949),#953);
#949 = LINE('',#950,#951);
#950 = CARTESIAN_POINT('',(0.,-0.1));
#951 = VECTOR('',#952,1.);
#952 = DIRECTION('',(1.,0.));
#953 = ( GEOMETRIC_REPRESENTATION_CONTEXT(2) 
PARAMETRIC_REPRESENTATION_CONTEXT() REPRESENTATION_CONTEXT('2D SPACE',''
  ) );
#954 = ORIENTED_EDGE('',*,*,#955,.F.);
#955 = EDGE_CURVE('',#956,#923,#958,.T.);
#956 = VERTEX_POINT('',#957);
#957 = CARTESIAN_POINT('',(-5.6,-23.55,2.));
#958 = SURFACE_CURVE('',#959,(#963,#969),.PCURVE_S1.);
#959 = LINE('',#960,#961);
#960 = CARTESIAN_POINT('',(-1.85,-23.55,2.));
#961 = VECTOR('',#962,1.);
#962 = DIRECTION('',(1.,0.,-0.));
#963 = PCURVE('',#126,#964);
#964 = DEFINITIONAL_REPRESENTATION('',(#965),#968);
#965 = B_SPLINE_CURVE_WITH_KNOTS('',1,(#966,#967),.UNSPECIFIED.,.F.,.F.,
  (2,2),(-3.75,-1.85),.PIECEWISE_BEZIER_KNOTS.);
#966 = CARTESIAN_POINT('',(-5.6,-3.3));
#967 = CARTESIAN_POINT('',(-3.7,-3.3));
#968 = ( GEOMETRIC_REPRESENTATION_CONTEXT(2) 
PARAMETRIC_REPRESENTATION_CONTEXT() REPRESENTATION_CONTEXT('2D SPACE',''
  ) );
#969 = PCURVE('',#970,#975);
#970 = PLANE('',#971);
#971 = AXIS2_PLACEMENT_3D('',#972,#973,#974);
#972 = CARTESIAN_POINT('',(-3.7,-23.55,1.9));
#973 = DIRECTION('',(0.,-1.,0.));
#974 = DIRECTION('',(-1.,0.,0.));
#975 = DEFINITIONAL_REPRESENTATION('',(#976),#979);
#976 = B_SPLINE_CURVE_WITH_KNOTS('',1,(#977,#978),.UNSPECIFIED.,.F.,.F.,
  (2,2),(-3.75,-1.85),.PIECEWISE_BEZIER_KNOTS.);
#977 = CARTESIAN_POINT('',(1.9,-0.1));
#978 = CARTESIAN_POINT('',(0.,-0.1));
#979 = ( GEOMETRIC_REPRESENTATION_CONTEXT(2) 
PARAMETRIC_REPRESENTATION_CONTEXT() REPRESENTATION_CONTEXT('2D SPACE',''
  ) );
#980 = ORIENTED_EDGE('',*,*,#981,.F.);
#981 = EDGE_CURVE('',#982,#956,#984,.T.);
#982 = VERTEX_POINT('',#983);
#983 = CARTESIAN_POINT('',(-5.6,-24.75,2.));
#984 = SURFACE_CURVE('',#985,(#989,#995),.PCURVE_S1.);
#985 = LINE('',#986,#987);
#986 = CARTESIAN_POINT('',(-5.6,-21.65,2.));
#987 = VECTOR('',#988,1.);
#988 = DIRECTION('',(1.110223024625E-16,1.,-0.));
#989 = PCURVE('',#126,#990);
#990 = DEFINITIONAL_REPRESENTATION('',(#991),#994);
#991 = B_SPLINE_CURVE_WITH_KNOTS('',1,(#992,#993),.UNSPECIFIED.,.F.,.F.,
  (2,2),(-3.1,-1.9),.PIECEWISE_BEZIER_KNOTS.);
#992 = CARTESIAN_POINT('',(-5.6,-4.5));
#993 = CARTESIAN_POINT('',(-5.6,-3.3));
#994 = ( GEOMETRIC_REPRESENTATION_CONTEXT(2) 
PARAMETRIC_REPRESENTATION_CONTEXT() REPRESENTATION_CONTEXT('2D SPACE',''
  ) );
#995 = PCURVE('',#996,#1001);
#996 = PLANE('',#997);
#997 = AXIS2_PLACEMENT_3D('',#998,#999,#1000);
#998 = CARTESIAN_POINT('',(-5.6,-23.05,1.9));
#999 = DIRECTION('',(1.,-1.110223024625E-16,0.));
#1000 = DIRECTION('',(-1.110223024625E-16,-1.,0.));
#1001 = DEFINITIONAL_REPRESENTATION('',(#1002),#1005);
#1002 = B_SPLINE_CURVE_WITH_KNOTS('',1,(#1003,#1004),.UNSPECIFIED.,.F.,
  .F.,(2,2),(-3.1,-1.9),.PIECEWISE_BEZIER_KNOTS.);
#1003 = CARTESIAN_POINT('',(1.7,-0.1));
#1004 = CARTESIAN_POINT('',(0.5,-0.1));
#1005 = ( GEOMETRIC_REPRESENTATION_CONTEXT(2) 
PARAMETRIC_REPRESENTATION_CONTEXT() REPRESENTATION_CONTEXT('2D SPACE',''
  ) );
#1006 = ORIENTED_EDGE('',*,*,#1007,.F.);
#1007 = EDGE_CURVE('',#1008,#982,#1010,.T.);
#1008 = VERTEX_POINT('',#1009);
#1009 = CARTESIAN_POINT('',(-3.7,-24.75,2.));
#1010 = SURFACE_CURVE('',#1011,(#1015,#1021),.PCURVE_S1.);
#1011 = LINE('',#1012,#1013);
#1012 = CARTESIAN_POINT('',(-3.05,-24.75,2.));
#1013 = VECTOR('',#1014,1.);
#1014 = DIRECTION('',(-1.,0.,0.));
#1015 = PCURVE('',#126,#1016);
#1016 = DEFINITIONAL_REPRESENTATION('',(#1017),#1020);
#1017 = B_SPLINE_CURVE_WITH_KNOTS('',1,(#1018,#1019),.UNSPECIFIED.,.F.,
  .F.,(2,2),(0.65,2.55),.PIECEWISE_BEZIER_KNOTS.);
#1018 = CARTESIAN_POINT('',(-3.7,-4.5));
#1019 = CARTESIAN_POINT('',(-5.6,-4.5));
#1020 = ( GEOMETRIC_REPRESENTATION_CONTEXT(2) 
PARAMETRIC_REPRESENTATION_CONTEXT() REPRESENTATION_CONTEXT('2D SPACE',''
  ) );
#1021 = PCURVE('',#1022,#1027);
#1022 = PLANE('',#1023);
#1023 = AXIS2_PLACEMENT_3D('',#1024,#1025,#1026);
#1024 = CARTESIAN_POINT('',(-6.1,-24.75,1.9));
#1025 = DIRECTION('',(0.,1.,0.));
#1026 = DIRECTION('',(1.,0.,0.));
#1027 = DEFINITIONAL_REPRESENTATION('',(#1028),#1031);
#1028 = B_SPLINE_CURVE_WITH_KNOTS('',1,(#1029,#1030),.UNSPECIFIED.,.F.,
  .F.,(2,2),(0.65,2.55),.PIECEWISE_BEZIER_KNOTS.);
#1029 = CARTESIAN_POINT('',(2.4,-0.1));
#1030 = CARTESIAN_POINT('',(0.5,-0.1));
#1031 = ( GEOMETRIC_REPRESENTATION_CONTEXT(2) 
PARAMETRIC_REPRESENTATION_CONTEXT() REPRESENTATION_CONTEXT('2D SPACE',''
  ) );
#1032 = ORIENTED_EDGE('',*,*,#1033,.T.);
#1033 = EDGE_CURVE('',#1008,#1034,#1036,.T.);
#1034 = VERTEX_POINT('',#1035);
#1035 = CARTESIAN_POINT('',(-3.7,-25.75,2.));
#1036 = SURFACE_CURVE('',#1037,(#1042,#1053),.PCURVE_S1.);
#1037 = CIRCLE('',#1038,0.5);
#1038 = AXIS2_PLACEMENT_3D('',#1039,#1040,#1041);
#1039 = CARTESIAN_POINT('',(-3.7,-25.25,2.));
#1040 = DIRECTION('',(0.,0.,-1.));
#1041 = DIRECTION('',(0.,1.,0.));
#1042 = PCURVE('',#126,#1043);
#1043 = DEFINITIONAL_REPRESENTATION('',(#1044),#1052);
#1044 = ( BOUNDED_CURVE() B_SPLINE_CURVE(2,(#1045,#1046,#1047,#1048,
#1049,#1050,#1051),.UNSPECIFIED.,.T.,.F.) B_SPLINE_CURVE_WITH_KNOTS((1,2
    ,2,2,2,1),(-2.094395102393,0.,2.094395102393,4.188790204786,
6.28318530718,8.377580409573),.UNSPECIFIED.) CURVE() 
GEOMETRIC_REPRESENTATION_ITEM() RATIONAL_B_SPLINE_CURVE((1.,0.5,1.,0.5,
1.,0.5,1.)) REPRESENTATION_ITEM('') );
#1045 = CARTESIAN_POINT('',(-3.7,-4.5));
#1046 = CARTESIAN_POINT('',(-2.833974596216,-4.5));
#1047 = CARTESIAN_POINT('',(-3.266987298108,-5.25));
#1048 = CARTESIAN_POINT('',(-3.7,-6.));
#1049 = CARTESIAN_POINT('',(-4.133012701892,-5.25));
#1050 = CARTESIAN_POINT('',(-4.566025403784,-4.5));
#1051 = CARTESIAN_POINT('',(-3.7,-4.5));
#1052 = ( GEOMETRIC_REPRESENTATION_CONTEXT(2) 
PARAMETRIC_REPRESENTATION_CONTEXT() REPRESENTATION_CONTEXT('2D SPACE',''
  ) );
#1053 = PCURVE('',#1054,#1059);
#1054 = CYLINDRICAL_SURFACE('',#1055,0.5);
#1055 = AXIS2_PLACEMENT_3D('',#1056,#1057,#1058);
#1056 = CARTESIAN_POINT('',(-3.7,-25.25,1.9));
#1057 = DIRECTION('',(0.,0.,-1.));
#1058 = DIRECTION('',(0.,1.,0.));
#1059 = DEFINITIONAL_REPRESENTATION('',(#1060),#1064);
#1060 = LINE('',#1061,#1062);
#1061 = CARTESIAN_POINT('',(0.,-0.1));
#1062 = VECTOR('',#1063,1.);
#1063 = DIRECTION('',(1.,0.));
#1064 = ( GEOMETRIC_REPRESENTATION_CONTEXT(2) 
PARAMETRIC_REPRESENTATION_CONTEXT() REPRESENTATION_CONTEXT('2D SPACE',''
  ) );
#1065 = ORIENTED_EDGE('',*,*,#1066,.F.);
#1066 = EDGE_CURVE('',#1067,#1034,#1069,.T.);
#1067 = VERTEX_POINT('',#1068);
#1068 = CARTESIAN_POINT('',(-6.1,-25.75,2.));
#1069 = SURFACE_CURVE('',#1070,(#1074,#1080),.PCURVE_S1.);
#1070 = LINE('',#1071,#1072);
#1071 = CARTESIAN_POINT('',(-1.85,-25.75,2.));
#1072 = VECTOR('',#1073,1.);
#1073 = DIRECTION('',(1.,0.,-0.));
#1074 = PCURVE('',#126,#1075);
#1075 = DEFINITIONAL_REPRESENTATION('',(#1076),#1079);
#1076 = B_SPLINE_CURVE_WITH_KNOTS('',1,(#1077,#1078),.UNSPECIFIED.,.F.,
  .F.,(2,2),(-4.25,-1.85),.PIECEWISE_BEZIER_KNOTS.);
#1077 = CARTESIAN_POINT('',(-6.1,-5.5));
#1078 = CARTESIAN_POINT('',(-3.7,-5.5));
#1079 = ( GEOMETRIC_REPRESENTATION_CONTEXT(2) 
PARAMETRIC_REPRESENTATION_CONTEXT() REPRESENTATION_CONTEXT('2D SPACE',''
  ) );
#1080 = PCURVE('',#1081,#1086);
#1081 = PLANE('',#1082);
#1082 = AXIS2_PLACEMENT_3D('',#1083,#1084,#1085);
#1083 = CARTESIAN_POINT('',(-3.7,-25.75,1.9));
#1084 = DIRECTION('',(0.,-1.,0.));
#1085 = DIRECTION('',(-1.,0.,0.));
#1086 = DEFINITIONAL_REPRESENTATION('',(#1087),#1090);
#1087 = B_SPLINE_CURVE_WITH_KNOTS('',1,(#1088,#1089),.UNSPECIFIED.,.F.,
  .F.,(2,2),(-4.25,-1.85),.PIECEWISE_BEZIER_KNOTS.);
#1088 = CARTESIAN_POINT('',(2.4,-0.1));
#1089 = CARTESIAN_POINT('',(0.,-0.1));
#1090 = ( GEOMETRIC_REPRESENTATION_CONTEXT(2) 
PARAMETRIC_REPRESENTATION_CONTEXT() REPRESENTATION_CONTEXT('2D SPACE',''
  ) );
#1091 = ORIENTED_EDGE('',*,*,#1092,.T.);
#1092 = EDGE_CURVE('',#1067,#1093,#1095,.T.);
#1093 = VERTEX_POINT('',#1094);
#1094 = CARTESIAN_POINT('',(-6.6,-25.25,2.));
#1095 = SURFACE_CURVE('',#1096,(#1101,#1112),.PCURVE_S1.);
#1096 = CIRCLE('',#1097,0.5);
#1097 = AXIS2_PLACEMENT_3D('',#1098,#1099,#1100);
#1098 = CARTESIAN_POINT('',(-6.1,-25.25,2.));
#1099 = DIRECTION('',(0.,-0.,-1.));
#1100 = DIRECTION('',(1.,-1.110223024625E-16,0.));
#1101 = PCURVE('',#126,#1102);
#1102 = DEFINITIONAL_REPRESENTATION('',(#1103),#1111);
#1103 = ( BOUNDED_CURVE() B_SPLINE_CURVE(2,(#1104,#1105,#1106,#1107,
#1108,#1109,#1110),.UNSPECIFIED.,.T.,.F.) B_SPLINE_CURVE_WITH_KNOTS((1,2
    ,2,2,2,1),(-2.094395102393,0.,2.094395102393,4.188790204786,
6.28318530718,8.377580409573),.UNSPECIFIED.) CURVE() 
GEOMETRIC_REPRESENTATION_ITEM() RATIONAL_B_SPLINE_CURVE((1.,0.5,1.,0.5,
1.,0.5,1.)) REPRESENTATION_ITEM('') );
#1104 = CARTESIAN_POINT('',(-5.6,-5.));
#1105 = CARTESIAN_POINT('',(-5.6,-5.866025403784));
#1106 = CARTESIAN_POINT('',(-6.35,-5.433012701892));
#1107 = CARTESIAN_POINT('',(-7.1,-5.));
#1108 = CARTESIAN_POINT('',(-6.35,-4.566987298108));
#1109 = CARTESIAN_POINT('',(-5.6,-4.133974596216));
#1110 = CARTESIAN_POINT('',(-5.6,-5.));
#1111 = ( GEOMETRIC_REPRESENTATION_CONTEXT(2) 
PARAMETRIC_REPRESENTATION_CONTEXT() REPRESENTATION_CONTEXT('2D SPACE',''
  ) );
#1112 = PCURVE('',#1113,#1118);
#1113 = CYLINDRICAL_SURFACE('',#1114,0.5);
#1114 = AXIS2_PLACEMENT_3D('',#1115,#1116,#1117);
#1115 = CARTESIAN_POINT('',(-6.1,-25.25,1.9));
#1116 = DIRECTION('',(0.,-0.,-1.));
#1117 = DIRECTION('',(1.,-1.110223024625E-16,0.));
#1118 = DEFINITIONAL_REPRESENTATION('',(#1119),#1123);
#1119 = LINE('',#1120,#1121);
#1120 = CARTESIAN_POINT('',(0.,-0.1));
#1121 = VECTOR('',#1122,1.);
#1122 = DIRECTION('',(1.,0.));
#1123 = ( GEOMETRIC_REPRESENTATION_CONTEXT(2) 
PARAMETRIC_REPRESENTATION_CONTEXT() REPRESENTATION_CONTEXT('2D SPACE',''
  ) );
#1124 = ORIENTED_EDGE('',*,*,#1125,.F.);
#1125 = EDGE_CURVE('',#1126,#1093,#1128,.T.);
#1126 = VERTEX_POINT('',#1127);
#1127 = CARTESIAN_POINT('',(-6.6,-23.05,2.));
#1128 = SURFACE_CURVE('',#1129,(#1133,#1139),.PCURVE_S1.);
#1129 = LINE('',#1130,#1131);
#1130 = CARTESIAN_POINT('',(-6.6,-22.75,2.));
#1131 = VECTOR('',#1132,1.);
#1132 = DIRECTION('',(-1.110223024625E-16,-1.,0.));
#1133 = PCURVE('',#126,#1134);
#1134 = DEFINITIONAL_REPRESENTATION('',(#1135),#1138);
#1135 = B_SPLINE_CURVE_WITH_KNOTS('',1,(#1136,#1137),.UNSPECIFIED.,.F.,
  .F.,(2,2),(0.3,2.5),.PIECEWISE_BEZIER_KNOTS.);
#1136 = CARTESIAN_POINT('',(-6.6,-2.8));
#1137 = CARTESIAN_POINT('',(-6.6,-5.));
#1138 = ( GEOMETRIC_REPRESENTATION_CONTEXT(2) 
PARAMETRIC_REPRESENTATION_CONTEXT() REPRESENTATION_CONTEXT('2D SPACE',''
  ) );
#1139 = PCURVE('',#1140,#1145);
#1140 = PLANE('',#1141);
#1141 = AXIS2_PLACEMENT_3D('',#1142,#1143,#1144);
#1142 = CARTESIAN_POINT('',(-6.6,-25.25,1.9));
#1143 = DIRECTION('',(-1.,1.110223024625E-16,0.));
#1144 = DIRECTION('',(1.110223024625E-16,1.,0.));
#1145 = DEFINITIONAL_REPRESENTATION('',(#1146),#1149);
#1146 = B_SPLINE_CURVE_WITH_KNOTS('',1,(#1147,#1148),.UNSPECIFIED.,.F.,
  .F.,(2,2),(0.3,2.5),.PIECEWISE_BEZIER_KNOTS.);
#1147 = CARTESIAN_POINT('',(2.2,-0.1));
#1148 = CARTESIAN_POINT('',(0.,-0.1));
#1149 = ( GEOMETRIC_REPRESENTATION_CONTEXT(2) 
PARAMETRIC_REPRESENTATION_CONTEXT() REPRESENTATION_CONTEXT('2D SPACE',''
  ) );
#1150 = ORIENTED_EDGE('',*,*,#1151,.T.);
#1151 = EDGE_CURVE('',#1126,#1152,#1154,.T.);
#1152 = VERTEX_POINT('',#1153);
#1153 = CARTESIAN_POINT('',(-6.1,-22.55,2.));
#1154 = SURFACE_CURVE('',#1155,(#1160,#1171),.PCURVE_S1.);
#1155 = CIRCLE('',#1156,0.5);
#1156 = AXIS2_PLACEMENT_3D('',#1157,#1158,#1159);
#1157 = CARTESIAN_POINT('',(-6.1,-23.05,2.));
#1158 = DIRECTION('',(0.,-0.,-1.));
#1159 = DIRECTION('',(0.,-1.,0.));
#1160 = PCURVE('',#126,#1161);
#1161 = DEFINITIONAL_REPRESENTATION('',(#1162),#1170);
#1162 = ( BOUNDED_CURVE() B_SPLINE_CURVE(2,(#1163,#1164,#1165,#1166,
#1167,#1168,#1169),.UNSPECIFIED.,.T.,.F.) B_SPLINE_CURVE_WITH_KNOTS((1,2
    ,2,2,2,1),(-2.094395102393,0.,2.094395102393,4.188790204786,
6.28318530718,8.377580409573),.UNSPECIFIED.) CURVE() 
GEOMETRIC_REPRESENTATION_ITEM() RATIONAL_B_SPLINE_CURVE((1.,0.5,1.,0.5,
1.,0.5,1.)) REPRESENTATION_ITEM('') );
#1163 = CARTESIAN_POINT('',(-6.1,-3.3));
#1164 = CARTESIAN_POINT('',(-6.966025403784,-3.3));
#1165 = CARTESIAN_POINT('',(-6.533012701892,-2.55));
#1166 = CARTESIAN_POINT('',(-6.1,-1.8));
#1167 = CARTESIAN_POINT('',(-5.666987298108,-2.55));
#1168 = CARTESIAN_POINT('',(-5.233974596216,-3.3));
#1169 = CARTESIAN_POINT('',(-6.1,-3.3));
#1170 = ( GEOMETRIC_REPRESENTATION_CONTEXT(2) 
PARAMETRIC_REPRESENTATION_CONTEXT() REPRESENTATION_CONTEXT('2D SPACE',''
  ) );
#1171 = PCURVE('',#1172,#1177);
#1172 = CYLINDRICAL_SURFACE('',#1173,0.5);
#1173 = AXIS2_PLACEMENT_3D('',#1174,#1175,#1176);
#1174 = CARTESIAN_POINT('',(-6.1,-23.05,1.9));
#1175 = DIRECTION('',(0.,-0.,-1.));
#1176 = DIRECTION('',(0.,-1.,0.));
#1177 = DEFINITIONAL_REPRESENTATION('',(#1178),#1182);
#1178 = LINE('',#1179,#1180);
#1179 = CARTESIAN_POINT('',(0.,-0.1));
#1180 = VECTOR('',#1181,1.);
#1181 = DIRECTION('',(1.,0.));
#1182 = ( GEOMETRIC_REPRESENTATION_CONTEXT(2) 
PARAMETRIC_REPRESENTATION_CONTEXT() REPRESENTATION_CONTEXT('2D SPACE',''
  ) );
#1183 = ORIENTED_EDGE('',*,*,#1184,.F.);
#1184 = EDGE_CURVE('',#1185,#1152,#1187,.T.);
#1185 = VERTEX_POINT('',#1186);
#1186 = CARTESIAN_POINT('',(-4.2,-22.55,2.));
#1187 = SURFACE_CURVE('',#1188,(#1192,#1198),.PCURVE_S1.);
#1188 = LINE('',#1189,#1190);
#1189 = CARTESIAN_POINT('',(-3.05,-22.55,2.));
#1190 = VECTOR('',#1191,1.);
#1191 = DIRECTION('',(-1.,0.,0.));
#1192 = PCURVE('',#126,#1193);
#1193 = DEFINITIONAL_REPRESENTATION('',(#1194),#1197);
#1194 = B_SPLINE_CURVE_WITH_KNOTS('',1,(#1195,#1196),.UNSPECIFIED.,.F.,
  .F.,(2,2),(1.15,3.05),.PIECEWISE_BEZIER_KNOTS.);
#1195 = CARTESIAN_POINT('',(-4.2,-2.3));
#1196 = CARTESIAN_POINT('',(-6.1,-2.3));
#1197 = ( GEOMETRIC_REPRESENTATION_CONTEXT(2) 
PARAMETRIC_REPRESENTATION_CONTEXT() REPRESENTATION_CONTEXT('2D SPACE',''
  ) );
#1198 = PCURVE('',#1199,#1204);
#1199 = PLANE('',#1200);
#1200 = AXIS2_PLACEMENT_3D('',#1201,#1202,#1203);
#1201 = CARTESIAN_POINT('',(-6.1,-22.55,1.9));
#1202 = DIRECTION('',(0.,1.,0.));
#1203 = DIRECTION('',(1.,0.,0.));
#1204 = DEFINITIONAL_REPRESENTATION('',(#1205),#1208);
#1205 = B_SPLINE_CURVE_WITH_KNOTS('',1,(#1206,#1207),.UNSPECIFIED.,.F.,
  .F.,(2,2),(1.15,3.05),.PIECEWISE_BEZIER_KNOTS.);
#1206 = CARTESIAN_POINT('',(1.9,-0.1));
#1207 = CARTESIAN_POINT('',(0.,-0.1));
#1208 = ( GEOMETRIC_REPRESENTATION_CONTEXT(2) 
PARAMETRIC_REPRESENTATION_CONTEXT() REPRESENTATION_CONTEXT('2D SPACE',''
  ) );
#1209 = ORIENTED_EDGE('',*,*,#1210,.F.);
#1210 = EDGE_CURVE('',#1211,#1185,#1213,.T.);
#1211 = VERTEX_POINT('',#1212);
#1212 = CARTESIAN_POINT('',(-4.2,-21.35,2.));
#1213 = SURFACE_CURVE('',#1214,(#1218,#1224),.PCURVE_S1.);
#1214 = LINE('',#1215,#1216);
#1215 = CARTESIAN_POINT('',(-4.2,-21.65,2.));
#1216 = VECTOR('',#1217,1.);
#1217 = DIRECTION('',(1.110223024625E-16,-1.,0.));
#1218 = PCURVE('',#126,#1219);
#1219 = DEFINITIONAL_REPRESENTATION('',(#1220),#1223);
#1220 = B_SPLINE_CURVE_WITH_KNOTS('',1,(#1221,#1222),.UNSPECIFIED.,.F.,
  .F.,(2,2),(-0.3,0.9),.PIECEWISE_BEZIER_KNOTS.);
#1221 = CARTESIAN_POINT('',(-4.2,-1.1));
#1222 = CARTESIAN_POINT('',(-4.2,-2.3));
#1223 = ( GEOMETRIC_REPRESENTATION_CONTEXT(2) 
PARAMETRIC_REPRESENTATION_CONTEXT() REPRESENTATION_CONTEXT('2D SPACE',''
  ) );
#1224 = PCURVE('',#1225,#1230);
#1225 = PLANE('',#1226);
#1226 = AXIS2_PLACEMENT_3D('',#1227,#1228,#1229);
#1227 = CARTESIAN_POINT('',(-4.2,-23.05,1.9));
#1228 = DIRECTION('',(-1.,-1.110223024625E-16,0.));
#1229 = DIRECTION('',(-1.110223024625E-16,1.,0.));
#1230 = DEFINITIONAL_REPRESENTATION('',(#1231),#1234);
#1231 = B_SPLINE_CURVE_WITH_KNOTS('',1,(#1232,#1233),.UNSPECIFIED.,.F.,
  .F.,(2,2),(-0.3,0.9),.PIECEWISE_BEZIER_KNOTS.);
#1232 = CARTESIAN_POINT('',(1.7,-0.1));
#1233 = CARTESIAN_POINT('',(0.5,-0.1));
#1234 = ( GEOMETRIC_REPRESENTATION_CONTEXT(2) 
PARAMETRIC_REPRESENTATION_CONTEXT() REPRESENTATION_CONTEXT('2D SPACE',''
  ) );
#1235 = ORIENTED_EDGE('',*,*,#1236,.F.);
#1236 = EDGE_CURVE('',#1237,#1211,#1239,.T.);
#1237 = VERTEX_POINT('',#1238);
#1238 = CARTESIAN_POINT('',(-6.1,-21.35,2.));
#1239 = SURFACE_CURVE('',#1240,(#1244,#1250),.PCURVE_S1.);
#1240 = LINE('',#1241,#1242);
#1241 = CARTESIAN_POINT('',(-1.85,-21.35,2.));
#1242 = VECTOR('',#1243,1.);
#1243 = DIRECTION('',(1.,0.,-0.));
#1244 = PCURVE('',#126,#1245);
#1245 = DEFINITIONAL_REPRESENTATION('',(#1246),#1249);
#1246 = B_SPLINE_CURVE_WITH_KNOTS('',1,(#1247,#1248),.UNSPECIFIED.,.F.,
  .F.,(2,2),(-4.25,-2.35),.PIECEWISE_BEZIER_KNOTS.);
#1247 = CARTESIAN_POINT('',(-6.1,-1.1));
#1248 = CARTESIAN_POINT('',(-4.2,-1.1));
#1249 = ( GEOMETRIC_REPRESENTATION_CONTEXT(2) 
PARAMETRIC_REPRESENTATION_CONTEXT() REPRESENTATION_CONTEXT('2D SPACE',''
  ) );
#1250 = PCURVE('',#1251,#1256);
#1251 = PLANE('',#1252);
#1252 = AXIS2_PLACEMENT_3D('',#1253,#1254,#1255);
#1253 = CARTESIAN_POINT('',(-3.7,-21.35,1.9));
#1254 = DIRECTION('',(0.,-1.,0.));
#1255 = DIRECTION('',(-1.,0.,0.));
#1256 = DEFINITIONAL_REPRESENTATION('',(#1257),#1260);
#1257 = B_SPLINE_CURVE_WITH_KNOTS('',1,(#1258,#1259),.UNSPECIFIED.,.F.,
  .F.,(2,2),(-4.25,-2.35),.PIECEWISE_BEZIER_KNOTS.);
#1258 = CARTESIAN_POINT('',(2.4,-0.1));
#1259 = CARTESIAN_POINT('',(0.5,-0.1));
#1260 = ( GEOMETRIC_REPRESENTATION_CONTEXT(2) 
PARAMETRIC_REPRESENTATION_CONTEXT() REPRESENTATION_CONTEXT('2D SPACE',''
  ) );
#1261 = ORIENTED_EDGE('',*,*,#1262,.T.);
#1262 = EDGE_CURVE('',#1237,#838,#1263,.T.);
#1263 = SURFACE_CURVE('',#1264,(#1269,#1280),.PCURVE_S1.);
#1264 = CIRCLE('',#1265,0.5);
#1265 = AXIS2_PLACEMENT_3D('',#1266,#1267,#1268);
#1266 = CARTESIAN_POINT('',(-6.1,-20.85,2.));
#1267 = DIRECTION('',(0.,-0.,-1.));
#1268 = DIRECTION('',(0.,-1.,0.));
#1269 = PCURVE('',#126,#1270);
#1270 = DEFINITIONAL_REPRESENTATION('',(#1271),#1279);
#1271 = ( BOUNDED_CURVE() B_SPLINE_CURVE(2,(#1272,#1273,#1274,#1275,
#1276,#1277,#1278),.UNSPECIFIED.,.T.,.F.) B_SPLINE_CURVE_WITH_KNOTS((1,2
    ,2,2,2,1),(-2.094395102393,0.,2.094395102393,4.188790204786,
6.28318530718,8.377580409573),.UNSPECIFIED.) CURVE() 
GEOMETRIC_REPRESENTATION_ITEM() RATIONAL_B_SPLINE_CURVE((1.,0.5,1.,0.5,
1.,0.5,1.)) REPRESENTATION_ITEM('') );
#1272 = CARTESIAN_POINT('',(-6.1,-1.1));
#1273 = CARTESIAN_POINT('',(-6.966025403784,-1.1));
#1274 = CARTESIAN_POINT('',(-6.533012701892,-0.35));
#1275 = CARTESIAN_POINT('',(-6.1,0.4));
#1276 = CARTESIAN_POINT('',(-5.666987298108,-0.35));
#1277 = CARTESIAN_POINT('',(-5.233974596216,-1.1));
#1278 = CARTESIAN_POINT('',(-6.1,-1.1));
#1279 = ( GEOMETRIC_REPRESENTATION_CONTEXT(2) 
PARAMETRIC_REPRESENTATION_CONTEXT() REPRESENTATION_CONTEXT('2D SPACE',''
  ) );
#1280 = PCURVE('',#1281,#1286);
#1281 = CYLINDRICAL_SURFACE('',#1282,0.5);
#1282 = AXIS2_PLACEMENT_3D('',#1283,#1284,#1285);
#1283 = CARTESIAN_POINT('',(-6.1,-20.85,1.9));
#1284 = DIRECTION('',(0.,-0.,-1.));
#1285 = DIRECTION('',(0.,-1.,0.));
#1286 = DEFINITIONAL_REPRESENTATION('',(#1287),#1291);
#1287 = LINE('',#1288,#1289);
#1288 = CARTESIAN_POINT('',(0.,-0.1));
#1289 = VECTOR('',#1290,1.);
#1290 = DIRECTION('',(1.,0.));
#1291 = ( GEOMETRIC_REPRESENTATION_CONTEXT(2) 
PARAMETRIC_REPRESENTATION_CONTEXT() REPRESENTATION_CONTEXT('2D SPACE',''
  ) );
#1292 = FACE_BOUND('',#1293,.T.);
#1293 = EDGE_LOOP('',(#1294,#1322,#1355,#1381,#1414,#1440,#1466,#1492,
    #1525,#1551,#1584,#1610,#1643,#1669,#1695,#1721));
#1294 = ORIENTED_EDGE('',*,*,#1295,.F.);
#1295 = EDGE_CURVE('',#1296,#1298,#1300,.T.);
#1296 = VERTEX_POINT('',#1297);
#1297 = CARTESIAN_POINT('',(0.3,-20.35,2.));
#1298 = VERTEX_POINT('',#1299);
#1299 = CARTESIAN_POINT('',(-2.1,-20.35,2.));
#1300 = SURFACE_CURVE('',#1301,(#1305,#1311),.PCURVE_S1.);
#1301 = LINE('',#1302,#1303);
#1302 = CARTESIAN_POINT('',(-1.05,-20.35,2.));
#1303 = VECTOR('',#1304,1.);
#1304 = DIRECTION('',(-1.,0.,0.));
#1305 = PCURVE('',#126,#1306);
#1306 = DEFINITIONAL_REPRESENTATION('',(#1307),#1310);
#1307 = B_SPLINE_CURVE_WITH_KNOTS('',1,(#1308,#1309),.UNSPECIFIED.,.F.,
  .F.,(2,2),(-1.35,1.05),.PIECEWISE_BEZIER_KNOTS.);
#1308 = CARTESIAN_POINT('',(0.3,-0.1));
#1309 = CARTESIAN_POINT('',(-2.1,-0.1));
#1310 = ( GEOMETRIC_REPRESENTATION_CONTEXT(2) 
PARAMETRIC_REPRESENTATION_CONTEXT() REPRESENTATION_CONTEXT('2D SPACE',''
  ) );
#1311 = PCURVE('',#1312,#1317);
#1312 = PLANE('',#1313);
#1313 = AXIS2_PLACEMENT_3D('',#1314,#1315,#1316);
#1314 = CARTESIAN_POINT('',(-2.1,-20.35,1.9));
#1315 = DIRECTION('',(0.,1.,0.));
#1316 = DIRECTION('',(1.,0.,0.));
#1317 = DEFINITIONAL_REPRESENTATION('',(#1318),#1321);
#1318 = B_SPLINE_CURVE_WITH_KNOTS('',1,(#1319,#1320),.UNSPECIFIED.,.F.,
  .F.,(2,2),(-1.35,1.05),.PIECEWISE_BEZIER_KNOTS.);
#1319 = CARTESIAN_POINT('',(2.4,-0.1));
#1320 = CARTESIAN_POINT('',(0.,-0.1));
#1321 = ( GEOMETRIC_REPRESENTATION_CONTEXT(2) 
PARAMETRIC_REPRESENTATION_CONTEXT() REPRESENTATION_CONTEXT('2D SPACE',''
  ) );
#1322 = ORIENTED_EDGE('',*,*,#1323,.T.);
#1323 = EDGE_CURVE('',#1296,#1324,#1326,.T.);
#1324 = VERTEX_POINT('',#1325);
#1325 = CARTESIAN_POINT('',(0.8,-20.85,2.));
#1326 = SURFACE_CURVE('',#1327,(#1332,#1343),.PCURVE_S1.);
#1327 = CIRCLE('',#1328,0.5);
#1328 = AXIS2_PLACEMENT_3D('',#1329,#1330,#1331);
#1329 = CARTESIAN_POINT('',(0.3,-20.85,2.));
#1330 = DIRECTION('',(0.,0.,-1.));
#1331 = DIRECTION('',(0.,1.,0.));
#1332 = PCURVE('',#126,#1333);
#1333 = DEFINITIONAL_REPRESENTATION('',(#1334),#1342);
#1334 = ( BOUNDED_CURVE() B_SPLINE_CURVE(2,(#1335,#1336,#1337,#1338,
#1339,#1340,#1341),.UNSPECIFIED.,.T.,.F.) B_SPLINE_CURVE_WITH_KNOTS((1,2
    ,2,2,2,1),(-2.094395102393,0.,2.094395102393,4.188790204786,
6.28318530718,8.377580409573),.UNSPECIFIED.) CURVE() 
GEOMETRIC_REPRESENTATION_ITEM() RATIONAL_B_SPLINE_CURVE((1.,0.5,1.,0.5,
1.,0.5,1.)) REPRESENTATION_ITEM('') );
#1335 = CARTESIAN_POINT('',(0.3,-0.1));
#1336 = CARTESIAN_POINT('',(1.166025403784,-0.1));
#1337 = CARTESIAN_POINT('',(0.733012701892,-0.85));
#1338 = CARTESIAN_POINT('',(0.3,-1.6));
#1339 = CARTESIAN_POINT('',(-0.133012701892,-0.85));
#1340 = CARTESIAN_POINT('',(-0.566025403784,-0.1));
#1341 = CARTESIAN_POINT('',(0.3,-0.1));
#1342 = ( GEOMETRIC_REPRESENTATION_CONTEXT(2) 
PARAMETRIC_REPRESENTATION_CONTEXT() REPRESENTATION_CONTEXT('2D SPACE',''
  ) );
#1343 = PCURVE('',#1344,#1349);
#1344 = CYLINDRICAL_SURFACE('',#1345,0.5);
#1345 = AXIS2_PLACEMENT_3D('',#1346,#1347,#1348);
#1346 = CARTESIAN_POINT('',(0.3,-20.85,1.9));
#1347 = DIRECTION('',(0.,0.,-1.));
#1348 = DIRECTION('',(0.,1.,0.));
#1349 = DEFINITIONAL_REPRESENTATION('',(#1350),#1354);
#1350 = LINE('',#1351,#1352);
#1351 = CARTESIAN_POINT('',(0.,-0.1));
#1352 = VECTOR('',#1353,1.);
#1353 = DIRECTION('',(1.,0.));
#1354 = ( GEOMETRIC_REPRESENTATION_CONTEXT(2) 
PARAMETRIC_REPRESENTATION_CONTEXT() REPRESENTATION_CONTEXT('2D SPACE',''
  ) );
#1355 = ORIENTED_EDGE('',*,*,#1356,.F.);
#1356 = EDGE_CURVE('',#1357,#1324,#1359,.T.);
#1357 = VERTEX_POINT('',#1358);
#1358 = CARTESIAN_POINT('',(0.8,-23.05,2.));
#1359 = SURFACE_CURVE('',#1360,(#1364,#1370),.PCURVE_S1.);
#1360 = LINE('',#1361,#1362);
#1361 = CARTESIAN_POINT('',(0.8,-20.55,2.));
#1362 = VECTOR('',#1363,1.);
#1363 = DIRECTION('',(-1.110223024625E-16,1.,0.));
#1364 = PCURVE('',#126,#1365);
#1365 = DEFINITIONAL_REPRESENTATION('',(#1366),#1369);
#1366 = B_SPLINE_CURVE_WITH_KNOTS('',1,(#1367,#1368),.UNSPECIFIED.,.F.,
  .F.,(2,2),(-2.5,-0.3),.PIECEWISE_BEZIER_KNOTS.);
#1367 = CARTESIAN_POINT('',(0.8,-2.8));
#1368 = CARTESIAN_POINT('',(0.8,-0.6));
#1369 = ( GEOMETRIC_REPRESENTATION_CONTEXT(2) 
PARAMETRIC_REPRESENTATION_CONTEXT() REPRESENTATION_CONTEXT('2D SPACE',''
  ) );
#1370 = PCURVE('',#1371,#1376);
#1371 = PLANE('',#1372);
#1372 = AXIS2_PLACEMENT_3D('',#1373,#1374,#1375);
#1373 = CARTESIAN_POINT('',(0.8,-20.85,1.9));
#1374 = DIRECTION('',(1.,1.110223024625E-16,-0.));
#1375 = DIRECTION('',(1.110223024625E-16,-1.,0.));
#1376 = DEFINITIONAL_REPRESENTATION('',(#1377),#1380);
#1377 = B_SPLINE_CURVE_WITH_KNOTS('',1,(#1378,#1379),.UNSPECIFIED.,.F.,
  .F.,(2,2),(-2.5,-0.3),.PIECEWISE_BEZIER_KNOTS.);
#1378 = CARTESIAN_POINT('',(2.2,-0.1));
#1379 = CARTESIAN_POINT('',(0.,-0.1));
#1380 = ( GEOMETRIC_REPRESENTATION_CONTEXT(2) 
PARAMETRIC_REPRESENTATION_CONTEXT() REPRESENTATION_CONTEXT('2D SPACE',''
  ) );
#1381 = ORIENTED_EDGE('',*,*,#1382,.T.);
#1382 = EDGE_CURVE('',#1357,#1383,#1385,.T.);
#1383 = VERTEX_POINT('',#1384);
#1384 = CARTESIAN_POINT('',(0.3,-23.55,2.));
#1385 = SURFACE_CURVE('',#1386,(#1391,#1402),.PCURVE_S1.);
#1386 = CIRCLE('',#1387,0.5);
#1387 = AXIS2_PLACEMENT_3D('',#1388,#1389,#1390);
#1388 = CARTESIAN_POINT('',(0.3,-23.05,2.));
#1389 = DIRECTION('',(0.,0.,-1.));
#1390 = DIRECTION('',(1.,1.110223024625E-16,0.));
#1391 = PCURVE('',#126,#1392);
#1392 = DEFINITIONAL_REPRESENTATION('',(#1393),#1401);
#1393 = ( BOUNDED_CURVE() B_SPLINE_CURVE(2,(#1394,#1395,#1396,#1397,
#1398,#1399,#1400),.UNSPECIFIED.,.T.,.F.) B_SPLINE_CURVE_WITH_KNOTS((1,2
    ,2,2,2,1),(-2.094395102393,0.,2.094395102393,4.188790204786,
6.28318530718,8.377580409573),.UNSPECIFIED.) CURVE() 
GEOMETRIC_REPRESENTATION_ITEM() RATIONAL_B_SPLINE_CURVE((1.,0.5,1.,0.5,
1.,0.5,1.)) REPRESENTATION_ITEM('') );
#1394 = CARTESIAN_POINT('',(0.8,-2.8));
#1395 = CARTESIAN_POINT('',(0.8,-3.666025403784));
#1396 = CARTESIAN_POINT('',(5.E-02,-3.233012701892));
#1397 = CARTESIAN_POINT('',(-0.7,-2.8));
#1398 = CARTESIAN_POINT('',(5.E-02,-2.366987298108));
#1399 = CARTESIAN_POINT('',(0.8,-1.933974596216));
#1400 = CARTESIAN_POINT('',(0.8,-2.8));
#1401 = ( GEOMETRIC_REPRESENTATION_CONTEXT(2) 
PARAMETRIC_REPRESENTATION_CONTEXT() REPRESENTATION_CONTEXT('2D SPACE',''
  ) );
#1402 = PCURVE('',#1403,#1408);
#1403 = CYLINDRICAL_SURFACE('',#1404,0.5);
#1404 = AXIS2_PLACEMENT_3D('',#1405,#1406,#1407);
#1405 = CARTESIAN_POINT('',(0.3,-23.05,1.9));
#1406 = DIRECTION('',(0.,0.,-1.));
#1407 = DIRECTION('',(1.,1.110223024625E-16,0.));
#1408 = DEFINITIONAL_REPRESENTATION('',(#1409),#1413);
#1409 = LINE('',#1410,#1411);
#1410 = CARTESIAN_POINT('',(0.,-0.1));
#1411 = VECTOR('',#1412,1.);
#1412 = DIRECTION('',(1.,0.));
#1413 = ( GEOMETRIC_REPRESENTATION_CONTEXT(2) 
PARAMETRIC_REPRESENTATION_CONTEXT() REPRESENTATION_CONTEXT('2D SPACE',''
  ) );
#1414 = ORIENTED_EDGE('',*,*,#1415,.F.);
#1415 = EDGE_CURVE('',#1416,#1383,#1418,.T.);
#1416 = VERTEX_POINT('',#1417);
#1417 = CARTESIAN_POINT('',(-1.6,-23.55,2.));
#1418 = SURFACE_CURVE('',#1419,(#1423,#1429),.PCURVE_S1.);
#1419 = LINE('',#1420,#1421);
#1420 = CARTESIAN_POINT('',(0.15,-23.55,2.));
#1421 = VECTOR('',#1422,1.);
#1422 = DIRECTION('',(1.,0.,-0.));
#1423 = PCURVE('',#126,#1424);
#1424 = DEFINITIONAL_REPRESENTATION('',(#1425),#1428);
#1425 = B_SPLINE_CURVE_WITH_KNOTS('',1,(#1426,#1427),.UNSPECIFIED.,.F.,
  .F.,(2,2),(-1.75,0.15),.PIECEWISE_BEZIER_KNOTS.);
#1426 = CARTESIAN_POINT('',(-1.6,-3.3));
#1427 = CARTESIAN_POINT('',(0.3,-3.3));
#1428 = ( GEOMETRIC_REPRESENTATION_CONTEXT(2) 
PARAMETRIC_REPRESENTATION_CONTEXT() REPRESENTATION_CONTEXT('2D SPACE',''
  ) );
#1429 = PCURVE('',#1430,#1435);
#1430 = PLANE('',#1431);
#1431 = AXIS2_PLACEMENT_3D('',#1432,#1433,#1434);
#1432 = CARTESIAN_POINT('',(0.3,-23.55,1.9));
#1433 = DIRECTION('',(0.,-1.,0.));
#1434 = DIRECTION('',(-1.,0.,0.));
#1435 = DEFINITIONAL_REPRESENTATION('',(#1436),#1439);
#1436 = B_SPLINE_CURVE_WITH_KNOTS('',1,(#1437,#1438),.UNSPECIFIED.,.F.,
  .F.,(2,2),(-1.75,0.15),.PIECEWISE_BEZIER_KNOTS.);
#1437 = CARTESIAN_POINT('',(1.9,-0.1));
#1438 = CARTESIAN_POINT('',(0.,-0.1));
#1439 = ( GEOMETRIC_REPRESENTATION_CONTEXT(2) 
PARAMETRIC_REPRESENTATION_CONTEXT() REPRESENTATION_CONTEXT('2D SPACE',''
  ) );
#1440 = ORIENTED_EDGE('',*,*,#1441,.F.);
#1441 = EDGE_CURVE('',#1442,#1416,#1444,.T.);
#1442 = VERTEX_POINT('',#1443);
#1443 = CARTESIAN_POINT('',(-1.6,-24.75,2.));
#1444 = SURFACE_CURVE('',#1445,(#1449,#1455),.PCURVE_S1.);
#1445 = LINE('',#1446,#1447);
#1446 = CARTESIAN_POINT('',(-1.6,-21.65,2.));
#1447 = VECTOR('',#1448,1.);
#1448 = DIRECTION('',(1.110223024625E-16,1.,-0.));
#1449 = PCURVE('',#126,#1450);
#1450 = DEFINITIONAL_REPRESENTATION('',(#1451),#1454);
#1451 = B_SPLINE_CURVE_WITH_KNOTS('',1,(#1452,#1453),.UNSPECIFIED.,.F.,
  .F.,(2,2),(-3.1,-1.9),.PIECEWISE_BEZIER_KNOTS.);
#1452 = CARTESIAN_POINT('',(-1.6,-4.5));
#1453 = CARTESIAN_POINT('',(-1.6,-3.3));
#1454 = ( GEOMETRIC_REPRESENTATION_CONTEXT(2) 
PARAMETRIC_REPRESENTATION_CONTEXT() REPRESENTATION_CONTEXT('2D SPACE',''
  ) );
#1455 = PCURVE('',#1456,#1461);
#1456 = PLANE('',#1457);
#1457 = AXIS2_PLACEMENT_3D('',#1458,#1459,#1460);
#1458 = CARTESIAN_POINT('',(-1.6,-23.05,1.9));
#1459 = DIRECTION('',(1.,-1.110223024625E-16,0.));
#1460 = DIRECTION('',(-1.110223024625E-16,-1.,0.));
#1461 = DEFINITIONAL_REPRESENTATION('',(#1462),#1465);
#1462 = B_SPLINE_CURVE_WITH_KNOTS('',1,(#1463,#1464),.UNSPECIFIED.,.F.,
  .F.,(2,2),(-3.1,-1.9),.PIECEWISE_BEZIER_KNOTS.);
#1463 = CARTESIAN_POINT('',(1.7,-0.1));
#1464 = CARTESIAN_POINT('',(0.5,-0.1));
#1465 = ( GEOMETRIC_REPRESENTATION_CONTEXT(2) 
PARAMETRIC_REPRESENTATION_CONTEXT() REPRESENTATION_CONTEXT('2D SPACE',''
  ) );
#1466 = ORIENTED_EDGE('',*,*,#1467,.F.);
#1467 = EDGE_CURVE('',#1468,#1442,#1470,.T.);
#1468 = VERTEX_POINT('',#1469);
#1469 = CARTESIAN_POINT('',(0.3,-24.75,2.));
#1470 = SURFACE_CURVE('',#1471,(#1475,#1481),.PCURVE_S1.);
#1471 = LINE('',#1472,#1473);
#1472 = CARTESIAN_POINT('',(-1.05,-24.75,2.));
#1473 = VECTOR('',#1474,1.);
#1474 = DIRECTION('',(-1.,0.,0.));
#1475 = PCURVE('',#126,#1476);
#1476 = DEFINITIONAL_REPRESENTATION('',(#1477),#1480);
#1477 = B_SPLINE_CURVE_WITH_KNOTS('',1,(#1478,#1479),.UNSPECIFIED.,.F.,
  .F.,(2,2),(-1.35,0.55),.PIECEWISE_BEZIER_KNOTS.);
#1478 = CARTESIAN_POINT('',(0.3,-4.5));
#1479 = CARTESIAN_POINT('',(-1.6,-4.5));
#1480 = ( GEOMETRIC_REPRESENTATION_CONTEXT(2) 
PARAMETRIC_REPRESENTATION_CONTEXT() REPRESENTATION_CONTEXT('2D SPACE',''
  ) );
#1481 = PCURVE('',#1482,#1487);
#1482 = PLANE('',#1483);
#1483 = AXIS2_PLACEMENT_3D('',#1484,#1485,#1486);
#1484 = CARTESIAN_POINT('',(-2.1,-24.75,1.9));
#1485 = DIRECTION('',(0.,1.,0.));
#1486 = DIRECTION('',(1.,0.,0.));
#1487 = DEFINITIONAL_REPRESENTATION('',(#1488),#1491);
#1488 = B_SPLINE_CURVE_WITH_KNOTS('',1,(#1489,#1490),.UNSPECIFIED.,.F.,
  .F.,(2,2),(-1.35,0.55),.PIECEWISE_BEZIER_KNOTS.);
#1489 = CARTESIAN_POINT('',(2.4,-0.1));
#1490 = CARTESIAN_POINT('',(0.5,-0.1));
#1491 = ( GEOMETRIC_REPRESENTATION_CONTEXT(2) 
PARAMETRIC_REPRESENTATION_CONTEXT() REPRESENTATION_CONTEXT('2D SPACE',''
  ) );
#1492 = ORIENTED_EDGE('',*,*,#1493,.T.);
#1493 = EDGE_CURVE('',#1468,#1494,#1496,.T.);
#1494 = VERTEX_POINT('',#1495);
#1495 = CARTESIAN_POINT('',(0.3,-25.75,2.));
#1496 = SURFACE_CURVE('',#1497,(#1502,#1513),.PCURVE_S1.);
#1497 = CIRCLE('',#1498,0.5);
#1498 = AXIS2_PLACEMENT_3D('',#1499,#1500,#1501);
#1499 = CARTESIAN_POINT('',(0.3,-25.25,2.));
#1500 = DIRECTION('',(0.,0.,-1.));
#1501 = DIRECTION('',(0.,1.,0.));
#1502 = PCURVE('',#126,#1503);
#1503 = DEFINITIONAL_REPRESENTATION('',(#1504),#1512);
#1504 = ( BOUNDED_CURVE() B_SPLINE_CURVE(2,(#1505,#1506,#1507,#1508,
#1509,#1510,#1511),.UNSPECIFIED.,.T.,.F.) B_SPLINE_CURVE_WITH_KNOTS((1,2
    ,2,2,2,1),(-2.094395102393,0.,2.094395102393,4.188790204786,
6.28318530718,8.377580409573),.UNSPECIFIED.) CURVE() 
GEOMETRIC_REPRESENTATION_ITEM() RATIONAL_B_SPLINE_CURVE((1.,0.5,1.,0.5,
1.,0.5,1.)) REPRESENTATION_ITEM('') );
#1505 = CARTESIAN_POINT('',(0.3,-4.5));
#1506 = CARTESIAN_POINT('',(1.166025403784,-4.5));
#1507 = CARTESIAN_POINT('',(0.733012701892,-5.25));
#1508 = CARTESIAN_POINT('',(0.3,-6.));
#1509 = CARTESIAN_POINT('',(-0.133012701892,-5.25));
#1510 = CARTESIAN_POINT('',(-0.566025403784,-4.5));
#1511 = CARTESIAN_POINT('',(0.3,-4.5));
#1512 = ( GEOMETRIC_REPRESENTATION_CONTEXT(2) 
PARAMETRIC_REPRESENTATION_CONTEXT() REPRESENTATION_CONTEXT('2D SPACE',''
  ) );
#1513 = PCURVE('',#1514,#1519);
#1514 = CYLINDRICAL_SURFACE('',#1515,0.5);
#1515 = AXIS2_PLACEMENT_3D('',#1516,#1517,#1518);
#1516 = CARTESIAN_POINT('',(0.3,-25.25,1.9));
#1517 = DIRECTION('',(0.,0.,-1.));
#1518 = DIRECTION('',(0.,1.,0.));
#1519 = DEFINITIONAL_REPRESENTATION('',(#1520),#1524);
#1520 = LINE('',#1521,#1522);
#1521 = CARTESIAN_POINT('',(0.,-0.1));
#1522 = VECTOR('',#1523,1.);
#1523 = DIRECTION('',(1.,0.));
#1524 = ( GEOMETRIC_REPRESENTATION_CONTEXT(2) 
PARAMETRIC_REPRESENTATION_CONTEXT() REPRESENTATION_CONTEXT('2D SPACE',''
  ) );
#1525 = ORIENTED_EDGE('',*,*,#1526,.F.);
#1526 = EDGE_CURVE('',#1527,#1494,#1529,.T.);
#1527 = VERTEX_POINT('',#1528);
#1528 = CARTESIAN_POINT('',(-2.1,-25.75,2.));
#1529 = SURFACE_CURVE('',#1530,(#1534,#1540),.PCURVE_S1.);
#1530 = LINE('',#1531,#1532);
#1531 = CARTESIAN_POINT('',(0.15,-25.75,2.));
#1532 = VECTOR('',#1533,1.);
#1533 = DIRECTION('',(1.,0.,-0.));
#1534 = PCURVE('',#126,#1535);
#1535 = DEFINITIONAL_REPRESENTATION('',(#1536),#1539);
#1536 = B_SPLINE_CURVE_WITH_KNOTS('',1,(#1537,#1538),.UNSPECIFIED.,.F.,
  .F.,(2,2),(-2.25,0.15),.PIECEWISE_BEZIER_KNOTS.);
#1537 = CARTESIAN_POINT('',(-2.1,-5.5));
#1538 = CARTESIAN_POINT('',(0.3,-5.5));
#1539 = ( GEOMETRIC_REPRESENTATION_CONTEXT(2) 
PARAMETRIC_REPRESENTATION_CONTEXT() REPRESENTATION_CONTEXT('2D SPACE',''
  ) );
#1540 = PCURVE('',#1541,#1546);
#1541 = PLANE('',#1542);
#1542 = AXIS2_PLACEMENT_3D('',#1543,#1544,#1545);
#1543 = CARTESIAN_POINT('',(0.3,-25.75,1.9));
#1544 = DIRECTION('',(0.,-1.,0.));
#1545 = DIRECTION('',(-1.,0.,0.));
#1546 = DEFINITIONAL_REPRESENTATION('',(#1547),#1550);
#1547 = B_SPLINE_CURVE_WITH_KNOTS('',1,(#1548,#1549),.UNSPECIFIED.,.F.,
  .F.,(2,2),(-2.25,0.15),.PIECEWISE_BEZIER_KNOTS.);
#1548 = CARTESIAN_POINT('',(2.4,-0.1));
#1549 = CARTESIAN_POINT('',(0.,-0.1));
#1550 = ( GEOMETRIC_REPRESENTATION_CONTEXT(2) 
PARAMETRIC_REPRESENTATION_CONTEXT() REPRESENTATION_CONTEXT('2D SPACE',''
  ) );
#1551 = ORIENTED_EDGE('',*,*,#1552,.T.);
#1552 = EDGE_CURVE('',#1527,#1553,#1555,.T.);
#1553 = VERTEX_POINT('',#1554);
#1554 = CARTESIAN_POINT('',(-2.6,-25.25,2.));
#1555 = SURFACE_CURVE('',#1556,(#1561,#1572),.PCURVE_S1.);
#1556 = CIRCLE('',#1557,0.5);
#1557 = AXIS2_PLACEMENT_3D('',#1558,#1559,#1560);
#1558 = CARTESIAN_POINT('',(-2.1,-25.25,2.));
#1559 = DIRECTION('',(0.,-0.,-1.));
#1560 = DIRECTION('',(1.,-1.110223024625E-16,0.));
#1561 = PCURVE('',#126,#1562);
#1562 = DEFINITIONAL_REPRESENTATION('',(#1563),#1571);
#1563 = ( BOUNDED_CURVE() B_SPLINE_CURVE(2,(#1564,#1565,#1566,#1567,
#1568,#1569,#1570),.UNSPECIFIED.,.T.,.F.) B_SPLINE_CURVE_WITH_KNOTS((1,2
    ,2,2,2,1),(-2.094395102393,0.,2.094395102393,4.188790204786,
6.28318530718,8.377580409573),.UNSPECIFIED.) CURVE() 
GEOMETRIC_REPRESENTATION_ITEM() RATIONAL_B_SPLINE_CURVE((1.,0.5,1.,0.5,
1.,0.5,1.)) REPRESENTATION_ITEM('') );
#1564 = CARTESIAN_POINT('',(-1.6,-5.));
#1565 = CARTESIAN_POINT('',(-1.6,-5.866025403784));
#1566 = CARTESIAN_POINT('',(-2.35,-5.433012701892));
#1567 = CARTESIAN_POINT('',(-3.1,-5.));
#1568 = CARTESIAN_POINT('',(-2.35,-4.566987298108));
#1569 = CARTESIAN_POINT('',(-1.6,-4.133974596216));
#1570 = CARTESIAN_POINT('',(-1.6,-5.));
#1571 = ( GEOMETRIC_REPRESENTATION_CONTEXT(2) 
PARAMETRIC_REPRESENTATION_CONTEXT() REPRESENTATION_CONTEXT('2D SPACE',''
  ) );
#1572 = PCURVE('',#1573,#1578);
#1573 = CYLINDRICAL_SURFACE('',#1574,0.5);
#1574 = AXIS2_PLACEMENT_3D('',#1575,#1576,#1577);
#1575 = CARTESIAN_POINT('',(-2.1,-25.25,1.9));
#1576 = DIRECTION('',(0.,-0.,-1.));
#1577 = DIRECTION('',(1.,-1.110223024625E-16,0.));
#1578 = DEFINITIONAL_REPRESENTATION('',(#1579),#1583);
#1579 = LINE('',#1580,#1581);
#1580 = CARTESIAN_POINT('',(0.,-0.1));
#1581 = VECTOR('',#1582,1.);
#1582 = DIRECTION('',(1.,0.));
#1583 = ( GEOMETRIC_REPRESENTATION_CONTEXT(2) 
PARAMETRIC_REPRESENTATION_CONTEXT() REPRESENTATION_CONTEXT('2D SPACE',''
  ) );
#1584 = ORIENTED_EDGE('',*,*,#1585,.F.);
#1585 = EDGE_CURVE('',#1586,#1553,#1588,.T.);
#1586 = VERTEX_POINT('',#1587);
#1587 = CARTESIAN_POINT('',(-2.6,-23.05,2.));
#1588 = SURFACE_CURVE('',#1589,(#1593,#1599),.PCURVE_S1.);
#1589 = LINE('',#1590,#1591);
#1590 = CARTESIAN_POINT('',(-2.6,-22.75,2.));
#1591 = VECTOR('',#1592,1.);
#1592 = DIRECTION('',(-1.110223024625E-16,-1.,0.));
#1593 = PCURVE('',#126,#1594);
#1594 = DEFINITIONAL_REPRESENTATION('',(#1595),#1598);
#1595 = B_SPLINE_CURVE_WITH_KNOTS('',1,(#1596,#1597),.UNSPECIFIED.,.F.,
  .F.,(2,2),(0.3,2.5),.PIECEWISE_BEZIER_KNOTS.);
#1596 = CARTESIAN_POINT('',(-2.6,-2.8));
#1597 = CARTESIAN_POINT('',(-2.6,-5.));
#1598 = ( GEOMETRIC_REPRESENTATION_CONTEXT(2) 
PARAMETRIC_REPRESENTATION_CONTEXT() REPRESENTATION_CONTEXT('2D SPACE',''
  ) );
#1599 = PCURVE('',#1600,#1605);
#1600 = PLANE('',#1601);
#1601 = AXIS2_PLACEMENT_3D('',#1602,#1603,#1604);
#1602 = CARTESIAN_POINT('',(-2.6,-25.25,1.9));
#1603 = DIRECTION('',(-1.,1.110223024625E-16,0.));
#1604 = DIRECTION('',(1.110223024625E-16,1.,0.));
#1605 = DEFINITIONAL_REPRESENTATION('',(#1606),#1609);
#1606 = B_SPLINE_CURVE_WITH_KNOTS('',1,(#1607,#1608),.UNSPECIFIED.,.F.,
  .F.,(2,2),(0.3,2.5),.PIECEWISE_BEZIER_KNOTS.);
#1607 = CARTESIAN_POINT('',(2.2,-0.1));
#1608 = CARTESIAN_POINT('',(0.,-0.1));
#1609 = ( GEOMETRIC_REPRESENTATION_CONTEXT(2) 
PARAMETRIC_REPRESENTATION_CONTEXT() REPRESENTATION_CONTEXT('2D SPACE',''
  ) );
#1610 = ORIENTED_EDGE('',*,*,#1611,.T.);
#1611 = EDGE_CURVE('',#1586,#1612,#1614,.T.);
#1612 = VERTEX_POINT('',#1613);
#1613 = CARTESIAN_POINT('',(-2.1,-22.55,2.));
#1614 = SURFACE_CURVE('',#1615,(#1620,#1631),.PCURVE_S1.);
#1615 = CIRCLE('',#1616,0.5);
#1616 = AXIS2_PLACEMENT_3D('',#1617,#1618,#1619);
#1617 = CARTESIAN_POINT('',(-2.1,-23.05,2.));
#1618 = DIRECTION('',(0.,-0.,-1.));
#1619 = DIRECTION('',(0.,-1.,0.));
#1620 = PCURVE('',#126,#1621);
#1621 = DEFINITIONAL_REPRESENTATION('',(#1622),#1630);
#1622 = ( BOUNDED_CURVE() B_SPLINE_CURVE(2,(#1623,#1624,#1625,#1626,
#1627,#1628,#1629),.UNSPECIFIED.,.T.,.F.) B_SPLINE_CURVE_WITH_KNOTS((1,2
    ,2,2,2,1),(-2.094395102393,0.,2.094395102393,4.188790204786,
6.28318530718,8.377580409573),.UNSPECIFIED.) CURVE() 
GEOMETRIC_REPRESENTATION_ITEM() RATIONAL_B_SPLINE_CURVE((1.,0.5,1.,0.5,
1.,0.5,1.)) REPRESENTATION_ITEM('') );
#1623 = CARTESIAN_POINT('',(-2.1,-3.3));
#1624 = CARTESIAN_POINT('',(-2.966025403784,-3.3));
#1625 = CARTESIAN_POINT('',(-2.533012701892,-2.55));
#1626 = CARTESIAN_POINT('',(-2.1,-1.8));
#1627 = CARTESIAN_POINT('',(-1.666987298108,-2.55));
#1628 = CARTESIAN_POINT('',(-1.233974596216,-3.3));
#1629 = CARTESIAN_POINT('',(-2.1,-3.3));
#1630 = ( GEOMETRIC_REPRESENTATION_CONTEXT(2) 
PARAMETRIC_REPRESENTATION_CONTEXT() REPRESENTATION_CONTEXT('2D SPACE',''
  ) );
#1631 = PCURVE('',#1632,#1637);
#1632 = CYLINDRICAL_SURFACE('',#1633,0.5);
#1633 = AXIS2_PLACEMENT_3D('',#1634,#1635,#1636);
#1634 = CARTESIAN_POINT('',(-2.1,-23.05,1.9));
#1635 = DIRECTION('',(0.,-0.,-1.));
#1636 = DIRECTION('',(0.,-1.,0.));
#1637 = DEFINITIONAL_REPRESENTATION('',(#1638),#1642);
#1638 = LINE('',#1639,#1640);
#1639 = CARTESIAN_POINT('',(0.,-0.1));
#1640 = VECTOR('',#1641,1.);
#1641 = DIRECTION('',(1.,0.));
#1642 = ( GEOMETRIC_REPRESENTATION_CONTEXT(2) 
PARAMETRIC_REPRESENTATION_CONTEXT() REPRESENTATION_CONTEXT('2D SPACE',''
  ) );
#1643 = ORIENTED_EDGE('',*,*,#1644,.F.);
#1644 = EDGE_CURVE('',#1645,#1612,#1647,.T.);
#1645 = VERTEX_POINT('',#1646);
#1646 = CARTESIAN_POINT('',(-0.2,-22.55,2.));
#1647 = SURFACE_CURVE('',#1648,(#1652,#1658),.PCURVE_S1.);
#1648 = LINE('',#1649,#1650);
#1649 = CARTESIAN_POINT('',(-1.05,-22.55,2.));
#1650 = VECTOR('',#1651,1.);
#1651 = DIRECTION('',(-1.,0.,0.));
#1652 = PCURVE('',#126,#1653);
#1653 = DEFINITIONAL_REPRESENTATION('',(#1654),#1657);
#1654 = B_SPLINE_CURVE_WITH_KNOTS('',1,(#1655,#1656),.UNSPECIFIED.,.F.,
  .F.,(2,2),(-0.85,1.05),.PIECEWISE_BEZIER_KNOTS.);
#1655 = CARTESIAN_POINT('',(-0.2,-2.3));
#1656 = CARTESIAN_POINT('',(-2.1,-2.3));
#1657 = ( GEOMETRIC_REPRESENTATION_CONTEXT(2) 
PARAMETRIC_REPRESENTATION_CONTEXT() REPRESENTATION_CONTEXT('2D SPACE',''
  ) );
#1658 = PCURVE('',#1659,#1664);
#1659 = PLANE('',#1660);
#1660 = AXIS2_PLACEMENT_3D('',#1661,#1662,#1663);
#1661 = CARTESIAN_POINT('',(-2.1,-22.55,1.9));
#1662 = DIRECTION('',(0.,1.,0.));
#1663 = DIRECTION('',(1.,0.,0.));
#1664 = DEFINITIONAL_REPRESENTATION('',(#1665),#1668);
#1665 = B_SPLINE_CURVE_WITH_KNOTS('',1,(#1666,#1667),.UNSPECIFIED.,.F.,
  .F.,(2,2),(-0.85,1.05),.PIECEWISE_BEZIER_KNOTS.);
#1666 = CARTESIAN_POINT('',(1.9,-0.1));
#1667 = CARTESIAN_POINT('',(0.,-0.1));
#1668 = ( GEOMETRIC_REPRESENTATION_CONTEXT(2) 
PARAMETRIC_REPRESENTATION_CONTEXT() REPRESENTATION_CONTEXT('2D SPACE',''
  ) );
#1669 = ORIENTED_EDGE('',*,*,#1670,.F.);
#1670 = EDGE_CURVE('',#1671,#1645,#1673,.T.);
#1671 = VERTEX_POINT('',#1672);
#1672 = CARTESIAN_POINT('',(-0.2,-21.35,2.));
#1673 = SURFACE_CURVE('',#1674,(#1678,#1684),.PCURVE_S1.);
#1674 = LINE('',#1675,#1676);
#1675 = CARTESIAN_POINT('',(-0.2,-21.65,2.));
#1676 = VECTOR('',#1677,1.);
#1677 = DIRECTION('',(1.110223024625E-16,-1.,0.));
#1678 = PCURVE('',#126,#1679);
#1679 = DEFINITIONAL_REPRESENTATION('',(#1680),#1683);
#1680 = B_SPLINE_CURVE_WITH_KNOTS('',1,(#1681,#1682),.UNSPECIFIED.,.F.,
  .F.,(2,2),(-0.3,0.9),.PIECEWISE_BEZIER_KNOTS.);
#1681 = CARTESIAN_POINT('',(-0.2,-1.1));
#1682 = CARTESIAN_POINT('',(-0.2,-2.3));
#1683 = ( GEOMETRIC_REPRESENTATION_CONTEXT(2) 
PARAMETRIC_REPRESENTATION_CONTEXT() REPRESENTATION_CONTEXT('2D SPACE',''
  ) );
#1684 = PCURVE('',#1685,#1690);
#1685 = PLANE('',#1686);
#1686 = AXIS2_PLACEMENT_3D('',#1687,#1688,#1689);
#1687 = CARTESIAN_POINT('',(-0.2,-23.05,1.9));
#1688 = DIRECTION('',(-1.,-1.110223024625E-16,0.));
#1689 = DIRECTION('',(-1.110223024625E-16,1.,0.));
#1690 = DEFINITIONAL_REPRESENTATION('',(#1691),#1694);
#1691 = B_SPLINE_CURVE_WITH_KNOTS('',1,(#1692,#1693),.UNSPECIFIED.,.F.,
  .F.,(2,2),(-0.3,0.9),.PIECEWISE_BEZIER_KNOTS.);
#1692 = CARTESIAN_POINT('',(1.7,-0.1));
#1693 = CARTESIAN_POINT('',(0.5,-0.1));
#1694 = ( GEOMETRIC_REPRESENTATION_CONTEXT(2) 
PARAMETRIC_REPRESENTATION_CONTEXT() REPRESENTATION_CONTEXT('2D SPACE',''
  ) );
#1695 = ORIENTED_EDGE('',*,*,#1696,.F.);
#1696 = EDGE_CURVE('',#1697,#1671,#1699,.T.);
#1697 = VERTEX_POINT('',#1698);
#1698 = CARTESIAN_POINT('',(-2.1,-21.35,2.));
#1699 = SURFACE_CURVE('',#1700,(#1704,#1710),.PCURVE_S1.);
#1700 = LINE('',#1701,#1702);
#1701 = CARTESIAN_POINT('',(0.15,-21.35,2.));
#1702 = VECTOR('',#1703,1.);
#1703 = DIRECTION('',(1.,0.,-0.));
#1704 = PCURVE('',#126,#1705);
#1705 = DEFINITIONAL_REPRESENTATION('',(#1706),#1709);
#1706 = B_SPLINE_CURVE_WITH_KNOTS('',1,(#1707,#1708),.UNSPECIFIED.,.F.,
  .F.,(2,2),(-2.25,-0.35),.PIECEWISE_BEZIER_KNOTS.);
#1707 = CARTESIAN_POINT('',(-2.1,-1.1));
#1708 = CARTESIAN_POINT('',(-0.2,-1.1));
#1709 = ( GEOMETRIC_REPRESENTATION_CONTEXT(2) 
PARAMETRIC_REPRESENTATION_CONTEXT() REPRESENTATION_CONTEXT('2D SPACE',''
  ) );
#1710 = PCURVE('',#1711,#1716);
#1711 = PLANE('',#1712);
#1712 = AXIS2_PLACEMENT_3D('',#1713,#1714,#1715);
#1713 = CARTESIAN_POINT('',(0.3,-21.35,1.9));
#1714 = DIRECTION('',(0.,-1.,0.));
#1715 = DIRECTION('',(-1.,0.,0.));
#1716 = DEFINITIONAL_REPRESENTATION('',(#1717),#1720);
#1717 = B_SPLINE_CURVE_WITH_KNOTS('',1,(#1718,#1719),.UNSPECIFIED.,.F.,
  .F.,(2,2),(-2.25,-0.35),.PIECEWISE_BEZIER_KNOTS.);
#1718 = CARTESIAN_POINT('',(2.4,-0.1));
#1719 = CARTESIAN_POINT('',(0.5,-0.1));
#1720 = ( GEOMETRIC_REPRESENTATION_CONTEXT(2) 
PARAMETRIC_REPRESENTATION_CONTEXT() REPRESENTATION_CONTEXT('2D SPACE',''
  ) );
#1721 = ORIENTED_EDGE('',*,*,#1722,.T.);
#1722 = EDGE_CURVE('',#1697,#1298,#1723,.T.);
#1723 = SURFACE_CURVE('',#1724,(#1729,#1740),.PCURVE_S1.);
#1724 = CIRCLE('',#1725,0.5);
#1725 = AXIS2_PLACEMENT_3D('',#1726,#1727,#1728);
#1726 = CARTESIAN_POINT('',(-2.1,-20.85,2.));
#1727 = DIRECTION('',(0.,-0.,-1.));
#1728 = DIRECTION('',(0.,-1.,0.));
#1729 = PCURVE('',#126,#1730);
#1730 = DEFINITIONAL_REPRESENTATION('',(#1731),#1739);
#1731 = ( BOUNDED_CURVE() B_SPLINE_CURVE(2,(#1732,#1733,#1734,#1735,
#1736,#1737,#1738),.UNSPECIFIED.,.T.,.F.) B_SPLINE_CURVE_WITH_KNOTS((1,2
    ,2,2,2,1),(-2.094395102393,0.,2.094395102393,4.188790204786,
6.28318530718,8.377580409573),.UNSPECIFIED.) CURVE() 
GEOMETRIC_REPRESENTATION_ITEM() RATIONAL_B_SPLINE_CURVE((1.,0.5,1.,0.5,
1.,0.5,1.)) REPRESENTATION_ITEM('') );
#1732 = CARTESIAN_POINT('',(-2.1,-1.1));
#1733 = CARTESIAN_POINT('',(-2.966025403784,-1.1));
#1734 = CARTESIAN_POINT('',(-2.533012701892,-0.35));
#1735 = CARTESIAN_POINT('',(-2.1,0.4));
#1736 = CARTESIAN_POINT('',(-1.666987298108,-0.35));
#1737 = CARTESIAN_POINT('',(-1.233974596216,-1.1));
#1738 = CARTESIAN_POINT('',(-2.1,-1.1));
#1739 = ( GEOMETRIC_REPRESENTATION_CONTEXT(2) 
PARAMETRIC_REPRESENTATION_CONTEXT() REPRESENTATION_CONTEXT('2D SPACE',''
  ) );
#1740 = PCURVE('',#1741,#1746);
#1741 = CYLINDRICAL_SURFACE('',#1742,0.5);
#1742 = AXIS2_PLACEMENT_3D('',#1743,#1744,#1745);
#1743 = CARTESIAN_POINT('',(-2.1,-20.85,1.9));
#1744 = DIRECTION('',(0.,-0.,-1.));
#1745 = DIRECTION('',(0.,-1.,0.));
#1746 = DEFINITIONAL_REPRESENTATION('',(#1747),#1751);
#1747 = LINE('',#1748,#1749);
#1748 = CARTESIAN_POINT('',(0.,-0.1));
#1749 = VECTOR('',#1750,1.);
#1750 = DIRECTION('',(1.,0.));
#1751 = ( GEOMETRIC_REPRESENTATION_CONTEXT(2) 
PARAMETRIC_REPRESENTATION_CONTEXT() REPRESENTATION_CONTEXT('2D SPACE',''
  ) );
#1752 = FACE_BOUND('',#1753,.T.);
#1753 = EDGE_LOOP('',(#1754,#1782,#1808,#1834));
#1754 = ORIENTED_EDGE('',*,*,#1755,.T.);
#1755 = EDGE_CURVE('',#1756,#1758,#1760,.T.);
#1756 = VERTEX_POINT('',#1757);
#1757 = CARTESIAN_POINT('',(2.6,-24.55,2.));
#1758 = VERTEX_POINT('',#1759);
#1759 = CARTESIAN_POINT('',(2.6,-25.75,2.));
#1760 = SURFACE_CURVE('',#1761,(#1765,#1771),.PCURVE_S1.);
#1761 = LINE('',#1762,#1763);
#1762 = CARTESIAN_POINT('',(2.6,-23.,2.));
#1763 = VECTOR('',#1764,1.);
#1764 = DIRECTION('',(0.,-1.,0.));
#1765 = PCURVE('',#126,#1766);
#1766 = DEFINITIONAL_REPRESENTATION('',(#1767),#1770);
#1767 = B_SPLINE_CURVE_WITH_KNOTS('',1,(#1768,#1769),.UNSPECIFIED.,.F.,
  .F.,(2,2),(1.55,2.75),.PIECEWISE_BEZIER_KNOTS.);
#1768 = CARTESIAN_POINT('',(2.6,-4.3));
#1769 = CARTESIAN_POINT('',(2.6,-5.5));
#1770 = ( GEOMETRIC_REPRESENTATION_CONTEXT(2) 
PARAMETRIC_REPRESENTATION_CONTEXT() REPRESENTATION_CONTEXT('2D SPACE',''
  ) );
#1771 = PCURVE('',#1772,#1777);
#1772 = PLANE('',#1773);
#1773 = AXIS2_PLACEMENT_3D('',#1774,#1775,#1776);
#1774 = CARTESIAN_POINT('',(2.6,-25.75,1.9));
#1775 = DIRECTION('',(-1.,0.,0.));
#1776 = DIRECTION('',(0.,1.,0.));
#1777 = DEFINITIONAL_REPRESENTATION('',(#1778),#1781);
#1778 = B_SPLINE_CURVE_WITH_KNOTS('',1,(#1779,#1780),.UNSPECIFIED.,.F.,
  .F.,(2,2),(1.55,2.75),.PIECEWISE_BEZIER_KNOTS.);
#1779 = CARTESIAN_POINT('',(1.2,-0.1));
#1780 = CARTESIAN_POINT('',(0.,-0.1));
#1781 = ( GEOMETRIC_REPRESENTATION_CONTEXT(2) 
PARAMETRIC_REPRESENTATION_CONTEXT() REPRESENTATION_CONTEXT('2D SPACE',''
  ) );
#1782 = ORIENTED_EDGE('',*,*,#1783,.T.);
#1783 = EDGE_CURVE('',#1758,#1784,#1786,.T.);
#1784 = VERTEX_POINT('',#1785);
#1785 = CARTESIAN_POINT('',(1.4,-25.75,2.));
#1786 = SURFACE_CURVE('',#1787,(#1791,#1797),.PCURVE_S1.);
#1787 = LINE('',#1788,#1789);
#1788 = CARTESIAN_POINT('',(0.7,-25.75,2.));
#1789 = VECTOR('',#1790,1.);
#1790 = DIRECTION('',(-1.,0.,0.));
#1791 = PCURVE('',#126,#1792);
#1792 = DEFINITIONAL_REPRESENTATION('',(#1793),#1796);
#1793 = B_SPLINE_CURVE_WITH_KNOTS('',1,(#1794,#1795),.UNSPECIFIED.,.F.,
  .F.,(2,2),(-1.9,-0.7),.PIECEWISE_BEZIER_KNOTS.);
#1794 = CARTESIAN_POINT('',(2.6,-5.5));
#1795 = CARTESIAN_POINT('',(1.4,-5.5));
#1796 = ( GEOMETRIC_REPRESENTATION_CONTEXT(2) 
PARAMETRIC_REPRESENTATION_CONTEXT() REPRESENTATION_CONTEXT('2D SPACE',''
  ) );
#1797 = PCURVE('',#1798,#1803);
#1798 = PLANE('',#1799);
#1799 = AXIS2_PLACEMENT_3D('',#1800,#1801,#1802);
#1800 = CARTESIAN_POINT('',(1.4,-25.75,1.9));
#1801 = DIRECTION('',(0.,1.,0.));
#1802 = DIRECTION('',(1.,0.,0.));
#1803 = DEFINITIONAL_REPRESENTATION('',(#1804),#1807);
#1804 = B_SPLINE_CURVE_WITH_KNOTS('',1,(#1805,#1806),.UNSPECIFIED.,.F.,
  .F.,(2,2),(-1.9,-0.7),.PIECEWISE_BEZIER_KNOTS.);
#1805 = CARTESIAN_POINT('',(1.2,-0.1));
#1806 = CARTESIAN_POINT('',(0.,-0.1));
#1807 = ( GEOMETRIC_REPRESENTATION_CONTEXT(2) 
PARAMETRIC_REPRESENTATION_CONTEXT() REPRESENTATION_CONTEXT('2D SPACE',''
  ) );
#1808 = ORIENTED_EDGE('',*,*,#1809,.T.);
#1809 = EDGE_CURVE('',#1784,#1810,#1812,.T.);
#1810 = VERTEX_POINT('',#1811);
#1811 = CARTESIAN_POINT('',(1.4,-24.55,2.));
#1812 = SURFACE_CURVE('',#1813,(#1817,#1823),.PCURVE_S1.);
#1813 = LINE('',#1814,#1815);
#1814 = CARTESIAN_POINT('',(1.4,-22.4,2.));
#1815 = VECTOR('',#1816,1.);
#1816 = DIRECTION('',(-0.,1.,0.));
#1817 = PCURVE('',#126,#1818);
#1818 = DEFINITIONAL_REPRESENTATION('',(#1819),#1822);
#1819 = B_SPLINE_CURVE_WITH_KNOTS('',1,(#1820,#1821),.UNSPECIFIED.,.F.,
  .F.,(2,2),(-3.35,-2.15),.PIECEWISE_BEZIER_KNOTS.);
#1820 = CARTESIAN_POINT('',(1.4,-5.5));
#1821 = CARTESIAN_POINT('',(1.4,-4.3));
#1822 = ( GEOMETRIC_REPRESENTATION_CONTEXT(2) 
PARAMETRIC_REPRESENTATION_CONTEXT() REPRESENTATION_CONTEXT('2D SPACE',''
  ) );
#1823 = PCURVE('',#1824,#1829);
#1824 = PLANE('',#1825);
#1825 = AXIS2_PLACEMENT_3D('',#1826,#1827,#1828);
#1826 = CARTESIAN_POINT('',(1.4,-24.55,1.9));
#1827 = DIRECTION('',(1.,0.,-0.));
#1828 = DIRECTION('',(0.,-1.,0.));
#1829 = DEFINITIONAL_REPRESENTATION('',(#1830),#1833);
#1830 = B_SPLINE_CURVE_WITH_KNOTS('',1,(#1831,#1832),.UNSPECIFIED.,.F.,
  .F.,(2,2),(-3.35,-2.15),.PIECEWISE_BEZIER_KNOTS.);
#1831 = CARTESIAN_POINT('',(1.2,-0.1));
#1832 = CARTESIAN_POINT('',(0.,-0.1));
#1833 = ( GEOMETRIC_REPRESENTATION_CONTEXT(2) 
PARAMETRIC_REPRESENTATION_CONTEXT() REPRESENTATION_CONTEXT('2D SPACE',''
  ) );
#1834 = ORIENTED_EDGE('',*,*,#1835,.T.);
#1835 = EDGE_CURVE('',#1810,#1756,#1836,.T.);
#1836 = SURFACE_CURVE('',#1837,(#1841,#1847),.PCURVE_S1.);
#1837 = LINE('',#1838,#1839);
#1838 = CARTESIAN_POINT('',(1.3,-24.55,2.));
#1839 = VECTOR('',#1840,1.);
#1840 = DIRECTION('',(1.,0.,-0.));
#1841 = PCURVE('',#126,#1842);
#1842 = DEFINITIONAL_REPRESENTATION('',(#1843),#1846);
#1843 = B_SPLINE_CURVE_WITH_KNOTS('',1,(#1844,#1845),.UNSPECIFIED.,.F.,
  .F.,(2,2),(0.1,1.3),.PIECEWISE_BEZIER_KNOTS.);
#1844 = CARTESIAN_POINT('',(1.4,-4.3));
#1845 = CARTESIAN_POINT('',(2.6,-4.3));
#1846 = ( GEOMETRIC_REPRESENTATION_CONTEXT(2) 
PARAMETRIC_REPRESENTATION_CONTEXT() REPRESENTATION_CONTEXT('2D SPACE',''
  ) );
#1847 = PCURVE('',#1848,#1853);
#1848 = PLANE('',#1849);
#1849 = AXIS2_PLACEMENT_3D('',#1850,#1851,#1852);
#1850 = CARTESIAN_POINT('',(2.6,-24.55,1.9));
#1851 = DIRECTION('',(0.,-1.,0.));
#1852 = DIRECTION('',(-1.,0.,0.));
#1853 = DEFINITIONAL_REPRESENTATION('',(#1854),#1857);
#1854 = B_SPLINE_CURVE_WITH_KNOTS('',1,(#1855,#1856),.UNSPECIFIED.,.F.,
  .F.,(2,2),(0.1,1.3),.PIECEWISE_BEZIER_KNOTS.);
#1855 = CARTESIAN_POINT('',(1.2,-0.1));
#1856 = CARTESIAN_POINT('',(0.,-0.1));
#1857 = ( GEOMETRIC_REPRESENTATION_CONTEXT(2) 
PARAMETRIC_REPRESENTATION_CONTEXT() REPRESENTATION_CONTEXT('2D SPACE',''
  ) );
#1858 = FACE_BOUND('',#1859,.T.);
#1859 = EDGE_LOOP('',(#1860,#1888,#1921,#1947,#1973,#1999,#2032,#2058,
    #2091,#2117,#2150,#2176));
#1860 = ORIENTED_EDGE('',*,*,#1861,.F.);
#1861 = EDGE_CURVE('',#1862,#1864,#1866,.T.);
#1862 = VERTEX_POINT('',#1863);
#1863 = CARTESIAN_POINT('',(6.1,-20.35,2.));
#1864 = VERTEX_POINT('',#1865);
#1865 = CARTESIAN_POINT('',(3.7,-20.35,2.));
#1866 = SURFACE_CURVE('',#1867,(#1871,#1877),.PCURVE_S1.);
#1867 = LINE('',#1868,#1869);
#1868 = CARTESIAN_POINT('',(1.85,-20.35,2.));
#1869 = VECTOR('',#1870,1.);
#1870 = DIRECTION('',(-1.,0.,0.));
#1871 = PCURVE('',#126,#1872);
#1872 = DEFINITIONAL_REPRESENTATION('',(#1873),#1876);
#1873 = B_SPLINE_CURVE_WITH_KNOTS('',1,(#1874,#1875),.UNSPECIFIED.,.F.,
  .F.,(2,2),(-4.25,-1.85),.PIECEWISE_BEZIER_KNOTS.);
#1874 = CARTESIAN_POINT('',(6.1,-0.1));
#1875 = CARTESIAN_POINT('',(3.7,-0.1));
#1876 = ( GEOMETRIC_REPRESENTATION_CONTEXT(2) 
PARAMETRIC_REPRESENTATION_CONTEXT() REPRESENTATION_CONTEXT('2D SPACE',''
  ) );
#1877 = PCURVE('',#1878,#1883);
#1878 = PLANE('',#1879);
#1879 = AXIS2_PLACEMENT_3D('',#1880,#1881,#1882);
#1880 = CARTESIAN_POINT('',(3.7,-20.35,1.9));
#1881 = DIRECTION('',(0.,1.,0.));
#1882 = DIRECTION('',(1.,0.,0.));
#1883 = DEFINITIONAL_REPRESENTATION('',(#1884),#1887);
#1884 = B_SPLINE_CURVE_WITH_KNOTS('',1,(#1885,#1886),.UNSPECIFIED.,.F.,
  .F.,(2,2),(-4.25,-1.85),.PIECEWISE_BEZIER_KNOTS.);
#1885 = CARTESIAN_POINT('',(2.4,-0.1));
#1886 = CARTESIAN_POINT('',(0.,-0.1));
#1887 = ( GEOMETRIC_REPRESENTATION_CONTEXT(2) 
PARAMETRIC_REPRESENTATION_CONTEXT() REPRESENTATION_CONTEXT('2D SPACE',''
  ) );
#1888 = ORIENTED_EDGE('',*,*,#1889,.T.);
#1889 = EDGE_CURVE('',#1862,#1890,#1892,.T.);
#1890 = VERTEX_POINT('',#1891);
#1891 = CARTESIAN_POINT('',(6.1,-21.35,2.));
#1892 = SURFACE_CURVE('',#1893,(#1898,#1909),.PCURVE_S1.);
#1893 = CIRCLE('',#1894,0.5);
#1894 = AXIS2_PLACEMENT_3D('',#1895,#1896,#1897);
#1895 = CARTESIAN_POINT('',(6.1,-20.85,2.));
#1896 = DIRECTION('',(0.,0.,-1.));
#1897 = DIRECTION('',(0.,1.,0.));
#1898 = PCURVE('',#126,#1899);
#1899 = DEFINITIONAL_REPRESENTATION('',(#1900),#1908);
#1900 = ( BOUNDED_CURVE() B_SPLINE_CURVE(2,(#1901,#1902,#1903,#1904,
#1905,#1906,#1907),.UNSPECIFIED.,.T.,.F.) B_SPLINE_CURVE_WITH_KNOTS((1,2
    ,2,2,2,1),(-2.094395102393,0.,2.094395102393,4.188790204786,
6.28318530718,8.377580409573),.UNSPECIFIED.) CURVE() 
GEOMETRIC_REPRESENTATION_ITEM() RATIONAL_B_SPLINE_CURVE((1.,0.5,1.,0.5,
1.,0.5,1.)) REPRESENTATION_ITEM('') );
#1901 = CARTESIAN_POINT('',(6.1,-0.1));
#1902 = CARTESIAN_POINT('',(6.966025403784,-0.1));
#1903 = CARTESIAN_POINT('',(6.533012701892,-0.85));
#1904 = CARTESIAN_POINT('',(6.1,-1.6));
#1905 = CARTESIAN_POINT('',(5.666987298108,-0.85));
#1906 = CARTESIAN_POINT('',(5.233974596216,-0.1));
#1907 = CARTESIAN_POINT('',(6.1,-0.1));
#1908 = ( GEOMETRIC_REPRESENTATION_CONTEXT(2) 
PARAMETRIC_REPRESENTATION_CONTEXT() REPRESENTATION_CONTEXT('2D SPACE',''
  ) );
#1909 = PCURVE('',#1910,#1915);
#1910 = CYLINDRICAL_SURFACE('',#1911,0.5);
#1911 = AXIS2_PLACEMENT_3D('',#1912,#1913,#1914);
#1912 = CARTESIAN_POINT('',(6.1,-20.85,1.9));
#1913 = DIRECTION('',(0.,0.,-1.));
#1914 = DIRECTION('',(0.,1.,0.));
#1915 = DEFINITIONAL_REPRESENTATION('',(#1916),#1920);
#1916 = LINE('',#1917,#1918);
#1917 = CARTESIAN_POINT('',(0.,-0.1));
#1918 = VECTOR('',#1919,1.);
#1919 = DIRECTION('',(1.,0.));
#1920 = ( GEOMETRIC_REPRESENTATION_CONTEXT(2) 
PARAMETRIC_REPRESENTATION_CONTEXT() REPRESENTATION_CONTEXT('2D SPACE',''
  ) );
#1921 = ORIENTED_EDGE('',*,*,#1922,.F.);
#1922 = EDGE_CURVE('',#1923,#1890,#1925,.T.);
#1923 = VERTEX_POINT('',#1924);
#1924 = CARTESIAN_POINT('',(4.2,-21.35,2.));
#1925 = SURFACE_CURVE('',#1926,(#1930,#1936),.PCURVE_S1.);
#1926 = LINE('',#1927,#1928);
#1927 = CARTESIAN_POINT('',(3.05,-21.35,2.));
#1928 = VECTOR('',#1929,1.);
#1929 = DIRECTION('',(1.,0.,-0.));
#1930 = PCURVE('',#126,#1931);
#1931 = DEFINITIONAL_REPRESENTATION('',(#1932),#1935);
#1932 = B_SPLINE_CURVE_WITH_KNOTS('',1,(#1933,#1934),.UNSPECIFIED.,.F.,
  .F.,(2,2),(1.15,3.05),.PIECEWISE_BEZIER_KNOTS.);
#1933 = CARTESIAN_POINT('',(4.2,-1.1));
#1934 = CARTESIAN_POINT('',(6.1,-1.1));
#1935 = ( GEOMETRIC_REPRESENTATION_CONTEXT(2) 
PARAMETRIC_REPRESENTATION_CONTEXT() REPRESENTATION_CONTEXT('2D SPACE',''
  ) );
#1936 = PCURVE('',#1937,#1942);
#1937 = PLANE('',#1938);
#1938 = AXIS2_PLACEMENT_3D('',#1939,#1940,#1941);
#1939 = CARTESIAN_POINT('',(6.1,-21.35,1.9));
#1940 = DIRECTION('',(0.,-1.,0.));
#1941 = DIRECTION('',(-1.,0.,0.));
#1942 = DEFINITIONAL_REPRESENTATION('',(#1943),#1946);
#1943 = B_SPLINE_CURVE_WITH_KNOTS('',1,(#1944,#1945),.UNSPECIFIED.,.F.,
  .F.,(2,2),(1.15,3.05),.PIECEWISE_BEZIER_KNOTS.);
#1944 = CARTESIAN_POINT('',(1.9,-0.1));
#1945 = CARTESIAN_POINT('',(0.,-0.1));
#1946 = ( GEOMETRIC_REPRESENTATION_CONTEXT(2) 
PARAMETRIC_REPRESENTATION_CONTEXT() REPRESENTATION_CONTEXT('2D SPACE',''
  ) );
#1947 = ORIENTED_EDGE('',*,*,#1948,.F.);
#1948 = EDGE_CURVE('',#1949,#1923,#1951,.T.);
#1949 = VERTEX_POINT('',#1950);
#1950 = CARTESIAN_POINT('',(4.2,-22.55,2.));
#1951 = SURFACE_CURVE('',#1952,(#1956,#1962),.PCURVE_S1.);
#1952 = LINE('',#1953,#1954);
#1953 = CARTESIAN_POINT('',(4.2,-20.55,2.));
#1954 = VECTOR('',#1955,1.);
#1955 = DIRECTION('',(1.110223024625E-16,1.,-0.));
#1956 = PCURVE('',#126,#1957);
#1957 = DEFINITIONAL_REPRESENTATION('',(#1958),#1961);
#1958 = B_SPLINE_CURVE_WITH_KNOTS('',1,(#1959,#1960),.UNSPECIFIED.,.F.,
  .F.,(2,2),(-2.,-0.8),.PIECEWISE_BEZIER_KNOTS.);
#1959 = CARTESIAN_POINT('',(4.2,-2.3));
#1960 = CARTESIAN_POINT('',(4.2,-1.1));
#1961 = ( GEOMETRIC_REPRESENTATION_CONTEXT(2) 
PARAMETRIC_REPRESENTATION_CONTEXT() REPRESENTATION_CONTEXT('2D SPACE',''
  ) );
#1962 = PCURVE('',#1963,#1968);
#1963 = PLANE('',#1964);
#1964 = AXIS2_PLACEMENT_3D('',#1965,#1966,#1967);
#1965 = CARTESIAN_POINT('',(4.2,-20.85,1.9));
#1966 = DIRECTION('',(1.,-1.110223024625E-16,0.));
#1967 = DIRECTION('',(-1.110223024625E-16,-1.,0.));
#1968 = DEFINITIONAL_REPRESENTATION('',(#1969),#1972);
#1969 = B_SPLINE_CURVE_WITH_KNOTS('',1,(#1970,#1971),.UNSPECIFIED.,.F.,
  .F.,(2,2),(-2.,-0.8),.PIECEWISE_BEZIER_KNOTS.);
#1970 = CARTESIAN_POINT('',(1.7,-0.1));
#1971 = CARTESIAN_POINT('',(0.5,-0.1));
#1972 = ( GEOMETRIC_REPRESENTATION_CONTEXT(2) 
PARAMETRIC_REPRESENTATION_CONTEXT() REPRESENTATION_CONTEXT('2D SPACE',''
  ) );
#1973 = ORIENTED_EDGE('',*,*,#1974,.F.);
#1974 = EDGE_CURVE('',#1975,#1949,#1977,.T.);
#1975 = VERTEX_POINT('',#1976);
#1976 = CARTESIAN_POINT('',(6.1,-22.55,2.));
#1977 = SURFACE_CURVE('',#1978,(#1982,#1988),.PCURVE_S1.);
#1978 = LINE('',#1979,#1980);
#1979 = CARTESIAN_POINT('',(1.85,-22.55,2.));
#1980 = VECTOR('',#1981,1.);
#1981 = DIRECTION('',(-1.,0.,0.));
#1982 = PCURVE('',#126,#1983);
#1983 = DEFINITIONAL_REPRESENTATION('',(#1984),#1987);
#1984 = B_SPLINE_CURVE_WITH_KNOTS('',1,(#1985,#1986),.UNSPECIFIED.,.F.,
  .F.,(2,2),(-4.25,-2.35),.PIECEWISE_BEZIER_KNOTS.);
#1985 = CARTESIAN_POINT('',(6.1,-2.3));
#1986 = CARTESIAN_POINT('',(4.2,-2.3));
#1987 = ( GEOMETRIC_REPRESENTATION_CONTEXT(2) 
PARAMETRIC_REPRESENTATION_CONTEXT() REPRESENTATION_CONTEXT('2D SPACE',''
  ) );
#1988 = PCURVE('',#1989,#1994);
#1989 = PLANE('',#1990);
#1990 = AXIS2_PLACEMENT_3D('',#1991,#1992,#1993);
#1991 = CARTESIAN_POINT('',(3.7,-22.55,1.9));
#1992 = DIRECTION('',(0.,1.,0.));
#1993 = DIRECTION('',(1.,0.,0.));
#1994 = DEFINITIONAL_REPRESENTATION('',(#1995),#1998);
#1995 = B_SPLINE_CURVE_WITH_KNOTS('',1,(#1996,#1997),.UNSPECIFIED.,.F.,
  .F.,(2,2),(-4.25,-2.35),.PIECEWISE_BEZIER_KNOTS.);
#1996 = CARTESIAN_POINT('',(2.4,-0.1));
#1997 = CARTESIAN_POINT('',(0.5,-0.1));
#1998 = ( GEOMETRIC_REPRESENTATION_CONTEXT(2) 
PARAMETRIC_REPRESENTATION_CONTEXT() REPRESENTATION_CONTEXT('2D SPACE',''
  ) );
#1999 = ORIENTED_EDGE('',*,*,#2000,.T.);
#2000 = EDGE_CURVE('',#1975,#2001,#2003,.T.);
#2001 = VERTEX_POINT('',#2002);
#2002 = CARTESIAN_POINT('',(6.6,-23.05,2.));
#2003 = SURFACE_CURVE('',#2004,(#2009,#2020),.PCURVE_S1.);
#2004 = CIRCLE('',#2005,0.5);
#2005 = AXIS2_PLACEMENT_3D('',#2006,#2007,#2008);
#2006 = CARTESIAN_POINT('',(6.1,-23.05,2.));
#2007 = DIRECTION('',(0.,0.,-1.));
#2008 = DIRECTION('',(0.,1.,0.));
#2009 = PCURVE('',#126,#2010);
#2010 = DEFINITIONAL_REPRESENTATION('',(#2011),#2019);
#2011 = ( BOUNDED_CURVE() B_SPLINE_CURVE(2,(#2012,#2013,#2014,#2015,
#2016,#2017,#2018),.UNSPECIFIED.,.T.,.F.) B_SPLINE_CURVE_WITH_KNOTS((1,2
    ,2,2,2,1),(-2.094395102393,0.,2.094395102393,4.188790204786,
6.28318530718,8.377580409573),.UNSPECIFIED.) CURVE() 
GEOMETRIC_REPRESENTATION_ITEM() RATIONAL_B_SPLINE_CURVE((1.,0.5,1.,0.5,
1.,0.5,1.)) REPRESENTATION_ITEM('') );
#2012 = CARTESIAN_POINT('',(6.1,-2.3));
#2013 = CARTESIAN_POINT('',(6.966025403784,-2.3));
#2014 = CARTESIAN_POINT('',(6.533012701892,-3.05));
#2015 = CARTESIAN_POINT('',(6.1,-3.8));
#2016 = CARTESIAN_POINT('',(5.666987298108,-3.05));
#2017 = CARTESIAN_POINT('',(5.233974596216,-2.3));
#2018 = CARTESIAN_POINT('',(6.1,-2.3));
#2019 = ( GEOMETRIC_REPRESENTATION_CONTEXT(2) 
PARAMETRIC_REPRESENTATION_CONTEXT() REPRESENTATION_CONTEXT('2D SPACE',''
  ) );
#2020 = PCURVE('',#2021,#2026);
#2021 = CYLINDRICAL_SURFACE('',#2022,0.5);
#2022 = AXIS2_PLACEMENT_3D('',#2023,#2024,#2025);
#2023 = CARTESIAN_POINT('',(6.1,-23.05,1.9));
#2024 = DIRECTION('',(0.,0.,-1.));
#2025 = DIRECTION('',(0.,1.,0.));
#2026 = DEFINITIONAL_REPRESENTATION('',(#2027),#2031);
#2027 = LINE('',#2028,#2029);
#2028 = CARTESIAN_POINT('',(0.,-0.1));
#2029 = VECTOR('',#2030,1.);
#2030 = DIRECTION('',(1.,0.));
#2031 = ( GEOMETRIC_REPRESENTATION_CONTEXT(2) 
PARAMETRIC_REPRESENTATION_CONTEXT() REPRESENTATION_CONTEXT('2D SPACE',''
  ) );
#2032 = ORIENTED_EDGE('',*,*,#2033,.F.);
#2033 = EDGE_CURVE('',#2034,#2001,#2036,.T.);
#2034 = VERTEX_POINT('',#2035);
#2035 = CARTESIAN_POINT('',(6.6,-25.25,2.));
#2036 = SURFACE_CURVE('',#2037,(#2041,#2047),.PCURVE_S1.);
#2037 = LINE('',#2038,#2039);
#2038 = CARTESIAN_POINT('',(6.6,-21.65,2.));
#2039 = VECTOR('',#2040,1.);
#2040 = DIRECTION('',(-1.110223024625E-16,1.,0.));
#2041 = PCURVE('',#126,#2042);
#2042 = DEFINITIONAL_REPRESENTATION('',(#2043),#2046);
#2043 = B_SPLINE_CURVE_WITH_KNOTS('',1,(#2044,#2045),.UNSPECIFIED.,.F.,
  .F.,(2,2),(-3.6,-1.4),.PIECEWISE_BEZIER_KNOTS.);
#2044 = CARTESIAN_POINT('',(6.6,-5.));
#2045 = CARTESIAN_POINT('',(6.6,-2.8));
#2046 = ( GEOMETRIC_REPRESENTATION_CONTEXT(2) 
PARAMETRIC_REPRESENTATION_CONTEXT() REPRESENTATION_CONTEXT('2D SPACE',''
  ) );
#2047 = PCURVE('',#2048,#2053);
#2048 = PLANE('',#2049);
#2049 = AXIS2_PLACEMENT_3D('',#2050,#2051,#2052);
#2050 = CARTESIAN_POINT('',(6.6,-23.05,1.9));
#2051 = DIRECTION('',(1.,1.110223024625E-16,-0.));
#2052 = DIRECTION('',(1.110223024625E-16,-1.,0.));
#2053 = DEFINITIONAL_REPRESENTATION('',(#2054),#2057);
#2054 = B_SPLINE_CURVE_WITH_KNOTS('',1,(#2055,#2056),.UNSPECIFIED.,.F.,
  .F.,(2,2),(-3.6,-1.4),.PIECEWISE_BEZIER_KNOTS.);
#2055 = CARTESIAN_POINT('',(2.2,-0.1));
#2056 = CARTESIAN_POINT('',(0.,-0.1));
#2057 = ( GEOMETRIC_REPRESENTATION_CONTEXT(2) 
PARAMETRIC_REPRESENTATION_CONTEXT() REPRESENTATION_CONTEXT('2D SPACE',''
  ) );
#2058 = ORIENTED_EDGE('',*,*,#2059,.T.);
#2059 = EDGE_CURVE('',#2034,#2060,#2062,.T.);
#2060 = VERTEX_POINT('',#2061);
#2061 = CARTESIAN_POINT('',(6.1,-25.75,2.));
#2062 = SURFACE_CURVE('',#2063,(#2068,#2079),.PCURVE_S1.);
#2063 = CIRCLE('',#2064,0.5);
#2064 = AXIS2_PLACEMENT_3D('',#2065,#2066,#2067);
#2065 = CARTESIAN_POINT('',(6.1,-25.25,2.));
#2066 = DIRECTION('',(0.,0.,-1.));
#2067 = DIRECTION('',(1.,1.110223024625E-16,0.));
#2068 = PCURVE('',#126,#2069);
#2069 = DEFINITIONAL_REPRESENTATION('',(#2070),#2078);
#2070 = ( BOUNDED_CURVE() B_SPLINE_CURVE(2,(#2071,#2072,#2073,#2074,
#2075,#2076,#2077),.UNSPECIFIED.,.T.,.F.) B_SPLINE_CURVE_WITH_KNOTS((1,2
    ,2,2,2,1),(-2.094395102393,0.,2.094395102393,4.188790204786,
6.28318530718,8.377580409573),.UNSPECIFIED.) CURVE() 
GEOMETRIC_REPRESENTATION_ITEM() RATIONAL_B_SPLINE_CURVE((1.,0.5,1.,0.5,
1.,0.5,1.)) REPRESENTATION_ITEM('') );
#2071 = CARTESIAN_POINT('',(6.6,-5.));
#2072 = CARTESIAN_POINT('',(6.6,-5.866025403784));
#2073 = CARTESIAN_POINT('',(5.85,-5.433012701892));
#2074 = CARTESIAN_POINT('',(5.1,-5.));
#2075 = CARTESIAN_POINT('',(5.85,-4.566987298108));
#2076 = CARTESIAN_POINT('',(6.6,-4.133974596216));
#2077 = CARTESIAN_POINT('',(6.6,-5.));
#2078 = ( GEOMETRIC_REPRESENTATION_CONTEXT(2) 
PARAMETRIC_REPRESENTATION_CONTEXT() REPRESENTATION_CONTEXT('2D SPACE',''
  ) );
#2079 = PCURVE('',#2080,#2085);
#2080 = CYLINDRICAL_SURFACE('',#2081,0.5);
#2081 = AXIS2_PLACEMENT_3D('',#2082,#2083,#2084);
#2082 = CARTESIAN_POINT('',(6.1,-25.25,1.9));
#2083 = DIRECTION('',(0.,0.,-1.));
#2084 = DIRECTION('',(1.,1.110223024625E-16,0.));
#2085 = DEFINITIONAL_REPRESENTATION('',(#2086),#2090);
#2086 = LINE('',#2087,#2088);
#2087 = CARTESIAN_POINT('',(0.,-0.1));
#2088 = VECTOR('',#2089,1.);
#2089 = DIRECTION('',(1.,0.));
#2090 = ( GEOMETRIC_REPRESENTATION_CONTEXT(2) 
PARAMETRIC_REPRESENTATION_CONTEXT() REPRESENTATION_CONTEXT('2D SPACE',''
  ) );
#2091 = ORIENTED_EDGE('',*,*,#2092,.F.);
#2092 = EDGE_CURVE('',#2093,#2060,#2095,.T.);
#2093 = VERTEX_POINT('',#2094);
#2094 = CARTESIAN_POINT('',(3.7,-25.75,2.));
#2095 = SURFACE_CURVE('',#2096,(#2100,#2106),.PCURVE_S1.);
#2096 = LINE('',#2097,#2098);
#2097 = CARTESIAN_POINT('',(3.05,-25.75,2.));
#2098 = VECTOR('',#2099,1.);
#2099 = DIRECTION('',(1.,0.,-0.));
#2100 = PCURVE('',#126,#2101);
#2101 = DEFINITIONAL_REPRESENTATION('',(#2102),#2105);
#2102 = B_SPLINE_CURVE_WITH_KNOTS('',1,(#2103,#2104),.UNSPECIFIED.,.F.,
  .F.,(2,2),(0.65,3.05),.PIECEWISE_BEZIER_KNOTS.);
#2103 = CARTESIAN_POINT('',(3.7,-5.5));
#2104 = CARTESIAN_POINT('',(6.1,-5.5));
#2105 = ( GEOMETRIC_REPRESENTATION_CONTEXT(2) 
PARAMETRIC_REPRESENTATION_CONTEXT() REPRESENTATION_CONTEXT('2D SPACE',''
  ) );
#2106 = PCURVE('',#2107,#2112);
#2107 = PLANE('',#2108);
#2108 = AXIS2_PLACEMENT_3D('',#2109,#2110,#2111);
#2109 = CARTESIAN_POINT('',(6.1,-25.75,1.9));
#2110 = DIRECTION('',(0.,-1.,0.));
#2111 = DIRECTION('',(-1.,0.,0.));
#2112 = DEFINITIONAL_REPRESENTATION('',(#2113),#2116);
#2113 = B_SPLINE_CURVE_WITH_KNOTS('',1,(#2114,#2115),.UNSPECIFIED.,.F.,
  .F.,(2,2),(0.65,3.05),.PIECEWISE_BEZIER_KNOTS.);
#2114 = CARTESIAN_POINT('',(2.4,-0.1));
#2115 = CARTESIAN_POINT('',(0.,-0.1));
#2116 = ( GEOMETRIC_REPRESENTATION_CONTEXT(2) 
PARAMETRIC_REPRESENTATION_CONTEXT() REPRESENTATION_CONTEXT('2D SPACE',''
  ) );
#2117 = ORIENTED_EDGE('',*,*,#2118,.T.);
#2118 = EDGE_CURVE('',#2093,#2119,#2121,.T.);
#2119 = VERTEX_POINT('',#2120);
#2120 = CARTESIAN_POINT('',(3.2,-25.25,2.));
#2121 = SURFACE_CURVE('',#2122,(#2127,#2138),.PCURVE_S1.);
#2122 = CIRCLE('',#2123,0.5);
#2123 = AXIS2_PLACEMENT_3D('',#2124,#2125,#2126);
#2124 = CARTESIAN_POINT('',(3.7,-25.25,2.));
#2125 = DIRECTION('',(0.,-0.,-1.));
#2126 = DIRECTION('',(1.,-1.110223024625E-16,0.));
#2127 = PCURVE('',#126,#2128);
#2128 = DEFINITIONAL_REPRESENTATION('',(#2129),#2137);
#2129 = ( BOUNDED_CURVE() B_SPLINE_CURVE(2,(#2130,#2131,#2132,#2133,
#2134,#2135,#2136),.UNSPECIFIED.,.T.,.F.) B_SPLINE_CURVE_WITH_KNOTS((1,2
    ,2,2,2,1),(-2.094395102393,0.,2.094395102393,4.188790204786,
6.28318530718,8.377580409573),.UNSPECIFIED.) CURVE() 
GEOMETRIC_REPRESENTATION_ITEM() RATIONAL_B_SPLINE_CURVE((1.,0.5,1.,0.5,
1.,0.5,1.)) REPRESENTATION_ITEM('') );
#2130 = CARTESIAN_POINT('',(4.2,-5.));
#2131 = CARTESIAN_POINT('',(4.2,-5.866025403784));
#2132 = CARTESIAN_POINT('',(3.45,-5.433012701892));
#2133 = CARTESIAN_POINT('',(2.7,-5.));
#2134 = CARTESIAN_POINT('',(3.45,-4.566987298108));
#2135 = CARTESIAN_POINT('',(4.2,-4.133974596216));
#2136 = CARTESIAN_POINT('',(4.2,-5.));
#2137 = ( GEOMETRIC_REPRESENTATION_CONTEXT(2) 
PARAMETRIC_REPRESENTATION_CONTEXT() REPRESENTATION_CONTEXT('2D SPACE',''
  ) );
#2138 = PCURVE('',#2139,#2144);
#2139 = CYLINDRICAL_SURFACE('',#2140,0.5);
#2140 = AXIS2_PLACEMENT_3D('',#2141,#2142,#2143);
#2141 = CARTESIAN_POINT('',(3.7,-25.25,1.9));
#2142 = DIRECTION('',(0.,-0.,-1.));
#2143 = DIRECTION('',(1.,-1.110223024625E-16,0.));
#2144 = DEFINITIONAL_REPRESENTATION('',(#2145),#2149);
#2145 = LINE('',#2146,#2147);
#2146 = CARTESIAN_POINT('',(0.,-0.1));
#2147 = VECTOR('',#2148,1.);
#2148 = DIRECTION('',(1.,0.));
#2149 = ( GEOMETRIC_REPRESENTATION_CONTEXT(2) 
PARAMETRIC_REPRESENTATION_CONTEXT() REPRESENTATION_CONTEXT('2D SPACE',''
  ) );
#2150 = ORIENTED_EDGE('',*,*,#2151,.F.);
#2151 = EDGE_CURVE('',#2152,#2119,#2154,.T.);
#2152 = VERTEX_POINT('',#2153);
#2153 = CARTESIAN_POINT('',(3.2,-20.85,2.));
#2154 = SURFACE_CURVE('',#2155,(#2159,#2165),.PCURVE_S1.);
#2155 = LINE('',#2156,#2157);
#2156 = CARTESIAN_POINT('',(3.2,-21.65,2.));
#2157 = VECTOR('',#2158,1.);
#2158 = DIRECTION('',(-1.110223024625E-16,-1.,0.));
#2159 = PCURVE('',#126,#2160);
#2160 = DEFINITIONAL_REPRESENTATION('',(#2161),#2164);
#2161 = B_SPLINE_CURVE_WITH_KNOTS('',1,(#2162,#2163),.UNSPECIFIED.,.F.,
  .F.,(2,2),(-0.8,3.6),.PIECEWISE_BEZIER_KNOTS.);
#2162 = CARTESIAN_POINT('',(3.2,-0.6));
#2163 = CARTESIAN_POINT('',(3.2,-5.));
#2164 = ( GEOMETRIC_REPRESENTATION_CONTEXT(2) 
PARAMETRIC_REPRESENTATION_CONTEXT() REPRESENTATION_CONTEXT('2D SPACE',''
  ) );
#2165 = PCURVE('',#2166,#2171);
#2166 = PLANE('',#2167);
#2167 = AXIS2_PLACEMENT_3D('',#2168,#2169,#2170);
#2168 = CARTESIAN_POINT('',(3.2,-23.05,1.9));
#2169 = DIRECTION('',(-1.,1.110223024625E-16,0.));
#2170 = DIRECTION('',(1.110223024625E-16,1.,0.));
#2171 = DEFINITIONAL_REPRESENTATION('',(#2172),#2175);
#2172 = B_SPLINE_CURVE_WITH_KNOTS('',1,(#2173,#2174),.UNSPECIFIED.,.F.,
  .F.,(2,2),(-0.8,3.6),.PIECEWISE_BEZIER_KNOTS.);
#2173 = CARTESIAN_POINT('',(2.2,-0.1));
#2174 = CARTESIAN_POINT('',(-2.2,-0.1));
#2175 = ( GEOMETRIC_REPRESENTATION_CONTEXT(2) 
PARAMETRIC_REPRESENTATION_CONTEXT() REPRESENTATION_CONTEXT('2D SPACE',''
  ) );
#2176 = ORIENTED_EDGE('',*,*,#2177,.T.);
#2177 = EDGE_CURVE('',#2152,#1864,#2178,.T.);
#2178 = SURFACE_CURVE('',#2179,(#2184,#2195),.PCURVE_S1.);
#2179 = CIRCLE('',#2180,0.5);
#2180 = AXIS2_PLACEMENT_3D('',#2181,#2182,#2183);
#2181 = CARTESIAN_POINT('',(3.7,-20.85,2.));
#2182 = DIRECTION('',(0.,-0.,-1.));
#2183 = DIRECTION('',(0.,-1.,0.));
#2184 = PCURVE('',#126,#2185);
#2185 = DEFINITIONAL_REPRESENTATION('',(#2186),#2194);
#2186 = ( BOUNDED_CURVE() B_SPLINE_CURVE(2,(#2187,#2188,#2189,#2190,
#2191,#2192,#2193),.UNSPECIFIED.,.T.,.F.) B_SPLINE_CURVE_WITH_KNOTS((1,2
    ,2,2,2,1),(-2.094395102393,0.,2.094395102393,4.188790204786,
6.28318530718,8.377580409573),.UNSPECIFIED.) CURVE() 
GEOMETRIC_REPRESENTATION_ITEM() RATIONAL_B_SPLINE_CURVE((1.,0.5,1.,0.5,
1.,0.5,1.)) REPRESENTATION_ITEM('') );
#2187 = CARTESIAN_POINT('',(3.7,-1.1));
#2188 = CARTESIAN_POINT('',(2.833974596216,-1.1));
#2189 = CARTESIAN_POINT('',(3.266987298108,-0.35));
#2190 = CARTESIAN_POINT('',(3.7,0.4));
#2191 = CARTESIAN_POINT('',(4.133012701892,-0.35));
#2192 = CARTESIAN_POINT('',(4.566025403784,-1.1));
#2193 = CARTESIAN_POINT('',(3.7,-1.1));
#2194 = ( GEOMETRIC_REPRESENTATION_CONTEXT(2) 
PARAMETRIC_REPRESENTATION_CONTEXT() REPRESENTATION_CONTEXT('2D SPACE',''
  ) );
#2195 = PCURVE('',#2196,#2201);
#2196 = CYLINDRICAL_SURFACE('',#2197,0.5);
#2197 = AXIS2_PLACEMENT_3D('',#2198,#2199,#2200);
#2198 = CARTESIAN_POINT('',(3.7,-20.85,1.9));
#2199 = DIRECTION('',(0.,-0.,-1.));
#2200 = DIRECTION('',(0.,-1.,0.));
#2201 = DEFINITIONAL_REPRESENTATION('',(#2202),#2206);
#2202 = LINE('',#2203,#2204);
#2203 = CARTESIAN_POINT('',(0.,-0.1));
#2204 = VECTOR('',#2205,1.);
#2205 = DIRECTION('',(1.,0.));
#2206 = ( GEOMETRIC_REPRESENTATION_CONTEXT(2) 
PARAMETRIC_REPRESENTATION_CONTEXT() REPRESENTATION_CONTEXT('2D SPACE',''
  ) );
#2207 = FACE_BOUND('',#2208,.T.);
#2208 = EDGE_LOOP('',(#2209,#2237,#2270,#2296));
#2209 = ORIENTED_EDGE('',*,*,#2210,.F.);
#2210 = EDGE_CURVE('',#2211,#2213,#2215,.T.);
#2211 = VERTEX_POINT('',#2212);
#2212 = CARTESIAN_POINT('',(-2.5,-16.15,2.));
#2213 = VERTEX_POINT('',#2214);
#2214 = CARTESIAN_POINT('',(-2.5,-18.95,2.));
#2215 = SURFACE_CURVE('',#2216,(#2220,#2226),.PCURVE_S1.);
#2216 = LINE('',#2217,#2218);
#2217 = CARTESIAN_POINT('',(-2.5,-19.6,2.));
#2218 = VECTOR('',#2219,1.);
#2219 = DIRECTION('',(-1.110223024625E-16,-1.,0.));
#2220 = PCURVE('',#126,#2221);
#2221 = DEFINITIONAL_REPRESENTATION('',(#2222),#2225);
#2222 = B_SPLINE_CURVE_WITH_KNOTS('',1,(#2223,#2224),.UNSPECIFIED.,.F.,
  .F.,(2,2),(-3.45,-0.65),.PIECEWISE_BEZIER_KNOTS.);
#2223 = CARTESIAN_POINT('',(-2.5,4.1));
#2224 = CARTESIAN_POINT('',(-2.5,1.3));
#2225 = ( GEOMETRIC_REPRESENTATION_CONTEXT(2) 
PARAMETRIC_REPRESENTATION_CONTEXT() REPRESENTATION_CONTEXT('2D SPACE',''
  ) );
#2226 = PCURVE('',#2227,#2232);
#2227 = PLANE('',#2228);
#2228 = AXIS2_PLACEMENT_3D('',#2229,#2230,#2231);
#2229 = CARTESIAN_POINT('',(-2.5,-18.95,1.9));
#2230 = DIRECTION('',(-1.,1.110223024625E-16,0.));
#2231 = DIRECTION('',(1.110223024625E-16,1.,0.));
#2232 = DEFINITIONAL_REPRESENTATION('',(#2233),#2236);
#2233 = B_SPLINE_CURVE_WITH_KNOTS('',1,(#2234,#2235),.UNSPECIFIED.,.F.,
  .F.,(2,2),(-3.45,-0.65),.PIECEWISE_BEZIER_KNOTS.);
#2234 = CARTESIAN_POINT('',(2.8,-0.1));
#2235 = CARTESIAN_POINT('',(0.,-0.1));
#2236 = ( GEOMETRIC_REPRESENTATION_CONTEXT(2) 
PARAMETRIC_REPRESENTATION_CONTEXT() REPRESENTATION_CONTEXT('2D SPACE',''
  ) );
#2237 = ORIENTED_EDGE('',*,*,#2238,.T.);
#2238 = EDGE_CURVE('',#2211,#2239,#2241,.T.);
#2239 = VERTEX_POINT('',#2240);
#2240 = CARTESIAN_POINT('',(-1.5,-16.15,2.));
#2241 = SURFACE_CURVE('',#2242,(#2247,#2258),.PCURVE_S1.);
#2242 = CIRCLE('',#2243,0.5);
#2243 = AXIS2_PLACEMENT_3D('',#2244,#2245,#2246);
#2244 = CARTESIAN_POINT('',(-2.,-16.15,2.));
#2245 = DIRECTION('',(0.,0.,-1.));
#2246 = DIRECTION('',(-1.,1.110223024625E-16,0.));
#2247 = PCURVE('',#126,#2248);
#2248 = DEFINITIONAL_REPRESENTATION('',(#2249),#2257);
#2249 = ( BOUNDED_CURVE() B_SPLINE_CURVE(2,(#2250,#2251,#2252,#2253,
#2254,#2255,#2256),.UNSPECIFIED.,.T.,.F.) B_SPLINE_CURVE_WITH_KNOTS((1,2
    ,2,2,2,1),(-2.094395102393,0.,2.094395102393,4.188790204786,
6.28318530718,8.377580409573),.UNSPECIFIED.) CURVE() 
GEOMETRIC_REPRESENTATION_ITEM() RATIONAL_B_SPLINE_CURVE((1.,0.5,1.,0.5,
1.,0.5,1.)) REPRESENTATION_ITEM('') );
#2250 = CARTESIAN_POINT('',(-2.5,4.1));
#2251 = CARTESIAN_POINT('',(-2.5,4.966025403784));
#2252 = CARTESIAN_POINT('',(-1.75,4.533012701892));
#2253 = CARTESIAN_POINT('',(-1.,4.1));
#2254 = CARTESIAN_POINT('',(-1.75,3.666987298108));
#2255 = CARTESIAN_POINT('',(-2.5,3.233974596216));
#2256 = CARTESIAN_POINT('',(-2.5,4.1));
#2257 = ( GEOMETRIC_REPRESENTATION_CONTEXT(2) 
PARAMETRIC_REPRESENTATION_CONTEXT() REPRESENTATION_CONTEXT('2D SPACE',''
  ) );
#2258 = PCURVE('',#2259,#2264);
#2259 = CYLINDRICAL_SURFACE('',#2260,0.5);
#2260 = AXIS2_PLACEMENT_3D('',#2261,#2262,#2263);
#2261 = CARTESIAN_POINT('',(-2.,-16.15,1.9));
#2262 = DIRECTION('',(0.,0.,-1.));
#2263 = DIRECTION('',(-1.,1.110223024625E-16,0.));
#2264 = DEFINITIONAL_REPRESENTATION('',(#2265),#2269);
#2265 = LINE('',#2266,#2267);
#2266 = CARTESIAN_POINT('',(0.,-0.1));
#2267 = VECTOR('',#2268,1.);
#2268 = DIRECTION('',(1.,0.));
#2269 = ( GEOMETRIC_REPRESENTATION_CONTEXT(2) 
PARAMETRIC_REPRESENTATION_CONTEXT() REPRESENTATION_CONTEXT('2D SPACE',''
  ) );
#2270 = ORIENTED_EDGE('',*,*,#2271,.F.);
#2271 = EDGE_CURVE('',#2272,#2239,#2274,.T.);
#2272 = VERTEX_POINT('',#2273);
#2273 = CARTESIAN_POINT('',(-1.5,-18.95,2.));
#2274 = SURFACE_CURVE('',#2275,(#2279,#2285),.PCURVE_S1.);
#2275 = LINE('',#2276,#2277);
#2276 = CARTESIAN_POINT('',(-1.5,-18.2,2.));
#2277 = VECTOR('',#2278,1.);
#2278 = DIRECTION('',(1.110223024625E-16,1.,-0.));
#2279 = PCURVE('',#126,#2280);
#2280 = DEFINITIONAL_REPRESENTATION('',(#2281),#2284);
#2281 = B_SPLINE_CURVE_WITH_KNOTS('',1,(#2282,#2283),.UNSPECIFIED.,.F.,
  .F.,(2,2),(-0.75,2.05),.PIECEWISE_BEZIER_KNOTS.);
#2282 = CARTESIAN_POINT('',(-1.5,1.3));
#2283 = CARTESIAN_POINT('',(-1.5,4.1));
#2284 = ( GEOMETRIC_REPRESENTATION_CONTEXT(2) 
PARAMETRIC_REPRESENTATION_CONTEXT() REPRESENTATION_CONTEXT('2D SPACE',''
  ) );
#2285 = PCURVE('',#2286,#2291);
#2286 = PLANE('',#2287);
#2287 = AXIS2_PLACEMENT_3D('',#2288,#2289,#2290);
#2288 = CARTESIAN_POINT('',(-1.5,-16.15,1.9));
#2289 = DIRECTION('',(1.,-1.110223024625E-16,0.));
#2290 = DIRECTION('',(-1.110223024625E-16,-1.,0.));
#2291 = DEFINITIONAL_REPRESENTATION('',(#2292),#2295);
#2292 = B_SPLINE_CURVE_WITH_KNOTS('',1,(#2293,#2294),.UNSPECIFIED.,.F.,
  .F.,(2,2),(-0.75,2.05),.PIECEWISE_BEZIER_KNOTS.);
#2293 = CARTESIAN_POINT('',(2.8,-0.1));
#2294 = CARTESIAN_POINT('',(0.,-0.1));
#2295 = ( GEOMETRIC_REPRESENTATION_CONTEXT(2) 
PARAMETRIC_REPRESENTATION_CONTEXT() REPRESENTATION_CONTEXT('2D SPACE',''
  ) );
#2296 = ORIENTED_EDGE('',*,*,#2297,.T.);
#2297 = EDGE_CURVE('',#2272,#2213,#2298,.T.);
#2298 = SURFACE_CURVE('',#2299,(#2304,#2315),.PCURVE_S1.);
#2299 = CIRCLE('',#2300,0.5);
#2300 = AXIS2_PLACEMENT_3D('',#2301,#2302,#2303);
#2301 = CARTESIAN_POINT('',(-2.,-18.95,2.));
#2302 = DIRECTION('',(0.,-0.,-1.));
#2303 = DIRECTION('',(1.,-1.110223024625E-16,0.));
#2304 = PCURVE('',#126,#2305);
#2305 = DEFINITIONAL_REPRESENTATION('',(#2306),#2314);
#2306 = ( BOUNDED_CURVE() B_SPLINE_CURVE(2,(#2307,#2308,#2309,#2310,
#2311,#2312,#2313),.UNSPECIFIED.,.T.,.F.) B_SPLINE_CURVE_WITH_KNOTS((1,2
    ,2,2,2,1),(-2.094395102393,0.,2.094395102393,4.188790204786,
6.28318530718,8.377580409573),.UNSPECIFIED.) CURVE() 
GEOMETRIC_REPRESENTATION_ITEM() RATIONAL_B_SPLINE_CURVE((1.,0.5,1.,0.5,
1.,0.5,1.)) REPRESENTATION_ITEM('') );
#2307 = CARTESIAN_POINT('',(-1.5,1.3));
#2308 = CARTESIAN_POINT('',(-1.5,0.433974596216));
#2309 = CARTESIAN_POINT('',(-2.25,0.866987298108));
#2310 = CARTESIAN_POINT('',(-3.,1.3));
#2311 = CARTESIAN_POINT('',(-2.25,1.733012701892));
#2312 = CARTESIAN_POINT('',(-1.5,2.166025403784));
#2313 = CARTESIAN_POINT('',(-1.5,1.3));
#2314 = ( GEOMETRIC_REPRESENTATION_CONTEXT(2) 
PARAMETRIC_REPRESENTATION_CONTEXT() REPRESENTATION_CONTEXT('2D SPACE',''
  ) );
#2315 = PCURVE('',#2316,#2321);
#2316 = CYLINDRICAL_SURFACE('',#2317,0.5);
#2317 = AXIS2_PLACEMENT_3D('',#2318,#2319,#2320);
#2318 = CARTESIAN_POINT('',(-2.,-18.95,1.9));
#2319 = DIRECTION('',(0.,-0.,-1.));
#2320 = DIRECTION('',(1.,-1.110223024625E-16,0.));
#2321 = DEFINITIONAL_REPRESENTATION('',(#2322),#2326);
#2322 = LINE('',#2323,#2324);
#2323 = CARTESIAN_POINT('',(0.,-0.1));
#2324 = VECTOR('',#2325,1.);
#2325 = DIRECTION('',(1.,0.));
#2326 = ( GEOMETRIC_REPRESENTATION_CONTEXT(2) 
PARAMETRIC_REPRESENTATION_CONTEXT() REPRESENTATION_CONTEXT('2D SPACE',''
  ) );
#2327 = FACE_BOUND('',#2328,.T.);
#2328 = EDGE_LOOP('',(#2329,#2357,#2390,#2416,#2442,#2475,#2501,#2534,
    #2560,#2586));
#2329 = ORIENTED_EDGE('',*,*,#2330,.F.);
#2330 = EDGE_CURVE('',#2331,#2333,#2335,.T.);
#2331 = VERTEX_POINT('',#2332);
#2332 = CARTESIAN_POINT('',(0.3,-16.15,2.));
#2333 = VERTEX_POINT('',#2334);
#2334 = CARTESIAN_POINT('',(0.3,-18.95,2.));
#2335 = SURFACE_CURVE('',#2336,(#2340,#2346),.PCURVE_S1.);
#2336 = LINE('',#2337,#2338);
#2337 = CARTESIAN_POINT('',(0.3,-19.6,2.));
#2338 = VECTOR('',#2339,1.);
#2339 = DIRECTION('',(-1.110223024625E-16,-1.,0.));
#2340 = PCURVE('',#126,#2341);
#2341 = DEFINITIONAL_REPRESENTATION('',(#2342),#2345);
#2342 = B_SPLINE_CURVE_WITH_KNOTS('',1,(#2343,#2344),.UNSPECIFIED.,.F.,
  .F.,(2,2),(-3.45,-0.65),.PIECEWISE_BEZIER_KNOTS.);
#2343 = CARTESIAN_POINT('',(0.3,4.1));
#2344 = CARTESIAN_POINT('',(0.3,1.3));
#2345 = ( GEOMETRIC_REPRESENTATION_CONTEXT(2) 
PARAMETRIC_REPRESENTATION_CONTEXT() REPRESENTATION_CONTEXT('2D SPACE',''
  ) );
#2346 = PCURVE('',#2347,#2352);
#2347 = PLANE('',#2348);
#2348 = AXIS2_PLACEMENT_3D('',#2349,#2350,#2351);
#2349 = CARTESIAN_POINT('',(0.3,-18.95,1.9));
#2350 = DIRECTION('',(-1.,1.110223024625E-16,0.));
#2351 = DIRECTION('',(1.110223024625E-16,1.,0.));
#2352 = DEFINITIONAL_REPRESENTATION('',(#2353),#2356);
#2353 = B_SPLINE_CURVE_WITH_KNOTS('',1,(#2354,#2355),.UNSPECIFIED.,.F.,
  .F.,(2,2),(-3.45,-0.65),.PIECEWISE_BEZIER_KNOTS.);
#2354 = CARTESIAN_POINT('',(2.8,-0.1));
#2355 = CARTESIAN_POINT('',(0.,-0.1));
#2356 = ( GEOMETRIC_REPRESENTATION_CONTEXT(2) 
PARAMETRIC_REPRESENTATION_CONTEXT() REPRESENTATION_CONTEXT('2D SPACE',''
  ) );
#2357 = ORIENTED_EDGE('',*,*,#2358,.T.);
#2358 = EDGE_CURVE('',#2331,#2359,#2361,.T.);
#2359 = VERTEX_POINT('',#2360);
#2360 = CARTESIAN_POINT('',(1.179628301183,-15.82460431327,2.));
#2361 = SURFACE_CURVE('',#2362,(#2367,#2378),.PCURVE_S1.);
#2362 = CIRCLE('',#2363,0.5);
#2363 = AXIS2_PLACEMENT_3D('',#2364,#2365,#2366);
#2364 = CARTESIAN_POINT('',(0.8,-16.15,2.));
#2365 = DIRECTION('',(0.,0.,-1.));
#2366 = DIRECTION('',(-1.,1.110223024625E-16,0.));
#2367 = PCURVE('',#126,#2368);
#2368 = DEFINITIONAL_REPRESENTATION('',(#2369),#2377);
#2369 = ( BOUNDED_CURVE() B_SPLINE_CURVE(2,(#2370,#2371,#2372,#2373,
#2374,#2375,#2376),.UNSPECIFIED.,.T.,.F.) B_SPLINE_CURVE_WITH_KNOTS((1,2
    ,2,2,2,1),(-2.094395102393,0.,2.094395102393,4.188790204786,
6.28318530718,8.377580409573),.UNSPECIFIED.) CURVE() 
GEOMETRIC_REPRESENTATION_ITEM() RATIONAL_B_SPLINE_CURVE((1.,0.5,1.,0.5,
1.,0.5,1.)) REPRESENTATION_ITEM('') );
#2370 = CARTESIAN_POINT('',(0.3,4.1));
#2371 = CARTESIAN_POINT('',(0.3,4.966025403784));
#2372 = CARTESIAN_POINT('',(1.05,4.533012701892));
#2373 = CARTESIAN_POINT('',(1.8,4.1));
#2374 = CARTESIAN_POINT('',(1.05,3.666987298108));
#2375 = CARTESIAN_POINT('',(0.3,3.233974596216));
#2376 = CARTESIAN_POINT('',(0.3,4.1));
#2377 = ( GEOMETRIC_REPRESENTATION_CONTEXT(2) 
PARAMETRIC_REPRESENTATION_CONTEXT() REPRESENTATION_CONTEXT('2D SPACE',''
  ) );
#2378 = PCURVE('',#2379,#2384);
#2379 = CYLINDRICAL_SURFACE('',#2380,0.5);
#2380 = AXIS2_PLACEMENT_3D('',#2381,#2382,#2383);
#2381 = CARTESIAN_POINT('',(0.8,-16.15,1.9));
#2382 = DIRECTION('',(0.,0.,-1.));
#2383 = DIRECTION('',(-1.,1.110223024625E-16,0.));
#2384 = DEFINITIONAL_REPRESENTATION('',(#2385),#2389);
#2385 = LINE('',#2386,#2387);
#2386 = CARTESIAN_POINT('',(0.,-0.1));
#2387 = VECTOR('',#2388,1.);
#2388 = DIRECTION('',(1.,0.));
#2389 = ( GEOMETRIC_REPRESENTATION_CONTEXT(2) 
PARAMETRIC_REPRESENTATION_CONTEXT() REPRESENTATION_CONTEXT('2D SPACE',''
  ) );
#2390 = ORIENTED_EDGE('',*,*,#2391,.F.);
#2391 = EDGE_CURVE('',#2392,#2359,#2394,.T.);
#2392 = VERTEX_POINT('',#2393);
#2393 = CARTESIAN_POINT('',(2.7,-17.59837129522,2.));
#2394 = SURFACE_CURVE('',#2395,(#2399,#2405),.PCURVE_S1.);
#2395 = LINE('',#2396,#2397);
#2396 = CARTESIAN_POINT('',(2.023157712947,-16.80872196033,2.));
#2397 = VECTOR('',#2398,1.);
#2398 = DIRECTION('',(-0.650791373456,0.759256602365,0.));
#2399 = PCURVE('',#126,#2400);
#2400 = DEFINITIONAL_REPRESENTATION('',(#2401),#2404);
#2401 = B_SPLINE_CURVE_WITH_KNOTS('',1,(#2402,#2403),.UNSPECIFIED.,.F.,
  .F.,(2,2),(-1.040029592676,1.296159485466),.PIECEWISE_BEZIER_KNOTS.);
#2402 = CARTESIAN_POINT('',(2.7,2.651628704774));
#2403 = CARTESIAN_POINT('',(1.179628301183,4.425395686728));
#2404 = ( GEOMETRIC_REPRESENTATION_CONTEXT(2) 
PARAMETRIC_REPRESENTATION_CONTEXT() REPRESENTATION_CONTEXT('2D SPACE',''
  ) );
#2405 = PCURVE('',#2406,#2411);
#2406 = PLANE('',#2407);
#2407 = AXIS2_PLACEMENT_3D('',#2408,#2409,#2410);
#2408 = CARTESIAN_POINT('',(1.179628301183,-15.82460431327,1.9));
#2409 = DIRECTION('',(0.759256602365,0.650791373456,-0.));
#2410 = DIRECTION('',(0.650791373456,-0.759256602365,0.));
#2411 = DEFINITIONAL_REPRESENTATION('',(#2412),#2415);
#2412 = B_SPLINE_CURVE_WITH_KNOTS('',1,(#2413,#2414),.UNSPECIFIED.,.F.,
  .F.,(2,2),(-1.040029592676,1.296159485466),.PIECEWISE_BEZIER_KNOTS.);
#2413 = CARTESIAN_POINT('',(2.336189078143,-0.1));
#2414 = CARTESIAN_POINT('',(0.,-0.1));
#2415 = ( GEOMETRIC_REPRESENTATION_CONTEXT(2) 
PARAMETRIC_REPRESENTATION_CONTEXT() REPRESENTATION_CONTEXT('2D SPACE',''
  ) );
#2416 = ORIENTED_EDGE('',*,*,#2417,.F.);
#2417 = EDGE_CURVE('',#2418,#2392,#2420,.T.);
#2418 = VERTEX_POINT('',#2419);
#2419 = CARTESIAN_POINT('',(2.7,-16.15,2.));
#2420 = SURFACE_CURVE('',#2421,(#2425,#2431),.PCURVE_S1.);
#2421 = LINE('',#2422,#2423);
#2422 = CARTESIAN_POINT('',(2.7,-19.6,2.));
#2423 = VECTOR('',#2424,1.);
#2424 = DIRECTION('',(-1.110223024625E-16,-1.,0.));
#2425 = PCURVE('',#126,#2426);
#2426 = DEFINITIONAL_REPRESENTATION('',(#2427),#2430);
#2427 = B_SPLINE_CURVE_WITH_KNOTS('',1,(#2428,#2429),.UNSPECIFIED.,.F.,
  .F.,(2,2),(-3.45,-2.001628704774),.PIECEWISE_BEZIER_KNOTS.);
#2428 = CARTESIAN_POINT('',(2.7,4.1));
#2429 = CARTESIAN_POINT('',(2.7,2.651628704774));
#2430 = ( GEOMETRIC_REPRESENTATION_CONTEXT(2) 
PARAMETRIC_REPRESENTATION_CONTEXT() REPRESENTATION_CONTEXT('2D SPACE',''
  ) );
#2431 = PCURVE('',#2432,#2437);
#2432 = PLANE('',#2433);
#2433 = AXIS2_PLACEMENT_3D('',#2434,#2435,#2436);
#2434 = CARTESIAN_POINT('',(2.7,-18.95,1.9));
#2435 = DIRECTION('',(-1.,1.110223024625E-16,0.));
#2436 = DIRECTION('',(1.110223024625E-16,1.,0.));
#2437 = DEFINITIONAL_REPRESENTATION('',(#2438),#2441);
#2438 = B_SPLINE_CURVE_WITH_KNOTS('',1,(#2439,#2440),.UNSPECIFIED.,.F.,
  .F.,(2,2),(-3.45,-2.001628704774),.PIECEWISE_BEZIER_KNOTS.);
#2439 = CARTESIAN_POINT('',(2.8,-0.1));
#2440 = CARTESIAN_POINT('',(1.351628704774,-0.1));
#2441 = ( GEOMETRIC_REPRESENTATION_CONTEXT(2) 
PARAMETRIC_REPRESENTATION_CONTEXT() REPRESENTATION_CONTEXT('2D SPACE',''
  ) );
#2442 = ORIENTED_EDGE('',*,*,#2443,.T.);
#2443 = EDGE_CURVE('',#2418,#2444,#2446,.T.);
#2444 = VERTEX_POINT('',#2445);
#2445 = CARTESIAN_POINT('',(3.7,-16.15,2.));
#2446 = SURFACE_CURVE('',#2447,(#2452,#2463),.PCURVE_S1.);
#2447 = CIRCLE('',#2448,0.5);
#2448 = AXIS2_PLACEMENT_3D('',#2449,#2450,#2451);
#2449 = CARTESIAN_POINT('',(3.2,-16.15,2.));
#2450 = DIRECTION('',(0.,0.,-1.));
#2451 = DIRECTION('',(-1.,1.110223024625E-16,0.));
#2452 = PCURVE('',#126,#2453);
#2453 = DEFINITIONAL_REPRESENTATION('',(#2454),#2462);
#2454 = ( BOUNDED_CURVE() B_SPLINE_CURVE(2,(#2455,#2456,#2457,#2458,
#2459,#2460,#2461),.UNSPECIFIED.,.T.,.F.) B_SPLINE_CURVE_WITH_KNOTS((1,2
    ,2,2,2,1),(-2.094395102393,0.,2.094395102393,4.188790204786,
6.28318530718,8.377580409573),.UNSPECIFIED.) CURVE() 
GEOMETRIC_REPRESENTATION_ITEM() RATIONAL_B_SPLINE_CURVE((1.,0.5,1.,0.5,
1.,0.5,1.)) REPRESENTATION_ITEM('') );
#2455 = CARTESIAN_POINT('',(2.7,4.1));
#2456 = CARTESIAN_POINT('',(2.7,4.966025403784));
#2457 = CARTESIAN_POINT('',(3.45,4.533012701892));
#2458 = CARTESIAN_POINT('',(4.2,4.1));
#2459 = CARTESIAN_POINT('',(3.45,3.666987298108));
#2460 = CARTESIAN_POINT('',(2.7,3.233974596216));
#2461 = CARTESIAN_POINT('',(2.7,4.1));
#2462 = ( GEOMETRIC_REPRESENTATION_CONTEXT(2) 
PARAMETRIC_REPRESENTATION_CONTEXT() REPRESENTATION_CONTEXT('2D SPACE',''
  ) );
#2463 = PCURVE('',#2464,#2469);
#2464 = CYLINDRICAL_SURFACE('',#2465,0.5);
#2465 = AXIS2_PLACEMENT_3D('',#2466,#2467,#2468);
#2466 = CARTESIAN_POINT('',(3.2,-16.15,1.9));
#2467 = DIRECTION('',(0.,0.,-1.));
#2468 = DIRECTION('',(-1.,1.110223024625E-16,0.));
#2469 = DEFINITIONAL_REPRESENTATION('',(#2470),#2474);
#2470 = LINE('',#2471,#2472);
#2471 = CARTESIAN_POINT('',(0.,-0.1));
#2472 = VECTOR('',#2473,1.);
#2473 = DIRECTION('',(1.,0.));
#2474 = ( GEOMETRIC_REPRESENTATION_CONTEXT(2) 
PARAMETRIC_REPRESENTATION_CONTEXT() REPRESENTATION_CONTEXT('2D SPACE',''
  ) );
#2475 = ORIENTED_EDGE('',*,*,#2476,.F.);
#2476 = EDGE_CURVE('',#2477,#2444,#2479,.T.);
#2477 = VERTEX_POINT('',#2478);
#2478 = CARTESIAN_POINT('',(3.7,-18.95,2.));
#2479 = SURFACE_CURVE('',#2480,(#2484,#2490),.PCURVE_S1.);
#2480 = LINE('',#2481,#2482);
#2481 = CARTESIAN_POINT('',(3.7,-18.2,2.));
#2482 = VECTOR('',#2483,1.);
#2483 = DIRECTION('',(1.110223024625E-16,1.,-0.));
#2484 = PCURVE('',#126,#2485);
#2485 = DEFINITIONAL_REPRESENTATION('',(#2486),#2489);
#2486 = B_SPLINE_CURVE_WITH_KNOTS('',1,(#2487,#2488),.UNSPECIFIED.,.F.,
  .F.,(2,2),(-0.75,2.05),.PIECEWISE_BEZIER_KNOTS.);
#2487 = CARTESIAN_POINT('',(3.7,1.3));
#2488 = CARTESIAN_POINT('',(3.7,4.1));
#2489 = ( GEOMETRIC_REPRESENTATION_CONTEXT(2) 
PARAMETRIC_REPRESENTATION_CONTEXT() REPRESENTATION_CONTEXT('2D SPACE',''
  ) );
#2490 = PCURVE('',#2491,#2496);
#2491 = PLANE('',#2492);
#2492 = AXIS2_PLACEMENT_3D('',#2493,#2494,#2495);
#2493 = CARTESIAN_POINT('',(3.7,-16.15,1.9));
#2494 = DIRECTION('',(1.,-1.110223024625E-16,0.));
#2495 = DIRECTION('',(-1.110223024625E-16,-1.,0.));
#2496 = DEFINITIONAL_REPRESENTATION('',(#2497),#2500);
#2497 = B_SPLINE_CURVE_WITH_KNOTS('',1,(#2498,#2499),.UNSPECIFIED.,.F.,
  .F.,(2,2),(-0.75,2.05),.PIECEWISE_BEZIER_KNOTS.);
#2498 = CARTESIAN_POINT('',(2.8,-0.1));
#2499 = CARTESIAN_POINT('',(0.,-0.1));
#2500 = ( GEOMETRIC_REPRESENTATION_CONTEXT(2) 
PARAMETRIC_REPRESENTATION_CONTEXT() REPRESENTATION_CONTEXT('2D SPACE',''
  ) );
#2501 = ORIENTED_EDGE('',*,*,#2502,.T.);
#2502 = EDGE_CURVE('',#2477,#2503,#2505,.T.);
#2503 = VERTEX_POINT('',#2504);
#2504 = CARTESIAN_POINT('',(2.820371698817,-19.27539568672,2.));
#2505 = SURFACE_CURVE('',#2506,(#2511,#2522),.PCURVE_S1.);
#2506 = CIRCLE('',#2507,0.5);
#2507 = AXIS2_PLACEMENT_3D('',#2508,#2509,#2510);
#2508 = CARTESIAN_POINT('',(3.2,-18.95,2.));
#2509 = DIRECTION('',(0.,0.,-1.));
#2510 = DIRECTION('',(0.759256602365,0.650791373456,0.));
#2511 = PCURVE('',#126,#2512);
#2512 = DEFINITIONAL_REPRESENTATION('',(#2513),#2521);
#2513 = ( BOUNDED_CURVE() B_SPLINE_CURVE(2,(#2514,#2515,#2516,#2517,
#2518,#2519,#2520),.UNSPECIFIED.,.T.,.F.) B_SPLINE_CURVE_WITH_KNOTS((1,2
    ,2,2,2,1),(-2.094395102393,0.,2.094395102393,4.188790204786,
6.28318530718,8.377580409573),.UNSPECIFIED.) CURVE() 
GEOMETRIC_REPRESENTATION_ITEM() RATIONAL_B_SPLINE_CURVE((1.,0.5,1.,0.5,
1.,0.5,1.)) REPRESENTATION_ITEM('') );
#2514 = CARTESIAN_POINT('',(3.579628301183,1.625395686728));
#2515 = CARTESIAN_POINT('',(4.143230163159,0.967860181089));
#2516 = CARTESIAN_POINT('',(3.291986780397,0.808534403816));
#2517 = CARTESIAN_POINT('',(2.440743397635,0.649208626544));
#2518 = CARTESIAN_POINT('',(2.72838491842,1.466069909456));
#2519 = CARTESIAN_POINT('',(3.016026439206,2.282931192367));
#2520 = CARTESIAN_POINT('',(3.579628301183,1.625395686728));
#2521 = ( GEOMETRIC_REPRESENTATION_CONTEXT(2) 
PARAMETRIC_REPRESENTATION_CONTEXT() REPRESENTATION_CONTEXT('2D SPACE',''
  ) );
#2522 = PCURVE('',#2523,#2528);
#2523 = CYLINDRICAL_SURFACE('',#2524,0.5);
#2524 = AXIS2_PLACEMENT_3D('',#2525,#2526,#2527);
#2525 = CARTESIAN_POINT('',(3.2,-18.95,1.9));
#2526 = DIRECTION('',(0.,0.,-1.));
#2527 = DIRECTION('',(0.759256602365,0.650791373456,0.));
#2528 = DEFINITIONAL_REPRESENTATION('',(#2529),#2533);
#2529 = LINE('',#2530,#2531);
#2530 = CARTESIAN_POINT('',(0.,-0.1));
#2531 = VECTOR('',#2532,1.);
#2532 = DIRECTION('',(1.,0.));
#2533 = ( GEOMETRIC_REPRESENTATION_CONTEXT(2) 
PARAMETRIC_REPRESENTATION_CONTEXT() REPRESENTATION_CONTEXT('2D SPACE',''
  ) );
#2534 = ORIENTED_EDGE('',*,*,#2535,.F.);
#2535 = EDGE_CURVE('',#2536,#2503,#2538,.T.);
#2536 = VERTEX_POINT('',#2537);
#2537 = CARTESIAN_POINT('',(1.3,-17.50162870477,2.));
#2538 = SURFACE_CURVE('',#2539,(#2543,#2549),.PCURVE_S1.);
#2539 = LINE('',#2540,#2541);
#2540 = CARTESIAN_POINT('',(2.463901110582,-18.85951333378,2.));
#2541 = VECTOR('',#2542,1.);
#2542 = DIRECTION('',(0.650791373456,-0.759256602365,0.));
#2543 = PCURVE('',#126,#2544);
#2544 = DEFINITIONAL_REPRESENTATION('',(#2545),#2548);
#2545 = B_SPLINE_CURVE_WITH_KNOTS('',1,(#2546,#2547),.UNSPECIFIED.,.F.,
  .F.,(2,2),(-1.788439672151,0.547749405992),.PIECEWISE_BEZIER_KNOTS.);
#2546 = CARTESIAN_POINT('',(1.3,2.748371295226));
#2547 = CARTESIAN_POINT('',(2.820371698817,0.974604313272));
#2548 = ( GEOMETRIC_REPRESENTATION_CONTEXT(2) 
PARAMETRIC_REPRESENTATION_CONTEXT() REPRESENTATION_CONTEXT('2D SPACE',''
  ) );
#2549 = PCURVE('',#2550,#2555);
#2550 = PLANE('',#2551);
#2551 = AXIS2_PLACEMENT_3D('',#2552,#2553,#2554);
#2552 = CARTESIAN_POINT('',(2.820371698817,-19.27539568672,1.9));
#2553 = DIRECTION('',(-0.759256602365,-0.650791373456,0.));
#2554 = DIRECTION('',(-0.650791373456,0.759256602365,0.));
#2555 = DEFINITIONAL_REPRESENTATION('',(#2556),#2559);
#2556 = B_SPLINE_CURVE_WITH_KNOTS('',1,(#2557,#2558),.UNSPECIFIED.,.F.,
  .F.,(2,2),(-1.788439672151,0.547749405992),.PIECEWISE_BEZIER_KNOTS.);
#2557 = CARTESIAN_POINT('',(2.336189078143,-0.1));
#2558 = CARTESIAN_POINT('',(0.,-0.1));
#2559 = ( GEOMETRIC_REPRESENTATION_CONTEXT(2) 
PARAMETRIC_REPRESENTATION_CONTEXT() REPRESENTATION_CONTEXT('2D SPACE',''
  ) );
#2560 = ORIENTED_EDGE('',*,*,#2561,.F.);
#2561 = EDGE_CURVE('',#2562,#2536,#2564,.T.);
#2562 = VERTEX_POINT('',#2563);
#2563 = CARTESIAN_POINT('',(1.3,-18.95,2.));
#2564 = SURFACE_CURVE('',#2565,(#2569,#2575),.PCURVE_S1.);
#2565 = LINE('',#2566,#2567);
#2566 = CARTESIAN_POINT('',(1.3,-18.2,2.));
#2567 = VECTOR('',#2568,1.);
#2568 = DIRECTION('',(1.110223024625E-16,1.,-0.));
#2569 = PCURVE('',#126,#2570);
#2570 = DEFINITIONAL_REPRESENTATION('',(#2571),#2574);
#2571 = B_SPLINE_CURVE_WITH_KNOTS('',1,(#2572,#2573),.UNSPECIFIED.,.F.,
  .F.,(2,2),(-0.75,0.698371295226),.PIECEWISE_BEZIER_KNOTS.);
#2572 = CARTESIAN_POINT('',(1.3,1.3));
#2573 = CARTESIAN_POINT('',(1.3,2.748371295226));
#2574 = ( GEOMETRIC_REPRESENTATION_CONTEXT(2) 
PARAMETRIC_REPRESENTATION_CONTEXT() REPRESENTATION_CONTEXT('2D SPACE',''
  ) );
#2575 = PCURVE('',#2576,#2581);
#2576 = PLANE('',#2577);
#2577 = AXIS2_PLACEMENT_3D('',#2578,#2579,#2580);
#2578 = CARTESIAN_POINT('',(1.3,-16.15,1.9));
#2579 = DIRECTION('',(1.,-1.110223024625E-16,0.));
#2580 = DIRECTION('',(-1.110223024625E-16,-1.,0.));
#2581 = DEFINITIONAL_REPRESENTATION('',(#2582),#2585);
#2582 = B_SPLINE_CURVE_WITH_KNOTS('',1,(#2583,#2584),.UNSPECIFIED.,.F.,
  .F.,(2,2),(-0.75,0.698371295226),.PIECEWISE_BEZIER_KNOTS.);
#2583 = CARTESIAN_POINT('',(2.8,-0.1));
#2584 = CARTESIAN_POINT('',(1.351628704774,-0.1));
#2585 = ( GEOMETRIC_REPRESENTATION_CONTEXT(2) 
PARAMETRIC_REPRESENTATION_CONTEXT() REPRESENTATION_CONTEXT('2D SPACE',''
  ) );
#2586 = ORIENTED_EDGE('',*,*,#2587,.T.);
#2587 = EDGE_CURVE('',#2562,#2333,#2588,.T.);
#2588 = SURFACE_CURVE('',#2589,(#2594,#2605),.PCURVE_S1.);
#2589 = CIRCLE('',#2590,0.5);
#2590 = AXIS2_PLACEMENT_3D('',#2591,#2592,#2593);
#2591 = CARTESIAN_POINT('',(0.8,-18.95,2.));
#2592 = DIRECTION('',(0.,-0.,-1.));
#2593 = DIRECTION('',(1.,-1.110223024625E-16,0.));
#2594 = PCURVE('',#126,#2595);
#2595 = DEFINITIONAL_REPRESENTATION('',(#2596),#2604);
#2596 = ( BOUNDED_CURVE() B_SPLINE_CURVE(2,(#2597,#2598,#2599,#2600,
#2601,#2602,#2603),.UNSPECIFIED.,.T.,.F.) B_SPLINE_CURVE_WITH_KNOTS((1,2
    ,2,2,2,1),(-2.094395102393,0.,2.094395102393,4.188790204786,
6.28318530718,8.377580409573),.UNSPECIFIED.) CURVE() 
GEOMETRIC_REPRESENTATION_ITEM() RATIONAL_B_SPLINE_CURVE((1.,0.5,1.,0.5,
1.,0.5,1.)) REPRESENTATION_ITEM('') );
#2597 = CARTESIAN_POINT('',(1.3,1.3));
#2598 = CARTESIAN_POINT('',(1.3,0.433974596216));
#2599 = CARTESIAN_POINT('',(0.55,0.866987298108));
#2600 = CARTESIAN_POINT('',(-0.2,1.3));
#2601 = CARTESIAN_POINT('',(0.55,1.733012701892));
#2602 = CARTESIAN_POINT('',(1.3,2.166025403784));
#2603 = CARTESIAN_POINT('',(1.3,1.3));
#2604 = ( GEOMETRIC_REPRESENTATION_CONTEXT(2) 
PARAMETRIC_REPRESENTATION_CONTEXT() REPRESENTATION_CONTEXT('2D SPACE',''
  ) );
#2605 = PCURVE('',#2606,#2611);
#2606 = CYLINDRICAL_SURFACE('',#2607,0.5);
#2607 = AXIS2_PLACEMENT_3D('',#2608,#2609,#2610);
#2608 = CARTESIAN_POINT('',(0.8,-18.95,1.9));
#2609 = DIRECTION('',(0.,-0.,-1.));
#2610 = DIRECTION('',(1.,-1.110223024625E-16,0.));
#2611 = DEFINITIONAL_REPRESENTATION('',(#2612),#2616);
#2612 = LINE('',#2613,#2614);
#2613 = CARTESIAN_POINT('',(0.,-0.1));
#2614 = VECTOR('',#2615,1.);
#2615 = DIRECTION('',(1.,0.));
#2616 = ( GEOMETRIC_REPRESENTATION_CONTEXT(2) 
PARAMETRIC_REPRESENTATION_CONTEXT() REPRESENTATION_CONTEXT('2D SPACE',''
  ) );
#2617 = ADVANCED_FACE('',(#2618),#98,.T.);
#2618 = FACE_BOUND('',#2619,.T.);
#2619 = EDGE_LOOP('',(#2620,#2621,#2622,#2643));
#2620 = ORIENTED_EDGE('',*,*,#83,.F.);
#2621 = ORIENTED_EDGE('',*,*,#419,.T.);
#2622 = ORIENTED_EDGE('',*,*,#2623,.T.);
#2623 = EDGE_CURVE('',#420,#789,#2624,.T.);
#2624 = SURFACE_CURVE('',#2625,(#2629,#2636),.PCURVE_S1.);
#2625 = LINE('',#2626,#2627);
#2626 = CARTESIAN_POINT('',(-8.,-14.25,0.));
#2627 = VECTOR('',#2628,1.);
#2628 = DIRECTION('',(0.,0.,1.));
#2629 = PCURVE('',#98,#2630);
#2630 = DEFINITIONAL_REPRESENTATION('',(#2631),#2635);
#2631 = LINE('',#2632,#2633);
#2632 = CARTESIAN_POINT('',(1.570796326795,0.));
#2633 = VECTOR('',#2634,1.);
#2634 = DIRECTION('',(0.,1.));
#2635 = ( GEOMETRIC_REPRESENTATION_CONTEXT(2) 
PARAMETRIC_REPRESENTATION_CONTEXT() REPRESENTATION_CONTEXT('2D SPACE',''
  ) );
#2636 = PCURVE('',#459,#2637);
#2637 = DEFINITIONAL_REPRESENTATION('',(#2638),#2642);
#2638 = LINE('',#2639,#2640);
#2639 = CARTESIAN_POINT('',(1.,0.));
#2640 = VECTOR('',#2641,1.);
#2641 = DIRECTION('',(0.,-1.));
#2642 = ( GEOMETRIC_REPRESENTATION_CONTEXT(2) 
PARAMETRIC_REPRESENTATION_CONTEXT() REPRESENTATION_CONTEXT('2D SPACE',''
  ) );
#2643 = ORIENTED_EDGE('',*,*,#788,.F.);
#2644 = ADVANCED_FACE('',(#2645),#305,.F.);
#2645 = FACE_BOUND('',#2646,.F.);
#2646 = EDGE_LOOP('',(#2647,#2648,#2649,#2650));
#2647 = ORIENTED_EDGE('',*,*,#613,.T.);
#2648 = ORIENTED_EDGE('',*,*,#395,.T.);
#2649 = ORIENTED_EDGE('',*,*,#342,.T.);
#2650 = ORIENTED_EDGE('',*,*,#292,.F.);
#2651 = ADVANCED_FACE('',(#2652),#577,.F.);
#2652 = FACE_BOUND('',#2653,.F.);
#2653 = EDGE_LOOP('',(#2654,#2655,#2676,#2677));
#2654 = ORIENTED_EDGE('',*,*,#561,.F.);
#2655 = ORIENTED_EDGE('',*,*,#2656,.T.);
#2656 = EDGE_CURVE('',#533,#742,#2657,.T.);
#2657 = SURFACE_CURVE('',#2658,(#2662,#2669),.PCURVE_S1.);
#2658 = LINE('',#2659,#2660);
#2659 = CARTESIAN_POINT('',(8.,-26.25,0.));
#2660 = VECTOR('',#2661,1.);
#2661 = DIRECTION('',(0.,0.,1.));
#2662 = PCURVE('',#577,#2663);
#2663 = DEFINITIONAL_REPRESENTATION('',(#2664),#2668);
#2664 = LINE('',#2665,#2666);
#2665 = CARTESIAN_POINT('',(1.,0.));
#2666 = VECTOR('',#2667,1.);
#2667 = DIRECTION('',(0.,-1.));
#2668 = ( GEOMETRIC_REPRESENTATION_CONTEXT(2) 
PARAMETRIC_REPRESENTATION_CONTEXT() REPRESENTATION_CONTEXT('2D SPACE',''
  ) );
#2669 = PCURVE('',#549,#2670);
#2670 = DEFINITIONAL_REPRESENTATION('',(#2671),#2675);
#2671 = LINE('',#2672,#2673);
#2672 = CARTESIAN_POINT('',(1.570796326795,0.));
#2673 = VECTOR('',#2674,1.);
#2674 = DIRECTION('',(0.,1.));
#2675 = ( GEOMETRIC_REPRESENTATION_CONTEXT(2) 
PARAMETRIC_REPRESENTATION_CONTEXT() REPRESENTATION_CONTEXT('2D SPACE',''
  ) );
#2676 = ORIENTED_EDGE('',*,*,#765,.T.);
#2677 = ORIENTED_EDGE('',*,*,#638,.F.);
#2678 = ADVANCED_FACE('',(#2679),#492,.T.);
#2679 = FACE_BOUND('',#2680,.F.);
#2680 = EDGE_LOOP('',(#2681,#2682,#2703,#2704));
#2681 = ORIENTED_EDGE('',*,*,#471,.T.);
#2682 = ORIENTED_EDGE('',*,*,#2683,.T.);
#2683 = EDGE_CURVE('',#444,#691,#2684,.T.);
#2684 = SURFACE_CURVE('',#2685,(#2689,#2696),.PCURVE_S1.);
#2685 = LINE('',#2686,#2687);
#2686 = CARTESIAN_POINT('',(-8.,-26.25,0.));
#2687 = VECTOR('',#2688,1.);
#2688 = DIRECTION('',(0.,0.,1.));
#2689 = PCURVE('',#492,#2690);
#2690 = DEFINITIONAL_REPRESENTATION('',(#2691),#2695);
#2691 = LINE('',#2692,#2693);
#2692 = CARTESIAN_POINT('',(-1.570796326795,0.));
#2693 = VECTOR('',#2694,1.);
#2694 = DIRECTION('',(-0.,1.));
#2695 = ( GEOMETRIC_REPRESENTATION_CONTEXT(2) 
PARAMETRIC_REPRESENTATION_CONTEXT() REPRESENTATION_CONTEXT('2D SPACE',''
  ) );
#2696 = PCURVE('',#459,#2697);
#2697 = DEFINITIONAL_REPRESENTATION('',(#2698),#2702);
#2698 = LINE('',#2699,#2700);
#2699 = CARTESIAN_POINT('',(13.,0.));
#2700 = VECTOR('',#2701,1.);
#2701 = DIRECTION('',(0.,-1.));
#2702 = ( GEOMETRIC_REPRESENTATION_CONTEXT(2) 
PARAMETRIC_REPRESENTATION_CONTEXT() REPRESENTATION_CONTEXT('2D SPACE',''
  ) );
#2703 = ORIENTED_EDGE('',*,*,#688,.F.);
#2704 = ORIENTED_EDGE('',*,*,#2705,.F.);
#2705 = EDGE_CURVE('',#472,#689,#2706,.T.);
#2706 = SURFACE_CURVE('',#2707,(#2711,#2718),.PCURVE_S1.);
#2707 = LINE('',#2708,#2709);
#2708 = CARTESIAN_POINT('',(-7.,-27.25,0.));
#2709 = VECTOR('',#2710,1.);
#2710 = DIRECTION('',(0.,0.,1.));
#2711 = PCURVE('',#492,#2712);
#2712 = DEFINITIONAL_REPRESENTATION('',(#2713),#2717);
#2713 = LINE('',#2714,#2715);
#2714 = CARTESIAN_POINT('',(-0.,0.));
#2715 = VECTOR('',#2716,1.);
#2716 = DIRECTION('',(-0.,1.));
#2717 = ( GEOMETRIC_REPRESENTATION_CONTEXT(2) 
PARAMETRIC_REPRESENTATION_CONTEXT() REPRESENTATION_CONTEXT('2D SPACE',''
  ) );
#2718 = PCURVE('',#520,#2719);
#2719 = DEFINITIONAL_REPRESENTATION('',(#2720),#2724);
#2720 = LINE('',#2721,#2722);
#2721 = CARTESIAN_POINT('',(1.,0.));
#2722 = VECTOR('',#2723,1.);
#2723 = DIRECTION('',(0.,-1.));
#2724 = ( GEOMETRIC_REPRESENTATION_CONTEXT(2) 
PARAMETRIC_REPRESENTATION_CONTEXT() REPRESENTATION_CONTEXT('2D SPACE',''
  ) );
#2725 = ADVANCED_FACE('',(#2726),#520,.F.);
#2726 = FACE_BOUND('',#2727,.F.);
#2727 = EDGE_LOOP('',(#2728,#2729,#2730,#2731));
#2728 = ORIENTED_EDGE('',*,*,#504,.F.);
#2729 = ORIENTED_EDGE('',*,*,#2705,.T.);
#2730 = ORIENTED_EDGE('',*,*,#718,.T.);
#2731 = ORIENTED_EDGE('',*,*,#2732,.F.);
#2732 = EDGE_CURVE('',#505,#719,#2733,.T.);
#2733 = SURFACE_CURVE('',#2734,(#2738,#2745),.PCURVE_S1.);
#2734 = LINE('',#2735,#2736);
#2735 = CARTESIAN_POINT('',(7.,-27.25,0.));
#2736 = VECTOR('',#2737,1.);
#2737 = DIRECTION('',(0.,0.,1.));
#2738 = PCURVE('',#520,#2739);
#2739 = DEFINITIONAL_REPRESENTATION('',(#2740),#2744);
#2740 = LINE('',#2741,#2742);
#2741 = CARTESIAN_POINT('',(15.,0.));
#2742 = VECTOR('',#2743,1.);
#2743 = DIRECTION('',(0.,-1.));
#2744 = ( GEOMETRIC_REPRESENTATION_CONTEXT(2) 
PARAMETRIC_REPRESENTATION_CONTEXT() REPRESENTATION_CONTEXT('2D SPACE',''
  ) );
#2745 = PCURVE('',#549,#2746);
#2746 = DEFINITIONAL_REPRESENTATION('',(#2747),#2751);
#2747 = LINE('',#2748,#2749);
#2748 = CARTESIAN_POINT('',(0.,0.));
#2749 = VECTOR('',#2750,1.);
#2750 = DIRECTION('',(0.,1.));
#2751 = ( GEOMETRIC_REPRESENTATION_CONTEXT(2) 
PARAMETRIC_REPRESENTATION_CONTEXT() REPRESENTATION_CONTEXT('2D SPACE',''
  ) );
#2752 = ADVANCED_FACE('',(#2753),#459,.F.);
#2753 = FACE_BOUND('',#2754,.F.);
#2754 = EDGE_LOOP('',(#2755,#2756,#2757,#2758));
#2755 = ORIENTED_EDGE('',*,*,#443,.F.);
#2756 = ORIENTED_EDGE('',*,*,#2623,.T.);
#2757 = ORIENTED_EDGE('',*,*,#812,.T.);
#2758 = ORIENTED_EDGE('',*,*,#2683,.F.);
#2759 = ADVANCED_FACE('',(#2760),#549,.T.);
#2760 = FACE_BOUND('',#2761,.T.);
#2761 = EDGE_LOOP('',(#2762,#2763,#2764,#2765));
#2762 = ORIENTED_EDGE('',*,*,#532,.T.);
#2763 = ORIENTED_EDGE('',*,*,#2656,.T.);
#2764 = ORIENTED_EDGE('',*,*,#741,.F.);
#2765 = ORIENTED_EDGE('',*,*,#2732,.F.);
#2766 = ADVANCED_FACE('',(#2767),#852,.T.);
#2767 = FACE_BOUND('',#2768,.T.);
#2768 = EDGE_LOOP('',(#2769,#2770,#2793,#2821));
#2769 = ORIENTED_EDGE('',*,*,#835,.T.);
#2770 = ORIENTED_EDGE('',*,*,#2771,.T.);
#2771 = EDGE_CURVE('',#838,#2772,#2774,.T.);
#2772 = VERTEX_POINT('',#2773);
#2773 = CARTESIAN_POINT('',(-6.1,-20.35,2.8));
#2774 = SURFACE_CURVE('',#2775,(#2779,#2786),.PCURVE_S1.);
#2775 = LINE('',#2776,#2777);
#2776 = CARTESIAN_POINT('',(-6.1,-20.35,1.9));
#2777 = VECTOR('',#2778,1.);
#2778 = DIRECTION('',(0.,0.,1.));
#2779 = PCURVE('',#852,#2780);
#2780 = DEFINITIONAL_REPRESENTATION('',(#2781),#2785);
#2781 = LINE('',#2782,#2783);
#2782 = CARTESIAN_POINT('',(0.,0.));
#2783 = VECTOR('',#2784,1.);
#2784 = DIRECTION('',(0.,-1.));
#2785 = ( GEOMETRIC_REPRESENTATION_CONTEXT(2) 
PARAMETRIC_REPRESENTATION_CONTEXT() REPRESENTATION_CONTEXT('2D SPACE',''
  ) );
#2786 = PCURVE('',#1281,#2787);
#2787 = DEFINITIONAL_REPRESENTATION('',(#2788),#2792);
#2788 = LINE('',#2789,#2790);
#2789 = CARTESIAN_POINT('',(3.14159265359,0.));
#2790 = VECTOR('',#2791,1.);
#2791 = DIRECTION('',(0.,-1.));
#2792 = ( GEOMETRIC_REPRESENTATION_CONTEXT(2) 
PARAMETRIC_REPRESENTATION_CONTEXT() REPRESENTATION_CONTEXT('2D SPACE',''
  ) );
#2793 = ORIENTED_EDGE('',*,*,#2794,.T.);
#2794 = EDGE_CURVE('',#2772,#2795,#2797,.T.);
#2795 = VERTEX_POINT('',#2796);
#2796 = CARTESIAN_POINT('',(-3.7,-20.35,2.8));
#2797 = SURFACE_CURVE('',#2798,(#2802,#2809),.PCURVE_S1.);
#2798 = LINE('',#2799,#2800);
#2799 = CARTESIAN_POINT('',(-6.1,-20.35,2.8));
#2800 = VECTOR('',#2801,1.);
#2801 = DIRECTION('',(1.,0.,0.));
#2802 = PCURVE('',#852,#2803);
#2803 = DEFINITIONAL_REPRESENTATION('',(#2804),#2808);
#2804 = LINE('',#2805,#2806);
#2805 = CARTESIAN_POINT('',(0.,-0.9));
#2806 = VECTOR('',#2807,1.);
#2807 = DIRECTION('',(1.,0.));
#2808 = ( GEOMETRIC_REPRESENTATION_CONTEXT(2) 
PARAMETRIC_REPRESENTATION_CONTEXT() REPRESENTATION_CONTEXT('2D SPACE',''
  ) );
#2809 = PCURVE('',#2810,#2815);
#2810 = PLANE('',#2811);
#2811 = AXIS2_PLACEMENT_3D('',#2812,#2813,#2814);
#2812 = CARTESIAN_POINT('',(-4.9,-20.85,2.8));
#2813 = DIRECTION('',(-0.,-0.,-1.));
#2814 = DIRECTION('',(-1.,0.,0.));
#2815 = DEFINITIONAL_REPRESENTATION('',(#2816),#2820);
#2816 = LINE('',#2817,#2818);
#2817 = CARTESIAN_POINT('',(1.2,0.5));
#2818 = VECTOR('',#2819,1.);
#2819 = DIRECTION('',(-1.,0.));
#2820 = ( GEOMETRIC_REPRESENTATION_CONTEXT(2) 
PARAMETRIC_REPRESENTATION_CONTEXT() REPRESENTATION_CONTEXT('2D SPACE',''
  ) );
#2821 = ORIENTED_EDGE('',*,*,#2822,.F.);
#2822 = EDGE_CURVE('',#836,#2795,#2823,.T.);
#2823 = SURFACE_CURVE('',#2824,(#2828,#2835),.PCURVE_S1.);
#2824 = LINE('',#2825,#2826);
#2825 = CARTESIAN_POINT('',(-3.7,-20.35,1.9));
#2826 = VECTOR('',#2827,1.);
#2827 = DIRECTION('',(0.,0.,1.));
#2828 = PCURVE('',#852,#2829);
#2829 = DEFINITIONAL_REPRESENTATION('',(#2830),#2834);
#2830 = LINE('',#2831,#2832);
#2831 = CARTESIAN_POINT('',(2.4,0.));
#2832 = VECTOR('',#2833,1.);
#2833 = DIRECTION('',(0.,-1.));
#2834 = ( GEOMETRIC_REPRESENTATION_CONTEXT(2) 
PARAMETRIC_REPRESENTATION_CONTEXT() REPRESENTATION_CONTEXT('2D SPACE',''
  ) );
#2835 = PCURVE('',#884,#2836);
#2836 = DEFINITIONAL_REPRESENTATION('',(#2837),#2841);
#2837 = LINE('',#2838,#2839);
#2838 = CARTESIAN_POINT('',(0.,0.));
#2839 = VECTOR('',#2840,1.);
#2840 = DIRECTION('',(0.,-1.));
#2841 = ( GEOMETRIC_REPRESENTATION_CONTEXT(2) 
PARAMETRIC_REPRESENTATION_CONTEXT() REPRESENTATION_CONTEXT('2D SPACE',''
  ) );
#2842 = ADVANCED_FACE('',(#2843),#1281,.T.);
#2843 = FACE_BOUND('',#2844,.T.);
#2844 = EDGE_LOOP('',(#2845,#2846,#2869,#2891));
#2845 = ORIENTED_EDGE('',*,*,#1262,.F.);
#2846 = ORIENTED_EDGE('',*,*,#2847,.T.);
#2847 = EDGE_CURVE('',#1237,#2848,#2850,.T.);
#2848 = VERTEX_POINT('',#2849);
#2849 = CARTESIAN_POINT('',(-6.1,-21.35,2.8));
#2850 = SURFACE_CURVE('',#2851,(#2855,#2862),.PCURVE_S1.);
#2851 = LINE('',#2852,#2853);
#2852 = CARTESIAN_POINT('',(-6.1,-21.35,1.9));
#2853 = VECTOR('',#2854,1.);
#2854 = DIRECTION('',(0.,0.,1.));
#2855 = PCURVE('',#1281,#2856);
#2856 = DEFINITIONAL_REPRESENTATION('',(#2857),#2861);
#2857 = LINE('',#2858,#2859);
#2858 = CARTESIAN_POINT('',(0.,0.));
#2859 = VECTOR('',#2860,1.);
#2860 = DIRECTION('',(0.,-1.));
#2861 = ( GEOMETRIC_REPRESENTATION_CONTEXT(2) 
PARAMETRIC_REPRESENTATION_CONTEXT() REPRESENTATION_CONTEXT('2D SPACE',''
  ) );
#2862 = PCURVE('',#1251,#2863);
#2863 = DEFINITIONAL_REPRESENTATION('',(#2864),#2868);
#2864 = LINE('',#2865,#2866);
#2865 = CARTESIAN_POINT('',(2.4,0.));
#2866 = VECTOR('',#2867,1.);
#2867 = DIRECTION('',(0.,-1.));
#2868 = ( GEOMETRIC_REPRESENTATION_CONTEXT(2) 
PARAMETRIC_REPRESENTATION_CONTEXT() REPRESENTATION_CONTEXT('2D SPACE',''
  ) );
#2869 = ORIENTED_EDGE('',*,*,#2870,.T.);
#2870 = EDGE_CURVE('',#2848,#2772,#2871,.T.);
#2871 = SURFACE_CURVE('',#2872,(#2877,#2884),.PCURVE_S1.);
#2872 = CIRCLE('',#2873,0.5);
#2873 = AXIS2_PLACEMENT_3D('',#2874,#2875,#2876);
#2874 = CARTESIAN_POINT('',(-6.1,-20.85,2.8));
#2875 = DIRECTION('',(0.,-0.,-1.));
#2876 = DIRECTION('',(0.,-1.,0.));
#2877 = PCURVE('',#1281,#2878);
#2878 = DEFINITIONAL_REPRESENTATION('',(#2879),#2883);
#2879 = LINE('',#2880,#2881);
#2880 = CARTESIAN_POINT('',(0.,-0.9));
#2881 = VECTOR('',#2882,1.);
#2882 = DIRECTION('',(1.,0.));
#2883 = ( GEOMETRIC_REPRESENTATION_CONTEXT(2) 
PARAMETRIC_REPRESENTATION_CONTEXT() REPRESENTATION_CONTEXT('2D SPACE',''
  ) );
#2884 = PCURVE('',#2810,#2885);
#2885 = DEFINITIONAL_REPRESENTATION('',(#2886),#2890);
#2886 = CIRCLE('',#2887,0.5);
#2887 = AXIS2_PLACEMENT_2D('',#2888,#2889);
#2888 = CARTESIAN_POINT('',(1.2,-3.552713678801E-15));
#2889 = DIRECTION('',(0.,-1.));
#2890 = ( GEOMETRIC_REPRESENTATION_CONTEXT(2) 
PARAMETRIC_REPRESENTATION_CONTEXT() REPRESENTATION_CONTEXT('2D SPACE',''
  ) );
#2891 = ORIENTED_EDGE('',*,*,#2771,.F.);
#2892 = ADVANCED_FACE('',(#2893),#1251,.T.);
#2893 = FACE_BOUND('',#2894,.T.);
#2894 = EDGE_LOOP('',(#2895,#2896,#2917,#2938));
#2895 = ORIENTED_EDGE('',*,*,#1236,.T.);
#2896 = ORIENTED_EDGE('',*,*,#2897,.F.);
#2897 = EDGE_CURVE('',#2898,#1211,#2900,.T.);
#2898 = VERTEX_POINT('',#2899);
#2899 = CARTESIAN_POINT('',(-4.2,-21.35,2.8));
#2900 = SURFACE_CURVE('',#2901,(#2905,#2911),.PCURVE_S1.);
#2901 = LINE('',#2902,#2903);
#2902 = CARTESIAN_POINT('',(-4.2,-21.35,1.9));
#2903 = VECTOR('',#2904,1.);
#2904 = DIRECTION('',(0.,-0.,-1.));
#2905 = PCURVE('',#1251,#2906);
#2906 = DEFINITIONAL_REPRESENTATION('',(#2907),#2910);
#2907 = B_SPLINE_CURVE_WITH_KNOTS('',1,(#2908,#2909),.UNSPECIFIED.,.F.,
  .F.,(2,2),(-0.9,0.),.PIECEWISE_BEZIER_KNOTS.);
#2908 = CARTESIAN_POINT('',(0.5,-0.9));
#2909 = CARTESIAN_POINT('',(0.5,0.));
#2910 = ( GEOMETRIC_REPRESENTATION_CONTEXT(2) 
PARAMETRIC_REPRESENTATION_CONTEXT() REPRESENTATION_CONTEXT('2D SPACE',''
  ) );
#2911 = PCURVE('',#1225,#2912);
#2912 = DEFINITIONAL_REPRESENTATION('',(#2913),#2916);
#2913 = B_SPLINE_CURVE_WITH_KNOTS('',1,(#2914,#2915),.UNSPECIFIED.,.F.,
  .F.,(2,2),(-0.9,0.),.PIECEWISE_BEZIER_KNOTS.);
#2914 = CARTESIAN_POINT('',(1.7,-0.9));
#2915 = CARTESIAN_POINT('',(1.7,0.));
#2916 = ( GEOMETRIC_REPRESENTATION_CONTEXT(2) 
PARAMETRIC_REPRESENTATION_CONTEXT() REPRESENTATION_CONTEXT('2D SPACE',''
  ) );
#2917 = ORIENTED_EDGE('',*,*,#2918,.T.);
#2918 = EDGE_CURVE('',#2898,#2848,#2919,.T.);
#2919 = SURFACE_CURVE('',#2920,(#2924,#2931),.PCURVE_S1.);
#2920 = LINE('',#2921,#2922);
#2921 = CARTESIAN_POINT('',(-3.7,-21.35,2.8));
#2922 = VECTOR('',#2923,1.);
#2923 = DIRECTION('',(-1.,0.,0.));
#2924 = PCURVE('',#1251,#2925);
#2925 = DEFINITIONAL_REPRESENTATION('',(#2926),#2930);
#2926 = LINE('',#2927,#2928);
#2927 = CARTESIAN_POINT('',(0.,-0.9));
#2928 = VECTOR('',#2929,1.);
#2929 = DIRECTION('',(1.,0.));
#2930 = ( GEOMETRIC_REPRESENTATION_CONTEXT(2) 
PARAMETRIC_REPRESENTATION_CONTEXT() REPRESENTATION_CONTEXT('2D SPACE',''
  ) );
#2931 = PCURVE('',#2810,#2932);
#2932 = DEFINITIONAL_REPRESENTATION('',(#2933),#2937);
#2933 = LINE('',#2934,#2935);
#2934 = CARTESIAN_POINT('',(-1.2,-0.5));
#2935 = VECTOR('',#2936,1.);
#2936 = DIRECTION('',(1.,0.));
#2937 = ( GEOMETRIC_REPRESENTATION_CONTEXT(2) 
PARAMETRIC_REPRESENTATION_CONTEXT() REPRESENTATION_CONTEXT('2D SPACE',''
  ) );
#2938 = ORIENTED_EDGE('',*,*,#2847,.F.);
#2939 = ADVANCED_FACE('',(#2940),#1225,.T.);
#2940 = FACE_BOUND('',#2941,.T.);
#2941 = EDGE_LOOP('',(#2942,#2943,#2964,#2985));
#2942 = ORIENTED_EDGE('',*,*,#1210,.T.);
#2943 = ORIENTED_EDGE('',*,*,#2944,.F.);
#2944 = EDGE_CURVE('',#2945,#1185,#2947,.T.);
#2945 = VERTEX_POINT('',#2946);
#2946 = CARTESIAN_POINT('',(-4.2,-22.55,2.8));
#2947 = SURFACE_CURVE('',#2948,(#2952,#2958),.PCURVE_S1.);
#2948 = LINE('',#2949,#2950);
#2949 = CARTESIAN_POINT('',(-4.2,-22.55,1.9));
#2950 = VECTOR('',#2951,1.);
#2951 = DIRECTION('',(-0.,0.,-1.));
#2952 = PCURVE('',#1225,#2953);
#2953 = DEFINITIONAL_REPRESENTATION('',(#2954),#2957);
#2954 = B_SPLINE_CURVE_WITH_KNOTS('',1,(#2955,#2956),.UNSPECIFIED.,.F.,
  .F.,(2,2),(-0.9,0.),.PIECEWISE_BEZIER_KNOTS.);
#2955 = CARTESIAN_POINT('',(0.5,-0.9));
#2956 = CARTESIAN_POINT('',(0.5,0.));
#2957 = ( GEOMETRIC_REPRESENTATION_CONTEXT(2) 
PARAMETRIC_REPRESENTATION_CONTEXT() REPRESENTATION_CONTEXT('2D SPACE',''
  ) );
#2958 = PCURVE('',#1199,#2959);
#2959 = DEFINITIONAL_REPRESENTATION('',(#2960),#2963);
#2960 = B_SPLINE_CURVE_WITH_KNOTS('',1,(#2961,#2962),.UNSPECIFIED.,.F.,
  .F.,(2,2),(-0.9,0.),.PIECEWISE_BEZIER_KNOTS.);
#2961 = CARTESIAN_POINT('',(1.9,-0.9));
#2962 = CARTESIAN_POINT('',(1.9,0.));
#2963 = ( GEOMETRIC_REPRESENTATION_CONTEXT(2) 
PARAMETRIC_REPRESENTATION_CONTEXT() REPRESENTATION_CONTEXT('2D SPACE',''
  ) );
#2964 = ORIENTED_EDGE('',*,*,#2965,.T.);
#2965 = EDGE_CURVE('',#2945,#2898,#2966,.T.);
#2966 = SURFACE_CURVE('',#2967,(#2971,#2978),.PCURVE_S1.);
#2967 = LINE('',#2968,#2969);
#2968 = CARTESIAN_POINT('',(-4.2,-23.05,2.8));
#2969 = VECTOR('',#2970,1.);
#2970 = DIRECTION('',(-1.110223024625E-16,1.,0.));
#2971 = PCURVE('',#1225,#2972);
#2972 = DEFINITIONAL_REPRESENTATION('',(#2973),#2977);
#2973 = LINE('',#2974,#2975);
#2974 = CARTESIAN_POINT('',(0.,-0.9));
#2975 = VECTOR('',#2976,1.);
#2976 = DIRECTION('',(1.,0.));
#2977 = ( GEOMETRIC_REPRESENTATION_CONTEXT(2) 
PARAMETRIC_REPRESENTATION_CONTEXT() REPRESENTATION_CONTEXT('2D SPACE',''
  ) );
#2978 = PCURVE('',#2810,#2979);
#2979 = DEFINITIONAL_REPRESENTATION('',(#2980),#2984);
#2980 = LINE('',#2981,#2982);
#2981 = CARTESIAN_POINT('',(-0.7,-2.2));
#2982 = VECTOR('',#2983,1.);
#2983 = DIRECTION('',(1.110223024625E-16,1.));
#2984 = ( GEOMETRIC_REPRESENTATION_CONTEXT(2) 
PARAMETRIC_REPRESENTATION_CONTEXT() REPRESENTATION_CONTEXT('2D SPACE',''
  ) );
#2985 = ORIENTED_EDGE('',*,*,#2897,.T.);
#2986 = ADVANCED_FACE('',(#2987),#1199,.T.);
#2987 = FACE_BOUND('',#2988,.T.);
#2988 = EDGE_LOOP('',(#2989,#2990,#3013,#3034));
#2989 = ORIENTED_EDGE('',*,*,#1184,.T.);
#2990 = ORIENTED_EDGE('',*,*,#2991,.T.);
#2991 = EDGE_CURVE('',#1152,#2992,#2994,.T.);
#2992 = VERTEX_POINT('',#2993);
#2993 = CARTESIAN_POINT('',(-6.1,-22.55,2.8));
#2994 = SURFACE_CURVE('',#2995,(#2999,#3006),.PCURVE_S1.);
#2995 = LINE('',#2996,#2997);
#2996 = CARTESIAN_POINT('',(-6.1,-22.55,1.9));
#2997 = VECTOR('',#2998,1.);
#2998 = DIRECTION('',(0.,0.,1.));
#2999 = PCURVE('',#1199,#3000);
#3000 = DEFINITIONAL_REPRESENTATION('',(#3001),#3005);
#3001 = LINE('',#3002,#3003);
#3002 = CARTESIAN_POINT('',(0.,0.));
#3003 = VECTOR('',#3004,1.);
#3004 = DIRECTION('',(0.,-1.));
#3005 = ( GEOMETRIC_REPRESENTATION_CONTEXT(2) 
PARAMETRIC_REPRESENTATION_CONTEXT() REPRESENTATION_CONTEXT('2D SPACE',''
  ) );
#3006 = PCURVE('',#1172,#3007);
#3007 = DEFINITIONAL_REPRESENTATION('',(#3008),#3012);
#3008 = LINE('',#3009,#3010);
#3009 = CARTESIAN_POINT('',(3.14159265359,0.));
#3010 = VECTOR('',#3011,1.);
#3011 = DIRECTION('',(0.,-1.));
#3012 = ( GEOMETRIC_REPRESENTATION_CONTEXT(2) 
PARAMETRIC_REPRESENTATION_CONTEXT() REPRESENTATION_CONTEXT('2D SPACE',''
  ) );
#3013 = ORIENTED_EDGE('',*,*,#3014,.T.);
#3014 = EDGE_CURVE('',#2992,#2945,#3015,.T.);
#3015 = SURFACE_CURVE('',#3016,(#3020,#3027),.PCURVE_S1.);
#3016 = LINE('',#3017,#3018);
#3017 = CARTESIAN_POINT('',(-6.1,-22.55,2.8));
#3018 = VECTOR('',#3019,1.);
#3019 = DIRECTION('',(1.,0.,0.));
#3020 = PCURVE('',#1199,#3021);
#3021 = DEFINITIONAL_REPRESENTATION('',(#3022),#3026);
#3022 = LINE('',#3023,#3024);
#3023 = CARTESIAN_POINT('',(0.,-0.9));
#3024 = VECTOR('',#3025,1.);
#3025 = DIRECTION('',(1.,0.));
#3026 = ( GEOMETRIC_REPRESENTATION_CONTEXT(2) 
PARAMETRIC_REPRESENTATION_CONTEXT() REPRESENTATION_CONTEXT('2D SPACE',''
  ) );
#3027 = PCURVE('',#2810,#3028);
#3028 = DEFINITIONAL_REPRESENTATION('',(#3029),#3033);
#3029 = LINE('',#3030,#3031);
#3030 = CARTESIAN_POINT('',(1.2,-1.7));
#3031 = VECTOR('',#3032,1.);
#3032 = DIRECTION('',(-1.,0.));
#3033 = ( GEOMETRIC_REPRESENTATION_CONTEXT(2) 
PARAMETRIC_REPRESENTATION_CONTEXT() REPRESENTATION_CONTEXT('2D SPACE',''
  ) );
#3034 = ORIENTED_EDGE('',*,*,#2944,.T.);
#3035 = ADVANCED_FACE('',(#3036),#1172,.T.);
#3036 = FACE_BOUND('',#3037,.T.);
#3037 = EDGE_LOOP('',(#3038,#3039,#3062,#3084));
#3038 = ORIENTED_EDGE('',*,*,#1151,.F.);
#3039 = ORIENTED_EDGE('',*,*,#3040,.T.);
#3040 = EDGE_CURVE('',#1126,#3041,#3043,.T.);
#3041 = VERTEX_POINT('',#3042);
#3042 = CARTESIAN_POINT('',(-6.6,-23.05,2.8));
#3043 = SURFACE_CURVE('',#3044,(#3048,#3055),.PCURVE_S1.);
#3044 = LINE('',#3045,#3046);
#3045 = CARTESIAN_POINT('',(-6.6,-23.05,1.9));
#3046 = VECTOR('',#3047,1.);
#3047 = DIRECTION('',(0.,0.,1.));
#3048 = PCURVE('',#1172,#3049);
#3049 = DEFINITIONAL_REPRESENTATION('',(#3050),#3054);
#3050 = LINE('',#3051,#3052);
#3051 = CARTESIAN_POINT('',(1.570796326795,0.));
#3052 = VECTOR('',#3053,1.);
#3053 = DIRECTION('',(0.,-1.));
#3054 = ( GEOMETRIC_REPRESENTATION_CONTEXT(2) 
PARAMETRIC_REPRESENTATION_CONTEXT() REPRESENTATION_CONTEXT('2D SPACE',''
  ) );
#3055 = PCURVE('',#1140,#3056);
#3056 = DEFINITIONAL_REPRESENTATION('',(#3057),#3061);
#3057 = LINE('',#3058,#3059);
#3058 = CARTESIAN_POINT('',(2.2,0.));
#3059 = VECTOR('',#3060,1.);
#3060 = DIRECTION('',(0.,-1.));
#3061 = ( GEOMETRIC_REPRESENTATION_CONTEXT(2) 
PARAMETRIC_REPRESENTATION_CONTEXT() REPRESENTATION_CONTEXT('2D SPACE',''
  ) );
#3062 = ORIENTED_EDGE('',*,*,#3063,.T.);
#3063 = EDGE_CURVE('',#3041,#2992,#3064,.T.);
#3064 = SURFACE_CURVE('',#3065,(#3070,#3077),.PCURVE_S1.);
#3065 = CIRCLE('',#3066,0.5);
#3066 = AXIS2_PLACEMENT_3D('',#3067,#3068,#3069);
#3067 = CARTESIAN_POINT('',(-6.1,-23.05,2.8));
#3068 = DIRECTION('',(0.,-0.,-1.));
#3069 = DIRECTION('',(0.,-1.,0.));
#3070 = PCURVE('',#1172,#3071);
#3071 = DEFINITIONAL_REPRESENTATION('',(#3072),#3076);
#3072 = LINE('',#3073,#3074);
#3073 = CARTESIAN_POINT('',(0.,-0.9));
#3074 = VECTOR('',#3075,1.);
#3075 = DIRECTION('',(1.,0.));
#3076 = ( GEOMETRIC_REPRESENTATION_CONTEXT(2) 
PARAMETRIC_REPRESENTATION_CONTEXT() REPRESENTATION_CONTEXT('2D SPACE',''
  ) );
#3077 = PCURVE('',#2810,#3078);
#3078 = DEFINITIONAL_REPRESENTATION('',(#3079),#3083);
#3079 = CIRCLE('',#3080,0.5);
#3080 = AXIS2_PLACEMENT_2D('',#3081,#3082);
#3081 = CARTESIAN_POINT('',(1.2,-2.2));
#3082 = DIRECTION('',(0.,-1.));
#3083 = ( GEOMETRIC_REPRESENTATION_CONTEXT(2) 
PARAMETRIC_REPRESENTATION_CONTEXT() REPRESENTATION_CONTEXT('2D SPACE',''
  ) );
#3084 = ORIENTED_EDGE('',*,*,#2991,.F.);
#3085 = ADVANCED_FACE('',(#3086),#1140,.T.);
#3086 = FACE_BOUND('',#3087,.T.);
#3087 = EDGE_LOOP('',(#3088,#3089,#3112,#3133));
#3088 = ORIENTED_EDGE('',*,*,#1125,.T.);
#3089 = ORIENTED_EDGE('',*,*,#3090,.T.);
#3090 = EDGE_CURVE('',#1093,#3091,#3093,.T.);
#3091 = VERTEX_POINT('',#3092);
#3092 = CARTESIAN_POINT('',(-6.6,-25.25,2.8));
#3093 = SURFACE_CURVE('',#3094,(#3098,#3105),.PCURVE_S1.);
#3094 = LINE('',#3095,#3096);
#3095 = CARTESIAN_POINT('',(-6.6,-25.25,1.9));
#3096 = VECTOR('',#3097,1.);
#3097 = DIRECTION('',(0.,0.,1.));
#3098 = PCURVE('',#1140,#3099);
#3099 = DEFINITIONAL_REPRESENTATION('',(#3100),#3104);
#3100 = LINE('',#3101,#3102);
#3101 = CARTESIAN_POINT('',(0.,0.));
#3102 = VECTOR('',#3103,1.);
#3103 = DIRECTION('',(0.,-1.));
#3104 = ( GEOMETRIC_REPRESENTATION_CONTEXT(2) 
PARAMETRIC_REPRESENTATION_CONTEXT() REPRESENTATION_CONTEXT('2D SPACE',''
  ) );
#3105 = PCURVE('',#1113,#3106);
#3106 = DEFINITIONAL_REPRESENTATION('',(#3107),#3111);
#3107 = LINE('',#3108,#3109);
#3108 = CARTESIAN_POINT('',(3.14159265359,0.));
#3109 = VECTOR('',#3110,1.);
#3110 = DIRECTION('',(0.,-1.));
#3111 = ( GEOMETRIC_REPRESENTATION_CONTEXT(2) 
PARAMETRIC_REPRESENTATION_CONTEXT() REPRESENTATION_CONTEXT('2D SPACE',''
  ) );
#3112 = ORIENTED_EDGE('',*,*,#3113,.T.);
#3113 = EDGE_CURVE('',#3091,#3041,#3114,.T.);
#3114 = SURFACE_CURVE('',#3115,(#3119,#3126),.PCURVE_S1.);
#3115 = LINE('',#3116,#3117);
#3116 = CARTESIAN_POINT('',(-6.6,-25.25,2.8));
#3117 = VECTOR('',#3118,1.);
#3118 = DIRECTION('',(1.110223024625E-16,1.,0.));
#3119 = PCURVE('',#1140,#3120);
#3120 = DEFINITIONAL_REPRESENTATION('',(#3121),#3125);
#3121 = LINE('',#3122,#3123);
#3122 = CARTESIAN_POINT('',(0.,-0.9));
#3123 = VECTOR('',#3124,1.);
#3124 = DIRECTION('',(1.,0.));
#3125 = ( GEOMETRIC_REPRESENTATION_CONTEXT(2) 
PARAMETRIC_REPRESENTATION_CONTEXT() REPRESENTATION_CONTEXT('2D SPACE',''
  ) );
#3126 = PCURVE('',#2810,#3127);
#3127 = DEFINITIONAL_REPRESENTATION('',(#3128),#3132);
#3128 = LINE('',#3129,#3130);
#3129 = CARTESIAN_POINT('',(1.7,-4.4));
#3130 = VECTOR('',#3131,1.);
#3131 = DIRECTION('',(-1.110223024625E-16,1.));
#3132 = ( GEOMETRIC_REPRESENTATION_CONTEXT(2) 
PARAMETRIC_REPRESENTATION_CONTEXT() REPRESENTATION_CONTEXT('2D SPACE',''
  ) );
#3133 = ORIENTED_EDGE('',*,*,#3040,.F.);
#3134 = ADVANCED_FACE('',(#3135),#1113,.T.);
#3135 = FACE_BOUND('',#3136,.T.);
#3136 = EDGE_LOOP('',(#3137,#3138,#3161,#3183));
#3137 = ORIENTED_EDGE('',*,*,#1092,.F.);
#3138 = ORIENTED_EDGE('',*,*,#3139,.T.);
#3139 = EDGE_CURVE('',#1067,#3140,#3142,.T.);
#3140 = VERTEX_POINT('',#3141);
#3141 = CARTESIAN_POINT('',(-6.1,-25.75,2.8));
#3142 = SURFACE_CURVE('',#3143,(#3147,#3154),.PCURVE_S1.);
#3143 = LINE('',#3144,#3145);
#3144 = CARTESIAN_POINT('',(-6.1,-25.75,1.9));
#3145 = VECTOR('',#3146,1.);
#3146 = DIRECTION('',(0.,0.,1.));
#3147 = PCURVE('',#1113,#3148);
#3148 = DEFINITIONAL_REPRESENTATION('',(#3149),#3153);
#3149 = LINE('',#3150,#3151);
#3150 = CARTESIAN_POINT('',(1.570796326795,0.));
#3151 = VECTOR('',#3152,1.);
#3152 = DIRECTION('',(0.,-1.));
#3153 = ( GEOMETRIC_REPRESENTATION_CONTEXT(2) 
PARAMETRIC_REPRESENTATION_CONTEXT() REPRESENTATION_CONTEXT('2D SPACE',''
  ) );
#3154 = PCURVE('',#1081,#3155);
#3155 = DEFINITIONAL_REPRESENTATION('',(#3156),#3160);
#3156 = LINE('',#3157,#3158);
#3157 = CARTESIAN_POINT('',(2.4,0.));
#3158 = VECTOR('',#3159,1.);
#3159 = DIRECTION('',(0.,-1.));
#3160 = ( GEOMETRIC_REPRESENTATION_CONTEXT(2) 
PARAMETRIC_REPRESENTATION_CONTEXT() REPRESENTATION_CONTEXT('2D SPACE',''
  ) );
#3161 = ORIENTED_EDGE('',*,*,#3162,.T.);
#3162 = EDGE_CURVE('',#3140,#3091,#3163,.T.);
#3163 = SURFACE_CURVE('',#3164,(#3169,#3176),.PCURVE_S1.);
#3164 = CIRCLE('',#3165,0.5);
#3165 = AXIS2_PLACEMENT_3D('',#3166,#3167,#3168);
#3166 = CARTESIAN_POINT('',(-6.1,-25.25,2.8));
#3167 = DIRECTION('',(0.,-0.,-1.));
#3168 = DIRECTION('',(1.,-1.110223024625E-16,0.));
#3169 = PCURVE('',#1113,#3170);
#3170 = DEFINITIONAL_REPRESENTATION('',(#3171),#3175);
#3171 = LINE('',#3172,#3173);
#3172 = CARTESIAN_POINT('',(0.,-0.9));
#3173 = VECTOR('',#3174,1.);
#3174 = DIRECTION('',(1.,0.));
#3175 = ( GEOMETRIC_REPRESENTATION_CONTEXT(2) 
PARAMETRIC_REPRESENTATION_CONTEXT() REPRESENTATION_CONTEXT('2D SPACE',''
  ) );
#3176 = PCURVE('',#2810,#3177);
#3177 = DEFINITIONAL_REPRESENTATION('',(#3178),#3182);
#3178 = CIRCLE('',#3179,0.5);
#3179 = AXIS2_PLACEMENT_2D('',#3180,#3181);
#3180 = CARTESIAN_POINT('',(1.2,-4.4));
#3181 = DIRECTION('',(-1.,-1.110223024625E-16));
#3182 = ( GEOMETRIC_REPRESENTATION_CONTEXT(2) 
PARAMETRIC_REPRESENTATION_CONTEXT() REPRESENTATION_CONTEXT('2D SPACE',''
  ) );
#3183 = ORIENTED_EDGE('',*,*,#3090,.F.);
#3184 = ADVANCED_FACE('',(#3185),#1081,.T.);
#3185 = FACE_BOUND('',#3186,.T.);
#3186 = EDGE_LOOP('',(#3187,#3188,#3211,#3232));
#3187 = ORIENTED_EDGE('',*,*,#1066,.T.);
#3188 = ORIENTED_EDGE('',*,*,#3189,.T.);
#3189 = EDGE_CURVE('',#1034,#3190,#3192,.T.);
#3190 = VERTEX_POINT('',#3191);
#3191 = CARTESIAN_POINT('',(-3.7,-25.75,2.8));
#3192 = SURFACE_CURVE('',#3193,(#3197,#3204),.PCURVE_S1.);
#3193 = LINE('',#3194,#3195);
#3194 = CARTESIAN_POINT('',(-3.7,-25.75,1.9));
#3195 = VECTOR('',#3196,1.);
#3196 = DIRECTION('',(0.,0.,1.));
#3197 = PCURVE('',#1081,#3198);
#3198 = DEFINITIONAL_REPRESENTATION('',(#3199),#3203);
#3199 = LINE('',#3200,#3201);
#3200 = CARTESIAN_POINT('',(0.,-0.));
#3201 = VECTOR('',#3202,1.);
#3202 = DIRECTION('',(0.,-1.));
#3203 = ( GEOMETRIC_REPRESENTATION_CONTEXT(2) 
PARAMETRIC_REPRESENTATION_CONTEXT() REPRESENTATION_CONTEXT('2D SPACE',''
  ) );
#3204 = PCURVE('',#1054,#3205);
#3205 = DEFINITIONAL_REPRESENTATION('',(#3206),#3210);
#3206 = LINE('',#3207,#3208);
#3207 = CARTESIAN_POINT('',(3.14159265359,0.));
#3208 = VECTOR('',#3209,1.);
#3209 = DIRECTION('',(0.,-1.));
#3210 = ( GEOMETRIC_REPRESENTATION_CONTEXT(2) 
PARAMETRIC_REPRESENTATION_CONTEXT() REPRESENTATION_CONTEXT('2D SPACE',''
  ) );
#3211 = ORIENTED_EDGE('',*,*,#3212,.T.);
#3212 = EDGE_CURVE('',#3190,#3140,#3213,.T.);
#3213 = SURFACE_CURVE('',#3214,(#3218,#3225),.PCURVE_S1.);
#3214 = LINE('',#3215,#3216);
#3215 = CARTESIAN_POINT('',(-3.7,-25.75,2.8));
#3216 = VECTOR('',#3217,1.);
#3217 = DIRECTION('',(-1.,0.,0.));
#3218 = PCURVE('',#1081,#3219);
#3219 = DEFINITIONAL_REPRESENTATION('',(#3220),#3224);
#3220 = LINE('',#3221,#3222);
#3221 = CARTESIAN_POINT('',(0.,-0.9));
#3222 = VECTOR('',#3223,1.);
#3223 = DIRECTION('',(1.,0.));
#3224 = ( GEOMETRIC_REPRESENTATION_CONTEXT(2) 
PARAMETRIC_REPRESENTATION_CONTEXT() REPRESENTATION_CONTEXT('2D SPACE',''
  ) );
#3225 = PCURVE('',#2810,#3226);
#3226 = DEFINITIONAL_REPRESENTATION('',(#3227),#3231);
#3227 = LINE('',#3228,#3229);
#3228 = CARTESIAN_POINT('',(-1.2,-4.9));
#3229 = VECTOR('',#3230,1.);
#3230 = DIRECTION('',(1.,0.));
#3231 = ( GEOMETRIC_REPRESENTATION_CONTEXT(2) 
PARAMETRIC_REPRESENTATION_CONTEXT() REPRESENTATION_CONTEXT('2D SPACE',''
  ) );
#3232 = ORIENTED_EDGE('',*,*,#3139,.F.);
#3233 = ADVANCED_FACE('',(#3234),#1054,.T.);
#3234 = FACE_BOUND('',#3235,.T.);
#3235 = EDGE_LOOP('',(#3236,#3237,#3260,#3282));
#3236 = ORIENTED_EDGE('',*,*,#1033,.F.);
#3237 = ORIENTED_EDGE('',*,*,#3238,.T.);
#3238 = EDGE_CURVE('',#1008,#3239,#3241,.T.);
#3239 = VERTEX_POINT('',#3240);
#3240 = CARTESIAN_POINT('',(-3.7,-24.75,2.8));
#3241 = SURFACE_CURVE('',#3242,(#3246,#3253),.PCURVE_S1.);
#3242 = LINE('',#3243,#3244);
#3243 = CARTESIAN_POINT('',(-3.7,-24.75,1.9));
#3244 = VECTOR('',#3245,1.);
#3245 = DIRECTION('',(0.,0.,1.));
#3246 = PCURVE('',#1054,#3247);
#3247 = DEFINITIONAL_REPRESENTATION('',(#3248),#3252);
#3248 = LINE('',#3249,#3250);
#3249 = CARTESIAN_POINT('',(0.,0.));
#3250 = VECTOR('',#3251,1.);
#3251 = DIRECTION('',(0.,-1.));
#3252 = ( GEOMETRIC_REPRESENTATION_CONTEXT(2) 
PARAMETRIC_REPRESENTATION_CONTEXT() REPRESENTATION_CONTEXT('2D SPACE',''
  ) );
#3253 = PCURVE('',#1022,#3254);
#3254 = DEFINITIONAL_REPRESENTATION('',(#3255),#3259);
#3255 = LINE('',#3256,#3257);
#3256 = CARTESIAN_POINT('',(2.4,0.));
#3257 = VECTOR('',#3258,1.);
#3258 = DIRECTION('',(0.,-1.));
#3259 = ( GEOMETRIC_REPRESENTATION_CONTEXT(2) 
PARAMETRIC_REPRESENTATION_CONTEXT() REPRESENTATION_CONTEXT('2D SPACE',''
  ) );
#3260 = ORIENTED_EDGE('',*,*,#3261,.T.);
#3261 = EDGE_CURVE('',#3239,#3190,#3262,.T.);
#3262 = SURFACE_CURVE('',#3263,(#3268,#3275),.PCURVE_S1.);
#3263 = CIRCLE('',#3264,0.5);
#3264 = AXIS2_PLACEMENT_3D('',#3265,#3266,#3267);
#3265 = CARTESIAN_POINT('',(-3.7,-25.25,2.8));
#3266 = DIRECTION('',(0.,0.,-1.));
#3267 = DIRECTION('',(0.,1.,0.));
#3268 = PCURVE('',#1054,#3269);
#3269 = DEFINITIONAL_REPRESENTATION('',(#3270),#3274);
#3270 = LINE('',#3271,#3272);
#3271 = CARTESIAN_POINT('',(0.,-0.9));
#3272 = VECTOR('',#3273,1.);
#3273 = DIRECTION('',(1.,0.));
#3274 = ( GEOMETRIC_REPRESENTATION_CONTEXT(2) 
PARAMETRIC_REPRESENTATION_CONTEXT() REPRESENTATION_CONTEXT('2D SPACE',''
  ) );
#3275 = PCURVE('',#2810,#3276);
#3276 = DEFINITIONAL_REPRESENTATION('',(#3277),#3281);
#3277 = CIRCLE('',#3278,0.5);
#3278 = AXIS2_PLACEMENT_2D('',#3279,#3280);
#3279 = CARTESIAN_POINT('',(-1.2,-4.4));
#3280 = DIRECTION('',(0.,1.));
#3281 = ( GEOMETRIC_REPRESENTATION_CONTEXT(2) 
PARAMETRIC_REPRESENTATION_CONTEXT() REPRESENTATION_CONTEXT('2D SPACE',''
  ) );
#3282 = ORIENTED_EDGE('',*,*,#3189,.F.);
#3283 = ADVANCED_FACE('',(#3284),#1022,.T.);
#3284 = FACE_BOUND('',#3285,.T.);
#3285 = EDGE_LOOP('',(#3286,#3287,#3308,#3329));
#3286 = ORIENTED_EDGE('',*,*,#1007,.T.);
#3287 = ORIENTED_EDGE('',*,*,#3288,.T.);
#3288 = EDGE_CURVE('',#982,#3289,#3291,.T.);
#3289 = VERTEX_POINT('',#3290);
#3290 = CARTESIAN_POINT('',(-5.6,-24.75,2.8));
#3291 = SURFACE_CURVE('',#3292,(#3296,#3302),.PCURVE_S1.);
#3292 = LINE('',#3293,#3294);
#3293 = CARTESIAN_POINT('',(-5.6,-24.75,1.9));
#3294 = VECTOR('',#3295,1.);
#3295 = DIRECTION('',(-0.,0.,1.));
#3296 = PCURVE('',#1022,#3297);
#3297 = DEFINITIONAL_REPRESENTATION('',(#3298),#3301);
#3298 = B_SPLINE_CURVE_WITH_KNOTS('',1,(#3299,#3300),.UNSPECIFIED.,.F.,
  .F.,(2,2),(0.,0.9),.PIECEWISE_BEZIER_KNOTS.);
#3299 = CARTESIAN_POINT('',(0.5,0.));
#3300 = CARTESIAN_POINT('',(0.5,-0.9));
#3301 = ( GEOMETRIC_REPRESENTATION_CONTEXT(2) 
PARAMETRIC_REPRESENTATION_CONTEXT() REPRESENTATION_CONTEXT('2D SPACE',''
  ) );
#3302 = PCURVE('',#996,#3303);
#3303 = DEFINITIONAL_REPRESENTATION('',(#3304),#3307);
#3304 = B_SPLINE_CURVE_WITH_KNOTS('',1,(#3305,#3306),.UNSPECIFIED.,.F.,
  .F.,(2,2),(0.,0.9),.PIECEWISE_BEZIER_KNOTS.);
#3305 = CARTESIAN_POINT('',(1.7,0.));
#3306 = CARTESIAN_POINT('',(1.7,-0.9));
#3307 = ( GEOMETRIC_REPRESENTATION_CONTEXT(2) 
PARAMETRIC_REPRESENTATION_CONTEXT() REPRESENTATION_CONTEXT('2D SPACE',''
  ) );
#3308 = ORIENTED_EDGE('',*,*,#3309,.T.);
#3309 = EDGE_CURVE('',#3289,#3239,#3310,.T.);
#3310 = SURFACE_CURVE('',#3311,(#3315,#3322),.PCURVE_S1.);
#3311 = LINE('',#3312,#3313);
#3312 = CARTESIAN_POINT('',(-6.1,-24.75,2.8));
#3313 = VECTOR('',#3314,1.);
#3314 = DIRECTION('',(1.,0.,0.));
#3315 = PCURVE('',#1022,#3316);
#3316 = DEFINITIONAL_REPRESENTATION('',(#3317),#3321);
#3317 = LINE('',#3318,#3319);
#3318 = CARTESIAN_POINT('',(0.,-0.9));
#3319 = VECTOR('',#3320,1.);
#3320 = DIRECTION('',(1.,0.));
#3321 = ( GEOMETRIC_REPRESENTATION_CONTEXT(2) 
PARAMETRIC_REPRESENTATION_CONTEXT() REPRESENTATION_CONTEXT('2D SPACE',''
  ) );
#3322 = PCURVE('',#2810,#3323);
#3323 = DEFINITIONAL_REPRESENTATION('',(#3324),#3328);
#3324 = LINE('',#3325,#3326);
#3325 = CARTESIAN_POINT('',(1.2,-3.9));
#3326 = VECTOR('',#3327,1.);
#3327 = DIRECTION('',(-1.,0.));
#3328 = ( GEOMETRIC_REPRESENTATION_CONTEXT(2) 
PARAMETRIC_REPRESENTATION_CONTEXT() REPRESENTATION_CONTEXT('2D SPACE',''
  ) );
#3329 = ORIENTED_EDGE('',*,*,#3238,.F.);
#3330 = ADVANCED_FACE('',(#3331),#996,.T.);
#3331 = FACE_BOUND('',#3332,.T.);
#3332 = EDGE_LOOP('',(#3333,#3334,#3355,#3376));
#3333 = ORIENTED_EDGE('',*,*,#981,.T.);
#3334 = ORIENTED_EDGE('',*,*,#3335,.T.);
#3335 = EDGE_CURVE('',#956,#3336,#3338,.T.);
#3336 = VERTEX_POINT('',#3337);
#3337 = CARTESIAN_POINT('',(-5.6,-23.55,2.8));
#3338 = SURFACE_CURVE('',#3339,(#3343,#3349),.PCURVE_S1.);
#3339 = LINE('',#3340,#3341);
#3340 = CARTESIAN_POINT('',(-5.6,-23.55,1.9));
#3341 = VECTOR('',#3342,1.);
#3342 = DIRECTION('',(0.,0.,1.));
#3343 = PCURVE('',#996,#3344);
#3344 = DEFINITIONAL_REPRESENTATION('',(#3345),#3348);
#3345 = B_SPLINE_CURVE_WITH_KNOTS('',1,(#3346,#3347),.UNSPECIFIED.,.F.,
  .F.,(2,2),(0.,0.9),.PIECEWISE_BEZIER_KNOTS.);
#3346 = CARTESIAN_POINT('',(0.5,0.));
#3347 = CARTESIAN_POINT('',(0.5,-0.9));
#3348 = ( GEOMETRIC_REPRESENTATION_CONTEXT(2) 
PARAMETRIC_REPRESENTATION_CONTEXT() REPRESENTATION_CONTEXT('2D SPACE',''
  ) );
#3349 = PCURVE('',#970,#3350);
#3350 = DEFINITIONAL_REPRESENTATION('',(#3351),#3354);
#3351 = B_SPLINE_CURVE_WITH_KNOTS('',1,(#3352,#3353),.UNSPECIFIED.,.F.,
  .F.,(2,2),(0.,0.9),.PIECEWISE_BEZIER_KNOTS.);
#3352 = CARTESIAN_POINT('',(1.9,0.));
#3353 = CARTESIAN_POINT('',(1.9,-0.9));
#3354 = ( GEOMETRIC_REPRESENTATION_CONTEXT(2) 
PARAMETRIC_REPRESENTATION_CONTEXT() REPRESENTATION_CONTEXT('2D SPACE',''
  ) );
#3355 = ORIENTED_EDGE('',*,*,#3356,.T.);
#3356 = EDGE_CURVE('',#3336,#3289,#3357,.T.);
#3357 = SURFACE_CURVE('',#3358,(#3362,#3369),.PCURVE_S1.);
#3358 = LINE('',#3359,#3360);
#3359 = CARTESIAN_POINT('',(-5.6,-23.05,2.8));
#3360 = VECTOR('',#3361,1.);
#3361 = DIRECTION('',(-1.110223024625E-16,-1.,0.));
#3362 = PCURVE('',#996,#3363);
#3363 = DEFINITIONAL_REPRESENTATION('',(#3364),#3368);
#3364 = LINE('',#3365,#3366);
#3365 = CARTESIAN_POINT('',(0.,-0.9));
#3366 = VECTOR('',#3367,1.);
#3367 = DIRECTION('',(1.,0.));
#3368 = ( GEOMETRIC_REPRESENTATION_CONTEXT(2) 
PARAMETRIC_REPRESENTATION_CONTEXT() REPRESENTATION_CONTEXT('2D SPACE',''
  ) );
#3369 = PCURVE('',#2810,#3370);
#3370 = DEFINITIONAL_REPRESENTATION('',(#3371),#3375);
#3371 = LINE('',#3372,#3373);
#3372 = CARTESIAN_POINT('',(0.7,-2.2));
#3373 = VECTOR('',#3374,1.);
#3374 = DIRECTION('',(1.110223024625E-16,-1.));
#3375 = ( GEOMETRIC_REPRESENTATION_CONTEXT(2) 
PARAMETRIC_REPRESENTATION_CONTEXT() REPRESENTATION_CONTEXT('2D SPACE',''
  ) );
#3376 = ORIENTED_EDGE('',*,*,#3288,.F.);
#3377 = ADVANCED_FACE('',(#3378),#970,.T.);
#3378 = FACE_BOUND('',#3379,.T.);
#3379 = EDGE_LOOP('',(#3380,#3381,#3404,#3425));
#3380 = ORIENTED_EDGE('',*,*,#955,.T.);
#3381 = ORIENTED_EDGE('',*,*,#3382,.T.);
#3382 = EDGE_CURVE('',#923,#3383,#3385,.T.);
#3383 = VERTEX_POINT('',#3384);
#3384 = CARTESIAN_POINT('',(-3.7,-23.55,2.8));
#3385 = SURFACE_CURVE('',#3386,(#3390,#3397),.PCURVE_S1.);
#3386 = LINE('',#3387,#3388);
#3387 = CARTESIAN_POINT('',(-3.7,-23.55,1.9));
#3388 = VECTOR('',#3389,1.);
#3389 = DIRECTION('',(0.,0.,1.));
#3390 = PCURVE('',#970,#3391);
#3391 = DEFINITIONAL_REPRESENTATION('',(#3392),#3396);
#3392 = LINE('',#3393,#3394);
#3393 = CARTESIAN_POINT('',(0.,-0.));
#3394 = VECTOR('',#3395,1.);
#3395 = DIRECTION('',(0.,-1.));
#3396 = ( GEOMETRIC_REPRESENTATION_CONTEXT(2) 
PARAMETRIC_REPRESENTATION_CONTEXT() REPRESENTATION_CONTEXT('2D SPACE',''
  ) );
#3397 = PCURVE('',#943,#3398);
#3398 = DEFINITIONAL_REPRESENTATION('',(#3399),#3403);
#3399 = LINE('',#3400,#3401);
#3400 = CARTESIAN_POINT('',(1.570796326795,0.));
#3401 = VECTOR('',#3402,1.);
#3402 = DIRECTION('',(0.,-1.));
#3403 = ( GEOMETRIC_REPRESENTATION_CONTEXT(2) 
PARAMETRIC_REPRESENTATION_CONTEXT() REPRESENTATION_CONTEXT('2D SPACE',''
  ) );
#3404 = ORIENTED_EDGE('',*,*,#3405,.T.);
#3405 = EDGE_CURVE('',#3383,#3336,#3406,.T.);
#3406 = SURFACE_CURVE('',#3407,(#3411,#3418),.PCURVE_S1.);
#3407 = LINE('',#3408,#3409);
#3408 = CARTESIAN_POINT('',(-3.7,-23.55,2.8));
#3409 = VECTOR('',#3410,1.);
#3410 = DIRECTION('',(-1.,0.,0.));
#3411 = PCURVE('',#970,#3412);
#3412 = DEFINITIONAL_REPRESENTATION('',(#3413),#3417);
#3413 = LINE('',#3414,#3415);
#3414 = CARTESIAN_POINT('',(0.,-0.9));
#3415 = VECTOR('',#3416,1.);
#3416 = DIRECTION('',(1.,0.));
#3417 = ( GEOMETRIC_REPRESENTATION_CONTEXT(2) 
PARAMETRIC_REPRESENTATION_CONTEXT() REPRESENTATION_CONTEXT('2D SPACE',''
  ) );
#3418 = PCURVE('',#2810,#3419);
#3419 = DEFINITIONAL_REPRESENTATION('',(#3420),#3424);
#3420 = LINE('',#3421,#3422);
#3421 = CARTESIAN_POINT('',(-1.2,-2.7));
#3422 = VECTOR('',#3423,1.);
#3423 = DIRECTION('',(1.,0.));
#3424 = ( GEOMETRIC_REPRESENTATION_CONTEXT(2) 
PARAMETRIC_REPRESENTATION_CONTEXT() REPRESENTATION_CONTEXT('2D SPACE',''
  ) );
#3425 = ORIENTED_EDGE('',*,*,#3335,.F.);
#3426 = ADVANCED_FACE('',(#3427),#943,.T.);
#3427 = FACE_BOUND('',#3428,.T.);
#3428 = EDGE_LOOP('',(#3429,#3430,#3453,#3475));
#3429 = ORIENTED_EDGE('',*,*,#922,.F.);
#3430 = ORIENTED_EDGE('',*,*,#3431,.T.);
#3431 = EDGE_CURVE('',#897,#3432,#3434,.T.);
#3432 = VERTEX_POINT('',#3433);
#3433 = CARTESIAN_POINT('',(-3.2,-23.05,2.8));
#3434 = SURFACE_CURVE('',#3435,(#3439,#3446),.PCURVE_S1.);
#3435 = LINE('',#3436,#3437);
#3436 = CARTESIAN_POINT('',(-3.2,-23.05,1.9));
#3437 = VECTOR('',#3438,1.);
#3438 = DIRECTION('',(0.,0.,1.));
#3439 = PCURVE('',#943,#3440);
#3440 = DEFINITIONAL_REPRESENTATION('',(#3441),#3445);
#3441 = LINE('',#3442,#3443);
#3442 = CARTESIAN_POINT('',(0.,0.));
#3443 = VECTOR('',#3444,1.);
#3444 = DIRECTION('',(0.,-1.));
#3445 = ( GEOMETRIC_REPRESENTATION_CONTEXT(2) 
PARAMETRIC_REPRESENTATION_CONTEXT() REPRESENTATION_CONTEXT('2D SPACE',''
  ) );
#3446 = PCURVE('',#911,#3447);
#3447 = DEFINITIONAL_REPRESENTATION('',(#3448),#3452);
#3448 = LINE('',#3449,#3450);
#3449 = CARTESIAN_POINT('',(2.2,0.));
#3450 = VECTOR('',#3451,1.);
#3451 = DIRECTION('',(0.,-1.));
#3452 = ( GEOMETRIC_REPRESENTATION_CONTEXT(2) 
PARAMETRIC_REPRESENTATION_CONTEXT() REPRESENTATION_CONTEXT('2D SPACE',''
  ) );
#3453 = ORIENTED_EDGE('',*,*,#3454,.T.);
#3454 = EDGE_CURVE('',#3432,#3383,#3455,.T.);
#3455 = SURFACE_CURVE('',#3456,(#3461,#3468),.PCURVE_S1.);
#3456 = CIRCLE('',#3457,0.5);
#3457 = AXIS2_PLACEMENT_3D('',#3458,#3459,#3460);
#3458 = CARTESIAN_POINT('',(-3.7,-23.05,2.8));
#3459 = DIRECTION('',(0.,0.,-1.));
#3460 = DIRECTION('',(1.,1.110223024625E-16,0.));
#3461 = PCURVE('',#943,#3462);
#3462 = DEFINITIONAL_REPRESENTATION('',(#3463),#3467);
#3463 = LINE('',#3464,#3465);
#3464 = CARTESIAN_POINT('',(0.,-0.9));
#3465 = VECTOR('',#3466,1.);
#3466 = DIRECTION('',(1.,0.));
#3467 = ( GEOMETRIC_REPRESENTATION_CONTEXT(2) 
PARAMETRIC_REPRESENTATION_CONTEXT() REPRESENTATION_CONTEXT('2D SPACE',''
  ) );
#3468 = PCURVE('',#2810,#3469);
#3469 = DEFINITIONAL_REPRESENTATION('',(#3470),#3474);
#3470 = CIRCLE('',#3471,0.5);
#3471 = AXIS2_PLACEMENT_2D('',#3472,#3473);
#3472 = CARTESIAN_POINT('',(-1.2,-2.2));
#3473 = DIRECTION('',(-1.,1.110223024625E-16));
#3474 = ( GEOMETRIC_REPRESENTATION_CONTEXT(2) 
PARAMETRIC_REPRESENTATION_CONTEXT() REPRESENTATION_CONTEXT('2D SPACE',''
  ) );
#3475 = ORIENTED_EDGE('',*,*,#3382,.F.);
#3476 = ADVANCED_FACE('',(#3477),#911,.T.);
#3477 = FACE_BOUND('',#3478,.T.);
#3478 = EDGE_LOOP('',(#3479,#3480,#3503,#3524));
#3479 = ORIENTED_EDGE('',*,*,#896,.T.);
#3480 = ORIENTED_EDGE('',*,*,#3481,.T.);
#3481 = EDGE_CURVE('',#864,#3482,#3484,.T.);
#3482 = VERTEX_POINT('',#3483);
#3483 = CARTESIAN_POINT('',(-3.2,-20.85,2.8));
#3484 = SURFACE_CURVE('',#3485,(#3489,#3496),.PCURVE_S1.);
#3485 = LINE('',#3486,#3487);
#3486 = CARTESIAN_POINT('',(-3.2,-20.85,1.9));
#3487 = VECTOR('',#3488,1.);
#3488 = DIRECTION('',(0.,0.,1.));
#3489 = PCURVE('',#911,#3490);
#3490 = DEFINITIONAL_REPRESENTATION('',(#3491),#3495);
#3491 = LINE('',#3492,#3493);
#3492 = CARTESIAN_POINT('',(0.,0.));
#3493 = VECTOR('',#3494,1.);
#3494 = DIRECTION('',(0.,-1.));
#3495 = ( GEOMETRIC_REPRESENTATION_CONTEXT(2) 
PARAMETRIC_REPRESENTATION_CONTEXT() REPRESENTATION_CONTEXT('2D SPACE',''
  ) );
#3496 = PCURVE('',#884,#3497);
#3497 = DEFINITIONAL_REPRESENTATION('',(#3498),#3502);
#3498 = LINE('',#3499,#3500);
#3499 = CARTESIAN_POINT('',(1.570796326795,0.));
#3500 = VECTOR('',#3501,1.);
#3501 = DIRECTION('',(0.,-1.));
#3502 = ( GEOMETRIC_REPRESENTATION_CONTEXT(2) 
PARAMETRIC_REPRESENTATION_CONTEXT() REPRESENTATION_CONTEXT('2D SPACE',''
  ) );
#3503 = ORIENTED_EDGE('',*,*,#3504,.T.);
#3504 = EDGE_CURVE('',#3482,#3432,#3505,.T.);
#3505 = SURFACE_CURVE('',#3506,(#3510,#3517),.PCURVE_S1.);
#3506 = LINE('',#3507,#3508);
#3507 = CARTESIAN_POINT('',(-3.2,-20.85,2.8));
#3508 = VECTOR('',#3509,1.);
#3509 = DIRECTION('',(1.110223024625E-16,-1.,0.));
#3510 = PCURVE('',#911,#3511);
#3511 = DEFINITIONAL_REPRESENTATION('',(#3512),#3516);
#3512 = LINE('',#3513,#3514);
#3513 = CARTESIAN_POINT('',(0.,-0.9));
#3514 = VECTOR('',#3515,1.);
#3515 = DIRECTION('',(1.,0.));
#3516 = ( GEOMETRIC_REPRESENTATION_CONTEXT(2) 
PARAMETRIC_REPRESENTATION_CONTEXT() REPRESENTATION_CONTEXT('2D SPACE',''
  ) );
#3517 = PCURVE('',#2810,#3518);
#3518 = DEFINITIONAL_REPRESENTATION('',(#3519),#3523);
#3519 = LINE('',#3520,#3521);
#3520 = CARTESIAN_POINT('',(-1.7,0.));
#3521 = VECTOR('',#3522,1.);
#3522 = DIRECTION('',(-1.110223024625E-16,-1.));
#3523 = ( GEOMETRIC_REPRESENTATION_CONTEXT(2) 
PARAMETRIC_REPRESENTATION_CONTEXT() REPRESENTATION_CONTEXT('2D SPACE',''
  ) );
#3524 = ORIENTED_EDGE('',*,*,#3431,.F.);
#3525 = ADVANCED_FACE('',(#3526),#884,.T.);
#3526 = FACE_BOUND('',#3527,.T.);
#3527 = EDGE_LOOP('',(#3528,#3529,#3530,#3552));
#3528 = ORIENTED_EDGE('',*,*,#863,.F.);
#3529 = ORIENTED_EDGE('',*,*,#2822,.T.);
#3530 = ORIENTED_EDGE('',*,*,#3531,.T.);
#3531 = EDGE_CURVE('',#2795,#3482,#3532,.T.);
#3532 = SURFACE_CURVE('',#3533,(#3538,#3545),.PCURVE_S1.);
#3533 = CIRCLE('',#3534,0.5);
#3534 = AXIS2_PLACEMENT_3D('',#3535,#3536,#3537);
#3535 = CARTESIAN_POINT('',(-3.7,-20.85,2.8));
#3536 = DIRECTION('',(0.,0.,-1.));
#3537 = DIRECTION('',(0.,1.,0.));
#3538 = PCURVE('',#884,#3539);
#3539 = DEFINITIONAL_REPRESENTATION('',(#3540),#3544);
#3540 = LINE('',#3541,#3542);
#3541 = CARTESIAN_POINT('',(0.,-0.9));
#3542 = VECTOR('',#3543,1.);
#3543 = DIRECTION('',(1.,0.));
#3544 = ( GEOMETRIC_REPRESENTATION_CONTEXT(2) 
PARAMETRIC_REPRESENTATION_CONTEXT() REPRESENTATION_CONTEXT('2D SPACE',''
  ) );
#3545 = PCURVE('',#2810,#3546);
#3546 = DEFINITIONAL_REPRESENTATION('',(#3547),#3551);
#3547 = CIRCLE('',#3548,0.5);
#3548 = AXIS2_PLACEMENT_2D('',#3549,#3550);
#3549 = CARTESIAN_POINT('',(-1.2,-3.552713678801E-15));
#3550 = DIRECTION('',(0.,1.));
#3551 = ( GEOMETRIC_REPRESENTATION_CONTEXT(2) 
PARAMETRIC_REPRESENTATION_CONTEXT() REPRESENTATION_CONTEXT('2D SPACE',''
  ) );
#3552 = ORIENTED_EDGE('',*,*,#3481,.F.);
#3553 = ADVANCED_FACE('',(#3554),#1312,.T.);
#3554 = FACE_BOUND('',#3555,.T.);
#3555 = EDGE_LOOP('',(#3556,#3557,#3580,#3608));
#3556 = ORIENTED_EDGE('',*,*,#1295,.T.);
#3557 = ORIENTED_EDGE('',*,*,#3558,.T.);
#3558 = EDGE_CURVE('',#1298,#3559,#3561,.T.);
#3559 = VERTEX_POINT('',#3560);
#3560 = CARTESIAN_POINT('',(-2.1,-20.35,2.8));
#3561 = SURFACE_CURVE('',#3562,(#3566,#3573),.PCURVE_S1.);
#3562 = LINE('',#3563,#3564);
#3563 = CARTESIAN_POINT('',(-2.1,-20.35,1.9));
#3564 = VECTOR('',#3565,1.);
#3565 = DIRECTION('',(0.,0.,1.));
#3566 = PCURVE('',#1312,#3567);
#3567 = DEFINITIONAL_REPRESENTATION('',(#3568),#3572);
#3568 = LINE('',#3569,#3570);
#3569 = CARTESIAN_POINT('',(0.,0.));
#3570 = VECTOR('',#3571,1.);
#3571 = DIRECTION('',(0.,-1.));
#3572 = ( GEOMETRIC_REPRESENTATION_CONTEXT(2) 
PARAMETRIC_REPRESENTATION_CONTEXT() REPRESENTATION_CONTEXT('2D SPACE',''
  ) );
#3573 = PCURVE('',#1741,#3574);
#3574 = DEFINITIONAL_REPRESENTATION('',(#3575),#3579);
#3575 = LINE('',#3576,#3577);
#3576 = CARTESIAN_POINT('',(3.14159265359,0.));
#3577 = VECTOR('',#3578,1.);
#3578 = DIRECTION('',(0.,-1.));
#3579 = ( GEOMETRIC_REPRESENTATION_CONTEXT(2) 
PARAMETRIC_REPRESENTATION_CONTEXT() REPRESENTATION_CONTEXT('2D SPACE',''
  ) );
#3580 = ORIENTED_EDGE('',*,*,#3581,.T.);
#3581 = EDGE_CURVE('',#3559,#3582,#3584,.T.);
#3582 = VERTEX_POINT('',#3583);
#3583 = CARTESIAN_POINT('',(0.3,-20.35,2.8));
#3584 = SURFACE_CURVE('',#3585,(#3589,#3596),.PCURVE_S1.);
#3585 = LINE('',#3586,#3587);
#3586 = CARTESIAN_POINT('',(-2.1,-20.35,2.8));
#3587 = VECTOR('',#3588,1.);
#3588 = DIRECTION('',(1.,0.,0.));
#3589 = PCURVE('',#1312,#3590);
#3590 = DEFINITIONAL_REPRESENTATION('',(#3591),#3595);
#3591 = LINE('',#3592,#3593);
#3592 = CARTESIAN_POINT('',(0.,-0.9));
#3593 = VECTOR('',#3594,1.);
#3594 = DIRECTION('',(1.,0.));
#3595 = ( GEOMETRIC_REPRESENTATION_CONTEXT(2) 
PARAMETRIC_REPRESENTATION_CONTEXT() REPRESENTATION_CONTEXT('2D SPACE',''
  ) );
#3596 = PCURVE('',#3597,#3602);
#3597 = PLANE('',#3598);
#3598 = AXIS2_PLACEMENT_3D('',#3599,#3600,#3601);
#3599 = CARTESIAN_POINT('',(-0.9,-20.85,2.8));
#3600 = DIRECTION('',(-0.,-0.,-1.));
#3601 = DIRECTION('',(-1.,0.,0.));
#3602 = DEFINITIONAL_REPRESENTATION('',(#3603),#3607);
#3603 = LINE('',#3604,#3605);
#3604 = CARTESIAN_POINT('',(1.2,0.5));
#3605 = VECTOR('',#3606,1.);
#3606 = DIRECTION('',(-1.,0.));
#3607 = ( GEOMETRIC_REPRESENTATION_CONTEXT(2) 
PARAMETRIC_REPRESENTATION_CONTEXT() REPRESENTATION_CONTEXT('2D SPACE',''
  ) );
#3608 = ORIENTED_EDGE('',*,*,#3609,.F.);
#3609 = EDGE_CURVE('',#1296,#3582,#3610,.T.);
#3610 = SURFACE_CURVE('',#3611,(#3615,#3622),.PCURVE_S1.);
#3611 = LINE('',#3612,#3613);
#3612 = CARTESIAN_POINT('',(0.3,-20.35,1.9));
#3613 = VECTOR('',#3614,1.);
#3614 = DIRECTION('',(0.,0.,1.));
#3615 = PCURVE('',#1312,#3616);
#3616 = DEFINITIONAL_REPRESENTATION('',(#3617),#3621);
#3617 = LINE('',#3618,#3619);
#3618 = CARTESIAN_POINT('',(2.4,0.));
#3619 = VECTOR('',#3620,1.);
#3620 = DIRECTION('',(0.,-1.));
#3621 = ( GEOMETRIC_REPRESENTATION_CONTEXT(2) 
PARAMETRIC_REPRESENTATION_CONTEXT() REPRESENTATION_CONTEXT('2D SPACE',''
  ) );
#3622 = PCURVE('',#1344,#3623);
#3623 = DEFINITIONAL_REPRESENTATION('',(#3624),#3628);
#3624 = LINE('',#3625,#3626);
#3625 = CARTESIAN_POINT('',(0.,0.));
#3626 = VECTOR('',#3627,1.);
#3627 = DIRECTION('',(0.,-1.));
#3628 = ( GEOMETRIC_REPRESENTATION_CONTEXT(2) 
PARAMETRIC_REPRESENTATION_CONTEXT() REPRESENTATION_CONTEXT('2D SPACE',''
  ) );
#3629 = ADVANCED_FACE('',(#3630),#1741,.T.);
#3630 = FACE_BOUND('',#3631,.T.);
#3631 = EDGE_LOOP('',(#3632,#3633,#3656,#3678));
#3632 = ORIENTED_EDGE('',*,*,#1722,.F.);
#3633 = ORIENTED_EDGE('',*,*,#3634,.T.);
#3634 = EDGE_CURVE('',#1697,#3635,#3637,.T.);
#3635 = VERTEX_POINT('',#3636);
#3636 = CARTESIAN_POINT('',(-2.1,-21.35,2.8));
#3637 = SURFACE_CURVE('',#3638,(#3642,#3649),.PCURVE_S1.);
#3638 = LINE('',#3639,#3640);
#3639 = CARTESIAN_POINT('',(-2.1,-21.35,1.9));
#3640 = VECTOR('',#3641,1.);
#3641 = DIRECTION('',(0.,0.,1.));
#3642 = PCURVE('',#1741,#3643);
#3643 = DEFINITIONAL_REPRESENTATION('',(#3644),#3648);
#3644 = LINE('',#3645,#3646);
#3645 = CARTESIAN_POINT('',(0.,0.));
#3646 = VECTOR('',#3647,1.);
#3647 = DIRECTION('',(0.,-1.));
#3648 = ( GEOMETRIC_REPRESENTATION_CONTEXT(2) 
PARAMETRIC_REPRESENTATION_CONTEXT() REPRESENTATION_CONTEXT('2D SPACE',''
  ) );
#3649 = PCURVE('',#1711,#3650);
#3650 = DEFINITIONAL_REPRESENTATION('',(#3651),#3655);
#3651 = LINE('',#3652,#3653);
#3652 = CARTESIAN_POINT('',(2.4,0.));
#3653 = VECTOR('',#3654,1.);
#3654 = DIRECTION('',(0.,-1.));
#3655 = ( GEOMETRIC_REPRESENTATION_CONTEXT(2) 
PARAMETRIC_REPRESENTATION_CONTEXT() REPRESENTATION_CONTEXT('2D SPACE',''
  ) );
#3656 = ORIENTED_EDGE('',*,*,#3657,.T.);
#3657 = EDGE_CURVE('',#3635,#3559,#3658,.T.);
#3658 = SURFACE_CURVE('',#3659,(#3664,#3671),.PCURVE_S1.);
#3659 = CIRCLE('',#3660,0.5);
#3660 = AXIS2_PLACEMENT_3D('',#3661,#3662,#3663);
#3661 = CARTESIAN_POINT('',(-2.1,-20.85,2.8));
#3662 = DIRECTION('',(0.,-0.,-1.));
#3663 = DIRECTION('',(0.,-1.,0.));
#3664 = PCURVE('',#1741,#3665);
#3665 = DEFINITIONAL_REPRESENTATION('',(#3666),#3670);
#3666 = LINE('',#3667,#3668);
#3667 = CARTESIAN_POINT('',(0.,-0.9));
#3668 = VECTOR('',#3669,1.);
#3669 = DIRECTION('',(1.,0.));
#3670 = ( GEOMETRIC_REPRESENTATION_CONTEXT(2) 
PARAMETRIC_REPRESENTATION_CONTEXT() REPRESENTATION_CONTEXT('2D SPACE',''
  ) );
#3671 = PCURVE('',#3597,#3672);
#3672 = DEFINITIONAL_REPRESENTATION('',(#3673),#3677);
#3673 = CIRCLE('',#3674,0.5);
#3674 = AXIS2_PLACEMENT_2D('',#3675,#3676);
#3675 = CARTESIAN_POINT('',(1.2,7.105427357601E-15));
#3676 = DIRECTION('',(0.,-1.));
#3677 = ( GEOMETRIC_REPRESENTATION_CONTEXT(2) 
PARAMETRIC_REPRESENTATION_CONTEXT() REPRESENTATION_CONTEXT('2D SPACE',''
  ) );
#3678 = ORIENTED_EDGE('',*,*,#3558,.F.);
#3679 = ADVANCED_FACE('',(#3680),#1711,.T.);
#3680 = FACE_BOUND('',#3681,.T.);
#3681 = EDGE_LOOP('',(#3682,#3683,#3704,#3725));
#3682 = ORIENTED_EDGE('',*,*,#1696,.T.);
#3683 = ORIENTED_EDGE('',*,*,#3684,.F.);
#3684 = EDGE_CURVE('',#3685,#1671,#3687,.T.);
#3685 = VERTEX_POINT('',#3686);
#3686 = CARTESIAN_POINT('',(-0.2,-21.35,2.8));
#3687 = SURFACE_CURVE('',#3688,(#3692,#3698),.PCURVE_S1.);
#3688 = LINE('',#3689,#3690);
#3689 = CARTESIAN_POINT('',(-0.2,-21.35,1.9));
#3690 = VECTOR('',#3691,1.);
#3691 = DIRECTION('',(0.,-0.,-1.));
#3692 = PCURVE('',#1711,#3693);
#3693 = DEFINITIONAL_REPRESENTATION('',(#3694),#3697);
#3694 = B_SPLINE_CURVE_WITH_KNOTS('',1,(#3695,#3696),.UNSPECIFIED.,.F.,
  .F.,(2,2),(-0.9,0.),.PIECEWISE_BEZIER_KNOTS.);
#3695 = CARTESIAN_POINT('',(0.5,-0.9));
#3696 = CARTESIAN_POINT('',(0.5,0.));
#3697 = ( GEOMETRIC_REPRESENTATION_CONTEXT(2) 
PARAMETRIC_REPRESENTATION_CONTEXT() REPRESENTATION_CONTEXT('2D SPACE',''
  ) );
#3698 = PCURVE('',#1685,#3699);
#3699 = DEFINITIONAL_REPRESENTATION('',(#3700),#3703);
#3700 = B_SPLINE_CURVE_WITH_KNOTS('',1,(#3701,#3702),.UNSPECIFIED.,.F.,
  .F.,(2,2),(-0.9,0.),.PIECEWISE_BEZIER_KNOTS.);
#3701 = CARTESIAN_POINT('',(1.7,-0.9));
#3702 = CARTESIAN_POINT('',(1.7,0.));
#3703 = ( GEOMETRIC_REPRESENTATION_CONTEXT(2) 
PARAMETRIC_REPRESENTATION_CONTEXT() REPRESENTATION_CONTEXT('2D SPACE',''
  ) );
#3704 = ORIENTED_EDGE('',*,*,#3705,.T.);
#3705 = EDGE_CURVE('',#3685,#3635,#3706,.T.);
#3706 = SURFACE_CURVE('',#3707,(#3711,#3718),.PCURVE_S1.);
#3707 = LINE('',#3708,#3709);
#3708 = CARTESIAN_POINT('',(0.3,-21.35,2.8));
#3709 = VECTOR('',#3710,1.);
#3710 = DIRECTION('',(-1.,0.,0.));
#3711 = PCURVE('',#1711,#3712);
#3712 = DEFINITIONAL_REPRESENTATION('',(#3713),#3717);
#3713 = LINE('',#3714,#3715);
#3714 = CARTESIAN_POINT('',(0.,-0.9));
#3715 = VECTOR('',#3716,1.);
#3716 = DIRECTION('',(1.,0.));
#3717 = ( GEOMETRIC_REPRESENTATION_CONTEXT(2) 
PARAMETRIC_REPRESENTATION_CONTEXT() REPRESENTATION_CONTEXT('2D SPACE',''
  ) );
#3718 = PCURVE('',#3597,#3719);
#3719 = DEFINITIONAL_REPRESENTATION('',(#3720),#3724);
#3720 = LINE('',#3721,#3722);
#3721 = CARTESIAN_POINT('',(-1.2,-0.5));
#3722 = VECTOR('',#3723,1.);
#3723 = DIRECTION('',(1.,0.));
#3724 = ( GEOMETRIC_REPRESENTATION_CONTEXT(2) 
PARAMETRIC_REPRESENTATION_CONTEXT() REPRESENTATION_CONTEXT('2D SPACE',''
  ) );
#3725 = ORIENTED_EDGE('',*,*,#3634,.F.);
#3726 = ADVANCED_FACE('',(#3727),#1685,.T.);
#3727 = FACE_BOUND('',#3728,.T.);
#3728 = EDGE_LOOP('',(#3729,#3730,#3751,#3772));
#3729 = ORIENTED_EDGE('',*,*,#1670,.T.);
#3730 = ORIENTED_EDGE('',*,*,#3731,.F.);
#3731 = EDGE_CURVE('',#3732,#1645,#3734,.T.);
#3732 = VERTEX_POINT('',#3733);
#3733 = CARTESIAN_POINT('',(-0.2,-22.55,2.8));
#3734 = SURFACE_CURVE('',#3735,(#3739,#3745),.PCURVE_S1.);
#3735 = LINE('',#3736,#3737);
#3736 = CARTESIAN_POINT('',(-0.2,-22.55,1.9));
#3737 = VECTOR('',#3738,1.);
#3738 = DIRECTION('',(-0.,0.,-1.));
#3739 = PCURVE('',#1685,#3740);
#3740 = DEFINITIONAL_REPRESENTATION('',(#3741),#3744);
#3741 = B_SPLINE_CURVE_WITH_KNOTS('',1,(#3742,#3743),.UNSPECIFIED.,.F.,
  .F.,(2,2),(-0.9,0.),.PIECEWISE_BEZIER_KNOTS.);
#3742 = CARTESIAN_POINT('',(0.5,-0.9));
#3743 = CARTESIAN_POINT('',(0.5,0.));
#3744 = ( GEOMETRIC_REPRESENTATION_CONTEXT(2) 
PARAMETRIC_REPRESENTATION_CONTEXT() REPRESENTATION_CONTEXT('2D SPACE',''
  ) );
#3745 = PCURVE('',#1659,#3746);
#3746 = DEFINITIONAL_REPRESENTATION('',(#3747),#3750);
#3747 = B_SPLINE_CURVE_WITH_KNOTS('',1,(#3748,#3749),.UNSPECIFIED.,.F.,
  .F.,(2,2),(-0.9,0.),.PIECEWISE_BEZIER_KNOTS.);
#3748 = CARTESIAN_POINT('',(1.9,-0.9));
#3749 = CARTESIAN_POINT('',(1.9,0.));
#3750 = ( GEOMETRIC_REPRESENTATION_CONTEXT(2) 
PARAMETRIC_REPRESENTATION_CONTEXT() REPRESENTATION_CONTEXT('2D SPACE',''
  ) );
#3751 = ORIENTED_EDGE('',*,*,#3752,.T.);
#3752 = EDGE_CURVE('',#3732,#3685,#3753,.T.);
#3753 = SURFACE_CURVE('',#3754,(#3758,#3765),.PCURVE_S1.);
#3754 = LINE('',#3755,#3756);
#3755 = CARTESIAN_POINT('',(-0.2,-23.05,2.8));
#3756 = VECTOR('',#3757,1.);
#3757 = DIRECTION('',(-1.110223024625E-16,1.,0.));
#3758 = PCURVE('',#1685,#3759);
#3759 = DEFINITIONAL_REPRESENTATION('',(#3760),#3764);
#3760 = LINE('',#3761,#3762);
#3761 = CARTESIAN_POINT('',(0.,-0.9));
#3762 = VECTOR('',#3763,1.);
#3763 = DIRECTION('',(1.,0.));
#3764 = ( GEOMETRIC_REPRESENTATION_CONTEXT(2) 
PARAMETRIC_REPRESENTATION_CONTEXT() REPRESENTATION_CONTEXT('2D SPACE',''
  ) );
#3765 = PCURVE('',#3597,#3766);
#3766 = DEFINITIONAL_REPRESENTATION('',(#3767),#3771);
#3767 = LINE('',#3768,#3769);
#3768 = CARTESIAN_POINT('',(-0.7,-2.2));
#3769 = VECTOR('',#3770,1.);
#3770 = DIRECTION('',(1.110223024625E-16,1.));
#3771 = ( GEOMETRIC_REPRESENTATION_CONTEXT(2) 
PARAMETRIC_REPRESENTATION_CONTEXT() REPRESENTATION_CONTEXT('2D SPACE',''
  ) );
#3772 = ORIENTED_EDGE('',*,*,#3684,.T.);
#3773 = ADVANCED_FACE('',(#3774),#1659,.T.);
#3774 = FACE_BOUND('',#3775,.T.);
#3775 = EDGE_LOOP('',(#3776,#3777,#3800,#3821));
#3776 = ORIENTED_EDGE('',*,*,#1644,.T.);
#3777 = ORIENTED_EDGE('',*,*,#3778,.T.);
#3778 = EDGE_CURVE('',#1612,#3779,#3781,.T.);
#3779 = VERTEX_POINT('',#3780);
#3780 = CARTESIAN_POINT('',(-2.1,-22.55,2.8));
#3781 = SURFACE_CURVE('',#3782,(#3786,#3793),.PCURVE_S1.);
#3782 = LINE('',#3783,#3784);
#3783 = CARTESIAN_POINT('',(-2.1,-22.55,1.9));
#3784 = VECTOR('',#3785,1.);
#3785 = DIRECTION('',(0.,0.,1.));
#3786 = PCURVE('',#1659,#3787);
#3787 = DEFINITIONAL_REPRESENTATION('',(#3788),#3792);
#3788 = LINE('',#3789,#3790);
#3789 = CARTESIAN_POINT('',(0.,0.));
#3790 = VECTOR('',#3791,1.);
#3791 = DIRECTION('',(0.,-1.));
#3792 = ( GEOMETRIC_REPRESENTATION_CONTEXT(2) 
PARAMETRIC_REPRESENTATION_CONTEXT() REPRESENTATION_CONTEXT('2D SPACE',''
  ) );
#3793 = PCURVE('',#1632,#3794);
#3794 = DEFINITIONAL_REPRESENTATION('',(#3795),#3799);
#3795 = LINE('',#3796,#3797);
#3796 = CARTESIAN_POINT('',(3.14159265359,0.));
#3797 = VECTOR('',#3798,1.);
#3798 = DIRECTION('',(0.,-1.));
#3799 = ( GEOMETRIC_REPRESENTATION_CONTEXT(2) 
PARAMETRIC_REPRESENTATION_CONTEXT() REPRESENTATION_CONTEXT('2D SPACE',''
  ) );
#3800 = ORIENTED_EDGE('',*,*,#3801,.T.);
#3801 = EDGE_CURVE('',#3779,#3732,#3802,.T.);
#3802 = SURFACE_CURVE('',#3803,(#3807,#3814),.PCURVE_S1.);
#3803 = LINE('',#3804,#3805);
#3804 = CARTESIAN_POINT('',(-2.1,-22.55,2.8));
#3805 = VECTOR('',#3806,1.);
#3806 = DIRECTION('',(1.,0.,0.));
#3807 = PCURVE('',#1659,#3808);
#3808 = DEFINITIONAL_REPRESENTATION('',(#3809),#3813);
#3809 = LINE('',#3810,#3811);
#3810 = CARTESIAN_POINT('',(0.,-0.9));
#3811 = VECTOR('',#3812,1.);
#3812 = DIRECTION('',(1.,0.));
#3813 = ( GEOMETRIC_REPRESENTATION_CONTEXT(2) 
PARAMETRIC_REPRESENTATION_CONTEXT() REPRESENTATION_CONTEXT('2D SPACE',''
  ) );
#3814 = PCURVE('',#3597,#3815);
#3815 = DEFINITIONAL_REPRESENTATION('',(#3816),#3820);
#3816 = LINE('',#3817,#3818);
#3817 = CARTESIAN_POINT('',(1.2,-1.7));
#3818 = VECTOR('',#3819,1.);
#3819 = DIRECTION('',(-1.,0.));
#3820 = ( GEOMETRIC_REPRESENTATION_CONTEXT(2) 
PARAMETRIC_REPRESENTATION_CONTEXT() REPRESENTATION_CONTEXT('2D SPACE',''
  ) );
#3821 = ORIENTED_EDGE('',*,*,#3731,.T.);
#3822 = ADVANCED_FACE('',(#3823),#1632,.T.);
#3823 = FACE_BOUND('',#3824,.T.);
#3824 = EDGE_LOOP('',(#3825,#3826,#3849,#3871));
#3825 = ORIENTED_EDGE('',*,*,#1611,.F.);
#3826 = ORIENTED_EDGE('',*,*,#3827,.T.);
#3827 = EDGE_CURVE('',#1586,#3828,#3830,.T.);
#3828 = VERTEX_POINT('',#3829);
#3829 = CARTESIAN_POINT('',(-2.6,-23.05,2.8));
#3830 = SURFACE_CURVE('',#3831,(#3835,#3842),.PCURVE_S1.);
#3831 = LINE('',#3832,#3833);
#3832 = CARTESIAN_POINT('',(-2.6,-23.05,1.9));
#3833 = VECTOR('',#3834,1.);
#3834 = DIRECTION('',(0.,0.,1.));
#3835 = PCURVE('',#1632,#3836);
#3836 = DEFINITIONAL_REPRESENTATION('',(#3837),#3841);
#3837 = LINE('',#3838,#3839);
#3838 = CARTESIAN_POINT('',(1.570796326795,0.));
#3839 = VECTOR('',#3840,1.);
#3840 = DIRECTION('',(0.,-1.));
#3841 = ( GEOMETRIC_REPRESENTATION_CONTEXT(2) 
PARAMETRIC_REPRESENTATION_CONTEXT() REPRESENTATION_CONTEXT('2D SPACE',''
  ) );
#3842 = PCURVE('',#1600,#3843);
#3843 = DEFINITIONAL_REPRESENTATION('',(#3844),#3848);
#3844 = LINE('',#3845,#3846);
#3845 = CARTESIAN_POINT('',(2.2,0.));
#3846 = VECTOR('',#3847,1.);
#3847 = DIRECTION('',(0.,-1.));
#3848 = ( GEOMETRIC_REPRESENTATION_CONTEXT(2) 
PARAMETRIC_REPRESENTATION_CONTEXT() REPRESENTATION_CONTEXT('2D SPACE',''
  ) );
#3849 = ORIENTED_EDGE('',*,*,#3850,.T.);
#3850 = EDGE_CURVE('',#3828,#3779,#3851,.T.);
#3851 = SURFACE_CURVE('',#3852,(#3857,#3864),.PCURVE_S1.);
#3852 = CIRCLE('',#3853,0.5);
#3853 = AXIS2_PLACEMENT_3D('',#3854,#3855,#3856);
#3854 = CARTESIAN_POINT('',(-2.1,-23.05,2.8));
#3855 = DIRECTION('',(0.,-0.,-1.));
#3856 = DIRECTION('',(0.,-1.,0.));
#3857 = PCURVE('',#1632,#3858);
#3858 = DEFINITIONAL_REPRESENTATION('',(#3859),#3863);
#3859 = LINE('',#3860,#3861);
#3860 = CARTESIAN_POINT('',(0.,-0.9));
#3861 = VECTOR('',#3862,1.);
#3862 = DIRECTION('',(1.,0.));
#3863 = ( GEOMETRIC_REPRESENTATION_CONTEXT(2) 
PARAMETRIC_REPRESENTATION_CONTEXT() REPRESENTATION_CONTEXT('2D SPACE',''
  ) );
#3864 = PCURVE('',#3597,#3865);
#3865 = DEFINITIONAL_REPRESENTATION('',(#3866),#3870);
#3866 = CIRCLE('',#3867,0.5);
#3867 = AXIS2_PLACEMENT_2D('',#3868,#3869);
#3868 = CARTESIAN_POINT('',(1.2,-2.2));
#3869 = DIRECTION('',(0.,-1.));
#3870 = ( GEOMETRIC_REPRESENTATION_CONTEXT(2) 
PARAMETRIC_REPRESENTATION_CONTEXT() REPRESENTATION_CONTEXT('2D SPACE',''
  ) );
#3871 = ORIENTED_EDGE('',*,*,#3778,.F.);
#3872 = ADVANCED_FACE('',(#3873),#1600,.T.);
#3873 = FACE_BOUND('',#3874,.T.);
#3874 = EDGE_LOOP('',(#3875,#3876,#3899,#3920));
#3875 = ORIENTED_EDGE('',*,*,#1585,.T.);
#3876 = ORIENTED_EDGE('',*,*,#3877,.T.);
#3877 = EDGE_CURVE('',#1553,#3878,#3880,.T.);
#3878 = VERTEX_POINT('',#3879);
#3879 = CARTESIAN_POINT('',(-2.6,-25.25,2.8));
#3880 = SURFACE_CURVE('',#3881,(#3885,#3892),.PCURVE_S1.);
#3881 = LINE('',#3882,#3883);
#3882 = CARTESIAN_POINT('',(-2.6,-25.25,1.9));
#3883 = VECTOR('',#3884,1.);
#3884 = DIRECTION('',(0.,0.,1.));
#3885 = PCURVE('',#1600,#3886);
#3886 = DEFINITIONAL_REPRESENTATION('',(#3887),#3891);
#3887 = LINE('',#3888,#3889);
#3888 = CARTESIAN_POINT('',(0.,0.));
#3889 = VECTOR('',#3890,1.);
#3890 = DIRECTION('',(0.,-1.));
#3891 = ( GEOMETRIC_REPRESENTATION_CONTEXT(2) 
PARAMETRIC_REPRESENTATION_CONTEXT() REPRESENTATION_CONTEXT('2D SPACE',''
  ) );
#3892 = PCURVE('',#1573,#3893);
#3893 = DEFINITIONAL_REPRESENTATION('',(#3894),#3898);
#3894 = LINE('',#3895,#3896);
#3895 = CARTESIAN_POINT('',(3.14159265359,0.));
#3896 = VECTOR('',#3897,1.);
#3897 = DIRECTION('',(0.,-1.));
#3898 = ( GEOMETRIC_REPRESENTATION_CONTEXT(2) 
PARAMETRIC_REPRESENTATION_CONTEXT() REPRESENTATION_CONTEXT('2D SPACE',''
  ) );
#3899 = ORIENTED_EDGE('',*,*,#3900,.T.);
#3900 = EDGE_CURVE('',#3878,#3828,#3901,.T.);
#3901 = SURFACE_CURVE('',#3902,(#3906,#3913),.PCURVE_S1.);
#3902 = LINE('',#3903,#3904);
#3903 = CARTESIAN_POINT('',(-2.6,-25.25,2.8));
#3904 = VECTOR('',#3905,1.);
#3905 = DIRECTION('',(1.110223024625E-16,1.,0.));
#3906 = PCURVE('',#1600,#3907);
#3907 = DEFINITIONAL_REPRESENTATION('',(#3908),#3912);
#3908 = LINE('',#3909,#3910);
#3909 = CARTESIAN_POINT('',(0.,-0.9));
#3910 = VECTOR('',#3911,1.);
#3911 = DIRECTION('',(1.,0.));
#3912 = ( GEOMETRIC_REPRESENTATION_CONTEXT(2) 
PARAMETRIC_REPRESENTATION_CONTEXT() REPRESENTATION_CONTEXT('2D SPACE',''
  ) );
#3913 = PCURVE('',#3597,#3914);
#3914 = DEFINITIONAL_REPRESENTATION('',(#3915),#3919);
#3915 = LINE('',#3916,#3917);
#3916 = CARTESIAN_POINT('',(1.7,-4.4));
#3917 = VECTOR('',#3918,1.);
#3918 = DIRECTION('',(-1.110223024625E-16,1.));
#3919 = ( GEOMETRIC_REPRESENTATION_CONTEXT(2) 
PARAMETRIC_REPRESENTATION_CONTEXT() REPRESENTATION_CONTEXT('2D SPACE',''
  ) );
#3920 = ORIENTED_EDGE('',*,*,#3827,.F.);
#3921 = ADVANCED_FACE('',(#3922),#1573,.T.);
#3922 = FACE_BOUND('',#3923,.T.);
#3923 = EDGE_LOOP('',(#3924,#3925,#3948,#3970));
#3924 = ORIENTED_EDGE('',*,*,#1552,.F.);
#3925 = ORIENTED_EDGE('',*,*,#3926,.T.);
#3926 = EDGE_CURVE('',#1527,#3927,#3929,.T.);
#3927 = VERTEX_POINT('',#3928);
#3928 = CARTESIAN_POINT('',(-2.1,-25.75,2.8));
#3929 = SURFACE_CURVE('',#3930,(#3934,#3941),.PCURVE_S1.);
#3930 = LINE('',#3931,#3932);
#3931 = CARTESIAN_POINT('',(-2.1,-25.75,1.9));
#3932 = VECTOR('',#3933,1.);
#3933 = DIRECTION('',(0.,0.,1.));
#3934 = PCURVE('',#1573,#3935);
#3935 = DEFINITIONAL_REPRESENTATION('',(#3936),#3940);
#3936 = LINE('',#3937,#3938);
#3937 = CARTESIAN_POINT('',(1.570796326795,0.));
#3938 = VECTOR('',#3939,1.);
#3939 = DIRECTION('',(0.,-1.));
#3940 = ( GEOMETRIC_REPRESENTATION_CONTEXT(2) 
PARAMETRIC_REPRESENTATION_CONTEXT() REPRESENTATION_CONTEXT('2D SPACE',''
  ) );
#3941 = PCURVE('',#1541,#3942);
#3942 = DEFINITIONAL_REPRESENTATION('',(#3943),#3947);
#3943 = LINE('',#3944,#3945);
#3944 = CARTESIAN_POINT('',(2.4,0.));
#3945 = VECTOR('',#3946,1.);
#3946 = DIRECTION('',(0.,-1.));
#3947 = ( GEOMETRIC_REPRESENTATION_CONTEXT(2) 
PARAMETRIC_REPRESENTATION_CONTEXT() REPRESENTATION_CONTEXT('2D SPACE',''
  ) );
#3948 = ORIENTED_EDGE('',*,*,#3949,.T.);
#3949 = EDGE_CURVE('',#3927,#3878,#3950,.T.);
#3950 = SURFACE_CURVE('',#3951,(#3956,#3963),.PCURVE_S1.);
#3951 = CIRCLE('',#3952,0.5);
#3952 = AXIS2_PLACEMENT_3D('',#3953,#3954,#3955);
#3953 = CARTESIAN_POINT('',(-2.1,-25.25,2.8));
#3954 = DIRECTION('',(0.,-0.,-1.));
#3955 = DIRECTION('',(1.,-1.110223024625E-16,0.));
#3956 = PCURVE('',#1573,#3957);
#3957 = DEFINITIONAL_REPRESENTATION('',(#3958),#3962);
#3958 = LINE('',#3959,#3960);
#3959 = CARTESIAN_POINT('',(0.,-0.9));
#3960 = VECTOR('',#3961,1.);
#3961 = DIRECTION('',(1.,0.));
#3962 = ( GEOMETRIC_REPRESENTATION_CONTEXT(2) 
PARAMETRIC_REPRESENTATION_CONTEXT() REPRESENTATION_CONTEXT('2D SPACE',''
  ) );
#3963 = PCURVE('',#3597,#3964);
#3964 = DEFINITIONAL_REPRESENTATION('',(#3965),#3969);
#3965 = CIRCLE('',#3966,0.5);
#3966 = AXIS2_PLACEMENT_2D('',#3967,#3968);
#3967 = CARTESIAN_POINT('',(1.2,-4.4));
#3968 = DIRECTION('',(-1.,-1.110223024625E-16));
#3969 = ( GEOMETRIC_REPRESENTATION_CONTEXT(2) 
PARAMETRIC_REPRESENTATION_CONTEXT() REPRESENTATION_CONTEXT('2D SPACE',''
  ) );
#3970 = ORIENTED_EDGE('',*,*,#3877,.F.);
#3971 = ADVANCED_FACE('',(#3972),#1541,.T.);
#3972 = FACE_BOUND('',#3973,.T.);
#3973 = EDGE_LOOP('',(#3974,#3975,#3998,#4019));
#3974 = ORIENTED_EDGE('',*,*,#1526,.T.);
#3975 = ORIENTED_EDGE('',*,*,#3976,.T.);
#3976 = EDGE_CURVE('',#1494,#3977,#3979,.T.);
#3977 = VERTEX_POINT('',#3978);
#3978 = CARTESIAN_POINT('',(0.3,-25.75,2.8));
#3979 = SURFACE_CURVE('',#3980,(#3984,#3991),.PCURVE_S1.);
#3980 = LINE('',#3981,#3982);
#3981 = CARTESIAN_POINT('',(0.3,-25.75,1.9));
#3982 = VECTOR('',#3983,1.);
#3983 = DIRECTION('',(0.,0.,1.));
#3984 = PCURVE('',#1541,#3985);
#3985 = DEFINITIONAL_REPRESENTATION('',(#3986),#3990);
#3986 = LINE('',#3987,#3988);
#3987 = CARTESIAN_POINT('',(0.,-0.));
#3988 = VECTOR('',#3989,1.);
#3989 = DIRECTION('',(0.,-1.));
#3990 = ( GEOMETRIC_REPRESENTATION_CONTEXT(2) 
PARAMETRIC_REPRESENTATION_CONTEXT() REPRESENTATION_CONTEXT('2D SPACE',''
  ) );
#3991 = PCURVE('',#1514,#3992);
#3992 = DEFINITIONAL_REPRESENTATION('',(#3993),#3997);
#3993 = LINE('',#3994,#3995);
#3994 = CARTESIAN_POINT('',(3.14159265359,0.));
#3995 = VECTOR('',#3996,1.);
#3996 = DIRECTION('',(0.,-1.));
#3997 = ( GEOMETRIC_REPRESENTATION_CONTEXT(2) 
PARAMETRIC_REPRESENTATION_CONTEXT() REPRESENTATION_CONTEXT('2D SPACE',''
  ) );
#3998 = ORIENTED_EDGE('',*,*,#3999,.T.);
#3999 = EDGE_CURVE('',#3977,#3927,#4000,.T.);
#4000 = SURFACE_CURVE('',#4001,(#4005,#4012),.PCURVE_S1.);
#4001 = LINE('',#4002,#4003);
#4002 = CARTESIAN_POINT('',(0.3,-25.75,2.8));
#4003 = VECTOR('',#4004,1.);
#4004 = DIRECTION('',(-1.,0.,0.));
#4005 = PCURVE('',#1541,#4006);
#4006 = DEFINITIONAL_REPRESENTATION('',(#4007),#4011);
#4007 = LINE('',#4008,#4009);
#4008 = CARTESIAN_POINT('',(0.,-0.9));
#4009 = VECTOR('',#4010,1.);
#4010 = DIRECTION('',(1.,0.));
#4011 = ( GEOMETRIC_REPRESENTATION_CONTEXT(2) 
PARAMETRIC_REPRESENTATION_CONTEXT() REPRESENTATION_CONTEXT('2D SPACE',''
  ) );
#4012 = PCURVE('',#3597,#4013);
#4013 = DEFINITIONAL_REPRESENTATION('',(#4014),#4018);
#4014 = LINE('',#4015,#4016);
#4015 = CARTESIAN_POINT('',(-1.2,-4.9));
#4016 = VECTOR('',#4017,1.);
#4017 = DIRECTION('',(1.,0.));
#4018 = ( GEOMETRIC_REPRESENTATION_CONTEXT(2) 
PARAMETRIC_REPRESENTATION_CONTEXT() REPRESENTATION_CONTEXT('2D SPACE',''
  ) );
#4019 = ORIENTED_EDGE('',*,*,#3926,.F.);
#4020 = ADVANCED_FACE('',(#4021),#1514,.T.);
#4021 = FACE_BOUND('',#4022,.T.);
#4022 = EDGE_LOOP('',(#4023,#4024,#4047,#4069));
#4023 = ORIENTED_EDGE('',*,*,#1493,.F.);
#4024 = ORIENTED_EDGE('',*,*,#4025,.T.);
#4025 = EDGE_CURVE('',#1468,#4026,#4028,.T.);
#4026 = VERTEX_POINT('',#4027);
#4027 = CARTESIAN_POINT('',(0.3,-24.75,2.8));
#4028 = SURFACE_CURVE('',#4029,(#4033,#4040),.PCURVE_S1.);
#4029 = LINE('',#4030,#4031);
#4030 = CARTESIAN_POINT('',(0.3,-24.75,1.9));
#4031 = VECTOR('',#4032,1.);
#4032 = DIRECTION('',(0.,0.,1.));
#4033 = PCURVE('',#1514,#4034);
#4034 = DEFINITIONAL_REPRESENTATION('',(#4035),#4039);
#4035 = LINE('',#4036,#4037);
#4036 = CARTESIAN_POINT('',(0.,0.));
#4037 = VECTOR('',#4038,1.);
#4038 = DIRECTION('',(0.,-1.));
#4039 = ( GEOMETRIC_REPRESENTATION_CONTEXT(2) 
PARAMETRIC_REPRESENTATION_CONTEXT() REPRESENTATION_CONTEXT('2D SPACE',''
  ) );
#4040 = PCURVE('',#1482,#4041);
#4041 = DEFINITIONAL_REPRESENTATION('',(#4042),#4046);
#4042 = LINE('',#4043,#4044);
#4043 = CARTESIAN_POINT('',(2.4,0.));
#4044 = VECTOR('',#4045,1.);
#4045 = DIRECTION('',(0.,-1.));
#4046 = ( GEOMETRIC_REPRESENTATION_CONTEXT(2) 
PARAMETRIC_REPRESENTATION_CONTEXT() REPRESENTATION_CONTEXT('2D SPACE',''
  ) );
#4047 = ORIENTED_EDGE('',*,*,#4048,.T.);
#4048 = EDGE_CURVE('',#4026,#3977,#4049,.T.);
#4049 = SURFACE_CURVE('',#4050,(#4055,#4062),.PCURVE_S1.);
#4050 = CIRCLE('',#4051,0.5);
#4051 = AXIS2_PLACEMENT_3D('',#4052,#4053,#4054);
#4052 = CARTESIAN_POINT('',(0.3,-25.25,2.8));
#4053 = DIRECTION('',(0.,0.,-1.));
#4054 = DIRECTION('',(0.,1.,0.));
#4055 = PCURVE('',#1514,#4056);
#4056 = DEFINITIONAL_REPRESENTATION('',(#4057),#4061);
#4057 = LINE('',#4058,#4059);
#4058 = CARTESIAN_POINT('',(0.,-0.9));
#4059 = VECTOR('',#4060,1.);
#4060 = DIRECTION('',(1.,0.));
#4061 = ( GEOMETRIC_REPRESENTATION_CONTEXT(2) 
PARAMETRIC_REPRESENTATION_CONTEXT() REPRESENTATION_CONTEXT('2D SPACE',''
  ) );
#4062 = PCURVE('',#3597,#4063);
#4063 = DEFINITIONAL_REPRESENTATION('',(#4064),#4068);
#4064 = CIRCLE('',#4065,0.5);
#4065 = AXIS2_PLACEMENT_2D('',#4066,#4067);
#4066 = CARTESIAN_POINT('',(-1.2,-4.4));
#4067 = DIRECTION('',(0.,1.));
#4068 = ( GEOMETRIC_REPRESENTATION_CONTEXT(2) 
PARAMETRIC_REPRESENTATION_CONTEXT() REPRESENTATION_CONTEXT('2D SPACE',''
  ) );
#4069 = ORIENTED_EDGE('',*,*,#3976,.F.);
#4070 = ADVANCED_FACE('',(#4071),#1482,.T.);
#4071 = FACE_BOUND('',#4072,.T.);
#4072 = EDGE_LOOP('',(#4073,#4074,#4095,#4116));
#4073 = ORIENTED_EDGE('',*,*,#1467,.T.);
#4074 = ORIENTED_EDGE('',*,*,#4075,.T.);
#4075 = EDGE_CURVE('',#1442,#4076,#4078,.T.);
#4076 = VERTEX_POINT('',#4077);
#4077 = CARTESIAN_POINT('',(-1.6,-24.75,2.8));
#4078 = SURFACE_CURVE('',#4079,(#4083,#4089),.PCURVE_S1.);
#4079 = LINE('',#4080,#4081);
#4080 = CARTESIAN_POINT('',(-1.6,-24.75,1.9));
#4081 = VECTOR('',#4082,1.);
#4082 = DIRECTION('',(-0.,0.,1.));
#4083 = PCURVE('',#1482,#4084);
#4084 = DEFINITIONAL_REPRESENTATION('',(#4085),#4088);
#4085 = B_SPLINE_CURVE_WITH_KNOTS('',1,(#4086,#4087),.UNSPECIFIED.,.F.,
  .F.,(2,2),(0.,0.9),.PIECEWISE_BEZIER_KNOTS.);
#4086 = CARTESIAN_POINT('',(0.5,0.));
#4087 = CARTESIAN_POINT('',(0.5,-0.9));
#4088 = ( GEOMETRIC_REPRESENTATION_CONTEXT(2) 
PARAMETRIC_REPRESENTATION_CONTEXT() REPRESENTATION_CONTEXT('2D SPACE',''
  ) );
#4089 = PCURVE('',#1456,#4090);
#4090 = DEFINITIONAL_REPRESENTATION('',(#4091),#4094);
#4091 = B_SPLINE_CURVE_WITH_KNOTS('',1,(#4092,#4093),.UNSPECIFIED.,.F.,
  .F.,(2,2),(0.,0.9),.PIECEWISE_BEZIER_KNOTS.);
#4092 = CARTESIAN_POINT('',(1.7,0.));
#4093 = CARTESIAN_POINT('',(1.7,-0.9));
#4094 = ( GEOMETRIC_REPRESENTATION_CONTEXT(2) 
PARAMETRIC_REPRESENTATION_CONTEXT() REPRESENTATION_CONTEXT('2D SPACE',''
  ) );
#4095 = ORIENTED_EDGE('',*,*,#4096,.T.);
#4096 = EDGE_CURVE('',#4076,#4026,#4097,.T.);
#4097 = SURFACE_CURVE('',#4098,(#4102,#4109),.PCURVE_S1.);
#4098 = LINE('',#4099,#4100);
#4099 = CARTESIAN_POINT('',(-2.1,-24.75,2.8));
#4100 = VECTOR('',#4101,1.);
#4101 = DIRECTION('',(1.,0.,0.));
#4102 = PCURVE('',#1482,#4103);
#4103 = DEFINITIONAL_REPRESENTATION('',(#4104),#4108);
#4104 = LINE('',#4105,#4106);
#4105 = CARTESIAN_POINT('',(0.,-0.9));
#4106 = VECTOR('',#4107,1.);
#4107 = DIRECTION('',(1.,0.));
#4108 = ( GEOMETRIC_REPRESENTATION_CONTEXT(2) 
PARAMETRIC_REPRESENTATION_CONTEXT() REPRESENTATION_CONTEXT('2D SPACE',''
  ) );
#4109 = PCURVE('',#3597,#4110);
#4110 = DEFINITIONAL_REPRESENTATION('',(#4111),#4115);
#4111 = LINE('',#4112,#4113);
#4112 = CARTESIAN_POINT('',(1.2,-3.9));
#4113 = VECTOR('',#4114,1.);
#4114 = DIRECTION('',(-1.,0.));
#4115 = ( GEOMETRIC_REPRESENTATION_CONTEXT(2) 
PARAMETRIC_REPRESENTATION_CONTEXT() REPRESENTATION_CONTEXT('2D SPACE',''
  ) );
#4116 = ORIENTED_EDGE('',*,*,#4025,.F.);
#4117 = ADVANCED_FACE('',(#4118),#1456,.T.);
#4118 = FACE_BOUND('',#4119,.T.);
#4119 = EDGE_LOOP('',(#4120,#4121,#4142,#4163));
#4120 = ORIENTED_EDGE('',*,*,#1441,.T.);
#4121 = ORIENTED_EDGE('',*,*,#4122,.T.);
#4122 = EDGE_CURVE('',#1416,#4123,#4125,.T.);
#4123 = VERTEX_POINT('',#4124);
#4124 = CARTESIAN_POINT('',(-1.6,-23.55,2.8));
#4125 = SURFACE_CURVE('',#4126,(#4130,#4136),.PCURVE_S1.);
#4126 = LINE('',#4127,#4128);
#4127 = CARTESIAN_POINT('',(-1.6,-23.55,1.9));
#4128 = VECTOR('',#4129,1.);
#4129 = DIRECTION('',(0.,0.,1.));
#4130 = PCURVE('',#1456,#4131);
#4131 = DEFINITIONAL_REPRESENTATION('',(#4132),#4135);
#4132 = B_SPLINE_CURVE_WITH_KNOTS('',1,(#4133,#4134),.UNSPECIFIED.,.F.,
  .F.,(2,2),(0.,0.9),.PIECEWISE_BEZIER_KNOTS.);
#4133 = CARTESIAN_POINT('',(0.5,0.));
#4134 = CARTESIAN_POINT('',(0.5,-0.9));
#4135 = ( GEOMETRIC_REPRESENTATION_CONTEXT(2) 
PARAMETRIC_REPRESENTATION_CONTEXT() REPRESENTATION_CONTEXT('2D SPACE',''
  ) );
#4136 = PCURVE('',#1430,#4137);
#4137 = DEFINITIONAL_REPRESENTATION('',(#4138),#4141);
#4138 = B_SPLINE_CURVE_WITH_KNOTS('',1,(#4139,#4140),.UNSPECIFIED.,.F.,
  .F.,(2,2),(0.,0.9),.PIECEWISE_BEZIER_KNOTS.);
#4139 = CARTESIAN_POINT('',(1.9,0.));
#4140 = CARTESIAN_POINT('',(1.9,-0.9));
#4141 = ( GEOMETRIC_REPRESENTATION_CONTEXT(2) 
PARAMETRIC_REPRESENTATION_CONTEXT() REPRESENTATION_CONTEXT('2D SPACE',''
  ) );
#4142 = ORIENTED_EDGE('',*,*,#4143,.T.);
#4143 = EDGE_CURVE('',#4123,#4076,#4144,.T.);
#4144 = SURFACE_CURVE('',#4145,(#4149,#4156),.PCURVE_S1.);
#4145 = LINE('',#4146,#4147);
#4146 = CARTESIAN_POINT('',(-1.6,-23.05,2.8));
#4147 = VECTOR('',#4148,1.);
#4148 = DIRECTION('',(-1.110223024625E-16,-1.,0.));
#4149 = PCURVE('',#1456,#4150);
#4150 = DEFINITIONAL_REPRESENTATION('',(#4151),#4155);
#4151 = LINE('',#4152,#4153);
#4152 = CARTESIAN_POINT('',(0.,-0.9));
#4153 = VECTOR('',#4154,1.);
#4154 = DIRECTION('',(1.,0.));
#4155 = ( GEOMETRIC_REPRESENTATION_CONTEXT(2) 
PARAMETRIC_REPRESENTATION_CONTEXT() REPRESENTATION_CONTEXT('2D SPACE',''
  ) );
#4156 = PCURVE('',#3597,#4157);
#4157 = DEFINITIONAL_REPRESENTATION('',(#4158),#4162);
#4158 = LINE('',#4159,#4160);
#4159 = CARTESIAN_POINT('',(0.7,-2.2));
#4160 = VECTOR('',#4161,1.);
#4161 = DIRECTION('',(1.110223024625E-16,-1.));
#4162 = ( GEOMETRIC_REPRESENTATION_CONTEXT(2) 
PARAMETRIC_REPRESENTATION_CONTEXT() REPRESENTATION_CONTEXT('2D SPACE',''
  ) );
#4163 = ORIENTED_EDGE('',*,*,#4075,.F.);
#4164 = ADVANCED_FACE('',(#4165),#1430,.T.);
#4165 = FACE_BOUND('',#4166,.T.);
#4166 = EDGE_LOOP('',(#4167,#4168,#4191,#4212));
#4167 = ORIENTED_EDGE('',*,*,#1415,.T.);
#4168 = ORIENTED_EDGE('',*,*,#4169,.T.);
#4169 = EDGE_CURVE('',#1383,#4170,#4172,.T.);
#4170 = VERTEX_POINT('',#4171);
#4171 = CARTESIAN_POINT('',(0.3,-23.55,2.8));
#4172 = SURFACE_CURVE('',#4173,(#4177,#4184),.PCURVE_S1.);
#4173 = LINE('',#4174,#4175);
#4174 = CARTESIAN_POINT('',(0.3,-23.55,1.9));
#4175 = VECTOR('',#4176,1.);
#4176 = DIRECTION('',(0.,0.,1.));
#4177 = PCURVE('',#1430,#4178);
#4178 = DEFINITIONAL_REPRESENTATION('',(#4179),#4183);
#4179 = LINE('',#4180,#4181);
#4180 = CARTESIAN_POINT('',(0.,-0.));
#4181 = VECTOR('',#4182,1.);
#4182 = DIRECTION('',(0.,-1.));
#4183 = ( GEOMETRIC_REPRESENTATION_CONTEXT(2) 
PARAMETRIC_REPRESENTATION_CONTEXT() REPRESENTATION_CONTEXT('2D SPACE',''
  ) );
#4184 = PCURVE('',#1403,#4185);
#4185 = DEFINITIONAL_REPRESENTATION('',(#4186),#4190);
#4186 = LINE('',#4187,#4188);
#4187 = CARTESIAN_POINT('',(1.570796326795,0.));
#4188 = VECTOR('',#4189,1.);
#4189 = DIRECTION('',(0.,-1.));
#4190 = ( GEOMETRIC_REPRESENTATION_CONTEXT(2) 
PARAMETRIC_REPRESENTATION_CONTEXT() REPRESENTATION_CONTEXT('2D SPACE',''
  ) );
#4191 = ORIENTED_EDGE('',*,*,#4192,.T.);
#4192 = EDGE_CURVE('',#4170,#4123,#4193,.T.);
#4193 = SURFACE_CURVE('',#4194,(#4198,#4205),.PCURVE_S1.);
#4194 = LINE('',#4195,#4196);
#4195 = CARTESIAN_POINT('',(0.3,-23.55,2.8));
#4196 = VECTOR('',#4197,1.);
#4197 = DIRECTION('',(-1.,0.,0.));
#4198 = PCURVE('',#1430,#4199);
#4199 = DEFINITIONAL_REPRESENTATION('',(#4200),#4204);
#4200 = LINE('',#4201,#4202);
#4201 = CARTESIAN_POINT('',(0.,-0.9));
#4202 = VECTOR('',#4203,1.);
#4203 = DIRECTION('',(1.,0.));
#4204 = ( GEOMETRIC_REPRESENTATION_CONTEXT(2) 
PARAMETRIC_REPRESENTATION_CONTEXT() REPRESENTATION_CONTEXT('2D SPACE',''
  ) );
#4205 = PCURVE('',#3597,#4206);
#4206 = DEFINITIONAL_REPRESENTATION('',(#4207),#4211);
#4207 = LINE('',#4208,#4209);
#4208 = CARTESIAN_POINT('',(-1.2,-2.7));
#4209 = VECTOR('',#4210,1.);
#4210 = DIRECTION('',(1.,0.));
#4211 = ( GEOMETRIC_REPRESENTATION_CONTEXT(2) 
PARAMETRIC_REPRESENTATION_CONTEXT() REPRESENTATION_CONTEXT('2D SPACE',''
  ) );
#4212 = ORIENTED_EDGE('',*,*,#4122,.F.);
#4213 = ADVANCED_FACE('',(#4214),#1403,.T.);
#4214 = FACE_BOUND('',#4215,.T.);
#4215 = EDGE_LOOP('',(#4216,#4217,#4240,#4262));
#4216 = ORIENTED_EDGE('',*,*,#1382,.F.);
#4217 = ORIENTED_EDGE('',*,*,#4218,.T.);
#4218 = EDGE_CURVE('',#1357,#4219,#4221,.T.);
#4219 = VERTEX_POINT('',#4220);
#4220 = CARTESIAN_POINT('',(0.8,-23.05,2.8));
#4221 = SURFACE_CURVE('',#4222,(#4226,#4233),.PCURVE_S1.);
#4222 = LINE('',#4223,#4224);
#4223 = CARTESIAN_POINT('',(0.8,-23.05,1.9));
#4224 = VECTOR('',#4225,1.);
#4225 = DIRECTION('',(0.,0.,1.));
#4226 = PCURVE('',#1403,#4227);
#4227 = DEFINITIONAL_REPRESENTATION('',(#4228),#4232);
#4228 = LINE('',#4229,#4230);
#4229 = CARTESIAN_POINT('',(0.,0.));
#4230 = VECTOR('',#4231,1.);
#4231 = DIRECTION('',(0.,-1.));
#4232 = ( GEOMETRIC_REPRESENTATION_CONTEXT(2) 
PARAMETRIC_REPRESENTATION_CONTEXT() REPRESENTATION_CONTEXT('2D SPACE',''
  ) );
#4233 = PCURVE('',#1371,#4234);
#4234 = DEFINITIONAL_REPRESENTATION('',(#4235),#4239);
#4235 = LINE('',#4236,#4237);
#4236 = CARTESIAN_POINT('',(2.2,0.));
#4237 = VECTOR('',#4238,1.);
#4238 = DIRECTION('',(0.,-1.));
#4239 = ( GEOMETRIC_REPRESENTATION_CONTEXT(2) 
PARAMETRIC_REPRESENTATION_CONTEXT() REPRESENTATION_CONTEXT('2D SPACE',''
  ) );
#4240 = ORIENTED_EDGE('',*,*,#4241,.T.);
#4241 = EDGE_CURVE('',#4219,#4170,#4242,.T.);
#4242 = SURFACE_CURVE('',#4243,(#4248,#4255),.PCURVE_S1.);
#4243 = CIRCLE('',#4244,0.5);
#4244 = AXIS2_PLACEMENT_3D('',#4245,#4246,#4247);
#4245 = CARTESIAN_POINT('',(0.3,-23.05,2.8));
#4246 = DIRECTION('',(0.,0.,-1.));
#4247 = DIRECTION('',(1.,1.110223024625E-16,0.));
#4248 = PCURVE('',#1403,#4249);
#4249 = DEFINITIONAL_REPRESENTATION('',(#4250),#4254);
#4250 = LINE('',#4251,#4252);
#4251 = CARTESIAN_POINT('',(0.,-0.9));
#4252 = VECTOR('',#4253,1.);
#4253 = DIRECTION('',(1.,0.));
#4254 = ( GEOMETRIC_REPRESENTATION_CONTEXT(2) 
PARAMETRIC_REPRESENTATION_CONTEXT() REPRESENTATION_CONTEXT('2D SPACE',''
  ) );
#4255 = PCURVE('',#3597,#4256);
#4256 = DEFINITIONAL_REPRESENTATION('',(#4257),#4261);
#4257 = CIRCLE('',#4258,0.5);
#4258 = AXIS2_PLACEMENT_2D('',#4259,#4260);
#4259 = CARTESIAN_POINT('',(-1.2,-2.2));
#4260 = DIRECTION('',(-1.,1.110223024625E-16));
#4261 = ( GEOMETRIC_REPRESENTATION_CONTEXT(2) 
PARAMETRIC_REPRESENTATION_CONTEXT() REPRESENTATION_CONTEXT('2D SPACE',''
  ) );
#4262 = ORIENTED_EDGE('',*,*,#4169,.F.);
#4263 = ADVANCED_FACE('',(#4264),#1371,.T.);
#4264 = FACE_BOUND('',#4265,.T.);
#4265 = EDGE_LOOP('',(#4266,#4267,#4290,#4311));
#4266 = ORIENTED_EDGE('',*,*,#1356,.T.);
#4267 = ORIENTED_EDGE('',*,*,#4268,.T.);
#4268 = EDGE_CURVE('',#1324,#4269,#4271,.T.);
#4269 = VERTEX_POINT('',#4270);
#4270 = CARTESIAN_POINT('',(0.8,-20.85,2.8));
#4271 = SURFACE_CURVE('',#4272,(#4276,#4283),.PCURVE_S1.);
#4272 = LINE('',#4273,#4274);
#4273 = CARTESIAN_POINT('',(0.8,-20.85,1.9));
#4274 = VECTOR('',#4275,1.);
#4275 = DIRECTION('',(0.,0.,1.));
#4276 = PCURVE('',#1371,#4277);
#4277 = DEFINITIONAL_REPRESENTATION('',(#4278),#4282);
#4278 = LINE('',#4279,#4280);
#4279 = CARTESIAN_POINT('',(0.,0.));
#4280 = VECTOR('',#4281,1.);
#4281 = DIRECTION('',(0.,-1.));
#4282 = ( GEOMETRIC_REPRESENTATION_CONTEXT(2) 
PARAMETRIC_REPRESENTATION_CONTEXT() REPRESENTATION_CONTEXT('2D SPACE',''
  ) );
#4283 = PCURVE('',#1344,#4284);
#4284 = DEFINITIONAL_REPRESENTATION('',(#4285),#4289);
#4285 = LINE('',#4286,#4287);
#4286 = CARTESIAN_POINT('',(1.570796326795,0.));
#4287 = VECTOR('',#4288,1.);
#4288 = DIRECTION('',(0.,-1.));
#4289 = ( GEOMETRIC_REPRESENTATION_CONTEXT(2) 
PARAMETRIC_REPRESENTATION_CONTEXT() REPRESENTATION_CONTEXT('2D SPACE',''
  ) );
#4290 = ORIENTED_EDGE('',*,*,#4291,.T.);
#4291 = EDGE_CURVE('',#4269,#4219,#4292,.T.);
#4292 = SURFACE_CURVE('',#4293,(#4297,#4304),.PCURVE_S1.);
#4293 = LINE('',#4294,#4295);
#4294 = CARTESIAN_POINT('',(0.8,-20.85,2.8));
#4295 = VECTOR('',#4296,1.);
#4296 = DIRECTION('',(1.110223024625E-16,-1.,0.));
#4297 = PCURVE('',#1371,#4298);
#4298 = DEFINITIONAL_REPRESENTATION('',(#4299),#4303);
#4299 = LINE('',#4300,#4301);
#4300 = CARTESIAN_POINT('',(0.,-0.9));
#4301 = VECTOR('',#4302,1.);
#4302 = DIRECTION('',(1.,0.));
#4303 = ( GEOMETRIC_REPRESENTATION_CONTEXT(2) 
PARAMETRIC_REPRESENTATION_CONTEXT() REPRESENTATION_CONTEXT('2D SPACE',''
  ) );
#4304 = PCURVE('',#3597,#4305);
#4305 = DEFINITIONAL_REPRESENTATION('',(#4306),#4310);
#4306 = LINE('',#4307,#4308);
#4307 = CARTESIAN_POINT('',(-1.7,1.06581410364E-14));
#4308 = VECTOR('',#4309,1.);
#4309 = DIRECTION('',(-1.110223024625E-16,-1.));
#4310 = ( GEOMETRIC_REPRESENTATION_CONTEXT(2) 
PARAMETRIC_REPRESENTATION_CONTEXT() REPRESENTATION_CONTEXT('2D SPACE',''
  ) );
#4311 = ORIENTED_EDGE('',*,*,#4218,.F.);
#4312 = ADVANCED_FACE('',(#4313),#1344,.T.);
#4313 = FACE_BOUND('',#4314,.T.);
#4314 = EDGE_LOOP('',(#4315,#4316,#4317,#4339));
#4315 = ORIENTED_EDGE('',*,*,#1323,.F.);
#4316 = ORIENTED_EDGE('',*,*,#3609,.T.);
#4317 = ORIENTED_EDGE('',*,*,#4318,.T.);
#4318 = EDGE_CURVE('',#3582,#4269,#4319,.T.);
#4319 = SURFACE_CURVE('',#4320,(#4325,#4332),.PCURVE_S1.);
#4320 = CIRCLE('',#4321,0.5);
#4321 = AXIS2_PLACEMENT_3D('',#4322,#4323,#4324);
#4322 = CARTESIAN_POINT('',(0.3,-20.85,2.8));
#4323 = DIRECTION('',(0.,0.,-1.));
#4324 = DIRECTION('',(0.,1.,0.));
#4325 = PCURVE('',#1344,#4326);
#4326 = DEFINITIONAL_REPRESENTATION('',(#4327),#4331);
#4327 = LINE('',#4328,#4329);
#4328 = CARTESIAN_POINT('',(0.,-0.9));
#4329 = VECTOR('',#4330,1.);
#4330 = DIRECTION('',(1.,0.));
#4331 = ( GEOMETRIC_REPRESENTATION_CONTEXT(2) 
PARAMETRIC_REPRESENTATION_CONTEXT() REPRESENTATION_CONTEXT('2D SPACE',''
  ) );
#4332 = PCURVE('',#3597,#4333);
#4333 = DEFINITIONAL_REPRESENTATION('',(#4334),#4338);
#4334 = CIRCLE('',#4335,0.5);
#4335 = AXIS2_PLACEMENT_2D('',#4336,#4337);
#4336 = CARTESIAN_POINT('',(-1.2,7.105427357601E-15));
#4337 = DIRECTION('',(0.,1.));
#4338 = ( GEOMETRIC_REPRESENTATION_CONTEXT(2) 
PARAMETRIC_REPRESENTATION_CONTEXT() REPRESENTATION_CONTEXT('2D SPACE',''
  ) );
#4339 = ORIENTED_EDGE('',*,*,#4268,.F.);
#4340 = ADVANCED_FACE('',(#4341),#1772,.F.);
#4341 = FACE_BOUND('',#4342,.F.);
#4342 = EDGE_LOOP('',(#4343,#4344,#4367,#4395));
#4343 = ORIENTED_EDGE('',*,*,#1755,.T.);
#4344 = ORIENTED_EDGE('',*,*,#4345,.T.);
#4345 = EDGE_CURVE('',#1758,#4346,#4348,.T.);
#4346 = VERTEX_POINT('',#4347);
#4347 = CARTESIAN_POINT('',(2.6,-25.75,2.8));
#4348 = SURFACE_CURVE('',#4349,(#4353,#4360),.PCURVE_S1.);
#4349 = LINE('',#4350,#4351);
#4350 = CARTESIAN_POINT('',(2.6,-25.75,1.9));
#4351 = VECTOR('',#4352,1.);
#4352 = DIRECTION('',(0.,0.,1.));
#4353 = PCURVE('',#1772,#4354);
#4354 = DEFINITIONAL_REPRESENTATION('',(#4355),#4359);
#4355 = LINE('',#4356,#4357);
#4356 = CARTESIAN_POINT('',(0.,0.));
#4357 = VECTOR('',#4358,1.);
#4358 = DIRECTION('',(0.,-1.));
#4359 = ( GEOMETRIC_REPRESENTATION_CONTEXT(2) 
PARAMETRIC_REPRESENTATION_CONTEXT() REPRESENTATION_CONTEXT('2D SPACE',''
  ) );
#4360 = PCURVE('',#1798,#4361);
#4361 = DEFINITIONAL_REPRESENTATION('',(#4362),#4366);
#4362 = LINE('',#4363,#4364);
#4363 = CARTESIAN_POINT('',(1.2,0.));
#4364 = VECTOR('',#4365,1.);
#4365 = DIRECTION('',(0.,-1.));
#4366 = ( GEOMETRIC_REPRESENTATION_CONTEXT(2) 
PARAMETRIC_REPRESENTATION_CONTEXT() REPRESENTATION_CONTEXT('2D SPACE',''
  ) );
#4367 = ORIENTED_EDGE('',*,*,#4368,.T.);
#4368 = EDGE_CURVE('',#4346,#4369,#4371,.T.);
#4369 = VERTEX_POINT('',#4370);
#4370 = CARTESIAN_POINT('',(2.6,-24.55,2.8));
#4371 = SURFACE_CURVE('',#4372,(#4376,#4383),.PCURVE_S1.);
#4372 = LINE('',#4373,#4374);
#4373 = CARTESIAN_POINT('',(2.6,-25.75,2.8));
#4374 = VECTOR('',#4375,1.);
#4375 = DIRECTION('',(0.,1.,0.));
#4376 = PCURVE('',#1772,#4377);
#4377 = DEFINITIONAL_REPRESENTATION('',(#4378),#4382);
#4378 = LINE('',#4379,#4380);
#4379 = CARTESIAN_POINT('',(0.,-0.9));
#4380 = VECTOR('',#4381,1.);
#4381 = DIRECTION('',(1.,0.));
#4382 = ( GEOMETRIC_REPRESENTATION_CONTEXT(2) 
PARAMETRIC_REPRESENTATION_CONTEXT() REPRESENTATION_CONTEXT('2D SPACE',''
  ) );
#4383 = PCURVE('',#4384,#4389);
#4384 = PLANE('',#4385);
#4385 = AXIS2_PLACEMENT_3D('',#4386,#4387,#4388);
#4386 = CARTESIAN_POINT('',(2.,-25.15,2.8));
#4387 = DIRECTION('',(0.,0.,1.));
#4388 = DIRECTION('',(1.,0.,-0.));
#4389 = DEFINITIONAL_REPRESENTATION('',(#4390),#4394);
#4390 = LINE('',#4391,#4392);
#4391 = CARTESIAN_POINT('',(0.6,-0.6));
#4392 = VECTOR('',#4393,1.);
#4393 = DIRECTION('',(0.,1.));
#4394 = ( GEOMETRIC_REPRESENTATION_CONTEXT(2) 
PARAMETRIC_REPRESENTATION_CONTEXT() REPRESENTATION_CONTEXT('2D SPACE',''
  ) );
#4395 = ORIENTED_EDGE('',*,*,#4396,.F.);
#4396 = EDGE_CURVE('',#1756,#4369,#4397,.T.);
#4397 = SURFACE_CURVE('',#4398,(#4402,#4409),.PCURVE_S1.);
#4398 = LINE('',#4399,#4400);
#4399 = CARTESIAN_POINT('',(2.6,-24.55,1.9));
#4400 = VECTOR('',#4401,1.);
#4401 = DIRECTION('',(0.,0.,1.));
#4402 = PCURVE('',#1772,#4403);
#4403 = DEFINITIONAL_REPRESENTATION('',(#4404),#4408);
#4404 = LINE('',#4405,#4406);
#4405 = CARTESIAN_POINT('',(1.2,0.));
#4406 = VECTOR('',#4407,1.);
#4407 = DIRECTION('',(0.,-1.));
#4408 = ( GEOMETRIC_REPRESENTATION_CONTEXT(2) 
PARAMETRIC_REPRESENTATION_CONTEXT() REPRESENTATION_CONTEXT('2D SPACE',''
  ) );
#4409 = PCURVE('',#1848,#4410);
#4410 = DEFINITIONAL_REPRESENTATION('',(#4411),#4415);
#4411 = LINE('',#4412,#4413);
#4412 = CARTESIAN_POINT('',(0.,-0.));
#4413 = VECTOR('',#4414,1.);
#4414 = DIRECTION('',(0.,-1.));
#4415 = ( GEOMETRIC_REPRESENTATION_CONTEXT(2) 
PARAMETRIC_REPRESENTATION_CONTEXT() REPRESENTATION_CONTEXT('2D SPACE',''
  ) );
#4416 = ADVANCED_FACE('',(#4417),#1848,.F.);
#4417 = FACE_BOUND('',#4418,.F.);
#4418 = EDGE_LOOP('',(#4419,#4420,#4421,#4444));
#4419 = ORIENTED_EDGE('',*,*,#1835,.T.);
#4420 = ORIENTED_EDGE('',*,*,#4396,.T.);
#4421 = ORIENTED_EDGE('',*,*,#4422,.T.);
#4422 = EDGE_CURVE('',#4369,#4423,#4425,.T.);
#4423 = VERTEX_POINT('',#4424);
#4424 = CARTESIAN_POINT('',(1.4,-24.55,2.8));
#4425 = SURFACE_CURVE('',#4426,(#4430,#4437),.PCURVE_S1.);
#4426 = LINE('',#4427,#4428);
#4427 = CARTESIAN_POINT('',(2.6,-24.55,2.8));
#4428 = VECTOR('',#4429,1.);
#4429 = DIRECTION('',(-1.,0.,0.));
#4430 = PCURVE('',#1848,#4431);
#4431 = DEFINITIONAL_REPRESENTATION('',(#4432),#4436);
#4432 = LINE('',#4433,#4434);
#4433 = CARTESIAN_POINT('',(0.,-0.9));
#4434 = VECTOR('',#4435,1.);
#4435 = DIRECTION('',(1.,0.));
#4436 = ( GEOMETRIC_REPRESENTATION_CONTEXT(2) 
PARAMETRIC_REPRESENTATION_CONTEXT() REPRESENTATION_CONTEXT('2D SPACE',''
  ) );
#4437 = PCURVE('',#4384,#4438);
#4438 = DEFINITIONAL_REPRESENTATION('',(#4439),#4443);
#4439 = LINE('',#4440,#4441);
#4440 = CARTESIAN_POINT('',(0.6,0.6));
#4441 = VECTOR('',#4442,1.);
#4442 = DIRECTION('',(-1.,0.));
#4443 = ( GEOMETRIC_REPRESENTATION_CONTEXT(2) 
PARAMETRIC_REPRESENTATION_CONTEXT() REPRESENTATION_CONTEXT('2D SPACE',''
  ) );
#4444 = ORIENTED_EDGE('',*,*,#4445,.F.);
#4445 = EDGE_CURVE('',#1810,#4423,#4446,.T.);
#4446 = SURFACE_CURVE('',#4447,(#4451,#4458),.PCURVE_S1.);
#4447 = LINE('',#4448,#4449);
#4448 = CARTESIAN_POINT('',(1.4,-24.55,1.9));
#4449 = VECTOR('',#4450,1.);
#4450 = DIRECTION('',(0.,0.,1.));
#4451 = PCURVE('',#1848,#4452);
#4452 = DEFINITIONAL_REPRESENTATION('',(#4453),#4457);
#4453 = LINE('',#4454,#4455);
#4454 = CARTESIAN_POINT('',(1.2,0.));
#4455 = VECTOR('',#4456,1.);
#4456 = DIRECTION('',(0.,-1.));
#4457 = ( GEOMETRIC_REPRESENTATION_CONTEXT(2) 
PARAMETRIC_REPRESENTATION_CONTEXT() REPRESENTATION_CONTEXT('2D SPACE',''
  ) );
#4458 = PCURVE('',#1824,#4459);
#4459 = DEFINITIONAL_REPRESENTATION('',(#4460),#4464);
#4460 = LINE('',#4461,#4462);
#4461 = CARTESIAN_POINT('',(0.,0.));
#4462 = VECTOR('',#4463,1.);
#4463 = DIRECTION('',(0.,-1.));
#4464 = ( GEOMETRIC_REPRESENTATION_CONTEXT(2) 
PARAMETRIC_REPRESENTATION_CONTEXT() REPRESENTATION_CONTEXT('2D SPACE',''
  ) );
#4465 = ADVANCED_FACE('',(#4466),#1824,.F.);
#4466 = FACE_BOUND('',#4467,.F.);
#4467 = EDGE_LOOP('',(#4468,#4469,#4470,#4493));
#4468 = ORIENTED_EDGE('',*,*,#1809,.T.);
#4469 = ORIENTED_EDGE('',*,*,#4445,.T.);
#4470 = ORIENTED_EDGE('',*,*,#4471,.T.);
#4471 = EDGE_CURVE('',#4423,#4472,#4474,.T.);
#4472 = VERTEX_POINT('',#4473);
#4473 = CARTESIAN_POINT('',(1.4,-25.75,2.8));
#4474 = SURFACE_CURVE('',#4475,(#4479,#4486),.PCURVE_S1.);
#4475 = LINE('',#4476,#4477);
#4476 = CARTESIAN_POINT('',(1.4,-24.55,2.8));
#4477 = VECTOR('',#4478,1.);
#4478 = DIRECTION('',(0.,-1.,0.));
#4479 = PCURVE('',#1824,#4480);
#4480 = DEFINITIONAL_REPRESENTATION('',(#4481),#4485);
#4481 = LINE('',#4482,#4483);
#4482 = CARTESIAN_POINT('',(0.,-0.9));
#4483 = VECTOR('',#4484,1.);
#4484 = DIRECTION('',(1.,0.));
#4485 = ( GEOMETRIC_REPRESENTATION_CONTEXT(2) 
PARAMETRIC_REPRESENTATION_CONTEXT() REPRESENTATION_CONTEXT('2D SPACE',''
  ) );
#4486 = PCURVE('',#4384,#4487);
#4487 = DEFINITIONAL_REPRESENTATION('',(#4488),#4492);
#4488 = LINE('',#4489,#4490);
#4489 = CARTESIAN_POINT('',(-0.6,0.6));
#4490 = VECTOR('',#4491,1.);
#4491 = DIRECTION('',(0.,-1.));
#4492 = ( GEOMETRIC_REPRESENTATION_CONTEXT(2) 
PARAMETRIC_REPRESENTATION_CONTEXT() REPRESENTATION_CONTEXT('2D SPACE',''
  ) );
#4493 = ORIENTED_EDGE('',*,*,#4494,.F.);
#4494 = EDGE_CURVE('',#1784,#4472,#4495,.T.);
#4495 = SURFACE_CURVE('',#4496,(#4500,#4507),.PCURVE_S1.);
#4496 = LINE('',#4497,#4498);
#4497 = CARTESIAN_POINT('',(1.4,-25.75,1.9));
#4498 = VECTOR('',#4499,1.);
#4499 = DIRECTION('',(0.,0.,1.));
#4500 = PCURVE('',#1824,#4501);
#4501 = DEFINITIONAL_REPRESENTATION('',(#4502),#4506);
#4502 = LINE('',#4503,#4504);
#4503 = CARTESIAN_POINT('',(1.2,0.));
#4504 = VECTOR('',#4505,1.);
#4505 = DIRECTION('',(0.,-1.));
#4506 = ( GEOMETRIC_REPRESENTATION_CONTEXT(2) 
PARAMETRIC_REPRESENTATION_CONTEXT() REPRESENTATION_CONTEXT('2D SPACE',''
  ) );
#4507 = PCURVE('',#1798,#4508);
#4508 = DEFINITIONAL_REPRESENTATION('',(#4509),#4513);
#4509 = LINE('',#4510,#4511);
#4510 = CARTESIAN_POINT('',(0.,0.));
#4511 = VECTOR('',#4512,1.);
#4512 = DIRECTION('',(0.,-1.));
#4513 = ( GEOMETRIC_REPRESENTATION_CONTEXT(2) 
PARAMETRIC_REPRESENTATION_CONTEXT() REPRESENTATION_CONTEXT('2D SPACE',''
  ) );
#4514 = ADVANCED_FACE('',(#4515),#1798,.F.);
#4515 = FACE_BOUND('',#4516,.F.);
#4516 = EDGE_LOOP('',(#4517,#4518,#4519,#4540));
#4517 = ORIENTED_EDGE('',*,*,#1783,.T.);
#4518 = ORIENTED_EDGE('',*,*,#4494,.T.);
#4519 = ORIENTED_EDGE('',*,*,#4520,.T.);
#4520 = EDGE_CURVE('',#4472,#4346,#4521,.T.);
#4521 = SURFACE_CURVE('',#4522,(#4526,#4533),.PCURVE_S1.);
#4522 = LINE('',#4523,#4524);
#4523 = CARTESIAN_POINT('',(1.4,-25.75,2.8));
#4524 = VECTOR('',#4525,1.);
#4525 = DIRECTION('',(1.,0.,0.));
#4526 = PCURVE('',#1798,#4527);
#4527 = DEFINITIONAL_REPRESENTATION('',(#4528),#4532);
#4528 = LINE('',#4529,#4530);
#4529 = CARTESIAN_POINT('',(0.,-0.9));
#4530 = VECTOR('',#4531,1.);
#4531 = DIRECTION('',(1.,0.));
#4532 = ( GEOMETRIC_REPRESENTATION_CONTEXT(2) 
PARAMETRIC_REPRESENTATION_CONTEXT() REPRESENTATION_CONTEXT('2D SPACE',''
  ) );
#4533 = PCURVE('',#4384,#4534);
#4534 = DEFINITIONAL_REPRESENTATION('',(#4535),#4539);
#4535 = LINE('',#4536,#4537);
#4536 = CARTESIAN_POINT('',(-0.6,-0.6));
#4537 = VECTOR('',#4538,1.);
#4538 = DIRECTION('',(1.,0.));
#4539 = ( GEOMETRIC_REPRESENTATION_CONTEXT(2) 
PARAMETRIC_REPRESENTATION_CONTEXT() REPRESENTATION_CONTEXT('2D SPACE',''
  ) );
#4540 = ORIENTED_EDGE('',*,*,#4345,.F.);
#4541 = ADVANCED_FACE('',(#4542),#1878,.T.);
#4542 = FACE_BOUND('',#4543,.T.);
#4543 = EDGE_LOOP('',(#4544,#4545,#4568,#4596));
#4544 = ORIENTED_EDGE('',*,*,#1861,.T.);
#4545 = ORIENTED_EDGE('',*,*,#4546,.T.);
#4546 = EDGE_CURVE('',#1864,#4547,#4549,.T.);
#4547 = VERTEX_POINT('',#4548);
#4548 = CARTESIAN_POINT('',(3.7,-20.35,2.8));
#4549 = SURFACE_CURVE('',#4550,(#4554,#4561),.PCURVE_S1.);
#4550 = LINE('',#4551,#4552);
#4551 = CARTESIAN_POINT('',(3.7,-20.35,1.9));
#4552 = VECTOR('',#4553,1.);
#4553 = DIRECTION('',(0.,0.,1.));
#4554 = PCURVE('',#1878,#4555);
#4555 = DEFINITIONAL_REPRESENTATION('',(#4556),#4560);
#4556 = LINE('',#4557,#4558);
#4557 = CARTESIAN_POINT('',(0.,0.));
#4558 = VECTOR('',#4559,1.);
#4559 = DIRECTION('',(0.,-1.));
#4560 = ( GEOMETRIC_REPRESENTATION_CONTEXT(2) 
PARAMETRIC_REPRESENTATION_CONTEXT() REPRESENTATION_CONTEXT('2D SPACE',''
  ) );
#4561 = PCURVE('',#2196,#4562);
#4562 = DEFINITIONAL_REPRESENTATION('',(#4563),#4567);
#4563 = LINE('',#4564,#4565);
#4564 = CARTESIAN_POINT('',(3.14159265359,0.));
#4565 = VECTOR('',#4566,1.);
#4566 = DIRECTION('',(0.,-1.));
#4567 = ( GEOMETRIC_REPRESENTATION_CONTEXT(2) 
PARAMETRIC_REPRESENTATION_CONTEXT() REPRESENTATION_CONTEXT('2D SPACE',''
  ) );
#4568 = ORIENTED_EDGE('',*,*,#4569,.T.);
#4569 = EDGE_CURVE('',#4547,#4570,#4572,.T.);
#4570 = VERTEX_POINT('',#4571);
#4571 = CARTESIAN_POINT('',(6.1,-20.35,2.8));
#4572 = SURFACE_CURVE('',#4573,(#4577,#4584),.PCURVE_S1.);
#4573 = LINE('',#4574,#4575);
#4574 = CARTESIAN_POINT('',(3.7,-20.35,2.8));
#4575 = VECTOR('',#4576,1.);
#4576 = DIRECTION('',(1.,0.,0.));
#4577 = PCURVE('',#1878,#4578);
#4578 = DEFINITIONAL_REPRESENTATION('',(#4579),#4583);
#4579 = LINE('',#4580,#4581);
#4580 = CARTESIAN_POINT('',(0.,-0.9));
#4581 = VECTOR('',#4582,1.);
#4582 = DIRECTION('',(1.,0.));
#4583 = ( GEOMETRIC_REPRESENTATION_CONTEXT(2) 
PARAMETRIC_REPRESENTATION_CONTEXT() REPRESENTATION_CONTEXT('2D SPACE',''
  ) );
#4584 = PCURVE('',#4585,#4590);
#4585 = PLANE('',#4586);
#4586 = AXIS2_PLACEMENT_3D('',#4587,#4588,#4589);
#4587 = CARTESIAN_POINT('',(4.9,-20.85,2.8));
#4588 = DIRECTION('',(-0.,-0.,-1.));
#4589 = DIRECTION('',(-1.,0.,0.));
#4590 = DEFINITIONAL_REPRESENTATION('',(#4591),#4595);
#4591 = LINE('',#4592,#4593);
#4592 = CARTESIAN_POINT('',(1.2,0.5));
#4593 = VECTOR('',#4594,1.);
#4594 = DIRECTION('',(-1.,0.));
#4595 = ( GEOMETRIC_REPRESENTATION_CONTEXT(2) 
PARAMETRIC_REPRESENTATION_CONTEXT() REPRESENTATION_CONTEXT('2D SPACE',''
  ) );
#4596 = ORIENTED_EDGE('',*,*,#4597,.F.);
#4597 = EDGE_CURVE('',#1862,#4570,#4598,.T.);
#4598 = SURFACE_CURVE('',#4599,(#4603,#4610),.PCURVE_S1.);
#4599 = LINE('',#4600,#4601);
#4600 = CARTESIAN_POINT('',(6.1,-20.35,1.9));
#4601 = VECTOR('',#4602,1.);
#4602 = DIRECTION('',(0.,0.,1.));
#4603 = PCURVE('',#1878,#4604);
#4604 = DEFINITIONAL_REPRESENTATION('',(#4605),#4609);
#4605 = LINE('',#4606,#4607);
#4606 = CARTESIAN_POINT('',(2.4,0.));
#4607 = VECTOR('',#4608,1.);
#4608 = DIRECTION('',(0.,-1.));
#4609 = ( GEOMETRIC_REPRESENTATION_CONTEXT(2) 
PARAMETRIC_REPRESENTATION_CONTEXT() REPRESENTATION_CONTEXT('2D SPACE',''
  ) );
#4610 = PCURVE('',#1910,#4611);
#4611 = DEFINITIONAL_REPRESENTATION('',(#4612),#4616);
#4612 = LINE('',#4613,#4614);
#4613 = CARTESIAN_POINT('',(0.,0.));
#4614 = VECTOR('',#4615,1.);
#4615 = DIRECTION('',(0.,-1.));
#4616 = ( GEOMETRIC_REPRESENTATION_CONTEXT(2) 
PARAMETRIC_REPRESENTATION_CONTEXT() REPRESENTATION_CONTEXT('2D SPACE',''
  ) );
#4617 = ADVANCED_FACE('',(#4618),#2196,.T.);
#4618 = FACE_BOUND('',#4619,.T.);
#4619 = EDGE_LOOP('',(#4620,#4621,#4644,#4666));
#4620 = ORIENTED_EDGE('',*,*,#2177,.F.);
#4621 = ORIENTED_EDGE('',*,*,#4622,.T.);
#4622 = EDGE_CURVE('',#2152,#4623,#4625,.T.);
#4623 = VERTEX_POINT('',#4624);
#4624 = CARTESIAN_POINT('',(3.2,-20.85,2.8));
#4625 = SURFACE_CURVE('',#4626,(#4630,#4637),.PCURVE_S1.);
#4626 = LINE('',#4627,#4628);
#4627 = CARTESIAN_POINT('',(3.2,-20.85,1.9));
#4628 = VECTOR('',#4629,1.);
#4629 = DIRECTION('',(0.,0.,1.));
#4630 = PCURVE('',#2196,#4631);
#4631 = DEFINITIONAL_REPRESENTATION('',(#4632),#4636);
#4632 = LINE('',#4633,#4634);
#4633 = CARTESIAN_POINT('',(1.570796326795,0.));
#4634 = VECTOR('',#4635,1.);
#4635 = DIRECTION('',(0.,-1.));
#4636 = ( GEOMETRIC_REPRESENTATION_CONTEXT(2) 
PARAMETRIC_REPRESENTATION_CONTEXT() REPRESENTATION_CONTEXT('2D SPACE',''
  ) );
#4637 = PCURVE('',#2166,#4638);
#4638 = DEFINITIONAL_REPRESENTATION('',(#4639),#4643);
#4639 = LINE('',#4640,#4641);
#4640 = CARTESIAN_POINT('',(2.2,0.));
#4641 = VECTOR('',#4642,1.);
#4642 = DIRECTION('',(0.,-1.));
#4643 = ( GEOMETRIC_REPRESENTATION_CONTEXT(2) 
PARAMETRIC_REPRESENTATION_CONTEXT() REPRESENTATION_CONTEXT('2D SPACE',''
  ) );
#4644 = ORIENTED_EDGE('',*,*,#4645,.T.);
#4645 = EDGE_CURVE('',#4623,#4547,#4646,.T.);
#4646 = SURFACE_CURVE('',#4647,(#4652,#4659),.PCURVE_S1.);
#4647 = CIRCLE('',#4648,0.5);
#4648 = AXIS2_PLACEMENT_3D('',#4649,#4650,#4651);
#4649 = CARTESIAN_POINT('',(3.7,-20.85,2.8));
#4650 = DIRECTION('',(0.,-0.,-1.));
#4651 = DIRECTION('',(0.,-1.,0.));
#4652 = PCURVE('',#2196,#4653);
#4653 = DEFINITIONAL_REPRESENTATION('',(#4654),#4658);
#4654 = LINE('',#4655,#4656);
#4655 = CARTESIAN_POINT('',(0.,-0.9));
#4656 = VECTOR('',#4657,1.);
#4657 = DIRECTION('',(1.,0.));
#4658 = ( GEOMETRIC_REPRESENTATION_CONTEXT(2) 
PARAMETRIC_REPRESENTATION_CONTEXT() REPRESENTATION_CONTEXT('2D SPACE',''
  ) );
#4659 = PCURVE('',#4585,#4660);
#4660 = DEFINITIONAL_REPRESENTATION('',(#4661),#4665);
#4661 = CIRCLE('',#4662,0.5);
#4662 = AXIS2_PLACEMENT_2D('',#4663,#4664);
#4663 = CARTESIAN_POINT('',(1.2,3.552713678801E-15));
#4664 = DIRECTION('',(0.,-1.));
#4665 = ( GEOMETRIC_REPRESENTATION_CONTEXT(2) 
PARAMETRIC_REPRESENTATION_CONTEXT() REPRESENTATION_CONTEXT('2D SPACE',''
  ) );
#4666 = ORIENTED_EDGE('',*,*,#4546,.F.);
#4667 = ADVANCED_FACE('',(#4668),#2166,.T.);
#4668 = FACE_BOUND('',#4669,.T.);
#4669 = EDGE_LOOP('',(#4670,#4671,#4672,#4695));
#4670 = ORIENTED_EDGE('',*,*,#4622,.F.);
#4671 = ORIENTED_EDGE('',*,*,#2151,.T.);
#4672 = ORIENTED_EDGE('',*,*,#4673,.T.);
#4673 = EDGE_CURVE('',#2119,#4674,#4676,.T.);
#4674 = VERTEX_POINT('',#4675);
#4675 = CARTESIAN_POINT('',(3.2,-25.25,2.8));
#4676 = SURFACE_CURVE('',#4677,(#4681,#4688),.PCURVE_S1.);
#4677 = LINE('',#4678,#4679);
#4678 = CARTESIAN_POINT('',(3.2,-25.25,1.9));
#4679 = VECTOR('',#4680,1.);
#4680 = DIRECTION('',(0.,0.,1.));
#4681 = PCURVE('',#2166,#4682);
#4682 = DEFINITIONAL_REPRESENTATION('',(#4683),#4687);
#4683 = LINE('',#4684,#4685);
#4684 = CARTESIAN_POINT('',(-2.2,-0.));
#4685 = VECTOR('',#4686,1.);
#4686 = DIRECTION('',(0.,-1.));
#4687 = ( GEOMETRIC_REPRESENTATION_CONTEXT(2) 
PARAMETRIC_REPRESENTATION_CONTEXT() REPRESENTATION_CONTEXT('2D SPACE',''
  ) );
#4688 = PCURVE('',#2139,#4689);
#4689 = DEFINITIONAL_REPRESENTATION('',(#4690),#4694);
#4690 = LINE('',#4691,#4692);
#4691 = CARTESIAN_POINT('',(3.14159265359,0.));
#4692 = VECTOR('',#4693,1.);
#4693 = DIRECTION('',(0.,-1.));
#4694 = ( GEOMETRIC_REPRESENTATION_CONTEXT(2) 
PARAMETRIC_REPRESENTATION_CONTEXT() REPRESENTATION_CONTEXT('2D SPACE',''
  ) );
#4695 = ORIENTED_EDGE('',*,*,#4696,.F.);
#4696 = EDGE_CURVE('',#4623,#4674,#4697,.T.);
#4697 = SURFACE_CURVE('',#4698,(#4702,#4709),.PCURVE_S1.);
#4698 = LINE('',#4699,#4700);
#4699 = CARTESIAN_POINT('',(3.2,-20.85,2.8));
#4700 = VECTOR('',#4701,1.);
#4701 = DIRECTION('',(0.,-1.,0.));
#4702 = PCURVE('',#2166,#4703);
#4703 = DEFINITIONAL_REPRESENTATION('',(#4704),#4708);
#4704 = LINE('',#4705,#4706);
#4705 = CARTESIAN_POINT('',(2.2,-0.9));
#4706 = VECTOR('',#4707,1.);
#4707 = DIRECTION('',(-1.,-0.));
#4708 = ( GEOMETRIC_REPRESENTATION_CONTEXT(2) 
PARAMETRIC_REPRESENTATION_CONTEXT() REPRESENTATION_CONTEXT('2D SPACE',''
  ) );
#4709 = PCURVE('',#4585,#4710);
#4710 = DEFINITIONAL_REPRESENTATION('',(#4711),#4715);
#4711 = LINE('',#4712,#4713);
#4712 = CARTESIAN_POINT('',(1.7,7.105427357601E-15));
#4713 = VECTOR('',#4714,1.);
#4714 = DIRECTION('',(0.,-1.));
#4715 = ( GEOMETRIC_REPRESENTATION_CONTEXT(2) 
PARAMETRIC_REPRESENTATION_CONTEXT() REPRESENTATION_CONTEXT('2D SPACE',''
  ) );
#4716 = ADVANCED_FACE('',(#4717),#2139,.T.);
#4717 = FACE_BOUND('',#4718,.T.);
#4718 = EDGE_LOOP('',(#4719,#4720,#4743,#4765));
#4719 = ORIENTED_EDGE('',*,*,#2118,.F.);
#4720 = ORIENTED_EDGE('',*,*,#4721,.T.);
#4721 = EDGE_CURVE('',#2093,#4722,#4724,.T.);
#4722 = VERTEX_POINT('',#4723);
#4723 = CARTESIAN_POINT('',(3.7,-25.75,2.8));
#4724 = SURFACE_CURVE('',#4725,(#4729,#4736),.PCURVE_S1.);
#4725 = LINE('',#4726,#4727);
#4726 = CARTESIAN_POINT('',(3.7,-25.75,1.9));
#4727 = VECTOR('',#4728,1.);
#4728 = DIRECTION('',(0.,0.,1.));
#4729 = PCURVE('',#2139,#4730);
#4730 = DEFINITIONAL_REPRESENTATION('',(#4731),#4735);
#4731 = LINE('',#4732,#4733);
#4732 = CARTESIAN_POINT('',(1.570796326795,0.));
#4733 = VECTOR('',#4734,1.);
#4734 = DIRECTION('',(0.,-1.));
#4735 = ( GEOMETRIC_REPRESENTATION_CONTEXT(2) 
PARAMETRIC_REPRESENTATION_CONTEXT() REPRESENTATION_CONTEXT('2D SPACE',''
  ) );
#4736 = PCURVE('',#2107,#4737);
#4737 = DEFINITIONAL_REPRESENTATION('',(#4738),#4742);
#4738 = LINE('',#4739,#4740);
#4739 = CARTESIAN_POINT('',(2.4,0.));
#4740 = VECTOR('',#4741,1.);
#4741 = DIRECTION('',(0.,-1.));
#4742 = ( GEOMETRIC_REPRESENTATION_CONTEXT(2) 
PARAMETRIC_REPRESENTATION_CONTEXT() REPRESENTATION_CONTEXT('2D SPACE',''
  ) );
#4743 = ORIENTED_EDGE('',*,*,#4744,.T.);
#4744 = EDGE_CURVE('',#4722,#4674,#4745,.T.);
#4745 = SURFACE_CURVE('',#4746,(#4751,#4758),.PCURVE_S1.);
#4746 = CIRCLE('',#4747,0.5);
#4747 = AXIS2_PLACEMENT_3D('',#4748,#4749,#4750);
#4748 = CARTESIAN_POINT('',(3.7,-25.25,2.8));
#4749 = DIRECTION('',(0.,-0.,-1.));
#4750 = DIRECTION('',(1.,-1.110223024625E-16,0.));
#4751 = PCURVE('',#2139,#4752);
#4752 = DEFINITIONAL_REPRESENTATION('',(#4753),#4757);
#4753 = LINE('',#4754,#4755);
#4754 = CARTESIAN_POINT('',(0.,-0.9));
#4755 = VECTOR('',#4756,1.);
#4756 = DIRECTION('',(1.,0.));
#4757 = ( GEOMETRIC_REPRESENTATION_CONTEXT(2) 
PARAMETRIC_REPRESENTATION_CONTEXT() REPRESENTATION_CONTEXT('2D SPACE',''
  ) );
#4758 = PCURVE('',#4585,#4759);
#4759 = DEFINITIONAL_REPRESENTATION('',(#4760),#4764);
#4760 = CIRCLE('',#4761,0.5);
#4761 = AXIS2_PLACEMENT_2D('',#4762,#4763);
#4762 = CARTESIAN_POINT('',(1.2,-4.4));
#4763 = DIRECTION('',(-1.,-1.110223024625E-16));
#4764 = ( GEOMETRIC_REPRESENTATION_CONTEXT(2) 
PARAMETRIC_REPRESENTATION_CONTEXT() REPRESENTATION_CONTEXT('2D SPACE',''
  ) );
#4765 = ORIENTED_EDGE('',*,*,#4673,.F.);
#4766 = ADVANCED_FACE('',(#4767),#2107,.T.);
#4767 = FACE_BOUND('',#4768,.T.);
#4768 = EDGE_LOOP('',(#4769,#4770,#4793,#4814));
#4769 = ORIENTED_EDGE('',*,*,#2092,.T.);
#4770 = ORIENTED_EDGE('',*,*,#4771,.T.);
#4771 = EDGE_CURVE('',#2060,#4772,#4774,.T.);
#4772 = VERTEX_POINT('',#4773);
#4773 = CARTESIAN_POINT('',(6.1,-25.75,2.8));
#4774 = SURFACE_CURVE('',#4775,(#4779,#4786),.PCURVE_S1.);
#4775 = LINE('',#4776,#4777);
#4776 = CARTESIAN_POINT('',(6.1,-25.75,1.9));
#4777 = VECTOR('',#4778,1.);
#4778 = DIRECTION('',(0.,0.,1.));
#4779 = PCURVE('',#2107,#4780);
#4780 = DEFINITIONAL_REPRESENTATION('',(#4781),#4785);
#4781 = LINE('',#4782,#4783);
#4782 = CARTESIAN_POINT('',(0.,-0.));
#4783 = VECTOR('',#4784,1.);
#4784 = DIRECTION('',(0.,-1.));
#4785 = ( GEOMETRIC_REPRESENTATION_CONTEXT(2) 
PARAMETRIC_REPRESENTATION_CONTEXT() REPRESENTATION_CONTEXT('2D SPACE',''
  ) );
#4786 = PCURVE('',#2080,#4787);
#4787 = DEFINITIONAL_REPRESENTATION('',(#4788),#4792);
#4788 = LINE('',#4789,#4790);
#4789 = CARTESIAN_POINT('',(1.570796326795,0.));
#4790 = VECTOR('',#4791,1.);
#4791 = DIRECTION('',(0.,-1.));
#4792 = ( GEOMETRIC_REPRESENTATION_CONTEXT(2) 
PARAMETRIC_REPRESENTATION_CONTEXT() REPRESENTATION_CONTEXT('2D SPACE',''
  ) );
#4793 = ORIENTED_EDGE('',*,*,#4794,.T.);
#4794 = EDGE_CURVE('',#4772,#4722,#4795,.T.);
#4795 = SURFACE_CURVE('',#4796,(#4800,#4807),.PCURVE_S1.);
#4796 = LINE('',#4797,#4798);
#4797 = CARTESIAN_POINT('',(6.1,-25.75,2.8));
#4798 = VECTOR('',#4799,1.);
#4799 = DIRECTION('',(-1.,0.,0.));
#4800 = PCURVE('',#2107,#4801);
#4801 = DEFINITIONAL_REPRESENTATION('',(#4802),#4806);
#4802 = LINE('',#4803,#4804);
#4803 = CARTESIAN_POINT('',(0.,-0.9));
#4804 = VECTOR('',#4805,1.);
#4805 = DIRECTION('',(1.,0.));
#4806 = ( GEOMETRIC_REPRESENTATION_CONTEXT(2) 
PARAMETRIC_REPRESENTATION_CONTEXT() REPRESENTATION_CONTEXT('2D SPACE',''
  ) );
#4807 = PCURVE('',#4585,#4808);
#4808 = DEFINITIONAL_REPRESENTATION('',(#4809),#4813);
#4809 = LINE('',#4810,#4811);
#4810 = CARTESIAN_POINT('',(-1.2,-4.9));
#4811 = VECTOR('',#4812,1.);
#4812 = DIRECTION('',(1.,0.));
#4813 = ( GEOMETRIC_REPRESENTATION_CONTEXT(2) 
PARAMETRIC_REPRESENTATION_CONTEXT() REPRESENTATION_CONTEXT('2D SPACE',''
  ) );
#4814 = ORIENTED_EDGE('',*,*,#4721,.F.);
#4815 = ADVANCED_FACE('',(#4816),#2080,.T.);
#4816 = FACE_BOUND('',#4817,.T.);
#4817 = EDGE_LOOP('',(#4818,#4819,#4842,#4864));
#4818 = ORIENTED_EDGE('',*,*,#2059,.F.);
#4819 = ORIENTED_EDGE('',*,*,#4820,.T.);
#4820 = EDGE_CURVE('',#2034,#4821,#4823,.T.);
#4821 = VERTEX_POINT('',#4822);
#4822 = CARTESIAN_POINT('',(6.6,-25.25,2.8));
#4823 = SURFACE_CURVE('',#4824,(#4828,#4835),.PCURVE_S1.);
#4824 = LINE('',#4825,#4826);
#4825 = CARTESIAN_POINT('',(6.6,-25.25,1.9));
#4826 = VECTOR('',#4827,1.);
#4827 = DIRECTION('',(0.,0.,1.));
#4828 = PCURVE('',#2080,#4829);
#4829 = DEFINITIONAL_REPRESENTATION('',(#4830),#4834);
#4830 = LINE('',#4831,#4832);
#4831 = CARTESIAN_POINT('',(0.,0.));
#4832 = VECTOR('',#4833,1.);
#4833 = DIRECTION('',(0.,-1.));
#4834 = ( GEOMETRIC_REPRESENTATION_CONTEXT(2) 
PARAMETRIC_REPRESENTATION_CONTEXT() REPRESENTATION_CONTEXT('2D SPACE',''
  ) );
#4835 = PCURVE('',#2048,#4836);
#4836 = DEFINITIONAL_REPRESENTATION('',(#4837),#4841);
#4837 = LINE('',#4838,#4839);
#4838 = CARTESIAN_POINT('',(2.2,0.));
#4839 = VECTOR('',#4840,1.);
#4840 = DIRECTION('',(0.,-1.));
#4841 = ( GEOMETRIC_REPRESENTATION_CONTEXT(2) 
PARAMETRIC_REPRESENTATION_CONTEXT() REPRESENTATION_CONTEXT('2D SPACE',''
  ) );
#4842 = ORIENTED_EDGE('',*,*,#4843,.T.);
#4843 = EDGE_CURVE('',#4821,#4772,#4844,.T.);
#4844 = SURFACE_CURVE('',#4845,(#4850,#4857),.PCURVE_S1.);
#4845 = CIRCLE('',#4846,0.5);
#4846 = AXIS2_PLACEMENT_3D('',#4847,#4848,#4849);
#4847 = CARTESIAN_POINT('',(6.1,-25.25,2.8));
#4848 = DIRECTION('',(0.,0.,-1.));
#4849 = DIRECTION('',(1.,1.110223024625E-16,0.));
#4850 = PCURVE('',#2080,#4851);
#4851 = DEFINITIONAL_REPRESENTATION('',(#4852),#4856);
#4852 = LINE('',#4853,#4854);
#4853 = CARTESIAN_POINT('',(0.,-0.9));
#4854 = VECTOR('',#4855,1.);
#4855 = DIRECTION('',(1.,0.));
#4856 = ( GEOMETRIC_REPRESENTATION_CONTEXT(2) 
PARAMETRIC_REPRESENTATION_CONTEXT() REPRESENTATION_CONTEXT('2D SPACE',''
  ) );
#4857 = PCURVE('',#4585,#4858);
#4858 = DEFINITIONAL_REPRESENTATION('',(#4859),#4863);
#4859 = CIRCLE('',#4860,0.5);
#4860 = AXIS2_PLACEMENT_2D('',#4861,#4862);
#4861 = CARTESIAN_POINT('',(-1.2,-4.4));
#4862 = DIRECTION('',(-1.,1.110223024625E-16));
#4863 = ( GEOMETRIC_REPRESENTATION_CONTEXT(2) 
PARAMETRIC_REPRESENTATION_CONTEXT() REPRESENTATION_CONTEXT('2D SPACE',''
  ) );
#4864 = ORIENTED_EDGE('',*,*,#4771,.F.);
#4865 = ADVANCED_FACE('',(#4866),#2048,.T.);
#4866 = FACE_BOUND('',#4867,.T.);
#4867 = EDGE_LOOP('',(#4868,#4869,#4892,#4913));
#4868 = ORIENTED_EDGE('',*,*,#2033,.T.);
#4869 = ORIENTED_EDGE('',*,*,#4870,.T.);
#4870 = EDGE_CURVE('',#2001,#4871,#4873,.T.);
#4871 = VERTEX_POINT('',#4872);
#4872 = CARTESIAN_POINT('',(6.6,-23.05,2.8));
#4873 = SURFACE_CURVE('',#4874,(#4878,#4885),.PCURVE_S1.);
#4874 = LINE('',#4875,#4876);
#4875 = CARTESIAN_POINT('',(6.6,-23.05,1.9));
#4876 = VECTOR('',#4877,1.);
#4877 = DIRECTION('',(0.,0.,1.));
#4878 = PCURVE('',#2048,#4879);
#4879 = DEFINITIONAL_REPRESENTATION('',(#4880),#4884);
#4880 = LINE('',#4881,#4882);
#4881 = CARTESIAN_POINT('',(0.,0.));
#4882 = VECTOR('',#4883,1.);
#4883 = DIRECTION('',(0.,-1.));
#4884 = ( GEOMETRIC_REPRESENTATION_CONTEXT(2) 
PARAMETRIC_REPRESENTATION_CONTEXT() REPRESENTATION_CONTEXT('2D SPACE',''
  ) );
#4885 = PCURVE('',#2021,#4886);
#4886 = DEFINITIONAL_REPRESENTATION('',(#4887),#4891);
#4887 = LINE('',#4888,#4889);
#4888 = CARTESIAN_POINT('',(1.570796326795,0.));
#4889 = VECTOR('',#4890,1.);
#4890 = DIRECTION('',(0.,-1.));
#4891 = ( GEOMETRIC_REPRESENTATION_CONTEXT(2) 
PARAMETRIC_REPRESENTATION_CONTEXT() REPRESENTATION_CONTEXT('2D SPACE',''
  ) );
#4892 = ORIENTED_EDGE('',*,*,#4893,.T.);
#4893 = EDGE_CURVE('',#4871,#4821,#4894,.T.);
#4894 = SURFACE_CURVE('',#4895,(#4899,#4906),.PCURVE_S1.);
#4895 = LINE('',#4896,#4897);
#4896 = CARTESIAN_POINT('',(6.6,-23.05,2.8));
#4897 = VECTOR('',#4898,1.);
#4898 = DIRECTION('',(1.110223024625E-16,-1.,0.));
#4899 = PCURVE('',#2048,#4900);
#4900 = DEFINITIONAL_REPRESENTATION('',(#4901),#4905);
#4901 = LINE('',#4902,#4903);
#4902 = CARTESIAN_POINT('',(0.,-0.9));
#4903 = VECTOR('',#4904,1.);
#4904 = DIRECTION('',(1.,0.));
#4905 = ( GEOMETRIC_REPRESENTATION_CONTEXT(2) 
PARAMETRIC_REPRESENTATION_CONTEXT() REPRESENTATION_CONTEXT('2D SPACE',''
  ) );
#4906 = PCURVE('',#4585,#4907);
#4907 = DEFINITIONAL_REPRESENTATION('',(#4908),#4912);
#4908 = LINE('',#4909,#4910);
#4909 = CARTESIAN_POINT('',(-1.7,-2.2));
#4910 = VECTOR('',#4911,1.);
#4911 = DIRECTION('',(-1.110223024625E-16,-1.));
#4912 = ( GEOMETRIC_REPRESENTATION_CONTEXT(2) 
PARAMETRIC_REPRESENTATION_CONTEXT() REPRESENTATION_CONTEXT('2D SPACE',''
  ) );
#4913 = ORIENTED_EDGE('',*,*,#4820,.F.);
#4914 = ADVANCED_FACE('',(#4915),#2021,.T.);
#4915 = FACE_BOUND('',#4916,.T.);
#4916 = EDGE_LOOP('',(#4917,#4918,#4941,#4963));
#4917 = ORIENTED_EDGE('',*,*,#2000,.F.);
#4918 = ORIENTED_EDGE('',*,*,#4919,.T.);
#4919 = EDGE_CURVE('',#1975,#4920,#4922,.T.);
#4920 = VERTEX_POINT('',#4921);
#4921 = CARTESIAN_POINT('',(6.1,-22.55,2.8));
#4922 = SURFACE_CURVE('',#4923,(#4927,#4934),.PCURVE_S1.);
#4923 = LINE('',#4924,#4925);
#4924 = CARTESIAN_POINT('',(6.1,-22.55,1.9));
#4925 = VECTOR('',#4926,1.);
#4926 = DIRECTION('',(0.,0.,1.));
#4927 = PCURVE('',#2021,#4928);
#4928 = DEFINITIONAL_REPRESENTATION('',(#4929),#4933);
#4929 = LINE('',#4930,#4931);
#4930 = CARTESIAN_POINT('',(0.,0.));
#4931 = VECTOR('',#4932,1.);
#4932 = DIRECTION('',(0.,-1.));
#4933 = ( GEOMETRIC_REPRESENTATION_CONTEXT(2) 
PARAMETRIC_REPRESENTATION_CONTEXT() REPRESENTATION_CONTEXT('2D SPACE',''
  ) );
#4934 = PCURVE('',#1989,#4935);
#4935 = DEFINITIONAL_REPRESENTATION('',(#4936),#4940);
#4936 = LINE('',#4937,#4938);
#4937 = CARTESIAN_POINT('',(2.4,0.));
#4938 = VECTOR('',#4939,1.);
#4939 = DIRECTION('',(0.,-1.));
#4940 = ( GEOMETRIC_REPRESENTATION_CONTEXT(2) 
PARAMETRIC_REPRESENTATION_CONTEXT() REPRESENTATION_CONTEXT('2D SPACE',''
  ) );
#4941 = ORIENTED_EDGE('',*,*,#4942,.T.);
#4942 = EDGE_CURVE('',#4920,#4871,#4943,.T.);
#4943 = SURFACE_CURVE('',#4944,(#4949,#4956),.PCURVE_S1.);
#4944 = CIRCLE('',#4945,0.5);
#4945 = AXIS2_PLACEMENT_3D('',#4946,#4947,#4948);
#4946 = CARTESIAN_POINT('',(6.1,-23.05,2.8));
#4947 = DIRECTION('',(0.,0.,-1.));
#4948 = DIRECTION('',(0.,1.,0.));
#4949 = PCURVE('',#2021,#4950);
#4950 = DEFINITIONAL_REPRESENTATION('',(#4951),#4955);
#4951 = LINE('',#4952,#4953);
#4952 = CARTESIAN_POINT('',(0.,-0.9));
#4953 = VECTOR('',#4954,1.);
#4954 = DIRECTION('',(1.,0.));
#4955 = ( GEOMETRIC_REPRESENTATION_CONTEXT(2) 
PARAMETRIC_REPRESENTATION_CONTEXT() REPRESENTATION_CONTEXT('2D SPACE',''
  ) );
#4956 = PCURVE('',#4585,#4957);
#4957 = DEFINITIONAL_REPRESENTATION('',(#4958),#4962);
#4958 = CIRCLE('',#4959,0.5);
#4959 = AXIS2_PLACEMENT_2D('',#4960,#4961);
#4960 = CARTESIAN_POINT('',(-1.2,-2.2));
#4961 = DIRECTION('',(0.,1.));
#4962 = ( GEOMETRIC_REPRESENTATION_CONTEXT(2) 
PARAMETRIC_REPRESENTATION_CONTEXT() REPRESENTATION_CONTEXT('2D SPACE',''
  ) );
#4963 = ORIENTED_EDGE('',*,*,#4870,.F.);
#4964 = ADVANCED_FACE('',(#4965),#1989,.T.);
#4965 = FACE_BOUND('',#4966,.T.);
#4966 = EDGE_LOOP('',(#4967,#4968,#4989,#5010));
#4967 = ORIENTED_EDGE('',*,*,#1974,.T.);
#4968 = ORIENTED_EDGE('',*,*,#4969,.T.);
#4969 = EDGE_CURVE('',#1949,#4970,#4972,.T.);
#4970 = VERTEX_POINT('',#4971);
#4971 = CARTESIAN_POINT('',(4.2,-22.55,2.8));
#4972 = SURFACE_CURVE('',#4973,(#4977,#4983),.PCURVE_S1.);
#4973 = LINE('',#4974,#4975);
#4974 = CARTESIAN_POINT('',(4.2,-22.55,1.9));
#4975 = VECTOR('',#4976,1.);
#4976 = DIRECTION('',(-0.,0.,1.));
#4977 = PCURVE('',#1989,#4978);
#4978 = DEFINITIONAL_REPRESENTATION('',(#4979),#4982);
#4979 = B_SPLINE_CURVE_WITH_KNOTS('',1,(#4980,#4981),.UNSPECIFIED.,.F.,
  .F.,(2,2),(0.,0.9),.PIECEWISE_BEZIER_KNOTS.);
#4980 = CARTESIAN_POINT('',(0.5,0.));
#4981 = CARTESIAN_POINT('',(0.5,-0.9));
#4982 = ( GEOMETRIC_REPRESENTATION_CONTEXT(2) 
PARAMETRIC_REPRESENTATION_CONTEXT() REPRESENTATION_CONTEXT('2D SPACE',''
  ) );
#4983 = PCURVE('',#1963,#4984);
#4984 = DEFINITIONAL_REPRESENTATION('',(#4985),#4988);
#4985 = B_SPLINE_CURVE_WITH_KNOTS('',1,(#4986,#4987),.UNSPECIFIED.,.F.,
  .F.,(2,2),(0.,0.9),.PIECEWISE_BEZIER_KNOTS.);
#4986 = CARTESIAN_POINT('',(1.7,0.));
#4987 = CARTESIAN_POINT('',(1.7,-0.9));
#4988 = ( GEOMETRIC_REPRESENTATION_CONTEXT(2) 
PARAMETRIC_REPRESENTATION_CONTEXT() REPRESENTATION_CONTEXT('2D SPACE',''
  ) );
#4989 = ORIENTED_EDGE('',*,*,#4990,.T.);
#4990 = EDGE_CURVE('',#4970,#4920,#4991,.T.);
#4991 = SURFACE_CURVE('',#4992,(#4996,#5003),.PCURVE_S1.);
#4992 = LINE('',#4993,#4994);
#4993 = CARTESIAN_POINT('',(3.7,-22.55,2.8));
#4994 = VECTOR('',#4995,1.);
#4995 = DIRECTION('',(1.,0.,0.));
#4996 = PCURVE('',#1989,#4997);
#4997 = DEFINITIONAL_REPRESENTATION('',(#4998),#5002);
#4998 = LINE('',#4999,#5000);
#4999 = CARTESIAN_POINT('',(0.,-0.9));
#5000 = VECTOR('',#5001,1.);
#5001 = DIRECTION('',(1.,0.));
#5002 = ( GEOMETRIC_REPRESENTATION_CONTEXT(2) 
PARAMETRIC_REPRESENTATION_CONTEXT() REPRESENTATION_CONTEXT('2D SPACE',''
  ) );
#5003 = PCURVE('',#4585,#5004);
#5004 = DEFINITIONAL_REPRESENTATION('',(#5005),#5009);
#5005 = LINE('',#5006,#5007);
#5006 = CARTESIAN_POINT('',(1.2,-1.7));
#5007 = VECTOR('',#5008,1.);
#5008 = DIRECTION('',(-1.,0.));
#5009 = ( GEOMETRIC_REPRESENTATION_CONTEXT(2) 
PARAMETRIC_REPRESENTATION_CONTEXT() REPRESENTATION_CONTEXT('2D SPACE',''
  ) );
#5010 = ORIENTED_EDGE('',*,*,#4919,.F.);
#5011 = ADVANCED_FACE('',(#5012),#1963,.T.);
#5012 = FACE_BOUND('',#5013,.T.);
#5013 = EDGE_LOOP('',(#5014,#5015,#5036,#5057));
#5014 = ORIENTED_EDGE('',*,*,#1948,.T.);
#5015 = ORIENTED_EDGE('',*,*,#5016,.T.);
#5016 = EDGE_CURVE('',#1923,#5017,#5019,.T.);
#5017 = VERTEX_POINT('',#5018);
#5018 = CARTESIAN_POINT('',(4.2,-21.35,2.8));
#5019 = SURFACE_CURVE('',#5020,(#5024,#5030),.PCURVE_S1.);
#5020 = LINE('',#5021,#5022);
#5021 = CARTESIAN_POINT('',(4.2,-21.35,1.9));
#5022 = VECTOR('',#5023,1.);
#5023 = DIRECTION('',(0.,0.,1.));
#5024 = PCURVE('',#1963,#5025);
#5025 = DEFINITIONAL_REPRESENTATION('',(#5026),#5029);
#5026 = B_SPLINE_CURVE_WITH_KNOTS('',1,(#5027,#5028),.UNSPECIFIED.,.F.,
  .F.,(2,2),(0.,0.9),.PIECEWISE_BEZIER_KNOTS.);
#5027 = CARTESIAN_POINT('',(0.5,0.));
#5028 = CARTESIAN_POINT('',(0.5,-0.9));
#5029 = ( GEOMETRIC_REPRESENTATION_CONTEXT(2) 
PARAMETRIC_REPRESENTATION_CONTEXT() REPRESENTATION_CONTEXT('2D SPACE',''
  ) );
#5030 = PCURVE('',#1937,#5031);
#5031 = DEFINITIONAL_REPRESENTATION('',(#5032),#5035);
#5032 = B_SPLINE_CURVE_WITH_KNOTS('',1,(#5033,#5034),.UNSPECIFIED.,.F.,
  .F.,(2,2),(0.,0.9),.PIECEWISE_BEZIER_KNOTS.);
#5033 = CARTESIAN_POINT('',(1.9,0.));
#5034 = CARTESIAN_POINT('',(1.9,-0.9));
#5035 = ( GEOMETRIC_REPRESENTATION_CONTEXT(2) 
PARAMETRIC_REPRESENTATION_CONTEXT() REPRESENTATION_CONTEXT('2D SPACE',''
  ) );
#5036 = ORIENTED_EDGE('',*,*,#5037,.T.);
#5037 = EDGE_CURVE('',#5017,#4970,#5038,.T.);
#5038 = SURFACE_CURVE('',#5039,(#5043,#5050),.PCURVE_S1.);
#5039 = LINE('',#5040,#5041);
#5040 = CARTESIAN_POINT('',(4.2,-20.85,2.8));
#5041 = VECTOR('',#5042,1.);
#5042 = DIRECTION('',(-1.110223024625E-16,-1.,0.));
#5043 = PCURVE('',#1963,#5044);
#5044 = DEFINITIONAL_REPRESENTATION('',(#5045),#5049);
#5045 = LINE('',#5046,#5047);
#5046 = CARTESIAN_POINT('',(0.,-0.9));
#5047 = VECTOR('',#5048,1.);
#5048 = DIRECTION('',(1.,0.));
#5049 = ( GEOMETRIC_REPRESENTATION_CONTEXT(2) 
PARAMETRIC_REPRESENTATION_CONTEXT() REPRESENTATION_CONTEXT('2D SPACE',''
  ) );
#5050 = PCURVE('',#4585,#5051);
#5051 = DEFINITIONAL_REPRESENTATION('',(#5052),#5056);
#5052 = LINE('',#5053,#5054);
#5053 = CARTESIAN_POINT('',(0.7,7.105427357601E-15));
#5054 = VECTOR('',#5055,1.);
#5055 = DIRECTION('',(1.110223024625E-16,-1.));
#5056 = ( GEOMETRIC_REPRESENTATION_CONTEXT(2) 
PARAMETRIC_REPRESENTATION_CONTEXT() REPRESENTATION_CONTEXT('2D SPACE',''
  ) );
#5057 = ORIENTED_EDGE('',*,*,#4969,.F.);
#5058 = ADVANCED_FACE('',(#5059),#1937,.T.);
#5059 = FACE_BOUND('',#5060,.T.);
#5060 = EDGE_LOOP('',(#5061,#5062,#5085,#5106));
#5061 = ORIENTED_EDGE('',*,*,#1922,.T.);
#5062 = ORIENTED_EDGE('',*,*,#5063,.T.);
#5063 = EDGE_CURVE('',#1890,#5064,#5066,.T.);
#5064 = VERTEX_POINT('',#5065);
#5065 = CARTESIAN_POINT('',(6.1,-21.35,2.8));
#5066 = SURFACE_CURVE('',#5067,(#5071,#5078),.PCURVE_S1.);
#5067 = LINE('',#5068,#5069);
#5068 = CARTESIAN_POINT('',(6.1,-21.35,1.9));
#5069 = VECTOR('',#5070,1.);
#5070 = DIRECTION('',(0.,0.,1.));
#5071 = PCURVE('',#1937,#5072);
#5072 = DEFINITIONAL_REPRESENTATION('',(#5073),#5077);
#5073 = LINE('',#5074,#5075);
#5074 = CARTESIAN_POINT('',(0.,-0.));
#5075 = VECTOR('',#5076,1.);
#5076 = DIRECTION('',(0.,-1.));
#5077 = ( GEOMETRIC_REPRESENTATION_CONTEXT(2) 
PARAMETRIC_REPRESENTATION_CONTEXT() REPRESENTATION_CONTEXT('2D SPACE',''
  ) );
#5078 = PCURVE('',#1910,#5079);
#5079 = DEFINITIONAL_REPRESENTATION('',(#5080),#5084);
#5080 = LINE('',#5081,#5082);
#5081 = CARTESIAN_POINT('',(3.14159265359,0.));
#5082 = VECTOR('',#5083,1.);
#5083 = DIRECTION('',(0.,-1.));
#5084 = ( GEOMETRIC_REPRESENTATION_CONTEXT(2) 
PARAMETRIC_REPRESENTATION_CONTEXT() REPRESENTATION_CONTEXT('2D SPACE',''
  ) );
#5085 = ORIENTED_EDGE('',*,*,#5086,.T.);
#5086 = EDGE_CURVE('',#5064,#5017,#5087,.T.);
#5087 = SURFACE_CURVE('',#5088,(#5092,#5099),.PCURVE_S1.);
#5088 = LINE('',#5089,#5090);
#5089 = CARTESIAN_POINT('',(6.1,-21.35,2.8));
#5090 = VECTOR('',#5091,1.);
#5091 = DIRECTION('',(-1.,0.,0.));
#5092 = PCURVE('',#1937,#5093);
#5093 = DEFINITIONAL_REPRESENTATION('',(#5094),#5098);
#5094 = LINE('',#5095,#5096);
#5095 = CARTESIAN_POINT('',(0.,-0.9));
#5096 = VECTOR('',#5097,1.);
#5097 = DIRECTION('',(1.,0.));
#5098 = ( GEOMETRIC_REPRESENTATION_CONTEXT(2) 
PARAMETRIC_REPRESENTATION_CONTEXT() REPRESENTATION_CONTEXT('2D SPACE',''
  ) );
#5099 = PCURVE('',#4585,#5100);
#5100 = DEFINITIONAL_REPRESENTATION('',(#5101),#5105);
#5101 = LINE('',#5102,#5103);
#5102 = CARTESIAN_POINT('',(-1.2,-0.5));
#5103 = VECTOR('',#5104,1.);
#5104 = DIRECTION('',(1.,0.));
#5105 = ( GEOMETRIC_REPRESENTATION_CONTEXT(2) 
PARAMETRIC_REPRESENTATION_CONTEXT() REPRESENTATION_CONTEXT('2D SPACE',''
  ) );
#5106 = ORIENTED_EDGE('',*,*,#5016,.F.);
#5107 = ADVANCED_FACE('',(#5108),#1910,.T.);
#5108 = FACE_BOUND('',#5109,.T.);
#5109 = EDGE_LOOP('',(#5110,#5111,#5112,#5134));
#5110 = ORIENTED_EDGE('',*,*,#1889,.F.);
#5111 = ORIENTED_EDGE('',*,*,#4597,.T.);
#5112 = ORIENTED_EDGE('',*,*,#5113,.T.);
#5113 = EDGE_CURVE('',#4570,#5064,#5114,.T.);
#5114 = SURFACE_CURVE('',#5115,(#5120,#5127),.PCURVE_S1.);
#5115 = CIRCLE('',#5116,0.5);
#5116 = AXIS2_PLACEMENT_3D('',#5117,#5118,#5119);
#5117 = CARTESIAN_POINT('',(6.1,-20.85,2.8));
#5118 = DIRECTION('',(0.,0.,-1.));
#5119 = DIRECTION('',(0.,1.,0.));
#5120 = PCURVE('',#1910,#5121);
#5121 = DEFINITIONAL_REPRESENTATION('',(#5122),#5126);
#5122 = LINE('',#5123,#5124);
#5123 = CARTESIAN_POINT('',(0.,-0.9));
#5124 = VECTOR('',#5125,1.);
#5125 = DIRECTION('',(1.,0.));
#5126 = ( GEOMETRIC_REPRESENTATION_CONTEXT(2) 
PARAMETRIC_REPRESENTATION_CONTEXT() REPRESENTATION_CONTEXT('2D SPACE',''
  ) );
#5127 = PCURVE('',#4585,#5128);
#5128 = DEFINITIONAL_REPRESENTATION('',(#5129),#5133);
#5129 = CIRCLE('',#5130,0.5);
#5130 = AXIS2_PLACEMENT_2D('',#5131,#5132);
#5131 = CARTESIAN_POINT('',(-1.2,3.552713678801E-15));
#5132 = DIRECTION('',(0.,1.));
#5133 = ( GEOMETRIC_REPRESENTATION_CONTEXT(2) 
PARAMETRIC_REPRESENTATION_CONTEXT() REPRESENTATION_CONTEXT('2D SPACE',''
  ) );
#5134 = ORIENTED_EDGE('',*,*,#5063,.F.);
#5135 = ADVANCED_FACE('',(#5136),#2227,.T.);
#5136 = FACE_BOUND('',#5137,.T.);
#5137 = EDGE_LOOP('',(#5138,#5139,#5162,#5190));
#5138 = ORIENTED_EDGE('',*,*,#2210,.T.);
#5139 = ORIENTED_EDGE('',*,*,#5140,.T.);
#5140 = EDGE_CURVE('',#2213,#5141,#5143,.T.);
#5141 = VERTEX_POINT('',#5142);
#5142 = CARTESIAN_POINT('',(-2.5,-18.95,2.8));
#5143 = SURFACE_CURVE('',#5144,(#5148,#5155),.PCURVE_S1.);
#5144 = LINE('',#5145,#5146);
#5145 = CARTESIAN_POINT('',(-2.5,-18.95,1.9));
#5146 = VECTOR('',#5147,1.);
#5147 = DIRECTION('',(0.,0.,1.));
#5148 = PCURVE('',#2227,#5149);
#5149 = DEFINITIONAL_REPRESENTATION('',(#5150),#5154);
#5150 = LINE('',#5151,#5152);
#5151 = CARTESIAN_POINT('',(0.,0.));
#5152 = VECTOR('',#5153,1.);
#5153 = DIRECTION('',(0.,-1.));
#5154 = ( GEOMETRIC_REPRESENTATION_CONTEXT(2) 
PARAMETRIC_REPRESENTATION_CONTEXT() REPRESENTATION_CONTEXT('2D SPACE',''
  ) );
#5155 = PCURVE('',#2316,#5156);
#5156 = DEFINITIONAL_REPRESENTATION('',(#5157),#5161);
#5157 = LINE('',#5158,#5159);
#5158 = CARTESIAN_POINT('',(3.14159265359,0.));
#5159 = VECTOR('',#5160,1.);
#5160 = DIRECTION('',(0.,-1.));
#5161 = ( GEOMETRIC_REPRESENTATION_CONTEXT(2) 
PARAMETRIC_REPRESENTATION_CONTEXT() REPRESENTATION_CONTEXT('2D SPACE',''
  ) );
#5162 = ORIENTED_EDGE('',*,*,#5163,.T.);
#5163 = EDGE_CURVE('',#5141,#5164,#5166,.T.);
#5164 = VERTEX_POINT('',#5165);
#5165 = CARTESIAN_POINT('',(-2.5,-16.15,2.8));
#5166 = SURFACE_CURVE('',#5167,(#5171,#5178),.PCURVE_S1.);
#5167 = LINE('',#5168,#5169);
#5168 = CARTESIAN_POINT('',(-2.5,-18.95,2.8));
#5169 = VECTOR('',#5170,1.);
#5170 = DIRECTION('',(1.110223024625E-16,1.,0.));
#5171 = PCURVE('',#2227,#5172);
#5172 = DEFINITIONAL_REPRESENTATION('',(#5173),#5177);
#5173 = LINE('',#5174,#5175);
#5174 = CARTESIAN_POINT('',(0.,-0.9));
#5175 = VECTOR('',#5176,1.);
#5176 = DIRECTION('',(1.,0.));
#5177 = ( GEOMETRIC_REPRESENTATION_CONTEXT(2) 
PARAMETRIC_REPRESENTATION_CONTEXT() REPRESENTATION_CONTEXT('2D SPACE',''
  ) );
#5178 = PCURVE('',#5179,#5184);
#5179 = PLANE('',#5180);
#5180 = AXIS2_PLACEMENT_3D('',#5181,#5182,#5183);
#5181 = CARTESIAN_POINT('',(-2.,-17.55,2.8));
#5182 = DIRECTION('',(-0.,-0.,-1.));
#5183 = DIRECTION('',(-1.,0.,0.));
#5184 = DEFINITIONAL_REPRESENTATION('',(#5185),#5189);
#5185 = LINE('',#5186,#5187);
#5186 = CARTESIAN_POINT('',(0.5,-1.4));
#5187 = VECTOR('',#5188,1.);
#5188 = DIRECTION('',(-1.110223024625E-16,1.));
#5189 = ( GEOMETRIC_REPRESENTATION_CONTEXT(2) 
PARAMETRIC_REPRESENTATION_CONTEXT() REPRESENTATION_CONTEXT('2D SPACE',''
  ) );
#5190 = ORIENTED_EDGE('',*,*,#5191,.F.);
#5191 = EDGE_CURVE('',#2211,#5164,#5192,.T.);
#5192 = SURFACE_CURVE('',#5193,(#5197,#5204),.PCURVE_S1.);
#5193 = LINE('',#5194,#5195);
#5194 = CARTESIAN_POINT('',(-2.5,-16.15,1.9));
#5195 = VECTOR('',#5196,1.);
#5196 = DIRECTION('',(0.,0.,1.));
#5197 = PCURVE('',#2227,#5198);
#5198 = DEFINITIONAL_REPRESENTATION('',(#5199),#5203);
#5199 = LINE('',#5200,#5201);
#5200 = CARTESIAN_POINT('',(2.8,0.));
#5201 = VECTOR('',#5202,1.);
#5202 = DIRECTION('',(0.,-1.));
#5203 = ( GEOMETRIC_REPRESENTATION_CONTEXT(2) 
PARAMETRIC_REPRESENTATION_CONTEXT() REPRESENTATION_CONTEXT('2D SPACE',''
  ) );
#5204 = PCURVE('',#2259,#5205);
#5205 = DEFINITIONAL_REPRESENTATION('',(#5206),#5210);
#5206 = LINE('',#5207,#5208);
#5207 = CARTESIAN_POINT('',(0.,0.));
#5208 = VECTOR('',#5209,1.);
#5209 = DIRECTION('',(0.,-1.));
#5210 = ( GEOMETRIC_REPRESENTATION_CONTEXT(2) 
PARAMETRIC_REPRESENTATION_CONTEXT() REPRESENTATION_CONTEXT('2D SPACE',''
  ) );
#5211 = ADVANCED_FACE('',(#5212),#2259,.T.);
#5212 = FACE_BOUND('',#5213,.T.);
#5213 = EDGE_LOOP('',(#5214,#5215,#5216,#5240));
#5214 = ORIENTED_EDGE('',*,*,#2238,.F.);
#5215 = ORIENTED_EDGE('',*,*,#5191,.T.);
#5216 = ORIENTED_EDGE('',*,*,#5217,.T.);
#5217 = EDGE_CURVE('',#5164,#5218,#5220,.T.);
#5218 = VERTEX_POINT('',#5219);
#5219 = CARTESIAN_POINT('',(-1.5,-16.15,2.8));
#5220 = SURFACE_CURVE('',#5221,(#5226,#5233),.PCURVE_S1.);
#5221 = CIRCLE('',#5222,0.5);
#5222 = AXIS2_PLACEMENT_3D('',#5223,#5224,#5225);
#5223 = CARTESIAN_POINT('',(-2.,-16.15,2.8));
#5224 = DIRECTION('',(0.,0.,-1.));
#5225 = DIRECTION('',(-1.,1.110223024625E-16,0.));
#5226 = PCURVE('',#2259,#5227);
#5227 = DEFINITIONAL_REPRESENTATION('',(#5228),#5232);
#5228 = LINE('',#5229,#5230);
#5229 = CARTESIAN_POINT('',(0.,-0.9));
#5230 = VECTOR('',#5231,1.);
#5231 = DIRECTION('',(1.,0.));
#5232 = ( GEOMETRIC_REPRESENTATION_CONTEXT(2) 
PARAMETRIC_REPRESENTATION_CONTEXT() REPRESENTATION_CONTEXT('2D SPACE',''
  ) );
#5233 = PCURVE('',#5179,#5234);
#5234 = DEFINITIONAL_REPRESENTATION('',(#5235),#5239);
#5235 = CIRCLE('',#5236,0.5);
#5236 = AXIS2_PLACEMENT_2D('',#5237,#5238);
#5237 = CARTESIAN_POINT('',(0.,1.4));
#5238 = DIRECTION('',(1.,1.110223024625E-16));
#5239 = ( GEOMETRIC_REPRESENTATION_CONTEXT(2) 
PARAMETRIC_REPRESENTATION_CONTEXT() REPRESENTATION_CONTEXT('2D SPACE',''
  ) );
#5240 = ORIENTED_EDGE('',*,*,#5241,.F.);
#5241 = EDGE_CURVE('',#2239,#5218,#5242,.T.);
#5242 = SURFACE_CURVE('',#5243,(#5247,#5254),.PCURVE_S1.);
#5243 = LINE('',#5244,#5245);
#5244 = CARTESIAN_POINT('',(-1.5,-16.15,1.9));
#5245 = VECTOR('',#5246,1.);
#5246 = DIRECTION('',(0.,0.,1.));
#5247 = PCURVE('',#2259,#5248);
#5248 = DEFINITIONAL_REPRESENTATION('',(#5249),#5253);
#5249 = LINE('',#5250,#5251);
#5250 = CARTESIAN_POINT('',(3.14159265359,0.));
#5251 = VECTOR('',#5252,1.);
#5252 = DIRECTION('',(0.,-1.));
#5253 = ( GEOMETRIC_REPRESENTATION_CONTEXT(2) 
PARAMETRIC_REPRESENTATION_CONTEXT() REPRESENTATION_CONTEXT('2D SPACE',''
  ) );
#5254 = PCURVE('',#2286,#5255);
#5255 = DEFINITIONAL_REPRESENTATION('',(#5256),#5260);
#5256 = LINE('',#5257,#5258);
#5257 = CARTESIAN_POINT('',(0.,0.));
#5258 = VECTOR('',#5259,1.);
#5259 = DIRECTION('',(0.,-1.));
#5260 = ( GEOMETRIC_REPRESENTATION_CONTEXT(2) 
PARAMETRIC_REPRESENTATION_CONTEXT() REPRESENTATION_CONTEXT('2D SPACE',''
  ) );
#5261 = ADVANCED_FACE('',(#5262),#2316,.T.);
#5262 = FACE_BOUND('',#5263,.T.);
#5263 = EDGE_LOOP('',(#5264,#5265,#5288,#5310));
#5264 = ORIENTED_EDGE('',*,*,#2297,.F.);
#5265 = ORIENTED_EDGE('',*,*,#5266,.T.);
#5266 = EDGE_CURVE('',#2272,#5267,#5269,.T.);
#5267 = VERTEX_POINT('',#5268);
#5268 = CARTESIAN_POINT('',(-1.5,-18.95,2.8));
#5269 = SURFACE_CURVE('',#5270,(#5274,#5281),.PCURVE_S1.);
#5270 = LINE('',#5271,#5272);
#5271 = CARTESIAN_POINT('',(-1.5,-18.95,1.9));
#5272 = VECTOR('',#5273,1.);
#5273 = DIRECTION('',(0.,0.,1.));
#5274 = PCURVE('',#2316,#5275);
#5275 = DEFINITIONAL_REPRESENTATION('',(#5276),#5280);
#5276 = LINE('',#5277,#5278);
#5277 = CARTESIAN_POINT('',(0.,0.));
#5278 = VECTOR('',#5279,1.);
#5279 = DIRECTION('',(0.,-1.));
#5280 = ( GEOMETRIC_REPRESENTATION_CONTEXT(2) 
PARAMETRIC_REPRESENTATION_CONTEXT() REPRESENTATION_CONTEXT('2D SPACE',''
  ) );
#5281 = PCURVE('',#2286,#5282);
#5282 = DEFINITIONAL_REPRESENTATION('',(#5283),#5287);
#5283 = LINE('',#5284,#5285);
#5284 = CARTESIAN_POINT('',(2.8,0.));
#5285 = VECTOR('',#5286,1.);
#5286 = DIRECTION('',(0.,-1.));
#5287 = ( GEOMETRIC_REPRESENTATION_CONTEXT(2) 
PARAMETRIC_REPRESENTATION_CONTEXT() REPRESENTATION_CONTEXT('2D SPACE',''
  ) );
#5288 = ORIENTED_EDGE('',*,*,#5289,.T.);
#5289 = EDGE_CURVE('',#5267,#5141,#5290,.T.);
#5290 = SURFACE_CURVE('',#5291,(#5296,#5303),.PCURVE_S1.);
#5291 = CIRCLE('',#5292,0.5);
#5292 = AXIS2_PLACEMENT_3D('',#5293,#5294,#5295);
#5293 = CARTESIAN_POINT('',(-2.,-18.95,2.8));
#5294 = DIRECTION('',(0.,-0.,-1.));
#5295 = DIRECTION('',(1.,-1.110223024625E-16,0.));
#5296 = PCURVE('',#2316,#5297);
#5297 = DEFINITIONAL_REPRESENTATION('',(#5298),#5302);
#5298 = LINE('',#5299,#5300);
#5299 = CARTESIAN_POINT('',(0.,-0.9));
#5300 = VECTOR('',#5301,1.);
#5301 = DIRECTION('',(1.,0.));
#5302 = ( GEOMETRIC_REPRESENTATION_CONTEXT(2) 
PARAMETRIC_REPRESENTATION_CONTEXT() REPRESENTATION_CONTEXT('2D SPACE',''
  ) );
#5303 = PCURVE('',#5179,#5304);
#5304 = DEFINITIONAL_REPRESENTATION('',(#5305),#5309);
#5305 = CIRCLE('',#5306,0.5);
#5306 = AXIS2_PLACEMENT_2D('',#5307,#5308);
#5307 = CARTESIAN_POINT('',(4.440892098501E-16,-1.4));
#5308 = DIRECTION('',(-1.,-1.110223024625E-16));
#5309 = ( GEOMETRIC_REPRESENTATION_CONTEXT(2) 
PARAMETRIC_REPRESENTATION_CONTEXT() REPRESENTATION_CONTEXT('2D SPACE',''
  ) );
#5310 = ORIENTED_EDGE('',*,*,#5140,.F.);
#5311 = ADVANCED_FACE('',(#5312),#2286,.T.);
#5312 = FACE_BOUND('',#5313,.T.);
#5313 = EDGE_LOOP('',(#5314,#5315,#5316,#5337));
#5314 = ORIENTED_EDGE('',*,*,#2271,.T.);
#5315 = ORIENTED_EDGE('',*,*,#5241,.T.);
#5316 = ORIENTED_EDGE('',*,*,#5317,.T.);
#5317 = EDGE_CURVE('',#5218,#5267,#5318,.T.);
#5318 = SURFACE_CURVE('',#5319,(#5323,#5330),.PCURVE_S1.);
#5319 = LINE('',#5320,#5321);
#5320 = CARTESIAN_POINT('',(-1.5,-16.15,2.8));
#5321 = VECTOR('',#5322,1.);
#5322 = DIRECTION('',(-1.110223024625E-16,-1.,0.));
#5323 = PCURVE('',#2286,#5324);
#5324 = DEFINITIONAL_REPRESENTATION('',(#5325),#5329);
#5325 = LINE('',#5326,#5327);
#5326 = CARTESIAN_POINT('',(0.,-0.9));
#5327 = VECTOR('',#5328,1.);
#5328 = DIRECTION('',(1.,0.));
#5329 = ( GEOMETRIC_REPRESENTATION_CONTEXT(2) 
PARAMETRIC_REPRESENTATION_CONTEXT() REPRESENTATION_CONTEXT('2D SPACE',''
  ) );
#5330 = PCURVE('',#5179,#5331);
#5331 = DEFINITIONAL_REPRESENTATION('',(#5332),#5336);
#5332 = LINE('',#5333,#5334);
#5333 = CARTESIAN_POINT('',(-0.5,1.4));
#5334 = VECTOR('',#5335,1.);
#5335 = DIRECTION('',(1.110223024625E-16,-1.));
#5336 = ( GEOMETRIC_REPRESENTATION_CONTEXT(2) 
PARAMETRIC_REPRESENTATION_CONTEXT() REPRESENTATION_CONTEXT('2D SPACE',''
  ) );
#5337 = ORIENTED_EDGE('',*,*,#5266,.F.);
#5338 = ADVANCED_FACE('',(#5339),#2347,.T.);
#5339 = FACE_BOUND('',#5340,.T.);
#5340 = EDGE_LOOP('',(#5341,#5342,#5365,#5393));
#5341 = ORIENTED_EDGE('',*,*,#2330,.T.);
#5342 = ORIENTED_EDGE('',*,*,#5343,.T.);
#5343 = EDGE_CURVE('',#2333,#5344,#5346,.T.);
#5344 = VERTEX_POINT('',#5345);
#5345 = CARTESIAN_POINT('',(0.3,-18.95,2.8));
#5346 = SURFACE_CURVE('',#5347,(#5351,#5358),.PCURVE_S1.);
#5347 = LINE('',#5348,#5349);
#5348 = CARTESIAN_POINT('',(0.3,-18.95,1.9));
#5349 = VECTOR('',#5350,1.);
#5350 = DIRECTION('',(0.,0.,1.));
#5351 = PCURVE('',#2347,#5352);
#5352 = DEFINITIONAL_REPRESENTATION('',(#5353),#5357);
#5353 = LINE('',#5354,#5355);
#5354 = CARTESIAN_POINT('',(0.,0.));
#5355 = VECTOR('',#5356,1.);
#5356 = DIRECTION('',(0.,-1.));
#5357 = ( GEOMETRIC_REPRESENTATION_CONTEXT(2) 
PARAMETRIC_REPRESENTATION_CONTEXT() REPRESENTATION_CONTEXT('2D SPACE',''
  ) );
#5358 = PCURVE('',#2606,#5359);
#5359 = DEFINITIONAL_REPRESENTATION('',(#5360),#5364);
#5360 = LINE('',#5361,#5362);
#5361 = CARTESIAN_POINT('',(3.14159265359,0.));
#5362 = VECTOR('',#5363,1.);
#5363 = DIRECTION('',(0.,-1.));
#5364 = ( GEOMETRIC_REPRESENTATION_CONTEXT(2) 
PARAMETRIC_REPRESENTATION_CONTEXT() REPRESENTATION_CONTEXT('2D SPACE',''
  ) );
#5365 = ORIENTED_EDGE('',*,*,#5366,.T.);
#5366 = EDGE_CURVE('',#5344,#5367,#5369,.T.);
#5367 = VERTEX_POINT('',#5368);
#5368 = CARTESIAN_POINT('',(0.3,-16.15,2.8));
#5369 = SURFACE_CURVE('',#5370,(#5374,#5381),.PCURVE_S1.);
#5370 = LINE('',#5371,#5372);
#5371 = CARTESIAN_POINT('',(0.3,-18.95,2.8));
#5372 = VECTOR('',#5373,1.);
#5373 = DIRECTION('',(1.110223024625E-16,1.,0.));
#5374 = PCURVE('',#2347,#5375);
#5375 = DEFINITIONAL_REPRESENTATION('',(#5376),#5380);
#5376 = LINE('',#5377,#5378);
#5377 = CARTESIAN_POINT('',(0.,-0.9));
#5378 = VECTOR('',#5379,1.);
#5379 = DIRECTION('',(1.,0.));
#5380 = ( GEOMETRIC_REPRESENTATION_CONTEXT(2) 
PARAMETRIC_REPRESENTATION_CONTEXT() REPRESENTATION_CONTEXT('2D SPACE',''
  ) );
#5381 = PCURVE('',#5382,#5387);
#5382 = PLANE('',#5383);
#5383 = AXIS2_PLACEMENT_3D('',#5384,#5385,#5386);
#5384 = CARTESIAN_POINT('',(0.8,-17.55,2.8));
#5385 = DIRECTION('',(-0.,-0.,-1.));
#5386 = DIRECTION('',(-1.,0.,0.));
#5387 = DEFINITIONAL_REPRESENTATION('',(#5388),#5392);
#5388 = LINE('',#5389,#5390);
#5389 = CARTESIAN_POINT('',(0.5,-1.4));
#5390 = VECTOR('',#5391,1.);
#5391 = DIRECTION('',(-1.110223024625E-16,1.));
#5392 = ( GEOMETRIC_REPRESENTATION_CONTEXT(2) 
PARAMETRIC_REPRESENTATION_CONTEXT() REPRESENTATION_CONTEXT('2D SPACE',''
  ) );
#5393 = ORIENTED_EDGE('',*,*,#5394,.F.);
#5394 = EDGE_CURVE('',#2331,#5367,#5395,.T.);
#5395 = SURFACE_CURVE('',#5396,(#5400,#5407),.PCURVE_S1.);
#5396 = LINE('',#5397,#5398);
#5397 = CARTESIAN_POINT('',(0.3,-16.15,1.9));
#5398 = VECTOR('',#5399,1.);
#5399 = DIRECTION('',(0.,0.,1.));
#5400 = PCURVE('',#2347,#5401);
#5401 = DEFINITIONAL_REPRESENTATION('',(#5402),#5406);
#5402 = LINE('',#5403,#5404);
#5403 = CARTESIAN_POINT('',(2.8,0.));
#5404 = VECTOR('',#5405,1.);
#5405 = DIRECTION('',(0.,-1.));
#5406 = ( GEOMETRIC_REPRESENTATION_CONTEXT(2) 
PARAMETRIC_REPRESENTATION_CONTEXT() REPRESENTATION_CONTEXT('2D SPACE',''
  ) );
#5407 = PCURVE('',#2379,#5408);
#5408 = DEFINITIONAL_REPRESENTATION('',(#5409),#5413);
#5409 = LINE('',#5410,#5411);
#5410 = CARTESIAN_POINT('',(0.,0.));
#5411 = VECTOR('',#5412,1.);
#5412 = DIRECTION('',(0.,-1.));
#5413 = ( GEOMETRIC_REPRESENTATION_CONTEXT(2) 
PARAMETRIC_REPRESENTATION_CONTEXT() REPRESENTATION_CONTEXT('2D SPACE',''
  ) );
#5414 = ADVANCED_FACE('',(#5415),#2379,.T.);
#5415 = FACE_BOUND('',#5416,.T.);
#5416 = EDGE_LOOP('',(#5417,#5418,#5419,#5443));
#5417 = ORIENTED_EDGE('',*,*,#2358,.F.);
#5418 = ORIENTED_EDGE('',*,*,#5394,.T.);
#5419 = ORIENTED_EDGE('',*,*,#5420,.T.);
#5420 = EDGE_CURVE('',#5367,#5421,#5423,.T.);
#5421 = VERTEX_POINT('',#5422);
#5422 = CARTESIAN_POINT('',(1.179628301183,-15.82460431327,2.8));
#5423 = SURFACE_CURVE('',#5424,(#5429,#5436),.PCURVE_S1.);
#5424 = CIRCLE('',#5425,0.5);
#5425 = AXIS2_PLACEMENT_3D('',#5426,#5427,#5428);
#5426 = CARTESIAN_POINT('',(0.8,-16.15,2.8));
#5427 = DIRECTION('',(0.,0.,-1.));
#5428 = DIRECTION('',(-1.,1.110223024625E-16,0.));
#5429 = PCURVE('',#2379,#5430);
#5430 = DEFINITIONAL_REPRESENTATION('',(#5431),#5435);
#5431 = LINE('',#5432,#5433);
#5432 = CARTESIAN_POINT('',(0.,-0.9));
#5433 = VECTOR('',#5434,1.);
#5434 = DIRECTION('',(1.,0.));
#5435 = ( GEOMETRIC_REPRESENTATION_CONTEXT(2) 
PARAMETRIC_REPRESENTATION_CONTEXT() REPRESENTATION_CONTEXT('2D SPACE',''
  ) );
#5436 = PCURVE('',#5382,#5437);
#5437 = DEFINITIONAL_REPRESENTATION('',(#5438),#5442);
#5438 = CIRCLE('',#5439,0.5);
#5439 = AXIS2_PLACEMENT_2D('',#5440,#5441);
#5440 = CARTESIAN_POINT('',(-2.22044604925E-16,1.4));
#5441 = DIRECTION('',(1.,1.110223024625E-16));
#5442 = ( GEOMETRIC_REPRESENTATION_CONTEXT(2) 
PARAMETRIC_REPRESENTATION_CONTEXT() REPRESENTATION_CONTEXT('2D SPACE',''
  ) );
#5443 = ORIENTED_EDGE('',*,*,#5444,.F.);
#5444 = EDGE_CURVE('',#2359,#5421,#5445,.T.);
#5445 = SURFACE_CURVE('',#5446,(#5450,#5457),.PCURVE_S1.);
#5446 = LINE('',#5447,#5448);
#5447 = CARTESIAN_POINT('',(1.179628301183,-15.82460431327,1.9));
#5448 = VECTOR('',#5449,1.);
#5449 = DIRECTION('',(0.,0.,1.));
#5450 = PCURVE('',#2379,#5451);
#5451 = DEFINITIONAL_REPRESENTATION('',(#5452),#5456);
#5452 = LINE('',#5453,#5454);
#5453 = CARTESIAN_POINT('',(2.432966381462,0.));
#5454 = VECTOR('',#5455,1.);
#5455 = DIRECTION('',(0.,-1.));
#5456 = ( GEOMETRIC_REPRESENTATION_CONTEXT(2) 
PARAMETRIC_REPRESENTATION_CONTEXT() REPRESENTATION_CONTEXT('2D SPACE',''
  ) );
#5457 = PCURVE('',#2406,#5458);
#5458 = DEFINITIONAL_REPRESENTATION('',(#5459),#5463);
#5459 = LINE('',#5460,#5461);
#5460 = CARTESIAN_POINT('',(0.,0.));
#5461 = VECTOR('',#5462,1.);
#5462 = DIRECTION('',(0.,-1.));
#5463 = ( GEOMETRIC_REPRESENTATION_CONTEXT(2) 
PARAMETRIC_REPRESENTATION_CONTEXT() REPRESENTATION_CONTEXT('2D SPACE',''
  ) );
#5464 = ADVANCED_FACE('',(#5465),#2606,.T.);
#5465 = FACE_BOUND('',#5466,.T.);
#5466 = EDGE_LOOP('',(#5467,#5468,#5491,#5513));
#5467 = ORIENTED_EDGE('',*,*,#2587,.F.);
#5468 = ORIENTED_EDGE('',*,*,#5469,.T.);
#5469 = EDGE_CURVE('',#2562,#5470,#5472,.T.);
#5470 = VERTEX_POINT('',#5471);
#5471 = CARTESIAN_POINT('',(1.3,-18.95,2.8));
#5472 = SURFACE_CURVE('',#5473,(#5477,#5484),.PCURVE_S1.);
#5473 = LINE('',#5474,#5475);
#5474 = CARTESIAN_POINT('',(1.3,-18.95,1.9));
#5475 = VECTOR('',#5476,1.);
#5476 = DIRECTION('',(0.,0.,1.));
#5477 = PCURVE('',#2606,#5478);
#5478 = DEFINITIONAL_REPRESENTATION('',(#5479),#5483);
#5479 = LINE('',#5480,#5481);
#5480 = CARTESIAN_POINT('',(0.,0.));
#5481 = VECTOR('',#5482,1.);
#5482 = DIRECTION('',(0.,-1.));
#5483 = ( GEOMETRIC_REPRESENTATION_CONTEXT(2) 
PARAMETRIC_REPRESENTATION_CONTEXT() REPRESENTATION_CONTEXT('2D SPACE',''
  ) );
#5484 = PCURVE('',#2576,#5485);
#5485 = DEFINITIONAL_REPRESENTATION('',(#5486),#5490);
#5486 = LINE('',#5487,#5488);
#5487 = CARTESIAN_POINT('',(2.8,0.));
#5488 = VECTOR('',#5489,1.);
#5489 = DIRECTION('',(0.,-1.));
#5490 = ( GEOMETRIC_REPRESENTATION_CONTEXT(2) 
PARAMETRIC_REPRESENTATION_CONTEXT() REPRESENTATION_CONTEXT('2D SPACE',''
  ) );
#5491 = ORIENTED_EDGE('',*,*,#5492,.T.);
#5492 = EDGE_CURVE('',#5470,#5344,#5493,.T.);
#5493 = SURFACE_CURVE('',#5494,(#5499,#5506),.PCURVE_S1.);
#5494 = CIRCLE('',#5495,0.5);
#5495 = AXIS2_PLACEMENT_3D('',#5496,#5497,#5498);
#5496 = CARTESIAN_POINT('',(0.8,-18.95,2.8));
#5497 = DIRECTION('',(0.,-0.,-1.));
#5498 = DIRECTION('',(1.,-1.110223024625E-16,0.));
#5499 = PCURVE('',#2606,#5500);
#5500 = DEFINITIONAL_REPRESENTATION('',(#5501),#5505);
#5501 = LINE('',#5502,#5503);
#5502 = CARTESIAN_POINT('',(0.,-0.9));
#5503 = VECTOR('',#5504,1.);
#5504 = DIRECTION('',(1.,0.));
#5505 = ( GEOMETRIC_REPRESENTATION_CONTEXT(2) 
PARAMETRIC_REPRESENTATION_CONTEXT() REPRESENTATION_CONTEXT('2D SPACE',''
  ) );
#5506 = PCURVE('',#5382,#5507);
#5507 = DEFINITIONAL_REPRESENTATION('',(#5508),#5512);
#5508 = CIRCLE('',#5509,0.5);
#5509 = AXIS2_PLACEMENT_2D('',#5510,#5511);
#5510 = CARTESIAN_POINT('',(2.22044604925E-16,-1.4));
#5511 = DIRECTION('',(-1.,-1.110223024625E-16));
#5512 = ( GEOMETRIC_REPRESENTATION_CONTEXT(2) 
PARAMETRIC_REPRESENTATION_CONTEXT() REPRESENTATION_CONTEXT('2D SPACE',''
  ) );
#5513 = ORIENTED_EDGE('',*,*,#5343,.F.);
#5514 = ADVANCED_FACE('',(#5515),#2406,.T.);
#5515 = FACE_BOUND('',#5516,.T.);
#5516 = EDGE_LOOP('',(#5517,#5518,#5519,#5542));
#5517 = ORIENTED_EDGE('',*,*,#2391,.T.);
#5518 = ORIENTED_EDGE('',*,*,#5444,.T.);
#5519 = ORIENTED_EDGE('',*,*,#5520,.T.);
#5520 = EDGE_CURVE('',#5421,#5521,#5523,.T.);
#5521 = VERTEX_POINT('',#5522);
#5522 = CARTESIAN_POINT('',(2.7,-17.59837129522,2.8));
#5523 = SURFACE_CURVE('',#5524,(#5528,#5535),.PCURVE_S1.);
#5524 = LINE('',#5525,#5526);
#5525 = CARTESIAN_POINT('',(1.179628301183,-15.82460431327,2.8));
#5526 = VECTOR('',#5527,1.);
#5527 = DIRECTION('',(0.650791373456,-0.759256602365,0.));
#5528 = PCURVE('',#2406,#5529);
#5529 = DEFINITIONAL_REPRESENTATION('',(#5530),#5534);
#5530 = LINE('',#5531,#5532);
#5531 = CARTESIAN_POINT('',(0.,-0.9));
#5532 = VECTOR('',#5533,1.);
#5533 = DIRECTION('',(1.,0.));
#5534 = ( GEOMETRIC_REPRESENTATION_CONTEXT(2) 
PARAMETRIC_REPRESENTATION_CONTEXT() REPRESENTATION_CONTEXT('2D SPACE',''
  ) );
#5535 = PCURVE('',#5382,#5536);
#5536 = DEFINITIONAL_REPRESENTATION('',(#5537),#5541);
#5537 = LINE('',#5538,#5539);
#5538 = CARTESIAN_POINT('',(-0.379628301183,1.725395686728));
#5539 = VECTOR('',#5540,1.);
#5540 = DIRECTION('',(-0.650791373456,-0.759256602365));
#5541 = ( GEOMETRIC_REPRESENTATION_CONTEXT(2) 
PARAMETRIC_REPRESENTATION_CONTEXT() REPRESENTATION_CONTEXT('2D SPACE',''
  ) );
#5542 = ORIENTED_EDGE('',*,*,#5543,.F.);
#5543 = EDGE_CURVE('',#2392,#5521,#5544,.T.);
#5544 = SURFACE_CURVE('',#5545,(#5549,#5555),.PCURVE_S1.);
#5545 = LINE('',#5546,#5547);
#5546 = CARTESIAN_POINT('',(2.7,-17.59837129522,1.9));
#5547 = VECTOR('',#5548,1.);
#5548 = DIRECTION('',(0.,0.,1.));
#5549 = PCURVE('',#2406,#5550);
#5550 = DEFINITIONAL_REPRESENTATION('',(#5551),#5554);
#5551 = B_SPLINE_CURVE_WITH_KNOTS('',1,(#5552,#5553),.UNSPECIFIED.,.F.,
  .F.,(2,2),(0.,0.9),.PIECEWISE_BEZIER_KNOTS.);
#5552 = CARTESIAN_POINT('',(2.336189078143,0.));
#5553 = CARTESIAN_POINT('',(2.336189078143,-0.9));
#5554 = ( GEOMETRIC_REPRESENTATION_CONTEXT(2) 
PARAMETRIC_REPRESENTATION_CONTEXT() REPRESENTATION_CONTEXT('2D SPACE',''
  ) );
#5555 = PCURVE('',#2432,#5556);
#5556 = DEFINITIONAL_REPRESENTATION('',(#5557),#5560);
#5557 = B_SPLINE_CURVE_WITH_KNOTS('',1,(#5558,#5559),.UNSPECIFIED.,.F.,
  .F.,(2,2),(0.,0.9),.PIECEWISE_BEZIER_KNOTS.);
#5558 = CARTESIAN_POINT('',(1.351628704774,0.));
#5559 = CARTESIAN_POINT('',(1.351628704774,-0.9));
#5560 = ( GEOMETRIC_REPRESENTATION_CONTEXT(2) 
PARAMETRIC_REPRESENTATION_CONTEXT() REPRESENTATION_CONTEXT('2D SPACE',''
  ) );
#5561 = ADVANCED_FACE('',(#5562),#2576,.T.);
#5562 = FACE_BOUND('',#5563,.T.);
#5563 = EDGE_LOOP('',(#5564,#5565,#5586,#5607));
#5564 = ORIENTED_EDGE('',*,*,#2561,.T.);
#5565 = ORIENTED_EDGE('',*,*,#5566,.F.);
#5566 = EDGE_CURVE('',#5567,#2536,#5569,.T.);
#5567 = VERTEX_POINT('',#5568);
#5568 = CARTESIAN_POINT('',(1.3,-17.50162870477,2.8));
#5569 = SURFACE_CURVE('',#5570,(#5574,#5580),.PCURVE_S1.);
#5570 = LINE('',#5571,#5572);
#5571 = CARTESIAN_POINT('',(1.3,-17.50162870477,1.9));
#5572 = VECTOR('',#5573,1.);
#5573 = DIRECTION('',(0.,-0.,-1.));
#5574 = PCURVE('',#2576,#5575);
#5575 = DEFINITIONAL_REPRESENTATION('',(#5576),#5579);
#5576 = B_SPLINE_CURVE_WITH_KNOTS('',1,(#5577,#5578),.UNSPECIFIED.,.F.,
  .F.,(2,2),(-0.9,0.),.PIECEWISE_BEZIER_KNOTS.);
#5577 = CARTESIAN_POINT('',(1.351628704774,-0.9));
#5578 = CARTESIAN_POINT('',(1.351628704774,0.));
#5579 = ( GEOMETRIC_REPRESENTATION_CONTEXT(2) 
PARAMETRIC_REPRESENTATION_CONTEXT() REPRESENTATION_CONTEXT('2D SPACE',''
  ) );
#5580 = PCURVE('',#2550,#5581);
#5581 = DEFINITIONAL_REPRESENTATION('',(#5582),#5585);
#5582 = B_SPLINE_CURVE_WITH_KNOTS('',1,(#5583,#5584),.UNSPECIFIED.,.F.,
  .F.,(2,2),(-0.9,0.),.PIECEWISE_BEZIER_KNOTS.);
#5583 = CARTESIAN_POINT('',(2.336189078143,-0.9));
#5584 = CARTESIAN_POINT('',(2.336189078143,0.));
#5585 = ( GEOMETRIC_REPRESENTATION_CONTEXT(2) 
PARAMETRIC_REPRESENTATION_CONTEXT() REPRESENTATION_CONTEXT('2D SPACE',''
  ) );
#5586 = ORIENTED_EDGE('',*,*,#5587,.T.);
#5587 = EDGE_CURVE('',#5567,#5470,#5588,.T.);
#5588 = SURFACE_CURVE('',#5589,(#5593,#5600),.PCURVE_S1.);
#5589 = LINE('',#5590,#5591);
#5590 = CARTESIAN_POINT('',(1.3,-16.15,2.8));
#5591 = VECTOR('',#5592,1.);
#5592 = DIRECTION('',(-1.110223024625E-16,-1.,0.));
#5593 = PCURVE('',#2576,#5594);
#5594 = DEFINITIONAL_REPRESENTATION('',(#5595),#5599);
#5595 = LINE('',#5596,#5597);
#5596 = CARTESIAN_POINT('',(0.,-0.9));
#5597 = VECTOR('',#5598,1.);
#5598 = DIRECTION('',(1.,0.));
#5599 = ( GEOMETRIC_REPRESENTATION_CONTEXT(2) 
PARAMETRIC_REPRESENTATION_CONTEXT() REPRESENTATION_CONTEXT('2D SPACE',''
  ) );
#5600 = PCURVE('',#5382,#5601);
#5601 = DEFINITIONAL_REPRESENTATION('',(#5602),#5606);
#5602 = LINE('',#5603,#5604);
#5603 = CARTESIAN_POINT('',(-0.5,1.4));
#5604 = VECTOR('',#5605,1.);
#5605 = DIRECTION('',(1.110223024625E-16,-1.));
#5606 = ( GEOMETRIC_REPRESENTATION_CONTEXT(2) 
PARAMETRIC_REPRESENTATION_CONTEXT() REPRESENTATION_CONTEXT('2D SPACE',''
  ) );
#5607 = ORIENTED_EDGE('',*,*,#5469,.F.);
#5608 = ADVANCED_FACE('',(#5609),#2432,.T.);
#5609 = FACE_BOUND('',#5610,.T.);
#5610 = EDGE_LOOP('',(#5611,#5612,#5613,#5636));
#5611 = ORIENTED_EDGE('',*,*,#2417,.T.);
#5612 = ORIENTED_EDGE('',*,*,#5543,.T.);
#5613 = ORIENTED_EDGE('',*,*,#5614,.T.);
#5614 = EDGE_CURVE('',#5521,#5615,#5617,.T.);
#5615 = VERTEX_POINT('',#5616);
#5616 = CARTESIAN_POINT('',(2.7,-16.15,2.8));
#5617 = SURFACE_CURVE('',#5618,(#5622,#5629),.PCURVE_S1.);
#5618 = LINE('',#5619,#5620);
#5619 = CARTESIAN_POINT('',(2.7,-18.95,2.8));
#5620 = VECTOR('',#5621,1.);
#5621 = DIRECTION('',(1.110223024625E-16,1.,0.));
#5622 = PCURVE('',#2432,#5623);
#5623 = DEFINITIONAL_REPRESENTATION('',(#5624),#5628);
#5624 = LINE('',#5625,#5626);
#5625 = CARTESIAN_POINT('',(0.,-0.9));
#5626 = VECTOR('',#5627,1.);
#5627 = DIRECTION('',(1.,0.));
#5628 = ( GEOMETRIC_REPRESENTATION_CONTEXT(2) 
PARAMETRIC_REPRESENTATION_CONTEXT() REPRESENTATION_CONTEXT('2D SPACE',''
  ) );
#5629 = PCURVE('',#5382,#5630);
#5630 = DEFINITIONAL_REPRESENTATION('',(#5631),#5635);
#5631 = LINE('',#5632,#5633);
#5632 = CARTESIAN_POINT('',(-1.9,-1.4));
#5633 = VECTOR('',#5634,1.);
#5634 = DIRECTION('',(-1.110223024625E-16,1.));
#5635 = ( GEOMETRIC_REPRESENTATION_CONTEXT(2) 
PARAMETRIC_REPRESENTATION_CONTEXT() REPRESENTATION_CONTEXT('2D SPACE',''
  ) );
#5636 = ORIENTED_EDGE('',*,*,#5637,.F.);
#5637 = EDGE_CURVE('',#2418,#5615,#5638,.T.);
#5638 = SURFACE_CURVE('',#5639,(#5643,#5650),.PCURVE_S1.);
#5639 = LINE('',#5640,#5641);
#5640 = CARTESIAN_POINT('',(2.7,-16.15,1.9));
#5641 = VECTOR('',#5642,1.);
#5642 = DIRECTION('',(0.,0.,1.));
#5643 = PCURVE('',#2432,#5644);
#5644 = DEFINITIONAL_REPRESENTATION('',(#5645),#5649);
#5645 = LINE('',#5646,#5647);
#5646 = CARTESIAN_POINT('',(2.8,0.));
#5647 = VECTOR('',#5648,1.);
#5648 = DIRECTION('',(0.,-1.));
#5649 = ( GEOMETRIC_REPRESENTATION_CONTEXT(2) 
PARAMETRIC_REPRESENTATION_CONTEXT() REPRESENTATION_CONTEXT('2D SPACE',''
  ) );
#5650 = PCURVE('',#2464,#5651);
#5651 = DEFINITIONAL_REPRESENTATION('',(#5652),#5656);
#5652 = LINE('',#5653,#5654);
#5653 = CARTESIAN_POINT('',(0.,0.));
#5654 = VECTOR('',#5655,1.);
#5655 = DIRECTION('',(0.,-1.));
#5656 = ( GEOMETRIC_REPRESENTATION_CONTEXT(2) 
PARAMETRIC_REPRESENTATION_CONTEXT() REPRESENTATION_CONTEXT('2D SPACE',''
  ) );
#5657 = ADVANCED_FACE('',(#5658),#2550,.T.);
#5658 = FACE_BOUND('',#5659,.T.);
#5659 = EDGE_LOOP('',(#5660,#5661,#5684,#5705));
#5660 = ORIENTED_EDGE('',*,*,#2535,.T.);
#5661 = ORIENTED_EDGE('',*,*,#5662,.T.);
#5662 = EDGE_CURVE('',#2503,#5663,#5665,.T.);
#5663 = VERTEX_POINT('',#5664);
#5664 = CARTESIAN_POINT('',(2.820371698817,-19.27539568672,2.8));
#5665 = SURFACE_CURVE('',#5666,(#5670,#5677),.PCURVE_S1.);
#5666 = LINE('',#5667,#5668);
#5667 = CARTESIAN_POINT('',(2.820371698817,-19.27539568672,1.9));
#5668 = VECTOR('',#5669,1.);
#5669 = DIRECTION('',(0.,0.,1.));
#5670 = PCURVE('',#2550,#5671);
#5671 = DEFINITIONAL_REPRESENTATION('',(#5672),#5676);
#5672 = LINE('',#5673,#5674);
#5673 = CARTESIAN_POINT('',(0.,0.));
#5674 = VECTOR('',#5675,1.);
#5675 = DIRECTION('',(0.,-1.));
#5676 = ( GEOMETRIC_REPRESENTATION_CONTEXT(2) 
PARAMETRIC_REPRESENTATION_CONTEXT() REPRESENTATION_CONTEXT('2D SPACE',''
  ) );
#5677 = PCURVE('',#2523,#5678);
#5678 = DEFINITIONAL_REPRESENTATION('',(#5679),#5683);
#5679 = LINE('',#5680,#5681);
#5680 = CARTESIAN_POINT('',(3.14159265359,0.));
#5681 = VECTOR('',#5682,1.);
#5682 = DIRECTION('',(0.,-1.));
#5683 = ( GEOMETRIC_REPRESENTATION_CONTEXT(2) 
PARAMETRIC_REPRESENTATION_CONTEXT() REPRESENTATION_CONTEXT('2D SPACE',''
  ) );
#5684 = ORIENTED_EDGE('',*,*,#5685,.T.);
#5685 = EDGE_CURVE('',#5663,#5567,#5686,.T.);
#5686 = SURFACE_CURVE('',#5687,(#5691,#5698),.PCURVE_S1.);
#5687 = LINE('',#5688,#5689);
#5688 = CARTESIAN_POINT('',(2.820371698817,-19.27539568672,2.8));
#5689 = VECTOR('',#5690,1.);
#5690 = DIRECTION('',(-0.650791373456,0.759256602365,0.));
#5691 = PCURVE('',#2550,#5692);
#5692 = DEFINITIONAL_REPRESENTATION('',(#5693),#5697);
#5693 = LINE('',#5694,#5695);
#5694 = CARTESIAN_POINT('',(0.,-0.9));
#5695 = VECTOR('',#5696,1.);
#5696 = DIRECTION('',(1.,0.));
#5697 = ( GEOMETRIC_REPRESENTATION_CONTEXT(2) 
PARAMETRIC_REPRESENTATION_CONTEXT() REPRESENTATION_CONTEXT('2D SPACE',''
  ) );
#5698 = PCURVE('',#5382,#5699);
#5699 = DEFINITIONAL_REPRESENTATION('',(#5700),#5704);
#5700 = LINE('',#5701,#5702);
#5701 = CARTESIAN_POINT('',(-2.020371698817,-1.725395686728));
#5702 = VECTOR('',#5703,1.);
#5703 = DIRECTION('',(0.650791373456,0.759256602365));
#5704 = ( GEOMETRIC_REPRESENTATION_CONTEXT(2) 
PARAMETRIC_REPRESENTATION_CONTEXT() REPRESENTATION_CONTEXT('2D SPACE',''
  ) );
#5705 = ORIENTED_EDGE('',*,*,#5566,.T.);
#5706 = ADVANCED_FACE('',(#5707),#2464,.T.);
#5707 = FACE_BOUND('',#5708,.T.);
#5708 = EDGE_LOOP('',(#5709,#5710,#5711,#5735));
#5709 = ORIENTED_EDGE('',*,*,#2443,.F.);
#5710 = ORIENTED_EDGE('',*,*,#5637,.T.);
#5711 = ORIENTED_EDGE('',*,*,#5712,.T.);
#5712 = EDGE_CURVE('',#5615,#5713,#5715,.T.);
#5713 = VERTEX_POINT('',#5714);
#5714 = CARTESIAN_POINT('',(3.7,-16.15,2.8));
#5715 = SURFACE_CURVE('',#5716,(#5721,#5728),.PCURVE_S1.);
#5716 = CIRCLE('',#5717,0.5);
#5717 = AXIS2_PLACEMENT_3D('',#5718,#5719,#5720);
#5718 = CARTESIAN_POINT('',(3.2,-16.15,2.8));
#5719 = DIRECTION('',(0.,0.,-1.));
#5720 = DIRECTION('',(-1.,1.110223024625E-16,0.));
#5721 = PCURVE('',#2464,#5722);
#5722 = DEFINITIONAL_REPRESENTATION('',(#5723),#5727);
#5723 = LINE('',#5724,#5725);
#5724 = CARTESIAN_POINT('',(0.,-0.9));
#5725 = VECTOR('',#5726,1.);
#5726 = DIRECTION('',(1.,0.));
#5727 = ( GEOMETRIC_REPRESENTATION_CONTEXT(2) 
PARAMETRIC_REPRESENTATION_CONTEXT() REPRESENTATION_CONTEXT('2D SPACE',''
  ) );
#5728 = PCURVE('',#5382,#5729);
#5729 = DEFINITIONAL_REPRESENTATION('',(#5730),#5734);
#5730 = CIRCLE('',#5731,0.5);
#5731 = AXIS2_PLACEMENT_2D('',#5732,#5733);
#5732 = CARTESIAN_POINT('',(-2.4,1.4));
#5733 = DIRECTION('',(1.,1.110223024625E-16));
#5734 = ( GEOMETRIC_REPRESENTATION_CONTEXT(2) 
PARAMETRIC_REPRESENTATION_CONTEXT() REPRESENTATION_CONTEXT('2D SPACE',''
  ) );
#5735 = ORIENTED_EDGE('',*,*,#5736,.F.);
#5736 = EDGE_CURVE('',#2444,#5713,#5737,.T.);
#5737 = SURFACE_CURVE('',#5738,(#5742,#5749),.PCURVE_S1.);
#5738 = LINE('',#5739,#5740);
#5739 = CARTESIAN_POINT('',(3.7,-16.15,1.9));
#5740 = VECTOR('',#5741,1.);
#5741 = DIRECTION('',(0.,0.,1.));
#5742 = PCURVE('',#2464,#5743);
#5743 = DEFINITIONAL_REPRESENTATION('',(#5744),#5748);
#5744 = LINE('',#5745,#5746);
#5745 = CARTESIAN_POINT('',(3.14159265359,0.));
#5746 = VECTOR('',#5747,1.);
#5747 = DIRECTION('',(0.,-1.));
#5748 = ( GEOMETRIC_REPRESENTATION_CONTEXT(2) 
PARAMETRIC_REPRESENTATION_CONTEXT() REPRESENTATION_CONTEXT('2D SPACE',''
  ) );
#5749 = PCURVE('',#2491,#5750);
#5750 = DEFINITIONAL_REPRESENTATION('',(#5751),#5755);
#5751 = LINE('',#5752,#5753);
#5752 = CARTESIAN_POINT('',(0.,0.));
#5753 = VECTOR('',#5754,1.);
#5754 = DIRECTION('',(0.,-1.));
#5755 = ( GEOMETRIC_REPRESENTATION_CONTEXT(2) 
PARAMETRIC_REPRESENTATION_CONTEXT() REPRESENTATION_CONTEXT('2D SPACE',''
  ) );
#5756 = ADVANCED_FACE('',(#5757),#2523,.T.);
#5757 = FACE_BOUND('',#5758,.T.);
#5758 = EDGE_LOOP('',(#5759,#5760,#5783,#5805));
#5759 = ORIENTED_EDGE('',*,*,#2502,.F.);
#5760 = ORIENTED_EDGE('',*,*,#5761,.T.);
#5761 = EDGE_CURVE('',#2477,#5762,#5764,.T.);
#5762 = VERTEX_POINT('',#5763);
#5763 = CARTESIAN_POINT('',(3.7,-18.95,2.8));
#5764 = SURFACE_CURVE('',#5765,(#5769,#5776),.PCURVE_S1.);
#5765 = LINE('',#5766,#5767);
#5766 = CARTESIAN_POINT('',(3.7,-18.95,1.9));
#5767 = VECTOR('',#5768,1.);
#5768 = DIRECTION('',(0.,0.,1.));
#5769 = PCURVE('',#2523,#5770);
#5770 = DEFINITIONAL_REPRESENTATION('',(#5771),#5775);
#5771 = LINE('',#5772,#5773);
#5772 = CARTESIAN_POINT('',(0.708626272128,0.));
#5773 = VECTOR('',#5774,1.);
#5774 = DIRECTION('',(0.,-1.));
#5775 = ( GEOMETRIC_REPRESENTATION_CONTEXT(2) 
PARAMETRIC_REPRESENTATION_CONTEXT() REPRESENTATION_CONTEXT('2D SPACE',''
  ) );
#5776 = PCURVE('',#2491,#5777);
#5777 = DEFINITIONAL_REPRESENTATION('',(#5778),#5782);
#5778 = LINE('',#5779,#5780);
#5779 = CARTESIAN_POINT('',(2.8,0.));
#5780 = VECTOR('',#5781,1.);
#5781 = DIRECTION('',(0.,-1.));
#5782 = ( GEOMETRIC_REPRESENTATION_CONTEXT(2) 
PARAMETRIC_REPRESENTATION_CONTEXT() REPRESENTATION_CONTEXT('2D SPACE',''
  ) );
#5783 = ORIENTED_EDGE('',*,*,#5784,.T.);
#5784 = EDGE_CURVE('',#5762,#5663,#5785,.T.);
#5785 = SURFACE_CURVE('',#5786,(#5791,#5798),.PCURVE_S1.);
#5786 = CIRCLE('',#5787,0.5);
#5787 = AXIS2_PLACEMENT_3D('',#5788,#5789,#5790);
#5788 = CARTESIAN_POINT('',(3.2,-18.95,2.8));
#5789 = DIRECTION('',(0.,0.,-1.));
#5790 = DIRECTION('',(0.759256602365,0.650791373456,0.));
#5791 = PCURVE('',#2523,#5792);
#5792 = DEFINITIONAL_REPRESENTATION('',(#5793),#5797);
#5793 = LINE('',#5794,#5795);
#5794 = CARTESIAN_POINT('',(0.,-0.9));
#5795 = VECTOR('',#5796,1.);
#5796 = DIRECTION('',(1.,0.));
#5797 = ( GEOMETRIC_REPRESENTATION_CONTEXT(2) 
PARAMETRIC_REPRESENTATION_CONTEXT() REPRESENTATION_CONTEXT('2D SPACE',''
  ) );
#5798 = PCURVE('',#5382,#5799);
#5799 = DEFINITIONAL_REPRESENTATION('',(#5800),#5804);
#5800 = CIRCLE('',#5801,0.5);
#5801 = AXIS2_PLACEMENT_2D('',#5802,#5803);
#5802 = CARTESIAN_POINT('',(-2.4,-1.4));
#5803 = DIRECTION('',(-0.759256602365,0.650791373456));
#5804 = ( GEOMETRIC_REPRESENTATION_CONTEXT(2) 
PARAMETRIC_REPRESENTATION_CONTEXT() REPRESENTATION_CONTEXT('2D SPACE',''
  ) );
#5805 = ORIENTED_EDGE('',*,*,#5662,.F.);
#5806 = ADVANCED_FACE('',(#5807),#2491,.T.);
#5807 = FACE_BOUND('',#5808,.T.);
#5808 = EDGE_LOOP('',(#5809,#5810,#5811,#5832));
#5809 = ORIENTED_EDGE('',*,*,#2476,.T.);
#5810 = ORIENTED_EDGE('',*,*,#5736,.T.);
#5811 = ORIENTED_EDGE('',*,*,#5812,.T.);
#5812 = EDGE_CURVE('',#5713,#5762,#5813,.T.);
#5813 = SURFACE_CURVE('',#5814,(#5818,#5825),.PCURVE_S1.);
#5814 = LINE('',#5815,#5816);
#5815 = CARTESIAN_POINT('',(3.7,-16.15,2.8));
#5816 = VECTOR('',#5817,1.);
#5817 = DIRECTION('',(-1.110223024625E-16,-1.,0.));
#5818 = PCURVE('',#2491,#5819);
#5819 = DEFINITIONAL_REPRESENTATION('',(#5820),#5824);
#5820 = LINE('',#5821,#5822);
#5821 = CARTESIAN_POINT('',(0.,-0.9));
#5822 = VECTOR('',#5823,1.);
#5823 = DIRECTION('',(1.,0.));
#5824 = ( GEOMETRIC_REPRESENTATION_CONTEXT(2) 
PARAMETRIC_REPRESENTATION_CONTEXT() REPRESENTATION_CONTEXT('2D SPACE',''
  ) );
#5825 = PCURVE('',#5382,#5826);
#5826 = DEFINITIONAL_REPRESENTATION('',(#5827),#5831);
#5827 = LINE('',#5828,#5829);
#5828 = CARTESIAN_POINT('',(-2.9,1.4));
#5829 = VECTOR('',#5830,1.);
#5830 = DIRECTION('',(1.110223024625E-16,-1.));
#5831 = ( GEOMETRIC_REPRESENTATION_CONTEXT(2) 
PARAMETRIC_REPRESENTATION_CONTEXT() REPRESENTATION_CONTEXT('2D SPACE',''
  ) );
#5832 = ORIENTED_EDGE('',*,*,#5761,.F.);
#5833 = ADVANCED_FACE('',(#5834),#2810,.F.);
#5834 = FACE_BOUND('',#5835,.F.);
#5835 = EDGE_LOOP('',(#5836,#5837,#5838,#5839,#5840,#5841,#5842,#5843,
    #5844,#5845,#5846,#5847,#5848,#5849,#5850,#5851));
#5836 = ORIENTED_EDGE('',*,*,#2870,.T.);
#5837 = ORIENTED_EDGE('',*,*,#2794,.T.);
#5838 = ORIENTED_EDGE('',*,*,#3531,.T.);
#5839 = ORIENTED_EDGE('',*,*,#3504,.T.);
#5840 = ORIENTED_EDGE('',*,*,#3454,.T.);
#5841 = ORIENTED_EDGE('',*,*,#3405,.T.);
#5842 = ORIENTED_EDGE('',*,*,#3356,.T.);
#5843 = ORIENTED_EDGE('',*,*,#3309,.T.);
#5844 = ORIENTED_EDGE('',*,*,#3261,.T.);
#5845 = ORIENTED_EDGE('',*,*,#3212,.T.);
#5846 = ORIENTED_EDGE('',*,*,#3162,.T.);
#5847 = ORIENTED_EDGE('',*,*,#3113,.T.);
#5848 = ORIENTED_EDGE('',*,*,#3063,.T.);
#5849 = ORIENTED_EDGE('',*,*,#3014,.T.);
#5850 = ORIENTED_EDGE('',*,*,#2965,.T.);
#5851 = ORIENTED_EDGE('',*,*,#2918,.T.);
#5852 = ADVANCED_FACE('',(#5853),#3597,.F.);
#5853 = FACE_BOUND('',#5854,.F.);
#5854 = EDGE_LOOP('',(#5855,#5856,#5857,#5858,#5859,#5860,#5861,#5862,
    #5863,#5864,#5865,#5866,#5867,#5868,#5869,#5870));
#5855 = ORIENTED_EDGE('',*,*,#3657,.T.);
#5856 = ORIENTED_EDGE('',*,*,#3581,.T.);
#5857 = ORIENTED_EDGE('',*,*,#4318,.T.);
#5858 = ORIENTED_EDGE('',*,*,#4291,.T.);
#5859 = ORIENTED_EDGE('',*,*,#4241,.T.);
#5860 = ORIENTED_EDGE('',*,*,#4192,.T.);
#5861 = ORIENTED_EDGE('',*,*,#4143,.T.);
#5862 = ORIENTED_EDGE('',*,*,#4096,.T.);
#5863 = ORIENTED_EDGE('',*,*,#4048,.T.);
#5864 = ORIENTED_EDGE('',*,*,#3999,.T.);
#5865 = ORIENTED_EDGE('',*,*,#3949,.T.);
#5866 = ORIENTED_EDGE('',*,*,#3900,.T.);
#5867 = ORIENTED_EDGE('',*,*,#3850,.T.);
#5868 = ORIENTED_EDGE('',*,*,#3801,.T.);
#5869 = ORIENTED_EDGE('',*,*,#3752,.T.);
#5870 = ORIENTED_EDGE('',*,*,#3705,.T.);
#5871 = ADVANCED_FACE('',(#5872),#4384,.T.);
#5872 = FACE_BOUND('',#5873,.T.);
#5873 = EDGE_LOOP('',(#5874,#5875,#5876,#5877));
#5874 = ORIENTED_EDGE('',*,*,#4520,.T.);
#5875 = ORIENTED_EDGE('',*,*,#4368,.T.);
#5876 = ORIENTED_EDGE('',*,*,#4422,.T.);
#5877 = ORIENTED_EDGE('',*,*,#4471,.T.);
#5878 = ADVANCED_FACE('',(#5879,#5893),#4585,.F.);
#5879 = FACE_BOUND('',#5880,.F.);
#5880 = EDGE_LOOP('',(#5881,#5882,#5883,#5884,#5885,#5886,#5887,#5888,
    #5889,#5890,#5891,#5892));
#5881 = ORIENTED_EDGE('',*,*,#5086,.T.);
#5882 = ORIENTED_EDGE('',*,*,#5037,.T.);
#5883 = ORIENTED_EDGE('',*,*,#4990,.T.);
#5884 = ORIENTED_EDGE('',*,*,#4942,.T.);
#5885 = ORIENTED_EDGE('',*,*,#4893,.T.);
#5886 = ORIENTED_EDGE('',*,*,#4843,.T.);
#5887 = ORIENTED_EDGE('',*,*,#4794,.T.);
#5888 = ORIENTED_EDGE('',*,*,#4744,.T.);
#5889 = ORIENTED_EDGE('',*,*,#4696,.F.);
#5890 = ORIENTED_EDGE('',*,*,#4645,.T.);
#5891 = ORIENTED_EDGE('',*,*,#4569,.T.);
#5892 = ORIENTED_EDGE('',*,*,#5113,.T.);
#5893 = FACE_BOUND('',#5894,.F.);
#5894 = EDGE_LOOP('',(#5895,#5925,#5953,#5981));
#5895 = ORIENTED_EDGE('',*,*,#5896,.T.);
#5896 = EDGE_CURVE('',#5897,#5899,#5901,.T.);
#5897 = VERTEX_POINT('',#5898);
#5898 = CARTESIAN_POINT('',(4.2,-23.55,2.8));
#5899 = VERTEX_POINT('',#5900);
#5900 = CARTESIAN_POINT('',(4.2,-24.75,2.8));
#5901 = SURFACE_CURVE('',#5902,(#5906,#5913),.PCURVE_S1.);
#5902 = LINE('',#5903,#5904);
#5903 = CARTESIAN_POINT('',(4.2,-23.05,2.8));
#5904 = VECTOR('',#5905,1.);
#5905 = DIRECTION('',(-1.110223024625E-16,-1.,0.));
#5906 = PCURVE('',#4585,#5907);
#5907 = DEFINITIONAL_REPRESENTATION('',(#5908),#5912);
#5908 = LINE('',#5909,#5910);
#5909 = CARTESIAN_POINT('',(0.7,-2.2));
#5910 = VECTOR('',#5911,1.);
#5911 = DIRECTION('',(1.110223024625E-16,-1.));
#5912 = ( GEOMETRIC_REPRESENTATION_CONTEXT(2) 
PARAMETRIC_REPRESENTATION_CONTEXT() REPRESENTATION_CONTEXT('2D SPACE',''
  ) );
#5913 = PCURVE('',#5914,#5919);
#5914 = PLANE('',#5915);
#5915 = AXIS2_PLACEMENT_3D('',#5916,#5917,#5918);
#5916 = CARTESIAN_POINT('',(4.2,-23.05,1.9));
#5917 = DIRECTION('',(1.,-1.110223024625E-16,0.));
#5918 = DIRECTION('',(-1.110223024625E-16,-1.,0.));
#5919 = DEFINITIONAL_REPRESENTATION('',(#5920),#5924);
#5920 = LINE('',#5921,#5922);
#5921 = CARTESIAN_POINT('',(0.,-0.9));
#5922 = VECTOR('',#5923,1.);
#5923 = DIRECTION('',(1.,0.));
#5924 = ( GEOMETRIC_REPRESENTATION_CONTEXT(2) 
PARAMETRIC_REPRESENTATION_CONTEXT() REPRESENTATION_CONTEXT('2D SPACE',''
  ) );
#5925 = ORIENTED_EDGE('',*,*,#5926,.T.);
#5926 = EDGE_CURVE('',#5899,#5927,#5929,.T.);
#5927 = VERTEX_POINT('',#5928);
#5928 = CARTESIAN_POINT('',(5.6,-24.75,2.8));
#5929 = SURFACE_CURVE('',#5930,(#5934,#5941),.PCURVE_S1.);
#5930 = LINE('',#5931,#5932);
#5931 = CARTESIAN_POINT('',(3.7,-24.75,2.8));
#5932 = VECTOR('',#5933,1.);
#5933 = DIRECTION('',(1.,0.,0.));
#5934 = PCURVE('',#4585,#5935);
#5935 = DEFINITIONAL_REPRESENTATION('',(#5936),#5940);
#5936 = LINE('',#5937,#5938);
#5937 = CARTESIAN_POINT('',(1.2,-3.9));
#5938 = VECTOR('',#5939,1.);
#5939 = DIRECTION('',(-1.,0.));
#5940 = ( GEOMETRIC_REPRESENTATION_CONTEXT(2) 
PARAMETRIC_REPRESENTATION_CONTEXT() REPRESENTATION_CONTEXT('2D SPACE',''
  ) );
#5941 = PCURVE('',#5942,#5947);
#5942 = PLANE('',#5943);
#5943 = AXIS2_PLACEMENT_3D('',#5944,#5945,#5946);
#5944 = CARTESIAN_POINT('',(3.7,-24.75,1.9));
#5945 = DIRECTION('',(0.,1.,0.));
#5946 = DIRECTION('',(1.,0.,0.));
#5947 = DEFINITIONAL_REPRESENTATION('',(#5948),#5952);
#5948 = LINE('',#5949,#5950);
#5949 = CARTESIAN_POINT('',(0.,-0.9));
#5950 = VECTOR('',#5951,1.);
#5951 = DIRECTION('',(1.,0.));
#5952 = ( GEOMETRIC_REPRESENTATION_CONTEXT(2) 
PARAMETRIC_REPRESENTATION_CONTEXT() REPRESENTATION_CONTEXT('2D SPACE',''
  ) );
#5953 = ORIENTED_EDGE('',*,*,#5954,.T.);
#5954 = EDGE_CURVE('',#5927,#5955,#5957,.T.);
#5955 = VERTEX_POINT('',#5956);
#5956 = CARTESIAN_POINT('',(5.6,-23.55,2.8));
#5957 = SURFACE_CURVE('',#5958,(#5962,#5969),.PCURVE_S1.);
#5958 = LINE('',#5959,#5960);
#5959 = CARTESIAN_POINT('',(5.6,-25.25,2.8));
#5960 = VECTOR('',#5961,1.);
#5961 = DIRECTION('',(-1.110223024625E-16,1.,0.));
#5962 = PCURVE('',#4585,#5963);
#5963 = DEFINITIONAL_REPRESENTATION('',(#5964),#5968);
#5964 = LINE('',#5965,#5966);
#5965 = CARTESIAN_POINT('',(-0.7,-4.4));
#5966 = VECTOR('',#5967,1.);
#5967 = DIRECTION('',(1.110223024625E-16,1.));
#5968 = ( GEOMETRIC_REPRESENTATION_CONTEXT(2) 
PARAMETRIC_REPRESENTATION_CONTEXT() REPRESENTATION_CONTEXT('2D SPACE',''
  ) );
#5969 = PCURVE('',#5970,#5975);
#5970 = PLANE('',#5971);
#5971 = AXIS2_PLACEMENT_3D('',#5972,#5973,#5974);
#5972 = CARTESIAN_POINT('',(5.6,-25.25,1.9));
#5973 = DIRECTION('',(-1.,-1.110223024625E-16,0.));
#5974 = DIRECTION('',(-1.110223024625E-16,1.,0.));
#5975 = DEFINITIONAL_REPRESENTATION('',(#5976),#5980);
#5976 = LINE('',#5977,#5978);
#5977 = CARTESIAN_POINT('',(0.,-0.9));
#5978 = VECTOR('',#5979,1.);
#5979 = DIRECTION('',(1.,0.));
#5980 = ( GEOMETRIC_REPRESENTATION_CONTEXT(2) 
PARAMETRIC_REPRESENTATION_CONTEXT() REPRESENTATION_CONTEXT('2D SPACE',''
  ) );
#5981 = ORIENTED_EDGE('',*,*,#5982,.T.);
#5982 = EDGE_CURVE('',#5955,#5897,#5983,.T.);
#5983 = SURFACE_CURVE('',#5984,(#5988,#5995),.PCURVE_S1.);
#5984 = LINE('',#5985,#5986);
#5985 = CARTESIAN_POINT('',(6.1,-23.55,2.8));
#5986 = VECTOR('',#5987,1.);
#5987 = DIRECTION('',(-1.,0.,0.));
#5988 = PCURVE('',#4585,#5989);
#5989 = DEFINITIONAL_REPRESENTATION('',(#5990),#5994);
#5990 = LINE('',#5991,#5992);
#5991 = CARTESIAN_POINT('',(-1.2,-2.7));
#5992 = VECTOR('',#5993,1.);
#5993 = DIRECTION('',(1.,0.));
#5994 = ( GEOMETRIC_REPRESENTATION_CONTEXT(2) 
PARAMETRIC_REPRESENTATION_CONTEXT() REPRESENTATION_CONTEXT('2D SPACE',''
  ) );
#5995 = PCURVE('',#5996,#6001);
#5996 = PLANE('',#5997);
#5997 = AXIS2_PLACEMENT_3D('',#5998,#5999,#6000);
#5998 = CARTESIAN_POINT('',(6.1,-23.55,1.9));
#5999 = DIRECTION('',(0.,-1.,0.));
#6000 = DIRECTION('',(-1.,0.,0.));
#6001 = DEFINITIONAL_REPRESENTATION('',(#6002),#6006);
#6002 = LINE('',#6003,#6004);
#6003 = CARTESIAN_POINT('',(0.,-0.9));
#6004 = VECTOR('',#6005,1.);
#6005 = DIRECTION('',(1.,0.));
#6006 = ( GEOMETRIC_REPRESENTATION_CONTEXT(2) 
PARAMETRIC_REPRESENTATION_CONTEXT() REPRESENTATION_CONTEXT('2D SPACE',''
  ) );
#6007 = ADVANCED_FACE('',(#6008),#5179,.F.);
#6008 = FACE_BOUND('',#6009,.F.);
#6009 = EDGE_LOOP('',(#6010,#6011,#6012,#6013));
#6010 = ORIENTED_EDGE('',*,*,#5163,.T.);
#6011 = ORIENTED_EDGE('',*,*,#5217,.T.);
#6012 = ORIENTED_EDGE('',*,*,#5317,.T.);
#6013 = ORIENTED_EDGE('',*,*,#5289,.T.);
#6014 = ADVANCED_FACE('',(#6015),#5382,.F.);
#6015 = FACE_BOUND('',#6016,.F.);
#6016 = EDGE_LOOP('',(#6017,#6018,#6019,#6020,#6021,#6022,#6023,#6024,
    #6025,#6026));
#6017 = ORIENTED_EDGE('',*,*,#5492,.T.);
#6018 = ORIENTED_EDGE('',*,*,#5366,.T.);
#6019 = ORIENTED_EDGE('',*,*,#5420,.T.);
#6020 = ORIENTED_EDGE('',*,*,#5520,.T.);
#6021 = ORIENTED_EDGE('',*,*,#5614,.T.);
#6022 = ORIENTED_EDGE('',*,*,#5712,.T.);
#6023 = ORIENTED_EDGE('',*,*,#5812,.T.);
#6024 = ORIENTED_EDGE('',*,*,#5784,.T.);
#6025 = ORIENTED_EDGE('',*,*,#5685,.T.);
#6026 = ORIENTED_EDGE('',*,*,#5587,.T.);
#6027 = ADVANCED_FACE('',(#6028),#5914,.T.);
#6028 = FACE_BOUND('',#6029,.T.);
#6029 = EDGE_LOOP('',(#6030,#6058,#6077,#6078));
#6030 = ORIENTED_EDGE('',*,*,#6031,.T.);
#6031 = EDGE_CURVE('',#6032,#6034,#6036,.T.);
#6032 = VERTEX_POINT('',#6033);
#6033 = CARTESIAN_POINT('',(4.2,-24.75,2.));
#6034 = VERTEX_POINT('',#6035);
#6035 = CARTESIAN_POINT('',(4.2,-23.55,2.));
#6036 = SURFACE_CURVE('',#6037,(#6041,#6047),.PCURVE_S1.);
#6037 = LINE('',#6038,#6039);
#6038 = CARTESIAN_POINT('',(4.2,-21.65,2.));
#6039 = VECTOR('',#6040,1.);
#6040 = DIRECTION('',(1.110223024625E-16,1.,-0.));
#6041 = PCURVE('',#5914,#6042);
#6042 = DEFINITIONAL_REPRESENTATION('',(#6043),#6046);
#6043 = B_SPLINE_CURVE_WITH_KNOTS('',1,(#6044,#6045),.UNSPECIFIED.,.F.,
  .F.,(2,2),(-3.1,-1.9),.PIECEWISE_BEZIER_KNOTS.);
#6044 = CARTESIAN_POINT('',(1.7,-0.1));
#6045 = CARTESIAN_POINT('',(0.5,-0.1));
#6046 = ( GEOMETRIC_REPRESENTATION_CONTEXT(2) 
PARAMETRIC_REPRESENTATION_CONTEXT() REPRESENTATION_CONTEXT('2D SPACE',''
  ) );
#6047 = PCURVE('',#6048,#6053);
#6048 = PLANE('',#6049);
#6049 = AXIS2_PLACEMENT_3D('',#6050,#6051,#6052);
#6050 = CARTESIAN_POINT('',(0.,-20.25,2.));
#6051 = DIRECTION('',(0.,0.,1.));
#6052 = DIRECTION('',(1.,0.,-0.));
#6053 = DEFINITIONAL_REPRESENTATION('',(#6054),#6057);
#6054 = B_SPLINE_CURVE_WITH_KNOTS('',1,(#6055,#6056),.UNSPECIFIED.,.F.,
  .F.,(2,2),(-3.1,-1.9),.PIECEWISE_BEZIER_KNOTS.);
#6055 = CARTESIAN_POINT('',(4.2,-4.5));
#6056 = CARTESIAN_POINT('',(4.2,-3.3));
#6057 = ( GEOMETRIC_REPRESENTATION_CONTEXT(2) 
PARAMETRIC_REPRESENTATION_CONTEXT() REPRESENTATION_CONTEXT('2D SPACE',''
  ) );
#6058 = ORIENTED_EDGE('',*,*,#6059,.T.);
#6059 = EDGE_CURVE('',#6034,#5897,#6060,.T.);
#6060 = SURFACE_CURVE('',#6061,(#6065,#6071),.PCURVE_S1.);
#6061 = LINE('',#6062,#6063);
#6062 = CARTESIAN_POINT('',(4.2,-23.55,1.9));
#6063 = VECTOR('',#6064,1.);
#6064 = DIRECTION('',(0.,0.,1.));
#6065 = PCURVE('',#5914,#6066);
#6066 = DEFINITIONAL_REPRESENTATION('',(#6067),#6070);
#6067 = B_SPLINE_CURVE_WITH_KNOTS('',1,(#6068,#6069),.UNSPECIFIED.,.F.,
  .F.,(2,2),(0.,0.9),.PIECEWISE_BEZIER_KNOTS.);
#6068 = CARTESIAN_POINT('',(0.5,0.));
#6069 = CARTESIAN_POINT('',(0.5,-0.9));
#6070 = ( GEOMETRIC_REPRESENTATION_CONTEXT(2) 
PARAMETRIC_REPRESENTATION_CONTEXT() REPRESENTATION_CONTEXT('2D SPACE',''
  ) );
#6071 = PCURVE('',#5996,#6072);
#6072 = DEFINITIONAL_REPRESENTATION('',(#6073),#6076);
#6073 = B_SPLINE_CURVE_WITH_KNOTS('',1,(#6074,#6075),.UNSPECIFIED.,.F.,
  .F.,(2,2),(0.,0.9),.PIECEWISE_BEZIER_KNOTS.);
#6074 = CARTESIAN_POINT('',(1.9,0.));
#6075 = CARTESIAN_POINT('',(1.9,-0.9));
#6076 = ( GEOMETRIC_REPRESENTATION_CONTEXT(2) 
PARAMETRIC_REPRESENTATION_CONTEXT() REPRESENTATION_CONTEXT('2D SPACE',''
  ) );
#6077 = ORIENTED_EDGE('',*,*,#5896,.T.);
#6078 = ORIENTED_EDGE('',*,*,#6079,.F.);
#6079 = EDGE_CURVE('',#6032,#5899,#6080,.T.);
#6080 = SURFACE_CURVE('',#6081,(#6085,#6091),.PCURVE_S1.);
#6081 = LINE('',#6082,#6083);
#6082 = CARTESIAN_POINT('',(4.2,-24.75,1.9));
#6083 = VECTOR('',#6084,1.);
#6084 = DIRECTION('',(-0.,0.,1.));
#6085 = PCURVE('',#5914,#6086);
#6086 = DEFINITIONAL_REPRESENTATION('',(#6087),#6090);
#6087 = B_SPLINE_CURVE_WITH_KNOTS('',1,(#6088,#6089),.UNSPECIFIED.,.F.,
  .F.,(2,2),(0.,0.9),.PIECEWISE_BEZIER_KNOTS.);
#6088 = CARTESIAN_POINT('',(1.7,0.));
#6089 = CARTESIAN_POINT('',(1.7,-0.9));
#6090 = ( GEOMETRIC_REPRESENTATION_CONTEXT(2) 
PARAMETRIC_REPRESENTATION_CONTEXT() REPRESENTATION_CONTEXT('2D SPACE',''
  ) );
#6091 = PCURVE('',#5942,#6092);
#6092 = DEFINITIONAL_REPRESENTATION('',(#6093),#6096);
#6093 = B_SPLINE_CURVE_WITH_KNOTS('',1,(#6094,#6095),.UNSPECIFIED.,.F.,
  .F.,(2,2),(0.,0.9),.PIECEWISE_BEZIER_KNOTS.);
#6094 = CARTESIAN_POINT('',(0.5,0.));
#6095 = CARTESIAN_POINT('',(0.5,-0.9));
#6096 = ( GEOMETRIC_REPRESENTATION_CONTEXT(2) 
PARAMETRIC_REPRESENTATION_CONTEXT() REPRESENTATION_CONTEXT('2D SPACE',''
  ) );
#6097 = ADVANCED_FACE('',(#6098),#5942,.T.);
#6098 = FACE_BOUND('',#6099,.T.);
#6099 = EDGE_LOOP('',(#6100,#6121,#6122,#6123));
#6100 = ORIENTED_EDGE('',*,*,#6101,.T.);
#6101 = EDGE_CURVE('',#6102,#6032,#6104,.T.);
#6102 = VERTEX_POINT('',#6103);
#6103 = CARTESIAN_POINT('',(5.6,-24.75,2.));
#6104 = SURFACE_CURVE('',#6105,(#6109,#6115),.PCURVE_S1.);
#6105 = LINE('',#6106,#6107);
#6106 = CARTESIAN_POINT('',(1.85,-24.75,2.));
#6107 = VECTOR('',#6108,1.);
#6108 = DIRECTION('',(-1.,0.,0.));
#6109 = PCURVE('',#5942,#6110);
#6110 = DEFINITIONAL_REPRESENTATION('',(#6111),#6114);
#6111 = B_SPLINE_CURVE_WITH_KNOTS('',1,(#6112,#6113),.UNSPECIFIED.,.F.,
  .F.,(2,2),(-3.75,-2.35),.PIECEWISE_BEZIER_KNOTS.);
#6112 = CARTESIAN_POINT('',(1.9,-0.1));
#6113 = CARTESIAN_POINT('',(0.5,-0.1));
#6114 = ( GEOMETRIC_REPRESENTATION_CONTEXT(2) 
PARAMETRIC_REPRESENTATION_CONTEXT() REPRESENTATION_CONTEXT('2D SPACE',''
  ) );
#6115 = PCURVE('',#6048,#6116);
#6116 = DEFINITIONAL_REPRESENTATION('',(#6117),#6120);
#6117 = B_SPLINE_CURVE_WITH_KNOTS('',1,(#6118,#6119),.UNSPECIFIED.,.F.,
  .F.,(2,2),(-3.75,-2.35),.PIECEWISE_BEZIER_KNOTS.);
#6118 = CARTESIAN_POINT('',(5.6,-4.5));
#6119 = CARTESIAN_POINT('',(4.2,-4.5));
#6120 = ( GEOMETRIC_REPRESENTATION_CONTEXT(2) 
PARAMETRIC_REPRESENTATION_CONTEXT() REPRESENTATION_CONTEXT('2D SPACE',''
  ) );
#6121 = ORIENTED_EDGE('',*,*,#6079,.T.);
#6122 = ORIENTED_EDGE('',*,*,#5926,.T.);
#6123 = ORIENTED_EDGE('',*,*,#6124,.T.);
#6124 = EDGE_CURVE('',#5927,#6102,#6125,.T.);
#6125 = SURFACE_CURVE('',#6126,(#6130,#6136),.PCURVE_S1.);
#6126 = LINE('',#6127,#6128);
#6127 = CARTESIAN_POINT('',(5.6,-24.75,1.9));
#6128 = VECTOR('',#6129,1.);
#6129 = DIRECTION('',(-0.,0.,-1.));
#6130 = PCURVE('',#5942,#6131);
#6131 = DEFINITIONAL_REPRESENTATION('',(#6132),#6135);
#6132 = B_SPLINE_CURVE_WITH_KNOTS('',1,(#6133,#6134),.UNSPECIFIED.,.F.,
  .F.,(2,2),(-0.9,0.),.PIECEWISE_BEZIER_KNOTS.);
#6133 = CARTESIAN_POINT('',(1.9,-0.9));
#6134 = CARTESIAN_POINT('',(1.9,0.));
#6135 = ( GEOMETRIC_REPRESENTATION_CONTEXT(2) 
PARAMETRIC_REPRESENTATION_CONTEXT() REPRESENTATION_CONTEXT('2D SPACE',''
  ) );
#6136 = PCURVE('',#5970,#6137);
#6137 = DEFINITIONAL_REPRESENTATION('',(#6138),#6141);
#6138 = B_SPLINE_CURVE_WITH_KNOTS('',1,(#6139,#6140),.UNSPECIFIED.,.F.,
  .F.,(2,2),(-0.9,0.),.PIECEWISE_BEZIER_KNOTS.);
#6139 = CARTESIAN_POINT('',(0.5,-0.9));
#6140 = CARTESIAN_POINT('',(0.5,0.));
#6141 = ( GEOMETRIC_REPRESENTATION_CONTEXT(2) 
PARAMETRIC_REPRESENTATION_CONTEXT() REPRESENTATION_CONTEXT('2D SPACE',''
  ) );
#6142 = ADVANCED_FACE('',(#6143),#5970,.T.);
#6143 = FACE_BOUND('',#6144,.T.);
#6144 = EDGE_LOOP('',(#6145,#6166,#6167,#6168));
#6145 = ORIENTED_EDGE('',*,*,#6146,.T.);
#6146 = EDGE_CURVE('',#6147,#6102,#6149,.T.);
#6147 = VERTEX_POINT('',#6148);
#6148 = CARTESIAN_POINT('',(5.6,-23.55,2.));
#6149 = SURFACE_CURVE('',#6150,(#6154,#6160),.PCURVE_S1.);
#6150 = LINE('',#6151,#6152);
#6151 = CARTESIAN_POINT('',(5.6,-22.75,2.));
#6152 = VECTOR('',#6153,1.);
#6153 = DIRECTION('',(1.110223024625E-16,-1.,0.));
#6154 = PCURVE('',#5970,#6155);
#6155 = DEFINITIONAL_REPRESENTATION('',(#6156),#6159);
#6156 = B_SPLINE_CURVE_WITH_KNOTS('',1,(#6157,#6158),.UNSPECIFIED.,.F.,
  .F.,(2,2),(0.8,2.),.PIECEWISE_BEZIER_KNOTS.);
#6157 = CARTESIAN_POINT('',(1.7,-0.1));
#6158 = CARTESIAN_POINT('',(0.5,-0.1));
#6159 = ( GEOMETRIC_REPRESENTATION_CONTEXT(2) 
PARAMETRIC_REPRESENTATION_CONTEXT() REPRESENTATION_CONTEXT('2D SPACE',''
  ) );
#6160 = PCURVE('',#6048,#6161);
#6161 = DEFINITIONAL_REPRESENTATION('',(#6162),#6165);
#6162 = B_SPLINE_CURVE_WITH_KNOTS('',1,(#6163,#6164),.UNSPECIFIED.,.F.,
  .F.,(2,2),(0.8,2.),.PIECEWISE_BEZIER_KNOTS.);
#6163 = CARTESIAN_POINT('',(5.6,-3.3));
#6164 = CARTESIAN_POINT('',(5.6,-4.5));
#6165 = ( GEOMETRIC_REPRESENTATION_CONTEXT(2) 
PARAMETRIC_REPRESENTATION_CONTEXT() REPRESENTATION_CONTEXT('2D SPACE',''
  ) );
#6166 = ORIENTED_EDGE('',*,*,#6124,.F.);
#6167 = ORIENTED_EDGE('',*,*,#5954,.T.);
#6168 = ORIENTED_EDGE('',*,*,#6169,.T.);
#6169 = EDGE_CURVE('',#5955,#6147,#6170,.T.);
#6170 = SURFACE_CURVE('',#6171,(#6175,#6181),.PCURVE_S1.);
#6171 = LINE('',#6172,#6173);
#6172 = CARTESIAN_POINT('',(5.6,-23.55,1.9));
#6173 = VECTOR('',#6174,1.);
#6174 = DIRECTION('',(0.,-0.,-1.));
#6175 = PCURVE('',#5970,#6176);
#6176 = DEFINITIONAL_REPRESENTATION('',(#6177),#6180);
#6177 = B_SPLINE_CURVE_WITH_KNOTS('',1,(#6178,#6179),.UNSPECIFIED.,.F.,
  .F.,(2,2),(-0.9,0.),.PIECEWISE_BEZIER_KNOTS.);
#6178 = CARTESIAN_POINT('',(1.7,-0.9));
#6179 = CARTESIAN_POINT('',(1.7,0.));
#6180 = ( GEOMETRIC_REPRESENTATION_CONTEXT(2) 
PARAMETRIC_REPRESENTATION_CONTEXT() REPRESENTATION_CONTEXT('2D SPACE',''
  ) );
#6181 = PCURVE('',#5996,#6182);
#6182 = DEFINITIONAL_REPRESENTATION('',(#6183),#6186);
#6183 = B_SPLINE_CURVE_WITH_KNOTS('',1,(#6184,#6185),.UNSPECIFIED.,.F.,
  .F.,(2,2),(-0.9,0.),.PIECEWISE_BEZIER_KNOTS.);
#6184 = CARTESIAN_POINT('',(0.5,-0.9));
#6185 = CARTESIAN_POINT('',(0.5,0.));
#6186 = ( GEOMETRIC_REPRESENTATION_CONTEXT(2) 
PARAMETRIC_REPRESENTATION_CONTEXT() REPRESENTATION_CONTEXT('2D SPACE',''
  ) );
#6187 = ADVANCED_FACE('',(#6188),#5996,.T.);
#6188 = FACE_BOUND('',#6189,.T.);
#6189 = EDGE_LOOP('',(#6190,#6209,#6210,#6211));
#6190 = ORIENTED_EDGE('',*,*,#6191,.T.);
#6191 = EDGE_CURVE('',#6034,#6147,#6192,.T.);
#6192 = SURFACE_CURVE('',#6193,(#6197,#6203),.PCURVE_S1.);
#6193 = LINE('',#6194,#6195);
#6194 = CARTESIAN_POINT('',(3.05,-23.55,2.));
#6195 = VECTOR('',#6196,1.);
#6196 = DIRECTION('',(1.,0.,-0.));
#6197 = PCURVE('',#5996,#6198);
#6198 = DEFINITIONAL_REPRESENTATION('',(#6199),#6202);
#6199 = B_SPLINE_CURVE_WITH_KNOTS('',1,(#6200,#6201),.UNSPECIFIED.,.F.,
  .F.,(2,2),(1.15,2.55),.PIECEWISE_BEZIER_KNOTS.);
#6200 = CARTESIAN_POINT('',(1.9,-0.1));
#6201 = CARTESIAN_POINT('',(0.5,-0.1));
#6202 = ( GEOMETRIC_REPRESENTATION_CONTEXT(2) 
PARAMETRIC_REPRESENTATION_CONTEXT() REPRESENTATION_CONTEXT('2D SPACE',''
  ) );
#6203 = PCURVE('',#6048,#6204);
#6204 = DEFINITIONAL_REPRESENTATION('',(#6205),#6208);
#6205 = B_SPLINE_CURVE_WITH_KNOTS('',1,(#6206,#6207),.UNSPECIFIED.,.F.,
  .F.,(2,2),(1.15,2.55),.PIECEWISE_BEZIER_KNOTS.);
#6206 = CARTESIAN_POINT('',(4.2,-3.3));
#6207 = CARTESIAN_POINT('',(5.6,-3.3));
#6208 = ( GEOMETRIC_REPRESENTATION_CONTEXT(2) 
PARAMETRIC_REPRESENTATION_CONTEXT() REPRESENTATION_CONTEXT('2D SPACE',''
  ) );
#6209 = ORIENTED_EDGE('',*,*,#6169,.F.);
#6210 = ORIENTED_EDGE('',*,*,#5982,.T.);
#6211 = ORIENTED_EDGE('',*,*,#6059,.F.);
#6212 = ADVANCED_FACE('',(#6213),#6048,.T.);
#6213 = FACE_BOUND('',#6214,.T.);
#6214 = EDGE_LOOP('',(#6215,#6216,#6217,#6218));
#6215 = ORIENTED_EDGE('',*,*,#6191,.F.);
#6216 = ORIENTED_EDGE('',*,*,#6031,.F.);
#6217 = ORIENTED_EDGE('',*,*,#6101,.F.);
#6218 = ORIENTED_EDGE('',*,*,#6146,.F.);
#6219 = ( GEOMETRIC_REPRESENTATION_CONTEXT(3) 
GLOBAL_UNCERTAINTY_ASSIGNED_CONTEXT((#6223)) 
GLOBAL_UNIT_ASSIGNED_CONTEXT((#6220,#6221,#6222)) REPRESENTATION_CONTEXT
('Context #1','3D Context with UNIT and UNCERTAINTY') );
#6220 = ( LENGTH_UNIT() NAMED_UNIT(*) SI_UNIT(.MILLI.,.METRE.) );
#6221 = ( NAMED_UNIT(*) PLANE_ANGLE_UNIT() SI_UNIT($,.RADIAN.) );
#6222 = ( NAMED_UNIT(*) SI_UNIT($,.STERADIAN.) SOLID_ANGLE_UNIT() );
#6223 = UNCERTAINTY_MEASURE_WITH_UNIT(LENGTH_MEASURE(1.E-07),#6220,
  'distance_accuracy_value','confusion accuracy');
#6224 = PRODUCT_RELATED_PRODUCT_CATEGORY('part',$,(#7));
ENDSEC;
END-ISO-10303-21;
