ISO-10303-21;
HEADER;
FILE_DESCRIPTION(('Open CASCADE Model'),'2;1');
FILE_NAME('Open CASCADE Shape Model','2026-09-18T20:07:10',('Author'),(
    'Open CASCADE'),'Open CASCADE STEP processor 7.9','Open CASCADE 7.9'
  ,'Unknown');
FILE_SCHEMA(('AUTOMOTIVE_DESIGN { 1 0 10303 214 1 1 1 1 }'));
ENDSEC;
DATA;
#1 = APPLICATION_PROTOCOL_DEFINITION('international standard',
  'automotive_design',2000,#2);
#2 = APPLICATION_CONTEXT(
  'core data for automotive mechanical design processes');
#3 = SHAPE_DEFINITION_REPRESENTATION(#4,#10);
#4 = PRODUCT_DEFINITION_SHAPE('','',#5);
#5 = PRODUCT_DEFINITION('design','',#6,#9);
#6 = PRODUCT_DEFINITION_FORMATION('','',#7);
#7 = PRODUCT('Open CASCADE STEP translator 7.9 1',
  'Open CASCADE STEP translator 7.9 1','',(#8));
#8 = PRODUCT_CONTEXT('',#2,'mechanical');
#9 = PRODUCT_DEFINITION_CONTEXT('part definition',#2,'design');
#10 = ADVANCED_BREP_SHAPE_REPRESENTATION('',(#11,#15),#3226);
#11 = AXIS2_PLACEMENT_3D('',#12,#13,#14);
#12 = CARTESIAN_POINT('',(0.,0.,0.));
#13 = DIRECTION('',(0.,0.,1.));
#14 = DIRECTION('',(1.,0.,-0.));
#15 = MANIFOLD_SOLID_BREP('',#16);
#16 = CLOSED_SHELL('',(#17,#260,#624,#850,#1129,#1353,#1577,#1801,#1953,
    #2034,#2233,#2424,#2500,#2553,#2582,#2683,#2860,#2887,#2914,#2941,
    #2968,#2995,#3022,#3029,#3077,#3130,#3157,#3185,#3217));
#17 = ADVANCED_FACE('',(#18),#33,.T.);
#18 = FACE_BOUND('',#19,.T.);
#19 = EDGE_LOOP('',(#20,#56,#84,#234));
#20 = ORIENTED_EDGE('',*,*,#21,.T.);
#21 = EDGE_CURVE('',#22,#24,#26,.T.);
#22 = VERTEX_POINT('',#23);
#23 = CARTESIAN_POINT('',(-6.89010989011,12.473527396138,0.));
#24 = VERTEX_POINT('',#25);
#25 = CARTESIAN_POINT('',(6.89010989011,12.473527396138,0.));
#26 = SURFACE_CURVE('',#27,(#32,#44),.PCURVE_S1.);
#27 = CIRCLE('',#28,14.25);
#28 = AXIS2_PLACEMENT_3D('',#29,#30,#31);
#29 = CARTESIAN_POINT('',(0.,0.,0.));
#30 = DIRECTION('',(0.,0.,1.));
#31 = DIRECTION('',(-0.421052631579,0.907036207348,0.));
#32 = PCURVE('',#33,#38);
#33 = CYLINDRICAL_SURFACE('',#34,14.25);
#34 = AXIS2_PLACEMENT_3D('',#35,#36,#37);
#35 = CARTESIAN_POINT('',(0.,0.,0.));
#36 = DIRECTION('',(0.,0.,1.));
#37 = DIRECTION('',(1.,0.,-0.));
#38 = DEFINITIONAL_REPRESENTATION('',(#39),#43);
#39 = LINE('',#40,#41);
#40 = CARTESIAN_POINT('',(2.005401852402,0.));
#41 = VECTOR('',#42,1.);
#42 = DIRECTION('',(1.,0.));
#43 = ( GEOMETRIC_REPRESENTATION_CONTEXT(2) 
PARAMETRIC_REPRESENTATION_CONTEXT() REPRESENTATION_CONTEXT('2D SPACE',''
  ) );
#44 = PCURVE('',#45,#50);
#45 = PLANE('',#46);
#46 = AXIS2_PLACEMENT_3D('',#47,#48,#49);
#47 = CARTESIAN_POINT('',(0.,0.,0.));
#48 = DIRECTION('',(0.,0.,1.));
#49 = DIRECTION('',(1.,0.,-0.));
#50 = DEFINITIONAL_REPRESENTATION('',(#51),#55);
#51 = CIRCLE('',#52,14.25);
#52 = AXIS2_PLACEMENT_2D('',#53,#54);
#53 = CARTESIAN_POINT('',(0.,0.));
#54 = DIRECTION('',(-0.421052631579,0.907036207348));
#55 = ( GEOMETRIC_REPRESENTATION_CONTEXT(2) 
PARAMETRIC_REPRESENTATION_CONTEXT() REPRESENTATION_CONTEXT('2D SPACE',''
  ) );
#56 = ORIENTED_EDGE('',*,*,#57,.T.);
#57 = EDGE_CURVE('',#24,#58,#60,.T.);
#58 = VERTEX_POINT('',#59);
#59 = CARTESIAN_POINT('',(6.89010989011,12.473527396138,24.));
#60 = SURFACE_CURVE('',#61,(#65,#72),.PCURVE_S1.);
#61 = LINE('',#62,#63);
#62 = CARTESIAN_POINT('',(6.89010989011,12.473527396138,0.));
#63 = VECTOR('',#64,1.);
#64 = DIRECTION('',(0.,0.,1.));
#65 = PCURVE('',#33,#66);
#66 = DEFINITIONAL_REPRESENTATION('',(#67),#71);
#67 = LINE('',#68,#69);
#68 = CARTESIAN_POINT('',(7.34931405921,0.));
#69 = VECTOR('',#70,1.);
#70 = DIRECTION('',(0.,1.));
#71 = ( GEOMETRIC_REPRESENTATION_CONTEXT(2) 
PARAMETRIC_REPRESENTATION_CONTEXT() REPRESENTATION_CONTEXT('2D SPACE',''
  ) );
#72 = PCURVE('',#73,#78);
#73 = CYLINDRICAL_SURFACE('',#74,0.6);
#74 = AXIS2_PLACEMENT_3D('',#75,#76,#77);
#75 = CARTESIAN_POINT('',(6.6,11.948326242617,0.));
#76 = DIRECTION('',(0.,0.,1.));
#77 = DIRECTION('',(0.483516483516,0.875335255869,-0.));
#78 = DEFINITIONAL_REPRESENTATION('',(#79),#83);
#79 = LINE('',#80,#81);
#80 = CARTESIAN_POINT('',(1.480297366167E-15,0.));
#81 = VECTOR('',#82,1.);
#82 = DIRECTION('',(0.,1.));
#83 = ( GEOMETRIC_REPRESENTATION_CONTEXT(2) 
PARAMETRIC_REPRESENTATION_CONTEXT() REPRESENTATION_CONTEXT('2D SPACE',''
  ) );
#84 = ORIENTED_EDGE('',*,*,#85,.T.);
#85 = EDGE_CURVE('',#58,#86,#88,.T.);
#86 = VERTEX_POINT('',#87);
#87 = CARTESIAN_POINT('',(-6.89010989011,12.473527396138,24.));
#88 = SURFACE_CURVE('',#89,(#94,#101),.PCURVE_S1.);
#89 = CIRCLE('',#90,14.25);
#90 = AXIS2_PLACEMENT_3D('',#91,#92,#93);
#91 = CARTESIAN_POINT('',(0.,0.,24.));
#92 = DIRECTION('',(0.,0.,-1.));
#93 = DIRECTION('',(0.421052631579,0.907036207348,0.));
#94 = PCURVE('',#33,#95);
#95 = DEFINITIONAL_REPRESENTATION('',(#96),#100);
#96 = LINE('',#97,#98);
#97 = CARTESIAN_POINT('',(7.419376108367,24.));
#98 = VECTOR('',#99,1.);
#99 = DIRECTION('',(-1.,-0.));
#100 = ( GEOMETRIC_REPRESENTATION_CONTEXT(2) 
PARAMETRIC_REPRESENTATION_CONTEXT() REPRESENTATION_CONTEXT('2D SPACE',''
  ) );
#101 = PCURVE('',#102,#229);
#102 = ( BOUNDED_SURFACE() B_SPLINE_SURFACE(13,8,(
    (#103,#104,#105,#106,#107,#108,#109,#110,#111)
    ,(#112,#113,#114,#115,#116,#117,#118,#119,#120)
    ,(#121,#122,#123,#124,#125,#126,#127,#128,#129)
    ,(#130,#131,#132,#133,#134,#135,#136,#137,#138)
    ,(#139,#140,#141,#142,#143,#144,#145,#146,#147)
    ,(#148,#149,#150,#151,#152,#153,#154,#155,#156)
    ,(#157,#158,#159,#160,#161,#162,#163,#164,#165)
    ,(#166,#167,#168,#169,#170,#171,#172,#173,#174)
    ,(#175,#176,#177,#178,#179,#180,#181,#182,#183)
    ,(#184,#185,#186,#187,#188,#189,#190,#191,#192)
    ,(#193,#194,#195,#196,#197,#198,#199,#200,#201)
    ,(#202,#203,#204,#205,#206,#207,#208,#209,#210)
    ,(#211,#212,#213,#214,#215,#216,#217,#218,#219)
    ,(#220,#221,#222,#223,#224,#225,#226,#227,#228
)),.UNSPECIFIED.,.F.,.F.,.F.) B_SPLINE_SURFACE_WITH_KNOTS((14,14),(9,9),
  (2.,3.),(0.,1.),.PIECEWISE_BEZIER_KNOTS.) 
GEOMETRIC_REPRESENTATION_ITEM() RATIONAL_B_SPLINE_SURFACE((
    (1.,1.000000000001,0.999999999995,1.00000000001,0.999999999988
      ,1.00000000001,0.999999999995,1.000000000001,1.)
    ,(1.,1.000000000001,0.999999999995,1.00000000001,0.999999999988
      ,1.00000000001,0.999999999995,1.000000000001,1.)
    ,(1.,1.000000000001,0.999999999995,1.00000000001,0.999999999988
      ,1.00000000001,0.999999999995,1.000000000001,1.)
    ,(1.,1.000000000001,0.999999999995,1.00000000001,0.999999999988
      ,1.00000000001,0.999999999995,1.000000000001,1.)
    ,(1.,1.000000000001,0.999999999995,1.00000000001,0.999999999988
      ,1.00000000001,0.999999999995,1.000000000001,1.)
    ,(1.,1.000000000001,0.999999999995,1.00000000001,0.999999999988
      ,1.00000000001,0.999999999995,1.000000000001,1.)
    ,(1.,1.000000000001,0.999999999995,1.00000000001,0.999999999988
      ,1.00000000001,0.999999999995,1.000000000001,1.)
    ,(1.,1.000000000001,0.999999999995,1.00000000001,0.999999999988
      ,1.00000000001,0.999999999995,1.000000000001,1.)
    ,(1.,1.000000000001,0.999999999995,1.00000000001,0.999999999988
      ,1.00000000001,0.999999999995,1.000000000001,1.)
    ,(1.,1.000000000001,0.999999999995,1.00000000001,0.999999999988
      ,1.00000000001,0.999999999995,1.000000000001,1.)
    ,(1.,1.000000000001,0.999999999995,1.00000000001,0.999999999988
      ,1.00000000001,0.999999999995,1.000000000001,1.)
    ,(1.,1.000000000001,0.999999999995,1.00000000001,0.999999999988
      ,1.00000000001,0.999999999995,1.000000000001,1.)
    ,(1.,1.000000000001,0.999999999995,1.00000000001,0.999999999988
      ,1.00000000001,0.999999999995,1.000000000001,1.)
    ,(1.,1.000000000001,0.999999999995,1.00000000001,0.999999999988
      ,1.00000000001,0.999999999995,1.000000000001,1.
))) REPRESENTATION_ITEM('') SURFACE() );
#103 = CARTESIAN_POINT('',(-6.89010989011,12.473527396138,24.));
#104 = CARTESIAN_POINT('',(-6.890108948906,12.47352739614,
    27.234824901043));
#105 = CARTESIAN_POINT('',(-6.784822728707,12.473527396131,
    30.469586528762));
#106 = CARTESIAN_POINT('',(-6.574233423302,12.473527396152,
    33.68150091647));
#107 = CARTESIAN_POINT('',(-6.262020470699,12.47352739612,
    36.872548141472));
#108 = CARTESIAN_POINT('',(-5.848202581576,12.473527396155,
    40.048794616194));
#109 = CARTESIAN_POINT('',(-5.332204864968,12.473527396129,
    43.220537460135));
#110 = CARTESIAN_POINT('',(-4.706907397114,12.473527396141,
    46.397298102261));
#111 = CARTESIAN_POINT('',(-3.979062220764,12.473527396138,
    49.549937484325));
#112 = CARTESIAN_POINT('',(-11.95038023046,9.678342232275,
    24.000000000005));
#113 = CARTESIAN_POINT('',(-11.95037924732,9.678342232252,
    27.378944381568));
#114 = CARTESIAN_POINT('',(-11.84040226463,9.678342232355,
    30.757822670772));
#115 = CARTESIAN_POINT('',(-11.62043068278,9.678342232123,
    34.112835818978));
#116 = CARTESIAN_POINT('',(-11.29430786808,9.67834223246,37.446052119674
    ));
#117 = CARTESIAN_POINT('',(-10.86205336453,9.678342232124,
    40.763808261652));
#118 = CARTESIAN_POINT('',(-10.32306666861,9.678342232354,
    44.076860122841));
#119 = CARTESIAN_POINT('',(-9.669910646114,9.678342232253,
    47.395153339137));
#120 = CARTESIAN_POINT('',(-8.909638160122,9.678342232275,
    50.688250632665));
#121 = CARTESIAN_POINT('',(-15.78220180412,4.659229637869,
    23.999999999979));
#122 = CARTESIAN_POINT('',(-15.78220078927,4.659229637867,
    27.488076917187));
#123 = CARTESIAN_POINT('',(-15.66867178961,4.659229637877,
    30.976085608945));
#124 = CARTESIAN_POINT('',(-15.44159560589,4.659229637855,
    34.439458362702));
#125 = CARTESIAN_POINT('',(-15.10493973446,4.659229637887,
    37.880330289274));
#126 = CARTESIAN_POINT('',(-14.65872435387,4.659229637855,
    41.305242710822));
#127 = CARTESIAN_POINT('',(-14.10232956231,4.659229637877,
    44.725298931355));
#128 = CARTESIAN_POINT('',(-13.4280780247,4.659229637867,48.15076577896)
  );
#129 = CARTESIAN_POINT('',(-12.6432503951,4.659229637869,51.550222935646
    ));
#130 = CARTESIAN_POINT('',(-17.31933103137,-1.994822083075,
    24.000000000061));
#131 = CARTESIAN_POINT('',(-17.31933000362,-1.99482208307,
    27.531855264081));
#132 = CARTESIAN_POINT('',(-17.20437611882,-1.994822083094,
    31.063641441448));
#133 = CARTESIAN_POINT('',(-16.97444993292,-1.99482208304,
    34.570482494442));
#134 = CARTESIAN_POINT('',(-16.6335687458,-1.994822083119,
    38.054540281399));
#135 = CARTESIAN_POINT('',(-16.18175297764,-1.99482208304,
    41.522438310238));
#136 = CARTESIAN_POINT('',(-15.61837495812,-1.994822083094,
    44.98541913374));
#137 = CARTESIAN_POINT('',(-14.93566098666,-1.99482208307,
    48.453878530351));
#138 = CARTESIAN_POINT('',(-14.14098309982,-1.994822083075,
    51.896001776205));
#139 = CARTESIAN_POINT('',(-15.80615712107,-9.132631232006,
    23.999999999873));
#140 = CARTESIAN_POINT('',(-15.80615610618,-9.132631232008,
    27.488759177335));
#141 = CARTESIAN_POINT('',(-15.69260489963,-9.132631231998,
    30.977450123441));
#142 = CARTESIAN_POINT('',(-15.46548430231,-9.132631232019,
    34.441500289993));
#143 = CARTESIAN_POINT('',(-15.12876257825,-9.132631231991,
    37.883045275691));
#144 = CARTESIAN_POINT('',(-14.68245992219,-9.132631232016,
    41.308627564927));
#145 = CARTESIAN_POINT('',(-14.12595629853,-9.132631232001,
    44.729352774533));
#146 = CARTESIAN_POINT('',(-13.45157287949,-9.132631232007,
    48.155489620937));
#147 = CARTESIAN_POINT('',(-12.66659173884,-9.132631232006,
    51.555611709166));
#148 = CARTESIAN_POINT('',(-11.12710091183,-15.22221997685,
    24.000000000209));
#149 = CARTESIAN_POINT('',(-11.12709993522,-15.22221997683,
    27.355496904254));
#150 = CARTESIAN_POINT('',(-11.01788611639,-15.2222199769,30.71092816013
    ));
#151 = CARTESIAN_POINT('',(-10.79944097755,-15.22221997675,
    34.042659926121));
#152 = CARTESIAN_POINT('',(-10.47558123047,-15.22221997696,
    37.352746008699));
#153 = CARTESIAN_POINT('',(-10.04632626032,-15.22221997675,
    40.647479347316));
#154 = CARTESIAN_POINT('',(-9.511079754599,-15.2222199769,
    43.937540915228));
#155 = CARTESIAN_POINT('',(-8.862456170291,-15.22221997683,
    47.232807558234));
#156 = CARTESIAN_POINT('',(-8.107459437063,-15.22221997685,
    50.50305308246));
#157 = CARTESIAN_POINT('',(-4.016557335706,-18.75196052417,
    23.999999999725));
#158 = CARTESIAN_POINT('',(-4.016556418689,-18.75196052418,
    27.152984427575));
#159 = CARTESIAN_POINT('',(-3.913933918413,-18.75196052417,
    30.30590720303));
#160 = CARTESIAN_POINT('',(-3.708672488318,-18.75196052418,
    33.436560709004));
#161 = CARTESIAN_POINT('',(-3.404358457392,-18.75196052417,
    36.54687511012));
#162 = CARTESIAN_POINT('',(-3.00101009251,-18.75196052418,
    39.642763040826));
#163 = CARTESIAN_POINT('',(-2.498067016738,-18.75196052417,
    42.734261459229));
#164 = CARTESIAN_POINT('',(-1.888589461139,-18.75196052418,
    45.830650606558));
#165 = CARTESIAN_POINT('',(-1.179158632211,-18.75196052417,
    48.903528806788));
#166 = CARTESIAN_POINT('',(4.016557335708,-18.75196052447,
    24.000000000294));
#167 = CARTESIAN_POINT('',(4.016558186908,-18.75196052445,
    26.924196596945));
#168 = CARTESIAN_POINT('',(4.111734157675,-18.75196052457,
    29.848335974602));
#169 = CARTESIAN_POINT('',(4.302101353532,-18.75196052429,
    32.751822112577));
#170 = CARTESIAN_POINT('',(4.584333639275,-18.75196052469,
    35.636444756087));
#171 = CARTESIAN_POINT('',(4.958414130875,-18.75196052429,
    38.507688093823));
#172 = CARTESIAN_POINT('',(5.424862483529,-18.75196052457,
    41.374860084978));
#173 = CARTESIAN_POINT('',(5.990114943483,-18.75196052445,
    44.246568156669));
#174 = CARTESIAN_POINT('',(6.648067830695,-18.75196052447,
    47.096471193239));
#175 = CARTESIAN_POINT('',(11.12710091183,-15.22221997661,
    23.999999999748));
#176 = CARTESIAN_POINT('',(11.127101703355,-15.22221997662,
    26.721684119272));
#177 = CARTESIAN_POINT('',(11.215686355882,-15.22221997656,
    29.443315020606));
#178 = CARTESIAN_POINT('',(11.392869842181,-15.22221997668,
    32.14572288974));
#179 = CARTESIAN_POINT('',(11.655556413154,-15.22221997652,
    34.830573863802));
#180 = CARTESIAN_POINT('',(12.003730297925,-15.22221997668,
    37.502971782191));
#181 = CARTESIAN_POINT('',(12.437875221766,-15.22221997657,
    40.171580631499));
#182 = CARTESIAN_POINT('',(12.963981652502,-15.22221997662,
    42.844411204137));
#183 = CARTESIAN_POINT('',(13.576368635529,-15.22221997661,
    45.496946917474));
#184 = CARTESIAN_POINT('',(15.806157121074,-9.132631232159,
    24.000000000172));
#185 = CARTESIAN_POINT('',(15.806157874457,-9.132631232166,
    26.58842184751));
#186 = CARTESIAN_POINT('',(15.890405138729,-9.132631232135,
    29.176793053215));
#187 = CARTESIAN_POINT('',(16.058913167928,-9.132631232206,
    31.74688253338));
#188 = CARTESIAN_POINT('',(16.308737759604,-9.132631232101,
    34.300274588634));
#189 = CARTESIAN_POINT('',(16.639863961055,-9.132631232208,
    36.841823571242));
#190 = CARTESIAN_POINT('',(17.052751765069,-9.132631232133,
    39.379768768964));
#191 = CARTESIAN_POINT('',(17.553098361926,-9.132631232167,
    41.92172914255));
#192 = CARTESIAN_POINT('',(18.135500937335,-9.132631232159,
    44.444388290903));
#193 = CARTESIAN_POINT('',(17.319331031371,-1.994822082999,
    23.99999999991));
#194 = CARTESIAN_POINT('',(17.319331771772,-1.994822082999,
    26.545325759573));
#195 = CARTESIAN_POINT('',(17.402176358295,-1.994822082999,
    29.090601738932));
#196 = CARTESIAN_POINT('',(17.567878797615,-1.994822082999,
    31.617900322043));
#197 = CARTESIAN_POINT('',(17.813543928392,-1.994822082999,
    34.128779590492));
#198 = CARTESIAN_POINT('',(18.139157015337,-1.994822082999,
    36.628012819784));
#199 = CARTESIAN_POINT('',(18.54517042526,-1.994822082998,
    39.123702412747));
#200 = CARTESIAN_POINT('',(19.037186468888,-1.994822082999,
    41.623340232122));
#201 = CARTESIAN_POINT('',(19.609892298299,-1.994822082999,
    44.103998223749));
#202 = CARTESIAN_POINT('',(15.782201804127,4.659229637842,
    24.000000000034));
#203 = CARTESIAN_POINT('',(15.782202557477,4.659229637846,
    26.589104107209));
#204 = CARTESIAN_POINT('',(15.866472028939,4.659229637826,
    29.178157569088));
#205 = CARTESIAN_POINT('',(16.03502447098,4.659229637871,31.748924458138
    ));
#206 = CARTESIAN_POINT('',(16.284914916511,4.659229637804,
    34.302989577788));
#207 = CARTESIAN_POINT('',(16.616128392099,4.659229637872,36.84520842311
    ));
#208 = CARTESIAN_POINT('',(17.029125029169,4.659229637825,
    39.383822613223));
#209 = CARTESIAN_POINT('',(17.529603507028,4.659229637846,
    41.926452984146));
#210 = CARTESIAN_POINT('',(18.112159593586,4.659229637842,
    44.449777064374));
#211 = CARTESIAN_POINT('',(11.95038023046,9.678342232281,23.999999999992
    ));
#212 = CARTESIAN_POINT('',(11.950381015483,9.678342232278,
    26.698236642567));
#213 = CARTESIAN_POINT('',(12.038202504071,9.678342232291,
    29.396420508083));
#214 = CARTESIAN_POINT('',(12.21385954761,9.678342232262,32.075547000337
    ));
#215 = CARTESIAN_POINT('',(12.474283050484,9.678342232304,
    34.737267749067));
#216 = CARTESIAN_POINT('',(12.819457402434,9.678342232262,
    37.386642870924));
#217 = CARTESIAN_POINT('',(13.249862135643,9.678342232291,
    40.032261422392));
#218 = CARTESIAN_POINT('',(13.771436128381,9.678342232278,42.68206542375
    ));
#219 = CARTESIAN_POINT('',(14.3785473586,9.678342232281,45.31174936733)
  );
#220 = CARTESIAN_POINT('',(6.89010989011,12.473527396138,24.));
#221 = CARTESIAN_POINT('',(6.89011071711,12.473527396113,26.84235612317)
  );
#222 = CARTESIAN_POINT('',(6.982622967999,12.473527396226,
    29.684656649831));
#223 = CARTESIAN_POINT('',(7.167662288411,12.473527395973,
    32.506881903343));
#224 = CARTESIAN_POINT('',(7.441995652733,12.473527396337,
    35.310771726684));
#225 = CARTESIAN_POINT('',(7.805606619782,12.473527395979,
    38.101656516865));
#226 = CARTESIAN_POINT('',(8.259000331834,12.47352739622,40.888584084853
    ));
#227 = CARTESIAN_POINT('',(8.808432879429,12.473527396115,
    43.679920660702));
#228 = CARTESIAN_POINT('',(9.447971419243,12.473527396138,
    46.450062515675));
#229 = DEFINITIONAL_REPRESENTATION('',(#230),#233);
#230 = B_SPLINE_CURVE_WITH_KNOTS('',1,(#231,#232),.UNSPECIFIED.,.F.,.F.,
  (2,2),(7.006204915699E-02,5.343912206808),.PIECEWISE_BEZIER_KNOTS.);
#231 = CARTESIAN_POINT('',(3.,0.));
#232 = CARTESIAN_POINT('',(2.,0.));
#233 = ( GEOMETRIC_REPRESENTATION_CONTEXT(2) 
PARAMETRIC_REPRESENTATION_CONTEXT() REPRESENTATION_CONTEXT('2D SPACE',''
  ) );
#234 = ORIENTED_EDGE('',*,*,#235,.F.);
#235 = EDGE_CURVE('',#22,#86,#236,.T.);
#236 = SURFACE_CURVE('',#237,(#241,#248),.PCURVE_S1.);
#237 = LINE('',#238,#239);
#238 = CARTESIAN_POINT('',(-6.89010989011,12.473527396138,0.));
#239 = VECTOR('',#240,1.);
#240 = DIRECTION('',(0.,0.,1.));
#241 = PCURVE('',#33,#242);
#242 = DEFINITIONAL_REPRESENTATION('',(#243),#247);
#243 = LINE('',#244,#245);
#244 = CARTESIAN_POINT('',(2.075463901559,0.));
#245 = VECTOR('',#246,1.);
#246 = DIRECTION('',(0.,1.));
#247 = ( GEOMETRIC_REPRESENTATION_CONTEXT(2) 
PARAMETRIC_REPRESENTATION_CONTEXT() REPRESENTATION_CONTEXT('2D SPACE',''
  ) );
#248 = PCURVE('',#249,#254);
#249 = CYLINDRICAL_SURFACE('',#250,0.6);
#250 = AXIS2_PLACEMENT_3D('',#251,#252,#253);
#251 = CARTESIAN_POINT('',(-6.6,11.948326242617,0.));
#252 = DIRECTION('',(0.,0.,1.));
#253 = DIRECTION('',(-0.483516483516,0.875335255869,0.));
#254 = DEFINITIONAL_REPRESENTATION('',(#255),#259);
#255 = LINE('',#256,#257);
#256 = CARTESIAN_POINT('',(-0.,0.));
#257 = VECTOR('',#258,1.);
#258 = DIRECTION('',(-0.,1.));
#259 = ( GEOMETRIC_REPRESENTATION_CONTEXT(2) 
PARAMETRIC_REPRESENTATION_CONTEXT() REPRESENTATION_CONTEXT('2D SPACE',''
  ) );
#260 = ADVANCED_FACE('',(#261),#102,.T.);
#261 = FACE_BOUND('',#262,.T.);
#262 = EDGE_LOOP('',(#263,#264,#420,#470));
#263 = ORIENTED_EDGE('',*,*,#85,.F.);
#264 = ORIENTED_EDGE('',*,*,#265,.T.);
#265 = EDGE_CURVE('',#58,#266,#268,.T.);
#266 = VERTEX_POINT('',#267);
#267 = CARTESIAN_POINT('',(9.447971419243,12.473527396138,
    46.450062515675));
#268 = SURFACE_CURVE('',#269,(#279,#286),.PCURVE_S1.);
#269 = ( BOUNDED_CURVE() B_SPLINE_CURVE(8,(#270,#271,#272,#273,#274,#275
,#276,#277,#278),.UNSPECIFIED.,.F.,.F.) B_SPLINE_CURVE_WITH_KNOTS((9,9),
(0.,1.),.PIECEWISE_BEZIER_KNOTS.) CURVE() GEOMETRIC_REPRESENTATION_ITEM(
) RATIONAL_B_SPLINE_CURVE((1.,1.000000000001,0.999999999995,
    1.00000000001,0.999999999988,1.00000000001,0.999999999995,
1.000000000001,1.)) REPRESENTATION_ITEM('') );
#270 = CARTESIAN_POINT('',(6.89010989011,12.473527396138,24.));
#271 = CARTESIAN_POINT('',(6.89011071711,12.473527396113,26.84235612317)
  );
#272 = CARTESIAN_POINT('',(6.982622967999,12.473527396226,
    29.684656649831));
#273 = CARTESIAN_POINT('',(7.167662288411,12.473527395973,
    32.506881903343));
#274 = CARTESIAN_POINT('',(7.441995652733,12.473527396337,
    35.310771726684));
#275 = CARTESIAN_POINT('',(7.805606619782,12.473527395979,
    38.101656516865));
#276 = CARTESIAN_POINT('',(8.259000331834,12.47352739622,40.888584084853
    ));
#277 = CARTESIAN_POINT('',(8.808432879429,12.473527396115,
    43.679920660702));
#278 = CARTESIAN_POINT('',(9.447971419243,12.473527396138,
    46.450062515675));
#279 = PCURVE('',#102,#280);
#280 = DEFINITIONAL_REPRESENTATION('',(#281),#285);
#281 = LINE('',#282,#283);
#282 = CARTESIAN_POINT('',(3.,0.));
#283 = VECTOR('',#284,1.);
#284 = DIRECTION('',(0.,1.));
#285 = ( GEOMETRIC_REPRESENTATION_CONTEXT(2) 
PARAMETRIC_REPRESENTATION_CONTEXT() REPRESENTATION_CONTEXT('2D SPACE',''
  ) );
#286 = PCURVE('',#287,#414);
#287 = ( BOUNDED_SURFACE() B_SPLINE_SURFACE(13,8,(
    (#288,#289,#290,#291,#292,#293,#294,#295,#296)
    ,(#297,#298,#299,#300,#301,#302,#303,#304,#305)
    ,(#306,#307,#308,#309,#310,#311,#312,#313,#314)
    ,(#315,#316,#317,#318,#319,#320,#321,#322,#323)
    ,(#324,#325,#326,#327,#328,#329,#330,#331,#332)
    ,(#333,#334,#335,#336,#337,#338,#339,#340,#341)
    ,(#342,#343,#344,#345,#346,#347,#348,#349,#350)
    ,(#351,#352,#353,#354,#355,#356,#357,#358,#359)
    ,(#360,#361,#362,#363,#364,#365,#366,#367,#368)
    ,(#369,#370,#371,#372,#373,#374,#375,#376,#377)
    ,(#378,#379,#380,#381,#382,#383,#384,#385,#386)
    ,(#387,#388,#389,#390,#391,#392,#393,#394,#395)
    ,(#396,#397,#398,#399,#400,#401,#402,#403,#404)
    ,(#405,#406,#407,#408,#409,#410,#411,#412,#413
)),.UNSPECIFIED.,.F.,.F.,.F.) B_SPLINE_SURFACE_WITH_KNOTS((14,14),(9,9),
  (3.,4.),(0.,1.),.PIECEWISE_BEZIER_KNOTS.) 
GEOMETRIC_REPRESENTATION_ITEM() RATIONAL_B_SPLINE_SURFACE((
    (1.,1.000000000001,0.999999999995,1.00000000001,0.999999999988
      ,1.00000000001,0.999999999995,1.000000000001,1.)
    ,(1.,1.000000000001,0.999999999995,1.00000000001,0.999999999988
      ,1.00000000001,0.999999999995,1.000000000001,1.)
    ,(1.,1.000000000001,0.999999999995,1.00000000001,0.999999999988
      ,1.00000000001,0.999999999995,1.000000000001,1.)
    ,(1.,1.000000000001,0.999999999995,1.00000000001,0.999999999988
      ,1.00000000001,0.999999999995,1.000000000001,1.)
    ,(1.,1.000000000001,0.999999999995,1.00000000001,0.999999999988
      ,1.00000000001,0.999999999995,1.000000000001,1.)
    ,(1.,1.000000000001,0.999999999995,1.00000000001,0.999999999988
      ,1.00000000001,0.999999999995,1.000000000001,1.)
    ,(1.,1.000000000001,0.999999999995,1.00000000001,0.999999999988
      ,1.00000000001,0.999999999995,1.000000000001,1.)
    ,(1.,1.000000000001,0.999999999995,1.00000000001,0.999999999988
      ,1.00000000001,0.999999999995,1.000000000001,1.)
    ,(1.,1.000000000001,0.999999999995,1.00000000001,0.999999999988
      ,1.00000000001,0.999999999995,1.000000000001,1.)
    ,(1.,1.000000000001,0.999999999995,1.00000000001,0.999999999988
      ,1.00000000001,0.999999999995,1.000000000001,1.)
    ,(1.,1.000000000001,0.999999999995,1.00000000001,0.999999999988
      ,1.00000000001,0.999999999995,1.000000000001,1.)
    ,(1.,1.000000000001,0.999999999995,1.00000000001,0.999999999988
      ,1.00000000001,0.999999999995,1.000000000001,1.)
    ,(1.,1.000000000001,0.999999999995,1.00000000001,0.999999999988
      ,1.00000000001,0.999999999995,1.000000000001,1.)
    ,(1.,1.000000000001,0.999999999995,1.00000000001,0.999999999988
      ,1.00000000001,0.999999999995,1.000000000001,1.
))) REPRESENTATION_ITEM('') SURFACE() );
#288 = CARTESIAN_POINT('',(6.89010989011,12.473527396138,24.));
#289 = CARTESIAN_POINT('',(6.89011071711,12.473527396113,26.84235612317)
  );
#290 = CARTESIAN_POINT('',(6.982622967999,12.473527396226,
    29.684656649831));
#291 = CARTESIAN_POINT('',(7.167662288411,12.473527395973,
    32.506881903343));
#292 = CARTESIAN_POINT('',(7.441995652733,12.473527396337,
    35.310771726684));
#293 = CARTESIAN_POINT('',(7.805606619782,12.473527395979,
    38.101656516865));
#294 = CARTESIAN_POINT('',(8.259000331834,12.47352739622,40.888584084853
    ));
#295 = CARTESIAN_POINT('',(8.808432879429,12.473527396115,
    43.679920660702));
#296 = CARTESIAN_POINT('',(9.447971419243,12.473527396138,
    46.450062515675));
#297 = CARTESIAN_POINT('',(6.806260964326,12.519843750323,24.));
#298 = CARTESIAN_POINT('',(6.80626179201,12.519843750316,26.844744189996
    ));
#299 = CARTESIAN_POINT('',(6.898851769113,12.519843750347,
    29.689432736658));
#300 = CARTESIAN_POINT('',(7.084046554187,12.519843750279,
    32.514029143802));
#301 = CARTESIAN_POINT('',(7.358610405767,12.519843750376,
    35.320274715349));
#302 = CARTESIAN_POINT('',(7.72252686825,12.519843750283,38.113504327893
    ));
#303 = CARTESIAN_POINT('',(8.176301508918,12.519843750344,
    40.902773392977));
#304 = CARTESIAN_POINT('',(8.726195674072,12.519843750318,
    43.696455170554));
#305 = CARTESIAN_POINT('',(9.366271535995,12.519843750323,
    46.468924419935));
#306 = CARTESIAN_POINT('',(6.714401184725,12.55165789117,24.));
#307 = CARTESIAN_POINT('',(6.714402013184,12.551657891175,
    26.847360410617));
#308 = CARTESIAN_POINT('',(6.807077142277,12.551657891155,
    29.694665126842));
#309 = CARTESIAN_POINT('',(6.99244224524,12.551657891199,32.521859225135
    ));
#310 = CARTESIAN_POINT('',(7.267258604244,12.551657891135,
    35.330685611695));
#311 = CARTESIAN_POINT('',(7.631509749315,12.5516578912,38.126484068232)
  );
#312 = CARTESIAN_POINT('',(8.085701711929,12.551657891155,
    40.918318335485));
#313 = CARTESIAN_POINT('',(8.636101597297,12.551657891175,
    43.714569373123));
#314 = CARTESIAN_POINT('',(9.276766116594,12.55165789117,46.489588374209
    ));
#315 = CARTESIAN_POINT('',(6.617267641953,12.567458777439,24.));
#316 = CARTESIAN_POINT('',(6.617268471211,12.567458777431,
    26.850126831187));
#317 = CARTESIAN_POINT('',(6.710033641051,12.567458777467,
    29.700197913611));
#318 = CARTESIAN_POINT('',(6.895578839812,12.567458777386,
    32.530138839858));
#319 = CARTESIAN_POINT('',(7.170662203257,12.567458777502,
    35.341694207572));
#320 = CARTESIAN_POINT('',(7.535267245074,12.567458777389,
    38.140208989131));
#321 = CARTESIAN_POINT('',(7.989900488722,12.567458777465,
    40.934755728652));
#322 = CARTESIAN_POINT('',(8.540835128122,12.567458777432,
    43.733723530522));
#323 = CARTESIAN_POINT('',(9.18212210023,12.567458777439,46.511438667067
    ));
#324 = CARTESIAN_POINT('',(6.517908990187,12.566302334362,24.));
#325 = CARTESIAN_POINT('',(6.517909820265,12.566302334361,
    26.852956624123));
#326 = CARTESIAN_POINT('',(6.610767093467,12.566302334367,29.70585744415
    ));
#327 = CARTESIAN_POINT('',(6.796496513644,12.566302334354,
    32.538608121409));
#328 = CARTESIAN_POINT('',(7.071852997953,12.566302334371,
    35.352954985836));
#329 = CARTESIAN_POINT('',(7.436820043528,12.566302334356,
    38.154248316446));
#330 = CARTESIAN_POINT('',(7.891904676929,12.566302334365,
    40.951569665385));
#331 = CARTESIAN_POINT('',(8.443386320374,12.566302334362,
    43.753316466134));
#332 = CARTESIAN_POINT('',(9.085310004272,12.566302334362,46.53378950054
    ));
#333 = CARTESIAN_POINT('',(6.419558286564,12.547885291324,24.));
#334 = CARTESIAN_POINT('',(6.419559117468,12.547885291276,26.85575771005
    ));
#335 = CARTESIAN_POINT('',(6.512507559625,12.547885291492,
    29.711459561518));
#336 = CARTESIAN_POINT('',(6.698419332512,12.547885291007,
    32.546991485615));
#337 = CARTESIAN_POINT('',(6.974046166797,12.547885291711,
    35.364101529082));
#338 = CARTESIAN_POINT('',(7.339371543972,12.547885291011,
    38.168145220839));
#339 = CARTESIAN_POINT('',(7.794902987842,12.547885291488,40.9682130326)
  );
#340 = CARTESIAN_POINT('',(8.346926086288,12.547885291278,
    43.772710640308));
#341 = CARTESIAN_POINT('',(8.989480022812,12.547885291324,
    46.555913595015));
#342 = CARTESIAN_POINT('',(6.325481901634,12.512583329062,24.));
#343 = CARTESIAN_POINT('',(6.325482733312,12.512583329022,
    26.858437060922));
#344 = CARTESIAN_POINT('',(6.418518382289,12.512583329205,
    29.716818210827));
#345 = CARTESIAN_POINT('',(6.604604582699,12.512583328791,
    32.555010509448));
#346 = CARTESIAN_POINT('',(6.880490017764,12.512583329394,
    35.374763643403));
#347 = CARTESIAN_POINT('',(7.246158153254,12.512583328792,
    38.181438166573));
#348 = CARTESIAN_POINT('',(7.702116989361,12.512583329204,
    40.984133079354));
#349 = CARTESIAN_POINT('',(8.254658011131,12.512583329022,
    43.791261944301));
#350 = CARTESIAN_POINT('',(8.897814809532,12.512583329062,
    46.577076176994));
#351 = CARTESIAN_POINT('',(6.238819904443,12.461449214728,24.));
#352 = CARTESIAN_POINT('',(6.238820736833,12.461449214722,
    26.860905245617));
#353 = CARTESIAN_POINT('',(6.331936719662,12.461449214748,
    29.721754532166));
#354 = CARTESIAN_POINT('',(6.518183600506,12.461449214689,
    32.562397534291));
#355 = CARTESIAN_POINT('',(6.794307255452,12.461449214777,
    35.384585451038));
#356 = CARTESIAN_POINT('',(7.160291135583,12.461449214688,
    38.193683462765));
#357 = CARTESIAN_POINT('',(7.616643680156,12.461449214749,
    40.998798428819));
#358 = CARTESIAN_POINT('',(8.169661806435,12.461449214722,
    43.808351175056));
#359 = CARTESIAN_POINT('',(8.813373953715,12.461449214728,
    46.596570884634));
#360 = CARTESIAN_POINT('',(6.162431369451,12.396169918908,24.));
#361 = CARTESIAN_POINT('',(6.162432202478,12.396169918904,
    26.863080836121));
#362 = CARTESIAN_POINT('',(6.255618995825,12.396169918921,
    29.726105670489));
#363 = CARTESIAN_POINT('',(6.442007509141,12.396169918883,
    32.568908854808));
#364 = CARTESIAN_POINT('',(6.718341143707,12.396169918938,35.39324291888
    ));
#365 = CARTESIAN_POINT('',(7.084603338277,12.396169918883,
    38.204477124364));
#366 = CARTESIAN_POINT('',(7.541302918504,12.396169918921,
    41.011725254636));
#367 = CARTESIAN_POINT('',(8.094741590353,12.396169918904,
    43.823414540186));
#368 = CARTESIAN_POINT('',(8.738943251926,12.396169918908,46.61375456612
    ));
#369 = CARTESIAN_POINT('',(6.098756096004,12.318985024474,24.));
#370 = CARTESIAN_POINT('',(6.098756929561,12.318985024454,
    26.864894345488));
#371 = CARTESIAN_POINT('',(6.192002748516,12.318985024544,29.72973265339
    ));
#372 = CARTESIAN_POINT('',(6.378509322548,12.318985024339,
    32.574336503576));
#373 = CARTESIAN_POINT('',(6.655017990071,12.318985024641,35.4004595333)
  );
#374 = CARTESIAN_POINT('',(7.021512179494,12.318985024337,
    38.213474408811));
#375 = CARTESIAN_POINT('',(7.478501038611,12.318985024547,
    41.022500682599));
#376 = CARTESIAN_POINT('',(8.032290265083,12.318985024453,
    43.835970925741));
#377 = CARTESIAN_POINT('',(8.676899971612,12.318985024474,
    46.628078386018));
#378 = CARTESIAN_POINT('',(6.049702274699,12.232572052898,24.));
#379 = CARTESIAN_POINT('',(6.049703108677,12.232572052903,
    26.866291427203));
#380 = CARTESIAN_POINT('',(6.142994399409,12.232572052881,29.73252678958
    ));
#381 = CARTESIAN_POINT('',(6.329591924565,12.232572052929,
    32.578517826556));
#382 = CARTESIAN_POINT('',(6.606235432866,12.232572052861,
    35.406019031217));
#383 = CARTESIAN_POINT('',(6.972908345444,12.232572052926,
    38.220405688874));
#384 = CARTESIAN_POINT('',(7.430120057584,12.232572052883,
    41.030801800213));
#385 = CARTESIAN_POINT('',(7.984179342529,12.232572052902,
    43.845644047742));
#386 = CARTESIAN_POINT('',(8.629103396569,12.232572052898,46.63911309484
    ));
#387 = CARTESIAN_POINT('',(6.016567678491,12.139907649417,24.));
#388 = CARTESIAN_POINT('',(6.016568512707,12.139907649413,
    26.867235120035));
#389 = CARTESIAN_POINT('',(6.109890518669,12.139907649431,
    29.734414156722));
#390 = CARTESIAN_POINT('',(6.296549478495,12.13990764939,32.581342202977
    ));
#391 = CARTESIAN_POINT('',(6.57328406897,12.13990764945,35.409774329046)
  );
#392 = CARTESIAN_POINT('',(6.940077703759,12.13990764939,38.225087590684
    ));
#393 = CARTESIAN_POINT('',(7.397439947862,12.139907649431,
    41.036408991827));
#394 = CARTESIAN_POINT('',(7.951681650162,12.139907649413,
    43.852177993201));
#395 = CARTESIAN_POINT('',(8.596818037916,12.139907649417,
    46.646566757192));
#396 = CARTESIAN_POINT('',(6.,12.044116884227,24.));
#397 = CARTESIAN_POINT('',(6.000000834382,12.044116884208,26.86770697728
    ));
#398 = CARTESIAN_POINT('',(6.0933381981,12.044116884295,29.735357861979)
  );
#399 = CARTESIAN_POINT('',(6.28002787644,12.044116884099,32.58275442357)
  );
#400 = CARTESIAN_POINT('',(6.556808008363,12.044116884382,
    35.411652021126));
#401 = CARTESIAN_POINT('',(6.923662006323,12.044116884101,
    38.227428595291));
#402 = CARTESIAN_POINT('',(7.381099517673,12.044116884293,
    41.039212652028));
#403 = CARTESIAN_POINT('',(7.935432430948,12.044116884208,
    43.855445040936));
#404 = CARTESIAN_POINT('',(8.580674987951,12.044116884227,
    46.650293673937));
#405 = CARTESIAN_POINT('',(6.,11.948326242617,24.));
#406 = CARTESIAN_POINT('',(6.000000834369,11.948326242602,
    26.867706977216));
#407 = CARTESIAN_POINT('',(6.093338198146,11.94832624267,29.735357862204
    ));
#408 = CARTESIAN_POINT('',(6.280027876354,11.948326242515,
    32.582754423143));
#409 = CARTESIAN_POINT('',(6.556808008469,11.948326242741,
    35.411652021651));
#410 = CARTESIAN_POINT('',(6.923662006237,11.948326242515,38.22742859486
    ));
#411 = CARTESIAN_POINT('',(7.381099517718,11.94832624267,41.039212652257
    ));
#412 = CARTESIAN_POINT('',(7.935432430935,11.948326242601,43.85544504087
    ));
#413 = CARTESIAN_POINT('',(8.580674987951,11.948326242617,
    46.650293673937));
#414 = DEFINITIONAL_REPRESENTATION('',(#415),#419);
#415 = LINE('',#416,#417);
#416 = CARTESIAN_POINT('',(3.,0.));
#417 = VECTOR('',#418,1.);
#418 = DIRECTION('',(0.,1.));
#419 = ( GEOMETRIC_REPRESENTATION_CONTEXT(2) 
PARAMETRIC_REPRESENTATION_CONTEXT() REPRESENTATION_CONTEXT('2D SPACE',''
  ) );
#420 = ORIENTED_EDGE('',*,*,#421,.F.);
#421 = EDGE_CURVE('',#422,#266,#424,.T.);
#422 = VERTEX_POINT('',#423);
#423 = CARTESIAN_POINT('',(-3.979062220764,12.473527396138,
    49.549937484325));
#424 = SURFACE_CURVE('',#425,(#440,#447),.PCURVE_S1.);
#425 = B_SPLINE_CURVE_WITH_KNOTS('',13,(#426,#427,#428,#429,#430,#431,
    #432,#433,#434,#435,#436,#437,#438,#439),.UNSPECIFIED.,.F.,.F.,(14,
    14),(2.,3.),.PIECEWISE_BEZIER_KNOTS.);
#426 = CARTESIAN_POINT('',(-3.979062220764,12.473527396138,
    49.549937484325));
#427 = CARTESIAN_POINT('',(-8.909638160122,9.678342232275,
    50.688250632665));
#428 = CARTESIAN_POINT('',(-12.6432503951,4.659229637869,51.550222935646
    ));
#429 = CARTESIAN_POINT('',(-14.14098309982,-1.994822083075,
    51.896001776205));
#430 = CARTESIAN_POINT('',(-12.66659173884,-9.132631232006,
    51.555611709166));
#431 = CARTESIAN_POINT('',(-8.107459437063,-15.22221997685,
    50.50305308246));
#432 = CARTESIAN_POINT('',(-1.179158632211,-18.75196052417,
    48.903528806788));
#433 = CARTESIAN_POINT('',(6.648067830695,-18.75196052447,
    47.096471193239));
#434 = CARTESIAN_POINT('',(13.576368635529,-15.22221997661,
    45.496946917474));
#435 = CARTESIAN_POINT('',(18.135500937335,-9.132631232159,
    44.444388290903));
#436 = CARTESIAN_POINT('',(19.609892298299,-1.994822082999,
    44.103998223749));
#437 = CARTESIAN_POINT('',(18.112159593586,4.659229637842,
    44.449777064374));
#438 = CARTESIAN_POINT('',(14.3785473586,9.678342232281,45.31174936733)
  );
#439 = CARTESIAN_POINT('',(9.447971419243,12.473527396138,
    46.450062515675));
#440 = PCURVE('',#102,#441);
#441 = DEFINITIONAL_REPRESENTATION('',(#442),#446);
#442 = LINE('',#443,#444);
#443 = CARTESIAN_POINT('',(0.,1.));
#444 = VECTOR('',#445,1.);
#445 = DIRECTION('',(1.,0.));
#446 = ( GEOMETRIC_REPRESENTATION_CONTEXT(2) 
PARAMETRIC_REPRESENTATION_CONTEXT() REPRESENTATION_CONTEXT('2D SPACE',''
  ) );
#447 = PCURVE('',#448,#453);
#448 = PLANE('',#449);
#449 = AXIS2_PLACEMENT_3D('',#450,#451,#452);
#450 = CARTESIAN_POINT('',(-3.111765789472,6.971370023173,
    49.349706326063));
#451 = DIRECTION('',(0.224951054344,1.786601667931E-15,0.974370064785));
#452 = DIRECTION('',(0.588569316023,-0.796945581848,-0.135881933342));
#453 = DEFINITIONAL_REPRESENTATION('',(#454),#469);
#454 = B_SPLINE_CURVE_WITH_KNOTS('',13,(#455,#456,#457,#458,#459,#460,
    #461,#462,#463,#464,#465,#466,#467,#468),.UNSPECIFIED.,.F.,.F.,(14,
    14),(2.,3.),.PIECEWISE_BEZIER_KNOTS.);
#455 = CARTESIAN_POINT('',(-4.922591873274,2.614215106399));
#456 = CARTESIAN_POINT('',(-5.751643306056,-3.106979676121));
#457 = CARTESIAN_POINT('',(-4.066299761599,-9.192533467255));
#458 = CARTESIAN_POINT('',(0.30811274783,-14.43692912011));
#459 = CARTESIAN_POINT('',(6.910592588432,-17.54261337388));
#460 = CARTESIAN_POINT('',(14.59005251558,-17.49208302183));
#461 = CARTESIAN_POINT('',(21.698195366761,-13.95751041831));
#462 = CARTESIAN_POINT('',(26.550607174817,-7.555555172814));
#463 = CARTESIAN_POINT('',(28.032727757044,0.243304799388));
#464 = CARTESIAN_POINT('',(26.006045993544,7.650680793207));
#465 = CARTESIAN_POINT('',(21.231634903332,13.168199572024));
#466 = CARTESIAN_POINT('',(15.000213172047,15.962578531985));
#467 = CARTESIAN_POINT('',(8.685637502655,15.940625776033));
#468 = CARTESIAN_POINT('',(3.4013651363,13.596300377145));
#469 = ( GEOMETRIC_REPRESENTATION_CONTEXT(2) 
PARAMETRIC_REPRESENTATION_CONTEXT() REPRESENTATION_CONTEXT('2D SPACE',''
  ) );
#470 = ORIENTED_EDGE('',*,*,#471,.F.);
#471 = EDGE_CURVE('',#86,#422,#472,.T.);
#472 = SURFACE_CURVE('',#473,(#483,#490),.PCURVE_S1.);
#473 = ( BOUNDED_CURVE() B_SPLINE_CURVE(8,(#474,#475,#476,#477,#478,#479
,#480,#481,#482),.UNSPECIFIED.,.F.,.F.) B_SPLINE_CURVE_WITH_KNOTS((9,9),
(0.,1.),.PIECEWISE_BEZIER_KNOTS.) CURVE() GEOMETRIC_REPRESENTATION_ITEM(
) RATIONAL_B_SPLINE_CURVE((1.,1.000000000001,0.999999999995,
    1.00000000001,0.999999999988,1.00000000001,0.999999999995,
1.000000000001,1.)) REPRESENTATION_ITEM('') );
#474 = CARTESIAN_POINT('',(-6.89010989011,12.473527396138,24.));
#475 = CARTESIAN_POINT('',(-6.890108948906,12.47352739614,
    27.234824901043));
#476 = CARTESIAN_POINT('',(-6.784822728707,12.473527396131,
    30.469586528762));
#477 = CARTESIAN_POINT('',(-6.574233423302,12.473527396152,
    33.68150091647));
#478 = CARTESIAN_POINT('',(-6.262020470699,12.47352739612,
    36.872548141472));
#479 = CARTESIAN_POINT('',(-5.848202581576,12.473527396155,
    40.048794616194));
#480 = CARTESIAN_POINT('',(-5.332204864968,12.473527396129,
    43.220537460135));
#481 = CARTESIAN_POINT('',(-4.706907397114,12.473527396141,
    46.397298102261));
#482 = CARTESIAN_POINT('',(-3.979062220764,12.473527396138,
    49.549937484325));
#483 = PCURVE('',#102,#484);
#484 = DEFINITIONAL_REPRESENTATION('',(#485),#489);
#485 = LINE('',#486,#487);
#486 = CARTESIAN_POINT('',(2.,0.));
#487 = VECTOR('',#488,1.);
#488 = DIRECTION('',(0.,1.));
#489 = ( GEOMETRIC_REPRESENTATION_CONTEXT(2) 
PARAMETRIC_REPRESENTATION_CONTEXT() REPRESENTATION_CONTEXT('2D SPACE',''
  ) );
#490 = PCURVE('',#491,#618);
#491 = ( BOUNDED_SURFACE() B_SPLINE_SURFACE(13,8,(
    (#492,#493,#494,#495,#496,#497,#498,#499,#500)
    ,(#501,#502,#503,#504,#505,#506,#507,#508,#509)
    ,(#510,#511,#512,#513,#514,#515,#516,#517,#518)
    ,(#519,#520,#521,#522,#523,#524,#525,#526,#527)
    ,(#528,#529,#530,#531,#532,#533,#534,#535,#536)
    ,(#537,#538,#539,#540,#541,#542,#543,#544,#545)
    ,(#546,#547,#548,#549,#550,#551,#552,#553,#554)
    ,(#555,#556,#557,#558,#559,#560,#561,#562,#563)
    ,(#564,#565,#566,#567,#568,#569,#570,#571,#572)
    ,(#573,#574,#575,#576,#577,#578,#579,#580,#581)
    ,(#582,#583,#584,#585,#586,#587,#588,#589,#590)
    ,(#591,#592,#593,#594,#595,#596,#597,#598,#599)
    ,(#600,#601,#602,#603,#604,#605,#606,#607,#608)
    ,(#609,#610,#611,#612,#613,#614,#615,#616,#617
)),.UNSPECIFIED.,.F.,.F.,.F.) B_SPLINE_SURFACE_WITH_KNOTS((14,14),(9,9),
  (1.,2.),(0.,1.),.PIECEWISE_BEZIER_KNOTS.) 
GEOMETRIC_REPRESENTATION_ITEM() RATIONAL_B_SPLINE_SURFACE((
    (1.,1.000000000001,0.999999999995,1.00000000001,0.999999999988
      ,1.00000000001,0.999999999995,1.000000000001,1.)
    ,(1.,1.000000000001,0.999999999995,1.00000000001,0.999999999988
      ,1.00000000001,0.999999999995,1.000000000001,1.)
    ,(1.,1.000000000001,0.999999999995,1.00000000001,0.999999999988
      ,1.00000000001,0.999999999995,1.000000000001,1.)
    ,(1.,1.000000000001,0.999999999995,1.00000000001,0.999999999988
      ,1.00000000001,0.999999999995,1.000000000001,1.)
    ,(1.,1.000000000001,0.999999999995,1.00000000001,0.999999999988
      ,1.00000000001,0.999999999995,1.000000000001,1.)
    ,(1.,1.000000000001,0.999999999995,1.00000000001,0.999999999988
      ,1.00000000001,0.999999999995,1.000000000001,1.)
    ,(1.,1.000000000001,0.999999999995,1.00000000001,0.999999999988
      ,1.00000000001,0.999999999995,1.000000000001,1.)
    ,(1.,1.000000000001,0.999999999995,1.00000000001,0.999999999988
      ,1.00000000001,0.999999999995,1.000000000001,1.)
    ,(1.,1.000000000001,0.999999999995,1.00000000001,0.999999999988
      ,1.00000000001,0.999999999995,1.000000000001,1.)
    ,(1.,1.000000000001,0.999999999995,1.00000000001,0.999999999988
      ,1.00000000001,0.999999999995,1.000000000001,1.)
    ,(1.,1.000000000001,0.999999999995,1.00000000001,0.999999999988
      ,1.00000000001,0.999999999995,1.000000000001,1.)
    ,(1.,1.000000000001,0.999999999995,1.00000000001,0.999999999988
      ,1.00000000001,0.999999999995,1.000000000001,1.)
    ,(1.,1.000000000001,0.999999999995,1.00000000001,0.999999999988
      ,1.00000000001,0.999999999995,1.000000000001,1.)
    ,(1.,1.000000000001,0.999999999995,1.00000000001,0.999999999988
      ,1.00000000001,0.999999999995,1.000000000001,1.
))) REPRESENTATION_ITEM('') SURFACE() );
#492 = CARTESIAN_POINT('',(-6.,11.948326242617,24.));
#493 = CARTESIAN_POINT('',(-5.999999066179,11.948326242623,
    27.20947404696));
#494 = CARTESIAN_POINT('',(-5.895537958801,11.948326242595,
    30.418885316522));
#495 = CARTESIAN_POINT('',(-5.686599011346,11.948326242654,
    33.605628396416));
#496 = CARTESIAN_POINT('',(-5.376832826305,11.948326242574,
    36.771667846822));
#497 = CARTESIAN_POINT('',(-4.966257968139,11.948326242648,
    39.923022537936));
#498 = CARTESIAN_POINT('',(-4.454304050795,11.948326242602,
    43.069908892871));
#499 = CARTESIAN_POINT('',(-3.833906948636,11.948326242621,
    46.221773722053));
#500 = CARTESIAN_POINT('',(-3.111765789472,11.948326242617,
    49.349706326063));
#501 = CARTESIAN_POINT('',(-6.,12.044116884227,24.));
#502 = CARTESIAN_POINT('',(-5.999999066178,12.044116884201,
    27.209474047001));
#503 = CARTESIAN_POINT('',(-5.895537958806,12.044116884318,
    30.418885316382));
#504 = CARTESIAN_POINT('',(-5.686599011336,12.044116884055,
    33.605628396678));
#505 = CARTESIAN_POINT('',(-5.376832826319,12.044116884436,
    36.771667846507));
#506 = CARTESIAN_POINT('',(-4.966257968126,12.044116884058,
    39.923022538188));
#507 = CARTESIAN_POINT('',(-4.454304050803,12.044116884316,
    43.069908892741));
#508 = CARTESIAN_POINT('',(-3.833906948634,12.044116884202,
    46.22177372209));
#509 = CARTESIAN_POINT('',(-3.111765789472,12.044116884227,
    49.349706326063));
#510 = CARTESIAN_POINT('',(-6.016567678491,12.139907649417,24.));
#511 = CARTESIAN_POINT('',(-6.016566744516,12.139907649407,
    27.209945904226));
#512 = CARTESIAN_POINT('',(-5.912090279332,12.139907649452,
    30.419829021701));
#513 = CARTESIAN_POINT('',(-5.70312061347,12.139907649351,
    33.607040617166));
#514 = CARTESIAN_POINT('',(-5.39330888683,12.139907649497,36.7735455387)
  );
#515 = CARTESIAN_POINT('',(-4.982673665641,12.139907649352,
    39.925363542715));
#516 = CARTESIAN_POINT('',(-4.47064448095,12.13990764945,43.07271255298)
  );
#517 = CARTESIAN_POINT('',(-3.85015616786,12.139907649407,
    46.225040769813));
#518 = CARTESIAN_POINT('',(-3.127908839437,12.139907649417,
    49.353433242808));
#519 = CARTESIAN_POINT('',(-6.049702274699,12.232572052898,24.));
#520 = CARTESIAN_POINT('',(-6.049701340462,12.232572052901,
    27.210889597004));
#521 = CARTESIAN_POINT('',(-5.945194160157,12.232572052885,
    30.421716389039));
#522 = CARTESIAN_POINT('',(-5.736163059382,12.23257205292,
    33.609864993205));
#523 = CARTESIAN_POINT('',(-5.426260250919,12.232572052871,
    36.777300837009));
#524 = CARTESIAN_POINT('',(-5.015504307168,12.232572052919,
    39.930045444122));
#525 = CARTESIAN_POINT('',(-4.503324590755,12.232572052887,
    43.07831974481));
#526 = CARTESIAN_POINT('',(-3.882653860204,12.232572052901,
    46.231574715211));
#527 = CARTESIAN_POINT('',(-3.16019419809,12.232572052898,49.36088690516
    ));
#528 = CARTESIAN_POINT('',(-6.098756096004,12.318985024474,24.));
#529 = CARTESIAN_POINT('',(-6.098755161351,12.31898502446,
    27.212286678758));
#530 = CARTESIAN_POINT('',(-5.994202509245,12.318985024524,
    30.424510525092));
#531 = CARTESIAN_POINT('',(-5.785080457398,12.318985024379,
    33.61404631645));
#532 = CARTESIAN_POINT('',(-5.475042808085,12.318985024591,
    36.782860334595));
#533 = CARTESIAN_POINT('',(-5.064108141248,12.318985024378,
    39.936976724463));
#534 = CARTESIAN_POINT('',(-4.551705571768,12.318985024525,
    43.086620862275));
#535 = CARTESIAN_POINT('',(-3.930764782761,12.31898502446,
    46.241247837256));
#536 = CARTESIAN_POINT('',(-3.207990773133,12.318985024474,
    49.371921613982));
#537 = CARTESIAN_POINT('',(-6.162431369451,12.396169918908,24.));
#538 = CARTESIAN_POINT('',(-6.162430434284,12.396169918891,
    27.21410018806));
#539 = CARTESIAN_POINT('',(-6.057818756498,12.396169918966,
    30.428137508222));
#540 = CARTESIAN_POINT('',(-5.8485786441,12.396169918797,33.619473964772
    ));
#541 = CARTESIAN_POINT('',(-5.538365961586,12.396169919043,
    36.790076949576));
#542 = CARTESIAN_POINT('',(-5.127199300143,12.396169918797,
    39.945974008439));
#543 = CARTESIAN_POINT('',(-4.614507451601,12.396169918966,
    43.09739629049));
#544 = CARTESIAN_POINT('',(-3.993216108048,12.396169918891,
    46.253804222737));
#545 = CARTESIAN_POINT('',(-3.270034053447,12.396169918908,
    49.38624543388));
#546 = CARTESIAN_POINT('',(-6.238819904443,12.461449214728,24.));
#547 = CARTESIAN_POINT('',(-6.238818968635,12.461449214713,
    27.216275778498));
#548 = CARTESIAN_POINT('',(-6.134136480348,12.46144921478,
    30.432488646772));
#549 = CARTESIAN_POINT('',(-5.924754735437,12.461449214628,
    33.625985284864));
#550 = CARTESIAN_POINT('',(-5.614332073368,12.46144921485,
    36.798734417927));
#551 = CARTESIAN_POINT('',(-5.202887097418,12.461449214628,
    39.956767669632));
#552 = CARTESIAN_POINT('',(-4.68984821327,12.46144921478,43.110323116517
    ));
#553 = CARTESIAN_POINT('',(-4.068136324126,12.461449214713,
    46.268867587809));
#554 = CARTESIAN_POINT('',(-3.344464755236,12.461449214728,
    49.403429115366));
#555 = CARTESIAN_POINT('',(-6.325481901634,12.512583329062,24.));
#556 = CARTESIAN_POINT('',(-6.325480965113,12.51258332908,
    27.218743963268));
#557 = CARTESIAN_POINT('',(-6.22071814298,12.512583328999,
    30.437424967854));
#558 = CARTESIAN_POINT('',(-6.01117571762,12.512583329183,
    33.633372310187));
#559 = CARTESIAN_POINT('',(-5.700514835695,12.512583328914,
    36.808556224986));
#560 = CARTESIAN_POINT('',(-5.288754115073,12.512583329184,
    39.969012966283));
#561 = CARTESIAN_POINT('',(-4.775321522484,12.512583328998,
    43.124988465746));
#562 = CARTESIAN_POINT('',(-4.153132528818,12.512583329081,
    46.285956818629));
#563 = CARTESIAN_POINT('',(-3.428905611053,12.512583329062,
    49.422923823006));
#564 = CARTESIAN_POINT('',(-6.419558286564,12.547885291324,24.));
#565 = CARTESIAN_POINT('',(-6.419557349257,12.547885291332,
    27.221423314155));
#566 = CARTESIAN_POINT('',(-6.314707320357,12.547885291295,
    30.442783617107));
#567 = CARTESIAN_POINT('',(-6.104990467359,12.54788529138,
    33.641391334135));
#568 = CARTESIAN_POINT('',(-5.794070984814,12.547885291256,
    36.819218339156));
#569 = CARTESIAN_POINT('',(-5.381967505725,12.54788529138,39.98230591215
    ));
#570 = CARTESIAN_POINT('',(-4.868107520997,12.547885291294,
    43.140908512425));
#571 = CARTESIAN_POINT('',(-4.245400603967,12.547885291333,
    46.304508122645));
#572 = CARTESIAN_POINT('',(-3.520570824333,12.547885291324,
    49.444086404985));
#573 = CARTESIAN_POINT('',(-6.517908990187,12.566302334362,24.));
#574 = CARTESIAN_POINT('',(-6.51790805207,12.566302334362,
    27.224224400136));
#575 = CARTESIAN_POINT('',(-6.412966854143,12.566302334363,
    30.448385734284));
#576 = CARTESIAN_POINT('',(-6.203067648595,12.566302334363,
    33.649774698706));
#577 = CARTESIAN_POINT('',(-5.891877815843,12.566302334359,
    36.830364881955));
#578 = CARTESIAN_POINT('',(-5.479416005383,12.566302334367,
    39.99620281691));
#579 = CARTESIAN_POINT('',(-4.965109210032,12.566302334359,
    43.157551879447));
#580 = CARTESIAN_POINT('',(-4.341860838067,12.566302334363,
    46.323902296874));
#581 = CARTESIAN_POINT('',(-3.616400805793,12.566302334362,
    49.46621049946));
#582 = CARTESIAN_POINT('',(-6.617267641953,12.567458777439,24.));
#583 = CARTESIAN_POINT('',(-6.617266703017,12.567458777434,
    27.227054193068));
#584 = CARTESIAN_POINT('',(-6.512233401721,12.567458777456,
    30.454045264834));
#585 = CARTESIAN_POINT('',(-6.302149974774,12.567458777406,
    33.658243980234));
#586 = CARTESIAN_POINT('',(-5.990687021134,12.567458777481,
    36.841625660245));
#587 = CARTESIAN_POINT('',(-5.57786320694,12.567458777404,
    40.010242144201));
#588 = CARTESIAN_POINT('',(-5.063105021819,12.567458777458,
    43.174365816193));
#589 = CARTESIAN_POINT('',(-4.439309645817,12.567458777434,
    46.343495232482));
#590 = CARTESIAN_POINT('',(-3.713212901751,12.567458777439,
    49.488561332933));
#591 = CARTESIAN_POINT('',(-6.714401184724,12.55165789117,24.));
#592 = CARTESIAN_POINT('',(-6.714400244974,12.551657891134,
    27.229820613538));
#593 = CARTESIAN_POINT('',(-6.609276903005,12.551657891298,
    30.459578051958));
#594 = CARTESIAN_POINT('',(-6.399013380092,12.551657890928,
    33.666523594285));
#595 = CARTESIAN_POINT('',(-6.087283422255,12.551657891466,
    36.852634256943));
#596 = CARTESIAN_POINT('',(-5.674105711071,12.55165789093,
    40.023967064432));
#597 = CARTESIAN_POINT('',(-5.158906245082,12.551657891296,
    43.19080320971));
#598 = CARTESIAN_POINT('',(-4.534576114976,12.551657891135,
    46.362649389782));
#599 = CARTESIAN_POINT('',(-3.807856918115,12.55165789117,
    49.510411625791));
#600 = CARTESIAN_POINT('',(-6.806260964326,12.519843750324,24.));
#601 = CARTESIAN_POINT('',(-6.806260023824,12.519843750293,
    27.232436834228));
#602 = CARTESIAN_POINT('',(-6.701051529757,12.51984375043,
    30.464810441903));
#603 = CARTESIAN_POINT('',(-6.490617689197,12.519843750121,
    33.674353676065));
#604 = CARTESIAN_POINT('',(-6.178635223586,12.519843750569,
    36.863045152752));
#605 = CARTESIAN_POINT('',(-5.765122830162,12.519843750124,
    40.036946805202));
#606 = CARTESIAN_POINT('',(-5.249506041991,12.519843750428,
    43.206348151996));
#607 = CARTESIAN_POINT('',(-4.624670191773,12.519843750294,
    46.380763592413));
#608 = CARTESIAN_POINT('',(-3.897362337516,12.519843750324,
    49.531075580065));
#609 = CARTESIAN_POINT('',(-6.89010989011,12.473527396138,24.));
#610 = CARTESIAN_POINT('',(-6.890108948906,12.47352739614,
    27.234824901043));
#611 = CARTESIAN_POINT('',(-6.784822728707,12.473527396131,
    30.469586528762));
#612 = CARTESIAN_POINT('',(-6.574233423302,12.473527396152,
    33.68150091647));
#613 = CARTESIAN_POINT('',(-6.262020470699,12.47352739612,
    36.872548141472));
#614 = CARTESIAN_POINT('',(-5.848202581576,12.473527396155,
    40.048794616194));
#615 = CARTESIAN_POINT('',(-5.332204864968,12.473527396129,
    43.220537460135));
#616 = CARTESIAN_POINT('',(-4.706907397114,12.473527396141,
    46.397298102261));
#617 = CARTESIAN_POINT('',(-3.979062220764,12.473527396138,
    49.549937484325));
#618 = DEFINITIONAL_REPRESENTATION('',(#619),#623);
#619 = LINE('',#620,#621);
#620 = CARTESIAN_POINT('',(2.,0.));
#621 = VECTOR('',#622,1.);
#622 = DIRECTION('',(0.,1.));
#623 = ( GEOMETRIC_REPRESENTATION_CONTEXT(2) 
PARAMETRIC_REPRESENTATION_CONTEXT() REPRESENTATION_CONTEXT('2D SPACE',''
  ) );
#624 = ADVANCED_FACE('',(#625),#491,.T.);
#625 = FACE_BOUND('',#626,.T.);
#626 = EDGE_LOOP('',(#627,#650,#651,#696));
#627 = ORIENTED_EDGE('',*,*,#628,.F.);
#628 = EDGE_CURVE('',#86,#629,#631,.T.);
#629 = VERTEX_POINT('',#630);
#630 = CARTESIAN_POINT('',(-6.,11.948326242617,24.));
#631 = SURFACE_CURVE('',#632,(#637,#643),.PCURVE_S1.);
#632 = CIRCLE('',#633,0.6);
#633 = AXIS2_PLACEMENT_3D('',#634,#635,#636);
#634 = CARTESIAN_POINT('',(-6.6,11.948326242617,24.));
#635 = DIRECTION('',(-0.,-0.,-1.));
#636 = DIRECTION('',(0.,-1.,0.));
#637 = PCURVE('',#491,#638);
#638 = DEFINITIONAL_REPRESENTATION('',(#639),#642);
#639 = B_SPLINE_CURVE_WITH_KNOTS('',1,(#640,#641),.UNSPECIFIED.,.F.,.F.,
  (2,2),(2.636925078825,4.712388980385),.PIECEWISE_BEZIER_KNOTS.);
#640 = CARTESIAN_POINT('',(2.,0.));
#641 = CARTESIAN_POINT('',(1.,0.));
#642 = ( GEOMETRIC_REPRESENTATION_CONTEXT(2) 
PARAMETRIC_REPRESENTATION_CONTEXT() REPRESENTATION_CONTEXT('2D SPACE',''
  ) );
#643 = PCURVE('',#249,#644);
#644 = DEFINITIONAL_REPRESENTATION('',(#645),#649);
#645 = LINE('',#646,#647);
#646 = CARTESIAN_POINT('',(2.636925078825,24.));
#647 = VECTOR('',#648,1.);
#648 = DIRECTION('',(-1.,0.));
#649 = ( GEOMETRIC_REPRESENTATION_CONTEXT(2) 
PARAMETRIC_REPRESENTATION_CONTEXT() REPRESENTATION_CONTEXT('2D SPACE',''
  ) );
#650 = ORIENTED_EDGE('',*,*,#471,.T.);
#651 = ORIENTED_EDGE('',*,*,#652,.F.);
#652 = EDGE_CURVE('',#653,#422,#655,.T.);
#653 = VERTEX_POINT('',#654);
#654 = CARTESIAN_POINT('',(-3.111765789472,11.948326242617,
    49.349706326063));
#655 = SURFACE_CURVE('',#656,(#671,#678),.PCURVE_S1.);
#656 = B_SPLINE_CURVE_WITH_KNOTS('',13,(#657,#658,#659,#660,#661,#662,
    #663,#664,#665,#666,#667,#668,#669,#670),.UNSPECIFIED.,.F.,.F.,(14,
    14),(1.,2.),.PIECEWISE_BEZIER_KNOTS.);
#657 = CARTESIAN_POINT('',(-3.111765789472,11.948326242617,
    49.349706326063));
#658 = CARTESIAN_POINT('',(-3.111765789472,12.044116884227,
    49.349706326063));
#659 = CARTESIAN_POINT('',(-3.127908839437,12.139907649417,
    49.353433242808));
#660 = CARTESIAN_POINT('',(-3.16019419809,12.232572052898,49.36088690516
    ));
#661 = CARTESIAN_POINT('',(-3.207990773133,12.318985024474,
    49.371921613982));
#662 = CARTESIAN_POINT('',(-3.270034053447,12.396169918908,
    49.38624543388));
#663 = CARTESIAN_POINT('',(-3.344464755236,12.461449214728,
    49.403429115366));
#664 = CARTESIAN_POINT('',(-3.428905611053,12.512583329062,
    49.422923823006));
#665 = CARTESIAN_POINT('',(-3.520570824333,12.547885291324,
    49.444086404985));
#666 = CARTESIAN_POINT('',(-3.616400805793,12.566302334362,
    49.46621049946));
#667 = CARTESIAN_POINT('',(-3.713212901751,12.567458777439,
    49.488561332933));
#668 = CARTESIAN_POINT('',(-3.807856918115,12.55165789117,
    49.510411625791));
#669 = CARTESIAN_POINT('',(-3.897362337516,12.519843750324,
    49.531075580065));
#670 = CARTESIAN_POINT('',(-3.979062220764,12.473527396138,
    49.549937484325));
#671 = PCURVE('',#491,#672);
#672 = DEFINITIONAL_REPRESENTATION('',(#673),#677);
#673 = LINE('',#674,#675);
#674 = CARTESIAN_POINT('',(0.,1.));
#675 = VECTOR('',#676,1.);
#676 = DIRECTION('',(1.,0.));
#677 = ( GEOMETRIC_REPRESENTATION_CONTEXT(2) 
PARAMETRIC_REPRESENTATION_CONTEXT() REPRESENTATION_CONTEXT('2D SPACE',''
  ) );
#678 = PCURVE('',#448,#679);
#679 = DEFINITIONAL_REPRESENTATION('',(#680),#695);
#680 = B_SPLINE_CURVE_WITH_KNOTS('',13,(#681,#682,#683,#684,#685,#686,
    #687,#688,#689,#690,#691,#692,#693,#694),.UNSPECIFIED.,.F.,.F.,(14,
    14),(1.,2.),.PIECEWISE_BEZIER_KNOTS.);
#681 = CARTESIAN_POINT('',(-3.966363270138,3.006335912628));
#682 = CARTESIAN_POINT('',(-4.042703198752,3.064198355709));
#683 = CARTESIAN_POINT('',(-4.129050950381,3.108857335264));
#684 = CARTESIAN_POINT('',(-4.222914426841,3.13842490069));
#685 = CARTESIAN_POINT('',(-4.321411877803,3.151529525646));
#686 = CARTESIAN_POINT('',(-4.421387157806,3.147407418707));
#687 = CARTESIAN_POINT('',(-4.519553783301,3.125961944129));
#688 = CARTESIAN_POINT('',(-4.612653165119,3.087784666711));
#689 = CARTESIAN_POINT('',(-4.69761385241,3.034135096759));
#690 = CARTESIAN_POINT('',(-4.771700084864,2.966879773266));
#691 = CARTESIAN_POINT('',(-4.832639410629,2.888394885443));
#692 = CARTESIAN_POINT('',(-4.878720588142,2.801440194843));
#693 = CARTESIAN_POINT('',(-4.908854450689,2.709015582352));
#694 = CARTESIAN_POINT('',(-4.922591873274,2.614215106399));
#695 = ( GEOMETRIC_REPRESENTATION_CONTEXT(2) 
PARAMETRIC_REPRESENTATION_CONTEXT() REPRESENTATION_CONTEXT('2D SPACE',''
  ) );
#696 = ORIENTED_EDGE('',*,*,#697,.F.);
#697 = EDGE_CURVE('',#629,#653,#698,.T.);
#698 = SURFACE_CURVE('',#699,(#709,#716),.PCURVE_S1.);
#699 = ( BOUNDED_CURVE() B_SPLINE_CURVE(8,(#700,#701,#702,#703,#704,#705
,#706,#707,#708),.UNSPECIFIED.,.F.,.F.) B_SPLINE_CURVE_WITH_KNOTS((9,9),
(0.,1.),.PIECEWISE_BEZIER_KNOTS.) CURVE() GEOMETRIC_REPRESENTATION_ITEM(
) RATIONAL_B_SPLINE_CURVE((1.,1.000000000001,0.999999999995,
    1.00000000001,0.999999999988,1.00000000001,0.999999999995,
1.000000000001,1.)) REPRESENTATION_ITEM('') );
#700 = CARTESIAN_POINT('',(-6.,11.948326242617,24.));
#701 = CARTESIAN_POINT('',(-5.999999066179,11.948326242623,
    27.20947404696));
#702 = CARTESIAN_POINT('',(-5.895537958801,11.948326242595,
    30.418885316522));
#703 = CARTESIAN_POINT('',(-5.686599011346,11.948326242654,
    33.605628396416));
#704 = CARTESIAN_POINT('',(-5.376832826305,11.948326242574,
    36.771667846822));
#705 = CARTESIAN_POINT('',(-4.966257968139,11.948326242648,
    39.923022537936));
#706 = CARTESIAN_POINT('',(-4.454304050795,11.948326242602,
    43.069908892871));
#707 = CARTESIAN_POINT('',(-3.833906948636,11.948326242621,
    46.221773722053));
#708 = CARTESIAN_POINT('',(-3.111765789472,11.948326242617,
    49.349706326063));
#709 = PCURVE('',#491,#710);
#710 = DEFINITIONAL_REPRESENTATION('',(#711),#715);
#711 = LINE('',#712,#713);
#712 = CARTESIAN_POINT('',(1.,0.));
#713 = VECTOR('',#714,1.);
#714 = DIRECTION('',(0.,1.));
#715 = ( GEOMETRIC_REPRESENTATION_CONTEXT(2) 
PARAMETRIC_REPRESENTATION_CONTEXT() REPRESENTATION_CONTEXT('2D SPACE',''
  ) );
#716 = PCURVE('',#717,#844);
#717 = ( BOUNDED_SURFACE() B_SPLINE_SURFACE(13,8,(
    (#718,#719,#720,#721,#722,#723,#724,#725,#726)
    ,(#727,#728,#729,#730,#731,#732,#733,#734,#735)
    ,(#736,#737,#738,#739,#740,#741,#742,#743,#744)
    ,(#745,#746,#747,#748,#749,#750,#751,#752,#753)
    ,(#754,#755,#756,#757,#758,#759,#760,#761,#762)
    ,(#763,#764,#765,#766,#767,#768,#769,#770,#771)
    ,(#772,#773,#774,#775,#776,#777,#778,#779,#780)
    ,(#781,#782,#783,#784,#785,#786,#787,#788,#789)
    ,(#790,#791,#792,#793,#794,#795,#796,#797,#798)
    ,(#799,#800,#801,#802,#803,#804,#805,#806,#807)
    ,(#808,#809,#810,#811,#812,#813,#814,#815,#816)
    ,(#817,#818,#819,#820,#821,#822,#823,#824,#825)
    ,(#826,#827,#828,#829,#830,#831,#832,#833,#834)
    ,(#835,#836,#837,#838,#839,#840,#841,#842,#843
)),.UNSPECIFIED.,.F.,.F.,.F.) B_SPLINE_SURFACE_WITH_KNOTS((14,14),(9,9),
  (0.,1.),(0.,1.),.PIECEWISE_BEZIER_KNOTS.) 
GEOMETRIC_REPRESENTATION_ITEM() RATIONAL_B_SPLINE_SURFACE((
    (1.,1.000000000001,0.999999999995,1.00000000001,0.999999999988
      ,1.00000000001,0.999999999995,1.000000000001,1.)
    ,(1.,1.000000000001,0.999999999995,1.00000000001,0.999999999988
      ,1.00000000001,0.999999999995,1.000000000001,1.)
    ,(1.,1.000000000001,0.999999999995,1.00000000001,0.999999999988
      ,1.00000000001,0.999999999995,1.000000000001,1.)
    ,(1.,1.000000000001,0.999999999995,1.00000000001,0.999999999988
      ,1.00000000001,0.999999999995,1.000000000001,1.)
    ,(1.,1.000000000001,0.999999999995,1.00000000001,0.999999999988
      ,1.00000000001,0.999999999995,1.000000000001,1.)
    ,(1.,1.000000000001,0.999999999995,1.00000000001,0.999999999988
      ,1.00000000001,0.999999999995,1.000000000001,1.)
    ,(1.,1.000000000001,0.999999999995,1.00000000001,0.999999999988
      ,1.00000000001,0.999999999995,1.000000000001,1.)
    ,(1.,1.000000000001,0.999999999995,1.00000000001,0.999999999988
      ,1.00000000001,0.999999999995,1.000000000001,1.)
    ,(1.,1.000000000001,0.999999999995,1.00000000001,0.999999999988
      ,1.00000000001,0.999999999995,1.000000000001,1.)
    ,(1.,1.000000000001,0.999999999995,1.00000000001,0.999999999988
      ,1.00000000001,0.999999999995,1.000000000001,1.)
    ,(1.,1.000000000001,0.999999999995,1.00000000001,0.999999999988
      ,1.00000000001,0.999999999995,1.000000000001,1.)
    ,(1.,1.000000000001,0.999999999995,1.00000000001,0.999999999988
      ,1.00000000001,0.999999999995,1.000000000001,1.)
    ,(1.,1.000000000001,0.999999999995,1.00000000001,0.999999999988
      ,1.00000000001,0.999999999995,1.000000000001,1.)
    ,(1.,1.000000000001,0.999999999995,1.00000000001,0.999999999988
      ,1.00000000001,0.999999999995,1.000000000001,1.
))) REPRESENTATION_ITEM('') SURFACE() );
#718 = CARTESIAN_POINT('',(-6.,9.90201999594,24.));
#719 = CARTESIAN_POINT('',(-5.999999066179,9.902168144359,
    27.209474046994));
#720 = CARTESIAN_POINT('',(-5.895537958803,9.602760412859,
    30.418885316403));
#721 = CARTESIAN_POINT('',(-5.686599011343,9.10766811,33.60562839664));
#722 = CARTESIAN_POINT('',(-5.376832826309,8.501145954872,36.77166784655
    ));
#723 = CARTESIAN_POINT('',(-4.966257968136,7.885397287177,
    39.923022538157));
#724 = CARTESIAN_POINT('',(-4.454304050797,7.313506776843,
    43.069908892755));
#725 = CARTESIAN_POINT('',(-3.833906948636,6.971386504082,
    46.221773722086));
#726 = CARTESIAN_POINT('',(-3.111765789472,6.971370023173,
    49.349706326063));
#727 = CARTESIAN_POINT('',(-6.,10.059428168761,24.));
#728 = CARTESIAN_POINT('',(-5.999999066179,10.059564921125,
    27.209474046994));
#729 = CARTESIAN_POINT('',(-5.895537958803,9.783188553691,
    30.418885316403));
#730 = CARTESIAN_POINT('',(-5.686599011343,9.326180273892,33.60562839664
    ));
#731 = CARTESIAN_POINT('',(-5.376832826309,8.766313669506,36.77166784655
    ));
#732 = CARTESIAN_POINT('',(-4.966257968136,8.197930283592,
    39.923022538157));
#733 = CARTESIAN_POINT('',(-4.454304050797,7.670031351217,
    43.069908892755));
#734 = CARTESIAN_POINT('',(-3.833906948636,7.354228022407,
    46.221773722086));
#735 = CARTESIAN_POINT('',(-3.111765789472,7.354212809284,
    49.349706326063));
#736 = CARTESIAN_POINT('',(-6.,10.216836341583,24.));
#737 = CARTESIAN_POINT('',(-5.999999066179,10.216961697939,
    27.209474046994));
#738 = CARTESIAN_POINT('',(-5.895537958803,9.963616694357,
    30.418885316403));
#739 = CARTESIAN_POINT('',(-5.686599011343,9.544692438101,33.60562839664
    ));
#740 = CARTESIAN_POINT('',(-5.376832826309,9.031481383749,36.77166784655
    ));
#741 = CARTESIAN_POINT('',(-4.966257968136,8.510463280326,
    39.923022538157));
#742 = CARTESIAN_POINT('',(-4.454304050797,8.026555925422,
    43.069908892755));
#743 = CARTESIAN_POINT('',(-3.833906948636,7.73706954078,46.221773722086
    ));
#744 = CARTESIAN_POINT('',(-3.111765789472,7.737055595395,
    49.349706326063));
#745 = CARTESIAN_POINT('',(-6.,10.374244514404,24.));
#746 = CARTESIAN_POINT('',(-5.999999066179,10.374358474722,
    27.209474046994));
#747 = CARTESIAN_POINT('',(-5.895537958803,10.144044835125,
    30.418885316403));
#748 = CARTESIAN_POINT('',(-5.686599011343,9.763204602117,33.60562839664
    ));
#749 = CARTESIAN_POINT('',(-5.376832826309,9.296649098227,36.77166784655
    ));
#750 = CARTESIAN_POINT('',(-4.966257968136,8.822996276871,
    39.923022538157));
#751 = CARTESIAN_POINT('',(-4.454304050797,8.383080499726,
    43.069908892755));
#752 = CARTESIAN_POINT('',(-3.833906948636,8.119911059125,
    46.221773722086));
#753 = CARTESIAN_POINT('',(-3.111765789472,8.119898381506,
    49.349706326063));
#754 = CARTESIAN_POINT('',(-6.,10.531652687225,24.));
#755 = CARTESIAN_POINT('',(-5.999999066179,10.531755251504,
    27.209474046994));
#756 = CARTESIAN_POINT('',(-5.895537958803,10.324472975901,
    30.418885316403));
#757 = CARTESIAN_POINT('',(-5.686599011343,9.981716766115,33.60562839664
    ));
#758 = CARTESIAN_POINT('',(-5.376832826309,9.561816812732,36.77166784655
    ));
#759 = CARTESIAN_POINT('',(-4.966257968136,9.135529273391,
    39.923022538157));
#760 = CARTESIAN_POINT('',(-4.454304050797,8.739605074044,
    43.069908892755));
#761 = CARTESIAN_POINT('',(-3.833906948636,8.502752577466,
    46.221773722086));
#762 = CARTESIAN_POINT('',(-3.111765789472,8.502741167617,
    49.349706326063));
#763 = CARTESIAN_POINT('',(-6.,10.689060860047,24.));
#764 = CARTESIAN_POINT('',(-5.999999066179,10.689152028297,
    27.209474046994));
#765 = CARTESIAN_POINT('',(-5.895537958803,10.504901116637,
    30.418885316403));
#766 = CARTESIAN_POINT('',(-5.686599011343,10.200228930192,
    33.60562839664));
#767 = CARTESIAN_POINT('',(-5.376832826309,9.826984527134,36.77166784655
    ));
#768 = CARTESIAN_POINT('',(-4.966257968136,9.448062269998,
    39.923022538157));
#769 = CARTESIAN_POINT('',(-4.454304050797,9.096129648315,
    43.069908892755));
#770 = CARTESIAN_POINT('',(-3.833906948636,8.885594095821,
    46.221773722086));
#771 = CARTESIAN_POINT('',(-3.111765789472,8.885583953728,
    49.349706326063));
#772 = CARTESIAN_POINT('',(-6.,10.846469032868,24.));
#773 = CARTESIAN_POINT('',(-5.999999066179,10.846548805066,
    27.209474046994));
#774 = CARTESIAN_POINT('',(-5.895537958803,10.68532925746,
    30.418885316403));
#775 = CARTESIAN_POINT('',(-5.686599011343,10.418741094103,
    33.60562839664));
#776 = CARTESIAN_POINT('',(-5.376832826309,10.092152241743,
    36.77166784655));
#777 = CARTESIAN_POINT('',(-4.966257968136,9.760595266435,
    39.923022538157));
#778 = CARTESIAN_POINT('',(-4.454304050797,9.452654222676,
    43.069908892755));
#779 = CARTESIAN_POINT('',(-3.833906948636,9.268435614149,
    46.221773722086));
#780 = CARTESIAN_POINT('',(-3.111765789472,9.268426739839,
    49.349706326063));
#781 = CARTESIAN_POINT('',(-6.,11.003877205689,24.));
#782 = CARTESIAN_POINT('',(-5.999999066179,11.003945581853,
    27.209474046994));
#783 = CARTESIAN_POINT('',(-5.895537958803,10.865757398217,
    30.418885316403));
#784 = CARTESIAN_POINT('',(-5.686599011343,10.637253258135,
    33.60562839664));
#785 = CARTESIAN_POINT('',(-5.376832826309,10.357319956206,
    36.77166784655));
#786 = CARTESIAN_POINT('',(-4.966257968136,10.073128262987,
    39.923022538157));
#787 = CARTESIAN_POINT('',(-4.454304050797,9.809178796978,
    43.069908892755));
#788 = CARTESIAN_POINT('',(-3.833906948636,9.651277132495,
    46.221773722086));
#789 = CARTESIAN_POINT('',(-3.111765789472,9.65126952595,49.349706326063
    ));
#790 = CARTESIAN_POINT('',(-6.,11.16128537851,24.));
#791 = CARTESIAN_POINT('',(-5.999999066179,11.161342358668,
    27.209474046994));
#792 = CARTESIAN_POINT('',(-5.895537958803,11.046185538877,
    30.418885316403));
#793 = CARTESIAN_POINT('',(-5.686599011343,10.855765422355,
    33.60562839664));
#794 = CARTESIAN_POINT('',(-5.376832826309,10.622487670436,
    36.77166784655));
#795 = CARTESIAN_POINT('',(-4.966257968136,10.385661259732,
    39.923022538157));
#796 = CARTESIAN_POINT('',(-4.454304050797,10.165703371177,
    43.069908892755));
#797 = CARTESIAN_POINT('',(-3.833906948636,10.034118650869,
    46.221773722086));
#798 = CARTESIAN_POINT('',(-3.111765789472,10.034112312061,
    49.349706326063));
#799 = CARTESIAN_POINT('',(-6.,11.318693551332,24.));
#800 = CARTESIAN_POINT('',(-5.999999066179,11.318739135434,
    27.209474046994));
#801 = CARTESIAN_POINT('',(-5.895537958803,11.226613679707,
    30.418885316403));
#802 = CARTESIAN_POINT('',(-5.686599011343,11.07427758625,33.60562839664
    ));
#803 = CARTESIAN_POINT('',(-5.376832826309,10.887655385064,
    36.77166784655));
#804 = CARTESIAN_POINT('',(-4.966257968136,10.698194256152,
    39.923022538157));
#805 = CARTESIAN_POINT('',(-4.454304050797,10.522227945547,
    43.069908892755));
#806 = CARTESIAN_POINT('',(-3.833906948636,10.416960169195,
    46.221773722086));
#807 = CARTESIAN_POINT('',(-3.111765789472,10.416955098173,
    49.349706326063));
#808 = CARTESIAN_POINT('',(-6.,11.476101724153,24.));
#809 = CARTESIAN_POINT('',(-5.999999066179,11.476135912247,
    27.209474046994));
#810 = CARTESIAN_POINT('',(-5.895537958803,11.407041820373,
    30.418885316403));
#811 = CARTESIAN_POINT('',(-5.686599011343,11.292789750461,
    33.60562839664));
#812 = CARTESIAN_POINT('',(-5.376832826309,11.152823099305,
    36.77166784655));
#813 = CARTESIAN_POINT('',(-4.966257968136,11.01072725289,
    39.923022538157));
#814 = CARTESIAN_POINT('',(-4.454304050797,10.87875251975,
    43.069908892755));
#815 = CARTESIAN_POINT('',(-3.833906948636,10.799801687569,
    46.221773722086));
#816 = CARTESIAN_POINT('',(-3.111765789472,10.799797884284,
    49.349706326063));
#817 = CARTESIAN_POINT('',(-6.,11.633509896974,24.));
#818 = CARTESIAN_POINT('',(-5.999999066179,11.633532689057,
    27.209474046994));
#819 = CARTESIAN_POINT('',(-5.895537958803,11.587469961052,
    30.418885316403));
#820 = CARTESIAN_POINT('',(-5.686599011343,11.511301914641,
    33.60562839664));
#821 = CARTESIAN_POINT('',(-5.376832826309,11.41799081359,36.77166784655
    ));
#822 = CARTESIAN_POINT('',(-4.966257968136,11.323260249586,
    39.923022538157));
#823 = CARTESIAN_POINT('',(-4.454304050797,11.235277093977,
    43.069908892755));
#824 = CARTESIAN_POINT('',(-3.833906948636,11.182643205935,
    46.221773722086));
#825 = CARTESIAN_POINT('',(-3.111765789472,11.182640670395,
    49.349706326063));
#826 = CARTESIAN_POINT('',(-6.,11.790918069795,24.));
#827 = CARTESIAN_POINT('',(-5.999999066179,11.79092946583,
    27.209474046994));
#828 = CARTESIAN_POINT('',(-5.895537958803,11.767898101856,
    30.418885316403));
#829 = CARTESIAN_POINT('',(-5.686599011343,11.729814078586,
    33.60562839664));
#830 = CARTESIAN_POINT('',(-5.376832826309,11.683158528155,
    36.77166784655));
#831 = CARTESIAN_POINT('',(-4.966257968136,11.635793246059,
    39.923022538157));
#832 = CARTESIAN_POINT('',(-4.454304050797,11.591801668319,
    43.069908892755));
#833 = CARTESIAN_POINT('',(-3.833906948636,11.56548472427,
    46.221773722086));
#834 = CARTESIAN_POINT('',(-3.111765789472,11.565483456506,
    49.349706326063));
#835 = CARTESIAN_POINT('',(-6.,11.948326242617,24.));
#836 = CARTESIAN_POINT('',(-5.999999066179,11.948326242623,
    27.20947404696));
#837 = CARTESIAN_POINT('',(-5.895537958801,11.948326242595,
    30.418885316522));
#838 = CARTESIAN_POINT('',(-5.686599011346,11.948326242654,
    33.605628396416));
#839 = CARTESIAN_POINT('',(-5.376832826305,11.948326242574,
    36.771667846822));
#840 = CARTESIAN_POINT('',(-4.966257968139,11.948326242648,
    39.923022537936));
#841 = CARTESIAN_POINT('',(-4.454304050795,11.948326242602,
    43.069908892871));
#842 = CARTESIAN_POINT('',(-3.833906948636,11.948326242621,
    46.221773722053));
#843 = CARTESIAN_POINT('',(-3.111765789472,11.948326242617,
    49.349706326063));
#844 = DEFINITIONAL_REPRESENTATION('',(#845),#849);
#845 = LINE('',#846,#847);
#846 = CARTESIAN_POINT('',(1.,0.));
#847 = VECTOR('',#848,1.);
#848 = DIRECTION('',(0.,1.));
#849 = ( GEOMETRIC_REPRESENTATION_CONTEXT(2) 
PARAMETRIC_REPRESENTATION_CONTEXT() REPRESENTATION_CONTEXT('2D SPACE',''
  ) );
#850 = ADVANCED_FACE('',(#851),#717,.T.);
#851 = FACE_BOUND('',#852,.T.);
#852 = EDGE_LOOP('',(#853,#879,#880,#925,#975));
#853 = ORIENTED_EDGE('',*,*,#854,.T.);
#854 = EDGE_CURVE('',#855,#629,#857,.T.);
#855 = VERTEX_POINT('',#856);
#856 = CARTESIAN_POINT('',(-6.,9.90201999594,24.));
#857 = SURFACE_CURVE('',#858,(#862,#868),.PCURVE_S1.);
#858 = LINE('',#859,#860);
#859 = CARTESIAN_POINT('',(-6.,0.,24.));
#860 = VECTOR('',#861,1.);
#861 = DIRECTION('',(0.,1.,0.));
#862 = PCURVE('',#717,#863);
#863 = DEFINITIONAL_REPRESENTATION('',(#864),#867);
#864 = B_SPLINE_CURVE_WITH_KNOTS('',1,(#865,#866),.UNSPECIFIED.,.F.,.F.,
  (2,2),(9.90201999594,11.948326242617),.PIECEWISE_BEZIER_KNOTS.);
#865 = CARTESIAN_POINT('',(0.,0.));
#866 = CARTESIAN_POINT('',(1.,0.));
#867 = ( GEOMETRIC_REPRESENTATION_CONTEXT(2) 
PARAMETRIC_REPRESENTATION_CONTEXT() REPRESENTATION_CONTEXT('2D SPACE',''
  ) );
#868 = PCURVE('',#869,#874);
#869 = PLANE('',#870);
#870 = AXIS2_PLACEMENT_3D('',#871,#872,#873);
#871 = CARTESIAN_POINT('',(-6.,0.,-1.));
#872 = DIRECTION('',(1.,0.,0.));
#873 = DIRECTION('',(0.,0.,1.));
#874 = DEFINITIONAL_REPRESENTATION('',(#875),#878);
#875 = B_SPLINE_CURVE_WITH_KNOTS('',1,(#876,#877),.UNSPECIFIED.,.F.,.F.,
  (2,2),(0.,14.25),.PIECEWISE_BEZIER_KNOTS.);
#876 = CARTESIAN_POINT('',(25.,0.));
#877 = CARTESIAN_POINT('',(25.,-14.25));
#878 = ( GEOMETRIC_REPRESENTATION_CONTEXT(2) 
PARAMETRIC_REPRESENTATION_CONTEXT() REPRESENTATION_CONTEXT('2D SPACE',''
  ) );
#879 = ORIENTED_EDGE('',*,*,#697,.T.);
#880 = ORIENTED_EDGE('',*,*,#881,.F.);
#881 = EDGE_CURVE('',#882,#653,#884,.T.);
#882 = VERTEX_POINT('',#883);
#883 = CARTESIAN_POINT('',(-3.111765789472,8.674675786449,
    49.349706326063));
#884 = SURFACE_CURVE('',#885,(#900,#907),.PCURVE_S1.);
#885 = B_SPLINE_CURVE_WITH_KNOTS('',13,(#886,#887,#888,#889,#890,#891,
    #892,#893,#894,#895,#896,#897,#898,#899),.UNSPECIFIED.,.F.,.F.,(14,
    14),(0.,1.),.PIECEWISE_BEZIER_KNOTS.);
#886 = CARTESIAN_POINT('',(-3.111765789472,6.971370023173,
    49.349706326063));
#887 = CARTESIAN_POINT('',(-3.111765789472,7.354212809284,
    49.349706326063));
#888 = CARTESIAN_POINT('',(-3.111765789472,7.737055595395,
    49.349706326063));
#889 = CARTESIAN_POINT('',(-3.111765789472,8.119898381506,
    49.349706326063));
#890 = CARTESIAN_POINT('',(-3.111765789472,8.502741167617,
    49.349706326063));
#891 = CARTESIAN_POINT('',(-3.111765789472,8.885583953728,
    49.349706326063));
#892 = CARTESIAN_POINT('',(-3.111765789472,9.268426739839,
    49.349706326063));
#893 = CARTESIAN_POINT('',(-3.111765789472,9.65126952595,49.349706326063
    ));
#894 = CARTESIAN_POINT('',(-3.111765789472,10.034112312061,
    49.349706326063));
#895 = CARTESIAN_POINT('',(-3.111765789472,10.416955098173,
    49.349706326063));
#896 = CARTESIAN_POINT('',(-3.111765789472,10.799797884284,
    49.349706326063));
#897 = CARTESIAN_POINT('',(-3.111765789472,11.182640670395,
    49.349706326063));
#898 = CARTESIAN_POINT('',(-3.111765789472,11.565483456506,
    49.349706326063));
#899 = CARTESIAN_POINT('',(-3.111765789472,11.948326242617,
    49.349706326063));
#900 = PCURVE('',#717,#901);
#901 = DEFINITIONAL_REPRESENTATION('',(#902),#906);
#902 = LINE('',#903,#904);
#903 = CARTESIAN_POINT('',(0.,1.));
#904 = VECTOR('',#905,1.);
#905 = DIRECTION('',(1.,0.));
#906 = ( GEOMETRIC_REPRESENTATION_CONTEXT(2) 
PARAMETRIC_REPRESENTATION_CONTEXT() REPRESENTATION_CONTEXT('2D SPACE',''
  ) );
#907 = PCURVE('',#448,#908);
#908 = DEFINITIONAL_REPRESENTATION('',(#909),#924);
#909 = B_SPLINE_CURVE_WITH_KNOTS('',13,(#910,#911,#912,#913,#914,#915,
    #916,#917,#918,#919,#920,#921,#922,#923),.UNSPECIFIED.,.F.,.F.,(14,
    14),(0.,1.),.PIECEWISE_BEZIER_KNOTS.);
#910 = CARTESIAN_POINT('',(0.,0.));
#911 = CARTESIAN_POINT('',(-0.305104866934,0.231256608664));
#912 = CARTESIAN_POINT('',(-0.610209733867,0.462513217327));
#913 = CARTESIAN_POINT('',(-0.915314600801,0.693769825991));
#914 = CARTESIAN_POINT('',(-1.220419467735,0.925026434655));
#915 = CARTESIAN_POINT('',(-1.525524334669,1.156283043318));
#916 = CARTESIAN_POINT('',(-1.830629201602,1.387539651982));
#917 = CARTESIAN_POINT('',(-2.135734068536,1.618796260646));
#918 = CARTESIAN_POINT('',(-2.44083893547,1.850052869309));
#919 = CARTESIAN_POINT('',(-2.745943802403,2.081309477973));
#920 = CARTESIAN_POINT('',(-3.051048669337,2.312566086637));
#921 = CARTESIAN_POINT('',(-3.356153536271,2.5438226953));
#922 = CARTESIAN_POINT('',(-3.661258403204,2.775079303964));
#923 = CARTESIAN_POINT('',(-3.966363270138,3.006335912628));
#924 = ( GEOMETRIC_REPRESENTATION_CONTEXT(2) 
PARAMETRIC_REPRESENTATION_CONTEXT() REPRESENTATION_CONTEXT('2D SPACE',''
  ) );
#925 = ORIENTED_EDGE('',*,*,#926,.F.);
#926 = EDGE_CURVE('',#927,#882,#929,.T.);
#927 = VERTEX_POINT('',#928);
#928 = CARTESIAN_POINT('',(-3.111765789472,6.971370023173,
    49.349706326063));
#929 = SURFACE_CURVE('',#930,(#945,#952),.PCURVE_S1.);
#930 = B_SPLINE_CURVE_WITH_KNOTS('',13,(#931,#932,#933,#934,#935,#936,
    #937,#938,#939,#940,#941,#942,#943,#944),.UNSPECIFIED.,.F.,.F.,(14,
    14),(0.,1.),.PIECEWISE_BEZIER_KNOTS.);
#931 = CARTESIAN_POINT('',(-3.111765789472,6.971370023173,
    49.349706326063));
#932 = CARTESIAN_POINT('',(-3.111765789472,7.354212809284,
    49.349706326063));
#933 = CARTESIAN_POINT('',(-3.111765789472,7.737055595395,
    49.349706326063));
#934 = CARTESIAN_POINT('',(-3.111765789472,8.119898381506,
    49.349706326063));
#935 = CARTESIAN_POINT('',(-3.111765789472,8.502741167617,
    49.349706326063));
#936 = CARTESIAN_POINT('',(-3.111765789472,8.885583953728,
    49.349706326063));
#937 = CARTESIAN_POINT('',(-3.111765789472,9.268426739839,
    49.349706326063));
#938 = CARTESIAN_POINT('',(-3.111765789472,9.65126952595,49.349706326063
    ));
#939 = CARTESIAN_POINT('',(-3.111765789472,10.034112312061,
    49.349706326063));
#940 = CARTESIAN_POINT('',(-3.111765789472,10.416955098173,
    49.349706326063));
#941 = CARTESIAN_POINT('',(-3.111765789472,10.799797884284,
    49.349706326063));
#942 = CARTESIAN_POINT('',(-3.111765789472,11.182640670395,
    49.349706326063));
#943 = CARTESIAN_POINT('',(-3.111765789472,11.565483456506,
    49.349706326063));
#944 = CARTESIAN_POINT('',(-3.111765789472,11.948326242617,
    49.349706326063));
#945 = PCURVE('',#717,#946);
#946 = DEFINITIONAL_REPRESENTATION('',(#947),#951);
#947 = LINE('',#948,#949);
#948 = CARTESIAN_POINT('',(0.,1.));
#949 = VECTOR('',#950,1.);
#950 = DIRECTION('',(1.,0.));
#951 = ( GEOMETRIC_REPRESENTATION_CONTEXT(2) 
PARAMETRIC_REPRESENTATION_CONTEXT() REPRESENTATION_CONTEXT('2D SPACE',''
  ) );
#952 = PCURVE('',#953,#958);
#953 = PLANE('',#954);
#954 = AXIS2_PLACEMENT_3D('',#955,#956,#957);
#955 = CARTESIAN_POINT('',(-3.336716843816,0.,48.375336261278));
#956 = DIRECTION('',(0.974370064785,0.,-0.224951054344));
#957 = DIRECTION('',(0.224951054344,0.,0.974370064785));
#958 = DEFINITIONAL_REPRESENTATION('',(#959),#974);
#959 = B_SPLINE_CURVE_WITH_KNOTS('',13,(#960,#961,#962,#963,#964,#965,
    #966,#967,#968,#969,#970,#971,#972,#973),.UNSPECIFIED.,.F.,.F.,(14,
    14),(0.,1.),.PIECEWISE_BEZIER_KNOTS.);
#960 = CARTESIAN_POINT('',(1.,-6.971370023173));
#961 = CARTESIAN_POINT('',(1.,-7.354212809284));
#962 = CARTESIAN_POINT('',(1.,-7.737055595395));
#963 = CARTESIAN_POINT('',(1.,-8.119898381506));
#964 = CARTESIAN_POINT('',(1.,-8.502741167617));
#965 = CARTESIAN_POINT('',(1.,-8.885583953728));
#966 = CARTESIAN_POINT('',(1.,-9.268426739839));
#967 = CARTESIAN_POINT('',(1.,-9.65126952595));
#968 = CARTESIAN_POINT('',(1.,-10.03411231206));
#969 = CARTESIAN_POINT('',(1.,-10.41695509817));
#970 = CARTESIAN_POINT('',(1.,-10.79979788428));
#971 = CARTESIAN_POINT('',(1.,-11.18264067039));
#972 = CARTESIAN_POINT('',(1.,-11.5654834565));
#973 = CARTESIAN_POINT('',(1.,-11.94832624261));
#974 = ( GEOMETRIC_REPRESENTATION_CONTEXT(2) 
PARAMETRIC_REPRESENTATION_CONTEXT() REPRESENTATION_CONTEXT('2D SPACE',''
  ) );
#975 = ORIENTED_EDGE('',*,*,#976,.F.);
#976 = EDGE_CURVE('',#855,#927,#977,.T.);
#977 = SURFACE_CURVE('',#978,(#988,#995),.PCURVE_S1.);
#978 = ( BOUNDED_CURVE() B_SPLINE_CURVE(8,(#979,#980,#981,#982,#983,#984
,#985,#986,#987),.UNSPECIFIED.,.F.,.F.) B_SPLINE_CURVE_WITH_KNOTS((9,9),
(0.,1.),.PIECEWISE_BEZIER_KNOTS.) CURVE() GEOMETRIC_REPRESENTATION_ITEM(
) RATIONAL_B_SPLINE_CURVE((1.,1.000000000001,0.999999999995,
    1.00000000001,0.999999999988,1.00000000001,0.999999999995,
1.000000000001,1.)) REPRESENTATION_ITEM('') );
#979 = CARTESIAN_POINT('',(-6.,9.90201999594,24.));
#980 = CARTESIAN_POINT('',(-5.999999066179,9.902168144359,
    27.209474046994));
#981 = CARTESIAN_POINT('',(-5.895537958803,9.602760412859,
    30.418885316403));
#982 = CARTESIAN_POINT('',(-5.686599011343,9.10766811,33.60562839664));
#983 = CARTESIAN_POINT('',(-5.376832826309,8.501145954872,36.77166784655
    ));
#984 = CARTESIAN_POINT('',(-4.966257968136,7.885397287177,
    39.923022538157));
#985 = CARTESIAN_POINT('',(-4.454304050797,7.313506776843,
    43.069908892755));
#986 = CARTESIAN_POINT('',(-3.833906948636,6.971386504082,
    46.221773722086));
#987 = CARTESIAN_POINT('',(-3.111765789472,6.971370023173,
    49.349706326063));
#988 = PCURVE('',#717,#989);
#989 = DEFINITIONAL_REPRESENTATION('',(#990),#994);
#990 = LINE('',#991,#992);
#991 = CARTESIAN_POINT('',(0.,0.));
#992 = VECTOR('',#993,1.);
#993 = DIRECTION('',(0.,1.));
#994 = ( GEOMETRIC_REPRESENTATION_CONTEXT(2) 
PARAMETRIC_REPRESENTATION_CONTEXT() REPRESENTATION_CONTEXT('2D SPACE',''
  ) );
#995 = PCURVE('',#996,#1123);
#996 = ( BOUNDED_SURFACE() B_SPLINE_SURFACE(13,8,(
    (#997,#998,#999,#1000,#1001,#1002,#1003,#1004,#1005)
    ,(#1006,#1007,#1008,#1009,#1010,#1011,#1012,#1013,#1014)
    ,(#1015,#1016,#1017,#1018,#1019,#1020,#1021,#1022,#1023)
    ,(#1024,#1025,#1026,#1027,#1028,#1029,#1030,#1031,#1032)
    ,(#1033,#1034,#1035,#1036,#1037,#1038,#1039,#1040,#1041)
    ,(#1042,#1043,#1044,#1045,#1046,#1047,#1048,#1049,#1050)
    ,(#1051,#1052,#1053,#1054,#1055,#1056,#1057,#1058,#1059)
    ,(#1060,#1061,#1062,#1063,#1064,#1065,#1066,#1067,#1068)
    ,(#1069,#1070,#1071,#1072,#1073,#1074,#1075,#1076,#1077)
    ,(#1078,#1079,#1080,#1081,#1082,#1083,#1084,#1085,#1086)
    ,(#1087,#1088,#1089,#1090,#1091,#1092,#1093,#1094,#1095)
    ,(#1096,#1097,#1098,#1099,#1100,#1101,#1102,#1103,#1104)
    ,(#1105,#1106,#1107,#1108,#1109,#1110,#1111,#1112,#1113)
    ,(#1114,#1115,#1116,#1117,#1118,#1119,#1120,#1121,#1122
)),.UNSPECIFIED.,.F.,.F.,.F.) B_SPLINE_SURFACE_WITH_KNOTS((14,14),(9,9),
  (7.,8.),(0.,1.),.PIECEWISE_BEZIER_KNOTS.) 
GEOMETRIC_REPRESENTATION_ITEM() RATIONAL_B_SPLINE_SURFACE((
    (1.,1.000000000001,0.999999999995,1.00000000001,0.999999999988
      ,1.00000000001,0.999999999995,1.000000000001,1.)
    ,(1.,1.000000000001,0.999999999995,1.00000000001,0.999999999988
      ,1.00000000001,0.999999999995,1.000000000001,1.)
    ,(1.,1.000000000001,0.999999999995,1.00000000001,0.999999999988
      ,1.00000000001,0.999999999995,1.000000000001,1.)
    ,(1.,1.000000000001,0.999999999995,1.00000000001,0.999999999988
      ,1.00000000001,0.999999999995,1.000000000001,1.)
    ,(1.,1.000000000001,0.999999999995,1.00000000001,0.999999999988
      ,1.00000000001,0.999999999995,1.000000000001,1.)
    ,(1.,1.000000000001,0.999999999995,1.00000000001,0.999999999988
      ,1.00000000001,0.999999999995,1.000000000001,1.)
    ,(1.,1.000000000001,0.999999999995,1.00000000001,0.999999999988
      ,1.00000000001,0.999999999995,1.000000000001,1.)
    ,(1.,1.000000000001,0.999999999995,1.00000000001,0.999999999988
      ,1.00000000001,0.999999999995,1.000000000001,1.)
    ,(1.,1.000000000001,0.999999999995,1.00000000001,0.999999999988
      ,1.00000000001,0.999999999995,1.000000000001,1.)
    ,(1.,1.000000000001,0.999999999995,1.00000000001,0.999999999988
      ,1.00000000001,0.999999999995,1.000000000001,1.)
    ,(1.,1.000000000001,0.999999999995,1.00000000001,0.999999999988
      ,1.00000000001,0.999999999995,1.000000000001,1.)
    ,(1.,1.000000000001,0.999999999995,1.00000000001,0.999999999988
      ,1.00000000001,0.999999999995,1.000000000001,1.)
    ,(1.,1.000000000001,0.999999999995,1.00000000001,0.999999999988
      ,1.00000000001,0.999999999995,1.000000000001,1.)
    ,(1.,1.000000000001,0.999999999995,1.00000000001,0.999999999988
      ,1.00000000001,0.999999999995,1.000000000001,1.
))) REPRESENTATION_ITEM('') SURFACE() );
#997 = CARTESIAN_POINT('',(-6.267226890756,9.40275848354,24.));
#998 = CARTESIAN_POINT('',(-6.267226969255,9.402893156065,
    27.217087570221));
#999 = CARTESIAN_POINT('',(-6.155563134252,9.108186895456,
    30.434095283744));
#1000 = CARTESIAN_POINT('',(-5.934577685134,8.620607081401,
    33.627644533587));
#1001 = CARTESIAN_POINT('',(-5.608824798275,8.025468530293,
    36.799152051765));
#1002 = CARTESIAN_POINT('',(-5.180177798513,7.422460396015,
    39.95473204323));
#1003 = CARTESIAN_POINT('',(-4.649605343116,6.867742749922,
    43.10404619609));
#1004 = CARTESIAN_POINT('',(-4.017810248599,6.53566626604,
    46.258746174962));
#1005 = CARTESIAN_POINT('',(-3.294460176619,6.535659396725,
    49.391884648753));
#1006 = CARTESIAN_POINT('',(-6.229479345325,9.427918380203,24.));
#1007 = CARTESIAN_POINT('',(-6.229479228483,9.428054269027,
    27.216012034391));
#1008 = CARTESIAN_POINT('',(-6.118736243063,9.133510857016,
    30.431947093082));
#1009 = CARTESIAN_POINT('',(-5.899290273519,8.646230463922,
    33.624522756709));
#1010 = CARTESIAN_POINT('',(-5.575617151764,8.05132451778,36.79523316097
    ));
#1011 = CARTESIAN_POINT('',(-5.149352439722,7.448564312146,
    39.950172909692));
#1012 = CARTESIAN_POINT('',(-4.621327939309,6.893637693298,
    43.09910863725));
#1013 = CARTESIAN_POINT('',(-3.991092102291,6.561456296992,
    46.25337474343));
#1014 = CARTESIAN_POINT('',(-3.267917868747,6.561448755884,
    49.385756874146));
#1015 = CARTESIAN_POINT('',(-6.193792645989,9.456169966834,24.));
#1016 = CARTESIAN_POINT('',(-6.193792365248,9.456307025115,
    27.214995244455));
#1017 = CARTESIAN_POINT('',(-6.083952807605,9.161810455734,
    30.429916073619));
#1018 = CARTESIAN_POINT('',(-5.866017498569,8.674635297764,
    33.621575454617));
#1019 = CARTESIAN_POINT('',(-5.544371576833,8.079714352426,
    36.79154065848));
#1020 = CARTESIAN_POINT('',(-5.120418055061,7.476924190804,
    39.945890000091));
#1021 = CARTESIAN_POINT('',(-4.594831171751,6.921531604792,
    43.094480259553));
#1022 = CARTESIAN_POINT('',(-3.966087248376,6.589091320915,
    46.248347731933));
#1023 = CARTESIAN_POINT('',(-3.243077511115,6.589083071849,
    49.380022025713));
#1024 = CARTESIAN_POINT('',(-6.160442884786,9.487329379752,24.));
#1025 = CARTESIAN_POINT('',(-6.160442466418,9.487467565557,
    27.214045060489));
#1026 = CARTESIAN_POINT('',(-6.051474405138,9.192905760475,
    30.428017964971));
#1027 = CARTESIAN_POINT('',(-5.834996568939,8.705648295357,
    33.618824500515));
#1028 = CARTESIAN_POINT('',(-5.515295483625,8.110474321475,
    36.788100266724));
#1029 = CARTESIAN_POINT('',(-5.093550134474,7.507388729663,
    39.941910130713));
#1030 = CARTESIAN_POINT('',(-4.570264596151,6.951287231258,
    43.090187607915));
#1031 = CARTESIAN_POINT('',(-3.94292934042,6.618442344368,
    46.243692015745));
#1032 = CARTESIAN_POINT('',(-3.220071893052,6.618433362872,
    49.374710760285));
#1033 = CARTESIAN_POINT('',(-6.129688294843,9.521185238756,24.));
#1034 = CARTESIAN_POINT('',(-6.129687760942,9.521324514985,
    27.213168834026));
#1035 = CARTESIAN_POINT('',(-6.021545387054,9.226591147655,
    30.426267489117));
#1036 = CARTESIAN_POINT('',(-5.806448548111,8.739073513748,
    33.616290316946));
#1037 = CARTESIAN_POINT('',(-5.488581576235,8.143421646616,
    36.784935927637));
#1038 = CARTESIAN_POINT('',(-5.068911255869,7.539791174817,
    39.938258162118));
#1039 = CARTESIAN_POINT('',(-4.547766520293,6.982754512213,
    43.086255241533));
#1040 = CARTESIAN_POINT('',(-3.921741796486,6.649369194455,
    46.239432411998));
#1041 = CARTESIAN_POINT('',(-3.19902363562,6.649359465475,
    49.369851387165));
#1042 = CARTESIAN_POINT('',(-6.10176606188,9.557500931081,24.));
#1043 = CARTESIAN_POINT('',(-6.101765431278,9.557641265359,
    27.212373317111));
#1044 = CARTESIAN_POINT('',(-5.994389955892,9.262637458291,
    30.424678169239));
#1045 = CARTESIAN_POINT('',(-5.780575872775,8.774694299422,
    33.61399163315));
#1046 = CARTESIAN_POINT('',(-5.464405871343,8.178356166356,
    36.782069545012));
#1047 = CARTESIAN_POINT('',(-5.046649562017,7.573950715614,
    39.93495675894));
#1048 = CARTESIAN_POINT('',(-4.527462784494,7.015771751249,
    43.082705514961));
#1049 = CARTESIAN_POINT('',(-3.902636769276,6.681721553485,
    46.235591472292));
#1050 = CARTESIAN_POINT('',(-3.180044167989,6.681711069238,
    49.365469631804));
#1051 = CARTESIAN_POINT('',(-6.076889517756,9.596017099852,24.));
#1052 = CARTESIAN_POINT('',(-6.076888806696,9.596158464469,
    27.211664583232));
#1053 = CARTESIAN_POINT('',(-5.970209593753,9.30079433931,
    30.423262166756));
#1054 = CARTESIAN_POINT('',(-5.75756016863,8.812275384947,
    33.611945278425));
#1055 = CARTESIAN_POINT('',(-5.442925957725,8.215062133211,
    36.779520749249));
#1056 = CARTESIAN_POINT('',(-5.026897420694,7.60967396508,
    39.932026186072));
#1057 = CARTESIAN_POINT('',(-4.509465690693,7.050166853805,
    43.079558381795));
#1058 = CARTESIAN_POINT('',(-3.885714241237,6.715340048614,
    46.23218930164));
#1059 = CARTESIAN_POINT('',(-3.163232828202,6.715328806514,
    49.361588428197));
#1060 = CARTESIAN_POINT('',(-6.055245716077,9.636454337026,24.));
#1061 = CARTESIAN_POINT('',(-6.055244938811,9.63659670859,
    27.211047957448));
#1062 = CARTESIAN_POINT('',(-5.949180840843,9.340792770527,
    30.422030146121));
#1063 = CARTESIAN_POINT('',(-5.737560365979,8.851565134713,33.6101659929
    ));
#1064 = CARTESIAN_POINT('',(-5.424279493764,8.25331012904,
    36.777306707779));
#1065 = CARTESIAN_POINT('',(-5.009770270449,7.646756523266,
    39.929484121775));
#1066 = CARTESIAN_POINT('',(-4.493873078942,7.085758632709,
    43.076831231406));
#1067 = CARTESIAN_POINT('',(-3.871061245001,6.750057396037,
    46.229243400762));
#1068 = CARTESIAN_POINT('',(-3.148676088349,6.750045397097,
    49.358227739999));
#1069 = CARTESIAN_POINT('',(-6.036993389848,9.678516080827,24.));
#1070 = CARTESIAN_POINT('',(-6.03699255915,9.678659440236,
    27.210527958414));
#1071 = CARTESIAN_POINT('',(-5.931453424891,9.382347773994,
    30.420991157768));
#1072 = CARTESIAN_POINT('',(-5.72071111375,8.892297946061,
    33.608666274292));
#1073 = CARTESIAN_POINT('',(-5.408582944641,8.292859090824,
    36.775441958062));
#1074 = CARTESIAN_POINT('',(-4.995365650596,7.684984629761,
    39.927345506927));
#1075 = CARTESIAN_POINT('',(-4.480767552017,7.122358178215,
    43.074538748464));
#1076 = CARTESIAN_POINT('',(-3.858751208928,6.785699600684,
    46.226768534658));
#1077 = CARTESIAN_POINT('',(-3.136446904133,6.785686847819,
    49.35540441036));
#1078 = CARTESIAN_POINT('',(-6.022261291192,9.721891717674,24.));
#1079 = CARTESIAN_POINT('',(-6.022260418738,9.722036049804,
    27.210108251553));
#1080 = CARTESIAN_POINT('',(-5.917148741396,9.425161310001,
    30.420152541893));
#1081 = CARTESIAN_POINT('',(-5.707121492026,8.934196797673,
    33.607456255426));
#1082 = CARTESIAN_POINT('',(-5.395930559008,8.333458456814,
    36.773938269683));
#1083 = CARTESIAN_POINT('',(-4.983762415653,7.724136897314,
    39.925622424888));
#1084 = CARTESIAN_POINT('',(-4.470215848036,7.159770296748,
    43.072692798237));
#1085 = CARTESIAN_POINT('',(-3.848843427816,6.822087210211,
    46.224776626598));
#1086 = CARTESIAN_POINT('',(-3.126604188836,6.822073707101,
    49.353132040484));
#1087 = CARTESIAN_POINT('',(-6.011146913106,9.766259888598,24.));
#1088 = CARTESIAN_POINT('',(-6.011146009847,9.766405182269,
    27.209791612394));
#1089 = CARTESIAN_POINT('',(-5.9063586843,9.468925355579,30.419519856555
    ));
#1090 = CARTESIAN_POINT('',(-5.696874023801,8.976975953078,
    33.606543605866));
#1091 = CARTESIAN_POINT('',(-5.386393584428,8.374850423485,
    36.772804543718));
#1092 = CARTESIAN_POINT('',(-4.975020134718,7.76398613433,
    39.924324005393));
#1093 = CARTESIAN_POINT('',(-4.462268360836,7.197795014296,
    43.071302341103));
#1094 = CARTESIAN_POINT('',(-3.841382658818,6.859036624444,
    46.223276676564));
#1095 = CARTESIAN_POINT('',(-3.119192411688,6.85902237443,49.3514208969)
  );
#1096 = CARTESIAN_POINT('',(-6.003715593288,9.811292000158,24.));
#1097 = CARTESIAN_POINT('',(-6.003714669652,9.811438247895,
    27.209579900794));
#1098 = CARTESIAN_POINT('',(-5.89914482792,9.513325169223,
    30.419096827497));
#1099 = CARTESIAN_POINT('',(-5.690023984443,9.020343812253,
    33.605933462713));
#1100 = CARTESIAN_POINT('',(-5.3800197233,8.416772321822,36.772046743076
    ));
#1101 = CARTESIAN_POINT('',(-4.969178674469,7.804301249315,39.9234563576
    ));
#1102 = CARTESIAN_POINT('',(-4.456958808782,7.236229148083,
    43.070373373568));
#1103 = CARTESIAN_POINT('',(-3.836398842393,6.89636145924,
    46.222274704909));
#1104 = CARTESIAN_POINT('',(-3.114241320628,6.896346464792,
    49.350277847463));
#1105 = CARTESIAN_POINT('',(-6.,9.856655939836,24.));
#1106 = CARTESIAN_POINT('',(-5.999999066176,9.856803137899,
    27.209474046963));
#1107 = CARTESIAN_POINT('',(-5.895537958813,9.558042738466,
    30.418885316514));
#1108 = CARTESIAN_POINT('',(-5.686599011321,9.064005917672,
    33.605628396429));
#1109 = CARTESIAN_POINT('',(-5.376832826339,8.458959105225,
    36.77166784681));
#1110 = CARTESIAN_POINT('',(-4.966257968109,7.84484924354,
    39.923022537942));
#1111 = CARTESIAN_POINT('',(-4.454304050812,7.274867943221,
    43.06990889287));
#1112 = CARTESIAN_POINT('',(-3.833906948631,6.93387396571,
    46.221773722053));
#1113 = CARTESIAN_POINT('',(-3.111765789472,6.933858228033,
    49.349706326063));
#1114 = CARTESIAN_POINT('',(-6.,9.90201999594,24.));
#1115 = CARTESIAN_POINT('',(-5.999999066175,9.902168144344,
    27.209474046997));
#1116 = CARTESIAN_POINT('',(-5.895537958819,9.602760412914,
    30.418885316391));
#1117 = CARTESIAN_POINT('',(-5.686599011312,9.107668109895,
    33.605628396664));
#1118 = CARTESIAN_POINT('',(-5.376832826348,8.501145955,36.77166784652)
  );
#1119 = CARTESIAN_POINT('',(-4.966257968103,7.885397287073,
    39.923022538182));
#1120 = CARTESIAN_POINT('',(-4.454304050814,7.313506776898,
    43.069908892742));
#1121 = CARTESIAN_POINT('',(-3.833906948631,6.971386504067,
    46.22177372209));
#1122 = CARTESIAN_POINT('',(-3.111765789472,6.971370023173,
    49.349706326063));
#1123 = DEFINITIONAL_REPRESENTATION('',(#1124),#1128);
#1124 = LINE('',#1125,#1126);
#1125 = CARTESIAN_POINT('',(8.,0.));
#1126 = VECTOR('',#1127,1.);
#1127 = DIRECTION('',(0.,1.));
#1128 = ( GEOMETRIC_REPRESENTATION_CONTEXT(2) 
PARAMETRIC_REPRESENTATION_CONTEXT() REPRESENTATION_CONTEXT('2D SPACE',''
  ) );
#1129 = ADVANCED_FACE('',(#1130),#996,.T.);
#1130 = FACE_BOUND('',#1131,.T.);
#1131 = EDGE_LOOP('',(#1132,#1160,#1161,#1199));
#1132 = ORIENTED_EDGE('',*,*,#1133,.F.);
#1133 = EDGE_CURVE('',#855,#1134,#1136,.T.);
#1134 = VERTEX_POINT('',#1135);
#1135 = CARTESIAN_POINT('',(-6.267226890756,9.40275848354,24.));
#1136 = SURFACE_CURVE('',#1137,(#1142,#1148),.PCURVE_S1.);
#1137 = CIRCLE('',#1138,0.6);
#1138 = AXIS2_PLACEMENT_3D('',#1139,#1140,#1141);
#1139 = CARTESIAN_POINT('',(-6.6,9.90201999594,24.));
#1140 = DIRECTION('',(-0.,-0.,-1.));
#1141 = DIRECTION('',(0.,-1.,0.));
#1142 = PCURVE('',#996,#1143);
#1143 = DEFINITIONAL_REPRESENTATION('',(#1144),#1147);
#1144 = B_SPLINE_CURVE_WITH_KNOTS('',1,(#1145,#1146),.UNSPECIFIED.,.F.,
  .F.,(2,2),(4.712388980385,5.695276862636),.PIECEWISE_BEZIER_KNOTS.);
#1145 = CARTESIAN_POINT('',(8.,0.));
#1146 = CARTESIAN_POINT('',(7.,0.));
#1147 = ( GEOMETRIC_REPRESENTATION_CONTEXT(2) 
PARAMETRIC_REPRESENTATION_CONTEXT() REPRESENTATION_CONTEXT('2D SPACE',''
  ) );
#1148 = PCURVE('',#1149,#1154);
#1149 = CYLINDRICAL_SURFACE('',#1150,0.6);
#1150 = AXIS2_PLACEMENT_3D('',#1151,#1152,#1153);
#1151 = CARTESIAN_POINT('',(-6.6,9.90201999594,0.));
#1152 = DIRECTION('',(0.,0.,1.));
#1153 = DIRECTION('',(1.,0.,-0.));
#1154 = DEFINITIONAL_REPRESENTATION('',(#1155),#1159);
#1155 = LINE('',#1156,#1157);
#1156 = CARTESIAN_POINT('',(4.712388980385,24.));
#1157 = VECTOR('',#1158,1.);
#1158 = DIRECTION('',(-1.,0.));
#1159 = ( GEOMETRIC_REPRESENTATION_CONTEXT(2) 
PARAMETRIC_REPRESENTATION_CONTEXT() REPRESENTATION_CONTEXT('2D SPACE',''
  ) );
#1160 = ORIENTED_EDGE('',*,*,#976,.T.);
#1161 = ORIENTED_EDGE('',*,*,#1162,.F.);
#1162 = EDGE_CURVE('',#1163,#927,#1165,.T.);
#1163 = VERTEX_POINT('',#1164);
#1164 = CARTESIAN_POINT('',(-3.294460176619,6.535659396725,
    49.391884648753));
#1165 = SURFACE_CURVE('',#1166,(#1181,#1188),.PCURVE_S1.);
#1166 = B_SPLINE_CURVE_WITH_KNOTS('',13,(#1167,#1168,#1169,#1170,#1171,
    #1172,#1173,#1174,#1175,#1176,#1177,#1178,#1179,#1180),
  .UNSPECIFIED.,.F.,.F.,(14,14),(7.,8.),.PIECEWISE_BEZIER_KNOTS.);
#1167 = CARTESIAN_POINT('',(-3.294460176619,6.535659396725,
    49.391884648753));
#1168 = CARTESIAN_POINT('',(-3.267917868747,6.561448755884,
    49.385756874146));
#1169 = CARTESIAN_POINT('',(-3.243077511115,6.589083071849,
    49.380022025713));
#1170 = CARTESIAN_POINT('',(-3.220071893052,6.618433362872,
    49.374710760285));
#1171 = CARTESIAN_POINT('',(-3.19902363562,6.649359465475,
    49.369851387165));
#1172 = CARTESIAN_POINT('',(-3.180044167989,6.681711069238,
    49.365469631804));
#1173 = CARTESIAN_POINT('',(-3.163232828202,6.715328806514,
    49.361588428197));
#1174 = CARTESIAN_POINT('',(-3.148676088349,6.750045397097,
    49.358227739999));
#1175 = CARTESIAN_POINT('',(-3.136446904133,6.785686847819,
    49.35540441036));
#1176 = CARTESIAN_POINT('',(-3.126604188836,6.822073707101,
    49.353132040484));
#1177 = CARTESIAN_POINT('',(-3.119192411688,6.85902237443,49.3514208969)
  );
#1178 = CARTESIAN_POINT('',(-3.114241320628,6.896346464792,
    49.350277847463));
#1179 = CARTESIAN_POINT('',(-3.111765789472,6.933858228033,
    49.349706326063));
#1180 = CARTESIAN_POINT('',(-3.111765789472,6.971370023173,
    49.349706326063));
#1181 = PCURVE('',#996,#1182);
#1182 = DEFINITIONAL_REPRESENTATION('',(#1183),#1187);
#1183 = LINE('',#1184,#1185);
#1184 = CARTESIAN_POINT('',(0.,1.));
#1185 = VECTOR('',#1186,1.);
#1186 = DIRECTION('',(1.,0.));
#1187 = ( GEOMETRIC_REPRESENTATION_CONTEXT(2) 
PARAMETRIC_REPRESENTATION_CONTEXT() REPRESENTATION_CONTEXT('2D SPACE',''
  ) );
#1188 = PCURVE('',#1189,#1194);
#1189 = CYLINDRICAL_SURFACE('',#1190,0.6);
#1190 = AXIS2_PLACEMENT_3D('',#1191,#1192,#1193);
#1191 = CARTESIAN_POINT('',(-3.696387828343,6.971370023173,
    49.48467695867));
#1192 = DIRECTION('',(0.224951054344,0.,0.974370064785));
#1193 = DIRECTION('',(0.974370064785,0.,-0.224951054344));
#1194 = DEFINITIONAL_REPRESENTATION('',(#1195),#1198);
#1195 = B_SPLINE_CURVE_WITH_KNOTS('',1,(#1196,#1197),.UNSPECIFIED.,.F.,
  .F.,(2,2),(7.,8.),.PIECEWISE_BEZIER_KNOTS.);
#1196 = CARTESIAN_POINT('',(-0.812755561369,0.));
#1197 = CARTESIAN_POINT('',(0.,0.));
#1198 = ( GEOMETRIC_REPRESENTATION_CONTEXT(2) 
PARAMETRIC_REPRESENTATION_CONTEXT() REPRESENTATION_CONTEXT('2D SPACE',''
  ) );
#1199 = ORIENTED_EDGE('',*,*,#1200,.F.);
#1200 = EDGE_CURVE('',#1134,#1163,#1201,.T.);
#1201 = SURFACE_CURVE('',#1202,(#1212,#1219),.PCURVE_S1.);
#1202 = ( BOUNDED_CURVE() B_SPLINE_CURVE(8,(#1203,#1204,#1205,#1206,
    #1207,#1208,#1209,#1210,#1211),.UNSPECIFIED.,.F.,.F.) 
B_SPLINE_CURVE_WITH_KNOTS((9,9),(0.,1.),.PIECEWISE_BEZIER_KNOTS.) CURVE(
) GEOMETRIC_REPRESENTATION_ITEM() RATIONAL_B_SPLINE_CURVE((1.,
    1.000000000001,0.999999999995,1.00000000001,0.999999999988,
1.00000000001,0.999999999995,1.000000000001,1.)) REPRESENTATION_ITEM(''
  ) );
#1203 = CARTESIAN_POINT('',(-6.267226890756,9.40275848354,24.));
#1204 = CARTESIAN_POINT('',(-6.267226969255,9.402893156065,
    27.217087570221));
#1205 = CARTESIAN_POINT('',(-6.155563134252,9.108186895456,
    30.434095283744));
#1206 = CARTESIAN_POINT('',(-5.934577685134,8.620607081401,
    33.627644533587));
#1207 = CARTESIAN_POINT('',(-5.608824798275,8.025468530293,
    36.799152051765));
#1208 = CARTESIAN_POINT('',(-5.180177798513,7.422460396015,
    39.95473204323));
#1209 = CARTESIAN_POINT('',(-4.649605343116,6.867742749922,
    43.10404619609));
#1210 = CARTESIAN_POINT('',(-4.017810248599,6.53566626604,
    46.258746174962));
#1211 = CARTESIAN_POINT('',(-3.294460176619,6.535659396725,
    49.391884648753));
#1212 = PCURVE('',#996,#1213);
#1213 = DEFINITIONAL_REPRESENTATION('',(#1214),#1218);
#1214 = LINE('',#1215,#1216);
#1215 = CARTESIAN_POINT('',(7.,0.));
#1216 = VECTOR('',#1217,1.);
#1217 = DIRECTION('',(0.,1.));
#1218 = ( GEOMETRIC_REPRESENTATION_CONTEXT(2) 
PARAMETRIC_REPRESENTATION_CONTEXT() REPRESENTATION_CONTEXT('2D SPACE',''
  ) );
#1219 = PCURVE('',#1220,#1347);
#1220 = ( BOUNDED_SURFACE() B_SPLINE_SURFACE(13,8,(
    (#1221,#1222,#1223,#1224,#1225,#1226,#1227,#1228,#1229)
    ,(#1230,#1231,#1232,#1233,#1234,#1235,#1236,#1237,#1238)
    ,(#1239,#1240,#1241,#1242,#1243,#1244,#1245,#1246,#1247)
    ,(#1248,#1249,#1250,#1251,#1252,#1253,#1254,#1255,#1256)
    ,(#1257,#1258,#1259,#1260,#1261,#1262,#1263,#1264,#1265)
    ,(#1266,#1267,#1268,#1269,#1270,#1271,#1272,#1273,#1274)
    ,(#1275,#1276,#1277,#1278,#1279,#1280,#1281,#1282,#1283)
    ,(#1284,#1285,#1286,#1287,#1288,#1289,#1290,#1291,#1292)
    ,(#1293,#1294,#1295,#1296,#1297,#1298,#1299,#1300,#1301)
    ,(#1302,#1303,#1304,#1305,#1306,#1307,#1308,#1309,#1310)
    ,(#1311,#1312,#1313,#1314,#1315,#1316,#1317,#1318,#1319)
    ,(#1320,#1321,#1322,#1323,#1324,#1325,#1326,#1327,#1328)
    ,(#1329,#1330,#1331,#1332,#1333,#1334,#1335,#1336,#1337)
    ,(#1338,#1339,#1340,#1341,#1342,#1343,#1344,#1345,#1346
)),.UNSPECIFIED.,.F.,.F.,.F.) B_SPLINE_SURFACE_WITH_KNOTS((14,14),(9,9),
  (6.,7.),(0.,1.),.PIECEWISE_BEZIER_KNOTS.) 
GEOMETRIC_REPRESENTATION_ITEM() RATIONAL_B_SPLINE_SURFACE((
    (1.,1.000000000001,0.999999999995,1.00000000001,0.999999999988
      ,1.00000000001,0.999999999995,1.000000000001,1.)
    ,(1.,1.000000000001,0.999999999995,1.00000000001,0.999999999988
      ,1.00000000001,0.999999999995,1.000000000001,1.)
    ,(1.,1.000000000001,0.999999999995,1.00000000001,0.999999999988
      ,1.00000000001,0.999999999995,1.000000000001,1.)
    ,(1.,1.000000000001,0.999999999995,1.00000000001,0.999999999988
      ,1.00000000001,0.999999999995,1.000000000001,1.)
    ,(1.,1.000000000001,0.999999999995,1.00000000001,0.999999999988
      ,1.00000000001,0.999999999995,1.000000000001,1.)
    ,(1.,1.000000000001,0.999999999995,1.00000000001,0.999999999988
      ,1.00000000001,0.999999999995,1.000000000001,1.)
    ,(1.,1.000000000001,0.999999999995,1.00000000001,0.999999999988
      ,1.00000000001,0.999999999995,1.000000000001,1.)
    ,(1.,1.000000000001,0.999999999995,1.00000000001,0.999999999988
      ,1.00000000001,0.999999999995,1.000000000001,1.)
    ,(1.,1.000000000001,0.999999999995,1.00000000001,0.999999999988
      ,1.00000000001,0.999999999995,1.000000000001,1.)
    ,(1.,1.000000000001,0.999999999995,1.00000000001,0.999999999988
      ,1.00000000001,0.999999999995,1.000000000001,1.)
    ,(1.,1.000000000001,0.999999999995,1.00000000001,0.999999999988
      ,1.00000000001,0.999999999995,1.000000000001,1.)
    ,(1.,1.000000000001,0.999999999995,1.00000000001,0.999999999988
      ,1.00000000001,0.999999999995,1.000000000001,1.)
    ,(1.,1.000000000001,0.999999999995,1.00000000001,0.999999999988
      ,1.00000000001,0.999999999995,1.000000000001,1.)
    ,(1.,1.000000000001,0.999999999995,1.00000000001,0.999999999988
      ,1.00000000001,0.999999999995,1.000000000001,1.
))) REPRESENTATION_ITEM('') SURFACE() );
#1221 = CARTESIAN_POINT('',(6.267226890756,9.40275848354,24.));
#1222 = CARTESIAN_POINT('',(6.267228737449,9.402893156058,
    26.860093453945));
#1223 = CARTESIAN_POINT('',(6.35336337358,9.108186895481,29.720147895021
    ));
#1224 = CARTESIAN_POINT('',(6.528006550176,8.620607081353,
    32.560738285886));
#1225 = CARTESIAN_POINT('',(6.788799980393,8.025468530353,
    35.384167816826));
#1226 = CARTESIAN_POINT('',(7.13758183665,7.422460395966,38.195719089459
    ));
#1227 = CARTESIAN_POINT('',(7.576400810017,6.867742749948,
    41.005075349099));
#1228 = CARTESIAN_POINT('',(8.119335730905,6.535666266033,
    43.818472587943));
#1229 = CARTESIAN_POINT('',(8.763369375098,6.535659396725,
    46.608115351247));
#1230 = CARTESIAN_POINT('',(9.961330869354,6.940524891936,
    23.999999999994));
#1231 = CARTESIAN_POINT('',(9.961370835352,6.940640697559,
    26.754866646135));
#1232 = CARTESIAN_POINT('',(9.908239409175,6.662182938092,
    29.509796158978));
#1233 = CARTESIAN_POINT('',(9.850735253074,6.201211941548,
    32.261147086878));
#1234 = CARTESIAN_POINT('',(9.831171144753,5.642703589596,
    35.019309872785));
#1235 = CARTESIAN_POINT('',(9.896718456032,5.08042547837,37.785667864689
    ));
#1236 = CARTESIAN_POINT('',(10.082856008343,4.571627271688,
    40.56647670905));
#1237 = CARTESIAN_POINT('',(10.46989638606,4.266691627174,
    43.345891681327));
#1238 = CARTESIAN_POINT('',(11.098572148917,4.266701349338,
    46.068991310948));
#1239 = CARTESIAN_POINT('',(12.607473777891,2.906027880862,
    24.000000000026));
#1240 = CARTESIAN_POINT('',(12.607512886355,2.906110568587,
    26.679498022687));
#1241 = CARTESIAN_POINT('',(12.42886197059,2.710276620233,
    29.359090492734));
#1242 = CARTESIAN_POINT('',(12.161625517544,2.386105566974,
    32.04956040799));
#1243 = CARTESIAN_POINT('',(11.893071733514,1.995511712753,
    34.768058629454));
#1244 = CARTESIAN_POINT('',(11.709479664817,1.605149915649,37.5128129893
    ));
#1245 = CARTESIAN_POINT('',(11.680942078037,1.255406651626,
    40.284932516507));
#1246 = CARTESIAN_POINT('',(11.936363184668,1.045645490012,
    43.051054577416));
#1247 = CARTESIAN_POINT('',(12.555511185504,1.04566174006,
    45.732630430972));
#1248 = CARTESIAN_POINT('',(13.475643062901,-2.214147658146,
    23.999999999928));
#1249 = CARTESIAN_POINT('',(13.475918793256,-2.214107934571,
    26.654741090442));
#1250 = CARTESIAN_POINT('',(13.219626003902,-2.269462580627,
    29.309754116854));
#1251 = CARTESIAN_POINT('',(12.827487669247,-2.36072240293,
    31.983947701603));
#1252 = CARTESIAN_POINT('',(12.405740253399,-2.470768322709,
    34.699843144572));
#1253 = CARTESIAN_POINT('',(12.081380502068,-2.578683057313,
    37.451541772882));
#1254 = CARTESIAN_POINT('',(11.929484262838,-2.677591011666,
    40.238034189099));
#1255 = CARTESIAN_POINT('',(12.11447599066,-2.736837006843,
    43.015267901739));
#1256 = CARTESIAN_POINT('',(12.732177706034,-2.736829806349,
    45.691843750993));
#1257 = CARTESIAN_POINT('',(12.084347536555,-7.560637579461,
    24.000000000141));
#1258 = CARTESIAN_POINT('',(12.083815325304,-7.560643474865,
    26.694478711481));
#1259 = CARTESIAN_POINT('',(11.833354265164,-7.445978079197,
    29.38857989138));
#1260 = CARTESIAN_POINT('',(11.435632482927,-7.25519378042,
    32.103350388555));
#1261 = CARTESIAN_POINT('',(11.03676740287,-7.028902584561,
    34.856004303451));
#1262 = CARTESIAN_POINT('',(10.708773312342,-6.801596544954,
    37.647962607145));
#1263 = CARTESIAN_POINT('',(10.586197570001,-6.609242728667,
    40.469095908837));
#1264 = CARTESIAN_POINT('',(10.780361314015,-6.493453960805,
    43.283420059724));
#1265 = CARTESIAN_POINT('',(11.407881881744,-6.49346979025,
    45.997581532383));
#1266 = CARTESIAN_POINT('',(8.412145817557,-12.04201010664,
    23.999999999787));
#1267 = CARTESIAN_POINT('',(8.413453850235,-12.0420548941,
    26.798824397157));
#1268 = CARTESIAN_POINT('',(8.245803796027,-11.77196601119,
    29.598648273407));
#1269 = CARTESIAN_POINT('',(8.022798761798,-11.32328221591,
    32.404472166259));
#1270 = CARTESIAN_POINT('',(7.77457117769,-10.79145890199,35.23990230089
    ));
#1271 = CARTESIAN_POINT('',(7.671347980175,-10.26180432074,
    38.091920992368));
#1272 = CARTESIAN_POINT('',(7.689588176292,-9.810390709552,
    40.971165209069));
#1273 = CARTESIAN_POINT('',(8.002136614017,-9.538774442701,
    43.842176701166));
#1274 = CARTESIAN_POINT('',(8.645282466142,-9.538817904259,
    46.635377862354));
#1275 = CARTESIAN_POINT('',(3.019403916673,-14.61184767687,
    24.000000000253));
#1276 = CARTESIAN_POINT('',(3.017669547136,-14.61191509026,
    26.952825994795));
#1277 = CARTESIAN_POINT('',(3.028568625425,-14.24821348494,
    29.904276207495));
#1278 = CARTESIAN_POINT('',(3.045260426449,-13.64417483048,
    32.849242999625));
#1279 = CARTESIAN_POINT('',(3.179674741893,-12.92907190955,
    35.783912513708));
#1280 = CARTESIAN_POINT('',(3.342950533162,-12.21892033618,
    38.72721964002));
#1281 = CARTESIAN_POINT('',(3.688072964399,-11.61415931227,
    41.667751359095));
#1282 = CARTESIAN_POINT('',(4.161077596777,-11.25025324257,
    44.614148890906));
#1283 = CARTESIAN_POINT('',(4.833374159781,-11.2503155676,
    47.515426237727));
#1284 = CARTESIAN_POINT('',(-3.019403916674,-14.61184767674,
    23.999999999762));
#1285 = CARTESIAN_POINT('',(-3.017667778924,-14.61191509304,
    27.124355029255));
#1286 = CARTESIAN_POINT('',(-2.830768386098,-14.24821347426,
    30.249966971823));
#1287 = CARTESIAN_POINT('',(-2.451831561549,-13.64417485345,
    33.339139818381));
#1288 = CARTESIAN_POINT('',(-1.999699559427,-12.92907188,36.399407357189
    ));
#1289 = CARTESIAN_POINT('',(-1.385546495448,-12.21892035976,
    39.423231490711));
#1290 = CARTESIAN_POINT('',(-0.761277497227,-11.61415930042,
    42.441370186951));
#1291 = CARTESIAN_POINT('',(-5.955211457265E-02,-11.25025324581,
    45.463069871728));
#1292 = CARTESIAN_POINT('',(0.635535038695,-11.25031556759,
    48.484573762241));
#1293 = CARTESIAN_POINT('',(-8.412145817555,-12.04201010674,
    24.00000000018));
#1294 = CARTESIAN_POINT('',(-8.413452082049,-12.04205489185,
    27.278356627373));
#1295 = CARTESIAN_POINT('',(-8.048003556818,-11.77196601982,
    30.555594903731));
#1296 = CARTESIAN_POINT('',(-7.429369896189,-11.3232821973,
    33.783910657317));
#1297 = CARTESIAN_POINT('',(-6.59459599668,-10.79145892601,
    36.943417561431));
#1298 = CARTESIAN_POINT('',(-5.713943940802,-10.26180430149,
    40.058530145652));
#1299 = CARTESIAN_POINT('',(-4.762792710152,-9.810390719263,
    43.137956333722));
#1300 = CARTESIAN_POINT('',(-3.900611131437,-9.538774440037,
    46.235042062493));
#1301 = CARTESIAN_POINT('',(-3.176373267658,-9.538817904259,
    49.364622137723));
#1302 = CARTESIAN_POINT('',(-12.08434753655,-7.560637579397,
    23.999999999892));
#1303 = CARTESIAN_POINT('',(-12.08381355709,-7.560643476293,
    27.382702312525));
#1304 = CARTESIAN_POINT('',(-11.63555402573,-7.445978073683,
    30.765663288283));
#1305 = CARTESIAN_POINT('',(-10.84220361843,-7.25519379238,
    34.085032428191));
#1306 = CARTESIAN_POINT('',(-9.856792219642,-7.028902569035,
    37.327315569747));
#1307 = CARTESIAN_POINT('',(-8.751369275462,-6.801596557471,
    40.502488521588));
#1308 = CARTESIAN_POINT('',(-7.659402102322,-6.609242722318,
    43.640025637981));
#1309 = CARTESIAN_POINT('',(-6.678835831993,-6.493453962556,
    46.79379870264));
#1310 = CARTESIAN_POINT('',(-5.93897268327,-6.493469790252,
    50.002418467535));
#1311 = CARTESIAN_POINT('',(-13.4756430629,-2.214147658177,
    24.000000000051));
#1312 = CARTESIAN_POINT('',(-13.47591702505,-2.214107933854,
    27.422439934024));
#1313 = CARTESIAN_POINT('',(-13.0218257647,-2.269462583404,
    30.844489060634));
#1314 = CARTESIAN_POINT('',(-12.23405880371,-2.360722396878,
    34.204435120985));
#1315 = CARTESIAN_POINT('',(-11.22576507219,-2.470768330611,
    37.483476719349));
#1316 = CARTESIAN_POINT('',(-10.12397646294,-2.578683050894,
    40.698909363752));
#1317 = CARTESIAN_POINT('',(-9.002688796535,-2.677591014942,
    43.871087354333));
#1318 = CARTESIAN_POINT('',(-8.012950508141,-2.736837005935,
    47.061950861722));
#1319 = CARTESIAN_POINT('',(-7.263268507551,-2.736829806347,
    50.308156249062));
#1320 = CARTESIAN_POINT('',(-12.60747377789,2.906027880873,
    23.999999999982));
#1321 = CARTESIAN_POINT('',(-12.60751111817,2.906110568323,
    27.397683001426));
#1322 = CARTESIAN_POINT('',(-12.23106173119,2.710276621257,
    30.795152686309));
#1323 = CARTESIAN_POINT('',(-11.56819665275,2.386105564734,
    34.138822410665));
#1324 = CARTESIAN_POINT('',(-10.71309655094,1.995511715694,
    37.415261240499));
#1325 = CARTESIAN_POINT('',(-9.752075627159,1.605149913244,
    40.637638142236));
#1326 = CARTESIAN_POINT('',(-8.754146610849,1.25540665286,
    43.824189029131));
#1327 = CARTESIAN_POINT('',(-7.834837702464,1.045645489668,
    47.026164185335));
#1328 = CARTESIAN_POINT('',(-7.086601987026,1.045661740059,
    50.267369569003));
#1329 = CARTESIAN_POINT('',(-9.961330869354,6.940524891934,
    24.000000000004));
#1330 = CARTESIAN_POINT('',(-9.961369067156,6.940640697621,
    27.322314378106));
#1331 = CARTESIAN_POINT('',(-9.710439169863,6.662182937857,
    30.644447019493));
#1332 = CARTESIAN_POINT('',(-9.257306387972,6.201211942062,
    33.927235733242));
#1333 = CARTESIAN_POINT('',(-8.651195962748,5.642703588921,
    37.164009994902));
#1334 = CARTESIAN_POINT('',(-7.939314417771,5.080425478925,
    40.364783268764));
#1335 = CARTESIAN_POINT('',(-7.156060541516,4.571627271402,
    43.542644835772));
#1336 = CARTESIAN_POINT('',(-6.368370903728,4.266691627254,
    46.731327081691));
#1337 = CARTESIAN_POINT('',(-5.629662950438,4.266701349338,
    49.931008689058));
#1338 = CARTESIAN_POINT('',(-6.267226890756,9.40275848354,24.));
#1339 = CARTESIAN_POINT('',(-6.267226969255,9.402893156065,
    27.217087570221));
#1340 = CARTESIAN_POINT('',(-6.155563134252,9.108186895456,
    30.434095283744));
#1341 = CARTESIAN_POINT('',(-5.934577685134,8.620607081401,
    33.627644533587));
#1342 = CARTESIAN_POINT('',(-5.608824798275,8.025468530293,
    36.799152051765));
#1343 = CARTESIAN_POINT('',(-5.180177798513,7.422460396015,
    39.95473204323));
#1344 = CARTESIAN_POINT('',(-4.649605343116,6.867742749922,
    43.10404619609));
#1345 = CARTESIAN_POINT('',(-4.017810248599,6.53566626604,
    46.258746174962));
#1346 = CARTESIAN_POINT('',(-3.294460176619,6.535659396725,
    49.391884648753));
#1347 = DEFINITIONAL_REPRESENTATION('',(#1348),#1352);
#1348 = LINE('',#1349,#1350);
#1349 = CARTESIAN_POINT('',(7.,0.));
#1350 = VECTOR('',#1351,1.);
#1351 = DIRECTION('',(0.,1.));
#1352 = ( GEOMETRIC_REPRESENTATION_CONTEXT(2) 
PARAMETRIC_REPRESENTATION_CONTEXT() REPRESENTATION_CONTEXT('2D SPACE',''
  ) );
#1353 = ADVANCED_FACE('',(#1354),#1220,.T.);
#1354 = FACE_BOUND('',#1355,.T.);
#1355 = EDGE_LOOP('',(#1356,#1384,#1385,#1423));
#1356 = ORIENTED_EDGE('',*,*,#1357,.T.);
#1357 = EDGE_CURVE('',#1358,#1134,#1360,.T.);
#1358 = VERTEX_POINT('',#1359);
#1359 = CARTESIAN_POINT('',(6.267226890756,9.40275848354,24.));
#1360 = SURFACE_CURVE('',#1361,(#1366,#1372),.PCURVE_S1.);
#1361 = CIRCLE('',#1362,11.3);
#1362 = AXIS2_PLACEMENT_3D('',#1363,#1364,#1365);
#1363 = CARTESIAN_POINT('',(0.,0.,24.));
#1364 = DIRECTION('',(0.,0.,-1.));
#1365 = DIRECTION('',(0.530973451327,0.847388455188,0.));
#1366 = PCURVE('',#1220,#1367);
#1367 = DEFINITIONAL_REPRESENTATION('',(#1368),#1371);
#1368 = B_SPLINE_CURVE_WITH_KNOTS('',1,(#1369,#1370),.UNSPECIFIED.,.F.,
  .F.,(2,2),(2.815952576995E-02,5.135527943862),
  .PIECEWISE_BEZIER_KNOTS.);
#1369 = CARTESIAN_POINT('',(6.,0.));
#1370 = CARTESIAN_POINT('',(7.,0.));
#1371 = ( GEOMETRIC_REPRESENTATION_CONTEXT(2) 
PARAMETRIC_REPRESENTATION_CONTEXT() REPRESENTATION_CONTEXT('2D SPACE',''
  ) );
#1372 = PCURVE('',#1373,#1378);
#1373 = CYLINDRICAL_SURFACE('',#1374,11.3);
#1374 = AXIS2_PLACEMENT_3D('',#1375,#1376,#1377);
#1375 = CARTESIAN_POINT('',(0.,0.,-1.));
#1376 = DIRECTION('',(0.,0.,1.));
#1377 = DIRECTION('',(1.,0.,-0.));
#1378 = DEFINITIONAL_REPRESENTATION('',(#1379),#1383);
#1379 = LINE('',#1380,#1381);
#1380 = CARTESIAN_POINT('',(7.294232715201,25.));
#1381 = VECTOR('',#1382,1.);
#1382 = DIRECTION('',(-1.,-0.));
#1383 = ( GEOMETRIC_REPRESENTATION_CONTEXT(2) 
PARAMETRIC_REPRESENTATION_CONTEXT() REPRESENTATION_CONTEXT('2D SPACE',''
  ) );
#1384 = ORIENTED_EDGE('',*,*,#1200,.T.);
#1385 = ORIENTED_EDGE('',*,*,#1386,.F.);
#1386 = EDGE_CURVE('',#1387,#1163,#1389,.T.);
#1387 = VERTEX_POINT('',#1388);
#1388 = CARTESIAN_POINT('',(8.763369375098,6.535659396725,
    46.608115351247));
#1389 = SURFACE_CURVE('',#1390,(#1405,#1412),.PCURVE_S1.);
#1390 = B_SPLINE_CURVE_WITH_KNOTS('',13,(#1391,#1392,#1393,#1394,#1395,
    #1396,#1397,#1398,#1399,#1400,#1401,#1402,#1403,#1404),
  .UNSPECIFIED.,.F.,.F.,(14,14),(6.,7.),.PIECEWISE_BEZIER_KNOTS.);
#1391 = CARTESIAN_POINT('',(8.763369375098,6.535659396725,
    46.608115351247));
#1392 = CARTESIAN_POINT('',(11.098572148917,4.266701349338,
    46.068991310948));
#1393 = CARTESIAN_POINT('',(12.555511185504,1.04566174006,
    45.732630430972));
#1394 = CARTESIAN_POINT('',(12.732177706034,-2.736829806349,
    45.691843750993));
#1395 = CARTESIAN_POINT('',(11.407881881744,-6.49346979025,
    45.997581532383));
#1396 = CARTESIAN_POINT('',(8.645282466142,-9.538817904259,
    46.635377862354));
#1397 = CARTESIAN_POINT('',(4.833374159781,-11.2503155676,
    47.515426237727));
#1398 = CARTESIAN_POINT('',(0.635535038695,-11.25031556759,
    48.484573762241));
#1399 = CARTESIAN_POINT('',(-3.176373267658,-9.538817904259,
    49.364622137723));
#1400 = CARTESIAN_POINT('',(-5.93897268327,-6.493469790252,
    50.002418467535));
#1401 = CARTESIAN_POINT('',(-7.263268507551,-2.736829806347,
    50.308156249062));
#1402 = CARTESIAN_POINT('',(-7.086601987026,1.045661740059,
    50.267369569003));
#1403 = CARTESIAN_POINT('',(-5.629662950438,4.266701349338,
    49.931008689058));
#1404 = CARTESIAN_POINT('',(-3.294460176619,6.535659396725,
    49.391884648753));
#1405 = PCURVE('',#1220,#1406);
#1406 = DEFINITIONAL_REPRESENTATION('',(#1407),#1411);
#1407 = LINE('',#1408,#1409);
#1408 = CARTESIAN_POINT('',(0.,1.));
#1409 = VECTOR('',#1410,1.);
#1410 = DIRECTION('',(1.,0.));
#1411 = ( GEOMETRIC_REPRESENTATION_CONTEXT(2) 
PARAMETRIC_REPRESENTATION_CONTEXT() REPRESENTATION_CONTEXT('2D SPACE',''
  ) );
#1412 = PCURVE('',#1413,#1418);
#1413 = CYLINDRICAL_SURFACE('',#1414,9.);
#1414 = AXIS2_PLACEMENT_3D('',#1415,#1416,#1417);
#1415 = CARTESIAN_POINT('',(2.509503544896,0.,47.025629935215));
#1416 = DIRECTION('',(0.224951054344,0.,0.974370064785));
#1417 = DIRECTION('',(0.974370064785,0.,-0.224951054344));
#1418 = DEFINITIONAL_REPRESENTATION('',(#1419),#1422);
#1419 = B_SPLINE_CURVE_WITH_KNOTS('',1,(#1420,#1421),.UNSPECIFIED.,.F.,
  .F.,(2,2),(6.,7.),.PIECEWISE_BEZIER_KNOTS.);
#1420 = CARTESIAN_POINT('',(7.095940868548,1.));
#1421 = CARTESIAN_POINT('',(2.328837092221,1.));
#1422 = ( GEOMETRIC_REPRESENTATION_CONTEXT(2) 
PARAMETRIC_REPRESENTATION_CONTEXT() REPRESENTATION_CONTEXT('2D SPACE',''
  ) );
#1423 = ORIENTED_EDGE('',*,*,#1424,.F.);
#1424 = EDGE_CURVE('',#1358,#1387,#1425,.T.);
#1425 = SURFACE_CURVE('',#1426,(#1436,#1443),.PCURVE_S1.);
#1426 = ( BOUNDED_CURVE() B_SPLINE_CURVE(8,(#1427,#1428,#1429,#1430,
    #1431,#1432,#1433,#1434,#1435),.UNSPECIFIED.,.F.,.F.) 
B_SPLINE_CURVE_WITH_KNOTS((9,9),(0.,1.),.PIECEWISE_BEZIER_KNOTS.) CURVE(
) GEOMETRIC_REPRESENTATION_ITEM() RATIONAL_B_SPLINE_CURVE((1.,
    1.000000000001,0.999999999995,1.00000000001,0.999999999988,
1.00000000001,0.999999999995,1.000000000001,1.)) REPRESENTATION_ITEM(''
  ) );
#1427 = CARTESIAN_POINT('',(6.267226890756,9.40275848354,24.));
#1428 = CARTESIAN_POINT('',(6.267228737449,9.402893156058,
    26.860093453945));
#1429 = CARTESIAN_POINT('',(6.35336337358,9.108186895481,29.720147895021
    ));
#1430 = CARTESIAN_POINT('',(6.528006550176,8.620607081353,
    32.560738285886));
#1431 = CARTESIAN_POINT('',(6.788799980393,8.025468530353,
    35.384167816826));
#1432 = CARTESIAN_POINT('',(7.13758183665,7.422460395966,38.195719089459
    ));
#1433 = CARTESIAN_POINT('',(7.576400810017,6.867742749948,
    41.005075349099));
#1434 = CARTESIAN_POINT('',(8.119335730905,6.535666266033,
    43.818472587943));
#1435 = CARTESIAN_POINT('',(8.763369375098,6.535659396725,
    46.608115351247));
#1436 = PCURVE('',#1220,#1437);
#1437 = DEFINITIONAL_REPRESENTATION('',(#1438),#1442);
#1438 = LINE('',#1439,#1440);
#1439 = CARTESIAN_POINT('',(6.,0.));
#1440 = VECTOR('',#1441,1.);
#1441 = DIRECTION('',(0.,1.));
#1442 = ( GEOMETRIC_REPRESENTATION_CONTEXT(2) 
PARAMETRIC_REPRESENTATION_CONTEXT() REPRESENTATION_CONTEXT('2D SPACE',''
  ) );
#1443 = PCURVE('',#1444,#1571);
#1444 = ( BOUNDED_SURFACE() B_SPLINE_SURFACE(13,8,(
    (#1445,#1446,#1447,#1448,#1449,#1450,#1451,#1452,#1453)
    ,(#1454,#1455,#1456,#1457,#1458,#1459,#1460,#1461,#1462)
    ,(#1463,#1464,#1465,#1466,#1467,#1468,#1469,#1470,#1471)
    ,(#1472,#1473,#1474,#1475,#1476,#1477,#1478,#1479,#1480)
    ,(#1481,#1482,#1483,#1484,#1485,#1486,#1487,#1488,#1489)
    ,(#1490,#1491,#1492,#1493,#1494,#1495,#1496,#1497,#1498)
    ,(#1499,#1500,#1501,#1502,#1503,#1504,#1505,#1506,#1507)
    ,(#1508,#1509,#1510,#1511,#1512,#1513,#1514,#1515,#1516)
    ,(#1517,#1518,#1519,#1520,#1521,#1522,#1523,#1524,#1525)
    ,(#1526,#1527,#1528,#1529,#1530,#1531,#1532,#1533,#1534)
    ,(#1535,#1536,#1537,#1538,#1539,#1540,#1541,#1542,#1543)
    ,(#1544,#1545,#1546,#1547,#1548,#1549,#1550,#1551,#1552)
    ,(#1553,#1554,#1555,#1556,#1557,#1558,#1559,#1560,#1561)
    ,(#1562,#1563,#1564,#1565,#1566,#1567,#1568,#1569,#1570
)),.UNSPECIFIED.,.F.,.F.,.F.) B_SPLINE_SURFACE_WITH_KNOTS((14,14),(9,9),
  (5.,6.),(0.,1.),.PIECEWISE_BEZIER_KNOTS.) 
GEOMETRIC_REPRESENTATION_ITEM() RATIONAL_B_SPLINE_SURFACE((
    (1.,1.000000000001,0.999999999995,1.00000000001,0.999999999988
      ,1.00000000001,0.999999999995,1.000000000001,1.)
    ,(1.,1.000000000001,0.999999999995,1.00000000001,0.999999999988
      ,1.00000000001,0.999999999995,1.000000000001,1.)
    ,(1.,1.000000000001,0.999999999995,1.00000000001,0.999999999988
      ,1.00000000001,0.999999999995,1.000000000001,1.)
    ,(1.,1.000000000001,0.999999999995,1.00000000001,0.999999999988
      ,1.00000000001,0.999999999995,1.000000000001,1.)
    ,(1.,1.000000000001,0.999999999995,1.00000000001,0.999999999988
      ,1.00000000001,0.999999999995,1.000000000001,1.)
    ,(1.,1.000000000001,0.999999999995,1.00000000001,0.999999999988
      ,1.00000000001,0.999999999995,1.000000000001,1.)
    ,(1.,1.000000000001,0.999999999995,1.00000000001,0.999999999988
      ,1.00000000001,0.999999999995,1.000000000001,1.)
    ,(1.,1.000000000001,0.999999999995,1.00000000001,0.999999999988
      ,1.00000000001,0.999999999995,1.000000000001,1.)
    ,(1.,1.000000000001,0.999999999995,1.00000000001,0.999999999988
      ,1.00000000001,0.999999999995,1.000000000001,1.)
    ,(1.,1.000000000001,0.999999999995,1.00000000001,0.999999999988
      ,1.00000000001,0.999999999995,1.000000000001,1.)
    ,(1.,1.000000000001,0.999999999995,1.00000000001,0.999999999988
      ,1.00000000001,0.999999999995,1.000000000001,1.)
    ,(1.,1.000000000001,0.999999999995,1.00000000001,0.999999999988
      ,1.00000000001,0.999999999995,1.000000000001,1.)
    ,(1.,1.000000000001,0.999999999995,1.00000000001,0.999999999988
      ,1.00000000001,0.999999999995,1.000000000001,1.)
    ,(1.,1.000000000001,0.999999999995,1.00000000001,0.999999999988
      ,1.00000000001,0.999999999995,1.000000000001,1.
))) REPRESENTATION_ITEM('') SURFACE() );
#1445 = CARTESIAN_POINT('',(6.,9.90201999594,24.));
#1446 = CARTESIAN_POINT('',(6.000000834374,9.902168144368,
    26.867706977266));
#1447 = CARTESIAN_POINT('',(6.093338198128,9.60276041283,29.735357862027
    ));
#1448 = CARTESIAN_POINT('',(6.280027876387,9.107668110056,
    32.582754423481));
#1449 = CARTESIAN_POINT('',(6.556808008427,8.501145954803,
    35.411652021235));
#1450 = CARTESIAN_POINT('',(6.923662006272,7.885397287233,
    38.227428595201));
#1451 = CARTESIAN_POINT('',(7.381099517699,7.313506776814,
    41.039212652077));
#1452 = CARTESIAN_POINT('',(7.935432430941,6.97138650409,43.855445040921
    ));
#1453 = CARTESIAN_POINT('',(8.580674987951,6.971370023173,
    46.650293673937));
#1454 = CARTESIAN_POINT('',(6.,9.856655939836,24.));
#1455 = CARTESIAN_POINT('',(6.000000834369,9.856803137916,
    26.867706977232));
#1456 = CARTESIAN_POINT('',(6.093338198144,9.558042738408,
    29.735357862149));
#1457 = CARTESIAN_POINT('',(6.280027876356,9.064005917782,
    32.582754423245));
#1458 = CARTESIAN_POINT('',(6.556808008464,8.45895910509,35.411652021529
    ));
#1459 = CARTESIAN_POINT('',(6.923662006242,7.844849243651,
    38.227428594958));
#1460 = CARTESIAN_POINT('',(7.381099517715,7.274867943163,
    41.039212652206));
#1461 = CARTESIAN_POINT('',(7.935432430936,6.933873965727,
    43.855445040884));
#1462 = CARTESIAN_POINT('',(8.580674987951,6.933858228033,
    46.650293673937));
#1463 = CARTESIAN_POINT('',(6.003715593288,9.811292000158,24.));
#1464 = CARTESIAN_POINT('',(6.003716437832,9.811438247901,
    26.867601123324));
#1465 = CARTESIAN_POINT('',(6.096945067299,9.513325169203,
    29.735146351435));
#1466 = CARTESIAN_POINT('',(6.283452849385,9.020343812292,
    32.582449356451));
#1467 = CARTESIAN_POINT('',(6.559994905544,8.416772321773,
    35.411273125881));
#1468 = CARTESIAN_POINT('',(6.926582712502,7.804301249356,
    38.226994774801));
#1469 = CARTESIAN_POINT('',(7.383754275739,7.236229148061,
    41.038748171767));
#1470 = CARTESIAN_POINT('',(7.937924324682,6.896361459247,
    43.854944057955));
#1471 = CARTESIAN_POINT('',(8.583150519107,6.896346464792,
    46.649722152537));
#1472 = CARTESIAN_POINT('',(6.011146913106,9.766259888598,24.));
#1473 = CARTESIAN_POINT('',(6.011147778048,9.766405182261,
    26.867389411891));
#1474 = CARTESIAN_POINT('',(6.104158923604,9.468925355607,
    29.734723321789));
#1475 = CARTESIAN_POINT('',(6.290302888888,8.976975953025,
    32.581839214414));
#1476 = CARTESIAN_POINT('',(6.566368766491,8.374850423551,
    35.410515323876));
#1477 = CARTESIAN_POINT('',(6.932424172902,7.763986134275,
    38.226127128118));
#1478 = CARTESIAN_POINT('',(7.389063827713,7.197795014325,41.03781920365
    ));
#1479 = CARTESIAN_POINT('',(7.94290814113,6.859036624436,43.853942086465
    ));
#1480 = CARTESIAN_POINT('',(8.588101610167,6.85902237443,46.6485791031)
  );
#1481 = CARTESIAN_POINT('',(6.022261291192,9.721891717674,24.));
#1482 = CARTESIAN_POINT('',(6.022262186945,9.722036049796,
    26.867072772663));
#1483 = CARTESIAN_POINT('',(6.114948980681,9.425161310028,
    29.734090636695));
#1484 = CARTESIAN_POINT('',(6.300550357149,8.934196797622,
    32.580926564391));
#1485 = CARTESIAN_POINT('',(6.575905741029,8.333458456876,35.40938159848
    ));
#1486 = CARTESIAN_POINT('',(6.941166453869,7.724136897264,
    38.224828708157));
#1487 = CARTESIAN_POINT('',(7.397011314897,7.159770296774,
    41.036428746762));
#1488 = CARTESIAN_POINT('',(7.950368910133,6.822087210204,
    43.852442136362));
#1489 = CARTESIAN_POINT('',(8.595513387315,6.822073707101,
    46.646867959516));
#1490 = CARTESIAN_POINT('',(6.036993389848,9.678516080827,24.));
#1491 = CARTESIAN_POINT('',(6.036994327362,9.678659440222,
    26.866653065771));
#1492 = CARTESIAN_POINT('',(6.129253664155,9.382347774043,
    29.733252020929));
#1493 = CARTESIAN_POINT('',(6.314139978913,8.892297945968,
    32.579716545318));
#1494 = CARTESIAN_POINT('',(6.588558126612,8.292859090938,35.40787791035
    ));
#1495 = CARTESIAN_POINT('',(6.952769688854,7.684984629669,
    38.223105625918));
#1496 = CARTESIAN_POINT('',(7.407563018855,7.122358178264,
    41.034582796639));
#1497 = CARTESIAN_POINT('',(7.960276691252,6.78569960067,43.850450228273
    ));
#1498 = CARTESIAN_POINT('',(8.605356102611,6.785686847819,46.64459558964
    ));
#1499 = CARTESIAN_POINT('',(6.055245716077,9.636454337026,24.));
#1500 = CARTESIAN_POINT('',(6.055246707017,9.636596708585,
    26.866133066816));
#1501 = CARTESIAN_POINT('',(6.146981080129,9.340792770543,
    29.732213032294));
#1502 = CARTESIAN_POINT('',(6.330989231099,8.851565134682,
    32.578216827249));
#1503 = CARTESIAN_POINT('',(6.60425467579,8.253310129078,35.406013159973
    ));
#1504 = CARTESIAN_POINT('',(6.96717430866,7.646756523235,38.220967011609
    ));
#1505 = CARTESIAN_POINT('',(7.420668545805,7.085758632726,
    41.032290313413));
#1506 = CARTESIAN_POINT('',(7.972586727317,6.750057396032,
    43.847975362249));
#1507 = CARTESIAN_POINT('',(8.617585286828,6.750045397097,
    46.641772260001));
#1508 = CARTESIAN_POINT('',(6.076889517756,9.596017099852,24.));
#1509 = CARTESIAN_POINT('',(6.07689057489,9.596158464463,26.865516440996
    ));
#1510 = CARTESIAN_POINT('',(6.168009833079,9.300794339332,
    29.730981011786));
#1511 = CARTESIAN_POINT('',(6.350989033678,8.812275384904,32.57643754148
    ));
#1512 = CARTESIAN_POINT('',(6.622901139832,8.215062133263,
    35.403799118803));
#1513 = CARTESIAN_POINT('',(6.984301458843,7.609673965038,
    38.218424947067));
#1514 = CARTESIAN_POINT('',(7.436261157587,7.050166853827,
    41.029563163152));
#1515 = CARTESIAN_POINT('',(7.987239723545,6.715340048608,
    43.845029461335));
#1516 = CARTESIAN_POINT('',(8.632142026681,6.715328806514,
    46.638411571803));
#1517 = CARTESIAN_POINT('',(6.10176606188,9.557500931081,24.));
#1518 = CARTESIAN_POINT('',(6.101767199467,9.557641265364,
    26.864807707133));
#1519 = CARTESIAN_POINT('',(6.192190195241,9.262637458275,29.72956500925
    ));
#1520 = CARTESIAN_POINT('',(6.374004737779,8.774694299451,32.57439118685
    ));
#1521 = CARTESIAN_POINT('',(6.644381053507,8.178356166322,35.40125032293
    ));
#1522 = CARTESIAN_POINT('',(7.004053600119,7.57395071564,38.215494374281
    ));
#1523 = CARTESIAN_POINT('',(7.454258251414,7.015771751236,
    41.026416029946));
#1524 = CARTESIAN_POINT('',(8.004162251576,6.681721553489,
    43.841627290693));
#1525 = CARTESIAN_POINT('',(8.648953366468,6.681711069238,
    46.634530368196));
#1526 = CARTESIAN_POINT('',(6.129688294843,9.521185238756,24.));
#1527 = CARTESIAN_POINT('',(6.129689529151,9.521324514986,
    26.864012190348));
#1528 = CARTESIAN_POINT('',(6.219345626328,9.226591147651,
    29.727975688914));
#1529 = CARTESIAN_POINT('',(6.399877413255,8.739073513755,
    32.572092503933));
#1530 = CARTESIAN_POINT('',(6.668556758228,8.14342164661,35.398383939219
    ));
#1531 = CARTESIAN_POINT('',(7.02631529411,7.53979117482,38.212192971999)
  );
#1532 = CARTESIAN_POINT('',(7.47456198714,6.982754512212,41.022866302898
    ));
#1533 = CARTESIAN_POINT('',(8.023267278807,6.649369194455,
    43.837786351123));
#1534 = CARTESIAN_POINT('',(8.667932834099,6.649359465475,
    46.630148612835));
#1535 = CARTESIAN_POINT('',(6.160442884786,9.487329379752,24.));
#1536 = CARTESIAN_POINT('',(6.160444234608,9.487467565573,26.86313596368
    ));
#1537 = CARTESIAN_POINT('',(6.24927464448,9.192905760418,29.726225213786
    ));
#1538 = CARTESIAN_POINT('',(6.428425433953,8.705648295466,
    32.569558318969));
#1539 = CARTESIAN_POINT('',(6.695270665776,8.110474321343,
    35.395219601859));
#1540 = CARTESIAN_POINT('',(7.050954172585,7.507388729769,
    38.208541001978));
#1541 = CARTESIAN_POINT('',(7.497060063065,6.951287231203,
    41.018933937274));
#1542 = CARTESIAN_POINT('',(8.044454822722,6.618442344384,43.83352674716
    ));
#1543 = CARTESIAN_POINT('',(8.688981091531,6.618433362872,
    46.625289239715));
#1544 = CARTESIAN_POINT('',(6.193792645989,9.456169966834,24.));
#1545 = CARTESIAN_POINT('',(6.193794133447,9.456307025135,
    26.862185779716));
#1546 = CARTESIAN_POINT('',(6.281753046915,9.161810455661,
    29.724327105124));
#1547 = CARTESIAN_POINT('',(6.459446363646,8.674635297903,
    32.566807364909));
#1548 = CARTESIAN_POINT('',(6.724346758907,8.079714352255,
    35.391779210032));
#1549 = CARTESIAN_POINT('',(7.077822093237,7.476924190944,
    38.204561132675));
#1550 = CARTESIAN_POINT('',(7.521626638632,6.921531604718,
    41.014641285589));
#1551 = CARTESIAN_POINT('',(8.067612730687,6.589091320936,
    43.828871030987));
#1552 = CARTESIAN_POINT('',(8.711986709594,6.589083071849,
    46.619977974287));
#1553 = CARTESIAN_POINT('',(6.229479345325,9.427918380203,24.));
#1554 = CARTESIAN_POINT('',(6.229480996681,9.428054269035,26.86116898983
    ));
#1555 = CARTESIAN_POINT('',(6.316536482378,9.13351085699,29.722296085485
    ));
#1556 = CARTESIAN_POINT('',(6.492719138584,8.646230463972,
    32.563860063158));
#1557 = CARTESIAN_POINT('',(6.755592333856,8.051324517718,
    35.388086707121));
#1558 = CARTESIAN_POINT('',(7.106756477881,7.448564312196,
    38.200278223419));
#1559 = CARTESIAN_POINT('',(7.5481234062,6.893637693272,41.010012907711)
  );
#1560 = CARTESIAN_POINT('',(8.092617584599,6.561456297,43.823844019541)
  );
#1561 = CARTESIAN_POINT('',(8.736827067226,6.561448755884,
    46.614243125854));
#1562 = CARTESIAN_POINT('',(6.267226890756,9.40275848354,24.));
#1563 = CARTESIAN_POINT('',(6.267228737449,9.402893156058,
    26.860093453945));
#1564 = CARTESIAN_POINT('',(6.35336337358,9.108186895481,29.720147895021
    ));
#1565 = CARTESIAN_POINT('',(6.528006550176,8.620607081353,
    32.560738285886));
#1566 = CARTESIAN_POINT('',(6.788799980393,8.025468530353,
    35.384167816826));
#1567 = CARTESIAN_POINT('',(7.13758183665,7.422460395966,38.195719089459
    ));
#1568 = CARTESIAN_POINT('',(7.576400810017,6.867742749948,
    41.005075349099));
#1569 = CARTESIAN_POINT('',(8.119335730905,6.535666266033,
    43.818472587943));
#1570 = CARTESIAN_POINT('',(8.763369375098,6.535659396725,
    46.608115351247));
#1571 = DEFINITIONAL_REPRESENTATION('',(#1572),#1576);
#1572 = LINE('',#1573,#1574);
#1573 = CARTESIAN_POINT('',(6.,0.));
#1574 = VECTOR('',#1575,1.);
#1575 = DIRECTION('',(0.,1.));
#1576 = ( GEOMETRIC_REPRESENTATION_CONTEXT(2) 
PARAMETRIC_REPRESENTATION_CONTEXT() REPRESENTATION_CONTEXT('2D SPACE',''
  ) );
#1577 = ADVANCED_FACE('',(#1578),#1444,.T.);
#1578 = FACE_BOUND('',#1579,.T.);
#1579 = EDGE_LOOP('',(#1580,#1608,#1609,#1647));
#1580 = ORIENTED_EDGE('',*,*,#1581,.F.);
#1581 = EDGE_CURVE('',#1358,#1582,#1584,.T.);
#1582 = VERTEX_POINT('',#1583);
#1583 = CARTESIAN_POINT('',(6.,9.90201999594,24.));
#1584 = SURFACE_CURVE('',#1585,(#1590,#1596),.PCURVE_S1.);
#1585 = CIRCLE('',#1586,0.6);
#1586 = AXIS2_PLACEMENT_3D('',#1587,#1588,#1589);
#1587 = CARTESIAN_POINT('',(6.6,9.90201999594,24.));
#1588 = DIRECTION('',(-0.,-0.,-1.));
#1589 = DIRECTION('',(0.,-1.,0.));
#1590 = PCURVE('',#1444,#1591);
#1591 = DEFINITIONAL_REPRESENTATION('',(#1592),#1595);
#1592 = B_SPLINE_CURVE_WITH_KNOTS('',1,(#1593,#1594),.UNSPECIFIED.,.F.,
  .F.,(2,2),(0.587908444544,1.570796326795),.PIECEWISE_BEZIER_KNOTS.);
#1593 = CARTESIAN_POINT('',(6.,0.));
#1594 = CARTESIAN_POINT('',(5.,0.));
#1595 = ( GEOMETRIC_REPRESENTATION_CONTEXT(2) 
PARAMETRIC_REPRESENTATION_CONTEXT() REPRESENTATION_CONTEXT('2D SPACE',''
  ) );
#1596 = PCURVE('',#1597,#1602);
#1597 = CYLINDRICAL_SURFACE('',#1598,0.6);
#1598 = AXIS2_PLACEMENT_3D('',#1599,#1600,#1601);
#1599 = CARTESIAN_POINT('',(6.6,9.90201999594,0.));
#1600 = DIRECTION('',(0.,0.,1.));
#1601 = DIRECTION('',(-0.55462184874,-0.832102520667,0.));
#1602 = DEFINITIONAL_REPRESENTATION('',(#1603),#1607);
#1603 = LINE('',#1604,#1605);
#1604 = CARTESIAN_POINT('',(0.587908444544,24.));
#1605 = VECTOR('',#1606,1.);
#1606 = DIRECTION('',(-1.,0.));
#1607 = ( GEOMETRIC_REPRESENTATION_CONTEXT(2) 
PARAMETRIC_REPRESENTATION_CONTEXT() REPRESENTATION_CONTEXT('2D SPACE',''
  ) );
#1608 = ORIENTED_EDGE('',*,*,#1424,.T.);
#1609 = ORIENTED_EDGE('',*,*,#1610,.F.);
#1610 = EDGE_CURVE('',#1611,#1387,#1613,.T.);
#1611 = VERTEX_POINT('',#1612);
#1612 = CARTESIAN_POINT('',(8.580674987951,6.971370023173,
    46.650293673937));
#1613 = SURFACE_CURVE('',#1614,(#1629,#1636),.PCURVE_S1.);
#1614 = B_SPLINE_CURVE_WITH_KNOTS('',13,(#1615,#1616,#1617,#1618,#1619,
    #1620,#1621,#1622,#1623,#1624,#1625,#1626,#1627,#1628),
  .UNSPECIFIED.,.F.,.F.,(14,14),(5.,6.),.PIECEWISE_BEZIER_KNOTS.);
#1615 = CARTESIAN_POINT('',(8.580674987951,6.971370023173,
    46.650293673937));
#1616 = CARTESIAN_POINT('',(8.580674987951,6.933858228033,
    46.650293673937));
#1617 = CARTESIAN_POINT('',(8.583150519107,6.896346464792,
    46.649722152537));
#1618 = CARTESIAN_POINT('',(8.588101610167,6.85902237443,46.6485791031)
  );
#1619 = CARTESIAN_POINT('',(8.595513387315,6.822073707101,
    46.646867959516));
#1620 = CARTESIAN_POINT('',(8.605356102611,6.785686847819,46.64459558964
    ));
#1621 = CARTESIAN_POINT('',(8.617585286828,6.750045397097,
    46.641772260001));
#1622 = CARTESIAN_POINT('',(8.632142026681,6.715328806514,
    46.638411571803));
#1623 = CARTESIAN_POINT('',(8.648953366468,6.681711069238,
    46.634530368196));
#1624 = CARTESIAN_POINT('',(8.667932834099,6.649359465475,
    46.630148612835));
#1625 = CARTESIAN_POINT('',(8.688981091531,6.618433362872,
    46.625289239715));
#1626 = CARTESIAN_POINT('',(8.711986709594,6.589083071849,
    46.619977974287));
#1627 = CARTESIAN_POINT('',(8.736827067226,6.561448755884,
    46.614243125854));
#1628 = CARTESIAN_POINT('',(8.763369375098,6.535659396725,
    46.608115351247));
#1629 = PCURVE('',#1444,#1630);
#1630 = DEFINITIONAL_REPRESENTATION('',(#1631),#1635);
#1631 = LINE('',#1632,#1633);
#1632 = CARTESIAN_POINT('',(0.,1.));
#1633 = VECTOR('',#1634,1.);
#1634 = DIRECTION('',(1.,0.));
#1635 = ( GEOMETRIC_REPRESENTATION_CONTEXT(2) 
PARAMETRIC_REPRESENTATION_CONTEXT() REPRESENTATION_CONTEXT('2D SPACE',''
  ) );
#1636 = PCURVE('',#1637,#1642);
#1637 = CYLINDRICAL_SURFACE('',#1638,0.6);
#1638 = AXIS2_PLACEMENT_3D('',#1639,#1640,#1641);
#1639 = CARTESIAN_POINT('',(9.165297026822,6.971370023173,46.51532304133
    ));
#1640 = DIRECTION('',(0.224951054344,0.,0.974370064785));
#1641 = DIRECTION('',(-0.66987941954,-0.726184377414,0.154653849861));
#1642 = DEFINITIONAL_REPRESENTATION('',(#1643),#1646);
#1643 = B_SPLINE_CURVE_WITH_KNOTS('',1,(#1644,#1645),.UNSPECIFIED.,.F.,
  .F.,(2,2),(5.,6.),.PIECEWISE_BEZIER_KNOTS.);
#1644 = CARTESIAN_POINT('',(-0.812755561369,0.));
#1645 = CARTESIAN_POINT('',(-1.7763568394E-15,0.));
#1646 = ( GEOMETRIC_REPRESENTATION_CONTEXT(2) 
PARAMETRIC_REPRESENTATION_CONTEXT() REPRESENTATION_CONTEXT('2D SPACE',''
  ) );
#1647 = ORIENTED_EDGE('',*,*,#1648,.F.);
#1648 = EDGE_CURVE('',#1582,#1611,#1649,.T.);
#1649 = SURFACE_CURVE('',#1650,(#1660,#1667),.PCURVE_S1.);
#1650 = ( BOUNDED_CURVE() B_SPLINE_CURVE(8,(#1651,#1652,#1653,#1654,
    #1655,#1656,#1657,#1658,#1659),.UNSPECIFIED.,.F.,.F.) 
B_SPLINE_CURVE_WITH_KNOTS((9,9),(0.,1.),.PIECEWISE_BEZIER_KNOTS.) CURVE(
) GEOMETRIC_REPRESENTATION_ITEM() RATIONAL_B_SPLINE_CURVE((1.,
    1.000000000001,0.999999999995,1.00000000001,0.999999999988,
1.00000000001,0.999999999995,1.000000000001,1.)) REPRESENTATION_ITEM(''
  ) );
#1651 = CARTESIAN_POINT('',(6.,9.90201999594,24.));
#1652 = CARTESIAN_POINT('',(6.000000834374,9.902168144368,
    26.867706977266));
#1653 = CARTESIAN_POINT('',(6.093338198128,9.60276041283,29.735357862027
    ));
#1654 = CARTESIAN_POINT('',(6.280027876387,9.107668110056,
    32.582754423481));
#1655 = CARTESIAN_POINT('',(6.556808008427,8.501145954803,
    35.411652021235));
#1656 = CARTESIAN_POINT('',(6.923662006272,7.885397287233,
    38.227428595201));
#1657 = CARTESIAN_POINT('',(7.381099517699,7.313506776814,
    41.039212652077));
#1658 = CARTESIAN_POINT('',(7.935432430941,6.97138650409,43.855445040921
    ));
#1659 = CARTESIAN_POINT('',(8.580674987951,6.971370023173,
    46.650293673937));
#1660 = PCURVE('',#1444,#1661);
#1661 = DEFINITIONAL_REPRESENTATION('',(#1662),#1666);
#1662 = LINE('',#1663,#1664);
#1663 = CARTESIAN_POINT('',(5.,0.));
#1664 = VECTOR('',#1665,1.);
#1665 = DIRECTION('',(0.,1.));
#1666 = ( GEOMETRIC_REPRESENTATION_CONTEXT(2) 
PARAMETRIC_REPRESENTATION_CONTEXT() REPRESENTATION_CONTEXT('2D SPACE',''
  ) );
#1667 = PCURVE('',#1668,#1795);
#1668 = ( BOUNDED_SURFACE() B_SPLINE_SURFACE(13,8,(
    (#1669,#1670,#1671,#1672,#1673,#1674,#1675,#1676,#1677)
    ,(#1678,#1679,#1680,#1681,#1682,#1683,#1684,#1685,#1686)
    ,(#1687,#1688,#1689,#1690,#1691,#1692,#1693,#1694,#1695)
    ,(#1696,#1697,#1698,#1699,#1700,#1701,#1702,#1703,#1704)
    ,(#1705,#1706,#1707,#1708,#1709,#1710,#1711,#1712,#1713)
    ,(#1714,#1715,#1716,#1717,#1718,#1719,#1720,#1721,#1722)
    ,(#1723,#1724,#1725,#1726,#1727,#1728,#1729,#1730,#1731)
    ,(#1732,#1733,#1734,#1735,#1736,#1737,#1738,#1739,#1740)
    ,(#1741,#1742,#1743,#1744,#1745,#1746,#1747,#1748,#1749)
    ,(#1750,#1751,#1752,#1753,#1754,#1755,#1756,#1757,#1758)
    ,(#1759,#1760,#1761,#1762,#1763,#1764,#1765,#1766,#1767)
    ,(#1768,#1769,#1770,#1771,#1772,#1773,#1774,#1775,#1776)
    ,(#1777,#1778,#1779,#1780,#1781,#1782,#1783,#1784,#1785)
    ,(#1786,#1787,#1788,#1789,#1790,#1791,#1792,#1793,#1794
)),.UNSPECIFIED.,.F.,.F.,.F.) B_SPLINE_SURFACE_WITH_KNOTS((14,14),(9,9),
  (4.,5.),(0.,1.),.PIECEWISE_BEZIER_KNOTS.) 
GEOMETRIC_REPRESENTATION_ITEM() RATIONAL_B_SPLINE_SURFACE((
    (1.,1.000000000001,0.999999999995,1.00000000001,0.999999999988
      ,1.00000000001,0.999999999995,1.000000000001,1.)
    ,(1.,1.000000000001,0.999999999995,1.00000000001,0.999999999988
      ,1.00000000001,0.999999999995,1.000000000001,1.)
    ,(1.,1.000000000001,0.999999999995,1.00000000001,0.999999999988
      ,1.00000000001,0.999999999995,1.000000000001,1.)
    ,(1.,1.000000000001,0.999999999995,1.00000000001,0.999999999988
      ,1.00000000001,0.999999999995,1.000000000001,1.)
    ,(1.,1.000000000001,0.999999999995,1.00000000001,0.999999999988
      ,1.00000000001,0.999999999995,1.000000000001,1.)
    ,(1.,1.000000000001,0.999999999995,1.00000000001,0.999999999988
      ,1.00000000001,0.999999999995,1.000000000001,1.)
    ,(1.,1.000000000001,0.999999999995,1.00000000001,0.999999999988
      ,1.00000000001,0.999999999995,1.000000000001,1.)
    ,(1.,1.000000000001,0.999999999995,1.00000000001,0.999999999988
      ,1.00000000001,0.999999999995,1.000000000001,1.)
    ,(1.,1.000000000001,0.999999999995,1.00000000001,0.999999999988
      ,1.00000000001,0.999999999995,1.000000000001,1.)
    ,(1.,1.000000000001,0.999999999995,1.00000000001,0.999999999988
      ,1.00000000001,0.999999999995,1.000000000001,1.)
    ,(1.,1.000000000001,0.999999999995,1.00000000001,0.999999999988
      ,1.00000000001,0.999999999995,1.000000000001,1.)
    ,(1.,1.000000000001,0.999999999995,1.00000000001,0.999999999988
      ,1.00000000001,0.999999999995,1.000000000001,1.)
    ,(1.,1.000000000001,0.999999999995,1.00000000001,0.999999999988
      ,1.00000000001,0.999999999995,1.000000000001,1.)
    ,(1.,1.000000000001,0.999999999995,1.00000000001,0.999999999988
      ,1.00000000001,0.999999999995,1.000000000001,1.
))) REPRESENTATION_ITEM('') SURFACE() );
#1669 = CARTESIAN_POINT('',(6.,11.948326242617,24.));
#1670 = CARTESIAN_POINT('',(6.000000834369,11.948326242602,
    26.867706977216));
#1671 = CARTESIAN_POINT('',(6.093338198146,11.94832624267,
    29.735357862204));
#1672 = CARTESIAN_POINT('',(6.280027876354,11.948326242515,
    32.582754423143));
#1673 = CARTESIAN_POINT('',(6.556808008469,11.948326242741,
    35.411652021651));
#1674 = CARTESIAN_POINT('',(6.923662006237,11.948326242515,
    38.22742859486));
#1675 = CARTESIAN_POINT('',(7.381099517718,11.94832624267,
    41.039212652257));
#1676 = CARTESIAN_POINT('',(7.935432430935,11.948326242601,
    43.85544504087));
#1677 = CARTESIAN_POINT('',(8.580674987951,11.948326242617,
    46.650293673937));
#1678 = CARTESIAN_POINT('',(6.,11.790918069795,24.));
#1679 = CARTESIAN_POINT('',(6.000000834369,11.790929465813,
    26.867706977216));
#1680 = CARTESIAN_POINT('',(6.093338198146,11.767898101919,
    29.735357862204));
#1681 = CARTESIAN_POINT('',(6.280027876354,11.729814078468,
    32.582754423143));
#1682 = CARTESIAN_POINT('',(6.556808008469,11.683158528299,
    35.411652021651));
#1683 = CARTESIAN_POINT('',(6.923662006237,11.635793245942,
    38.22742859486));
#1684 = CARTESIAN_POINT('',(7.381099517718,11.59180166838,
    41.039212652257));
#1685 = CARTESIAN_POINT('',(7.935432430935,11.565484724252,
    43.85544504087));
#1686 = CARTESIAN_POINT('',(8.580674987951,11.565483456506,
    46.650293673937));
#1687 = CARTESIAN_POINT('',(6.,11.633509896974,24.));
#1688 = CARTESIAN_POINT('',(6.000000834369,11.633532689048,
    26.867706977216));
#1689 = CARTESIAN_POINT('',(6.093338198146,11.587469961082,
    29.735357862204));
#1690 = CARTESIAN_POINT('',(6.280027876354,11.511301914582,
    32.582754423143));
#1691 = CARTESIAN_POINT('',(6.556808008469,11.417990813663,
    35.411652021651));
#1692 = CARTESIAN_POINT('',(6.923662006237,11.323260249526,
    38.22742859486));
#1693 = CARTESIAN_POINT('',(7.381099517718,11.235277094009,
    41.039212652257));
#1694 = CARTESIAN_POINT('',(7.935432430935,11.182643205926,
    43.85544504087));
#1695 = CARTESIAN_POINT('',(8.580674987951,11.182640670395,
    46.650293673937));
#1696 = CARTESIAN_POINT('',(6.,11.476101724153,24.));
#1697 = CARTESIAN_POINT('',(6.000000834369,11.476135912225,
    26.867706977216));
#1698 = CARTESIAN_POINT('',(6.093338198146,11.40704182045,
    29.735357862204));
#1699 = CARTESIAN_POINT('',(6.280027876354,11.292789750314,
    32.582754423143));
#1700 = CARTESIAN_POINT('',(6.556808008469,11.152823099485,
    35.411652021651));
#1701 = CARTESIAN_POINT('',(6.923662006237,11.010727252743,
    38.22742859486));
#1702 = CARTESIAN_POINT('',(7.381099517718,10.878752519828,
    41.039212652257));
#1703 = CARTESIAN_POINT('',(7.935432430935,10.799801687547,
    43.85544504087));
#1704 = CARTESIAN_POINT('',(8.580674987951,10.799797884284,
    46.650293673937));
#1705 = CARTESIAN_POINT('',(6.,11.318693551332,24.));
#1706 = CARTESIAN_POINT('',(6.000000834369,11.318739135443,
    26.867706977216));
#1707 = CARTESIAN_POINT('',(6.093338198146,11.226613679677,
    29.735357862204));
#1708 = CARTESIAN_POINT('',(6.280027876354,11.074277586311,
    32.582754423143));
#1709 = CARTESIAN_POINT('',(6.556808008469,10.887655384988,
    35.411652021651));
#1710 = CARTESIAN_POINT('',(6.923662006237,10.698194256217,
    38.22742859486));
#1711 = CARTESIAN_POINT('',(7.381099517718,10.522227945512,
    41.039212652257));
#1712 = CARTESIAN_POINT('',(7.935432430935,10.416960169205,
    43.85544504087));
#1713 = CARTESIAN_POINT('',(8.580674987951,10.416955098173,
    46.650293673937));
#1714 = CARTESIAN_POINT('',(6.,11.16128537851,24.));
#1715 = CARTESIAN_POINT('',(6.000000834369,11.161342358654,
    26.867706977216));
#1716 = CARTESIAN_POINT('',(6.093338198146,11.046185538926,
    29.735357862204));
#1717 = CARTESIAN_POINT('',(6.280027876354,10.855765422259,
    32.582754423143));
#1718 = CARTESIAN_POINT('',(6.556808008469,10.622487670557,
    35.411652021651));
#1719 = CARTESIAN_POINT('',(6.923662006237,10.385661259632,
    38.22742859486));
#1720 = CARTESIAN_POINT('',(7.381099517718,10.165703371231,
    41.039212652257));
#1721 = CARTESIAN_POINT('',(7.935432430935,10.034118650854,
    43.85544504087));
#1722 = CARTESIAN_POINT('',(8.580674987951,10.034112312061,
    46.650293673937));
#1723 = CARTESIAN_POINT('',(6.,11.003877205689,24.));
#1724 = CARTESIAN_POINT('',(6.000000834369,11.003945581858,
    26.867706977216));
#1725 = CARTESIAN_POINT('',(6.093338198146,10.865757398198,
    29.735357862204));
#1726 = CARTESIAN_POINT('',(6.280027876354,10.637253258171,
    32.582754423143));
#1727 = CARTESIAN_POINT('',(6.556808008469,10.357319956161,
    35.411652021651));
#1728 = CARTESIAN_POINT('',(6.923662006237,10.073128263024,
    38.22742859486));
#1729 = CARTESIAN_POINT('',(7.381099517718,9.809178796958,
    41.039212652257));
#1730 = CARTESIAN_POINT('',(7.935432430935,9.6512771325,43.85544504087)
  );
#1731 = CARTESIAN_POINT('',(8.580674987951,9.65126952595,46.650293673937
    ));
#1732 = CARTESIAN_POINT('',(6.,10.846469032868,24.));
#1733 = CARTESIAN_POINT('',(6.000000834369,10.846548805069,
    26.867706977216));
#1734 = CARTESIAN_POINT('',(6.093338198146,10.685329257448,
    29.735357862204));
#1735 = CARTESIAN_POINT('',(6.280027876354,10.418741094122,
    32.582754423143));
#1736 = CARTESIAN_POINT('',(6.556808008469,10.092152241721,
    35.411652021651));
#1737 = CARTESIAN_POINT('',(6.923662006237,9.760595266451,38.22742859486
    ));
#1738 = CARTESIAN_POINT('',(7.381099517718,9.452654222669,
    41.039212652257));
#1739 = CARTESIAN_POINT('',(7.935432430935,9.268435614151,43.85544504087
    ));
#1740 = CARTESIAN_POINT('',(8.580674987951,9.268426739839,
    46.650293673937));
#1741 = CARTESIAN_POINT('',(6.,10.689060860047,24.));
#1742 = CARTESIAN_POINT('',(6.000000834369,10.689152028301,
    26.867706977216));
#1743 = CARTESIAN_POINT('',(6.093338198146,10.504901116625,
    29.735357862204));
#1744 = CARTESIAN_POINT('',(6.280027876354,10.200228930212,
    32.582754423143));
#1745 = CARTESIAN_POINT('',(6.556808008469,9.826984527113,
    35.411652021651));
#1746 = CARTESIAN_POINT('',(6.923662006237,9.448062270013,38.22742859486
    ));
#1747 = CARTESIAN_POINT('',(7.381099517718,9.096129648308,
    41.039212652257));
#1748 = CARTESIAN_POINT('',(7.935432430935,8.885594095822,43.85544504087
    ));
#1749 = CARTESIAN_POINT('',(8.580674987951,8.885583953728,
    46.650293673937));
#1750 = CARTESIAN_POINT('',(6.,10.531652687225,24.));
#1751 = CARTESIAN_POINT('',(6.000000834369,10.531755251502,
    26.867706977216));
#1752 = CARTESIAN_POINT('',(6.093338198146,10.324472975908,
    29.735357862204));
#1753 = CARTESIAN_POINT('',(6.280027876354,9.981716766103,
    32.582754423143));
#1754 = CARTESIAN_POINT('',(6.556808008469,9.561816812744,
    35.411652021651));
#1755 = CARTESIAN_POINT('',(6.923662006237,9.135529273383,38.22742859486
    ));
#1756 = CARTESIAN_POINT('',(7.381099517718,8.739605074048,
    41.039212652257));
#1757 = CARTESIAN_POINT('',(7.935432430935,8.502752577465,43.85544504087
    ));
#1758 = CARTESIAN_POINT('',(8.580674987951,8.502741167617,
    46.650293673937));
#1759 = CARTESIAN_POINT('',(6.,10.374244514404,24.));
#1760 = CARTESIAN_POINT('',(6.000000834369,10.374358474725,
    26.867706977216));
#1761 = CARTESIAN_POINT('',(6.093338198146,10.144044835116,
    29.735357862204));
#1762 = CARTESIAN_POINT('',(6.280027876354,9.763204602132,
    32.582754423143));
#1763 = CARTESIAN_POINT('',(6.556808008469,9.296649098212,
    35.411652021651));
#1764 = CARTESIAN_POINT('',(6.923662006237,8.822996276881,38.22742859486
    ));
#1765 = CARTESIAN_POINT('',(7.381099517718,8.383080499722,
    41.039212652257));
#1766 = CARTESIAN_POINT('',(7.935432430935,8.119911059126,43.85544504087
    ));
#1767 = CARTESIAN_POINT('',(8.580674987951,8.119898381506,
    46.650293673937));
#1768 = CARTESIAN_POINT('',(6.,10.216836341583,24.));
#1769 = CARTESIAN_POINT('',(6.000000834369,10.216961697921,
    26.867706977216));
#1770 = CARTESIAN_POINT('',(6.093338198146,9.963616694419,
    29.735357862204));
#1771 = CARTESIAN_POINT('',(6.280027876354,9.544692437984,
    32.582754423143));
#1772 = CARTESIAN_POINT('',(6.556808008469,9.03148138389,35.411652021651
    ));
#1773 = CARTESIAN_POINT('',(6.923662006237,8.510463280213,38.22742859486
    ));
#1774 = CARTESIAN_POINT('',(7.381099517718,8.026555925481,
    41.039212652257));
#1775 = CARTESIAN_POINT('',(7.935432430935,7.737069540764,43.85544504087
    ));
#1776 = CARTESIAN_POINT('',(8.580674987951,7.737055595395,
    46.650293673937));
#1777 = CARTESIAN_POINT('',(6.,10.059428168761,24.));
#1778 = CARTESIAN_POINT('',(6.000000834369,10.059564921141,
    26.867706977216));
#1779 = CARTESIAN_POINT('',(6.093338198146,9.783188553636,
    29.735357862204));
#1780 = CARTESIAN_POINT('',(6.280027876354,9.326180273998,
    32.582754423143));
#1781 = CARTESIAN_POINT('',(6.556808008469,8.766313669374,
    35.411652021651));
#1782 = CARTESIAN_POINT('',(6.923662006237,8.197930283701,38.22742859486
    ));
#1783 = CARTESIAN_POINT('',(7.381099517718,7.670031351159,
    41.039212652257));
#1784 = CARTESIAN_POINT('',(7.935432430935,7.354228022424,43.85544504087
    ));
#1785 = CARTESIAN_POINT('',(8.580674987951,7.354212809284,
    46.650293673937));
#1786 = CARTESIAN_POINT('',(6.,9.90201999594,24.));
#1787 = CARTESIAN_POINT('',(6.000000834374,9.902168144368,
    26.867706977266));
#1788 = CARTESIAN_POINT('',(6.093338198128,9.60276041283,29.735357862027
    ));
#1789 = CARTESIAN_POINT('',(6.280027876387,9.107668110056,
    32.582754423481));
#1790 = CARTESIAN_POINT('',(6.556808008427,8.501145954803,
    35.411652021235));
#1791 = CARTESIAN_POINT('',(6.923662006272,7.885397287233,
    38.227428595201));
#1792 = CARTESIAN_POINT('',(7.381099517699,7.313506776814,
    41.039212652077));
#1793 = CARTESIAN_POINT('',(7.935432430941,6.97138650409,43.855445040921
    ));
#1794 = CARTESIAN_POINT('',(8.580674987951,6.971370023173,
    46.650293673937));
#1795 = DEFINITIONAL_REPRESENTATION('',(#1796),#1800);
#1796 = LINE('',#1797,#1798);
#1797 = CARTESIAN_POINT('',(5.,0.));
#1798 = VECTOR('',#1799,1.);
#1799 = DIRECTION('',(0.,1.));
#1800 = ( GEOMETRIC_REPRESENTATION_CONTEXT(2) 
PARAMETRIC_REPRESENTATION_CONTEXT() REPRESENTATION_CONTEXT('2D SPACE',''
  ) );
#1801 = ADVANCED_FACE('',(#1802),#1668,.T.);
#1802 = FACE_BOUND('',#1803,.T.);
#1803 = EDGE_LOOP('',(#1804,#1830,#1831,#1881,#1926));
#1804 = ORIENTED_EDGE('',*,*,#1805,.F.);
#1805 = EDGE_CURVE('',#1582,#1806,#1808,.T.);
#1806 = VERTEX_POINT('',#1807);
#1807 = CARTESIAN_POINT('',(6.,11.948326242617,24.));
#1808 = SURFACE_CURVE('',#1809,(#1813,#1819),.PCURVE_S1.);
#1809 = LINE('',#1810,#1811);
#1810 = CARTESIAN_POINT('',(6.,0.,24.));
#1811 = VECTOR('',#1812,1.);
#1812 = DIRECTION('',(0.,1.,0.));
#1813 = PCURVE('',#1668,#1814);
#1814 = DEFINITIONAL_REPRESENTATION('',(#1815),#1818);
#1815 = B_SPLINE_CURVE_WITH_KNOTS('',1,(#1816,#1817),.UNSPECIFIED.,.F.,
  .F.,(2,2),(9.90201999594,11.948326242617),.PIECEWISE_BEZIER_KNOTS.);
#1816 = CARTESIAN_POINT('',(5.,0.));
#1817 = CARTESIAN_POINT('',(4.,0.));
#1818 = ( GEOMETRIC_REPRESENTATION_CONTEXT(2) 
PARAMETRIC_REPRESENTATION_CONTEXT() REPRESENTATION_CONTEXT('2D SPACE',''
  ) );
#1819 = PCURVE('',#1820,#1825);
#1820 = PLANE('',#1821);
#1821 = AXIS2_PLACEMENT_3D('',#1822,#1823,#1824);
#1822 = CARTESIAN_POINT('',(6.,0.,-1.));
#1823 = DIRECTION('',(1.,0.,0.));
#1824 = DIRECTION('',(0.,0.,1.));
#1825 = DEFINITIONAL_REPRESENTATION('',(#1826),#1829);
#1826 = B_SPLINE_CURVE_WITH_KNOTS('',1,(#1827,#1828),.UNSPECIFIED.,.F.,
  .F.,(2,2),(0.,14.25),.PIECEWISE_BEZIER_KNOTS.);
#1827 = CARTESIAN_POINT('',(25.,0.));
#1828 = CARTESIAN_POINT('',(25.,-14.25));
#1829 = ( GEOMETRIC_REPRESENTATION_CONTEXT(2) 
PARAMETRIC_REPRESENTATION_CONTEXT() REPRESENTATION_CONTEXT('2D SPACE',''
  ) );
#1830 = ORIENTED_EDGE('',*,*,#1648,.T.);
#1831 = ORIENTED_EDGE('',*,*,#1832,.F.);
#1832 = EDGE_CURVE('',#1833,#1611,#1835,.T.);
#1833 = VERTEX_POINT('',#1834);
#1834 = CARTESIAN_POINT('',(8.580674987951,8.674675786449,
    46.650293673937));
#1835 = SURFACE_CURVE('',#1836,(#1851,#1858),.PCURVE_S1.);
#1836 = B_SPLINE_CURVE_WITH_KNOTS('',13,(#1837,#1838,#1839,#1840,#1841,
    #1842,#1843,#1844,#1845,#1846,#1847,#1848,#1849,#1850),
  .UNSPECIFIED.,.F.,.F.,(14,14),(4.,5.),.PIECEWISE_BEZIER_KNOTS.);
#1837 = CARTESIAN_POINT('',(8.580674987951,11.948326242617,
    46.650293673937));
#1838 = CARTESIAN_POINT('',(8.580674987951,11.565483456506,
    46.650293673937));
#1839 = CARTESIAN_POINT('',(8.580674987951,11.182640670395,
    46.650293673937));
#1840 = CARTESIAN_POINT('',(8.580674987951,10.799797884284,
    46.650293673937));
#1841 = CARTESIAN_POINT('',(8.580674987951,10.416955098173,
    46.650293673937));
#1842 = CARTESIAN_POINT('',(8.580674987951,10.034112312061,
    46.650293673937));
#1843 = CARTESIAN_POINT('',(8.580674987951,9.65126952595,46.650293673937
    ));
#1844 = CARTESIAN_POINT('',(8.580674987951,9.268426739839,
    46.650293673937));
#1845 = CARTESIAN_POINT('',(8.580674987951,8.885583953728,
    46.650293673937));
#1846 = CARTESIAN_POINT('',(8.580674987951,8.502741167617,
    46.650293673937));
#1847 = CARTESIAN_POINT('',(8.580674987951,8.119898381506,
    46.650293673937));
#1848 = CARTESIAN_POINT('',(8.580674987951,7.737055595395,
    46.650293673937));
#1849 = CARTESIAN_POINT('',(8.580674987951,7.354212809284,
    46.650293673937));
#1850 = CARTESIAN_POINT('',(8.580674987951,6.971370023173,
    46.650293673937));
#1851 = PCURVE('',#1668,#1852);
#1852 = DEFINITIONAL_REPRESENTATION('',(#1853),#1857);
#1853 = LINE('',#1854,#1855);
#1854 = CARTESIAN_POINT('',(0.,1.));
#1855 = VECTOR('',#1856,1.);
#1856 = DIRECTION('',(1.,0.));
#1857 = ( GEOMETRIC_REPRESENTATION_CONTEXT(2) 
PARAMETRIC_REPRESENTATION_CONTEXT() REPRESENTATION_CONTEXT('2D SPACE',''
  ) );
#1858 = PCURVE('',#1859,#1864);
#1859 = PLANE('',#1860);
#1860 = AXIS2_PLACEMENT_3D('',#1861,#1862,#1863);
#1861 = CARTESIAN_POINT('',(8.355723933607,0.,45.675923609152));
#1862 = DIRECTION('',(0.974370064785,0.,-0.224951054344));
#1863 = DIRECTION('',(0.224951054344,0.,0.974370064785));
#1864 = DEFINITIONAL_REPRESENTATION('',(#1865),#1880);
#1865 = B_SPLINE_CURVE_WITH_KNOTS('',13,(#1866,#1867,#1868,#1869,#1870,
    #1871,#1872,#1873,#1874,#1875,#1876,#1877,#1878,#1879),
  .UNSPECIFIED.,.F.,.F.,(14,14),(4.,5.),.PIECEWISE_BEZIER_KNOTS.);
#1866 = CARTESIAN_POINT('',(1.,-11.94832624261));
#1867 = CARTESIAN_POINT('',(1.,-11.5654834565));
#1868 = CARTESIAN_POINT('',(1.,-11.18264067039));
#1869 = CARTESIAN_POINT('',(1.,-10.79979788428));
#1870 = CARTESIAN_POINT('',(1.,-10.41695509817));
#1871 = CARTESIAN_POINT('',(1.,-10.03411231206));
#1872 = CARTESIAN_POINT('',(1.,-9.65126952595));
#1873 = CARTESIAN_POINT('',(1.,-9.268426739839));
#1874 = CARTESIAN_POINT('',(1.,-8.885583953728));
#1875 = CARTESIAN_POINT('',(1.,-8.502741167617));
#1876 = CARTESIAN_POINT('',(1.,-8.119898381506));
#1877 = CARTESIAN_POINT('',(1.,-7.737055595395));
#1878 = CARTESIAN_POINT('',(1.,-7.354212809284));
#1879 = CARTESIAN_POINT('',(1.,-6.971370023173));
#1880 = ( GEOMETRIC_REPRESENTATION_CONTEXT(2) 
PARAMETRIC_REPRESENTATION_CONTEXT() REPRESENTATION_CONTEXT('2D SPACE',''
  ) );
#1881 = ORIENTED_EDGE('',*,*,#1882,.F.);
#1882 = EDGE_CURVE('',#1883,#1833,#1885,.T.);
#1883 = VERTEX_POINT('',#1884);
#1884 = CARTESIAN_POINT('',(8.580674987951,11.948326242617,
    46.650293673937));
#1885 = SURFACE_CURVE('',#1886,(#1901,#1908),.PCURVE_S1.);
#1886 = B_SPLINE_CURVE_WITH_KNOTS('',13,(#1887,#1888,#1889,#1890,#1891,
    #1892,#1893,#1894,#1895,#1896,#1897,#1898,#1899,#1900),
  .UNSPECIFIED.,.F.,.F.,(14,14),(4.,5.),.PIECEWISE_BEZIER_KNOTS.);
#1887 = CARTESIAN_POINT('',(8.580674987951,11.948326242617,
    46.650293673937));
#1888 = CARTESIAN_POINT('',(8.580674987951,11.565483456506,
    46.650293673937));
#1889 = CARTESIAN_POINT('',(8.580674987951,11.182640670395,
    46.650293673937));
#1890 = CARTESIAN_POINT('',(8.580674987951,10.799797884284,
    46.650293673937));
#1891 = CARTESIAN_POINT('',(8.580674987951,10.416955098173,
    46.650293673937));
#1892 = CARTESIAN_POINT('',(8.580674987951,10.034112312061,
    46.650293673937));
#1893 = CARTESIAN_POINT('',(8.580674987951,9.65126952595,46.650293673937
    ));
#1894 = CARTESIAN_POINT('',(8.580674987951,9.268426739839,
    46.650293673937));
#1895 = CARTESIAN_POINT('',(8.580674987951,8.885583953728,
    46.650293673937));
#1896 = CARTESIAN_POINT('',(8.580674987951,8.502741167617,
    46.650293673937));
#1897 = CARTESIAN_POINT('',(8.580674987951,8.119898381506,
    46.650293673937));
#1898 = CARTESIAN_POINT('',(8.580674987951,7.737055595395,
    46.650293673937));
#1899 = CARTESIAN_POINT('',(8.580674987951,7.354212809284,
    46.650293673937));
#1900 = CARTESIAN_POINT('',(8.580674987951,6.971370023173,
    46.650293673937));
#1901 = PCURVE('',#1668,#1902);
#1902 = DEFINITIONAL_REPRESENTATION('',(#1903),#1907);
#1903 = LINE('',#1904,#1905);
#1904 = CARTESIAN_POINT('',(0.,1.));
#1905 = VECTOR('',#1906,1.);
#1906 = DIRECTION('',(1.,0.));
#1907 = ( GEOMETRIC_REPRESENTATION_CONTEXT(2) 
PARAMETRIC_REPRESENTATION_CONTEXT() REPRESENTATION_CONTEXT('2D SPACE',''
  ) );
#1908 = PCURVE('',#448,#1909);
#1909 = DEFINITIONAL_REPRESENTATION('',(#1910),#1925);
#1910 = B_SPLINE_CURVE_WITH_KNOTS('',13,(#1911,#1912,#1913,#1914,#1915,
    #1916,#1917,#1918,#1919,#1920,#1921,#1922,#1923,#1924),
  .UNSPECIFIED.,.F.,.F.,(14,14),(4.,5.),.PIECEWISE_BEZIER_KNOTS.);
#1911 = CARTESIAN_POINT('',(3.282250010926,12.569682894808));
#1912 = CARTESIAN_POINT('',(3.58735487786,12.338426286144));
#1913 = CARTESIAN_POINT('',(3.892459744793,12.107169677481));
#1914 = CARTESIAN_POINT('',(4.197564611727,11.875913068817));
#1915 = CARTESIAN_POINT('',(4.502669478661,11.644656460154));
#1916 = CARTESIAN_POINT('',(4.807774345594,11.41339985149));
#1917 = CARTESIAN_POINT('',(5.112879212528,11.182143242826));
#1918 = CARTESIAN_POINT('',(5.417984079462,10.950886634163));
#1919 = CARTESIAN_POINT('',(5.723088946395,10.719630025499));
#1920 = CARTESIAN_POINT('',(6.028193813329,10.488373416835));
#1921 = CARTESIAN_POINT('',(6.333298680263,10.257116808172));
#1922 = CARTESIAN_POINT('',(6.638403547197,10.025860199508));
#1923 = CARTESIAN_POINT('',(6.94350841413,9.794603590844));
#1924 = CARTESIAN_POINT('',(7.248613281064,9.563346982181));
#1925 = ( GEOMETRIC_REPRESENTATION_CONTEXT(2) 
PARAMETRIC_REPRESENTATION_CONTEXT() REPRESENTATION_CONTEXT('2D SPACE',''
  ) );
#1926 = ORIENTED_EDGE('',*,*,#1927,.F.);
#1927 = EDGE_CURVE('',#1806,#1883,#1928,.T.);
#1928 = SURFACE_CURVE('',#1929,(#1939,#1946),.PCURVE_S1.);
#1929 = ( BOUNDED_CURVE() B_SPLINE_CURVE(8,(#1930,#1931,#1932,#1933,
    #1934,#1935,#1936,#1937,#1938),.UNSPECIFIED.,.F.,.F.) 
B_SPLINE_CURVE_WITH_KNOTS((9,9),(0.,1.),.PIECEWISE_BEZIER_KNOTS.) CURVE(
) GEOMETRIC_REPRESENTATION_ITEM() RATIONAL_B_SPLINE_CURVE((1.,
    1.000000000001,0.999999999995,1.00000000001,0.999999999988,
1.00000000001,0.999999999995,1.000000000001,1.)) REPRESENTATION_ITEM(''
  ) );
#1930 = CARTESIAN_POINT('',(6.,11.948326242617,24.));
#1931 = CARTESIAN_POINT('',(6.000000834369,11.948326242602,
    26.867706977216));
#1932 = CARTESIAN_POINT('',(6.093338198146,11.94832624267,
    29.735357862204));
#1933 = CARTESIAN_POINT('',(6.280027876354,11.948326242515,
    32.582754423143));
#1934 = CARTESIAN_POINT('',(6.556808008469,11.948326242741,
    35.411652021651));
#1935 = CARTESIAN_POINT('',(6.923662006237,11.948326242515,
    38.22742859486));
#1936 = CARTESIAN_POINT('',(7.381099517718,11.94832624267,
    41.039212652257));
#1937 = CARTESIAN_POINT('',(7.935432430935,11.948326242601,
    43.85544504087));
#1938 = CARTESIAN_POINT('',(8.580674987951,11.948326242617,
    46.650293673937));
#1939 = PCURVE('',#1668,#1940);
#1940 = DEFINITIONAL_REPRESENTATION('',(#1941),#1945);
#1941 = LINE('',#1942,#1943);
#1942 = CARTESIAN_POINT('',(4.,0.));
#1943 = VECTOR('',#1944,1.);
#1944 = DIRECTION('',(0.,1.));
#1945 = ( GEOMETRIC_REPRESENTATION_CONTEXT(2) 
PARAMETRIC_REPRESENTATION_CONTEXT() REPRESENTATION_CONTEXT('2D SPACE',''
  ) );
#1946 = PCURVE('',#287,#1947);
#1947 = DEFINITIONAL_REPRESENTATION('',(#1948),#1952);
#1948 = LINE('',#1949,#1950);
#1949 = CARTESIAN_POINT('',(4.,0.));
#1950 = VECTOR('',#1951,1.);
#1951 = DIRECTION('',(0.,1.));
#1952 = ( GEOMETRIC_REPRESENTATION_CONTEXT(2) 
PARAMETRIC_REPRESENTATION_CONTEXT() REPRESENTATION_CONTEXT('2D SPACE',''
  ) );
#1953 = ADVANCED_FACE('',(#1954),#1859,.F.);
#1954 = FACE_BOUND('',#1955,.F.);
#1955 = EDGE_LOOP('',(#1956,#1957,#1985,#2013));
#1956 = ORIENTED_EDGE('',*,*,#1832,.F.);
#1957 = ORIENTED_EDGE('',*,*,#1958,.T.);
#1958 = EDGE_CURVE('',#1833,#1959,#1961,.T.);
#1959 = VERTEX_POINT('',#1960);
#1960 = CARTESIAN_POINT('',(13.079696074828,8.674675786449,
    66.137694969642));
#1961 = SURFACE_CURVE('',#1962,(#1966,#1973),.PCURVE_S1.);
#1962 = LINE('',#1963,#1964);
#1963 = CARTESIAN_POINT('',(8.580674987951,8.674675786449,
    46.650293673937));
#1964 = VECTOR('',#1965,1.);
#1965 = DIRECTION('',(0.224951054344,0.,0.974370064785));
#1966 = PCURVE('',#1859,#1967);
#1967 = DEFINITIONAL_REPRESENTATION('',(#1968),#1972);
#1968 = LINE('',#1969,#1970);
#1969 = CARTESIAN_POINT('',(1.,-8.674675786449));
#1970 = VECTOR('',#1971,1.);
#1971 = DIRECTION('',(1.,0.));
#1972 = ( GEOMETRIC_REPRESENTATION_CONTEXT(2) 
PARAMETRIC_REPRESENTATION_CONTEXT() REPRESENTATION_CONTEXT('2D SPACE',''
  ) );
#1973 = PCURVE('',#1974,#1979);
#1974 = CYLINDRICAL_SURFACE('',#1975,0.6);
#1975 = AXIS2_PLACEMENT_3D('',#1976,#1977,#1978);
#1976 = CARTESIAN_POINT('',(9.165297026822,8.674675786449,46.51532304133
    ));
#1977 = DIRECTION('',(0.224951054344,0.,0.974370064785));
#1978 = DIRECTION('',(0.589985543815,0.795841815271,-0.136208895291));
#1979 = DEFINITIONAL_REPRESENTATION('',(#1980),#1984);
#1980 = LINE('',#1981,#1982);
#1981 = CARTESIAN_POINT('',(2.22119607087,0.));
#1982 = VECTOR('',#1983,1.);
#1983 = DIRECTION('',(0.,1.));
#1984 = ( GEOMETRIC_REPRESENTATION_CONTEXT(2) 
PARAMETRIC_REPRESENTATION_CONTEXT() REPRESENTATION_CONTEXT('2D SPACE',''
  ) );
#1985 = ORIENTED_EDGE('',*,*,#1986,.F.);
#1986 = EDGE_CURVE('',#1987,#1959,#1989,.T.);
#1987 = VERTEX_POINT('',#1988);
#1988 = CARTESIAN_POINT('',(13.079696074828,6.971370023173,
    66.137694969642));
#1989 = SURFACE_CURVE('',#1990,(#1994,#2001),.PCURVE_S1.);
#1990 = LINE('',#1991,#1992);
#1991 = CARTESIAN_POINT('',(13.079696074828,0.,66.137694969642));
#1992 = VECTOR('',#1993,1.);
#1993 = DIRECTION('',(0.,1.,0.));
#1994 = PCURVE('',#1859,#1995);
#1995 = DEFINITIONAL_REPRESENTATION('',(#1996),#2000);
#1996 = LINE('',#1997,#1998);
#1997 = CARTESIAN_POINT('',(21.,0.));
#1998 = VECTOR('',#1999,1.);
#1999 = DIRECTION('',(0.,-1.));
#2000 = ( GEOMETRIC_REPRESENTATION_CONTEXT(2) 
PARAMETRIC_REPRESENTATION_CONTEXT() REPRESENTATION_CONTEXT('2D SPACE',''
  ) );
#2001 = PCURVE('',#2002,#2007);
#2002 = PLANE('',#2003);
#2003 = AXIS2_PLACEMENT_3D('',#2004,#2005,#2006);
#2004 = CARTESIAN_POINT('',(7.233475686117,0.,67.487401295705));
#2005 = DIRECTION('',(0.224951054344,0.,0.974370064785));
#2006 = DIRECTION('',(0.974370064785,0.,-0.224951054344));
#2007 = DEFINITIONAL_REPRESENTATION('',(#2008),#2012);
#2008 = LINE('',#2009,#2010);
#2009 = CARTESIAN_POINT('',(6.,0.));
#2010 = VECTOR('',#2011,1.);
#2011 = DIRECTION('',(0.,1.));
#2012 = ( GEOMETRIC_REPRESENTATION_CONTEXT(2) 
PARAMETRIC_REPRESENTATION_CONTEXT() REPRESENTATION_CONTEXT('2D SPACE',''
  ) );
#2013 = ORIENTED_EDGE('',*,*,#2014,.F.);
#2014 = EDGE_CURVE('',#1611,#1987,#2015,.T.);
#2015 = SURFACE_CURVE('',#2016,(#2020,#2027),.PCURVE_S1.);
#2016 = LINE('',#2017,#2018);
#2017 = CARTESIAN_POINT('',(8.580674987951,6.971370023173,
    46.650293673937));
#2018 = VECTOR('',#2019,1.);
#2019 = DIRECTION('',(0.224951054344,0.,0.974370064785));
#2020 = PCURVE('',#1859,#2021);
#2021 = DEFINITIONAL_REPRESENTATION('',(#2022),#2026);
#2022 = LINE('',#2023,#2024);
#2023 = CARTESIAN_POINT('',(1.,-6.971370023173));
#2024 = VECTOR('',#2025,1.);
#2025 = DIRECTION('',(1.,0.));
#2026 = ( GEOMETRIC_REPRESENTATION_CONTEXT(2) 
PARAMETRIC_REPRESENTATION_CONTEXT() REPRESENTATION_CONTEXT('2D SPACE',''
  ) );
#2027 = PCURVE('',#1637,#2028);
#2028 = DEFINITIONAL_REPRESENTATION('',(#2029),#2033);
#2029 = LINE('',#2030,#2031);
#2030 = CARTESIAN_POINT('',(-0.812755561369,0.));
#2031 = VECTOR('',#2032,1.);
#2032 = DIRECTION('',(-0.,1.));
#2033 = ( GEOMETRIC_REPRESENTATION_CONTEXT(2) 
PARAMETRIC_REPRESENTATION_CONTEXT() REPRESENTATION_CONTEXT('2D SPACE',''
  ) );
#2034 = ADVANCED_FACE('',(#2035),#2002,.T.);
#2035 = FACE_BOUND('',#2036,.T.);
#2036 = EDGE_LOOP('',(#2037,#2067,#2090,#2123,#2156,#2178,#2179,#2207));
#2037 = ORIENTED_EDGE('',*,*,#2038,.F.);
#2038 = EDGE_CURVE('',#2039,#2041,#2043,.T.);
#2039 = VERTEX_POINT('',#2040);
#2040 = CARTESIAN_POINT('',(1.387255297405,6.971370023173,
    68.837107621768));
#2041 = VERTEX_POINT('',#2042);
#2042 = CARTESIAN_POINT('',(1.204560910258,6.535659396725,
    68.879285944457));
#2043 = SURFACE_CURVE('',#2044,(#2049,#2060),.PCURVE_S1.);
#2044 = CIRCLE('',#2045,0.6);
#2045 = AXIS2_PLACEMENT_3D('',#2046,#2047,#2048);
#2046 = CARTESIAN_POINT('',(0.802633258534,6.971370023173,
    68.972078254374));
#2047 = DIRECTION('',(-0.224951054344,-0.,-0.974370064785));
#2048 = DIRECTION('',(0.,-1.,0.));
#2049 = PCURVE('',#2002,#2050);
#2050 = DEFINITIONAL_REPRESENTATION('',(#2051),#2059);
#2051 = ( BOUNDED_CURVE() B_SPLINE_CURVE(2,(#2052,#2053,#2054,#2055,
#2056,#2057,#2058),.UNSPECIFIED.,.T.,.F.) B_SPLINE_CURVE_WITH_KNOTS((1,2
    ,2,2,2,1),(-2.094395102393,0.,2.094395102393,4.188790204786,
6.28318530718,8.377580409573),.UNSPECIFIED.) CURVE() 
GEOMETRIC_REPRESENTATION_ITEM() RATIONAL_B_SPLINE_CURVE((1.,0.5,1.,0.5,
1.,0.5,1.)) REPRESENTATION_ITEM('') );
#2052 = CARTESIAN_POINT('',(-6.6,6.371370023173));
#2053 = CARTESIAN_POINT('',(-7.639230484541,6.371370023173));
#2054 = CARTESIAN_POINT('',(-7.119615242271,7.271370023173));
#2055 = CARTESIAN_POINT('',(-6.6,8.171370023173));
#2056 = CARTESIAN_POINT('',(-6.080384757729,7.271370023173));
#2057 = CARTESIAN_POINT('',(-5.560769515459,6.371370023173));
#2058 = CARTESIAN_POINT('',(-6.6,6.371370023173));
#2059 = ( GEOMETRIC_REPRESENTATION_CONTEXT(2) 
PARAMETRIC_REPRESENTATION_CONTEXT() REPRESENTATION_CONTEXT('2D SPACE',''
  ) );
#2060 = PCURVE('',#1189,#2061);
#2061 = DEFINITIONAL_REPRESENTATION('',(#2062),#2066);
#2062 = LINE('',#2063,#2064);
#2063 = CARTESIAN_POINT('',(4.712388980385,20.));
#2064 = VECTOR('',#2065,1.);
#2065 = DIRECTION('',(-1.,0.));
#2066 = ( GEOMETRIC_REPRESENTATION_CONTEXT(2) 
PARAMETRIC_REPRESENTATION_CONTEXT() REPRESENTATION_CONTEXT('2D SPACE',''
  ) );
#2067 = ORIENTED_EDGE('',*,*,#2068,.T.);
#2068 = EDGE_CURVE('',#2039,#2069,#2071,.T.);
#2069 = VERTEX_POINT('',#2070);
#2070 = CARTESIAN_POINT('',(1.387255297405,8.674675786449,
    68.837107621768));
#2071 = SURFACE_CURVE('',#2072,(#2076,#2083),.PCURVE_S1.);
#2072 = LINE('',#2073,#2074);
#2073 = CARTESIAN_POINT('',(1.387255297405,0.,68.837107621768));
#2074 = VECTOR('',#2075,1.);
#2075 = DIRECTION('',(0.,1.,0.));
#2076 = PCURVE('',#2002,#2077);
#2077 = DEFINITIONAL_REPRESENTATION('',(#2078),#2082);
#2078 = LINE('',#2079,#2080);
#2079 = CARTESIAN_POINT('',(-6.,0.));
#2080 = VECTOR('',#2081,1.);
#2081 = DIRECTION('',(0.,1.));
#2082 = ( GEOMETRIC_REPRESENTATION_CONTEXT(2) 
PARAMETRIC_REPRESENTATION_CONTEXT() REPRESENTATION_CONTEXT('2D SPACE',''
  ) );
#2083 = PCURVE('',#953,#2084);
#2084 = DEFINITIONAL_REPRESENTATION('',(#2085),#2089);
#2085 = LINE('',#2086,#2087);
#2086 = CARTESIAN_POINT('',(21.,0.));
#2087 = VECTOR('',#2088,1.);
#2088 = DIRECTION('',(0.,-1.));
#2089 = ( GEOMETRIC_REPRESENTATION_CONTEXT(2) 
PARAMETRIC_REPRESENTATION_CONTEXT() REPRESENTATION_CONTEXT('2D SPACE',''
  ) );
#2090 = ORIENTED_EDGE('',*,*,#2091,.F.);
#2091 = EDGE_CURVE('',#2092,#2069,#2094,.T.);
#2092 = VERTEX_POINT('',#2093);
#2093 = CARTESIAN_POINT('',(1.277466547812,9.024698567674,
    68.862454351792));
#2094 = SURFACE_CURVE('',#2095,(#2100,#2111),.PCURVE_S1.);
#2095 = CIRCLE('',#2096,0.6);
#2096 = AXIS2_PLACEMENT_3D('',#2097,#2098,#2099);
#2097 = CARTESIAN_POINT('',(0.802633258534,8.674675786449,
    68.972078254374));
#2098 = DIRECTION('',(-0.224951054344,-0.,-0.974370064785));
#2099 = DIRECTION('',(0.,-1.,0.));
#2100 = PCURVE('',#2002,#2101);
#2101 = DEFINITIONAL_REPRESENTATION('',(#2102),#2110);
#2102 = ( BOUNDED_CURVE() B_SPLINE_CURVE(2,(#2103,#2104,#2105,#2106,
#2107,#2108,#2109),.UNSPECIFIED.,.T.,.F.) B_SPLINE_CURVE_WITH_KNOTS((1,2
    ,2,2,2,1),(-2.094395102393,0.,2.094395102393,4.188790204786,
6.28318530718,8.377580409573),.UNSPECIFIED.) CURVE() 
GEOMETRIC_REPRESENTATION_ITEM() RATIONAL_B_SPLINE_CURVE((1.,0.5,1.,0.5,
1.,0.5,1.)) REPRESENTATION_ITEM('') );
#2103 = CARTESIAN_POINT('',(-6.6,8.074675786449));
#2104 = CARTESIAN_POINT('',(-7.639230484541,8.074675786449));
#2105 = CARTESIAN_POINT('',(-7.119615242271,8.974675786449));
#2106 = CARTESIAN_POINT('',(-6.6,9.874675786449));
#2107 = CARTESIAN_POINT('',(-6.080384757729,8.974675786449));
#2108 = CARTESIAN_POINT('',(-5.560769515459,8.074675786449));
#2109 = CARTESIAN_POINT('',(-6.6,8.074675786449));
#2110 = ( GEOMETRIC_REPRESENTATION_CONTEXT(2) 
PARAMETRIC_REPRESENTATION_CONTEXT() REPRESENTATION_CONTEXT('2D SPACE',''
  ) );
#2111 = PCURVE('',#2112,#2117);
#2112 = CYLINDRICAL_SURFACE('',#2113,0.6);
#2113 = AXIS2_PLACEMENT_3D('',#2114,#2115,#2116);
#2114 = CARTESIAN_POINT('',(-3.696387828343,8.674675786449,
    49.48467695867));
#2115 = DIRECTION('',(0.224951054344,0.,0.974370064785));
#2116 = DIRECTION('',(-0.589985543815,0.795841815271,0.136208895291));
#2117 = DEFINITIONAL_REPRESENTATION('',(#2118),#2122);
#2118 = LINE('',#2119,#2120);
#2119 = CARTESIAN_POINT('',(2.491192909515,20.));
#2120 = VECTOR('',#2121,1.);
#2121 = DIRECTION('',(-1.,0.));
#2122 = ( GEOMETRIC_REPRESENTATION_CONTEXT(2) 
PARAMETRIC_REPRESENTATION_CONTEXT() REPRESENTATION_CONTEXT('2D SPACE',''
  ) );
#2123 = ORIENTED_EDGE('',*,*,#2124,.F.);
#2124 = EDGE_CURVE('',#2125,#2092,#2127,.T.);
#2125 = VERTEX_POINT('',#2126);
#2126 = CARTESIAN_POINT('',(13.189484824422,9.024698567674,
    66.112348239617));
#2127 = SURFACE_CURVE('',#2128,(#2133,#2144),.PCURVE_S1.);
#2128 = CIRCLE('',#2129,10.9);
#2129 = AXIS2_PLACEMENT_3D('',#2130,#2131,#2132);
#2130 = CARTESIAN_POINT('',(7.233475686117,0.,67.487401295705));
#2131 = DIRECTION('',(-0.224951054344,1.08246744901E-15,-0.974370064785)
  );
#2132 = DIRECTION('',(0.546422856725,0.827953997034,-0.126151656522));
#2133 = PCURVE('',#2002,#2134);
#2134 = DEFINITIONAL_REPRESENTATION('',(#2135),#2143);
#2135 = ( BOUNDED_CURVE() B_SPLINE_CURVE(2,(#2136,#2137,#2138,#2139,
#2140,#2141,#2142),.UNSPECIFIED.,.T.,.F.) B_SPLINE_CURVE_WITH_KNOTS((1,2
    ,2,2,2,1),(-2.094395102393,0.,2.094395102393,4.188790204786,
6.28318530718,8.377580409573),.UNSPECIFIED.) CURVE() 
GEOMETRIC_REPRESENTATION_ITEM() RATIONAL_B_SPLINE_CURVE((1.,0.5,1.,0.5,
1.,0.5,1.)) REPRESENTATION_ITEM('') );
#2136 = CARTESIAN_POINT('',(6.112676644697,9.024698567674));
#2137 = CARTESIAN_POINT('',(21.743913086902,-1.562767951181));
#2138 = CARTESIAN_POINT('',(4.759279898754,-9.806082543264));
#2139 = CARTESIAN_POINT('',(-12.22535328939,-18.04939713534));
#2140 = CARTESIAN_POINT('',(-10.87195654345,0.781383975591));
#2141 = CARTESIAN_POINT('',(-9.518559797508,19.612165086529));
#2142 = CARTESIAN_POINT('',(6.112676644697,9.024698567674));
#2143 = ( GEOMETRIC_REPRESENTATION_CONTEXT(2) 
PARAMETRIC_REPRESENTATION_CONTEXT() REPRESENTATION_CONTEXT('2D SPACE',''
  ) );
#2144 = PCURVE('',#2145,#2150);
#2145 = CONICAL_SURFACE('',#2146,11.5,0.785398163397);
#2146 = AXIS2_PLACEMENT_3D('',#2147,#2148,#2149);
#2147 = CARTESIAN_POINT('',(7.09850505351,0.,66.902779256834));
#2148 = DIRECTION('',(-0.224951054344,-0.,-0.974370064785));
#2149 = DIRECTION('',(0.974370064785,0.,-0.224951054344));
#2150 = DEFINITIONAL_REPRESENTATION('',(#2151),#2155);
#2151 = LINE('',#2152,#2153);
#2152 = CARTESIAN_POINT('',(-7.258634713481,-0.6));
#2153 = VECTOR('',#2154,1.);
#2154 = DIRECTION('',(1.,-0.));
#2155 = ( GEOMETRIC_REPRESENTATION_CONTEXT(2) 
PARAMETRIC_REPRESENTATION_CONTEXT() REPRESENTATION_CONTEXT('2D SPACE',''
  ) );
#2156 = ORIENTED_EDGE('',*,*,#2157,.T.);
#2157 = EDGE_CURVE('',#2125,#1959,#2158,.T.);
#2158 = SURFACE_CURVE('',#2159,(#2164,#2171),.PCURVE_S1.);
#2159 = CIRCLE('',#2160,0.6);
#2160 = AXIS2_PLACEMENT_3D('',#2161,#2162,#2163);
#2161 = CARTESIAN_POINT('',(13.664318113699,8.674675786449,
    66.002724337035));
#2162 = DIRECTION('',(0.224951054344,0.,0.974370064785));
#2163 = DIRECTION('',(0.,-1.,0.));
#2164 = PCURVE('',#2002,#2165);
#2165 = DEFINITIONAL_REPRESENTATION('',(#2166),#2170);
#2166 = CIRCLE('',#2167,0.6);
#2167 = AXIS2_PLACEMENT_2D('',#2168,#2169);
#2168 = CARTESIAN_POINT('',(6.6,8.674675786449));
#2169 = DIRECTION('',(0.,-1.));
#2170 = ( GEOMETRIC_REPRESENTATION_CONTEXT(2) 
PARAMETRIC_REPRESENTATION_CONTEXT() REPRESENTATION_CONTEXT('2D SPACE',''
  ) );
#2171 = PCURVE('',#1974,#2172);
#2172 = DEFINITIONAL_REPRESENTATION('',(#2173),#2177);
#2173 = LINE('',#2174,#2175);
#2174 = CARTESIAN_POINT('',(-2.491192909515,20.));
#2175 = VECTOR('',#2176,1.);
#2176 = DIRECTION('',(1.,0.));
#2177 = ( GEOMETRIC_REPRESENTATION_CONTEXT(2) 
PARAMETRIC_REPRESENTATION_CONTEXT() REPRESENTATION_CONTEXT('2D SPACE',''
  ) );
#2178 = ORIENTED_EDGE('',*,*,#1986,.F.);
#2179 = ORIENTED_EDGE('',*,*,#2180,.F.);
#2180 = EDGE_CURVE('',#2181,#1987,#2183,.T.);
#2181 = VERTEX_POINT('',#2182);
#2182 = CARTESIAN_POINT('',(13.262390461975,6.535659396725,
    66.095516646952));
#2183 = SURFACE_CURVE('',#2184,(#2189,#2200),.PCURVE_S1.);
#2184 = CIRCLE('',#2185,0.6);
#2185 = AXIS2_PLACEMENT_3D('',#2186,#2187,#2188);
#2186 = CARTESIAN_POINT('',(13.664318113699,6.971370023173,
    66.002724337035));
#2187 = DIRECTION('',(-0.224951054344,-0.,-0.974370064785));
#2188 = DIRECTION('',(0.,-1.,0.));
#2189 = PCURVE('',#2002,#2190);
#2190 = DEFINITIONAL_REPRESENTATION('',(#2191),#2199);
#2191 = ( BOUNDED_CURVE() B_SPLINE_CURVE(2,(#2192,#2193,#2194,#2195,
#2196,#2197,#2198),.UNSPECIFIED.,.T.,.F.) B_SPLINE_CURVE_WITH_KNOTS((1,2
    ,2,2,2,1),(-2.094395102393,0.,2.094395102393,4.188790204786,
6.28318530718,8.377580409573),.UNSPECIFIED.) CURVE() 
GEOMETRIC_REPRESENTATION_ITEM() RATIONAL_B_SPLINE_CURVE((1.,0.5,1.,0.5,
1.,0.5,1.)) REPRESENTATION_ITEM('') );
#2192 = CARTESIAN_POINT('',(6.6,6.371370023173));
#2193 = CARTESIAN_POINT('',(5.560769515459,6.371370023173));
#2194 = CARTESIAN_POINT('',(6.080384757729,7.271370023173));
#2195 = CARTESIAN_POINT('',(6.6,8.171370023173));
#2196 = CARTESIAN_POINT('',(7.119615242271,7.271370023173));
#2197 = CARTESIAN_POINT('',(7.639230484541,6.371370023173));
#2198 = CARTESIAN_POINT('',(6.6,6.371370023173));
#2199 = ( GEOMETRIC_REPRESENTATION_CONTEXT(2) 
PARAMETRIC_REPRESENTATION_CONTEXT() REPRESENTATION_CONTEXT('2D SPACE',''
  ) );
#2200 = PCURVE('',#1637,#2201);
#2201 = DEFINITIONAL_REPRESENTATION('',(#2202),#2206);
#2202 = LINE('',#2203,#2204);
#2203 = CARTESIAN_POINT('',(0.758040765426,20.));
#2204 = VECTOR('',#2205,1.);
#2205 = DIRECTION('',(-1.,0.));
#2206 = ( GEOMETRIC_REPRESENTATION_CONTEXT(2) 
PARAMETRIC_REPRESENTATION_CONTEXT() REPRESENTATION_CONTEXT('2D SPACE',''
  ) );
#2207 = ORIENTED_EDGE('',*,*,#2208,.T.);
#2208 = EDGE_CURVE('',#2181,#2041,#2209,.T.);
#2209 = SURFACE_CURVE('',#2210,(#2215,#2226),.PCURVE_S1.);
#2210 = CIRCLE('',#2211,9.);
#2211 = AXIS2_PLACEMENT_3D('',#2212,#2213,#2214);
#2212 = CARTESIAN_POINT('',(7.233475686117,0.,67.487401295705));
#2213 = DIRECTION('',(-0.224951054344,0.,-0.974370064785));
#2214 = DIRECTION('',(0.64958004319,0.7453559925,-0.149967369563));
#2215 = PCURVE('',#2002,#2216);
#2216 = DEFINITIONAL_REPRESENTATION('',(#2217),#2225);
#2217 = ( BOUNDED_CURVE() B_SPLINE_CURVE(2,(#2218,#2219,#2220,#2221,
#2222,#2223,#2224),.UNSPECIFIED.,.T.,.F.) B_SPLINE_CURVE_WITH_KNOTS((1,2
    ,2,2,2,1),(-2.094395102393,0.,2.094395102393,4.188790204786,
6.28318530718,8.377580409573),.UNSPECIFIED.) CURVE() 
GEOMETRIC_REPRESENTATION_ITEM() RATIONAL_B_SPLINE_CURVE((1.,0.5,1.,0.5,
1.,0.5,1.)) REPRESENTATION_ITEM('') );
#2218 = CARTESIAN_POINT('',(6.,6.708203932499));
#2219 = CARTESIAN_POINT('',(17.618950038622,-3.684100912914));
#2220 = CARTESIAN_POINT('',(2.809475019311,-8.550254388956));
#2221 = CARTESIAN_POINT('',(-12.,-13.41640786499));
#2222 = CARTESIAN_POINT('',(-8.809475019311,1.842050456457));
#2223 = CARTESIAN_POINT('',(-5.618950038622,17.100508777913));
#2224 = CARTESIAN_POINT('',(6.,6.708203932499));
#2225 = ( GEOMETRIC_REPRESENTATION_CONTEXT(2) 
PARAMETRIC_REPRESENTATION_CONTEXT() REPRESENTATION_CONTEXT('2D SPACE',''
  ) );
#2226 = PCURVE('',#1413,#2227);
#2227 = DEFINITIONAL_REPRESENTATION('',(#2228),#2232);
#2228 = LINE('',#2229,#2230);
#2229 = CARTESIAN_POINT('',(7.124253977748,21.));
#2230 = VECTOR('',#2231,1.);
#2231 = DIRECTION('',(-1.,-0.));
#2232 = ( GEOMETRIC_REPRESENTATION_CONTEXT(2) 
PARAMETRIC_REPRESENTATION_CONTEXT() REPRESENTATION_CONTEXT('2D SPACE',''
  ) );
#2233 = ADVANCED_FACE('',(#2234),#2145,.T.);
#2234 = FACE_BOUND('',#2235,.T.);
#2235 = EDGE_LOOP('',(#2236,#2267,#2345,#2346));
#2236 = ORIENTED_EDGE('',*,*,#2237,.F.);
#2237 = EDGE_CURVE('',#2238,#2240,#2242,.T.);
#2238 = VERTEX_POINT('',#2239);
#2239 = CARTESIAN_POINT('',(13.883338807382,9.152180875611,
    65.33637696099));
#2240 = VERTEX_POINT('',#2241);
#2241 = CARTESIAN_POINT('',(0.313671299639,9.152180875611,
    68.469181552678));
#2242 = SURFACE_CURVE('',#2243,(#2248,#2255),.PCURVE_S1.);
#2243 = CIRCLE('',#2244,11.5);
#2244 = AXIS2_PLACEMENT_3D('',#2245,#2246,#2247);
#2245 = CARTESIAN_POINT('',(7.09850505351,0.,66.902779256834));
#2246 = DIRECTION('',(-0.224951054344,1.804112415016E-16,-0.974370064785
    ));
#2247 = DIRECTION('',(0.589985543815,0.795841815271,-0.136208895291));
#2248 = PCURVE('',#2145,#2249);
#2249 = DEFINITIONAL_REPRESENTATION('',(#2250),#2254);
#2250 = LINE('',#2251,#2252);
#2251 = CARTESIAN_POINT('',(-7.2035818899,-0.));
#2252 = VECTOR('',#2253,1.);
#2253 = DIRECTION('',(1.,-0.));
#2254 = ( GEOMETRIC_REPRESENTATION_CONTEXT(2) 
PARAMETRIC_REPRESENTATION_CONTEXT() REPRESENTATION_CONTEXT('2D SPACE',''
  ) );
#2255 = PCURVE('',#2256,#2261);
#2256 = CYLINDRICAL_SURFACE('',#2257,11.5);
#2257 = AXIS2_PLACEMENT_3D('',#2258,#2259,#2260);
#2258 = CARTESIAN_POINT('',(2.734454599239,0.,48.));
#2259 = DIRECTION('',(0.224951054344,0.,0.974370064785));
#2260 = DIRECTION('',(0.974370064785,0.,-0.224951054344));
#2261 = DEFINITIONAL_REPRESENTATION('',(#2262),#2266);
#2262 = LINE('',#2263,#2264);
#2263 = CARTESIAN_POINT('',(7.2035818899,19.4));
#2264 = VECTOR('',#2265,1.);
#2265 = DIRECTION('',(-1.,-0.));
#2266 = ( GEOMETRIC_REPRESENTATION_CONTEXT(2) 
PARAMETRIC_REPRESENTATION_CONTEXT() REPRESENTATION_CONTEXT('2D SPACE',''
  ) );
#2267 = ORIENTED_EDGE('',*,*,#2268,.T.);
#2268 = EDGE_CURVE('',#2238,#2125,#2269,.T.);
#2269 = SURFACE_CURVE('',#2270,(#2293,#2319),.PCURVE_S1.);
#2270 = B_SPLINE_CURVE_WITH_KNOTS('',6,(#2271,#2272,#2273,#2274,#2275,
    #2276,#2277,#2278,#2279,#2280,#2281,#2282,#2283,#2284,#2285,#2286,
    #2287,#2288,#2289,#2290,#2291,#2292),.UNSPECIFIED.,.F.,.F.,(7,5,5,5,
    7),(0.,0.196675599291,0.325070818677,0.643746402689,1.),
  .UNSPECIFIED.);
#2271 = CARTESIAN_POINT('',(13.883338807382,9.152180875611,
    65.33637696099));
#2272 = CARTESIAN_POINT('',(13.853581429137,9.175416878184,
    65.343246993078));
#2273 = CARTESIAN_POINT('',(13.822703740005,9.196317284617,
    65.353240645611));
#2274 = CARTESIAN_POINT('',(13.791167859593,9.214516742175,
    65.366255150071));
#2275 = CARTESIAN_POINT('',(13.759432682564,9.229869524722,
    65.382001211819));
#2276 = CARTESIAN_POINT('',(13.727889914023,9.242388766439,
    65.400114768865));
#2277 = CARTESIAN_POINT('',(13.676594019086,9.258579230122,
    65.433338714065));
#2278 = CARTESIAN_POINT('',(13.656540987976,9.263815992422,
    65.447314187351));
#2279 = CARTESIAN_POINT('',(13.63677213761,9.267927417179,
    65.462045275125));
#2280 = CARTESIAN_POINT('',(13.617346005951,9.270960312433,
    65.477438946854));
#2281 = CARTESIAN_POINT('',(13.598305230643,9.272968135651,
    65.49341081949));
#2282 = CARTESIAN_POINT('',(13.533447734275,9.276573549741,
    65.550789908001));
#2283 = CARTESIAN_POINT('',(13.489814777084,9.273150987964,
    65.594771778174));
#2284 = CARTESIAN_POINT('',(13.449126811131,9.264574283523,
    65.640805837776));
#2285 = CARTESIAN_POINT('',(13.411504845297,9.251584911411,
    65.688144251983));
#2286 = CARTESIAN_POINT('',(13.376933649668,9.234776723658,
    65.736287599057));
#2287 = CARTESIAN_POINT('',(13.310045252655,9.191928068971,
    65.839354245722));
#2288 = CARTESIAN_POINT('',(13.278512677413,9.165057622396,
    65.894348641466));
#2289 = CARTESIAN_POINT('',(13.250693944756,9.134530359133,
    65.949472797844));
#2290 = CARTESIAN_POINT('',(13.226570059365,9.100763470149,
    66.004374841051));
#2291 = CARTESIAN_POINT('',(13.206142915462,9.064080579773,
    66.058758137444));
#2292 = CARTESIAN_POINT('',(13.189484618212,9.024698080166,
    66.112348903007));
#2293 = PCURVE('',#2145,#2294);
#2294 = DEFINITIONAL_REPRESENTATION('',(#2295),#2318);
#2295 = B_SPLINE_CURVE_WITH_KNOTS('',6,(#2296,#2297,#2298,#2299,#2300,
    #2301,#2302,#2303,#2304,#2305,#2306,#2307,#2308,#2309,#2310,#2311,
    #2312,#2313,#2314,#2315,#2316,#2317),.UNSPECIFIED.,.F.,.F.,(7,5,5,5,
    7),(0.,0.196675599291,0.325070818677,0.643746402689,0.999999265001),
  .UNSPECIFIED.);
#2296 = CARTESIAN_POINT('',(-7.2035818899,0.));
#2297 = CARTESIAN_POINT('',(-7.206918812536,-1.598557277764E-16));
#2298 = CARTESIAN_POINT('',(-7.210256928892,-2.791547140684E-03));
#2299 = CARTESIAN_POINT('',(-7.21354795591,-8.378461145641E-03));
#2300 = CARTESIAN_POINT('',(-7.216752493973,-1.658209081858E-02));
#2301 = CARTESIAN_POINT('',(-7.219841478558,-2.713581953103E-02));
#2302 = CARTESIAN_POINT('',(-7.224722608411,-4.796917151889E-02));
#2303 = CARTESIAN_POINT('',(-7.226593491689,-5.707550383897E-02));
#2304 = CARTESIAN_POINT('',(-7.228402715349,-6.698201105431E-02));
#2305 = CARTESIAN_POINT('',(-7.230147483818,-7.761121517605E-02));
#2306 = CARTESIAN_POINT('',(-7.23182640794,-8.889048726981E-02));
#2307 = CARTESIAN_POINT('',(-7.237441763585,-0.130209191269));
#2308 = CARTESIAN_POINT('',(-7.241032423484,-0.163248529235));
#2309 = CARTESIAN_POINT('',(-7.244213981042,-0.198949938031));
#2310 = CARTESIAN_POINT('',(-7.247000595297,-0.236611970869));
#2311 = CARTESIAN_POINT('',(-7.249410485961,-0.275744580169));
#2312 = CARTESIAN_POINT('',(-7.253748523322,-0.361122926949));
#2313 = CARTESIAN_POINT('',(-7.255583853878,-0.407614434986));
#2314 = CARTESIAN_POINT('',(-7.256984690661,-0.455067807694));
#2315 = CARTESIAN_POINT('',(-7.257959777266,-0.50313591866));
#2316 = CARTESIAN_POINT('',(-7.258512278827,-0.551530164597));
#2317 = CARTESIAN_POINT('',(-7.258634713481,-0.6));
#2318 = ( GEOMETRIC_REPRESENTATION_CONTEXT(2) 
PARAMETRIC_REPRESENTATION_CONTEXT() REPRESENTATION_CONTEXT('2D SPACE',''
  ) );
#2319 = PCURVE('',#1974,#2320);
#2320 = DEFINITIONAL_REPRESENTATION('',(#2321),#2344);
#2321 = B_SPLINE_CURVE_WITH_KNOTS('',6,(#2322,#2323,#2324,#2325,#2326,
    #2327,#2328,#2329,#2330,#2331,#2332,#2333,#2334,#2335,#2336,#2337,
    #2338,#2339,#2340,#2341,#2342,#2343),.UNSPECIFIED.,.F.,.F.,(7,5,5,5,
    7),(0.,0.196675599291,0.325070818677,0.643746402689,1.),
  .UNSPECIFIED.);
#2322 = CARTESIAN_POINT('',(0.,19.4));
#2323 = CARTESIAN_POINT('',(6.395768385095E-02,19.4));
#2324 = CARTESIAN_POINT('',(0.127938157079,19.402791547141));
#2325 = CARTESIAN_POINT('',(0.1914163937,19.408378461146));
#2326 = CARTESIAN_POINT('',(0.254036281227,19.416582090819));
#2327 = CARTESIAN_POINT('',(0.315535793718,19.427135819531));
#2328 = CARTESIAN_POINT('',(0.415023396678,19.447969171519));
#2329 = CARTESIAN_POINT('',(0.453778227563,19.457075503839));
#2330 = CARTESIAN_POINT('',(0.491962445639,19.466982011054));
#2331 = CARTESIAN_POINT('',(0.529565273808,19.477611215176));
#2332 = CARTESIAN_POINT('',(0.566591814771,19.48889048727));
#2333 = CARTESIAN_POINT('',(0.693571891337,19.530209191269));
#2334 = CARTESIAN_POINT('',(0.780552226328,19.563248529235));
#2335 = CARTESIAN_POINT('',(0.864448693697,19.598949938031));
#2336 = CARTESIAN_POINT('',(0.94566834046,19.636611970869));
#2337 = CARTESIAN_POINT('',(1.024648039597,19.675744580169));
#2338 = CARTESIAN_POINT('',(1.188315389756,19.761123019926));
#2339 = CARTESIAN_POINT('',(1.272484513288,19.807614626823));
#2340 = CARTESIAN_POINT('',(1.355087259927,19.855068101403));
#2341 = CARTESIAN_POINT('',(1.436606068181,19.903136315345));
#2342 = CARTESIAN_POINT('',(1.517509899689,19.951530663817));
#2343 = CARTESIAN_POINT('',(1.598323738964,20.0000006));
#2344 = ( GEOMETRIC_REPRESENTATION_CONTEXT(2) 
PARAMETRIC_REPRESENTATION_CONTEXT() REPRESENTATION_CONTEXT('2D SPACE',''
  ) );
#2345 = ORIENTED_EDGE('',*,*,#2124,.T.);
#2346 = ORIENTED_EDGE('',*,*,#2347,.F.);
#2347 = EDGE_CURVE('',#2240,#2092,#2348,.T.);
#2348 = SURFACE_CURVE('',#2349,(#2372,#2398),.PCURVE_S1.);
#2349 = B_SPLINE_CURVE_WITH_KNOTS('',6,(#2350,#2351,#2352,#2353,#2354,
    #2355,#2356,#2357,#2358,#2359,#2360,#2361,#2362,#2363,#2364,#2365,
    #2366,#2367,#2368,#2369,#2370,#2371),.UNSPECIFIED.,.F.,.F.,(7,5,5,5,
    7),(0.,0.196675743891,0.325071057676,0.643746875987,1.),
  .UNSPECIFIED.);
#2350 = CARTESIAN_POINT('',(0.313671299639,9.152180875611,
    68.469181552678));
#2351 = CARTESIAN_POINT('',(0.343428677884,9.175416878184,68.46231152059
    ));
#2352 = CARTESIAN_POINT('',(0.375562289961,9.196317284617,
    68.457757867993));
#2353 = CARTESIAN_POINT('',(0.409611734765,9.214516742175,
    68.455630807055));
#2354 = CARTESIAN_POINT('',(0.445037742083,9.229869524722,
    68.455871487659));
#2355 = CARTESIAN_POINT('',(0.481328655425,9.242388766439,
    68.458324405271));
#2356 = CARTESIAN_POINT('',(0.541997519353,9.258579230122,
    68.465699249123));
#2357 = CARTESIAN_POINT('',(0.566147508577,9.263815992422,
    68.469469651062));
#2358 = CARTESIAN_POINT('',(0.590373317428,9.267927417179,
    68.474043771443));
#2359 = CARTESIAN_POINT('',(0.614581550436,9.270960312433,
    68.479363656331));
#2360 = CARTESIAN_POINT('',(0.638696894043,9.272968135651,
    68.485372153857));
#2361 = CARTESIAN_POINT('',(0.722143762469,9.276573549741,
    68.508512481931));
#2362 = CARTESIAN_POINT('',(0.780641187479,9.273150987964,
    68.528915695507));
#2363 = CARTESIAN_POINT('',(0.837391292534,9.264574283523,
    68.552454403908));
#2364 = CARTESIAN_POINT('',(0.891957486358,9.251584911411,
    68.578509504452));
#2365 = CARTESIAN_POINT('',(0.94413452543,9.234776723658,68.606625443497
    ));
#2366 = CARTESIAN_POINT('',(1.049434747819,9.191928115648,
    68.669939119616));
#2367 = CARTESIAN_POINT('',(1.101883893339,9.165057733272,
    68.705544705975));
#2368 = CARTESIAN_POINT('',(1.151051956363,9.134530548073,
    68.742894955542));
#2369 = CARTESIAN_POINT('',(1.196801759285,9.100763748835,
    68.781665280987));
#2370 = CARTESIAN_POINT('',(1.23900156482,9.064080958261,68.82158990156)
  );
#2371 = CARTESIAN_POINT('',(1.277466547812,9.024698567674,
    68.862454351792));
#2372 = PCURVE('',#2145,#2373);
#2373 = DEFINITIONAL_REPRESENTATION('',(#2374),#2397);
#2374 = B_SPLINE_CURVE_WITH_KNOTS('',6,(#2375,#2376,#2377,#2378,#2379,
    #2380,#2381,#2382,#2383,#2384,#2385,#2386,#2387,#2388,#2389,#2390,
    #2391,#2392,#2393,#2394,#2395,#2396),.UNSPECIFIED.,.F.,.F.,(7,5,5,5,
    7),(0.,0.196675743891,0.325071057676,0.643746875987,1.),
  .UNSPECIFIED.);
#2375 = CARTESIAN_POINT('',(-2.22119607087,0.));
#2376 = CARTESIAN_POINT('',(-2.217859148234,-5.976566234085E-18));
#2377 = CARTESIAN_POINT('',(-2.214521031878,-2.791547140679E-03));
#2378 = CARTESIAN_POINT('',(-2.211230004859,-8.378461145654E-03));
#2379 = CARTESIAN_POINT('',(-2.208025466796,-1.658209081857E-02));
#2380 = CARTESIAN_POINT('',(-2.204936482211,-2.713581953103E-02));
#2381 = CARTESIAN_POINT('',(-2.200055352358,-4.796917151889E-02));
#2382 = CARTESIAN_POINT('',(-2.198184469081,-5.707550383897E-02));
#2383 = CARTESIAN_POINT('',(-2.196375245421,-6.69820110543E-02));
#2384 = CARTESIAN_POINT('',(-2.194630476951,-7.761121517605E-02));
#2385 = CARTESIAN_POINT('',(-2.192951552829,-8.889048726981E-02));
#2386 = CARTESIAN_POINT('',(-2.187336197185,-0.130209191269));
#2387 = CARTESIAN_POINT('',(-2.183745537286,-0.163248529235));
#2388 = CARTESIAN_POINT('',(-2.180563979727,-0.198949938031));
#2389 = CARTESIAN_POINT('',(-2.177777365472,-0.236611970869));
#2390 = CARTESIAN_POINT('',(-2.175367474808,-0.275744580169));
#2391 = CARTESIAN_POINT('',(-2.171029437448,-0.36112292692));
#2392 = CARTESIAN_POINT('',(-2.16919410689,-0.407614434991));
#2393 = CARTESIAN_POINT('',(-2.167793270109,-0.455067807699));
#2394 = CARTESIAN_POINT('',(-2.166818183506,-0.503135918618));
#2395 = CARTESIAN_POINT('',(-2.166265681943,-0.5515301645));
#2396 = CARTESIAN_POINT('',(-2.166143247288,-0.6));
#2397 = ( GEOMETRIC_REPRESENTATION_CONTEXT(2) 
PARAMETRIC_REPRESENTATION_CONTEXT() REPRESENTATION_CONTEXT('2D SPACE',''
  ) );
#2398 = PCURVE('',#2112,#2399);
#2399 = DEFINITIONAL_REPRESENTATION('',(#2400),#2423);
#2400 = B_SPLINE_CURVE_WITH_KNOTS('',6,(#2401,#2402,#2403,#2404,#2405,
    #2406,#2407,#2408,#2409,#2410,#2411,#2412,#2413,#2414,#2415,#2416,
    #2417,#2418,#2419,#2420,#2421,#2422),.UNSPECIFIED.,.F.,.F.,(7,5,5,5,
    7),(0.,0.196675743891,0.325071057676,0.643746875987,1.),
  .UNSPECIFIED.);
#2401 = CARTESIAN_POINT('',(1.7763568394E-15,19.4));
#2402 = CARTESIAN_POINT('',(-6.395768385098E-02,19.4));
#2403 = CARTESIAN_POINT('',(-0.127938157079,19.402791547141));
#2404 = CARTESIAN_POINT('',(-0.1914163937,19.408378461146));
#2405 = CARTESIAN_POINT('',(-0.254036281227,19.416582090819));
#2406 = CARTESIAN_POINT('',(-0.315535793718,19.427135819531));
#2407 = CARTESIAN_POINT('',(-0.415023396678,19.447969171519));
#2408 = CARTESIAN_POINT('',(-0.453778227563,19.457075503839));
#2409 = CARTESIAN_POINT('',(-0.491962445639,19.466982011054));
#2410 = CARTESIAN_POINT('',(-0.529565273808,19.477611215176));
#2411 = CARTESIAN_POINT('',(-0.566591814771,19.48889048727));
#2412 = CARTESIAN_POINT('',(-0.693571891337,19.530209191269));
#2413 = CARTESIAN_POINT('',(-0.780552226328,19.563248529235));
#2414 = CARTESIAN_POINT('',(-0.864448693697,19.598949938031));
#2415 = CARTESIAN_POINT('',(-0.94566834046,19.636611970869));
#2416 = CARTESIAN_POINT('',(-1.024648039597,19.675744580169));
#2417 = CARTESIAN_POINT('',(-1.188315211467,19.76112292692));
#2418 = CARTESIAN_POINT('',(-1.272484165993,19.807614434991));
#2419 = CARTESIAN_POINT('',(-1.355086748683,19.855067807699));
#2420 = CARTESIAN_POINT('',(-1.436605395358,19.903135918618));
#2421 = CARTESIAN_POINT('',(-1.517509064957,19.9515301645));
#2422 = CARTESIAN_POINT('',(-1.598322738585,20.));
#2423 = ( GEOMETRIC_REPRESENTATION_CONTEXT(2) 
PARAMETRIC_REPRESENTATION_CONTEXT() REPRESENTATION_CONTEXT('2D SPACE',''
  ) );
#2424 = ADVANCED_FACE('',(#2425),#2256,.T.);
#2425 = FACE_BOUND('',#2426,.T.);
#2426 = EDGE_LOOP('',(#2427,#2450,#2478,#2499));
#2427 = ORIENTED_EDGE('',*,*,#2428,.F.);
#2428 = EDGE_CURVE('',#2429,#2240,#2431,.T.);
#2429 = VERTEX_POINT('',#2430);
#2430 = CARTESIAN_POINT('',(-4.050379154632,9.152180875611,
    49.566402295844));
#2431 = SURFACE_CURVE('',#2432,(#2436,#2443),.PCURVE_S1.);
#2432 = LINE('',#2433,#2434);
#2433 = CARTESIAN_POINT('',(-4.050379154632,9.152180875611,
    49.566402295844));
#2434 = VECTOR('',#2435,1.);
#2435 = DIRECTION('',(0.224951054344,0.,0.974370064785));
#2436 = PCURVE('',#2256,#2437);
#2437 = DEFINITIONAL_REPRESENTATION('',(#2438),#2442);
#2438 = LINE('',#2439,#2440);
#2439 = CARTESIAN_POINT('',(2.22119607087,0.));
#2440 = VECTOR('',#2441,1.);
#2441 = DIRECTION('',(0.,1.));
#2442 = ( GEOMETRIC_REPRESENTATION_CONTEXT(2) 
PARAMETRIC_REPRESENTATION_CONTEXT() REPRESENTATION_CONTEXT('2D SPACE',''
  ) );
#2443 = PCURVE('',#2112,#2444);
#2444 = DEFINITIONAL_REPRESENTATION('',(#2445),#2449);
#2445 = LINE('',#2446,#2447);
#2446 = CARTESIAN_POINT('',(-0.,0.));
#2447 = VECTOR('',#2448,1.);
#2448 = DIRECTION('',(-0.,1.));
#2449 = ( GEOMETRIC_REPRESENTATION_CONTEXT(2) 
PARAMETRIC_REPRESENTATION_CONTEXT() REPRESENTATION_CONTEXT('2D SPACE',''
  ) );
#2450 = ORIENTED_EDGE('',*,*,#2451,.F.);
#2451 = EDGE_CURVE('',#2452,#2429,#2454,.T.);
#2452 = VERTEX_POINT('',#2453);
#2453 = CARTESIAN_POINT('',(9.519288353111,9.152180875611,
    46.433597704156));
#2454 = SURFACE_CURVE('',#2455,(#2460,#2467),.PCURVE_S1.);
#2455 = CIRCLE('',#2456,11.5);
#2456 = AXIS2_PLACEMENT_3D('',#2457,#2458,#2459);
#2457 = CARTESIAN_POINT('',(2.734454599239,0.,48.));
#2458 = DIRECTION('',(-0.224951054344,-2.359223927328E-16,
    -0.974370064785));
#2459 = DIRECTION('',(0.589985543815,0.795841815271,-0.136208895291));
#2460 = PCURVE('',#2256,#2461);
#2461 = DEFINITIONAL_REPRESENTATION('',(#2462),#2466);
#2462 = LINE('',#2463,#2464);
#2463 = CARTESIAN_POINT('',(7.2035818899,0.));
#2464 = VECTOR('',#2465,1.);
#2465 = DIRECTION('',(-1.,-0.));
#2466 = ( GEOMETRIC_REPRESENTATION_CONTEXT(2) 
PARAMETRIC_REPRESENTATION_CONTEXT() REPRESENTATION_CONTEXT('2D SPACE',''
  ) );
#2467 = PCURVE('',#448,#2468);
#2468 = DEFINITIONAL_REPRESENTATION('',(#2469),#2477);
#2469 = ( BOUNDED_CURVE() B_SPLINE_CURVE(2,(#2470,#2471,#2472,#2473,
#2474,#2475,#2476),.UNSPECIFIED.,.T.,.F.) B_SPLINE_CURVE_WITH_KNOTS((1,2
    ,2,2,2,1),(-2.094395102393,0.,2.094395102393,4.188790204786,
6.28318530718,8.377580409573),.UNSPECIFIED.) CURVE() 
GEOMETRIC_REPRESENTATION_ITEM() RATIONAL_B_SPLINE_CURVE((1.,0.5,1.,0.5,
1.,0.5,1.)) REPRESENTATION_ITEM('') );
#2470 = CARTESIAN_POINT('',(6.09250980103,11.648368063642));
#2471 = CARTESIAN_POINT('',(25.279750098328,16.996247061316));
#2472 = CARTESIAN_POINT('',(20.317529018029,-2.294329963497));
#2473 = CARTESIAN_POINT('',(15.355307937731,-21.58490698831));
#2474 = CARTESIAN_POINT('',(1.130288720731,-7.642208961171));
#2475 = CARTESIAN_POINT('',(-13.09473049626,6.300489065969));
#2476 = CARTESIAN_POINT('',(6.09250980103,11.648368063642));
#2477 = ( GEOMETRIC_REPRESENTATION_CONTEXT(2) 
PARAMETRIC_REPRESENTATION_CONTEXT() REPRESENTATION_CONTEXT('2D SPACE',''
  ) );
#2478 = ORIENTED_EDGE('',*,*,#2479,.T.);
#2479 = EDGE_CURVE('',#2452,#2238,#2480,.T.);
#2480 = SURFACE_CURVE('',#2481,(#2485,#2492),.PCURVE_S1.);
#2481 = LINE('',#2482,#2483);
#2482 = CARTESIAN_POINT('',(9.519288353111,9.152180875611,
    46.433597704156));
#2483 = VECTOR('',#2484,1.);
#2484 = DIRECTION('',(0.224951054344,0.,0.974370064785));
#2485 = PCURVE('',#2256,#2486);
#2486 = DEFINITIONAL_REPRESENTATION('',(#2487),#2491);
#2487 = LINE('',#2488,#2489);
#2488 = CARTESIAN_POINT('',(7.2035818899,0.));
#2489 = VECTOR('',#2490,1.);
#2490 = DIRECTION('',(0.,1.));
#2491 = ( GEOMETRIC_REPRESENTATION_CONTEXT(2) 
PARAMETRIC_REPRESENTATION_CONTEXT() REPRESENTATION_CONTEXT('2D SPACE',''
  ) );
#2492 = PCURVE('',#1974,#2493);
#2493 = DEFINITIONAL_REPRESENTATION('',(#2494),#2498);
#2494 = LINE('',#2495,#2496);
#2495 = CARTESIAN_POINT('',(0.,0.));
#2496 = VECTOR('',#2497,1.);
#2497 = DIRECTION('',(0.,1.));
#2498 = ( GEOMETRIC_REPRESENTATION_CONTEXT(2) 
PARAMETRIC_REPRESENTATION_CONTEXT() REPRESENTATION_CONTEXT('2D SPACE',''
  ) );
#2499 = ORIENTED_EDGE('',*,*,#2237,.T.);
#2500 = ADVANCED_FACE('',(#2501),#2112,.T.);
#2501 = FACE_BOUND('',#2502,.F.);
#2502 = EDGE_LOOP('',(#2503,#2504,#2530,#2551,#2552));
#2503 = ORIENTED_EDGE('',*,*,#2428,.F.);
#2504 = ORIENTED_EDGE('',*,*,#2505,.T.);
#2505 = EDGE_CURVE('',#2429,#882,#2506,.T.);
#2506 = SURFACE_CURVE('',#2507,(#2512,#2519),.PCURVE_S1.);
#2507 = CIRCLE('',#2508,0.6);
#2508 = AXIS2_PLACEMENT_3D('',#2509,#2510,#2511);
#2509 = CARTESIAN_POINT('',(-3.696387828343,8.674675786449,
    49.48467695867));
#2510 = DIRECTION('',(-0.224951054344,-0.,-0.974370064785));
#2511 = DIRECTION('',(0.,-1.,0.));
#2512 = PCURVE('',#2112,#2513);
#2513 = DEFINITIONAL_REPRESENTATION('',(#2514),#2518);
#2514 = LINE('',#2515,#2516);
#2515 = CARTESIAN_POINT('',(2.491192909515,-0.));
#2516 = VECTOR('',#2517,1.);
#2517 = DIRECTION('',(-1.,0.));
#2518 = ( GEOMETRIC_REPRESENTATION_CONTEXT(2) 
PARAMETRIC_REPRESENTATION_CONTEXT() REPRESENTATION_CONTEXT('2D SPACE',''
  ) );
#2519 = PCURVE('',#448,#2520);
#2520 = DEFINITIONAL_REPRESENTATION('',(#2521),#2529);
#2521 = ( BOUNDED_CURVE() B_SPLINE_CURVE(2,(#2522,#2523,#2524,#2525,
#2526,#2527,#2528),.UNSPECIFIED.,.T.,.F.) B_SPLINE_CURVE_WITH_KNOTS((1,2
    ,2,2,2,1),(-2.094395102393,0.,2.094395102393,4.188790204786,
6.28318530718,8.377580409573),.UNSPECIFIED.) CURVE() 
GEOMETRIC_REPRESENTATION_ITEM() RATIONAL_B_SPLINE_CURVE((1.,0.5,1.,0.5,
1.,0.5,1.)) REPRESENTATION_ITEM('') );
#2522 = CARTESIAN_POINT('',(-1.241705317523,0.188285718287));
#2523 = CARTESIAN_POINT('',(-1.869453641884,-0.63992442489));
#2524 = CARTESIAN_POINT('',(-2.272830503367,0.317826642778));
#2525 = CARTESIAN_POINT('',(-2.67620736485,1.275577710447));
#2526 = CARTESIAN_POINT('',(-1.645082179006,1.146036785955));
#2527 = CARTESIAN_POINT('',(-0.613956993162,1.016495861464));
#2528 = CARTESIAN_POINT('',(-1.241705317523,0.188285718287));
#2529 = ( GEOMETRIC_REPRESENTATION_CONTEXT(2) 
PARAMETRIC_REPRESENTATION_CONTEXT() REPRESENTATION_CONTEXT('2D SPACE',''
  ) );
#2530 = ORIENTED_EDGE('',*,*,#2531,.T.);
#2531 = EDGE_CURVE('',#882,#2069,#2532,.T.);
#2532 = SURFACE_CURVE('',#2533,(#2537,#2544),.PCURVE_S1.);
#2533 = LINE('',#2534,#2535);
#2534 = CARTESIAN_POINT('',(-3.111765789472,8.674675786449,
    49.349706326063));
#2535 = VECTOR('',#2536,1.);
#2536 = DIRECTION('',(0.224951054344,0.,0.974370064785));
#2537 = PCURVE('',#2112,#2538);
#2538 = DEFINITIONAL_REPRESENTATION('',(#2539),#2543);
#2539 = LINE('',#2540,#2541);
#2540 = CARTESIAN_POINT('',(-2.22119607087,0.));
#2541 = VECTOR('',#2542,1.);
#2542 = DIRECTION('',(-0.,1.));
#2543 = ( GEOMETRIC_REPRESENTATION_CONTEXT(2) 
PARAMETRIC_REPRESENTATION_CONTEXT() REPRESENTATION_CONTEXT('2D SPACE',''
  ) );
#2544 = PCURVE('',#953,#2545);
#2545 = DEFINITIONAL_REPRESENTATION('',(#2546),#2550);
#2546 = LINE('',#2547,#2548);
#2547 = CARTESIAN_POINT('',(1.,-8.674675786449));
#2548 = VECTOR('',#2549,1.);
#2549 = DIRECTION('',(1.,0.));
#2550 = ( GEOMETRIC_REPRESENTATION_CONTEXT(2) 
PARAMETRIC_REPRESENTATION_CONTEXT() REPRESENTATION_CONTEXT('2D SPACE',''
  ) );
#2551 = ORIENTED_EDGE('',*,*,#2091,.F.);
#2552 = ORIENTED_EDGE('',*,*,#2347,.F.);
#2553 = ADVANCED_FACE('',(#2554),#1974,.T.);
#2554 = FACE_BOUND('',#2555,.T.);
#2555 = EDGE_LOOP('',(#2556,#2557,#2579,#2580,#2581));
#2556 = ORIENTED_EDGE('',*,*,#2479,.F.);
#2557 = ORIENTED_EDGE('',*,*,#2558,.T.);
#2558 = EDGE_CURVE('',#2452,#1833,#2559,.T.);
#2559 = SURFACE_CURVE('',#2560,(#2565,#2572),.PCURVE_S1.);
#2560 = CIRCLE('',#2561,0.6);
#2561 = AXIS2_PLACEMENT_3D('',#2562,#2563,#2564);
#2562 = CARTESIAN_POINT('',(9.165297026822,8.674675786449,46.51532304133
    ));
#2563 = DIRECTION('',(0.224951054344,0.,0.974370064785));
#2564 = DIRECTION('',(0.,-1.,0.));
#2565 = PCURVE('',#1974,#2566);
#2566 = DEFINITIONAL_REPRESENTATION('',(#2567),#2571);
#2567 = LINE('',#2568,#2569);
#2568 = CARTESIAN_POINT('',(-2.491192909515,0.));
#2569 = VECTOR('',#2570,1.);
#2570 = DIRECTION('',(1.,0.));
#2571 = ( GEOMETRIC_REPRESENTATION_CONTEXT(2) 
PARAMETRIC_REPRESENTATION_CONTEXT() REPRESENTATION_CONTEXT('2D SPACE',''
  ) );
#2572 = PCURVE('',#448,#2573);
#2573 = DEFINITIONAL_REPRESENTATION('',(#2574),#2578);
#2574 = CIRCLE('',#2575,0.6);
#2575 = AXIS2_PLACEMENT_2D('',#2576,#2577);
#2576 = CARTESIAN_POINT('',(6.253601942538,11.070398062739));
#2577 = DIRECTION('',(0.796945581848,-0.604051106755));
#2578 = ( GEOMETRIC_REPRESENTATION_CONTEXT(2) 
PARAMETRIC_REPRESENTATION_CONTEXT() REPRESENTATION_CONTEXT('2D SPACE',''
  ) );
#2579 = ORIENTED_EDGE('',*,*,#1958,.T.);
#2580 = ORIENTED_EDGE('',*,*,#2157,.F.);
#2581 = ORIENTED_EDGE('',*,*,#2268,.F.);
#2582 = ADVANCED_FACE('',(#2583),#1820,.F.);
#2583 = FACE_BOUND('',#2584,.F.);
#2584 = EDGE_LOOP('',(#2585,#2619,#2640,#2661,#2662));
#2585 = ORIENTED_EDGE('',*,*,#2586,.T.);
#2586 = EDGE_CURVE('',#2587,#2589,#2591,.T.);
#2587 = VERTEX_POINT('',#2588);
#2588 = CARTESIAN_POINT('',(6.,9.90201999594,0.32200362757));
#2589 = VERTEX_POINT('',#2590);
#2590 = CARTESIAN_POINT('',(6.,10.276672613254,0.));
#2591 = SURFACE_CURVE('',#2592,(#2597,#2604),.PCURVE_S1.);
#2592 = HYPERBOLA('',#2593,6.,6.);
#2593 = AXIS2_PLACEMENT_3D('',#2594,#2595,#2596);
#2594 = CARTESIAN_POINT('',(6.,0.,11.9));
#2595 = DIRECTION('',(1.,0.,0.));
#2596 = DIRECTION('',(0.,0.,-1.));
#2597 = PCURVE('',#1820,#2598);
#2598 = DEFINITIONAL_REPRESENTATION('',(#2599),#2603);
#2599 = ( BOUNDED_CURVE() B_SPLINE_CURVE(2,(#2600,#2601,#2602),
.UNSPECIFIED.,.F.,.F.) B_SPLINE_CURVE_WITH_KNOTS((3,3),(1.257554782202,
1.307281484004),.PIECEWISE_BEZIER_KNOTS.) CURVE() 
GEOMETRIC_REPRESENTATION_ITEM() RATIONAL_B_SPLINE_CURVE((1.,
1.000309109032,1.)) REPRESENTATION_ITEM('') );
#2600 = CARTESIAN_POINT('',(1.496519802355,-9.697389371273));
#2601 = CARTESIAN_POINT('',(1.255459878855,-9.980859690844));
#2602 = CARTESIAN_POINT('',(1.,-10.27667261325));
#2603 = ( GEOMETRIC_REPRESENTATION_CONTEXT(2) 
PARAMETRIC_REPRESENTATION_CONTEXT() REPRESENTATION_CONTEXT('2D SPACE',''
  ) );
#2604 = PCURVE('',#2605,#2610);
#2605 = CONICAL_SURFACE('',#2606,11.9,0.785398163397);
#2606 = AXIS2_PLACEMENT_3D('',#2607,#2608,#2609);
#2607 = CARTESIAN_POINT('',(0.,0.,0.));
#2608 = DIRECTION('',(-0.,-0.,-1.));
#2609 = DIRECTION('',(1.,0.,-0.));
#2610 = DEFINITIONAL_REPRESENTATION('',(#2611),#2618);
#2611 = B_SPLINE_CURVE_WITH_KNOTS('',5,(#2612,#2613,#2614,#2615,#2616,
    #2617),.UNSPECIFIED.,.F.,.F.,(6,6),(1.275363562441,1.307281484004),
  .PIECEWISE_BEZIER_KNOTS.);
#2612 = CARTESIAN_POINT('',(-7.309208145859,-0.32200362757));
#2613 = CARTESIAN_POINT('',(-7.312516274886,-0.25879324806));
#2614 = CARTESIAN_POINT('',(-7.31580182789,-0.194993112209));
#2615 = CARTESIAN_POINT('',(-7.319064934871,-0.1305978537));
#2616 = CARTESIAN_POINT('',(-7.322305728173,-6.560200607968E-02));
#2617 = CARTESIAN_POINT('',(-7.325524342112,-3.552713678801E-15));
#2618 = ( GEOMETRIC_REPRESENTATION_CONTEXT(2) 
PARAMETRIC_REPRESENTATION_CONTEXT() REPRESENTATION_CONTEXT('2D SPACE',''
  ) );
#2619 = ORIENTED_EDGE('',*,*,#2620,.T.);
#2620 = EDGE_CURVE('',#2589,#2621,#2623,.T.);
#2621 = VERTEX_POINT('',#2622);
#2622 = CARTESIAN_POINT('',(6.,11.948326242617,0.));
#2623 = SURFACE_CURVE('',#2624,(#2628,#2634),.PCURVE_S1.);
#2624 = LINE('',#2625,#2626);
#2625 = CARTESIAN_POINT('',(6.,0.,0.));
#2626 = VECTOR('',#2627,1.);
#2627 = DIRECTION('',(0.,1.,0.));
#2628 = PCURVE('',#1820,#2629);
#2629 = DEFINITIONAL_REPRESENTATION('',(#2630),#2633);
#2630 = B_SPLINE_CURVE_WITH_KNOTS('',1,(#2631,#2632),.UNSPECIFIED.,.F.,
  .F.,(2,2),(0.,14.25),.PIECEWISE_BEZIER_KNOTS.);
#2631 = CARTESIAN_POINT('',(1.,0.));
#2632 = CARTESIAN_POINT('',(1.,-14.25));
#2633 = ( GEOMETRIC_REPRESENTATION_CONTEXT(2) 
PARAMETRIC_REPRESENTATION_CONTEXT() REPRESENTATION_CONTEXT('2D SPACE',''
  ) );
#2634 = PCURVE('',#45,#2635);
#2635 = DEFINITIONAL_REPRESENTATION('',(#2636),#2639);
#2636 = B_SPLINE_CURVE_WITH_KNOTS('',1,(#2637,#2638),.UNSPECIFIED.,.F.,
  .F.,(2,2),(0.,14.25),.PIECEWISE_BEZIER_KNOTS.);
#2637 = CARTESIAN_POINT('',(6.,0.));
#2638 = CARTESIAN_POINT('',(6.,14.25));
#2639 = ( GEOMETRIC_REPRESENTATION_CONTEXT(2) 
PARAMETRIC_REPRESENTATION_CONTEXT() REPRESENTATION_CONTEXT('2D SPACE',''
  ) );
#2640 = ORIENTED_EDGE('',*,*,#2641,.T.);
#2641 = EDGE_CURVE('',#2621,#1806,#2642,.T.);
#2642 = SURFACE_CURVE('',#2643,(#2647,#2654),.PCURVE_S1.);
#2643 = LINE('',#2644,#2645);
#2644 = CARTESIAN_POINT('',(6.,11.948326242617,0.));
#2645 = VECTOR('',#2646,1.);
#2646 = DIRECTION('',(0.,0.,1.));
#2647 = PCURVE('',#1820,#2648);
#2648 = DEFINITIONAL_REPRESENTATION('',(#2649),#2653);
#2649 = LINE('',#2650,#2651);
#2650 = CARTESIAN_POINT('',(1.,-11.94832624261));
#2651 = VECTOR('',#2652,1.);
#2652 = DIRECTION('',(1.,0.));
#2653 = ( GEOMETRIC_REPRESENTATION_CONTEXT(2) 
PARAMETRIC_REPRESENTATION_CONTEXT() REPRESENTATION_CONTEXT('2D SPACE',''
  ) );
#2654 = PCURVE('',#73,#2655);
#2655 = DEFINITIONAL_REPRESENTATION('',(#2656),#2660);
#2656 = LINE('',#2657,#2658);
#2657 = CARTESIAN_POINT('',(2.075463901559,0.));
#2658 = VECTOR('',#2659,1.);
#2659 = DIRECTION('',(0.,1.));
#2660 = ( GEOMETRIC_REPRESENTATION_CONTEXT(2) 
PARAMETRIC_REPRESENTATION_CONTEXT() REPRESENTATION_CONTEXT('2D SPACE',''
  ) );
#2661 = ORIENTED_EDGE('',*,*,#1805,.F.);
#2662 = ORIENTED_EDGE('',*,*,#2663,.F.);
#2663 = EDGE_CURVE('',#2587,#1582,#2664,.T.);
#2664 = SURFACE_CURVE('',#2665,(#2669,#2676),.PCURVE_S1.);
#2665 = LINE('',#2666,#2667);
#2666 = CARTESIAN_POINT('',(6.,9.90201999594,0.));
#2667 = VECTOR('',#2668,1.);
#2668 = DIRECTION('',(0.,0.,1.));
#2669 = PCURVE('',#1820,#2670);
#2670 = DEFINITIONAL_REPRESENTATION('',(#2671),#2675);
#2671 = LINE('',#2672,#2673);
#2672 = CARTESIAN_POINT('',(1.,-9.90201999594));
#2673 = VECTOR('',#2674,1.);
#2674 = DIRECTION('',(1.,0.));
#2675 = ( GEOMETRIC_REPRESENTATION_CONTEXT(2) 
PARAMETRIC_REPRESENTATION_CONTEXT() REPRESENTATION_CONTEXT('2D SPACE',''
  ) );
#2676 = PCURVE('',#1597,#2677);
#2677 = DEFINITIONAL_REPRESENTATION('',(#2678),#2682);
#2678 = LINE('',#2679,#2680);
#2679 = CARTESIAN_POINT('',(-0.982887882251,0.));
#2680 = VECTOR('',#2681,1.);
#2681 = DIRECTION('',(-0.,1.));
#2682 = ( GEOMETRIC_REPRESENTATION_CONTEXT(2) 
PARAMETRIC_REPRESENTATION_CONTEXT() REPRESENTATION_CONTEXT('2D SPACE',''
  ) );
#2683 = ADVANCED_FACE('',(#2684),#2605,.F.);
#2684 = FACE_BOUND('',#2685,.F.);
#2685 = EDGE_LOOP('',(#2686,#2710,#2711,#2761,#2785,#2835));
#2686 = ORIENTED_EDGE('',*,*,#2687,.T.);
#2687 = EDGE_CURVE('',#2688,#2589,#2690,.T.);
#2688 = VERTEX_POINT('',#2689);
#2689 = CARTESIAN_POINT('',(-6.,10.276672613254,0.));
#2690 = SURFACE_CURVE('',#2691,(#2696,#2703),.PCURVE_S1.);
#2691 = CIRCLE('',#2692,11.9);
#2692 = AXIS2_PLACEMENT_3D('',#2693,#2694,#2695);
#2693 = CARTESIAN_POINT('',(0.,0.,0.));
#2694 = DIRECTION('',(0.,0.,1.));
#2695 = DIRECTION('',(-0.504201680672,0.863585933887,0.));
#2696 = PCURVE('',#2605,#2697);
#2697 = DEFINITIONAL_REPRESENTATION('',(#2698),#2702);
#2698 = LINE('',#2699,#2700);
#2699 = CARTESIAN_POINT('',(-2.099253618657,-0.));
#2700 = VECTOR('',#2701,1.);
#2701 = DIRECTION('',(-1.,-0.));
#2702 = ( GEOMETRIC_REPRESENTATION_CONTEXT(2) 
PARAMETRIC_REPRESENTATION_CONTEXT() REPRESENTATION_CONTEXT('2D SPACE',''
  ) );
#2703 = PCURVE('',#45,#2704);
#2704 = DEFINITIONAL_REPRESENTATION('',(#2705),#2709);
#2705 = CIRCLE('',#2706,11.9);
#2706 = AXIS2_PLACEMENT_2D('',#2707,#2708);
#2707 = CARTESIAN_POINT('',(0.,0.));
#2708 = DIRECTION('',(-0.504201680672,0.863585933887));
#2709 = ( GEOMETRIC_REPRESENTATION_CONTEXT(2) 
PARAMETRIC_REPRESENTATION_CONTEXT() REPRESENTATION_CONTEXT('2D SPACE',''
  ) );
#2710 = ORIENTED_EDGE('',*,*,#2586,.F.);
#2711 = ORIENTED_EDGE('',*,*,#2712,.F.);
#2712 = EDGE_CURVE('',#2713,#2587,#2715,.T.);
#2713 = VERTEX_POINT('',#2714);
#2714 = CARTESIAN_POINT('',(6.267226890756,9.40275848354,0.6));
#2715 = SURFACE_CURVE('',#2716,(#2729,#2745),.PCURVE_S1.);
#2716 = B_SPLINE_CURVE_WITH_KNOTS('',6,(#2717,#2718,#2719,#2720,#2721,
    #2722,#2723,#2724,#2725,#2726,#2727,#2728),.UNSPECIFIED.,.F.,.F.,(7,
    5,7),(0.,0.453540003523,1.),.UNSPECIFIED.);
#2717 = CARTESIAN_POINT('',(6.267226890756,9.40275848354,0.6));
#2718 = CARTESIAN_POINT('',(6.225053112966,9.430868599812,0.6));
#2719 = CARTESIAN_POINT('',(6.185714962943,9.46326312676,0.594589551278)
  );
#2720 = CARTESIAN_POINT('',(6.150531702078,9.499069023534,0.583762261191
    ));
#2721 = CARTESIAN_POINT('',(6.119981648075,9.537091844817,0.56830815628)
  );
#2722 = CARTESIAN_POINT('',(6.094046838869,9.576354288206,0.549122901449
    ));
#2723 = CARTESIAN_POINT('',(6.046517060766,9.664053677387,0.500349080253
    ));
#2724 = CARTESIAN_POINT('',(6.026870751519,9.712776164997,0.469404430655
    ));
#2725 = CARTESIAN_POINT('',(6.012974719804,9.76137450145,0.435351335554)
  );
#2726 = CARTESIAN_POINT('',(6.004199858897,9.809280018458,0.39908412782)
  );
#2727 = CARTESIAN_POINT('',(6.,9.856194113763,0.361195970274));
#2728 = CARTESIAN_POINT('',(6.,9.90201999594,0.32200362757));
#2729 = PCURVE('',#2605,#2730);
#2730 = DEFINITIONAL_REPRESENTATION('',(#2731),#2744);
#2731 = B_SPLINE_CURVE_WITH_KNOTS('',6,(#2732,#2733,#2734,#2735,#2736,
    #2737,#2738,#2739,#2740,#2741,#2742,#2743),.UNSPECIFIED.,.F.,.F.,(7,
    5,7),(0.,0.453540003523,1.),.UNSPECIFIED.);
#2732 = CARTESIAN_POINT('',(-7.266073189431,-0.6));
#2733 = CARTESIAN_POINT('',(-7.270558445312,-0.6));
#2734 = CARTESIAN_POINT('',(-7.27504519313,-0.594589551278));
#2735 = CARTESIAN_POINT('',(-7.27938383846,-0.583762261191));
#2736 = CARTESIAN_POINT('',(-7.283471301193,-0.56830815628));
#2737 = CARTESIAN_POINT('',(-7.287258926936,-0.549122901449));
#2738 = CARTESIAN_POINT('',(-7.294909826041,-0.500349080253));
#2739 = CARTESIAN_POINT('',(-7.298634334894,-0.469404430655));
#2740 = CARTESIAN_POINT('',(-7.30189982987,-0.435351335554));
#2741 = CARTESIAN_POINT('',(-7.304730258375,-0.39908412782));
#2742 = CARTESIAN_POINT('',(-7.307157006037,-0.361195970274));
#2743 = CARTESIAN_POINT('',(-7.309208145859,-0.32200362757));
#2744 = ( GEOMETRIC_REPRESENTATION_CONTEXT(2) 
PARAMETRIC_REPRESENTATION_CONTEXT() REPRESENTATION_CONTEXT('2D SPACE',''
  ) );
#2745 = PCURVE('',#1597,#2746);
#2746 = DEFINITIONAL_REPRESENTATION('',(#2747),#2760);
#2747 = B_SPLINE_CURVE_WITH_KNOTS('',6,(#2748,#2749,#2750,#2751,#2752,
    #2753,#2754,#2755,#2756,#2757,#2758,#2759),.UNSPECIFIED.,.F.,.F.,(7,
    5,7),(0.,0.453540003523,1.),.UNSPECIFIED.);
#2748 = CARTESIAN_POINT('',(-1.480297366167E-15,0.6));
#2749 = CARTESIAN_POINT('',(-8.447231910167E-02,0.6));
#2750 = CARTESIAN_POINT('',(-0.168971075485,0.594589551278));
#2751 = CARTESIAN_POINT('',(-0.25195429119,0.583762261191));
#2752 = CARTESIAN_POINT('',(-0.332708733894,0.56830815628));
#2753 = CARTESIAN_POINT('',(-0.41083466689,0.549122901449));
#2754 = CARTESIAN_POINT('',(-0.577086339139,0.500349080253));
#2755 = CARTESIAN_POINT('',(-0.664081783404,0.469404430655));
#2756 = CARTESIAN_POINT('',(-0.74767727956,0.435351335554));
#2757 = CARTESIAN_POINT('',(-0.828321131632,0.39908412782));
#2758 = CARTESIAN_POINT('',(-0.906511411955,0.361195970274));
#2759 = CARTESIAN_POINT('',(-0.982887882251,0.32200362757));
#2760 = ( GEOMETRIC_REPRESENTATION_CONTEXT(2) 
PARAMETRIC_REPRESENTATION_CONTEXT() REPRESENTATION_CONTEXT('2D SPACE',''
  ) );
#2761 = ORIENTED_EDGE('',*,*,#2762,.F.);
#2762 = EDGE_CURVE('',#2763,#2713,#2765,.T.);
#2763 = VERTEX_POINT('',#2764);
#2764 = CARTESIAN_POINT('',(-6.267226890756,9.40275848354,0.6));
#2765 = SURFACE_CURVE('',#2766,(#2771,#2778),.PCURVE_S1.);
#2766 = CIRCLE('',#2767,11.3);
#2767 = AXIS2_PLACEMENT_3D('',#2768,#2769,#2770);
#2768 = CARTESIAN_POINT('',(0.,0.,0.6));
#2769 = DIRECTION('',(0.,0.,1.));
#2770 = DIRECTION('',(-0.554621848739,0.832102520667,0.));
#2771 = PCURVE('',#2605,#2772);
#2772 = DEFINITIONAL_REPRESENTATION('',(#2773),#2777);
#2773 = LINE('',#2774,#2775);
#2774 = CARTESIAN_POINT('',(-2.158704771339,-0.6));
#2775 = VECTOR('',#2776,1.);
#2776 = DIRECTION('',(-1.,-0.));
#2777 = ( GEOMETRIC_REPRESENTATION_CONTEXT(2) 
PARAMETRIC_REPRESENTATION_CONTEXT() REPRESENTATION_CONTEXT('2D SPACE',''
  ) );
#2778 = PCURVE('',#1373,#2779);
#2779 = DEFINITIONAL_REPRESENTATION('',(#2780),#2784);
#2780 = LINE('',#2781,#2782);
#2781 = CARTESIAN_POINT('',(2.158704771339,1.6));
#2782 = VECTOR('',#2783,1.);
#2783 = DIRECTION('',(1.,0.));
#2784 = ( GEOMETRIC_REPRESENTATION_CONTEXT(2) 
PARAMETRIC_REPRESENTATION_CONTEXT() REPRESENTATION_CONTEXT('2D SPACE',''
  ) );
#2785 = ORIENTED_EDGE('',*,*,#2786,.F.);
#2786 = EDGE_CURVE('',#2787,#2763,#2789,.T.);
#2787 = VERTEX_POINT('',#2788);
#2788 = CARTESIAN_POINT('',(-6.,9.90201999594,0.32200362757));
#2789 = SURFACE_CURVE('',#2790,(#2803,#2819),.PCURVE_S1.);
#2790 = B_SPLINE_CURVE_WITH_KNOTS('',6,(#2791,#2792,#2793,#2794,#2795,
    #2796,#2797,#2798,#2799,#2800,#2801,#2802),.UNSPECIFIED.,.F.,.F.,(7,
    5,7),(0.,0.551827812072,1.),.UNSPECIFIED.);
#2791 = CARTESIAN_POINT('',(-6.,9.90201999594,0.32200362757));
#2792 = CARTESIAN_POINT('',(-6.,9.855741182064,0.361583337707));
#2793 = CARTESIAN_POINT('',(-6.00428326933,9.808356027796,0.399829984807
    ));
#2794 = CARTESIAN_POINT('',(-6.013235096585,9.759960037699,0.43642145324
    ));
#2795 = CARTESIAN_POINT('',(-6.027420679427,9.710860997837,
    0.470745148177));
#2796 = CARTESIAN_POINT('',(-6.047491273642,9.661652422989,
    0.501870827397));
#2797 = CARTESIAN_POINT('',(-6.095590142693,9.574029884024,
    0.550254153123));
#2798 = CARTESIAN_POINT('',(-6.121432533605,9.535293334066,
    0.569035740618));
#2799 = CARTESIAN_POINT('',(-6.151783103919,9.49779781216,0.584145330118
    ));
#2800 = CARTESIAN_POINT('',(-6.186649764094,9.462493760445,0.59471773758
    ));
#2801 = CARTESIAN_POINT('',(-6.225555466758,9.430533765604,0.6));
#2802 = CARTESIAN_POINT('',(-6.267226890756,9.40275848354,0.6));
#2803 = PCURVE('',#2605,#2804);
#2804 = DEFINITIONAL_REPRESENTATION('',(#2805),#2818);
#2805 = B_SPLINE_CURVE_WITH_KNOTS('',6,(#2806,#2807,#2808,#2809,#2810,
    #2811,#2812,#2813,#2814,#2815,#2816,#2817),.UNSPECIFIED.,.F.,.F.,(7,
    5,7),(0.,0.551827812072,1.),.UNSPECIFIED.);
#2806 = CARTESIAN_POINT('',(-2.115569814911,-0.32200362757));
#2807 = CARTESIAN_POINT('',(-2.117641227692,-0.361583337707));
#2808 = CARTESIAN_POINT('',(-2.120095552313,-0.399829984807));
#2809 = CARTESIAN_POINT('',(-2.122961803213,-0.43642145324));
#2810 = CARTESIAN_POINT('',(-2.126272496044,-0.470745148177));
#2811 = CARTESIAN_POINT('',(-2.130052163875,-0.501870827397));
#2812 = CARTESIAN_POINT('',(-2.137743878126,-0.550254153123));
#2813 = CARTESIAN_POINT('',(-2.141500448247,-0.569035740618));
#2814 = CARTESIAN_POINT('',(-2.145548324093,-0.584145330118));
#2815 = CARTESIAN_POINT('',(-2.149839367189,-0.59471773758));
#2816 = CARTESIAN_POINT('',(-2.154272941672,-0.6));
#2817 = CARTESIAN_POINT('',(-2.158704771339,-0.6));
#2818 = ( GEOMETRIC_REPRESENTATION_CONTEXT(2) 
PARAMETRIC_REPRESENTATION_CONTEXT() REPRESENTATION_CONTEXT('2D SPACE',''
  ) );
#2819 = PCURVE('',#1149,#2820);
#2820 = DEFINITIONAL_REPRESENTATION('',(#2821),#2834);
#2821 = B_SPLINE_CURVE_WITH_KNOTS('',6,(#2822,#2823,#2824,#2825,#2826,
    #2827,#2828,#2829,#2830,#2831,#2832,#2833),.UNSPECIFIED.,.F.,.F.,(7,
    5,7),(0.,0.551827812072,1.),.UNSPECIFIED.);
#2822 = CARTESIAN_POINT('',(0.,0.32200362757));
#2823 = CARTESIAN_POINT('',(-7.713135646015E-02,0.361583337707));
#2824 = CARTESIAN_POINT('',(-0.156106717452,0.399829984807));
#2825 = CARTESIAN_POINT('',(-0.237592113972,0.43642145324));
#2826 = CARTESIAN_POINT('',(-0.322101040452,0.470745148177));
#2827 = CARTESIAN_POINT('',(-0.410092474447,0.501870827397));
#2828 = CARTESIAN_POINT('',(-0.576685879502,0.550254153123));
#2829 = CARTESIAN_POINT('',(-0.654005027375,0.569035740618));
#2830 = CARTESIAN_POINT('',(-0.733883016432,0.584145330118));
#2831 = CARTESIAN_POINT('',(-0.815924266836,0.59471773758));
#2832 = CARTESIAN_POINT('',(-0.899421756857,0.6));
#2833 = CARTESIAN_POINT('',(-0.982887882251,0.6));
#2834 = ( GEOMETRIC_REPRESENTATION_CONTEXT(2) 
PARAMETRIC_REPRESENTATION_CONTEXT() REPRESENTATION_CONTEXT('2D SPACE',''
  ) );
#2835 = ORIENTED_EDGE('',*,*,#2836,.T.);
#2836 = EDGE_CURVE('',#2787,#2688,#2837,.T.);
#2837 = SURFACE_CURVE('',#2838,(#2843,#2853),.PCURVE_S1.);
#2838 = HYPERBOLA('',#2839,6.,6.);
#2839 = AXIS2_PLACEMENT_3D('',#2840,#2841,#2842);
#2840 = CARTESIAN_POINT('',(-6.,0.,11.9));
#2841 = DIRECTION('',(1.,0.,0.));
#2842 = DIRECTION('',(0.,0.,-1.));
#2843 = PCURVE('',#2605,#2844);
#2844 = DEFINITIONAL_REPRESENTATION('',(#2845),#2852);
#2845 = B_SPLINE_CURVE_WITH_KNOTS('',5,(#2846,#2847,#2848,#2849,#2850,
    #2851),.UNSPECIFIED.,.F.,.F.,(6,6),(1.275363562441,1.307281484004),
  .PIECEWISE_BEZIER_KNOTS.);
#2846 = CARTESIAN_POINT('',(-2.115569814911,-0.32200362757));
#2847 = CARTESIAN_POINT('',(-2.112261685884,-0.25879324806));
#2848 = CARTESIAN_POINT('',(-2.108976132879,-0.194993112209));
#2849 = CARTESIAN_POINT('',(-2.105713025898,-0.1305978537));
#2850 = CARTESIAN_POINT('',(-2.102472232596,-6.560200607967E-02));
#2851 = CARTESIAN_POINT('',(-2.099253618657,1.7763568394E-15));
#2852 = ( GEOMETRIC_REPRESENTATION_CONTEXT(2) 
PARAMETRIC_REPRESENTATION_CONTEXT() REPRESENTATION_CONTEXT('2D SPACE',''
  ) );
#2853 = PCURVE('',#869,#2854);
#2854 = DEFINITIONAL_REPRESENTATION('',(#2855),#2859);
#2855 = ( BOUNDED_CURVE() B_SPLINE_CURVE(2,(#2856,#2857,#2858),
.UNSPECIFIED.,.F.,.F.) B_SPLINE_CURVE_WITH_KNOTS((3,3),(1.257554782202,
1.307281484004),.PIECEWISE_BEZIER_KNOTS.) CURVE() 
GEOMETRIC_REPRESENTATION_ITEM() RATIONAL_B_SPLINE_CURVE((1.,
1.000309109032,1.)) REPRESENTATION_ITEM('') );
#2856 = CARTESIAN_POINT('',(1.496519802355,-9.697389371273));
#2857 = CARTESIAN_POINT('',(1.255459878855,-9.980859690844));
#2858 = CARTESIAN_POINT('',(1.,-10.27667261325));
#2859 = ( GEOMETRIC_REPRESENTATION_CONTEXT(2) 
PARAMETRIC_REPRESENTATION_CONTEXT() REPRESENTATION_CONTEXT('2D SPACE',''
  ) );
#2860 = ADVANCED_FACE('',(#2861),#1637,.T.);
#2861 = FACE_BOUND('',#2862,.F.);
#2862 = EDGE_LOOP('',(#2863,#2864,#2865,#2866));
#2863 = ORIENTED_EDGE('',*,*,#1610,.F.);
#2864 = ORIENTED_EDGE('',*,*,#2014,.T.);
#2865 = ORIENTED_EDGE('',*,*,#2180,.F.);
#2866 = ORIENTED_EDGE('',*,*,#2867,.F.);
#2867 = EDGE_CURVE('',#1387,#2181,#2868,.T.);
#2868 = SURFACE_CURVE('',#2869,(#2873,#2880),.PCURVE_S1.);
#2869 = LINE('',#2870,#2871);
#2870 = CARTESIAN_POINT('',(8.763369375098,6.535659396725,
    46.608115351247));
#2871 = VECTOR('',#2872,1.);
#2872 = DIRECTION('',(0.224951054344,0.,0.974370064785));
#2873 = PCURVE('',#1637,#2874);
#2874 = DEFINITIONAL_REPRESENTATION('',(#2875),#2879);
#2875 = LINE('',#2876,#2877);
#2876 = CARTESIAN_POINT('',(-1.480297366167E-15,0.));
#2877 = VECTOR('',#2878,1.);
#2878 = DIRECTION('',(-0.,1.));
#2879 = ( GEOMETRIC_REPRESENTATION_CONTEXT(2) 
PARAMETRIC_REPRESENTATION_CONTEXT() REPRESENTATION_CONTEXT('2D SPACE',''
  ) );
#2880 = PCURVE('',#1413,#2881);
#2881 = DEFINITIONAL_REPRESENTATION('',(#2882),#2886);
#2882 = LINE('',#2883,#2884);
#2883 = CARTESIAN_POINT('',(7.095940868548,1.));
#2884 = VECTOR('',#2885,1.);
#2885 = DIRECTION('',(0.,1.));
#2886 = ( GEOMETRIC_REPRESENTATION_CONTEXT(2) 
PARAMETRIC_REPRESENTATION_CONTEXT() REPRESENTATION_CONTEXT('2D SPACE',''
  ) );
#2887 = ADVANCED_FACE('',(#2888),#1597,.T.);
#2888 = FACE_BOUND('',#2889,.F.);
#2889 = EDGE_LOOP('',(#2890,#2911,#2912,#2913));
#2890 = ORIENTED_EDGE('',*,*,#2891,.F.);
#2891 = EDGE_CURVE('',#2713,#1358,#2892,.T.);
#2892 = SURFACE_CURVE('',#2893,(#2897,#2904),.PCURVE_S1.);
#2893 = LINE('',#2894,#2895);
#2894 = CARTESIAN_POINT('',(6.267226890756,9.40275848354,0.));
#2895 = VECTOR('',#2896,1.);
#2896 = DIRECTION('',(0.,0.,1.));
#2897 = PCURVE('',#1597,#2898);
#2898 = DEFINITIONAL_REPRESENTATION('',(#2899),#2903);
#2899 = LINE('',#2900,#2901);
#2900 = CARTESIAN_POINT('',(-1.480297366167E-15,0.));
#2901 = VECTOR('',#2902,1.);
#2902 = DIRECTION('',(-0.,1.));
#2903 = ( GEOMETRIC_REPRESENTATION_CONTEXT(2) 
PARAMETRIC_REPRESENTATION_CONTEXT() REPRESENTATION_CONTEXT('2D SPACE',''
  ) );
#2904 = PCURVE('',#1373,#2905);
#2905 = DEFINITIONAL_REPRESENTATION('',(#2906),#2910);
#2906 = LINE('',#2907,#2908);
#2907 = CARTESIAN_POINT('',(7.266073189431,1.));
#2908 = VECTOR('',#2909,1.);
#2909 = DIRECTION('',(0.,1.));
#2910 = ( GEOMETRIC_REPRESENTATION_CONTEXT(2) 
PARAMETRIC_REPRESENTATION_CONTEXT() REPRESENTATION_CONTEXT('2D SPACE',''
  ) );
#2911 = ORIENTED_EDGE('',*,*,#2712,.T.);
#2912 = ORIENTED_EDGE('',*,*,#2663,.T.);
#2913 = ORIENTED_EDGE('',*,*,#1581,.F.);
#2914 = ADVANCED_FACE('',(#2915),#1413,.F.);
#2915 = FACE_BOUND('',#2916,.F.);
#2916 = EDGE_LOOP('',(#2917,#2918,#2919,#2920));
#2917 = ORIENTED_EDGE('',*,*,#1386,.F.);
#2918 = ORIENTED_EDGE('',*,*,#2867,.T.);
#2919 = ORIENTED_EDGE('',*,*,#2208,.T.);
#2920 = ORIENTED_EDGE('',*,*,#2921,.F.);
#2921 = EDGE_CURVE('',#1163,#2041,#2922,.T.);
#2922 = SURFACE_CURVE('',#2923,(#2927,#2934),.PCURVE_S1.);
#2923 = LINE('',#2924,#2925);
#2924 = CARTESIAN_POINT('',(-3.294460176619,6.535659396725,
    49.391884648753));
#2925 = VECTOR('',#2926,1.);
#2926 = DIRECTION('',(0.224951054344,0.,0.974370064785));
#2927 = PCURVE('',#1413,#2928);
#2928 = DEFINITIONAL_REPRESENTATION('',(#2929),#2933);
#2929 = LINE('',#2930,#2931);
#2930 = CARTESIAN_POINT('',(2.328837092221,1.));
#2931 = VECTOR('',#2932,1.);
#2932 = DIRECTION('',(0.,1.));
#2933 = ( GEOMETRIC_REPRESENTATION_CONTEXT(2) 
PARAMETRIC_REPRESENTATION_CONTEXT() REPRESENTATION_CONTEXT('2D SPACE',''
  ) );
#2934 = PCURVE('',#1189,#2935);
#2935 = DEFINITIONAL_REPRESENTATION('',(#2936),#2940);
#2936 = LINE('',#2937,#2938);
#2937 = CARTESIAN_POINT('',(-0.812755561369,0.));
#2938 = VECTOR('',#2939,1.);
#2939 = DIRECTION('',(-0.,1.));
#2940 = ( GEOMETRIC_REPRESENTATION_CONTEXT(2) 
PARAMETRIC_REPRESENTATION_CONTEXT() REPRESENTATION_CONTEXT('2D SPACE',''
  ) );
#2941 = ADVANCED_FACE('',(#2942),#1373,.F.);
#2942 = FACE_BOUND('',#2943,.F.);
#2943 = EDGE_LOOP('',(#2944,#2965,#2966,#2967));
#2944 = ORIENTED_EDGE('',*,*,#2945,.F.);
#2945 = EDGE_CURVE('',#2763,#1134,#2946,.T.);
#2946 = SURFACE_CURVE('',#2947,(#2951,#2958),.PCURVE_S1.);
#2947 = LINE('',#2948,#2949);
#2948 = CARTESIAN_POINT('',(-6.267226890756,9.40275848354,0.));
#2949 = VECTOR('',#2950,1.);
#2950 = DIRECTION('',(0.,0.,1.));
#2951 = PCURVE('',#1373,#2952);
#2952 = DEFINITIONAL_REPRESENTATION('',(#2953),#2957);
#2953 = LINE('',#2954,#2955);
#2954 = CARTESIAN_POINT('',(2.158704771339,1.));
#2955 = VECTOR('',#2956,1.);
#2956 = DIRECTION('',(0.,1.));
#2957 = ( GEOMETRIC_REPRESENTATION_CONTEXT(2) 
PARAMETRIC_REPRESENTATION_CONTEXT() REPRESENTATION_CONTEXT('2D SPACE',''
  ) );
#2958 = PCURVE('',#1149,#2959);
#2959 = DEFINITIONAL_REPRESENTATION('',(#2960),#2964);
#2960 = LINE('',#2961,#2962);
#2961 = CARTESIAN_POINT('',(-0.982887882251,0.));
#2962 = VECTOR('',#2963,1.);
#2963 = DIRECTION('',(-0.,1.));
#2964 = ( GEOMETRIC_REPRESENTATION_CONTEXT(2) 
PARAMETRIC_REPRESENTATION_CONTEXT() REPRESENTATION_CONTEXT('2D SPACE',''
  ) );
#2965 = ORIENTED_EDGE('',*,*,#2762,.T.);
#2966 = ORIENTED_EDGE('',*,*,#2891,.T.);
#2967 = ORIENTED_EDGE('',*,*,#1357,.T.);
#2968 = ADVANCED_FACE('',(#2969),#1189,.T.);
#2969 = FACE_BOUND('',#2970,.F.);
#2970 = EDGE_LOOP('',(#2971,#2972,#2973,#2974));
#2971 = ORIENTED_EDGE('',*,*,#1162,.F.);
#2972 = ORIENTED_EDGE('',*,*,#2921,.T.);
#2973 = ORIENTED_EDGE('',*,*,#2038,.F.);
#2974 = ORIENTED_EDGE('',*,*,#2975,.F.);
#2975 = EDGE_CURVE('',#927,#2039,#2976,.T.);
#2976 = SURFACE_CURVE('',#2977,(#2981,#2988),.PCURVE_S1.);
#2977 = LINE('',#2978,#2979);
#2978 = CARTESIAN_POINT('',(-3.111765789472,6.971370023173,
    49.349706326063));
#2979 = VECTOR('',#2980,1.);
#2980 = DIRECTION('',(0.224951054344,0.,0.974370064785));
#2981 = PCURVE('',#1189,#2982);
#2982 = DEFINITIONAL_REPRESENTATION('',(#2983),#2987);
#2983 = LINE('',#2984,#2985);
#2984 = CARTESIAN_POINT('',(-0.,0.));
#2985 = VECTOR('',#2986,1.);
#2986 = DIRECTION('',(-0.,1.));
#2987 = ( GEOMETRIC_REPRESENTATION_CONTEXT(2) 
PARAMETRIC_REPRESENTATION_CONTEXT() REPRESENTATION_CONTEXT('2D SPACE',''
  ) );
#2988 = PCURVE('',#953,#2989);
#2989 = DEFINITIONAL_REPRESENTATION('',(#2990),#2994);
#2990 = LINE('',#2991,#2992);
#2991 = CARTESIAN_POINT('',(1.,-6.971370023173));
#2992 = VECTOR('',#2993,1.);
#2993 = DIRECTION('',(1.,0.));
#2994 = ( GEOMETRIC_REPRESENTATION_CONTEXT(2) 
PARAMETRIC_REPRESENTATION_CONTEXT() REPRESENTATION_CONTEXT('2D SPACE',''
  ) );
#2995 = ADVANCED_FACE('',(#2996),#1149,.T.);
#2996 = FACE_BOUND('',#2997,.F.);
#2997 = EDGE_LOOP('',(#2998,#3019,#3020,#3021));
#2998 = ORIENTED_EDGE('',*,*,#2999,.F.);
#2999 = EDGE_CURVE('',#2787,#855,#3000,.T.);
#3000 = SURFACE_CURVE('',#3001,(#3005,#3012),.PCURVE_S1.);
#3001 = LINE('',#3002,#3003);
#3002 = CARTESIAN_POINT('',(-6.,9.90201999594,0.));
#3003 = VECTOR('',#3004,1.);
#3004 = DIRECTION('',(0.,0.,1.));
#3005 = PCURVE('',#1149,#3006);
#3006 = DEFINITIONAL_REPRESENTATION('',(#3007),#3011);
#3007 = LINE('',#3008,#3009);
#3008 = CARTESIAN_POINT('',(-0.,0.));
#3009 = VECTOR('',#3010,1.);
#3010 = DIRECTION('',(-0.,1.));
#3011 = ( GEOMETRIC_REPRESENTATION_CONTEXT(2) 
PARAMETRIC_REPRESENTATION_CONTEXT() REPRESENTATION_CONTEXT('2D SPACE',''
  ) );
#3012 = PCURVE('',#869,#3013);
#3013 = DEFINITIONAL_REPRESENTATION('',(#3014),#3018);
#3014 = LINE('',#3015,#3016);
#3015 = CARTESIAN_POINT('',(1.,-9.90201999594));
#3016 = VECTOR('',#3017,1.);
#3017 = DIRECTION('',(1.,0.));
#3018 = ( GEOMETRIC_REPRESENTATION_CONTEXT(2) 
PARAMETRIC_REPRESENTATION_CONTEXT() REPRESENTATION_CONTEXT('2D SPACE',''
  ) );
#3019 = ORIENTED_EDGE('',*,*,#2786,.T.);
#3020 = ORIENTED_EDGE('',*,*,#2945,.T.);
#3021 = ORIENTED_EDGE('',*,*,#1133,.F.);
#3022 = ADVANCED_FACE('',(#3023),#953,.T.);
#3023 = FACE_BOUND('',#3024,.T.);
#3024 = EDGE_LOOP('',(#3025,#3026,#3027,#3028));
#3025 = ORIENTED_EDGE('',*,*,#926,.T.);
#3026 = ORIENTED_EDGE('',*,*,#2531,.T.);
#3027 = ORIENTED_EDGE('',*,*,#2068,.F.);
#3028 = ORIENTED_EDGE('',*,*,#2975,.F.);
#3029 = ADVANCED_FACE('',(#3030),#869,.T.);
#3030 = FACE_BOUND('',#3031,.T.);
#3031 = EDGE_LOOP('',(#3032,#3033,#3054,#3075,#3076));
#3032 = ORIENTED_EDGE('',*,*,#2836,.T.);
#3033 = ORIENTED_EDGE('',*,*,#3034,.T.);
#3034 = EDGE_CURVE('',#2688,#3035,#3037,.T.);
#3035 = VERTEX_POINT('',#3036);
#3036 = CARTESIAN_POINT('',(-6.,11.948326242617,0.));
#3037 = SURFACE_CURVE('',#3038,(#3042,#3048),.PCURVE_S1.);
#3038 = LINE('',#3039,#3040);
#3039 = CARTESIAN_POINT('',(-6.,0.,0.));
#3040 = VECTOR('',#3041,1.);
#3041 = DIRECTION('',(0.,1.,0.));
#3042 = PCURVE('',#869,#3043);
#3043 = DEFINITIONAL_REPRESENTATION('',(#3044),#3047);
#3044 = B_SPLINE_CURVE_WITH_KNOTS('',1,(#3045,#3046),.UNSPECIFIED.,.F.,
  .F.,(2,2),(0.,14.25),.PIECEWISE_BEZIER_KNOTS.);
#3045 = CARTESIAN_POINT('',(1.,0.));
#3046 = CARTESIAN_POINT('',(1.,-14.25));
#3047 = ( GEOMETRIC_REPRESENTATION_CONTEXT(2) 
PARAMETRIC_REPRESENTATION_CONTEXT() REPRESENTATION_CONTEXT('2D SPACE',''
  ) );
#3048 = PCURVE('',#45,#3049);
#3049 = DEFINITIONAL_REPRESENTATION('',(#3050),#3053);
#3050 = B_SPLINE_CURVE_WITH_KNOTS('',1,(#3051,#3052),.UNSPECIFIED.,.F.,
  .F.,(2,2),(0.,14.25),.PIECEWISE_BEZIER_KNOTS.);
#3051 = CARTESIAN_POINT('',(-6.,0.));
#3052 = CARTESIAN_POINT('',(-6.,14.25));
#3053 = ( GEOMETRIC_REPRESENTATION_CONTEXT(2) 
PARAMETRIC_REPRESENTATION_CONTEXT() REPRESENTATION_CONTEXT('2D SPACE',''
  ) );
#3054 = ORIENTED_EDGE('',*,*,#3055,.T.);
#3055 = EDGE_CURVE('',#3035,#629,#3056,.T.);
#3056 = SURFACE_CURVE('',#3057,(#3061,#3068),.PCURVE_S1.);
#3057 = LINE('',#3058,#3059);
#3058 = CARTESIAN_POINT('',(-6.,11.948326242617,0.));
#3059 = VECTOR('',#3060,1.);
#3060 = DIRECTION('',(0.,0.,1.));
#3061 = PCURVE('',#869,#3062);
#3062 = DEFINITIONAL_REPRESENTATION('',(#3063),#3067);
#3063 = LINE('',#3064,#3065);
#3064 = CARTESIAN_POINT('',(1.,-11.94832624261));
#3065 = VECTOR('',#3066,1.);
#3066 = DIRECTION('',(1.,0.));
#3067 = ( GEOMETRIC_REPRESENTATION_CONTEXT(2) 
PARAMETRIC_REPRESENTATION_CONTEXT() REPRESENTATION_CONTEXT('2D SPACE',''
  ) );
#3068 = PCURVE('',#249,#3069);
#3069 = DEFINITIONAL_REPRESENTATION('',(#3070),#3074);
#3070 = LINE('',#3071,#3072);
#3071 = CARTESIAN_POINT('',(-2.075463901559,0.));
#3072 = VECTOR('',#3073,1.);
#3073 = DIRECTION('',(-0.,1.));
#3074 = ( GEOMETRIC_REPRESENTATION_CONTEXT(2) 
PARAMETRIC_REPRESENTATION_CONTEXT() REPRESENTATION_CONTEXT('2D SPACE',''
  ) );
#3075 = ORIENTED_EDGE('',*,*,#854,.F.);
#3076 = ORIENTED_EDGE('',*,*,#2999,.F.);
#3077 = ADVANCED_FACE('',(#3078),#448,.T.);
#3078 = FACE_BOUND('',#3079,.T.);
#3079 = EDGE_LOOP('',(#3080,#3081,#3082,#3083,#3084,#3127,#3128,#3129));
#3080 = ORIENTED_EDGE('',*,*,#2505,.T.);
#3081 = ORIENTED_EDGE('',*,*,#881,.T.);
#3082 = ORIENTED_EDGE('',*,*,#652,.T.);
#3083 = ORIENTED_EDGE('',*,*,#421,.T.);
#3084 = ORIENTED_EDGE('',*,*,#3085,.T.);
#3085 = EDGE_CURVE('',#266,#1883,#3086,.T.);
#3086 = SURFACE_CURVE('',#3087,(#3102,#3120),.PCURVE_S1.);
#3087 = B_SPLINE_CURVE_WITH_KNOTS('',13,(#3088,#3089,#3090,#3091,#3092,
    #3093,#3094,#3095,#3096,#3097,#3098,#3099,#3100,#3101),
  .UNSPECIFIED.,.F.,.F.,(14,14),(3.,4.),.PIECEWISE_BEZIER_KNOTS.);
#3088 = CARTESIAN_POINT('',(9.447971419243,12.473527396138,
    46.450062515675));
#3089 = CARTESIAN_POINT('',(9.366271535995,12.519843750323,
    46.468924419935));
#3090 = CARTESIAN_POINT('',(9.276766116594,12.55165789117,
    46.489588374209));
#3091 = CARTESIAN_POINT('',(9.18212210023,12.567458777439,
    46.511438667067));
#3092 = CARTESIAN_POINT('',(9.085310004272,12.566302334362,
    46.53378950054));
#3093 = CARTESIAN_POINT('',(8.989480022812,12.547885291324,
    46.555913595015));
#3094 = CARTESIAN_POINT('',(8.897814809532,12.512583329062,
    46.577076176994));
#3095 = CARTESIAN_POINT('',(8.813373953715,12.461449214728,
    46.596570884634));
#3096 = CARTESIAN_POINT('',(8.738943251926,12.396169918908,
    46.61375456612));
#3097 = CARTESIAN_POINT('',(8.676899971612,12.318985024474,
    46.628078386018));
#3098 = CARTESIAN_POINT('',(8.629103396569,12.232572052898,
    46.63911309484));
#3099 = CARTESIAN_POINT('',(8.596818037916,12.139907649417,
    46.646566757192));
#3100 = CARTESIAN_POINT('',(8.580674987951,12.044116884227,
    46.650293673937));
#3101 = CARTESIAN_POINT('',(8.580674987951,11.948326242617,
    46.650293673937));
#3102 = PCURVE('',#448,#3103);
#3103 = DEFINITIONAL_REPRESENTATION('',(#3104),#3119);
#3104 = B_SPLINE_CURVE_WITH_KNOTS('',13,(#3105,#3106,#3107,#3108,#3109,
    #3110,#3111,#3112,#3113,#3114,#3115,#3116,#3117,#3118),
  .UNSPECIFIED.,.F.,.F.,(14,14),(3.,4.),.PIECEWISE_BEZIER_KNOTS.);
#3105 = CARTESIAN_POINT('',(3.4013651363,13.596300377145));
#3106 = CARTESIAN_POINT('',(3.313804486045,13.557454791205));
#3107 = CARTESIAN_POINT('',(3.232962345522,13.503464912691));
#3108 = CARTESIAN_POINT('',(3.161696275006,13.435599307768));
#3109 = CARTESIAN_POINT('',(3.102600193642,13.355717318504));
#3110 = CARTESIAN_POINT('',(3.057868723349,13.26621232455));
#3111 = CARTESIAN_POINT('',(3.029175521767,13.169914375849));
#3112 = CARTESIAN_POINT('',(3.017578352951,13.069961861717));
#3113 = CARTESIAN_POINT('',(3.023459820235,12.969652325363));
#3114 = CARTESIAN_POINT('',(3.046508861441,12.872282976609));
#3115 = CARTESIAN_POINT('',(3.085744282303,12.780991899328));
#3116 = CARTESIAN_POINT('',(3.139577779741,12.698611393794));
#3117 = CARTESIAN_POINT('',(3.205910082312,12.62754533789));
#3118 = CARTESIAN_POINT('',(3.282250010926,12.569682894808));
#3119 = ( GEOMETRIC_REPRESENTATION_CONTEXT(2) 
PARAMETRIC_REPRESENTATION_CONTEXT() REPRESENTATION_CONTEXT('2D SPACE',''
  ) );
#3120 = PCURVE('',#287,#3121);
#3121 = DEFINITIONAL_REPRESENTATION('',(#3122),#3126);
#3122 = LINE('',#3123,#3124);
#3123 = CARTESIAN_POINT('',(0.,1.));
#3124 = VECTOR('',#3125,1.);
#3125 = DIRECTION('',(1.,0.));
#3126 = ( GEOMETRIC_REPRESENTATION_CONTEXT(2) 
PARAMETRIC_REPRESENTATION_CONTEXT() REPRESENTATION_CONTEXT('2D SPACE',''
  ) );
#3127 = ORIENTED_EDGE('',*,*,#1882,.T.);
#3128 = ORIENTED_EDGE('',*,*,#2558,.F.);
#3129 = ORIENTED_EDGE('',*,*,#2451,.T.);
#3130 = ADVANCED_FACE('',(#3131),#287,.T.);
#3131 = FACE_BOUND('',#3132,.T.);
#3132 = EDGE_LOOP('',(#3133,#3154,#3155,#3156));
#3133 = ORIENTED_EDGE('',*,*,#3134,.T.);
#3134 = EDGE_CURVE('',#58,#1806,#3135,.T.);
#3135 = SURFACE_CURVE('',#3136,(#3141,#3147),.PCURVE_S1.);
#3136 = CIRCLE('',#3137,0.6);
#3137 = AXIS2_PLACEMENT_3D('',#3138,#3139,#3140);
#3138 = CARTESIAN_POINT('',(6.6,11.948326242617,24.));
#3139 = DIRECTION('',(0.,0.,1.));
#3140 = DIRECTION('',(0.,-1.,0.));
#3141 = PCURVE('',#287,#3142);
#3142 = DEFINITIONAL_REPRESENTATION('',(#3143),#3146);
#3143 = B_SPLINE_CURVE_WITH_KNOTS('',1,(#3144,#3145),.UNSPECIFIED.,.F.,
  .F.,(2,2),(2.636925078825,4.712388980385),.PIECEWISE_BEZIER_KNOTS.);
#3144 = CARTESIAN_POINT('',(3.,0.));
#3145 = CARTESIAN_POINT('',(4.,0.));
#3146 = ( GEOMETRIC_REPRESENTATION_CONTEXT(2) 
PARAMETRIC_REPRESENTATION_CONTEXT() REPRESENTATION_CONTEXT('2D SPACE',''
  ) );
#3147 = PCURVE('',#73,#3148);
#3148 = DEFINITIONAL_REPRESENTATION('',(#3149),#3153);
#3149 = LINE('',#3150,#3151);
#3150 = CARTESIAN_POINT('',(-2.636925078825,24.));
#3151 = VECTOR('',#3152,1.);
#3152 = DIRECTION('',(1.,0.));
#3153 = ( GEOMETRIC_REPRESENTATION_CONTEXT(2) 
PARAMETRIC_REPRESENTATION_CONTEXT() REPRESENTATION_CONTEXT('2D SPACE',''
  ) );
#3154 = ORIENTED_EDGE('',*,*,#1927,.T.);
#3155 = ORIENTED_EDGE('',*,*,#3085,.F.);
#3156 = ORIENTED_EDGE('',*,*,#265,.F.);
#3157 = ADVANCED_FACE('',(#3158),#73,.T.);
#3158 = FACE_BOUND('',#3159,.T.);
#3159 = EDGE_LOOP('',(#3160,#3182,#3183,#3184));
#3160 = ORIENTED_EDGE('',*,*,#3161,.T.);
#3161 = EDGE_CURVE('',#24,#2621,#3162,.T.);
#3162 = SURFACE_CURVE('',#3163,(#3168,#3175),.PCURVE_S1.);
#3163 = CIRCLE('',#3164,0.6);
#3164 = AXIS2_PLACEMENT_3D('',#3165,#3166,#3167);
#3165 = CARTESIAN_POINT('',(6.6,11.948326242617,0.));
#3166 = DIRECTION('',(0.,0.,1.));
#3167 = DIRECTION('',(0.,-1.,0.));
#3168 = PCURVE('',#73,#3169);
#3169 = DEFINITIONAL_REPRESENTATION('',(#3170),#3174);
#3170 = LINE('',#3171,#3172);
#3171 = CARTESIAN_POINT('',(-2.636925078825,0.));
#3172 = VECTOR('',#3173,1.);
#3173 = DIRECTION('',(1.,0.));
#3174 = ( GEOMETRIC_REPRESENTATION_CONTEXT(2) 
PARAMETRIC_REPRESENTATION_CONTEXT() REPRESENTATION_CONTEXT('2D SPACE',''
  ) );
#3175 = PCURVE('',#45,#3176);
#3176 = DEFINITIONAL_REPRESENTATION('',(#3177),#3181);
#3177 = CIRCLE('',#3178,0.6);
#3178 = AXIS2_PLACEMENT_2D('',#3179,#3180);
#3179 = CARTESIAN_POINT('',(6.6,11.948326242617));
#3180 = DIRECTION('',(0.,-1.));
#3181 = ( GEOMETRIC_REPRESENTATION_CONTEXT(2) 
PARAMETRIC_REPRESENTATION_CONTEXT() REPRESENTATION_CONTEXT('2D SPACE',''
  ) );
#3182 = ORIENTED_EDGE('',*,*,#2641,.T.);
#3183 = ORIENTED_EDGE('',*,*,#3134,.F.);
#3184 = ORIENTED_EDGE('',*,*,#57,.F.);
#3185 = ADVANCED_FACE('',(#3186),#249,.T.);
#3186 = FACE_BOUND('',#3187,.F.);
#3187 = EDGE_LOOP('',(#3188,#3214,#3215,#3216));
#3188 = ORIENTED_EDGE('',*,*,#3189,.T.);
#3189 = EDGE_CURVE('',#22,#3035,#3190,.T.);
#3190 = SURFACE_CURVE('',#3191,(#3196,#3203),.PCURVE_S1.);
#3191 = CIRCLE('',#3192,0.6);
#3192 = AXIS2_PLACEMENT_3D('',#3193,#3194,#3195);
#3193 = CARTESIAN_POINT('',(-6.6,11.948326242617,0.));
#3194 = DIRECTION('',(-0.,-0.,-1.));
#3195 = DIRECTION('',(0.,-1.,0.));
#3196 = PCURVE('',#249,#3197);
#3197 = DEFINITIONAL_REPRESENTATION('',(#3198),#3202);
#3198 = LINE('',#3199,#3200);
#3199 = CARTESIAN_POINT('',(2.636925078825,-0.));
#3200 = VECTOR('',#3201,1.);
#3201 = DIRECTION('',(-1.,0.));
#3202 = ( GEOMETRIC_REPRESENTATION_CONTEXT(2) 
PARAMETRIC_REPRESENTATION_CONTEXT() REPRESENTATION_CONTEXT('2D SPACE',''
  ) );
#3203 = PCURVE('',#45,#3204);
#3204 = DEFINITIONAL_REPRESENTATION('',(#3205),#3213);
#3205 = ( BOUNDED_CURVE() B_SPLINE_CURVE(2,(#3206,#3207,#3208,#3209,
#3210,#3211,#3212),.UNSPECIFIED.,.T.,.F.) B_SPLINE_CURVE_WITH_KNOTS((1,2
    ,2,2,2,1),(-2.094395102393,0.,2.094395102393,4.188790204786,
6.28318530718,8.377580409573),.UNSPECIFIED.) CURVE() 
GEOMETRIC_REPRESENTATION_ITEM() RATIONAL_B_SPLINE_CURVE((1.,0.5,1.,0.5,
1.,0.5,1.)) REPRESENTATION_ITEM('') );
#3206 = CARTESIAN_POINT('',(-6.6,11.348326242617));
#3207 = CARTESIAN_POINT('',(-7.639230484541,11.348326242617));
#3208 = CARTESIAN_POINT('',(-7.119615242271,12.248326242617));
#3209 = CARTESIAN_POINT('',(-6.6,13.148326242617));
#3210 = CARTESIAN_POINT('',(-6.080384757729,12.248326242617));
#3211 = CARTESIAN_POINT('',(-5.560769515459,11.348326242617));
#3212 = CARTESIAN_POINT('',(-6.6,11.348326242617));
#3213 = ( GEOMETRIC_REPRESENTATION_CONTEXT(2) 
PARAMETRIC_REPRESENTATION_CONTEXT() REPRESENTATION_CONTEXT('2D SPACE',''
  ) );
#3214 = ORIENTED_EDGE('',*,*,#3055,.T.);
#3215 = ORIENTED_EDGE('',*,*,#628,.F.);
#3216 = ORIENTED_EDGE('',*,*,#235,.F.);
#3217 = ADVANCED_FACE('',(#3218),#45,.F.);
#3218 = FACE_BOUND('',#3219,.F.);
#3219 = EDGE_LOOP('',(#3220,#3221,#3222,#3223,#3224,#3225));
#3220 = ORIENTED_EDGE('',*,*,#3189,.F.);
#3221 = ORIENTED_EDGE('',*,*,#21,.T.);
#3222 = ORIENTED_EDGE('',*,*,#3161,.T.);
#3223 = ORIENTED_EDGE('',*,*,#2620,.F.);
#3224 = ORIENTED_EDGE('',*,*,#2687,.F.);
#3225 = ORIENTED_EDGE('',*,*,#3034,.T.);
#3226 = ( GEOMETRIC_REPRESENTATION_CONTEXT(3) 
GLOBAL_UNCERTAINTY_ASSIGNED_CONTEXT((#3230)) 
GLOBAL_UNIT_ASSIGNED_CONTEXT((#3227,#3228,#3229)) REPRESENTATION_CONTEXT
('Context #1','3D Context with UNIT and UNCERTAINTY') );
#3227 = ( LENGTH_UNIT() NAMED_UNIT(*) SI_UNIT(.MILLI.,.METRE.) );
#3228 = ( NAMED_UNIT(*) PLANE_ANGLE_UNIT() SI_UNIT($,.RADIAN.) );
#3229 = ( NAMED_UNIT(*) SI_UNIT($,.STERADIAN.) SOLID_ANGLE_UNIT() );
#3230 = UNCERTAINTY_MEASURE_WITH_UNIT(LENGTH_MEASURE(1.E-07),#3227,
  'distance_accuracy_value','confusion accuracy');
#3231 = PRODUCT_RELATED_PRODUCT_CATEGORY('part',$,(#7));
ENDSEC;
END-ISO-10303-21;
