ISO-10303-21;
HEADER;
FILE_DESCRIPTION(('Open CASCADE Model'),'2;1');
FILE_NAME('Open CASCADE Shape Model','2026-09-18T20:07:13',('Author'),(
    'Open CASCADE'),'Open CASCADE STEP processor 7.9','Open CASCADE 7.9'
  ,'Unknown');
FILE_SCHEMA(('AUTOMOTIVE_DESIGN { 1 0 10303 214 1 1 1 1 }'));
ENDSEC;
DATA;
#1 = APPLICATION_PROTOCOL_DEFINITION('international standard',
  'automotive_design',2000,#2);
#2 = APPLICATION_CONTEXT(
  'core data for automotive mechanical design processes');
#3 = SHAPE_DEFINITION_REPRESENTATION(#4,#10);
#4 = PRODUCT_DEFINITION_SHAPE('','',#5);
#5 = PRODUCT_DEFINITION('design','',#6,#9);
#6 = PRODUCT_DEFINITION_FORMATION('','',#7);
#7 = PRODUCT('REFERENCE_ASSEMBLY_DO_NOT_PRINT',
  'REFERENCE_ASSEMBLY_DO_NOT_PRINT','',(#8));
#8 = PRODUCT_CONTEXT('',#2,'mechanical');
#9 = PRODUCT_DEFINITION_CONTEXT('part definition',#2,'design');
#10 = SHAPE_REPRESENTATION('',(#11,#15,#19,#23),#27);
#11 = AXIS2_PLACEMENT_3D('',#12,#13,#14);
#12 = CARTESIAN_POINT('',(0.,0.,0.));
#13 = DIRECTION('',(0.,0.,1.));
#14 = DIRECTION('',(1.,0.,-0.));
#15 = AXIS2_PLACEMENT_3D('',#16,#17,#18);
#16 = CARTESIAN_POINT('',(0.,0.,0.));
#17 = DIRECTION('',(0.,0.,1.));
#18 = DIRECTION('',(1.,0.,-0.));
#19 = AXIS2_PLACEMENT_3D('',#20,#21,#22);
#20 = CARTESIAN_POINT('',(0.,0.,0.));
#21 = DIRECTION('',(0.,0.,1.));
#22 = DIRECTION('',(1.,0.,-0.));
#23 = AXIS2_PLACEMENT_3D('',#24,#25,#26);
#24 = CARTESIAN_POINT('',(0.,0.,0.));
#25 = DIRECTION('',(0.,0.,1.));
#26 = DIRECTION('',(1.,0.,-0.));
#27 = ( GEOMETRIC_REPRESENTATION_CONTEXT(3) 
GLOBAL_UNCERTAINTY_ASSIGNED_CONTEXT((#31)) GLOBAL_UNIT_ASSIGNED_CONTEXT(
(#28,#29,#30)) REPRESENTATION_CONTEXT('Context #1',
  '3D Context with UNIT and UNCERTAINTY') );
#28 = ( LENGTH_UNIT() NAMED_UNIT(*) SI_UNIT(.MILLI.,.METRE.) );
#29 = ( NAMED_UNIT(*) PLANE_ANGLE_UNIT() SI_UNIT($,.RADIAN.) );
#30 = ( NAMED_UNIT(*) SI_UNIT($,.STERADIAN.) SOLID_ANGLE_UNIT() );
#31 = UNCERTAINTY_MEASURE_WITH_UNIT(LENGTH_MEASURE(1.E-07),#28,
  'distance_accuracy_value','confusion accuracy');
#32 = PRODUCT_RELATED_PRODUCT_CATEGORY('part',$,(#7));
#33 = SHAPE_DEFINITION_REPRESENTATION(#34,#40);
#34 = PRODUCT_DEFINITION_SHAPE('','',#35);
#35 = PRODUCT_DEFINITION('design','',#36,#39);
#36 = PRODUCT_DEFINITION_FORMATION('','',#37);
#37 = PRODUCT('Adapter','Adapter','',(#38));
#38 = PRODUCT_CONTEXT('',#2,'mechanical');
#39 = PRODUCT_DEFINITION_CONTEXT('part definition',#2,'design');
#40 = ADVANCED_BREP_SHAPE_REPRESENTATION('',(#11,#41),#3252);
#41 = MANIFOLD_SOLID_BREP('',#42);
#42 = CLOSED_SHELL('',(#43,#286,#650,#876,#1155,#1379,#1603,#1827,#1979,
    #2060,#2259,#2450,#2526,#2579,#2608,#2709,#2886,#2913,#2940,#2967,
    #2994,#3021,#3048,#3055,#3103,#3156,#3183,#3211,#3243));
#43 = ADVANCED_FACE('',(#44),#59,.T.);
#44 = FACE_BOUND('',#45,.T.);
#45 = EDGE_LOOP('',(#46,#82,#110,#260));
#46 = ORIENTED_EDGE('',*,*,#47,.T.);
#47 = EDGE_CURVE('',#48,#50,#52,.T.);
#48 = VERTEX_POINT('',#49);
#49 = CARTESIAN_POINT('',(-6.89010989011,12.473527396138,0.));
#50 = VERTEX_POINT('',#51);
#51 = CARTESIAN_POINT('',(6.89010989011,12.473527396138,0.));
#52 = SURFACE_CURVE('',#53,(#58,#70),.PCURVE_S1.);
#53 = CIRCLE('',#54,14.25);
#54 = AXIS2_PLACEMENT_3D('',#55,#56,#57);
#55 = CARTESIAN_POINT('',(0.,0.,0.));
#56 = DIRECTION('',(0.,0.,1.));
#57 = DIRECTION('',(-0.421052631579,0.907036207348,0.));
#58 = PCURVE('',#59,#64);
#59 = CYLINDRICAL_SURFACE('',#60,14.25);
#60 = AXIS2_PLACEMENT_3D('',#61,#62,#63);
#61 = CARTESIAN_POINT('',(0.,0.,0.));
#62 = DIRECTION('',(0.,0.,1.));
#63 = DIRECTION('',(1.,0.,-0.));
#64 = DEFINITIONAL_REPRESENTATION('',(#65),#69);
#65 = LINE('',#66,#67);
#66 = CARTESIAN_POINT('',(2.005401852402,0.));
#67 = VECTOR('',#68,1.);
#68 = DIRECTION('',(1.,0.));
#69 = ( GEOMETRIC_REPRESENTATION_CONTEXT(2) 
PARAMETRIC_REPRESENTATION_CONTEXT() REPRESENTATION_CONTEXT('2D SPACE',''
  ) );
#70 = PCURVE('',#71,#76);
#71 = PLANE('',#72);
#72 = AXIS2_PLACEMENT_3D('',#73,#74,#75);
#73 = CARTESIAN_POINT('',(0.,0.,0.));
#74 = DIRECTION('',(0.,0.,1.));
#75 = DIRECTION('',(1.,0.,-0.));
#76 = DEFINITIONAL_REPRESENTATION('',(#77),#81);
#77 = CIRCLE('',#78,14.25);
#78 = AXIS2_PLACEMENT_2D('',#79,#80);
#79 = CARTESIAN_POINT('',(0.,0.));
#80 = DIRECTION('',(-0.421052631579,0.907036207348));
#81 = ( GEOMETRIC_REPRESENTATION_CONTEXT(2) 
PARAMETRIC_REPRESENTATION_CONTEXT() REPRESENTATION_CONTEXT('2D SPACE',''
  ) );
#82 = ORIENTED_EDGE('',*,*,#83,.T.);
#83 = EDGE_CURVE('',#50,#84,#86,.T.);
#84 = VERTEX_POINT('',#85);
#85 = CARTESIAN_POINT('',(6.89010989011,12.473527396138,24.));
#86 = SURFACE_CURVE('',#87,(#91,#98),.PCURVE_S1.);
#87 = LINE('',#88,#89);
#88 = CARTESIAN_POINT('',(6.89010989011,12.473527396138,0.));
#89 = VECTOR('',#90,1.);
#90 = DIRECTION('',(0.,0.,1.));
#91 = PCURVE('',#59,#92);
#92 = DEFINITIONAL_REPRESENTATION('',(#93),#97);
#93 = LINE('',#94,#95);
#94 = CARTESIAN_POINT('',(7.34931405921,0.));
#95 = VECTOR('',#96,1.);
#96 = DIRECTION('',(0.,1.));
#97 = ( GEOMETRIC_REPRESENTATION_CONTEXT(2) 
PARAMETRIC_REPRESENTATION_CONTEXT() REPRESENTATION_CONTEXT('2D SPACE',''
  ) );
#98 = PCURVE('',#99,#104);
#99 = CYLINDRICAL_SURFACE('',#100,0.6);
#100 = AXIS2_PLACEMENT_3D('',#101,#102,#103);
#101 = CARTESIAN_POINT('',(6.6,11.948326242617,0.));
#102 = DIRECTION('',(0.,0.,1.));
#103 = DIRECTION('',(0.483516483516,0.875335255869,-0.));
#104 = DEFINITIONAL_REPRESENTATION('',(#105),#109);
#105 = LINE('',#106,#107);
#106 = CARTESIAN_POINT('',(1.480297366167E-15,0.));
#107 = VECTOR('',#108,1.);
#108 = DIRECTION('',(0.,1.));
#109 = ( GEOMETRIC_REPRESENTATION_CONTEXT(2) 
PARAMETRIC_REPRESENTATION_CONTEXT() REPRESENTATION_CONTEXT('2D SPACE',''
  ) );
#110 = ORIENTED_EDGE('',*,*,#111,.T.);
#111 = EDGE_CURVE('',#84,#112,#114,.T.);
#112 = VERTEX_POINT('',#113);
#113 = CARTESIAN_POINT('',(-6.89010989011,12.473527396138,24.));
#114 = SURFACE_CURVE('',#115,(#120,#127),.PCURVE_S1.);
#115 = CIRCLE('',#116,14.25);
#116 = AXIS2_PLACEMENT_3D('',#117,#118,#119);
#117 = CARTESIAN_POINT('',(0.,0.,24.));
#118 = DIRECTION('',(0.,0.,-1.));
#119 = DIRECTION('',(0.421052631579,0.907036207348,0.));
#120 = PCURVE('',#59,#121);
#121 = DEFINITIONAL_REPRESENTATION('',(#122),#126);
#122 = LINE('',#123,#124);
#123 = CARTESIAN_POINT('',(7.419376108367,24.));
#124 = VECTOR('',#125,1.);
#125 = DIRECTION('',(-1.,-0.));
#126 = ( GEOMETRIC_REPRESENTATION_CONTEXT(2) 
PARAMETRIC_REPRESENTATION_CONTEXT() REPRESENTATION_CONTEXT('2D SPACE',''
  ) );
#127 = PCURVE('',#128,#255);
#128 = ( BOUNDED_SURFACE() B_SPLINE_SURFACE(13,8,(
    (#129,#130,#131,#132,#133,#134,#135,#136,#137)
    ,(#138,#139,#140,#141,#142,#143,#144,#145,#146)
    ,(#147,#148,#149,#150,#151,#152,#153,#154,#155)
    ,(#156,#157,#158,#159,#160,#161,#162,#163,#164)
    ,(#165,#166,#167,#168,#169,#170,#171,#172,#173)
    ,(#174,#175,#176,#177,#178,#179,#180,#181,#182)
    ,(#183,#184,#185,#186,#187,#188,#189,#190,#191)
    ,(#192,#193,#194,#195,#196,#197,#198,#199,#200)
    ,(#201,#202,#203,#204,#205,#206,#207,#208,#209)
    ,(#210,#211,#212,#213,#214,#215,#216,#217,#218)
    ,(#219,#220,#221,#222,#223,#224,#225,#226,#227)
    ,(#228,#229,#230,#231,#232,#233,#234,#235,#236)
    ,(#237,#238,#239,#240,#241,#242,#243,#244,#245)
    ,(#246,#247,#248,#249,#250,#251,#252,#253,#254
)),.UNSPECIFIED.,.F.,.F.,.F.) B_SPLINE_SURFACE_WITH_KNOTS((14,14),(9,9),
  (2.,3.),(0.,1.),.PIECEWISE_BEZIER_KNOTS.) 
GEOMETRIC_REPRESENTATION_ITEM() RATIONAL_B_SPLINE_SURFACE((
    (1.,1.000000000001,0.999999999995,1.00000000001,0.999999999988
      ,1.00000000001,0.999999999995,1.000000000001,1.)
    ,(1.,1.000000000001,0.999999999995,1.00000000001,0.999999999988
      ,1.00000000001,0.999999999995,1.000000000001,1.)
    ,(1.,1.000000000001,0.999999999995,1.00000000001,0.999999999988
      ,1.00000000001,0.999999999995,1.000000000001,1.)
    ,(1.,1.000000000001,0.999999999995,1.00000000001,0.999999999988
      ,1.00000000001,0.999999999995,1.000000000001,1.)
    ,(1.,1.000000000001,0.999999999995,1.00000000001,0.999999999988
      ,1.00000000001,0.999999999995,1.000000000001,1.)
    ,(1.,1.000000000001,0.999999999995,1.00000000001,0.999999999988
      ,1.00000000001,0.999999999995,1.000000000001,1.)
    ,(1.,1.000000000001,0.999999999995,1.00000000001,0.999999999988
      ,1.00000000001,0.999999999995,1.000000000001,1.)
    ,(1.,1.000000000001,0.999999999995,1.00000000001,0.999999999988
      ,1.00000000001,0.999999999995,1.000000000001,1.)
    ,(1.,1.000000000001,0.999999999995,1.00000000001,0.999999999988
      ,1.00000000001,0.999999999995,1.000000000001,1.)
    ,(1.,1.000000000001,0.999999999995,1.00000000001,0.999999999988
      ,1.00000000001,0.999999999995,1.000000000001,1.)
    ,(1.,1.000000000001,0.999999999995,1.00000000001,0.999999999988
      ,1.00000000001,0.999999999995,1.000000000001,1.)
    ,(1.,1.000000000001,0.999999999995,1.00000000001,0.999999999988
      ,1.00000000001,0.999999999995,1.000000000001,1.)
    ,(1.,1.000000000001,0.999999999995,1.00000000001,0.999999999988
      ,1.00000000001,0.999999999995,1.000000000001,1.)
    ,(1.,1.000000000001,0.999999999995,1.00000000001,0.999999999988
      ,1.00000000001,0.999999999995,1.000000000001,1.
))) REPRESENTATION_ITEM('') SURFACE() );
#129 = CARTESIAN_POINT('',(-6.89010989011,12.473527396138,24.));
#130 = CARTESIAN_POINT('',(-6.890108948906,12.47352739614,
    27.234824901043));
#131 = CARTESIAN_POINT('',(-6.784822728707,12.473527396131,
    30.469586528762));
#132 = CARTESIAN_POINT('',(-6.574233423302,12.473527396152,
    33.68150091647));
#133 = CARTESIAN_POINT('',(-6.262020470699,12.47352739612,
    36.872548141472));
#134 = CARTESIAN_POINT('',(-5.848202581576,12.473527396155,
    40.048794616194));
#135 = CARTESIAN_POINT('',(-5.332204864968,12.473527396129,
    43.220537460135));
#136 = CARTESIAN_POINT('',(-4.706907397114,12.473527396141,
    46.397298102261));
#137 = CARTESIAN_POINT('',(-3.979062220764,12.473527396138,
    49.549937484325));
#138 = CARTESIAN_POINT('',(-11.95038023046,9.678342232275,
    24.000000000005));
#139 = CARTESIAN_POINT('',(-11.95037924732,9.678342232252,
    27.378944381568));
#140 = CARTESIAN_POINT('',(-11.84040226463,9.678342232355,
    30.757822670772));
#141 = CARTESIAN_POINT('',(-11.62043068278,9.678342232123,
    34.112835818978));
#142 = CARTESIAN_POINT('',(-11.29430786808,9.67834223246,37.446052119674
    ));
#143 = CARTESIAN_POINT('',(-10.86205336453,9.678342232124,
    40.763808261652));
#144 = CARTESIAN_POINT('',(-10.32306666861,9.678342232354,
    44.076860122841));
#145 = CARTESIAN_POINT('',(-9.669910646114,9.678342232253,
    47.395153339137));
#146 = CARTESIAN_POINT('',(-8.909638160122,9.678342232275,
    50.688250632665));
#147 = CARTESIAN_POINT('',(-15.78220180412,4.659229637869,
    23.999999999979));
#148 = CARTESIAN_POINT('',(-15.78220078927,4.659229637867,
    27.488076917187));
#149 = CARTESIAN_POINT('',(-15.66867178961,4.659229637877,
    30.976085608945));
#150 = CARTESIAN_POINT('',(-15.44159560589,4.659229637855,
    34.439458362702));
#151 = CARTESIAN_POINT('',(-15.10493973446,4.659229637887,
    37.880330289274));
#152 = CARTESIAN_POINT('',(-14.65872435387,4.659229637855,
    41.305242710822));
#153 = CARTESIAN_POINT('',(-14.10232956231,4.659229637877,
    44.725298931355));
#154 = CARTESIAN_POINT('',(-13.4280780247,4.659229637867,48.15076577896)
  );
#155 = CARTESIAN_POINT('',(-12.6432503951,4.659229637869,51.550222935646
    ));
#156 = CARTESIAN_POINT('',(-17.31933103137,-1.994822083075,
    24.000000000061));
#157 = CARTESIAN_POINT('',(-17.31933000362,-1.99482208307,
    27.531855264081));
#158 = CARTESIAN_POINT('',(-17.20437611882,-1.994822083094,
    31.063641441448));
#159 = CARTESIAN_POINT('',(-16.97444993292,-1.99482208304,
    34.570482494442));
#160 = CARTESIAN_POINT('',(-16.6335687458,-1.994822083119,
    38.054540281399));
#161 = CARTESIAN_POINT('',(-16.18175297764,-1.99482208304,
    41.522438310238));
#162 = CARTESIAN_POINT('',(-15.61837495812,-1.994822083094,
    44.98541913374));
#163 = CARTESIAN_POINT('',(-14.93566098666,-1.99482208307,
    48.453878530351));
#164 = CARTESIAN_POINT('',(-14.14098309982,-1.994822083075,
    51.896001776205));
#165 = CARTESIAN_POINT('',(-15.80615712107,-9.132631232006,
    23.999999999873));
#166 = CARTESIAN_POINT('',(-15.80615610618,-9.132631232008,
    27.488759177335));
#167 = CARTESIAN_POINT('',(-15.69260489963,-9.132631231998,
    30.977450123441));
#168 = CARTESIAN_POINT('',(-15.46548430231,-9.132631232019,
    34.441500289993));
#169 = CARTESIAN_POINT('',(-15.12876257825,-9.132631231991,
    37.883045275691));
#170 = CARTESIAN_POINT('',(-14.68245992219,-9.132631232016,
    41.308627564927));
#171 = CARTESIAN_POINT('',(-14.12595629853,-9.132631232001,
    44.729352774533));
#172 = CARTESIAN_POINT('',(-13.45157287949,-9.132631232007,
    48.155489620937));
#173 = CARTESIAN_POINT('',(-12.66659173884,-9.132631232006,
    51.555611709166));
#174 = CARTESIAN_POINT('',(-11.12710091183,-15.22221997685,
    24.000000000209));
#175 = CARTESIAN_POINT('',(-11.12709993522,-15.22221997683,
    27.355496904254));
#176 = CARTESIAN_POINT('',(-11.01788611639,-15.2222199769,30.71092816013
    ));
#177 = CARTESIAN_POINT('',(-10.79944097755,-15.22221997675,
    34.042659926121));
#178 = CARTESIAN_POINT('',(-10.47558123047,-15.22221997696,
    37.352746008699));
#179 = CARTESIAN_POINT('',(-10.04632626032,-15.22221997675,
    40.647479347316));
#180 = CARTESIAN_POINT('',(-9.511079754599,-15.2222199769,
    43.937540915228));
#181 = CARTESIAN_POINT('',(-8.862456170291,-15.22221997683,
    47.232807558234));
#182 = CARTESIAN_POINT('',(-8.107459437063,-15.22221997685,
    50.50305308246));
#183 = CARTESIAN_POINT('',(-4.016557335706,-18.75196052417,
    23.999999999725));
#184 = CARTESIAN_POINT('',(-4.016556418689,-18.75196052418,
    27.152984427575));
#185 = CARTESIAN_POINT('',(-3.913933918413,-18.75196052417,
    30.30590720303));
#186 = CARTESIAN_POINT('',(-3.708672488318,-18.75196052418,
    33.436560709004));
#187 = CARTESIAN_POINT('',(-3.404358457392,-18.75196052417,
    36.54687511012));
#188 = CARTESIAN_POINT('',(-3.00101009251,-18.75196052418,
    39.642763040826));
#189 = CARTESIAN_POINT('',(-2.498067016738,-18.75196052417,
    42.734261459229));
#190 = CARTESIAN_POINT('',(-1.888589461139,-18.75196052418,
    45.830650606558));
#191 = CARTESIAN_POINT('',(-1.179158632211,-18.75196052417,
    48.903528806788));
#192 = CARTESIAN_POINT('',(4.016557335708,-18.75196052447,
    24.000000000294));
#193 = CARTESIAN_POINT('',(4.016558186908,-18.75196052445,
    26.924196596945));
#194 = CARTESIAN_POINT('',(4.111734157675,-18.75196052457,
    29.848335974602));
#195 = CARTESIAN_POINT('',(4.302101353532,-18.75196052429,
    32.751822112577));
#196 = CARTESIAN_POINT('',(4.584333639275,-18.75196052469,
    35.636444756087));
#197 = CARTESIAN_POINT('',(4.958414130875,-18.75196052429,
    38.507688093823));
#198 = CARTESIAN_POINT('',(5.424862483529,-18.75196052457,
    41.374860084978));
#199 = CARTESIAN_POINT('',(5.990114943483,-18.75196052445,
    44.246568156669));
#200 = CARTESIAN_POINT('',(6.648067830695,-18.75196052447,
    47.096471193239));
#201 = CARTESIAN_POINT('',(11.12710091183,-15.22221997661,
    23.999999999748));
#202 = CARTESIAN_POINT('',(11.127101703355,-15.22221997662,
    26.721684119272));
#203 = CARTESIAN_POINT('',(11.215686355882,-15.22221997656,
    29.443315020606));
#204 = CARTESIAN_POINT('',(11.392869842181,-15.22221997668,
    32.14572288974));
#205 = CARTESIAN_POINT('',(11.655556413154,-15.22221997652,
    34.830573863802));
#206 = CARTESIAN_POINT('',(12.003730297925,-15.22221997668,
    37.502971782191));
#207 = CARTESIAN_POINT('',(12.437875221766,-15.22221997657,
    40.171580631499));
#208 = CARTESIAN_POINT('',(12.963981652502,-15.22221997662,
    42.844411204137));
#209 = CARTESIAN_POINT('',(13.576368635529,-15.22221997661,
    45.496946917474));
#210 = CARTESIAN_POINT('',(15.806157121074,-9.132631232159,
    24.000000000172));
#211 = CARTESIAN_POINT('',(15.806157874457,-9.132631232166,
    26.58842184751));
#212 = CARTESIAN_POINT('',(15.890405138729,-9.132631232135,
    29.176793053215));
#213 = CARTESIAN_POINT('',(16.058913167928,-9.132631232206,
    31.74688253338));
#214 = CARTESIAN_POINT('',(16.308737759604,-9.132631232101,
    34.300274588634));
#215 = CARTESIAN_POINT('',(16.639863961055,-9.132631232208,
    36.841823571242));
#216 = CARTESIAN_POINT('',(17.052751765069,-9.132631232133,
    39.379768768964));
#217 = CARTESIAN_POINT('',(17.553098361926,-9.132631232167,
    41.92172914255));
#218 = CARTESIAN_POINT('',(18.135500937335,-9.132631232159,
    44.444388290903));
#219 = CARTESIAN_POINT('',(17.319331031371,-1.994822082999,
    23.99999999991));
#220 = CARTESIAN_POINT('',(17.319331771772,-1.994822082999,
    26.545325759573));
#221 = CARTESIAN_POINT('',(17.402176358295,-1.994822082999,
    29.090601738932));
#222 = CARTESIAN_POINT('',(17.567878797615,-1.994822082999,
    31.617900322043));
#223 = CARTESIAN_POINT('',(17.813543928392,-1.994822082999,
    34.128779590492));
#224 = CARTESIAN_POINT('',(18.139157015337,-1.994822082999,
    36.628012819784));
#225 = CARTESIAN_POINT('',(18.54517042526,-1.994822082998,
    39.123702412747));
#226 = CARTESIAN_POINT('',(19.037186468888,-1.994822082999,
    41.623340232122));
#227 = CARTESIAN_POINT('',(19.609892298299,-1.994822082999,
    44.103998223749));
#228 = CARTESIAN_POINT('',(15.782201804127,4.659229637842,
    24.000000000034));
#229 = CARTESIAN_POINT('',(15.782202557477,4.659229637846,
    26.589104107209));
#230 = CARTESIAN_POINT('',(15.866472028939,4.659229637826,
    29.178157569088));
#231 = CARTESIAN_POINT('',(16.03502447098,4.659229637871,31.748924458138
    ));
#232 = CARTESIAN_POINT('',(16.284914916511,4.659229637804,
    34.302989577788));
#233 = CARTESIAN_POINT('',(16.616128392099,4.659229637872,36.84520842311
    ));
#234 = CARTESIAN_POINT('',(17.029125029169,4.659229637825,
    39.383822613223));
#235 = CARTESIAN_POINT('',(17.529603507028,4.659229637846,
    41.926452984146));
#236 = CARTESIAN_POINT('',(18.112159593586,4.659229637842,
    44.449777064374));
#237 = CARTESIAN_POINT('',(11.95038023046,9.678342232281,23.999999999992
    ));
#238 = CARTESIAN_POINT('',(11.950381015483,9.678342232278,
    26.698236642567));
#239 = CARTESIAN_POINT('',(12.038202504071,9.678342232291,
    29.396420508083));
#240 = CARTESIAN_POINT('',(12.21385954761,9.678342232262,32.075547000337
    ));
#241 = CARTESIAN_POINT('',(12.474283050484,9.678342232304,
    34.737267749067));
#242 = CARTESIAN_POINT('',(12.819457402434,9.678342232262,
    37.386642870924));
#243 = CARTESIAN_POINT('',(13.249862135643,9.678342232291,
    40.032261422392));
#244 = CARTESIAN_POINT('',(13.771436128381,9.678342232278,42.68206542375
    ));
#245 = CARTESIAN_POINT('',(14.3785473586,9.678342232281,45.31174936733)
  );
#246 = CARTESIAN_POINT('',(6.89010989011,12.473527396138,24.));
#247 = CARTESIAN_POINT('',(6.89011071711,12.473527396113,26.84235612317)
  );
#248 = CARTESIAN_POINT('',(6.982622967999,12.473527396226,
    29.684656649831));
#249 = CARTESIAN_POINT('',(7.167662288411,12.473527395973,
    32.506881903343));
#250 = CARTESIAN_POINT('',(7.441995652733,12.473527396337,
    35.310771726684));
#251 = CARTESIAN_POINT('',(7.805606619782,12.473527395979,
    38.101656516865));
#252 = CARTESIAN_POINT('',(8.259000331834,12.47352739622,40.888584084853
    ));
#253 = CARTESIAN_POINT('',(8.808432879429,12.473527396115,
    43.679920660702));
#254 = CARTESIAN_POINT('',(9.447971419243,12.473527396138,
    46.450062515675));
#255 = DEFINITIONAL_REPRESENTATION('',(#256),#259);
#256 = B_SPLINE_CURVE_WITH_KNOTS('',1,(#257,#258),.UNSPECIFIED.,.F.,.F.,
  (2,2),(7.006204915699E-02,5.343912206808),.PIECEWISE_BEZIER_KNOTS.);
#257 = CARTESIAN_POINT('',(3.,0.));
#258 = CARTESIAN_POINT('',(2.,0.));
#259 = ( GEOMETRIC_REPRESENTATION_CONTEXT(2) 
PARAMETRIC_REPRESENTATION_CONTEXT() REPRESENTATION_CONTEXT('2D SPACE',''
  ) );
#260 = ORIENTED_EDGE('',*,*,#261,.F.);
#261 = EDGE_CURVE('',#48,#112,#262,.T.);
#262 = SURFACE_CURVE('',#263,(#267,#274),.PCURVE_S1.);
#263 = LINE('',#264,#265);
#264 = CARTESIAN_POINT('',(-6.89010989011,12.473527396138,0.));
#265 = VECTOR('',#266,1.);
#266 = DIRECTION('',(0.,0.,1.));
#267 = PCURVE('',#59,#268);
#268 = DEFINITIONAL_REPRESENTATION('',(#269),#273);
#269 = LINE('',#270,#271);
#270 = CARTESIAN_POINT('',(2.075463901559,0.));
#271 = VECTOR('',#272,1.);
#272 = DIRECTION('',(0.,1.));
#273 = ( GEOMETRIC_REPRESENTATION_CONTEXT(2) 
PARAMETRIC_REPRESENTATION_CONTEXT() REPRESENTATION_CONTEXT('2D SPACE',''
  ) );
#274 = PCURVE('',#275,#280);
#275 = CYLINDRICAL_SURFACE('',#276,0.6);
#276 = AXIS2_PLACEMENT_3D('',#277,#278,#279);
#277 = CARTESIAN_POINT('',(-6.6,11.948326242617,0.));
#278 = DIRECTION('',(0.,0.,1.));
#279 = DIRECTION('',(-0.483516483516,0.875335255869,0.));
#280 = DEFINITIONAL_REPRESENTATION('',(#281),#285);
#281 = LINE('',#282,#283);
#282 = CARTESIAN_POINT('',(-0.,0.));
#283 = VECTOR('',#284,1.);
#284 = DIRECTION('',(-0.,1.));
#285 = ( GEOMETRIC_REPRESENTATION_CONTEXT(2) 
PARAMETRIC_REPRESENTATION_CONTEXT() REPRESENTATION_CONTEXT('2D SPACE',''
  ) );
#286 = ADVANCED_FACE('',(#287),#128,.T.);
#287 = FACE_BOUND('',#288,.T.);
#288 = EDGE_LOOP('',(#289,#290,#446,#496));
#289 = ORIENTED_EDGE('',*,*,#111,.F.);
#290 = ORIENTED_EDGE('',*,*,#291,.T.);
#291 = EDGE_CURVE('',#84,#292,#294,.T.);
#292 = VERTEX_POINT('',#293);
#293 = CARTESIAN_POINT('',(9.447971419243,12.473527396138,
    46.450062515675));
#294 = SURFACE_CURVE('',#295,(#305,#312),.PCURVE_S1.);
#295 = ( BOUNDED_CURVE() B_SPLINE_CURVE(8,(#296,#297,#298,#299,#300,#301
,#302,#303,#304),.UNSPECIFIED.,.F.,.F.) B_SPLINE_CURVE_WITH_KNOTS((9,9),
(0.,1.),.PIECEWISE_BEZIER_KNOTS.) CURVE() GEOMETRIC_REPRESENTATION_ITEM(
) RATIONAL_B_SPLINE_CURVE((1.,1.000000000001,0.999999999995,
    1.00000000001,0.999999999988,1.00000000001,0.999999999995,
1.000000000001,1.)) REPRESENTATION_ITEM('') );
#296 = CARTESIAN_POINT('',(6.89010989011,12.473527396138,24.));
#297 = CARTESIAN_POINT('',(6.89011071711,12.473527396113,26.84235612317)
  );
#298 = CARTESIAN_POINT('',(6.982622967999,12.473527396226,
    29.684656649831));
#299 = CARTESIAN_POINT('',(7.167662288411,12.473527395973,
    32.506881903343));
#300 = CARTESIAN_POINT('',(7.441995652733,12.473527396337,
    35.310771726684));
#301 = CARTESIAN_POINT('',(7.805606619782,12.473527395979,
    38.101656516865));
#302 = CARTESIAN_POINT('',(8.259000331834,12.47352739622,40.888584084853
    ));
#303 = CARTESIAN_POINT('',(8.808432879429,12.473527396115,
    43.679920660702));
#304 = CARTESIAN_POINT('',(9.447971419243,12.473527396138,
    46.450062515675));
#305 = PCURVE('',#128,#306);
#306 = DEFINITIONAL_REPRESENTATION('',(#307),#311);
#307 = LINE('',#308,#309);
#308 = CARTESIAN_POINT('',(3.,0.));
#309 = VECTOR('',#310,1.);
#310 = DIRECTION('',(0.,1.));
#311 = ( GEOMETRIC_REPRESENTATION_CONTEXT(2) 
PARAMETRIC_REPRESENTATION_CONTEXT() REPRESENTATION_CONTEXT('2D SPACE',''
  ) );
#312 = PCURVE('',#313,#440);
#313 = ( BOUNDED_SURFACE() B_SPLINE_SURFACE(13,8,(
    (#314,#315,#316,#317,#318,#319,#320,#321,#322)
    ,(#323,#324,#325,#326,#327,#328,#329,#330,#331)
    ,(#332,#333,#334,#335,#336,#337,#338,#339,#340)
    ,(#341,#342,#343,#344,#345,#346,#347,#348,#349)
    ,(#350,#351,#352,#353,#354,#355,#356,#357,#358)
    ,(#359,#360,#361,#362,#363,#364,#365,#366,#367)
    ,(#368,#369,#370,#371,#372,#373,#374,#375,#376)
    ,(#377,#378,#379,#380,#381,#382,#383,#384,#385)
    ,(#386,#387,#388,#389,#390,#391,#392,#393,#394)
    ,(#395,#396,#397,#398,#399,#400,#401,#402,#403)
    ,(#404,#405,#406,#407,#408,#409,#410,#411,#412)
    ,(#413,#414,#415,#416,#417,#418,#419,#420,#421)
    ,(#422,#423,#424,#425,#426,#427,#428,#429,#430)
    ,(#431,#432,#433,#434,#435,#436,#437,#438,#439
)),.UNSPECIFIED.,.F.,.F.,.F.) B_SPLINE_SURFACE_WITH_KNOTS((14,14),(9,9),
  (3.,4.),(0.,1.),.PIECEWISE_BEZIER_KNOTS.) 
GEOMETRIC_REPRESENTATION_ITEM() RATIONAL_B_SPLINE_SURFACE((
    (1.,1.000000000001,0.999999999995,1.00000000001,0.999999999988
      ,1.00000000001,0.999999999995,1.000000000001,1.)
    ,(1.,1.000000000001,0.999999999995,1.00000000001,0.999999999988
      ,1.00000000001,0.999999999995,1.000000000001,1.)
    ,(1.,1.000000000001,0.999999999995,1.00000000001,0.999999999988
      ,1.00000000001,0.999999999995,1.000000000001,1.)
    ,(1.,1.000000000001,0.999999999995,1.00000000001,0.999999999988
      ,1.00000000001,0.999999999995,1.000000000001,1.)
    ,(1.,1.000000000001,0.999999999995,1.00000000001,0.999999999988
      ,1.00000000001,0.999999999995,1.000000000001,1.)
    ,(1.,1.000000000001,0.999999999995,1.00000000001,0.999999999988
      ,1.00000000001,0.999999999995,1.000000000001,1.)
    ,(1.,1.000000000001,0.999999999995,1.00000000001,0.999999999988
      ,1.00000000001,0.999999999995,1.000000000001,1.)
    ,(1.,1.000000000001,0.999999999995,1.00000000001,0.999999999988
      ,1.00000000001,0.999999999995,1.000000000001,1.)
    ,(1.,1.000000000001,0.999999999995,1.00000000001,0.999999999988
      ,1.00000000001,0.999999999995,1.000000000001,1.)
    ,(1.,1.000000000001,0.999999999995,1.00000000001,0.999999999988
      ,1.00000000001,0.999999999995,1.000000000001,1.)
    ,(1.,1.000000000001,0.999999999995,1.00000000001,0.999999999988
      ,1.00000000001,0.999999999995,1.000000000001,1.)
    ,(1.,1.000000000001,0.999999999995,1.00000000001,0.999999999988
      ,1.00000000001,0.999999999995,1.000000000001,1.)
    ,(1.,1.000000000001,0.999999999995,1.00000000001,0.999999999988
      ,1.00000000001,0.999999999995,1.000000000001,1.)
    ,(1.,1.000000000001,0.999999999995,1.00000000001,0.999999999988
      ,1.00000000001,0.999999999995,1.000000000001,1.
))) REPRESENTATION_ITEM('') SURFACE() );
#314 = CARTESIAN_POINT('',(6.89010989011,12.473527396138,24.));
#315 = CARTESIAN_POINT('',(6.89011071711,12.473527396113,26.84235612317)
  );
#316 = CARTESIAN_POINT('',(6.982622967999,12.473527396226,
    29.684656649831));
#317 = CARTESIAN_POINT('',(7.167662288411,12.473527395973,
    32.506881903343));
#318 = CARTESIAN_POINT('',(7.441995652733,12.473527396337,
    35.310771726684));
#319 = CARTESIAN_POINT('',(7.805606619782,12.473527395979,
    38.101656516865));
#320 = CARTESIAN_POINT('',(8.259000331834,12.47352739622,40.888584084853
    ));
#321 = CARTESIAN_POINT('',(8.808432879429,12.473527396115,
    43.679920660702));
#322 = CARTESIAN_POINT('',(9.447971419243,12.473527396138,
    46.450062515675));
#323 = CARTESIAN_POINT('',(6.806260964326,12.519843750323,24.));
#324 = CARTESIAN_POINT('',(6.80626179201,12.519843750316,26.844744189996
    ));
#325 = CARTESIAN_POINT('',(6.898851769113,12.519843750347,
    29.689432736658));
#326 = CARTESIAN_POINT('',(7.084046554187,12.519843750279,
    32.514029143802));
#327 = CARTESIAN_POINT('',(7.358610405767,12.519843750376,
    35.320274715349));
#328 = CARTESIAN_POINT('',(7.72252686825,12.519843750283,38.113504327893
    ));
#329 = CARTESIAN_POINT('',(8.176301508918,12.519843750344,
    40.902773392977));
#330 = CARTESIAN_POINT('',(8.726195674072,12.519843750318,
    43.696455170554));
#331 = CARTESIAN_POINT('',(9.366271535995,12.519843750323,
    46.468924419935));
#332 = CARTESIAN_POINT('',(6.714401184725,12.55165789117,24.));
#333 = CARTESIAN_POINT('',(6.714402013184,12.551657891175,
    26.847360410617));
#334 = CARTESIAN_POINT('',(6.807077142277,12.551657891155,
    29.694665126842));
#335 = CARTESIAN_POINT('',(6.99244224524,12.551657891199,32.521859225135
    ));
#336 = CARTESIAN_POINT('',(7.267258604244,12.551657891135,
    35.330685611695));
#337 = CARTESIAN_POINT('',(7.631509749315,12.5516578912,38.126484068232)
  );
#338 = CARTESIAN_POINT('',(8.085701711929,12.551657891155,
    40.918318335485));
#339 = CARTESIAN_POINT('',(8.636101597297,12.551657891175,
    43.714569373123));
#340 = CARTESIAN_POINT('',(9.276766116594,12.55165789117,46.489588374209
    ));
#341 = CARTESIAN_POINT('',(6.617267641953,12.567458777439,24.));
#342 = CARTESIAN_POINT('',(6.617268471211,12.567458777431,
    26.850126831187));
#343 = CARTESIAN_POINT('',(6.710033641051,12.567458777467,
    29.700197913611));
#344 = CARTESIAN_POINT('',(6.895578839812,12.567458777386,
    32.530138839858));
#345 = CARTESIAN_POINT('',(7.170662203257,12.567458777502,
    35.341694207572));
#346 = CARTESIAN_POINT('',(7.535267245074,12.567458777389,
    38.140208989131));
#347 = CARTESIAN_POINT('',(7.989900488722,12.567458777465,
    40.934755728652));
#348 = CARTESIAN_POINT('',(8.540835128122,12.567458777432,
    43.733723530522));
#349 = CARTESIAN_POINT('',(9.18212210023,12.567458777439,46.511438667067
    ));
#350 = CARTESIAN_POINT('',(6.517908990187,12.566302334362,24.));
#351 = CARTESIAN_POINT('',(6.517909820265,12.566302334361,
    26.852956624123));
#352 = CARTESIAN_POINT('',(6.610767093467,12.566302334367,29.70585744415
    ));
#353 = CARTESIAN_POINT('',(6.796496513644,12.566302334354,
    32.538608121409));
#354 = CARTESIAN_POINT('',(7.071852997953,12.566302334371,
    35.352954985836));
#355 = CARTESIAN_POINT('',(7.436820043528,12.566302334356,
    38.154248316446));
#356 = CARTESIAN_POINT('',(7.891904676929,12.566302334365,
    40.951569665385));
#357 = CARTESIAN_POINT('',(8.443386320374,12.566302334362,
    43.753316466134));
#358 = CARTESIAN_POINT('',(9.085310004272,12.566302334362,46.53378950054
    ));
#359 = CARTESIAN_POINT('',(6.419558286564,12.547885291324,24.));
#360 = CARTESIAN_POINT('',(6.419559117468,12.547885291276,26.85575771005
    ));
#361 = CARTESIAN_POINT('',(6.512507559625,12.547885291492,
    29.711459561518));
#362 = CARTESIAN_POINT('',(6.698419332512,12.547885291007,
    32.546991485615));
#363 = CARTESIAN_POINT('',(6.974046166797,12.547885291711,
    35.364101529082));
#364 = CARTESIAN_POINT('',(7.339371543972,12.547885291011,
    38.168145220839));
#365 = CARTESIAN_POINT('',(7.794902987842,12.547885291488,40.9682130326)
  );
#366 = CARTESIAN_POINT('',(8.346926086288,12.547885291278,
    43.772710640308));
#367 = CARTESIAN_POINT('',(8.989480022812,12.547885291324,
    46.555913595015));
#368 = CARTESIAN_POINT('',(6.325481901634,12.512583329062,24.));
#369 = CARTESIAN_POINT('',(6.325482733312,12.512583329022,
    26.858437060922));
#370 = CARTESIAN_POINT('',(6.418518382289,12.512583329205,
    29.716818210827));
#371 = CARTESIAN_POINT('',(6.604604582699,12.512583328791,
    32.555010509448));
#372 = CARTESIAN_POINT('',(6.880490017764,12.512583329394,
    35.374763643403));
#373 = CARTESIAN_POINT('',(7.246158153254,12.512583328792,
    38.181438166573));
#374 = CARTESIAN_POINT('',(7.702116989361,12.512583329204,
    40.984133079354));
#375 = CARTESIAN_POINT('',(8.254658011131,12.512583329022,
    43.791261944301));
#376 = CARTESIAN_POINT('',(8.897814809532,12.512583329062,
    46.577076176994));
#377 = CARTESIAN_POINT('',(6.238819904443,12.461449214728,24.));
#378 = CARTESIAN_POINT('',(6.238820736833,12.461449214722,
    26.860905245617));
#379 = CARTESIAN_POINT('',(6.331936719662,12.461449214748,
    29.721754532166));
#380 = CARTESIAN_POINT('',(6.518183600506,12.461449214689,
    32.562397534291));
#381 = CARTESIAN_POINT('',(6.794307255452,12.461449214777,
    35.384585451038));
#382 = CARTESIAN_POINT('',(7.160291135583,12.461449214688,
    38.193683462765));
#383 = CARTESIAN_POINT('',(7.616643680156,12.461449214749,
    40.998798428819));
#384 = CARTESIAN_POINT('',(8.169661806435,12.461449214722,
    43.808351175056));
#385 = CARTESIAN_POINT('',(8.813373953715,12.461449214728,
    46.596570884634));
#386 = CARTESIAN_POINT('',(6.162431369451,12.396169918908,24.));
#387 = CARTESIAN_POINT('',(6.162432202478,12.396169918904,
    26.863080836121));
#388 = CARTESIAN_POINT('',(6.255618995825,12.396169918921,
    29.726105670489));
#389 = CARTESIAN_POINT('',(6.442007509141,12.396169918883,
    32.568908854808));
#390 = CARTESIAN_POINT('',(6.718341143707,12.396169918938,35.39324291888
    ));
#391 = CARTESIAN_POINT('',(7.084603338277,12.396169918883,
    38.204477124364));
#392 = CARTESIAN_POINT('',(7.541302918504,12.396169918921,
    41.011725254636));
#393 = CARTESIAN_POINT('',(8.094741590353,12.396169918904,
    43.823414540186));
#394 = CARTESIAN_POINT('',(8.738943251926,12.396169918908,46.61375456612
    ));
#395 = CARTESIAN_POINT('',(6.098756096004,12.318985024474,24.));
#396 = CARTESIAN_POINT('',(6.098756929561,12.318985024454,
    26.864894345488));
#397 = CARTESIAN_POINT('',(6.192002748516,12.318985024544,29.72973265339
    ));
#398 = CARTESIAN_POINT('',(6.378509322548,12.318985024339,
    32.574336503576));
#399 = CARTESIAN_POINT('',(6.655017990071,12.318985024641,35.4004595333)
  );
#400 = CARTESIAN_POINT('',(7.021512179494,12.318985024337,
    38.213474408811));
#401 = CARTESIAN_POINT('',(7.478501038611,12.318985024547,
    41.022500682599));
#402 = CARTESIAN_POINT('',(8.032290265083,12.318985024453,
    43.835970925741));
#403 = CARTESIAN_POINT('',(8.676899971612,12.318985024474,
    46.628078386018));
#404 = CARTESIAN_POINT('',(6.049702274699,12.232572052898,24.));
#405 = CARTESIAN_POINT('',(6.049703108677,12.232572052903,
    26.866291427203));
#406 = CARTESIAN_POINT('',(6.142994399409,12.232572052881,29.73252678958
    ));
#407 = CARTESIAN_POINT('',(6.329591924565,12.232572052929,
    32.578517826556));
#408 = CARTESIAN_POINT('',(6.606235432866,12.232572052861,
    35.406019031217));
#409 = CARTESIAN_POINT('',(6.972908345444,12.232572052926,
    38.220405688874));
#410 = CARTESIAN_POINT('',(7.430120057584,12.232572052883,
    41.030801800213));
#411 = CARTESIAN_POINT('',(7.984179342529,12.232572052902,
    43.845644047742));
#412 = CARTESIAN_POINT('',(8.629103396569,12.232572052898,46.63911309484
    ));
#413 = CARTESIAN_POINT('',(6.016567678491,12.139907649417,24.));
#414 = CARTESIAN_POINT('',(6.016568512707,12.139907649413,
    26.867235120035));
#415 = CARTESIAN_POINT('',(6.109890518669,12.139907649431,
    29.734414156722));
#416 = CARTESIAN_POINT('',(6.296549478495,12.13990764939,32.581342202977
    ));
#417 = CARTESIAN_POINT('',(6.57328406897,12.13990764945,35.409774329046)
  );
#418 = CARTESIAN_POINT('',(6.940077703759,12.13990764939,38.225087590684
    ));
#419 = CARTESIAN_POINT('',(7.397439947862,12.139907649431,
    41.036408991827));
#420 = CARTESIAN_POINT('',(7.951681650162,12.139907649413,
    43.852177993201));
#421 = CARTESIAN_POINT('',(8.596818037916,12.139907649417,
    46.646566757192));
#422 = CARTESIAN_POINT('',(6.,12.044116884227,24.));
#423 = CARTESIAN_POINT('',(6.000000834382,12.044116884208,26.86770697728
    ));
#424 = CARTESIAN_POINT('',(6.0933381981,12.044116884295,29.735357861979)
  );
#425 = CARTESIAN_POINT('',(6.28002787644,12.044116884099,32.58275442357)
  );
#426 = CARTESIAN_POINT('',(6.556808008363,12.044116884382,
    35.411652021126));
#427 = CARTESIAN_POINT('',(6.923662006323,12.044116884101,
    38.227428595291));
#428 = CARTESIAN_POINT('',(7.381099517673,12.044116884293,
    41.039212652028));
#429 = CARTESIAN_POINT('',(7.935432430948,12.044116884208,
    43.855445040936));
#430 = CARTESIAN_POINT('',(8.580674987951,12.044116884227,
    46.650293673937));
#431 = CARTESIAN_POINT('',(6.,11.948326242617,24.));
#432 = CARTESIAN_POINT('',(6.000000834369,11.948326242602,
    26.867706977216));
#433 = CARTESIAN_POINT('',(6.093338198146,11.94832624267,29.735357862204
    ));
#434 = CARTESIAN_POINT('',(6.280027876354,11.948326242515,
    32.582754423143));
#435 = CARTESIAN_POINT('',(6.556808008469,11.948326242741,
    35.411652021651));
#436 = CARTESIAN_POINT('',(6.923662006237,11.948326242515,38.22742859486
    ));
#437 = CARTESIAN_POINT('',(7.381099517718,11.94832624267,41.039212652257
    ));
#438 = CARTESIAN_POINT('',(7.935432430935,11.948326242601,43.85544504087
    ));
#439 = CARTESIAN_POINT('',(8.580674987951,11.948326242617,
    46.650293673937));
#440 = DEFINITIONAL_REPRESENTATION('',(#441),#445);
#441 = LINE('',#442,#443);
#442 = CARTESIAN_POINT('',(3.,0.));
#443 = VECTOR('',#444,1.);
#444 = DIRECTION('',(0.,1.));
#445 = ( GEOMETRIC_REPRESENTATION_CONTEXT(2) 
PARAMETRIC_REPRESENTATION_CONTEXT() REPRESENTATION_CONTEXT('2D SPACE',''
  ) );
#446 = ORIENTED_EDGE('',*,*,#447,.F.);
#447 = EDGE_CURVE('',#448,#292,#450,.T.);
#448 = VERTEX_POINT('',#449);
#449 = CARTESIAN_POINT('',(-3.979062220764,12.473527396138,
    49.549937484325));
#450 = SURFACE_CURVE('',#451,(#466,#473),.PCURVE_S1.);
#451 = B_SPLINE_CURVE_WITH_KNOTS('',13,(#452,#453,#454,#455,#456,#457,
    #458,#459,#460,#461,#462,#463,#464,#465),.UNSPECIFIED.,.F.,.F.,(14,
    14),(2.,3.),.PIECEWISE_BEZIER_KNOTS.);
#452 = CARTESIAN_POINT('',(-3.979062220764,12.473527396138,
    49.549937484325));
#453 = CARTESIAN_POINT('',(-8.909638160122,9.678342232275,
    50.688250632665));
#454 = CARTESIAN_POINT('',(-12.6432503951,4.659229637869,51.550222935646
    ));
#455 = CARTESIAN_POINT('',(-14.14098309982,-1.994822083075,
    51.896001776205));
#456 = CARTESIAN_POINT('',(-12.66659173884,-9.132631232006,
    51.555611709166));
#457 = CARTESIAN_POINT('',(-8.107459437063,-15.22221997685,
    50.50305308246));
#458 = CARTESIAN_POINT('',(-1.179158632211,-18.75196052417,
    48.903528806788));
#459 = CARTESIAN_POINT('',(6.648067830695,-18.75196052447,
    47.096471193239));
#460 = CARTESIAN_POINT('',(13.576368635529,-15.22221997661,
    45.496946917474));
#461 = CARTESIAN_POINT('',(18.135500937335,-9.132631232159,
    44.444388290903));
#462 = CARTESIAN_POINT('',(19.609892298299,-1.994822082999,
    44.103998223749));
#463 = CARTESIAN_POINT('',(18.112159593586,4.659229637842,
    44.449777064374));
#464 = CARTESIAN_POINT('',(14.3785473586,9.678342232281,45.31174936733)
  );
#465 = CARTESIAN_POINT('',(9.447971419243,12.473527396138,
    46.450062515675));
#466 = PCURVE('',#128,#467);
#467 = DEFINITIONAL_REPRESENTATION('',(#468),#472);
#468 = LINE('',#469,#470);
#469 = CARTESIAN_POINT('',(0.,1.));
#470 = VECTOR('',#471,1.);
#471 = DIRECTION('',(1.,0.));
#472 = ( GEOMETRIC_REPRESENTATION_CONTEXT(2) 
PARAMETRIC_REPRESENTATION_CONTEXT() REPRESENTATION_CONTEXT('2D SPACE',''
  ) );
#473 = PCURVE('',#474,#479);
#474 = PLANE('',#475);
#475 = AXIS2_PLACEMENT_3D('',#476,#477,#478);
#476 = CARTESIAN_POINT('',(-3.111765789472,6.971370023173,
    49.349706326063));
#477 = DIRECTION('',(0.224951054344,1.786601667931E-15,0.974370064785));
#478 = DIRECTION('',(0.588569316023,-0.796945581848,-0.135881933342));
#479 = DEFINITIONAL_REPRESENTATION('',(#480),#495);
#480 = B_SPLINE_CURVE_WITH_KNOTS('',13,(#481,#482,#483,#484,#485,#486,
    #487,#488,#489,#490,#491,#492,#493,#494),.UNSPECIFIED.,.F.,.F.,(14,
    14),(2.,3.),.PIECEWISE_BEZIER_KNOTS.);
#481 = CARTESIAN_POINT('',(-4.922591873274,2.614215106399));
#482 = CARTESIAN_POINT('',(-5.751643306056,-3.106979676121));
#483 = CARTESIAN_POINT('',(-4.066299761599,-9.192533467255));
#484 = CARTESIAN_POINT('',(0.30811274783,-14.43692912011));
#485 = CARTESIAN_POINT('',(6.910592588432,-17.54261337388));
#486 = CARTESIAN_POINT('',(14.59005251558,-17.49208302183));
#487 = CARTESIAN_POINT('',(21.698195366761,-13.95751041831));
#488 = CARTESIAN_POINT('',(26.550607174817,-7.555555172814));
#489 = CARTESIAN_POINT('',(28.032727757044,0.243304799388));
#490 = CARTESIAN_POINT('',(26.006045993544,7.650680793207));
#491 = CARTESIAN_POINT('',(21.231634903332,13.168199572024));
#492 = CARTESIAN_POINT('',(15.000213172047,15.962578531985));
#493 = CARTESIAN_POINT('',(8.685637502655,15.940625776033));
#494 = CARTESIAN_POINT('',(3.4013651363,13.596300377145));
#495 = ( GEOMETRIC_REPRESENTATION_CONTEXT(2) 
PARAMETRIC_REPRESENTATION_CONTEXT() REPRESENTATION_CONTEXT('2D SPACE',''
  ) );
#496 = ORIENTED_EDGE('',*,*,#497,.F.);
#497 = EDGE_CURVE('',#112,#448,#498,.T.);
#498 = SURFACE_CURVE('',#499,(#509,#516),.PCURVE_S1.);
#499 = ( BOUNDED_CURVE() B_SPLINE_CURVE(8,(#500,#501,#502,#503,#504,#505
,#506,#507,#508),.UNSPECIFIED.,.F.,.F.) B_SPLINE_CURVE_WITH_KNOTS((9,9),
(0.,1.),.PIECEWISE_BEZIER_KNOTS.) CURVE() GEOMETRIC_REPRESENTATION_ITEM(
) RATIONAL_B_SPLINE_CURVE((1.,1.000000000001,0.999999999995,
    1.00000000001,0.999999999988,1.00000000001,0.999999999995,
1.000000000001,1.)) REPRESENTATION_ITEM('') );
#500 = CARTESIAN_POINT('',(-6.89010989011,12.473527396138,24.));
#501 = CARTESIAN_POINT('',(-6.890108948906,12.47352739614,
    27.234824901043));
#502 = CARTESIAN_POINT('',(-6.784822728707,12.473527396131,
    30.469586528762));
#503 = CARTESIAN_POINT('',(-6.574233423302,12.473527396152,
    33.68150091647));
#504 = CARTESIAN_POINT('',(-6.262020470699,12.47352739612,
    36.872548141472));
#505 = CARTESIAN_POINT('',(-5.848202581576,12.473527396155,
    40.048794616194));
#506 = CARTESIAN_POINT('',(-5.332204864968,12.473527396129,
    43.220537460135));
#507 = CARTESIAN_POINT('',(-4.706907397114,12.473527396141,
    46.397298102261));
#508 = CARTESIAN_POINT('',(-3.979062220764,12.473527396138,
    49.549937484325));
#509 = PCURVE('',#128,#510);
#510 = DEFINITIONAL_REPRESENTATION('',(#511),#515);
#511 = LINE('',#512,#513);
#512 = CARTESIAN_POINT('',(2.,0.));
#513 = VECTOR('',#514,1.);
#514 = DIRECTION('',(0.,1.));
#515 = ( GEOMETRIC_REPRESENTATION_CONTEXT(2) 
PARAMETRIC_REPRESENTATION_CONTEXT() REPRESENTATION_CONTEXT('2D SPACE',''
  ) );
#516 = PCURVE('',#517,#644);
#517 = ( BOUNDED_SURFACE() B_SPLINE_SURFACE(13,8,(
    (#518,#519,#520,#521,#522,#523,#524,#525,#526)
    ,(#527,#528,#529,#530,#531,#532,#533,#534,#535)
    ,(#536,#537,#538,#539,#540,#541,#542,#543,#544)
    ,(#545,#546,#547,#548,#549,#550,#551,#552,#553)
    ,(#554,#555,#556,#557,#558,#559,#560,#561,#562)
    ,(#563,#564,#565,#566,#567,#568,#569,#570,#571)
    ,(#572,#573,#574,#575,#576,#577,#578,#579,#580)
    ,(#581,#582,#583,#584,#585,#586,#587,#588,#589)
    ,(#590,#591,#592,#593,#594,#595,#596,#597,#598)
    ,(#599,#600,#601,#602,#603,#604,#605,#606,#607)
    ,(#608,#609,#610,#611,#612,#613,#614,#615,#616)
    ,(#617,#618,#619,#620,#621,#622,#623,#624,#625)
    ,(#626,#627,#628,#629,#630,#631,#632,#633,#634)
    ,(#635,#636,#637,#638,#639,#640,#641,#642,#643
)),.UNSPECIFIED.,.F.,.F.,.F.) B_SPLINE_SURFACE_WITH_KNOTS((14,14),(9,9),
  (1.,2.),(0.,1.),.PIECEWISE_BEZIER_KNOTS.) 
GEOMETRIC_REPRESENTATION_ITEM() RATIONAL_B_SPLINE_SURFACE((
    (1.,1.000000000001,0.999999999995,1.00000000001,0.999999999988
      ,1.00000000001,0.999999999995,1.000000000001,1.)
    ,(1.,1.000000000001,0.999999999995,1.00000000001,0.999999999988
      ,1.00000000001,0.999999999995,1.000000000001,1.)
    ,(1.,1.000000000001,0.999999999995,1.00000000001,0.999999999988
      ,1.00000000001,0.999999999995,1.000000000001,1.)
    ,(1.,1.000000000001,0.999999999995,1.00000000001,0.999999999988
      ,1.00000000001,0.999999999995,1.000000000001,1.)
    ,(1.,1.000000000001,0.999999999995,1.00000000001,0.999999999988
      ,1.00000000001,0.999999999995,1.000000000001,1.)
    ,(1.,1.000000000001,0.999999999995,1.00000000001,0.999999999988
      ,1.00000000001,0.999999999995,1.000000000001,1.)
    ,(1.,1.000000000001,0.999999999995,1.00000000001,0.999999999988
      ,1.00000000001,0.999999999995,1.000000000001,1.)
    ,(1.,1.000000000001,0.999999999995,1.00000000001,0.999999999988
      ,1.00000000001,0.999999999995,1.000000000001,1.)
    ,(1.,1.000000000001,0.999999999995,1.00000000001,0.999999999988
      ,1.00000000001,0.999999999995,1.000000000001,1.)
    ,(1.,1.000000000001,0.999999999995,1.00000000001,0.999999999988
      ,1.00000000001,0.999999999995,1.000000000001,1.)
    ,(1.,1.000000000001,0.999999999995,1.00000000001,0.999999999988
      ,1.00000000001,0.999999999995,1.000000000001,1.)
    ,(1.,1.000000000001,0.999999999995,1.00000000001,0.999999999988
      ,1.00000000001,0.999999999995,1.000000000001,1.)
    ,(1.,1.000000000001,0.999999999995,1.00000000001,0.999999999988
      ,1.00000000001,0.999999999995,1.000000000001,1.)
    ,(1.,1.000000000001,0.999999999995,1.00000000001,0.999999999988
      ,1.00000000001,0.999999999995,1.000000000001,1.
))) REPRESENTATION_ITEM('') SURFACE() );
#518 = CARTESIAN_POINT('',(-6.,11.948326242617,24.));
#519 = CARTESIAN_POINT('',(-5.999999066179,11.948326242623,
    27.20947404696));
#520 = CARTESIAN_POINT('',(-5.895537958801,11.948326242595,
    30.418885316522));
#521 = CARTESIAN_POINT('',(-5.686599011346,11.948326242654,
    33.605628396416));
#522 = CARTESIAN_POINT('',(-5.376832826305,11.948326242574,
    36.771667846822));
#523 = CARTESIAN_POINT('',(-4.966257968139,11.948326242648,
    39.923022537936));
#524 = CARTESIAN_POINT('',(-4.454304050795,11.948326242602,
    43.069908892871));
#525 = CARTESIAN_POINT('',(-3.833906948636,11.948326242621,
    46.221773722053));
#526 = CARTESIAN_POINT('',(-3.111765789472,11.948326242617,
    49.349706326063));
#527 = CARTESIAN_POINT('',(-6.,12.044116884227,24.));
#528 = CARTESIAN_POINT('',(-5.999999066178,12.044116884201,
    27.209474047001));
#529 = CARTESIAN_POINT('',(-5.895537958806,12.044116884318,
    30.418885316382));
#530 = CARTESIAN_POINT('',(-5.686599011336,12.044116884055,
    33.605628396678));
#531 = CARTESIAN_POINT('',(-5.376832826319,12.044116884436,
    36.771667846507));
#532 = CARTESIAN_POINT('',(-4.966257968126,12.044116884058,
    39.923022538188));
#533 = CARTESIAN_POINT('',(-4.454304050803,12.044116884316,
    43.069908892741));
#534 = CARTESIAN_POINT('',(-3.833906948634,12.044116884202,
    46.22177372209));
#535 = CARTESIAN_POINT('',(-3.111765789472,12.044116884227,
    49.349706326063));
#536 = CARTESIAN_POINT('',(-6.016567678491,12.139907649417,24.));
#537 = CARTESIAN_POINT('',(-6.016566744516,12.139907649407,
    27.209945904226));
#538 = CARTESIAN_POINT('',(-5.912090279332,12.139907649452,
    30.419829021701));
#539 = CARTESIAN_POINT('',(-5.70312061347,12.139907649351,
    33.607040617166));
#540 = CARTESIAN_POINT('',(-5.39330888683,12.139907649497,36.7735455387)
  );
#541 = CARTESIAN_POINT('',(-4.982673665641,12.139907649352,
    39.925363542715));
#542 = CARTESIAN_POINT('',(-4.47064448095,12.13990764945,43.07271255298)
  );
#543 = CARTESIAN_POINT('',(-3.85015616786,12.139907649407,
    46.225040769813));
#544 = CARTESIAN_POINT('',(-3.127908839437,12.139907649417,
    49.353433242808));
#545 = CARTESIAN_POINT('',(-6.049702274699,12.232572052898,24.));
#546 = CARTESIAN_POINT('',(-6.049701340462,12.232572052901,
    27.210889597004));
#547 = CARTESIAN_POINT('',(-5.945194160157,12.232572052885,
    30.421716389039));
#548 = CARTESIAN_POINT('',(-5.736163059382,12.23257205292,
    33.609864993205));
#549 = CARTESIAN_POINT('',(-5.426260250919,12.232572052871,
    36.777300837009));
#550 = CARTESIAN_POINT('',(-5.015504307168,12.232572052919,
    39.930045444122));
#551 = CARTESIAN_POINT('',(-4.503324590755,12.232572052887,
    43.07831974481));
#552 = CARTESIAN_POINT('',(-3.882653860204,12.232572052901,
    46.231574715211));
#553 = CARTESIAN_POINT('',(-3.16019419809,12.232572052898,49.36088690516
    ));
#554 = CARTESIAN_POINT('',(-6.098756096004,12.318985024474,24.));
#555 = CARTESIAN_POINT('',(-6.098755161351,12.31898502446,
    27.212286678758));
#556 = CARTESIAN_POINT('',(-5.994202509245,12.318985024524,
    30.424510525092));
#557 = CARTESIAN_POINT('',(-5.785080457398,12.318985024379,
    33.61404631645));
#558 = CARTESIAN_POINT('',(-5.475042808085,12.318985024591,
    36.782860334595));
#559 = CARTESIAN_POINT('',(-5.064108141248,12.318985024378,
    39.936976724463));
#560 = CARTESIAN_POINT('',(-4.551705571768,12.318985024525,
    43.086620862275));
#561 = CARTESIAN_POINT('',(-3.930764782761,12.31898502446,
    46.241247837256));
#562 = CARTESIAN_POINT('',(-3.207990773133,12.318985024474,
    49.371921613982));
#563 = CARTESIAN_POINT('',(-6.162431369451,12.396169918908,24.));
#564 = CARTESIAN_POINT('',(-6.162430434284,12.396169918891,
    27.21410018806));
#565 = CARTESIAN_POINT('',(-6.057818756498,12.396169918966,
    30.428137508222));
#566 = CARTESIAN_POINT('',(-5.8485786441,12.396169918797,33.619473964772
    ));
#567 = CARTESIAN_POINT('',(-5.538365961586,12.396169919043,
    36.790076949576));
#568 = CARTESIAN_POINT('',(-5.127199300143,12.396169918797,
    39.945974008439));
#569 = CARTESIAN_POINT('',(-4.614507451601,12.396169918966,
    43.09739629049));
#570 = CARTESIAN_POINT('',(-3.993216108048,12.396169918891,
    46.253804222737));
#571 = CARTESIAN_POINT('',(-3.270034053447,12.396169918908,
    49.38624543388));
#572 = CARTESIAN_POINT('',(-6.238819904443,12.461449214728,24.));
#573 = CARTESIAN_POINT('',(-6.238818968635,12.461449214713,
    27.216275778498));
#574 = CARTESIAN_POINT('',(-6.134136480348,12.46144921478,
    30.432488646772));
#575 = CARTESIAN_POINT('',(-5.924754735437,12.461449214628,
    33.625985284864));
#576 = CARTESIAN_POINT('',(-5.614332073368,12.46144921485,
    36.798734417927));
#577 = CARTESIAN_POINT('',(-5.202887097418,12.461449214628,
    39.956767669632));
#578 = CARTESIAN_POINT('',(-4.68984821327,12.46144921478,43.110323116517
    ));
#579 = CARTESIAN_POINT('',(-4.068136324126,12.461449214713,
    46.268867587809));
#580 = CARTESIAN_POINT('',(-3.344464755236,12.461449214728,
    49.403429115366));
#581 = CARTESIAN_POINT('',(-6.325481901634,12.512583329062,24.));
#582 = CARTESIAN_POINT('',(-6.325480965113,12.51258332908,
    27.218743963268));
#583 = CARTESIAN_POINT('',(-6.22071814298,12.512583328999,
    30.437424967854));
#584 = CARTESIAN_POINT('',(-6.01117571762,12.512583329183,
    33.633372310187));
#585 = CARTESIAN_POINT('',(-5.700514835695,12.512583328914,
    36.808556224986));
#586 = CARTESIAN_POINT('',(-5.288754115073,12.512583329184,
    39.969012966283));
#587 = CARTESIAN_POINT('',(-4.775321522484,12.512583328998,
    43.124988465746));
#588 = CARTESIAN_POINT('',(-4.153132528818,12.512583329081,
    46.285956818629));
#589 = CARTESIAN_POINT('',(-3.428905611053,12.512583329062,
    49.422923823006));
#590 = CARTESIAN_POINT('',(-6.419558286564,12.547885291324,24.));
#591 = CARTESIAN_POINT('',(-6.419557349257,12.547885291332,
    27.221423314155));
#592 = CARTESIAN_POINT('',(-6.314707320357,12.547885291295,
    30.442783617107));
#593 = CARTESIAN_POINT('',(-6.104990467359,12.54788529138,
    33.641391334135));
#594 = CARTESIAN_POINT('',(-5.794070984814,12.547885291256,
    36.819218339156));
#595 = CARTESIAN_POINT('',(-5.381967505725,12.54788529138,39.98230591215
    ));
#596 = CARTESIAN_POINT('',(-4.868107520997,12.547885291294,
    43.140908512425));
#597 = CARTESIAN_POINT('',(-4.245400603967,12.547885291333,
    46.304508122645));
#598 = CARTESIAN_POINT('',(-3.520570824333,12.547885291324,
    49.444086404985));
#599 = CARTESIAN_POINT('',(-6.517908990187,12.566302334362,24.));
#600 = CARTESIAN_POINT('',(-6.51790805207,12.566302334362,
    27.224224400136));
#601 = CARTESIAN_POINT('',(-6.412966854143,12.566302334363,
    30.448385734284));
#602 = CARTESIAN_POINT('',(-6.203067648595,12.566302334363,
    33.649774698706));
#603 = CARTESIAN_POINT('',(-5.891877815843,12.566302334359,
    36.830364881955));
#604 = CARTESIAN_POINT('',(-5.479416005383,12.566302334367,
    39.99620281691));
#605 = CARTESIAN_POINT('',(-4.965109210032,12.566302334359,
    43.157551879447));
#606 = CARTESIAN_POINT('',(-4.341860838067,12.566302334363,
    46.323902296874));
#607 = CARTESIAN_POINT('',(-3.616400805793,12.566302334362,
    49.46621049946));
#608 = CARTESIAN_POINT('',(-6.617267641953,12.567458777439,24.));
#609 = CARTESIAN_POINT('',(-6.617266703017,12.567458777434,
    27.227054193068));
#610 = CARTESIAN_POINT('',(-6.512233401721,12.567458777456,
    30.454045264834));
#611 = CARTESIAN_POINT('',(-6.302149974774,12.567458777406,
    33.658243980234));
#612 = CARTESIAN_POINT('',(-5.990687021134,12.567458777481,
    36.841625660245));
#613 = CARTESIAN_POINT('',(-5.57786320694,12.567458777404,
    40.010242144201));
#614 = CARTESIAN_POINT('',(-5.063105021819,12.567458777458,
    43.174365816193));
#615 = CARTESIAN_POINT('',(-4.439309645817,12.567458777434,
    46.343495232482));
#616 = CARTESIAN_POINT('',(-3.713212901751,12.567458777439,
    49.488561332933));
#617 = CARTESIAN_POINT('',(-6.714401184724,12.55165789117,24.));
#618 = CARTESIAN_POINT('',(-6.714400244974,12.551657891134,
    27.229820613538));
#619 = CARTESIAN_POINT('',(-6.609276903005,12.551657891298,
    30.459578051958));
#620 = CARTESIAN_POINT('',(-6.399013380092,12.551657890928,
    33.666523594285));
#621 = CARTESIAN_POINT('',(-6.087283422255,12.551657891466,
    36.852634256943));
#622 = CARTESIAN_POINT('',(-5.674105711071,12.55165789093,
    40.023967064432));
#623 = CARTESIAN_POINT('',(-5.158906245082,12.551657891296,
    43.19080320971));
#624 = CARTESIAN_POINT('',(-4.534576114976,12.551657891135,
    46.362649389782));
#625 = CARTESIAN_POINT('',(-3.807856918115,12.55165789117,
    49.510411625791));
#626 = CARTESIAN_POINT('',(-6.806260964326,12.519843750324,24.));
#627 = CARTESIAN_POINT('',(-6.806260023824,12.519843750293,
    27.232436834228));
#628 = CARTESIAN_POINT('',(-6.701051529757,12.51984375043,
    30.464810441903));
#629 = CARTESIAN_POINT('',(-6.490617689197,12.519843750121,
    33.674353676065));
#630 = CARTESIAN_POINT('',(-6.178635223586,12.519843750569,
    36.863045152752));
#631 = CARTESIAN_POINT('',(-5.765122830162,12.519843750124,
    40.036946805202));
#632 = CARTESIAN_POINT('',(-5.249506041991,12.519843750428,
    43.206348151996));
#633 = CARTESIAN_POINT('',(-4.624670191773,12.519843750294,
    46.380763592413));
#634 = CARTESIAN_POINT('',(-3.897362337516,12.519843750324,
    49.531075580065));
#635 = CARTESIAN_POINT('',(-6.89010989011,12.473527396138,24.));
#636 = CARTESIAN_POINT('',(-6.890108948906,12.47352739614,
    27.234824901043));
#637 = CARTESIAN_POINT('',(-6.784822728707,12.473527396131,
    30.469586528762));
#638 = CARTESIAN_POINT('',(-6.574233423302,12.473527396152,
    33.68150091647));
#639 = CARTESIAN_POINT('',(-6.262020470699,12.47352739612,
    36.872548141472));
#640 = CARTESIAN_POINT('',(-5.848202581576,12.473527396155,
    40.048794616194));
#641 = CARTESIAN_POINT('',(-5.332204864968,12.473527396129,
    43.220537460135));
#642 = CARTESIAN_POINT('',(-4.706907397114,12.473527396141,
    46.397298102261));
#643 = CARTESIAN_POINT('',(-3.979062220764,12.473527396138,
    49.549937484325));
#644 = DEFINITIONAL_REPRESENTATION('',(#645),#649);
#645 = LINE('',#646,#647);
#646 = CARTESIAN_POINT('',(2.,0.));
#647 = VECTOR('',#648,1.);
#648 = DIRECTION('',(0.,1.));
#649 = ( GEOMETRIC_REPRESENTATION_CONTEXT(2) 
PARAMETRIC_REPRESENTATION_CONTEXT() REPRESENTATION_CONTEXT('2D SPACE',''
  ) );
#650 = ADVANCED_FACE('',(#651),#517,.T.);
#651 = FACE_BOUND('',#652,.T.);
#652 = EDGE_LOOP('',(#653,#676,#677,#722));
#653 = ORIENTED_EDGE('',*,*,#654,.F.);
#654 = EDGE_CURVE('',#112,#655,#657,.T.);
#655 = VERTEX_POINT('',#656);
#656 = CARTESIAN_POINT('',(-6.,11.948326242617,24.));
#657 = SURFACE_CURVE('',#658,(#663,#669),.PCURVE_S1.);
#658 = CIRCLE('',#659,0.6);
#659 = AXIS2_PLACEMENT_3D('',#660,#661,#662);
#660 = CARTESIAN_POINT('',(-6.6,11.948326242617,24.));
#661 = DIRECTION('',(-0.,-0.,-1.));
#662 = DIRECTION('',(0.,-1.,0.));
#663 = PCURVE('',#517,#664);
#664 = DEFINITIONAL_REPRESENTATION('',(#665),#668);
#665 = B_SPLINE_CURVE_WITH_KNOTS('',1,(#666,#667),.UNSPECIFIED.,.F.,.F.,
  (2,2),(2.636925078825,4.712388980385),.PIECEWISE_BEZIER_KNOTS.);
#666 = CARTESIAN_POINT('',(2.,0.));
#667 = CARTESIAN_POINT('',(1.,0.));
#668 = ( GEOMETRIC_REPRESENTATION_CONTEXT(2) 
PARAMETRIC_REPRESENTATION_CONTEXT() REPRESENTATION_CONTEXT('2D SPACE',''
  ) );
#669 = PCURVE('',#275,#670);
#670 = DEFINITIONAL_REPRESENTATION('',(#671),#675);
#671 = LINE('',#672,#673);
#672 = CARTESIAN_POINT('',(2.636925078825,24.));
#673 = VECTOR('',#674,1.);
#674 = DIRECTION('',(-1.,0.));
#675 = ( GEOMETRIC_REPRESENTATION_CONTEXT(2) 
PARAMETRIC_REPRESENTATION_CONTEXT() REPRESENTATION_CONTEXT('2D SPACE',''
  ) );
#676 = ORIENTED_EDGE('',*,*,#497,.T.);
#677 = ORIENTED_EDGE('',*,*,#678,.F.);
#678 = EDGE_CURVE('',#679,#448,#681,.T.);
#679 = VERTEX_POINT('',#680);
#680 = CARTESIAN_POINT('',(-3.111765789472,11.948326242617,
    49.349706326063));
#681 = SURFACE_CURVE('',#682,(#697,#704),.PCURVE_S1.);
#682 = B_SPLINE_CURVE_WITH_KNOTS('',13,(#683,#684,#685,#686,#687,#688,
    #689,#690,#691,#692,#693,#694,#695,#696),.UNSPECIFIED.,.F.,.F.,(14,
    14),(1.,2.),.PIECEWISE_BEZIER_KNOTS.);
#683 = CARTESIAN_POINT('',(-3.111765789472,11.948326242617,
    49.349706326063));
#684 = CARTESIAN_POINT('',(-3.111765789472,12.044116884227,
    49.349706326063));
#685 = CARTESIAN_POINT('',(-3.127908839437,12.139907649417,
    49.353433242808));
#686 = CARTESIAN_POINT('',(-3.16019419809,12.232572052898,49.36088690516
    ));
#687 = CARTESIAN_POINT('',(-3.207990773133,12.318985024474,
    49.371921613982));
#688 = CARTESIAN_POINT('',(-3.270034053447,12.396169918908,
    49.38624543388));
#689 = CARTESIAN_POINT('',(-3.344464755236,12.461449214728,
    49.403429115366));
#690 = CARTESIAN_POINT('',(-3.428905611053,12.512583329062,
    49.422923823006));
#691 = CARTESIAN_POINT('',(-3.520570824333,12.547885291324,
    49.444086404985));
#692 = CARTESIAN_POINT('',(-3.616400805793,12.566302334362,
    49.46621049946));
#693 = CARTESIAN_POINT('',(-3.713212901751,12.567458777439,
    49.488561332933));
#694 = CARTESIAN_POINT('',(-3.807856918115,12.55165789117,
    49.510411625791));
#695 = CARTESIAN_POINT('',(-3.897362337516,12.519843750324,
    49.531075580065));
#696 = CARTESIAN_POINT('',(-3.979062220764,12.473527396138,
    49.549937484325));
#697 = PCURVE('',#517,#698);
#698 = DEFINITIONAL_REPRESENTATION('',(#699),#703);
#699 = LINE('',#700,#701);
#700 = CARTESIAN_POINT('',(0.,1.));
#701 = VECTOR('',#702,1.);
#702 = DIRECTION('',(1.,0.));
#703 = ( GEOMETRIC_REPRESENTATION_CONTEXT(2) 
PARAMETRIC_REPRESENTATION_CONTEXT() REPRESENTATION_CONTEXT('2D SPACE',''
  ) );
#704 = PCURVE('',#474,#705);
#705 = DEFINITIONAL_REPRESENTATION('',(#706),#721);
#706 = B_SPLINE_CURVE_WITH_KNOTS('',13,(#707,#708,#709,#710,#711,#712,
    #713,#714,#715,#716,#717,#718,#719,#720),.UNSPECIFIED.,.F.,.F.,(14,
    14),(1.,2.),.PIECEWISE_BEZIER_KNOTS.);
#707 = CARTESIAN_POINT('',(-3.966363270138,3.006335912628));
#708 = CARTESIAN_POINT('',(-4.042703198752,3.064198355709));
#709 = CARTESIAN_POINT('',(-4.129050950381,3.108857335264));
#710 = CARTESIAN_POINT('',(-4.222914426841,3.13842490069));
#711 = CARTESIAN_POINT('',(-4.321411877803,3.151529525646));
#712 = CARTESIAN_POINT('',(-4.421387157806,3.147407418707));
#713 = CARTESIAN_POINT('',(-4.519553783301,3.125961944129));
#714 = CARTESIAN_POINT('',(-4.612653165119,3.087784666711));
#715 = CARTESIAN_POINT('',(-4.69761385241,3.034135096759));
#716 = CARTESIAN_POINT('',(-4.771700084864,2.966879773266));
#717 = CARTESIAN_POINT('',(-4.832639410629,2.888394885443));
#718 = CARTESIAN_POINT('',(-4.878720588142,2.801440194843));
#719 = CARTESIAN_POINT('',(-4.908854450689,2.709015582352));
#720 = CARTESIAN_POINT('',(-4.922591873274,2.614215106399));
#721 = ( GEOMETRIC_REPRESENTATION_CONTEXT(2) 
PARAMETRIC_REPRESENTATION_CONTEXT() REPRESENTATION_CONTEXT('2D SPACE',''
  ) );
#722 = ORIENTED_EDGE('',*,*,#723,.F.);
#723 = EDGE_CURVE('',#655,#679,#724,.T.);
#724 = SURFACE_CURVE('',#725,(#735,#742),.PCURVE_S1.);
#725 = ( BOUNDED_CURVE() B_SPLINE_CURVE(8,(#726,#727,#728,#729,#730,#731
,#732,#733,#734),.UNSPECIFIED.,.F.,.F.) B_SPLINE_CURVE_WITH_KNOTS((9,9),
(0.,1.),.PIECEWISE_BEZIER_KNOTS.) CURVE() GEOMETRIC_REPRESENTATION_ITEM(
) RATIONAL_B_SPLINE_CURVE((1.,1.000000000001,0.999999999995,
    1.00000000001,0.999999999988,1.00000000001,0.999999999995,
1.000000000001,1.)) REPRESENTATION_ITEM('') );
#726 = CARTESIAN_POINT('',(-6.,11.948326242617,24.));
#727 = CARTESIAN_POINT('',(-5.999999066179,11.948326242623,
    27.20947404696));
#728 = CARTESIAN_POINT('',(-5.895537958801,11.948326242595,
    30.418885316522));
#729 = CARTESIAN_POINT('',(-5.686599011346,11.948326242654,
    33.605628396416));
#730 = CARTESIAN_POINT('',(-5.376832826305,11.948326242574,
    36.771667846822));
#731 = CARTESIAN_POINT('',(-4.966257968139,11.948326242648,
    39.923022537936));
#732 = CARTESIAN_POINT('',(-4.454304050795,11.948326242602,
    43.069908892871));
#733 = CARTESIAN_POINT('',(-3.833906948636,11.948326242621,
    46.221773722053));
#734 = CARTESIAN_POINT('',(-3.111765789472,11.948326242617,
    49.349706326063));
#735 = PCURVE('',#517,#736);
#736 = DEFINITIONAL_REPRESENTATION('',(#737),#741);
#737 = LINE('',#738,#739);
#738 = CARTESIAN_POINT('',(1.,0.));
#739 = VECTOR('',#740,1.);
#740 = DIRECTION('',(0.,1.));
#741 = ( GEOMETRIC_REPRESENTATION_CONTEXT(2) 
PARAMETRIC_REPRESENTATION_CONTEXT() REPRESENTATION_CONTEXT('2D SPACE',''
  ) );
#742 = PCURVE('',#743,#870);
#743 = ( BOUNDED_SURFACE() B_SPLINE_SURFACE(13,8,(
    (#744,#745,#746,#747,#748,#749,#750,#751,#752)
    ,(#753,#754,#755,#756,#757,#758,#759,#760,#761)
    ,(#762,#763,#764,#765,#766,#767,#768,#769,#770)
    ,(#771,#772,#773,#774,#775,#776,#777,#778,#779)
    ,(#780,#781,#782,#783,#784,#785,#786,#787,#788)
    ,(#789,#790,#791,#792,#793,#794,#795,#796,#797)
    ,(#798,#799,#800,#801,#802,#803,#804,#805,#806)
    ,(#807,#808,#809,#810,#811,#812,#813,#814,#815)
    ,(#816,#817,#818,#819,#820,#821,#822,#823,#824)
    ,(#825,#826,#827,#828,#829,#830,#831,#832,#833)
    ,(#834,#835,#836,#837,#838,#839,#840,#841,#842)
    ,(#843,#844,#845,#846,#847,#848,#849,#850,#851)
    ,(#852,#853,#854,#855,#856,#857,#858,#859,#860)
    ,(#861,#862,#863,#864,#865,#866,#867,#868,#869
)),.UNSPECIFIED.,.F.,.F.,.F.) B_SPLINE_SURFACE_WITH_KNOTS((14,14),(9,9),
  (0.,1.),(0.,1.),.PIECEWISE_BEZIER_KNOTS.) 
GEOMETRIC_REPRESENTATION_ITEM() RATIONAL_B_SPLINE_SURFACE((
    (1.,1.000000000001,0.999999999995,1.00000000001,0.999999999988
      ,1.00000000001,0.999999999995,1.000000000001,1.)
    ,(1.,1.000000000001,0.999999999995,1.00000000001,0.999999999988
      ,1.00000000001,0.999999999995,1.000000000001,1.)
    ,(1.,1.000000000001,0.999999999995,1.00000000001,0.999999999988
      ,1.00000000001,0.999999999995,1.000000000001,1.)
    ,(1.,1.000000000001,0.999999999995,1.00000000001,0.999999999988
      ,1.00000000001,0.999999999995,1.000000000001,1.)
    ,(1.,1.000000000001,0.999999999995,1.00000000001,0.999999999988
      ,1.00000000001,0.999999999995,1.000000000001,1.)
    ,(1.,1.000000000001,0.999999999995,1.00000000001,0.999999999988
      ,1.00000000001,0.999999999995,1.000000000001,1.)
    ,(1.,1.000000000001,0.999999999995,1.00000000001,0.999999999988
      ,1.00000000001,0.999999999995,1.000000000001,1.)
    ,(1.,1.000000000001,0.999999999995,1.00000000001,0.999999999988
      ,1.00000000001,0.999999999995,1.000000000001,1.)
    ,(1.,1.000000000001,0.999999999995,1.00000000001,0.999999999988
      ,1.00000000001,0.999999999995,1.000000000001,1.)
    ,(1.,1.000000000001,0.999999999995,1.00000000001,0.999999999988
      ,1.00000000001,0.999999999995,1.000000000001,1.)
    ,(1.,1.000000000001,0.999999999995,1.00000000001,0.999999999988
      ,1.00000000001,0.999999999995,1.000000000001,1.)
    ,(1.,1.000000000001,0.999999999995,1.00000000001,0.999999999988
      ,1.00000000001,0.999999999995,1.000000000001,1.)
    ,(1.,1.000000000001,0.999999999995,1.00000000001,0.999999999988
      ,1.00000000001,0.999999999995,1.000000000001,1.)
    ,(1.,1.000000000001,0.999999999995,1.00000000001,0.999999999988
      ,1.00000000001,0.999999999995,1.000000000001,1.
))) REPRESENTATION_ITEM('') SURFACE() );
#744 = CARTESIAN_POINT('',(-6.,9.90201999594,24.));
#745 = CARTESIAN_POINT('',(-5.999999066179,9.902168144359,
    27.209474046994));
#746 = CARTESIAN_POINT('',(-5.895537958803,9.602760412859,
    30.418885316403));
#747 = CARTESIAN_POINT('',(-5.686599011343,9.10766811,33.60562839664));
#748 = CARTESIAN_POINT('',(-5.376832826309,8.501145954872,36.77166784655
    ));
#749 = CARTESIAN_POINT('',(-4.966257968136,7.885397287177,
    39.923022538157));
#750 = CARTESIAN_POINT('',(-4.454304050797,7.313506776843,
    43.069908892755));
#751 = CARTESIAN_POINT('',(-3.833906948636,6.971386504082,
    46.221773722086));
#752 = CARTESIAN_POINT('',(-3.111765789472,6.971370023173,
    49.349706326063));
#753 = CARTESIAN_POINT('',(-6.,10.059428168761,24.));
#754 = CARTESIAN_POINT('',(-5.999999066179,10.059564921125,
    27.209474046994));
#755 = CARTESIAN_POINT('',(-5.895537958803,9.783188553691,
    30.418885316403));
#756 = CARTESIAN_POINT('',(-5.686599011343,9.326180273892,33.60562839664
    ));
#757 = CARTESIAN_POINT('',(-5.376832826309,8.766313669506,36.77166784655
    ));
#758 = CARTESIAN_POINT('',(-4.966257968136,8.197930283592,
    39.923022538157));
#759 = CARTESIAN_POINT('',(-4.454304050797,7.670031351217,
    43.069908892755));
#760 = CARTESIAN_POINT('',(-3.833906948636,7.354228022407,
    46.221773722086));
#761 = CARTESIAN_POINT('',(-3.111765789472,7.354212809284,
    49.349706326063));
#762 = CARTESIAN_POINT('',(-6.,10.216836341583,24.));
#763 = CARTESIAN_POINT('',(-5.999999066179,10.216961697939,
    27.209474046994));
#764 = CARTESIAN_POINT('',(-5.895537958803,9.963616694357,
    30.418885316403));
#765 = CARTESIAN_POINT('',(-5.686599011343,9.544692438101,33.60562839664
    ));
#766 = CARTESIAN_POINT('',(-5.376832826309,9.031481383749,36.77166784655
    ));
#767 = CARTESIAN_POINT('',(-4.966257968136,8.510463280326,
    39.923022538157));
#768 = CARTESIAN_POINT('',(-4.454304050797,8.026555925422,
    43.069908892755));
#769 = CARTESIAN_POINT('',(-3.833906948636,7.73706954078,46.221773722086
    ));
#770 = CARTESIAN_POINT('',(-3.111765789472,7.737055595395,
    49.349706326063));
#771 = CARTESIAN_POINT('',(-6.,10.374244514404,24.));
#772 = CARTESIAN_POINT('',(-5.999999066179,10.374358474722,
    27.209474046994));
#773 = CARTESIAN_POINT('',(-5.895537958803,10.144044835125,
    30.418885316403));
#774 = CARTESIAN_POINT('',(-5.686599011343,9.763204602117,33.60562839664
    ));
#775 = CARTESIAN_POINT('',(-5.376832826309,9.296649098227,36.77166784655
    ));
#776 = CARTESIAN_POINT('',(-4.966257968136,8.822996276871,
    39.923022538157));
#777 = CARTESIAN_POINT('',(-4.454304050797,8.383080499726,
    43.069908892755));
#778 = CARTESIAN_POINT('',(-3.833906948636,8.119911059125,
    46.221773722086));
#779 = CARTESIAN_POINT('',(-3.111765789472,8.119898381506,
    49.349706326063));
#780 = CARTESIAN_POINT('',(-6.,10.531652687225,24.));
#781 = CARTESIAN_POINT('',(-5.999999066179,10.531755251504,
    27.209474046994));
#782 = CARTESIAN_POINT('',(-5.895537958803,10.324472975901,
    30.418885316403));
#783 = CARTESIAN_POINT('',(-5.686599011343,9.981716766115,33.60562839664
    ));
#784 = CARTESIAN_POINT('',(-5.376832826309,9.561816812732,36.77166784655
    ));
#785 = CARTESIAN_POINT('',(-4.966257968136,9.135529273391,
    39.923022538157));
#786 = CARTESIAN_POINT('',(-4.454304050797,8.739605074044,
    43.069908892755));
#787 = CARTESIAN_POINT('',(-3.833906948636,8.502752577466,
    46.221773722086));
#788 = CARTESIAN_POINT('',(-3.111765789472,8.502741167617,
    49.349706326063));
#789 = CARTESIAN_POINT('',(-6.,10.689060860047,24.));
#790 = CARTESIAN_POINT('',(-5.999999066179,10.689152028297,
    27.209474046994));
#791 = CARTESIAN_POINT('',(-5.895537958803,10.504901116637,
    30.418885316403));
#792 = CARTESIAN_POINT('',(-5.686599011343,10.200228930192,
    33.60562839664));
#793 = CARTESIAN_POINT('',(-5.376832826309,9.826984527134,36.77166784655
    ));
#794 = CARTESIAN_POINT('',(-4.966257968136,9.448062269998,
    39.923022538157));
#795 = CARTESIAN_POINT('',(-4.454304050797,9.096129648315,
    43.069908892755));
#796 = CARTESIAN_POINT('',(-3.833906948636,8.885594095821,
    46.221773722086));
#797 = CARTESIAN_POINT('',(-3.111765789472,8.885583953728,
    49.349706326063));
#798 = CARTESIAN_POINT('',(-6.,10.846469032868,24.));
#799 = CARTESIAN_POINT('',(-5.999999066179,10.846548805066,
    27.209474046994));
#800 = CARTESIAN_POINT('',(-5.895537958803,10.68532925746,
    30.418885316403));
#801 = CARTESIAN_POINT('',(-5.686599011343,10.418741094103,
    33.60562839664));
#802 = CARTESIAN_POINT('',(-5.376832826309,10.092152241743,
    36.77166784655));
#803 = CARTESIAN_POINT('',(-4.966257968136,9.760595266435,
    39.923022538157));
#804 = CARTESIAN_POINT('',(-4.454304050797,9.452654222676,
    43.069908892755));
#805 = CARTESIAN_POINT('',(-3.833906948636,9.268435614149,
    46.221773722086));
#806 = CARTESIAN_POINT('',(-3.111765789472,9.268426739839,
    49.349706326063));
#807 = CARTESIAN_POINT('',(-6.,11.003877205689,24.));
#808 = CARTESIAN_POINT('',(-5.999999066179,11.003945581853,
    27.209474046994));
#809 = CARTESIAN_POINT('',(-5.895537958803,10.865757398217,
    30.418885316403));
#810 = CARTESIAN_POINT('',(-5.686599011343,10.637253258135,
    33.60562839664));
#811 = CARTESIAN_POINT('',(-5.376832826309,10.357319956206,
    36.77166784655));
#812 = CARTESIAN_POINT('',(-4.966257968136,10.073128262987,
    39.923022538157));
#813 = CARTESIAN_POINT('',(-4.454304050797,9.809178796978,
    43.069908892755));
#814 = CARTESIAN_POINT('',(-3.833906948636,9.651277132495,
    46.221773722086));
#815 = CARTESIAN_POINT('',(-3.111765789472,9.65126952595,49.349706326063
    ));
#816 = CARTESIAN_POINT('',(-6.,11.16128537851,24.));
#817 = CARTESIAN_POINT('',(-5.999999066179,11.161342358668,
    27.209474046994));
#818 = CARTESIAN_POINT('',(-5.895537958803,11.046185538877,
    30.418885316403));
#819 = CARTESIAN_POINT('',(-5.686599011343,10.855765422355,
    33.60562839664));
#820 = CARTESIAN_POINT('',(-5.376832826309,10.622487670436,
    36.77166784655));
#821 = CARTESIAN_POINT('',(-4.966257968136,10.385661259732,
    39.923022538157));
#822 = CARTESIAN_POINT('',(-4.454304050797,10.165703371177,
    43.069908892755));
#823 = CARTESIAN_POINT('',(-3.833906948636,10.034118650869,
    46.221773722086));
#824 = CARTESIAN_POINT('',(-3.111765789472,10.034112312061,
    49.349706326063));
#825 = CARTESIAN_POINT('',(-6.,11.318693551332,24.));
#826 = CARTESIAN_POINT('',(-5.999999066179,11.318739135434,
    27.209474046994));
#827 = CARTESIAN_POINT('',(-5.895537958803,11.226613679707,
    30.418885316403));
#828 = CARTESIAN_POINT('',(-5.686599011343,11.07427758625,33.60562839664
    ));
#829 = CARTESIAN_POINT('',(-5.376832826309,10.887655385064,
    36.77166784655));
#830 = CARTESIAN_POINT('',(-4.966257968136,10.698194256152,
    39.923022538157));
#831 = CARTESIAN_POINT('',(-4.454304050797,10.522227945547,
    43.069908892755));
#832 = CARTESIAN_POINT('',(-3.833906948636,10.416960169195,
    46.221773722086));
#833 = CARTESIAN_POINT('',(-3.111765789472,10.416955098173,
    49.349706326063));
#834 = CARTESIAN_POINT('',(-6.,11.476101724153,24.));
#835 = CARTESIAN_POINT('',(-5.999999066179,11.476135912247,
    27.209474046994));
#836 = CARTESIAN_POINT('',(-5.895537958803,11.407041820373,
    30.418885316403));
#837 = CARTESIAN_POINT('',(-5.686599011343,11.292789750461,
    33.60562839664));
#838 = CARTESIAN_POINT('',(-5.376832826309,11.152823099305,
    36.77166784655));
#839 = CARTESIAN_POINT('',(-4.966257968136,11.01072725289,
    39.923022538157));
#840 = CARTESIAN_POINT('',(-4.454304050797,10.87875251975,
    43.069908892755));
#841 = CARTESIAN_POINT('',(-3.833906948636,10.799801687569,
    46.221773722086));
#842 = CARTESIAN_POINT('',(-3.111765789472,10.799797884284,
    49.349706326063));
#843 = CARTESIAN_POINT('',(-6.,11.633509896974,24.));
#844 = CARTESIAN_POINT('',(-5.999999066179,11.633532689057,
    27.209474046994));
#845 = CARTESIAN_POINT('',(-5.895537958803,11.587469961052,
    30.418885316403));
#846 = CARTESIAN_POINT('',(-5.686599011343,11.511301914641,
    33.60562839664));
#847 = CARTESIAN_POINT('',(-5.376832826309,11.41799081359,36.77166784655
    ));
#848 = CARTESIAN_POINT('',(-4.966257968136,11.323260249586,
    39.923022538157));
#849 = CARTESIAN_POINT('',(-4.454304050797,11.235277093977,
    43.069908892755));
#850 = CARTESIAN_POINT('',(-3.833906948636,11.182643205935,
    46.221773722086));
#851 = CARTESIAN_POINT('',(-3.111765789472,11.182640670395,
    49.349706326063));
#852 = CARTESIAN_POINT('',(-6.,11.790918069795,24.));
#853 = CARTESIAN_POINT('',(-5.999999066179,11.79092946583,
    27.209474046994));
#854 = CARTESIAN_POINT('',(-5.895537958803,11.767898101856,
    30.418885316403));
#855 = CARTESIAN_POINT('',(-5.686599011343,11.729814078586,
    33.60562839664));
#856 = CARTESIAN_POINT('',(-5.376832826309,11.683158528155,
    36.77166784655));
#857 = CARTESIAN_POINT('',(-4.966257968136,11.635793246059,
    39.923022538157));
#858 = CARTESIAN_POINT('',(-4.454304050797,11.591801668319,
    43.069908892755));
#859 = CARTESIAN_POINT('',(-3.833906948636,11.56548472427,
    46.221773722086));
#860 = CARTESIAN_POINT('',(-3.111765789472,11.565483456506,
    49.349706326063));
#861 = CARTESIAN_POINT('',(-6.,11.948326242617,24.));
#862 = CARTESIAN_POINT('',(-5.999999066179,11.948326242623,
    27.20947404696));
#863 = CARTESIAN_POINT('',(-5.895537958801,11.948326242595,
    30.418885316522));
#864 = CARTESIAN_POINT('',(-5.686599011346,11.948326242654,
    33.605628396416));
#865 = CARTESIAN_POINT('',(-5.376832826305,11.948326242574,
    36.771667846822));
#866 = CARTESIAN_POINT('',(-4.966257968139,11.948326242648,
    39.923022537936));
#867 = CARTESIAN_POINT('',(-4.454304050795,11.948326242602,
    43.069908892871));
#868 = CARTESIAN_POINT('',(-3.833906948636,11.948326242621,
    46.221773722053));
#869 = CARTESIAN_POINT('',(-3.111765789472,11.948326242617,
    49.349706326063));
#870 = DEFINITIONAL_REPRESENTATION('',(#871),#875);
#871 = LINE('',#872,#873);
#872 = CARTESIAN_POINT('',(1.,0.));
#873 = VECTOR('',#874,1.);
#874 = DIRECTION('',(0.,1.));
#875 = ( GEOMETRIC_REPRESENTATION_CONTEXT(2) 
PARAMETRIC_REPRESENTATION_CONTEXT() REPRESENTATION_CONTEXT('2D SPACE',''
  ) );
#876 = ADVANCED_FACE('',(#877),#743,.T.);
#877 = FACE_BOUND('',#878,.T.);
#878 = EDGE_LOOP('',(#879,#905,#906,#951,#1001));
#879 = ORIENTED_EDGE('',*,*,#880,.T.);
#880 = EDGE_CURVE('',#881,#655,#883,.T.);
#881 = VERTEX_POINT('',#882);
#882 = CARTESIAN_POINT('',(-6.,9.90201999594,24.));
#883 = SURFACE_CURVE('',#884,(#888,#894),.PCURVE_S1.);
#884 = LINE('',#885,#886);
#885 = CARTESIAN_POINT('',(-6.,0.,24.));
#886 = VECTOR('',#887,1.);
#887 = DIRECTION('',(0.,1.,0.));
#888 = PCURVE('',#743,#889);
#889 = DEFINITIONAL_REPRESENTATION('',(#890),#893);
#890 = B_SPLINE_CURVE_WITH_KNOTS('',1,(#891,#892),.UNSPECIFIED.,.F.,.F.,
  (2,2),(9.90201999594,11.948326242617),.PIECEWISE_BEZIER_KNOTS.);
#891 = CARTESIAN_POINT('',(0.,0.));
#892 = CARTESIAN_POINT('',(1.,0.));
#893 = ( GEOMETRIC_REPRESENTATION_CONTEXT(2) 
PARAMETRIC_REPRESENTATION_CONTEXT() REPRESENTATION_CONTEXT('2D SPACE',''
  ) );
#894 = PCURVE('',#895,#900);
#895 = PLANE('',#896);
#896 = AXIS2_PLACEMENT_3D('',#897,#898,#899);
#897 = CARTESIAN_POINT('',(-6.,0.,-1.));
#898 = DIRECTION('',(1.,0.,0.));
#899 = DIRECTION('',(0.,0.,1.));
#900 = DEFINITIONAL_REPRESENTATION('',(#901),#904);
#901 = B_SPLINE_CURVE_WITH_KNOTS('',1,(#902,#903),.UNSPECIFIED.,.F.,.F.,
  (2,2),(0.,14.25),.PIECEWISE_BEZIER_KNOTS.);
#902 = CARTESIAN_POINT('',(25.,0.));
#903 = CARTESIAN_POINT('',(25.,-14.25));
#904 = ( GEOMETRIC_REPRESENTATION_CONTEXT(2) 
PARAMETRIC_REPRESENTATION_CONTEXT() REPRESENTATION_CONTEXT('2D SPACE',''
  ) );
#905 = ORIENTED_EDGE('',*,*,#723,.T.);
#906 = ORIENTED_EDGE('',*,*,#907,.F.);
#907 = EDGE_CURVE('',#908,#679,#910,.T.);
#908 = VERTEX_POINT('',#909);
#909 = CARTESIAN_POINT('',(-3.111765789472,8.674675786449,
    49.349706326063));
#910 = SURFACE_CURVE('',#911,(#926,#933),.PCURVE_S1.);
#911 = B_SPLINE_CURVE_WITH_KNOTS('',13,(#912,#913,#914,#915,#916,#917,
    #918,#919,#920,#921,#922,#923,#924,#925),.UNSPECIFIED.,.F.,.F.,(14,
    14),(0.,1.),.PIECEWISE_BEZIER_KNOTS.);
#912 = CARTESIAN_POINT('',(-3.111765789472,6.971370023173,
    49.349706326063));
#913 = CARTESIAN_POINT('',(-3.111765789472,7.354212809284,
    49.349706326063));
#914 = CARTESIAN_POINT('',(-3.111765789472,7.737055595395,
    49.349706326063));
#915 = CARTESIAN_POINT('',(-3.111765789472,8.119898381506,
    49.349706326063));
#916 = CARTESIAN_POINT('',(-3.111765789472,8.502741167617,
    49.349706326063));
#917 = CARTESIAN_POINT('',(-3.111765789472,8.885583953728,
    49.349706326063));
#918 = CARTESIAN_POINT('',(-3.111765789472,9.268426739839,
    49.349706326063));
#919 = CARTESIAN_POINT('',(-3.111765789472,9.65126952595,49.349706326063
    ));
#920 = CARTESIAN_POINT('',(-3.111765789472,10.034112312061,
    49.349706326063));
#921 = CARTESIAN_POINT('',(-3.111765789472,10.416955098173,
    49.349706326063));
#922 = CARTESIAN_POINT('',(-3.111765789472,10.799797884284,
    49.349706326063));
#923 = CARTESIAN_POINT('',(-3.111765789472,11.182640670395,
    49.349706326063));
#924 = CARTESIAN_POINT('',(-3.111765789472,11.565483456506,
    49.349706326063));
#925 = CARTESIAN_POINT('',(-3.111765789472,11.948326242617,
    49.349706326063));
#926 = PCURVE('',#743,#927);
#927 = DEFINITIONAL_REPRESENTATION('',(#928),#932);
#928 = LINE('',#929,#930);
#929 = CARTESIAN_POINT('',(0.,1.));
#930 = VECTOR('',#931,1.);
#931 = DIRECTION('',(1.,0.));
#932 = ( GEOMETRIC_REPRESENTATION_CONTEXT(2) 
PARAMETRIC_REPRESENTATION_CONTEXT() REPRESENTATION_CONTEXT('2D SPACE',''
  ) );
#933 = PCURVE('',#474,#934);
#934 = DEFINITIONAL_REPRESENTATION('',(#935),#950);
#935 = B_SPLINE_CURVE_WITH_KNOTS('',13,(#936,#937,#938,#939,#940,#941,
    #942,#943,#944,#945,#946,#947,#948,#949),.UNSPECIFIED.,.F.,.F.,(14,
    14),(0.,1.),.PIECEWISE_BEZIER_KNOTS.);
#936 = CARTESIAN_POINT('',(0.,0.));
#937 = CARTESIAN_POINT('',(-0.305104866934,0.231256608664));
#938 = CARTESIAN_POINT('',(-0.610209733867,0.462513217327));
#939 = CARTESIAN_POINT('',(-0.915314600801,0.693769825991));
#940 = CARTESIAN_POINT('',(-1.220419467735,0.925026434655));
#941 = CARTESIAN_POINT('',(-1.525524334669,1.156283043318));
#942 = CARTESIAN_POINT('',(-1.830629201602,1.387539651982));
#943 = CARTESIAN_POINT('',(-2.135734068536,1.618796260646));
#944 = CARTESIAN_POINT('',(-2.44083893547,1.850052869309));
#945 = CARTESIAN_POINT('',(-2.745943802403,2.081309477973));
#946 = CARTESIAN_POINT('',(-3.051048669337,2.312566086637));
#947 = CARTESIAN_POINT('',(-3.356153536271,2.5438226953));
#948 = CARTESIAN_POINT('',(-3.661258403204,2.775079303964));
#949 = CARTESIAN_POINT('',(-3.966363270138,3.006335912628));
#950 = ( GEOMETRIC_REPRESENTATION_CONTEXT(2) 
PARAMETRIC_REPRESENTATION_CONTEXT() REPRESENTATION_CONTEXT('2D SPACE',''
  ) );
#951 = ORIENTED_EDGE('',*,*,#952,.F.);
#952 = EDGE_CURVE('',#953,#908,#955,.T.);
#953 = VERTEX_POINT('',#954);
#954 = CARTESIAN_POINT('',(-3.111765789472,6.971370023173,
    49.349706326063));
#955 = SURFACE_CURVE('',#956,(#971,#978),.PCURVE_S1.);
#956 = B_SPLINE_CURVE_WITH_KNOTS('',13,(#957,#958,#959,#960,#961,#962,
    #963,#964,#965,#966,#967,#968,#969,#970),.UNSPECIFIED.,.F.,.F.,(14,
    14),(0.,1.),.PIECEWISE_BEZIER_KNOTS.);
#957 = CARTESIAN_POINT('',(-3.111765789472,6.971370023173,
    49.349706326063));
#958 = CARTESIAN_POINT('',(-3.111765789472,7.354212809284,
    49.349706326063));
#959 = CARTESIAN_POINT('',(-3.111765789472,7.737055595395,
    49.349706326063));
#960 = CARTESIAN_POINT('',(-3.111765789472,8.119898381506,
    49.349706326063));
#961 = CARTESIAN_POINT('',(-3.111765789472,8.502741167617,
    49.349706326063));
#962 = CARTESIAN_POINT('',(-3.111765789472,8.885583953728,
    49.349706326063));
#963 = CARTESIAN_POINT('',(-3.111765789472,9.268426739839,
    49.349706326063));
#964 = CARTESIAN_POINT('',(-3.111765789472,9.65126952595,49.349706326063
    ));
#965 = CARTESIAN_POINT('',(-3.111765789472,10.034112312061,
    49.349706326063));
#966 = CARTESIAN_POINT('',(-3.111765789472,10.416955098173,
    49.349706326063));
#967 = CARTESIAN_POINT('',(-3.111765789472,10.799797884284,
    49.349706326063));
#968 = CARTESIAN_POINT('',(-3.111765789472,11.182640670395,
    49.349706326063));
#969 = CARTESIAN_POINT('',(-3.111765789472,11.565483456506,
    49.349706326063));
#970 = CARTESIAN_POINT('',(-3.111765789472,11.948326242617,
    49.349706326063));
#971 = PCURVE('',#743,#972);
#972 = DEFINITIONAL_REPRESENTATION('',(#973),#977);
#973 = LINE('',#974,#975);
#974 = CARTESIAN_POINT('',(0.,1.));
#975 = VECTOR('',#976,1.);
#976 = DIRECTION('',(1.,0.));
#977 = ( GEOMETRIC_REPRESENTATION_CONTEXT(2) 
PARAMETRIC_REPRESENTATION_CONTEXT() REPRESENTATION_CONTEXT('2D SPACE',''
  ) );
#978 = PCURVE('',#979,#984);
#979 = PLANE('',#980);
#980 = AXIS2_PLACEMENT_3D('',#981,#982,#983);
#981 = CARTESIAN_POINT('',(-3.336716843816,0.,48.375336261278));
#982 = DIRECTION('',(0.974370064785,0.,-0.224951054344));
#983 = DIRECTION('',(0.224951054344,0.,0.974370064785));
#984 = DEFINITIONAL_REPRESENTATION('',(#985),#1000);
#985 = B_SPLINE_CURVE_WITH_KNOTS('',13,(#986,#987,#988,#989,#990,#991,
    #992,#993,#994,#995,#996,#997,#998,#999),.UNSPECIFIED.,.F.,.F.,(14,
    14),(0.,1.),.PIECEWISE_BEZIER_KNOTS.);
#986 = CARTESIAN_POINT('',(1.,-6.971370023173));
#987 = CARTESIAN_POINT('',(1.,-7.354212809284));
#988 = CARTESIAN_POINT('',(1.,-7.737055595395));
#989 = CARTESIAN_POINT('',(1.,-8.119898381506));
#990 = CARTESIAN_POINT('',(1.,-8.502741167617));
#991 = CARTESIAN_POINT('',(1.,-8.885583953728));
#992 = CARTESIAN_POINT('',(1.,-9.268426739839));
#993 = CARTESIAN_POINT('',(1.,-9.65126952595));
#994 = CARTESIAN_POINT('',(1.,-10.03411231206));
#995 = CARTESIAN_POINT('',(1.,-10.41695509817));
#996 = CARTESIAN_POINT('',(1.,-10.79979788428));
#997 = CARTESIAN_POINT('',(1.,-11.18264067039));
#998 = CARTESIAN_POINT('',(1.,-11.5654834565));
#999 = CARTESIAN_POINT('',(1.,-11.94832624261));
#1000 = ( GEOMETRIC_REPRESENTATION_CONTEXT(2) 
PARAMETRIC_REPRESENTATION_CONTEXT() REPRESENTATION_CONTEXT('2D SPACE',''
  ) );
#1001 = ORIENTED_EDGE('',*,*,#1002,.F.);
#1002 = EDGE_CURVE('',#881,#953,#1003,.T.);
#1003 = SURFACE_CURVE('',#1004,(#1014,#1021),.PCURVE_S1.);
#1004 = ( BOUNDED_CURVE() B_SPLINE_CURVE(8,(#1005,#1006,#1007,#1008,
    #1009,#1010,#1011,#1012,#1013),.UNSPECIFIED.,.F.,.F.) 
B_SPLINE_CURVE_WITH_KNOTS((9,9),(0.,1.),.PIECEWISE_BEZIER_KNOTS.) CURVE(
) GEOMETRIC_REPRESENTATION_ITEM() RATIONAL_B_SPLINE_CURVE((1.,
    1.000000000001,0.999999999995,1.00000000001,0.999999999988,
1.00000000001,0.999999999995,1.000000000001,1.)) REPRESENTATION_ITEM(''
  ) );
#1005 = CARTESIAN_POINT('',(-6.,9.90201999594,24.));
#1006 = CARTESIAN_POINT('',(-5.999999066179,9.902168144359,
    27.209474046994));
#1007 = CARTESIAN_POINT('',(-5.895537958803,9.602760412859,
    30.418885316403));
#1008 = CARTESIAN_POINT('',(-5.686599011343,9.10766811,33.60562839664));
#1009 = CARTESIAN_POINT('',(-5.376832826309,8.501145954872,
    36.77166784655));
#1010 = CARTESIAN_POINT('',(-4.966257968136,7.885397287177,
    39.923022538157));
#1011 = CARTESIAN_POINT('',(-4.454304050797,7.313506776843,
    43.069908892755));
#1012 = CARTESIAN_POINT('',(-3.833906948636,6.971386504082,
    46.221773722086));
#1013 = CARTESIAN_POINT('',(-3.111765789472,6.971370023173,
    49.349706326063));
#1014 = PCURVE('',#743,#1015);
#1015 = DEFINITIONAL_REPRESENTATION('',(#1016),#1020);
#1016 = LINE('',#1017,#1018);
#1017 = CARTESIAN_POINT('',(0.,0.));
#1018 = VECTOR('',#1019,1.);
#1019 = DIRECTION('',(0.,1.));
#1020 = ( GEOMETRIC_REPRESENTATION_CONTEXT(2) 
PARAMETRIC_REPRESENTATION_CONTEXT() REPRESENTATION_CONTEXT('2D SPACE',''
  ) );
#1021 = PCURVE('',#1022,#1149);
#1022 = ( BOUNDED_SURFACE() B_SPLINE_SURFACE(13,8,(
    (#1023,#1024,#1025,#1026,#1027,#1028,#1029,#1030,#1031)
    ,(#1032,#1033,#1034,#1035,#1036,#1037,#1038,#1039,#1040)
    ,(#1041,#1042,#1043,#1044,#1045,#1046,#1047,#1048,#1049)
    ,(#1050,#1051,#1052,#1053,#1054,#1055,#1056,#1057,#1058)
    ,(#1059,#1060,#1061,#1062,#1063,#1064,#1065,#1066,#1067)
    ,(#1068,#1069,#1070,#1071,#1072,#1073,#1074,#1075,#1076)
    ,(#1077,#1078,#1079,#1080,#1081,#1082,#1083,#1084,#1085)
    ,(#1086,#1087,#1088,#1089,#1090,#1091,#1092,#1093,#1094)
    ,(#1095,#1096,#1097,#1098,#1099,#1100,#1101,#1102,#1103)
    ,(#1104,#1105,#1106,#1107,#1108,#1109,#1110,#1111,#1112)
    ,(#1113,#1114,#1115,#1116,#1117,#1118,#1119,#1120,#1121)
    ,(#1122,#1123,#1124,#1125,#1126,#1127,#1128,#1129,#1130)
    ,(#1131,#1132,#1133,#1134,#1135,#1136,#1137,#1138,#1139)
    ,(#1140,#1141,#1142,#1143,#1144,#1145,#1146,#1147,#1148
)),.UNSPECIFIED.,.F.,.F.,.F.) B_SPLINE_SURFACE_WITH_KNOTS((14,14),(9,9),
  (7.,8.),(0.,1.),.PIECEWISE_BEZIER_KNOTS.) 
GEOMETRIC_REPRESENTATION_ITEM() RATIONAL_B_SPLINE_SURFACE((
    (1.,1.000000000001,0.999999999995,1.00000000001,0.999999999988
      ,1.00000000001,0.999999999995,1.000000000001,1.)
    ,(1.,1.000000000001,0.999999999995,1.00000000001,0.999999999988
      ,1.00000000001,0.999999999995,1.000000000001,1.)
    ,(1.,1.000000000001,0.999999999995,1.00000000001,0.999999999988
      ,1.00000000001,0.999999999995,1.000000000001,1.)
    ,(1.,1.000000000001,0.999999999995,1.00000000001,0.999999999988
      ,1.00000000001,0.999999999995,1.000000000001,1.)
    ,(1.,1.000000000001,0.999999999995,1.00000000001,0.999999999988
      ,1.00000000001,0.999999999995,1.000000000001,1.)
    ,(1.,1.000000000001,0.999999999995,1.00000000001,0.999999999988
      ,1.00000000001,0.999999999995,1.000000000001,1.)
    ,(1.,1.000000000001,0.999999999995,1.00000000001,0.999999999988
      ,1.00000000001,0.999999999995,1.000000000001,1.)
    ,(1.,1.000000000001,0.999999999995,1.00000000001,0.999999999988
      ,1.00000000001,0.999999999995,1.000000000001,1.)
    ,(1.,1.000000000001,0.999999999995,1.00000000001,0.999999999988
      ,1.00000000001,0.999999999995,1.000000000001,1.)
    ,(1.,1.000000000001,0.999999999995,1.00000000001,0.999999999988
      ,1.00000000001,0.999999999995,1.000000000001,1.)
    ,(1.,1.000000000001,0.999999999995,1.00000000001,0.999999999988
      ,1.00000000001,0.999999999995,1.000000000001,1.)
    ,(1.,1.000000000001,0.999999999995,1.00000000001,0.999999999988
      ,1.00000000001,0.999999999995,1.000000000001,1.)
    ,(1.,1.000000000001,0.999999999995,1.00000000001,0.999999999988
      ,1.00000000001,0.999999999995,1.000000000001,1.)
    ,(1.,1.000000000001,0.999999999995,1.00000000001,0.999999999988
      ,1.00000000001,0.999999999995,1.000000000001,1.
))) REPRESENTATION_ITEM('') SURFACE() );
#1023 = CARTESIAN_POINT('',(-6.267226890756,9.40275848354,24.));
#1024 = CARTESIAN_POINT('',(-6.267226969255,9.402893156065,
    27.217087570221));
#1025 = CARTESIAN_POINT('',(-6.155563134252,9.108186895456,
    30.434095283744));
#1026 = CARTESIAN_POINT('',(-5.934577685134,8.620607081401,
    33.627644533587));
#1027 = CARTESIAN_POINT('',(-5.608824798275,8.025468530293,
    36.799152051765));
#1028 = CARTESIAN_POINT('',(-5.180177798513,7.422460396015,
    39.95473204323));
#1029 = CARTESIAN_POINT('',(-4.649605343116,6.867742749922,
    43.10404619609));
#1030 = CARTESIAN_POINT('',(-4.017810248599,6.53566626604,
    46.258746174962));
#1031 = CARTESIAN_POINT('',(-3.294460176619,6.535659396725,
    49.391884648753));
#1032 = CARTESIAN_POINT('',(-6.229479345325,9.427918380203,24.));
#1033 = CARTESIAN_POINT('',(-6.229479228483,9.428054269027,
    27.216012034391));
#1034 = CARTESIAN_POINT('',(-6.118736243063,9.133510857016,
    30.431947093082));
#1035 = CARTESIAN_POINT('',(-5.899290273519,8.646230463922,
    33.624522756709));
#1036 = CARTESIAN_POINT('',(-5.575617151764,8.05132451778,36.79523316097
    ));
#1037 = CARTESIAN_POINT('',(-5.149352439722,7.448564312146,
    39.950172909692));
#1038 = CARTESIAN_POINT('',(-4.621327939309,6.893637693298,
    43.09910863725));
#1039 = CARTESIAN_POINT('',(-3.991092102291,6.561456296992,
    46.25337474343));
#1040 = CARTESIAN_POINT('',(-3.267917868747,6.561448755884,
    49.385756874146));
#1041 = CARTESIAN_POINT('',(-6.193792645989,9.456169966834,24.));
#1042 = CARTESIAN_POINT('',(-6.193792365248,9.456307025115,
    27.214995244455));
#1043 = CARTESIAN_POINT('',(-6.083952807605,9.161810455734,
    30.429916073619));
#1044 = CARTESIAN_POINT('',(-5.866017498569,8.674635297764,
    33.621575454617));
#1045 = CARTESIAN_POINT('',(-5.544371576833,8.079714352426,
    36.79154065848));
#1046 = CARTESIAN_POINT('',(-5.120418055061,7.476924190804,
    39.945890000091));
#1047 = CARTESIAN_POINT('',(-4.594831171751,6.921531604792,
    43.094480259553));
#1048 = CARTESIAN_POINT('',(-3.966087248376,6.589091320915,
    46.248347731933));
#1049 = CARTESIAN_POINT('',(-3.243077511115,6.589083071849,
    49.380022025713));
#1050 = CARTESIAN_POINT('',(-6.160442884786,9.487329379752,24.));
#1051 = CARTESIAN_POINT('',(-6.160442466418,9.487467565557,
    27.214045060489));
#1052 = CARTESIAN_POINT('',(-6.051474405138,9.192905760475,
    30.428017964971));
#1053 = CARTESIAN_POINT('',(-5.834996568939,8.705648295357,
    33.618824500515));
#1054 = CARTESIAN_POINT('',(-5.515295483625,8.110474321475,
    36.788100266724));
#1055 = CARTESIAN_POINT('',(-5.093550134474,7.507388729663,
    39.941910130713));
#1056 = CARTESIAN_POINT('',(-4.570264596151,6.951287231258,
    43.090187607915));
#1057 = CARTESIAN_POINT('',(-3.94292934042,6.618442344368,
    46.243692015745));
#1058 = CARTESIAN_POINT('',(-3.220071893052,6.618433362872,
    49.374710760285));
#1059 = CARTESIAN_POINT('',(-6.129688294843,9.521185238756,24.));
#1060 = CARTESIAN_POINT('',(-6.129687760942,9.521324514985,
    27.213168834026));
#1061 = CARTESIAN_POINT('',(-6.021545387054,9.226591147655,
    30.426267489117));
#1062 = CARTESIAN_POINT('',(-5.806448548111,8.739073513748,
    33.616290316946));
#1063 = CARTESIAN_POINT('',(-5.488581576235,8.143421646616,
    36.784935927637));
#1064 = CARTESIAN_POINT('',(-5.068911255869,7.539791174817,
    39.938258162118));
#1065 = CARTESIAN_POINT('',(-4.547766520293,6.982754512213,
    43.086255241533));
#1066 = CARTESIAN_POINT('',(-3.921741796486,6.649369194455,
    46.239432411998));
#1067 = CARTESIAN_POINT('',(-3.19902363562,6.649359465475,
    49.369851387165));
#1068 = CARTESIAN_POINT('',(-6.10176606188,9.557500931081,24.));
#1069 = CARTESIAN_POINT('',(-6.101765431278,9.557641265359,
    27.212373317111));
#1070 = CARTESIAN_POINT('',(-5.994389955892,9.262637458291,
    30.424678169239));
#1071 = CARTESIAN_POINT('',(-5.780575872775,8.774694299422,
    33.61399163315));
#1072 = CARTESIAN_POINT('',(-5.464405871343,8.178356166356,
    36.782069545012));
#1073 = CARTESIAN_POINT('',(-5.046649562017,7.573950715614,
    39.93495675894));
#1074 = CARTESIAN_POINT('',(-4.527462784494,7.015771751249,
    43.082705514961));
#1075 = CARTESIAN_POINT('',(-3.902636769276,6.681721553485,
    46.235591472292));
#1076 = CARTESIAN_POINT('',(-3.180044167989,6.681711069238,
    49.365469631804));
#1077 = CARTESIAN_POINT('',(-6.076889517756,9.596017099852,24.));
#1078 = CARTESIAN_POINT('',(-6.076888806696,9.596158464469,
    27.211664583232));
#1079 = CARTESIAN_POINT('',(-5.970209593753,9.30079433931,
    30.423262166756));
#1080 = CARTESIAN_POINT('',(-5.75756016863,8.812275384947,
    33.611945278425));
#1081 = CARTESIAN_POINT('',(-5.442925957725,8.215062133211,
    36.779520749249));
#1082 = CARTESIAN_POINT('',(-5.026897420694,7.60967396508,
    39.932026186072));
#1083 = CARTESIAN_POINT('',(-4.509465690693,7.050166853805,
    43.079558381795));
#1084 = CARTESIAN_POINT('',(-3.885714241237,6.715340048614,
    46.23218930164));
#1085 = CARTESIAN_POINT('',(-3.163232828202,6.715328806514,
    49.361588428197));
#1086 = CARTESIAN_POINT('',(-6.055245716077,9.636454337026,24.));
#1087 = CARTESIAN_POINT('',(-6.055244938811,9.63659670859,
    27.211047957448));
#1088 = CARTESIAN_POINT('',(-5.949180840843,9.340792770527,
    30.422030146121));
#1089 = CARTESIAN_POINT('',(-5.737560365979,8.851565134713,33.6101659929
    ));
#1090 = CARTESIAN_POINT('',(-5.424279493764,8.25331012904,
    36.777306707779));
#1091 = CARTESIAN_POINT('',(-5.009770270449,7.646756523266,
    39.929484121775));
#1092 = CARTESIAN_POINT('',(-4.493873078942,7.085758632709,
    43.076831231406));
#1093 = CARTESIAN_POINT('',(-3.871061245001,6.750057396037,
    46.229243400762));
#1094 = CARTESIAN_POINT('',(-3.148676088349,6.750045397097,
    49.358227739999));
#1095 = CARTESIAN_POINT('',(-6.036993389848,9.678516080827,24.));
#1096 = CARTESIAN_POINT('',(-6.03699255915,9.678659440236,
    27.210527958414));
#1097 = CARTESIAN_POINT('',(-5.931453424891,9.382347773994,
    30.420991157768));
#1098 = CARTESIAN_POINT('',(-5.72071111375,8.892297946061,
    33.608666274292));
#1099 = CARTESIAN_POINT('',(-5.408582944641,8.292859090824,
    36.775441958062));
#1100 = CARTESIAN_POINT('',(-4.995365650596,7.684984629761,
    39.927345506927));
#1101 = CARTESIAN_POINT('',(-4.480767552017,7.122358178215,
    43.074538748464));
#1102 = CARTESIAN_POINT('',(-3.858751208928,6.785699600684,
    46.226768534658));
#1103 = CARTESIAN_POINT('',(-3.136446904133,6.785686847819,
    49.35540441036));
#1104 = CARTESIAN_POINT('',(-6.022261291192,9.721891717674,24.));
#1105 = CARTESIAN_POINT('',(-6.022260418738,9.722036049804,
    27.210108251553));
#1106 = CARTESIAN_POINT('',(-5.917148741396,9.425161310001,
    30.420152541893));
#1107 = CARTESIAN_POINT('',(-5.707121492026,8.934196797673,
    33.607456255426));
#1108 = CARTESIAN_POINT('',(-5.395930559008,8.333458456814,
    36.773938269683));
#1109 = CARTESIAN_POINT('',(-4.983762415653,7.724136897314,
    39.925622424888));
#1110 = CARTESIAN_POINT('',(-4.470215848036,7.159770296748,
    43.072692798237));
#1111 = CARTESIAN_POINT('',(-3.848843427816,6.822087210211,
    46.224776626598));
#1112 = CARTESIAN_POINT('',(-3.126604188836,6.822073707101,
    49.353132040484));
#1113 = CARTESIAN_POINT('',(-6.011146913106,9.766259888598,24.));
#1114 = CARTESIAN_POINT('',(-6.011146009847,9.766405182269,
    27.209791612394));
#1115 = CARTESIAN_POINT('',(-5.9063586843,9.468925355579,30.419519856555
    ));
#1116 = CARTESIAN_POINT('',(-5.696874023801,8.976975953078,
    33.606543605866));
#1117 = CARTESIAN_POINT('',(-5.386393584428,8.374850423485,
    36.772804543718));
#1118 = CARTESIAN_POINT('',(-4.975020134718,7.76398613433,
    39.924324005393));
#1119 = CARTESIAN_POINT('',(-4.462268360836,7.197795014296,
    43.071302341103));
#1120 = CARTESIAN_POINT('',(-3.841382658818,6.859036624444,
    46.223276676564));
#1121 = CARTESIAN_POINT('',(-3.119192411688,6.85902237443,49.3514208969)
  );
#1122 = CARTESIAN_POINT('',(-6.003715593288,9.811292000158,24.));
#1123 = CARTESIAN_POINT('',(-6.003714669652,9.811438247895,
    27.209579900794));
#1124 = CARTESIAN_POINT('',(-5.89914482792,9.513325169223,
    30.419096827497));
#1125 = CARTESIAN_POINT('',(-5.690023984443,9.020343812253,
    33.605933462713));
#1126 = CARTESIAN_POINT('',(-5.3800197233,8.416772321822,36.772046743076
    ));
#1127 = CARTESIAN_POINT('',(-4.969178674469,7.804301249315,39.9234563576
    ));
#1128 = CARTESIAN_POINT('',(-4.456958808782,7.236229148083,
    43.070373373568));
#1129 = CARTESIAN_POINT('',(-3.836398842393,6.89636145924,
    46.222274704909));
#1130 = CARTESIAN_POINT('',(-3.114241320628,6.896346464792,
    49.350277847463));
#1131 = CARTESIAN_POINT('',(-6.,9.856655939836,24.));
#1132 = CARTESIAN_POINT('',(-5.999999066176,9.856803137899,
    27.209474046963));
#1133 = CARTESIAN_POINT('',(-5.895537958813,9.558042738466,
    30.418885316514));
#1134 = CARTESIAN_POINT('',(-5.686599011321,9.064005917672,
    33.605628396429));
#1135 = CARTESIAN_POINT('',(-5.376832826339,8.458959105225,
    36.77166784681));
#1136 = CARTESIAN_POINT('',(-4.966257968109,7.84484924354,
    39.923022537942));
#1137 = CARTESIAN_POINT('',(-4.454304050812,7.274867943221,
    43.06990889287));
#1138 = CARTESIAN_POINT('',(-3.833906948631,6.93387396571,
    46.221773722053));
#1139 = CARTESIAN_POINT('',(-3.111765789472,6.933858228033,
    49.349706326063));
#1140 = CARTESIAN_POINT('',(-6.,9.90201999594,24.));
#1141 = CARTESIAN_POINT('',(-5.999999066175,9.902168144344,
    27.209474046997));
#1142 = CARTESIAN_POINT('',(-5.895537958819,9.602760412914,
    30.418885316391));
#1143 = CARTESIAN_POINT('',(-5.686599011312,9.107668109895,
    33.605628396664));
#1144 = CARTESIAN_POINT('',(-5.376832826348,8.501145955,36.77166784652)
  );
#1145 = CARTESIAN_POINT('',(-4.966257968103,7.885397287073,
    39.923022538182));
#1146 = CARTESIAN_POINT('',(-4.454304050814,7.313506776898,
    43.069908892742));
#1147 = CARTESIAN_POINT('',(-3.833906948631,6.971386504067,
    46.22177372209));
#1148 = CARTESIAN_POINT('',(-3.111765789472,6.971370023173,
    49.349706326063));
#1149 = DEFINITIONAL_REPRESENTATION('',(#1150),#1154);
#1150 = LINE('',#1151,#1152);
#1151 = CARTESIAN_POINT('',(8.,0.));
#1152 = VECTOR('',#1153,1.);
#1153 = DIRECTION('',(0.,1.));
#1154 = ( GEOMETRIC_REPRESENTATION_CONTEXT(2) 
PARAMETRIC_REPRESENTATION_CONTEXT() REPRESENTATION_CONTEXT('2D SPACE',''
  ) );
#1155 = ADVANCED_FACE('',(#1156),#1022,.T.);
#1156 = FACE_BOUND('',#1157,.T.);
#1157 = EDGE_LOOP('',(#1158,#1186,#1187,#1225));
#1158 = ORIENTED_EDGE('',*,*,#1159,.F.);
#1159 = EDGE_CURVE('',#881,#1160,#1162,.T.);
#1160 = VERTEX_POINT('',#1161);
#1161 = CARTESIAN_POINT('',(-6.267226890756,9.40275848354,24.));
#1162 = SURFACE_CURVE('',#1163,(#1168,#1174),.PCURVE_S1.);
#1163 = CIRCLE('',#1164,0.6);
#1164 = AXIS2_PLACEMENT_3D('',#1165,#1166,#1167);
#1165 = CARTESIAN_POINT('',(-6.6,9.90201999594,24.));
#1166 = DIRECTION('',(-0.,-0.,-1.));
#1167 = DIRECTION('',(0.,-1.,0.));
#1168 = PCURVE('',#1022,#1169);
#1169 = DEFINITIONAL_REPRESENTATION('',(#1170),#1173);
#1170 = B_SPLINE_CURVE_WITH_KNOTS('',1,(#1171,#1172),.UNSPECIFIED.,.F.,
  .F.,(2,2),(4.712388980385,5.695276862636),.PIECEWISE_BEZIER_KNOTS.);
#1171 = CARTESIAN_POINT('',(8.,0.));
#1172 = CARTESIAN_POINT('',(7.,0.));
#1173 = ( GEOMETRIC_REPRESENTATION_CONTEXT(2) 
PARAMETRIC_REPRESENTATION_CONTEXT() REPRESENTATION_CONTEXT('2D SPACE',''
  ) );
#1174 = PCURVE('',#1175,#1180);
#1175 = CYLINDRICAL_SURFACE('',#1176,0.6);
#1176 = AXIS2_PLACEMENT_3D('',#1177,#1178,#1179);
#1177 = CARTESIAN_POINT('',(-6.6,9.90201999594,0.));
#1178 = DIRECTION('',(0.,0.,1.));
#1179 = DIRECTION('',(1.,0.,-0.));
#1180 = DEFINITIONAL_REPRESENTATION('',(#1181),#1185);
#1181 = LINE('',#1182,#1183);
#1182 = CARTESIAN_POINT('',(4.712388980385,24.));
#1183 = VECTOR('',#1184,1.);
#1184 = DIRECTION('',(-1.,0.));
#1185 = ( GEOMETRIC_REPRESENTATION_CONTEXT(2) 
PARAMETRIC_REPRESENTATION_CONTEXT() REPRESENTATION_CONTEXT('2D SPACE',''
  ) );
#1186 = ORIENTED_EDGE('',*,*,#1002,.T.);
#1187 = ORIENTED_EDGE('',*,*,#1188,.F.);
#1188 = EDGE_CURVE('',#1189,#953,#1191,.T.);
#1189 = VERTEX_POINT('',#1190);
#1190 = CARTESIAN_POINT('',(-3.294460176619,6.535659396725,
    49.391884648753));
#1191 = SURFACE_CURVE('',#1192,(#1207,#1214),.PCURVE_S1.);
#1192 = B_SPLINE_CURVE_WITH_KNOTS('',13,(#1193,#1194,#1195,#1196,#1197,
    #1198,#1199,#1200,#1201,#1202,#1203,#1204,#1205,#1206),
  .UNSPECIFIED.,.F.,.F.,(14,14),(7.,8.),.PIECEWISE_BEZIER_KNOTS.);
#1193 = CARTESIAN_POINT('',(-3.294460176619,6.535659396725,
    49.391884648753));
#1194 = CARTESIAN_POINT('',(-3.267917868747,6.561448755884,
    49.385756874146));
#1195 = CARTESIAN_POINT('',(-3.243077511115,6.589083071849,
    49.380022025713));
#1196 = CARTESIAN_POINT('',(-3.220071893052,6.618433362872,
    49.374710760285));
#1197 = CARTESIAN_POINT('',(-3.19902363562,6.649359465475,
    49.369851387165));
#1198 = CARTESIAN_POINT('',(-3.180044167989,6.681711069238,
    49.365469631804));
#1199 = CARTESIAN_POINT('',(-3.163232828202,6.715328806514,
    49.361588428197));
#1200 = CARTESIAN_POINT('',(-3.148676088349,6.750045397097,
    49.358227739999));
#1201 = CARTESIAN_POINT('',(-3.136446904133,6.785686847819,
    49.35540441036));
#1202 = CARTESIAN_POINT('',(-3.126604188836,6.822073707101,
    49.353132040484));
#1203 = CARTESIAN_POINT('',(-3.119192411688,6.85902237443,49.3514208969)
  );
#1204 = CARTESIAN_POINT('',(-3.114241320628,6.896346464792,
    49.350277847463));
#1205 = CARTESIAN_POINT('',(-3.111765789472,6.933858228033,
    49.349706326063));
#1206 = CARTESIAN_POINT('',(-3.111765789472,6.971370023173,
    49.349706326063));
#1207 = PCURVE('',#1022,#1208);
#1208 = DEFINITIONAL_REPRESENTATION('',(#1209),#1213);
#1209 = LINE('',#1210,#1211);
#1210 = CARTESIAN_POINT('',(0.,1.));
#1211 = VECTOR('',#1212,1.);
#1212 = DIRECTION('',(1.,0.));
#1213 = ( GEOMETRIC_REPRESENTATION_CONTEXT(2) 
PARAMETRIC_REPRESENTATION_CONTEXT() REPRESENTATION_CONTEXT('2D SPACE',''
  ) );
#1214 = PCURVE('',#1215,#1220);
#1215 = CYLINDRICAL_SURFACE('',#1216,0.6);
#1216 = AXIS2_PLACEMENT_3D('',#1217,#1218,#1219);
#1217 = CARTESIAN_POINT('',(-3.696387828343,6.971370023173,
    49.48467695867));
#1218 = DIRECTION('',(0.224951054344,0.,0.974370064785));
#1219 = DIRECTION('',(0.974370064785,0.,-0.224951054344));
#1220 = DEFINITIONAL_REPRESENTATION('',(#1221),#1224);
#1221 = B_SPLINE_CURVE_WITH_KNOTS('',1,(#1222,#1223),.UNSPECIFIED.,.F.,
  .F.,(2,2),(7.,8.),.PIECEWISE_BEZIER_KNOTS.);
#1222 = CARTESIAN_POINT('',(-0.812755561369,0.));
#1223 = CARTESIAN_POINT('',(0.,0.));
#1224 = ( GEOMETRIC_REPRESENTATION_CONTEXT(2) 
PARAMETRIC_REPRESENTATION_CONTEXT() REPRESENTATION_CONTEXT('2D SPACE',''
  ) );
#1225 = ORIENTED_EDGE('',*,*,#1226,.F.);
#1226 = EDGE_CURVE('',#1160,#1189,#1227,.T.);
#1227 = SURFACE_CURVE('',#1228,(#1238,#1245),.PCURVE_S1.);
#1228 = ( BOUNDED_CURVE() B_SPLINE_CURVE(8,(#1229,#1230,#1231,#1232,
    #1233,#1234,#1235,#1236,#1237),.UNSPECIFIED.,.F.,.F.) 
B_SPLINE_CURVE_WITH_KNOTS((9,9),(0.,1.),.PIECEWISE_BEZIER_KNOTS.) CURVE(
) GEOMETRIC_REPRESENTATION_ITEM() RATIONAL_B_SPLINE_CURVE((1.,
    1.000000000001,0.999999999995,1.00000000001,0.999999999988,
1.00000000001,0.999999999995,1.000000000001,1.)) REPRESENTATION_ITEM(''
  ) );
#1229 = CARTESIAN_POINT('',(-6.267226890756,9.40275848354,24.));
#1230 = CARTESIAN_POINT('',(-6.267226969255,9.402893156065,
    27.217087570221));
#1231 = CARTESIAN_POINT('',(-6.155563134252,9.108186895456,
    30.434095283744));
#1232 = CARTESIAN_POINT('',(-5.934577685134,8.620607081401,
    33.627644533587));
#1233 = CARTESIAN_POINT('',(-5.608824798275,8.025468530293,
    36.799152051765));
#1234 = CARTESIAN_POINT('',(-5.180177798513,7.422460396015,
    39.95473204323));
#1235 = CARTESIAN_POINT('',(-4.649605343116,6.867742749922,
    43.10404619609));
#1236 = CARTESIAN_POINT('',(-4.017810248599,6.53566626604,
    46.258746174962));
#1237 = CARTESIAN_POINT('',(-3.294460176619,6.535659396725,
    49.391884648753));
#1238 = PCURVE('',#1022,#1239);
#1239 = DEFINITIONAL_REPRESENTATION('',(#1240),#1244);
#1240 = LINE('',#1241,#1242);
#1241 = CARTESIAN_POINT('',(7.,0.));
#1242 = VECTOR('',#1243,1.);
#1243 = DIRECTION('',(0.,1.));
#1244 = ( GEOMETRIC_REPRESENTATION_CONTEXT(2) 
PARAMETRIC_REPRESENTATION_CONTEXT() REPRESENTATION_CONTEXT('2D SPACE',''
  ) );
#1245 = PCURVE('',#1246,#1373);
#1246 = ( BOUNDED_SURFACE() B_SPLINE_SURFACE(13,8,(
    (#1247,#1248,#1249,#1250,#1251,#1252,#1253,#1254,#1255)
    ,(#1256,#1257,#1258,#1259,#1260,#1261,#1262,#1263,#1264)
    ,(#1265,#1266,#1267,#1268,#1269,#1270,#1271,#1272,#1273)
    ,(#1274,#1275,#1276,#1277,#1278,#1279,#1280,#1281,#1282)
    ,(#1283,#1284,#1285,#1286,#1287,#1288,#1289,#1290,#1291)
    ,(#1292,#1293,#1294,#1295,#1296,#1297,#1298,#1299,#1300)
    ,(#1301,#1302,#1303,#1304,#1305,#1306,#1307,#1308,#1309)
    ,(#1310,#1311,#1312,#1313,#1314,#1315,#1316,#1317,#1318)
    ,(#1319,#1320,#1321,#1322,#1323,#1324,#1325,#1326,#1327)
    ,(#1328,#1329,#1330,#1331,#1332,#1333,#1334,#1335,#1336)
    ,(#1337,#1338,#1339,#1340,#1341,#1342,#1343,#1344,#1345)
    ,(#1346,#1347,#1348,#1349,#1350,#1351,#1352,#1353,#1354)
    ,(#1355,#1356,#1357,#1358,#1359,#1360,#1361,#1362,#1363)
    ,(#1364,#1365,#1366,#1367,#1368,#1369,#1370,#1371,#1372
)),.UNSPECIFIED.,.F.,.F.,.F.) B_SPLINE_SURFACE_WITH_KNOTS((14,14),(9,9),
  (6.,7.),(0.,1.),.PIECEWISE_BEZIER_KNOTS.) 
GEOMETRIC_REPRESENTATION_ITEM() RATIONAL_B_SPLINE_SURFACE((
    (1.,1.000000000001,0.999999999995,1.00000000001,0.999999999988
      ,1.00000000001,0.999999999995,1.000000000001,1.)
    ,(1.,1.000000000001,0.999999999995,1.00000000001,0.999999999988
      ,1.00000000001,0.999999999995,1.000000000001,1.)
    ,(1.,1.000000000001,0.999999999995,1.00000000001,0.999999999988
      ,1.00000000001,0.999999999995,1.000000000001,1.)
    ,(1.,1.000000000001,0.999999999995,1.00000000001,0.999999999988
      ,1.00000000001,0.999999999995,1.000000000001,1.)
    ,(1.,1.000000000001,0.999999999995,1.00000000001,0.999999999988
      ,1.00000000001,0.999999999995,1.000000000001,1.)
    ,(1.,1.000000000001,0.999999999995,1.00000000001,0.999999999988
      ,1.00000000001,0.999999999995,1.000000000001,1.)
    ,(1.,1.000000000001,0.999999999995,1.00000000001,0.999999999988
      ,1.00000000001,0.999999999995,1.000000000001,1.)
    ,(1.,1.000000000001,0.999999999995,1.00000000001,0.999999999988
      ,1.00000000001,0.999999999995,1.000000000001,1.)
    ,(1.,1.000000000001,0.999999999995,1.00000000001,0.999999999988
      ,1.00000000001,0.999999999995,1.000000000001,1.)
    ,(1.,1.000000000001,0.999999999995,1.00000000001,0.999999999988
      ,1.00000000001,0.999999999995,1.000000000001,1.)
    ,(1.,1.000000000001,0.999999999995,1.00000000001,0.999999999988
      ,1.00000000001,0.999999999995,1.000000000001,1.)
    ,(1.,1.000000000001,0.999999999995,1.00000000001,0.999999999988
      ,1.00000000001,0.999999999995,1.000000000001,1.)
    ,(1.,1.000000000001,0.999999999995,1.00000000001,0.999999999988
      ,1.00000000001,0.999999999995,1.000000000001,1.)
    ,(1.,1.000000000001,0.999999999995,1.00000000001,0.999999999988
      ,1.00000000001,0.999999999995,1.000000000001,1.
))) REPRESENTATION_ITEM('') SURFACE() );
#1247 = CARTESIAN_POINT('',(6.267226890756,9.40275848354,24.));
#1248 = CARTESIAN_POINT('',(6.267228737449,9.402893156058,
    26.860093453945));
#1249 = CARTESIAN_POINT('',(6.35336337358,9.108186895481,29.720147895021
    ));
#1250 = CARTESIAN_POINT('',(6.528006550176,8.620607081353,
    32.560738285886));
#1251 = CARTESIAN_POINT('',(6.788799980393,8.025468530353,
    35.384167816826));
#1252 = CARTESIAN_POINT('',(7.13758183665,7.422460395966,38.195719089459
    ));
#1253 = CARTESIAN_POINT('',(7.576400810017,6.867742749948,
    41.005075349099));
#1254 = CARTESIAN_POINT('',(8.119335730905,6.535666266033,
    43.818472587943));
#1255 = CARTESIAN_POINT('',(8.763369375098,6.535659396725,
    46.608115351247));
#1256 = CARTESIAN_POINT('',(9.961330869354,6.940524891936,
    23.999999999994));
#1257 = CARTESIAN_POINT('',(9.961370835352,6.940640697559,
    26.754866646135));
#1258 = CARTESIAN_POINT('',(9.908239409175,6.662182938092,
    29.509796158978));
#1259 = CARTESIAN_POINT('',(9.850735253074,6.201211941548,
    32.261147086878));
#1260 = CARTESIAN_POINT('',(9.831171144753,5.642703589596,
    35.019309872785));
#1261 = CARTESIAN_POINT('',(9.896718456032,5.08042547837,37.785667864689
    ));
#1262 = CARTESIAN_POINT('',(10.082856008343,4.571627271688,
    40.56647670905));
#1263 = CARTESIAN_POINT('',(10.46989638606,4.266691627174,
    43.345891681327));
#1264 = CARTESIAN_POINT('',(11.098572148917,4.266701349338,
    46.068991310948));
#1265 = CARTESIAN_POINT('',(12.607473777891,2.906027880862,
    24.000000000026));
#1266 = CARTESIAN_POINT('',(12.607512886355,2.906110568587,
    26.679498022687));
#1267 = CARTESIAN_POINT('',(12.42886197059,2.710276620233,
    29.359090492734));
#1268 = CARTESIAN_POINT('',(12.161625517544,2.386105566974,
    32.04956040799));
#1269 = CARTESIAN_POINT('',(11.893071733514,1.995511712753,
    34.768058629454));
#1270 = CARTESIAN_POINT('',(11.709479664817,1.605149915649,37.5128129893
    ));
#1271 = CARTESIAN_POINT('',(11.680942078037,1.255406651626,
    40.284932516507));
#1272 = CARTESIAN_POINT('',(11.936363184668,1.045645490012,
    43.051054577416));
#1273 = CARTESIAN_POINT('',(12.555511185504,1.04566174006,
    45.732630430972));
#1274 = CARTESIAN_POINT('',(13.475643062901,-2.214147658146,
    23.999999999928));
#1275 = CARTESIAN_POINT('',(13.475918793256,-2.214107934571,
    26.654741090442));
#1276 = CARTESIAN_POINT('',(13.219626003902,-2.269462580627,
    29.309754116854));
#1277 = CARTESIAN_POINT('',(12.827487669247,-2.36072240293,
    31.983947701603));
#1278 = CARTESIAN_POINT('',(12.405740253399,-2.470768322709,
    34.699843144572));
#1279 = CARTESIAN_POINT('',(12.081380502068,-2.578683057313,
    37.451541772882));
#1280 = CARTESIAN_POINT('',(11.929484262838,-2.677591011666,
    40.238034189099));
#1281 = CARTESIAN_POINT('',(12.11447599066,-2.736837006843,
    43.015267901739));
#1282 = CARTESIAN_POINT('',(12.732177706034,-2.736829806349,
    45.691843750993));
#1283 = CARTESIAN_POINT('',(12.084347536555,-7.560637579461,
    24.000000000141));
#1284 = CARTESIAN_POINT('',(12.083815325304,-7.560643474865,
    26.694478711481));
#1285 = CARTESIAN_POINT('',(11.833354265164,-7.445978079197,
    29.38857989138));
#1286 = CARTESIAN_POINT('',(11.435632482927,-7.25519378042,
    32.103350388555));
#1287 = CARTESIAN_POINT('',(11.03676740287,-7.028902584561,
    34.856004303451));
#1288 = CARTESIAN_POINT('',(10.708773312342,-6.801596544954,
    37.647962607145));
#1289 = CARTESIAN_POINT('',(10.586197570001,-6.609242728667,
    40.469095908837));
#1290 = CARTESIAN_POINT('',(10.780361314015,-6.493453960805,
    43.283420059724));
#1291 = CARTESIAN_POINT('',(11.407881881744,-6.49346979025,
    45.997581532383));
#1292 = CARTESIAN_POINT('',(8.412145817557,-12.04201010664,
    23.999999999787));
#1293 = CARTESIAN_POINT('',(8.413453850235,-12.0420548941,
    26.798824397157));
#1294 = CARTESIAN_POINT('',(8.245803796027,-11.77196601119,
    29.598648273407));
#1295 = CARTESIAN_POINT('',(8.022798761798,-11.32328221591,
    32.404472166259));
#1296 = CARTESIAN_POINT('',(7.77457117769,-10.79145890199,35.23990230089
    ));
#1297 = CARTESIAN_POINT('',(7.671347980175,-10.26180432074,
    38.091920992368));
#1298 = CARTESIAN_POINT('',(7.689588176292,-9.810390709552,
    40.971165209069));
#1299 = CARTESIAN_POINT('',(8.002136614017,-9.538774442701,
    43.842176701166));
#1300 = CARTESIAN_POINT('',(8.645282466142,-9.538817904259,
    46.635377862354));
#1301 = CARTESIAN_POINT('',(3.019403916673,-14.61184767687,
    24.000000000253));
#1302 = CARTESIAN_POINT('',(3.017669547136,-14.61191509026,
    26.952825994795));
#1303 = CARTESIAN_POINT('',(3.028568625425,-14.24821348494,
    29.904276207495));
#1304 = CARTESIAN_POINT('',(3.045260426449,-13.64417483048,
    32.849242999625));
#1305 = CARTESIAN_POINT('',(3.179674741893,-12.92907190955,
    35.783912513708));
#1306 = CARTESIAN_POINT('',(3.342950533162,-12.21892033618,
    38.72721964002));
#1307 = CARTESIAN_POINT('',(3.688072964399,-11.61415931227,
    41.667751359095));
#1308 = CARTESIAN_POINT('',(4.161077596777,-11.25025324257,
    44.614148890906));
#1309 = CARTESIAN_POINT('',(4.833374159781,-11.2503155676,
    47.515426237727));
#1310 = CARTESIAN_POINT('',(-3.019403916674,-14.61184767674,
    23.999999999762));
#1311 = CARTESIAN_POINT('',(-3.017667778924,-14.61191509304,
    27.124355029255));
#1312 = CARTESIAN_POINT('',(-2.830768386098,-14.24821347426,
    30.249966971823));
#1313 = CARTESIAN_POINT('',(-2.451831561549,-13.64417485345,
    33.339139818381));
#1314 = CARTESIAN_POINT('',(-1.999699559427,-12.92907188,36.399407357189
    ));
#1315 = CARTESIAN_POINT('',(-1.385546495448,-12.21892035976,
    39.423231490711));
#1316 = CARTESIAN_POINT('',(-0.761277497227,-11.61415930042,
    42.441370186951));
#1317 = CARTESIAN_POINT('',(-5.955211457265E-02,-11.25025324581,
    45.463069871728));
#1318 = CARTESIAN_POINT('',(0.635535038695,-11.25031556759,
    48.484573762241));
#1319 = CARTESIAN_POINT('',(-8.412145817555,-12.04201010674,
    24.00000000018));
#1320 = CARTESIAN_POINT('',(-8.413452082049,-12.04205489185,
    27.278356627373));
#1321 = CARTESIAN_POINT('',(-8.048003556818,-11.77196601982,
    30.555594903731));
#1322 = CARTESIAN_POINT('',(-7.429369896189,-11.3232821973,
    33.783910657317));
#1323 = CARTESIAN_POINT('',(-6.59459599668,-10.79145892601,
    36.943417561431));
#1324 = CARTESIAN_POINT('',(-5.713943940802,-10.26180430149,
    40.058530145652));
#1325 = CARTESIAN_POINT('',(-4.762792710152,-9.810390719263,
    43.137956333722));
#1326 = CARTESIAN_POINT('',(-3.900611131437,-9.538774440037,
    46.235042062493));
#1327 = CARTESIAN_POINT('',(-3.176373267658,-9.538817904259,
    49.364622137723));
#1328 = CARTESIAN_POINT('',(-12.08434753655,-7.560637579397,
    23.999999999892));
#1329 = CARTESIAN_POINT('',(-12.08381355709,-7.560643476293,
    27.382702312525));
#1330 = CARTESIAN_POINT('',(-11.63555402573,-7.445978073683,
    30.765663288283));
#1331 = CARTESIAN_POINT('',(-10.84220361843,-7.25519379238,
    34.085032428191));
#1332 = CARTESIAN_POINT('',(-9.856792219642,-7.028902569035,
    37.327315569747));
#1333 = CARTESIAN_POINT('',(-8.751369275462,-6.801596557471,
    40.502488521588));
#1334 = CARTESIAN_POINT('',(-7.659402102322,-6.609242722318,
    43.640025637981));
#1335 = CARTESIAN_POINT('',(-6.678835831993,-6.493453962556,
    46.79379870264));
#1336 = CARTESIAN_POINT('',(-5.93897268327,-6.493469790252,
    50.002418467535));
#1337 = CARTESIAN_POINT('',(-13.4756430629,-2.214147658177,
    24.000000000051));
#1338 = CARTESIAN_POINT('',(-13.47591702505,-2.214107933854,
    27.422439934024));
#1339 = CARTESIAN_POINT('',(-13.0218257647,-2.269462583404,
    30.844489060634));
#1340 = CARTESIAN_POINT('',(-12.23405880371,-2.360722396878,
    34.204435120985));
#1341 = CARTESIAN_POINT('',(-11.22576507219,-2.470768330611,
    37.483476719349));
#1342 = CARTESIAN_POINT('',(-10.12397646294,-2.578683050894,
    40.698909363752));
#1343 = CARTESIAN_POINT('',(-9.002688796535,-2.677591014942,
    43.871087354333));
#1344 = CARTESIAN_POINT('',(-8.012950508141,-2.736837005935,
    47.061950861722));
#1345 = CARTESIAN_POINT('',(-7.263268507551,-2.736829806347,
    50.308156249062));
#1346 = CARTESIAN_POINT('',(-12.60747377789,2.906027880873,
    23.999999999982));
#1347 = CARTESIAN_POINT('',(-12.60751111817,2.906110568323,
    27.397683001426));
#1348 = CARTESIAN_POINT('',(-12.23106173119,2.710276621257,
    30.795152686309));
#1349 = CARTESIAN_POINT('',(-11.56819665275,2.386105564734,
    34.138822410665));
#1350 = CARTESIAN_POINT('',(-10.71309655094,1.995511715694,
    37.415261240499));
#1351 = CARTESIAN_POINT('',(-9.752075627159,1.605149913244,
    40.637638142236));
#1352 = CARTESIAN_POINT('',(-8.754146610849,1.25540665286,
    43.824189029131));
#1353 = CARTESIAN_POINT('',(-7.834837702464,1.045645489668,
    47.026164185335));
#1354 = CARTESIAN_POINT('',(-7.086601987026,1.045661740059,
    50.267369569003));
#1355 = CARTESIAN_POINT('',(-9.961330869354,6.940524891934,
    24.000000000004));
#1356 = CARTESIAN_POINT('',(-9.961369067156,6.940640697621,
    27.322314378106));
#1357 = CARTESIAN_POINT('',(-9.710439169863,6.662182937857,
    30.644447019493));
#1358 = CARTESIAN_POINT('',(-9.257306387972,6.201211942062,
    33.927235733242));
#1359 = CARTESIAN_POINT('',(-8.651195962748,5.642703588921,
    37.164009994902));
#1360 = CARTESIAN_POINT('',(-7.939314417771,5.080425478925,
    40.364783268764));
#1361 = CARTESIAN_POINT('',(-7.156060541516,4.571627271402,
    43.542644835772));
#1362 = CARTESIAN_POINT('',(-6.368370903728,4.266691627254,
    46.731327081691));
#1363 = CARTESIAN_POINT('',(-5.629662950438,4.266701349338,
    49.931008689058));
#1364 = CARTESIAN_POINT('',(-6.267226890756,9.40275848354,24.));
#1365 = CARTESIAN_POINT('',(-6.267226969255,9.402893156065,
    27.217087570221));
#1366 = CARTESIAN_POINT('',(-6.155563134252,9.108186895456,
    30.434095283744));
#1367 = CARTESIAN_POINT('',(-5.934577685134,8.620607081401,
    33.627644533587));
#1368 = CARTESIAN_POINT('',(-5.608824798275,8.025468530293,
    36.799152051765));
#1369 = CARTESIAN_POINT('',(-5.180177798513,7.422460396015,
    39.95473204323));
#1370 = CARTESIAN_POINT('',(-4.649605343116,6.867742749922,
    43.10404619609));
#1371 = CARTESIAN_POINT('',(-4.017810248599,6.53566626604,
    46.258746174962));
#1372 = CARTESIAN_POINT('',(-3.294460176619,6.535659396725,
    49.391884648753));
#1373 = DEFINITIONAL_REPRESENTATION('',(#1374),#1378);
#1374 = LINE('',#1375,#1376);
#1375 = CARTESIAN_POINT('',(7.,0.));
#1376 = VECTOR('',#1377,1.);
#1377 = DIRECTION('',(0.,1.));
#1378 = ( GEOMETRIC_REPRESENTATION_CONTEXT(2) 
PARAMETRIC_REPRESENTATION_CONTEXT() REPRESENTATION_CONTEXT('2D SPACE',''
  ) );
#1379 = ADVANCED_FACE('',(#1380),#1246,.T.);
#1380 = FACE_BOUND('',#1381,.T.);
#1381 = EDGE_LOOP('',(#1382,#1410,#1411,#1449));
#1382 = ORIENTED_EDGE('',*,*,#1383,.T.);
#1383 = EDGE_CURVE('',#1384,#1160,#1386,.T.);
#1384 = VERTEX_POINT('',#1385);
#1385 = CARTESIAN_POINT('',(6.267226890756,9.40275848354,24.));
#1386 = SURFACE_CURVE('',#1387,(#1392,#1398),.PCURVE_S1.);
#1387 = CIRCLE('',#1388,11.3);
#1388 = AXIS2_PLACEMENT_3D('',#1389,#1390,#1391);
#1389 = CARTESIAN_POINT('',(0.,0.,24.));
#1390 = DIRECTION('',(0.,0.,-1.));
#1391 = DIRECTION('',(0.530973451327,0.847388455188,0.));
#1392 = PCURVE('',#1246,#1393);
#1393 = DEFINITIONAL_REPRESENTATION('',(#1394),#1397);
#1394 = B_SPLINE_CURVE_WITH_KNOTS('',1,(#1395,#1396),.UNSPECIFIED.,.F.,
  .F.,(2,2),(2.815952576995E-02,5.135527943862),
  .PIECEWISE_BEZIER_KNOTS.);
#1395 = CARTESIAN_POINT('',(6.,0.));
#1396 = CARTESIAN_POINT('',(7.,0.));
#1397 = ( GEOMETRIC_REPRESENTATION_CONTEXT(2) 
PARAMETRIC_REPRESENTATION_CONTEXT() REPRESENTATION_CONTEXT('2D SPACE',''
  ) );
#1398 = PCURVE('',#1399,#1404);
#1399 = CYLINDRICAL_SURFACE('',#1400,11.3);
#1400 = AXIS2_PLACEMENT_3D('',#1401,#1402,#1403);
#1401 = CARTESIAN_POINT('',(0.,0.,-1.));
#1402 = DIRECTION('',(0.,0.,1.));
#1403 = DIRECTION('',(1.,0.,-0.));
#1404 = DEFINITIONAL_REPRESENTATION('',(#1405),#1409);
#1405 = LINE('',#1406,#1407);
#1406 = CARTESIAN_POINT('',(7.294232715201,25.));
#1407 = VECTOR('',#1408,1.);
#1408 = DIRECTION('',(-1.,-0.));
#1409 = ( GEOMETRIC_REPRESENTATION_CONTEXT(2) 
PARAMETRIC_REPRESENTATION_CONTEXT() REPRESENTATION_CONTEXT('2D SPACE',''
  ) );
#1410 = ORIENTED_EDGE('',*,*,#1226,.T.);
#1411 = ORIENTED_EDGE('',*,*,#1412,.F.);
#1412 = EDGE_CURVE('',#1413,#1189,#1415,.T.);
#1413 = VERTEX_POINT('',#1414);
#1414 = CARTESIAN_POINT('',(8.763369375098,6.535659396725,
    46.608115351247));
#1415 = SURFACE_CURVE('',#1416,(#1431,#1438),.PCURVE_S1.);
#1416 = B_SPLINE_CURVE_WITH_KNOTS('',13,(#1417,#1418,#1419,#1420,#1421,
    #1422,#1423,#1424,#1425,#1426,#1427,#1428,#1429,#1430),
  .UNSPECIFIED.,.F.,.F.,(14,14),(6.,7.),.PIECEWISE_BEZIER_KNOTS.);
#1417 = CARTESIAN_POINT('',(8.763369375098,6.535659396725,
    46.608115351247));
#1418 = CARTESIAN_POINT('',(11.098572148917,4.266701349338,
    46.068991310948));
#1419 = CARTESIAN_POINT('',(12.555511185504,1.04566174006,
    45.732630430972));
#1420 = CARTESIAN_POINT('',(12.732177706034,-2.736829806349,
    45.691843750993));
#1421 = CARTESIAN_POINT('',(11.407881881744,-6.49346979025,
    45.997581532383));
#1422 = CARTESIAN_POINT('',(8.645282466142,-9.538817904259,
    46.635377862354));
#1423 = CARTESIAN_POINT('',(4.833374159781,-11.2503155676,
    47.515426237727));
#1424 = CARTESIAN_POINT('',(0.635535038695,-11.25031556759,
    48.484573762241));
#1425 = CARTESIAN_POINT('',(-3.176373267658,-9.538817904259,
    49.364622137723));
#1426 = CARTESIAN_POINT('',(-5.93897268327,-6.493469790252,
    50.002418467535));
#1427 = CARTESIAN_POINT('',(-7.263268507551,-2.736829806347,
    50.308156249062));
#1428 = CARTESIAN_POINT('',(-7.086601987026,1.045661740059,
    50.267369569003));
#1429 = CARTESIAN_POINT('',(-5.629662950438,4.266701349338,
    49.931008689058));
#1430 = CARTESIAN_POINT('',(-3.294460176619,6.535659396725,
    49.391884648753));
#1431 = PCURVE('',#1246,#1432);
#1432 = DEFINITIONAL_REPRESENTATION('',(#1433),#1437);
#1433 = LINE('',#1434,#1435);
#1434 = CARTESIAN_POINT('',(0.,1.));
#1435 = VECTOR('',#1436,1.);
#1436 = DIRECTION('',(1.,0.));
#1437 = ( GEOMETRIC_REPRESENTATION_CONTEXT(2) 
PARAMETRIC_REPRESENTATION_CONTEXT() REPRESENTATION_CONTEXT('2D SPACE',''
  ) );
#1438 = PCURVE('',#1439,#1444);
#1439 = CYLINDRICAL_SURFACE('',#1440,9.);
#1440 = AXIS2_PLACEMENT_3D('',#1441,#1442,#1443);
#1441 = CARTESIAN_POINT('',(2.509503544896,0.,47.025629935215));
#1442 = DIRECTION('',(0.224951054344,0.,0.974370064785));
#1443 = DIRECTION('',(0.974370064785,0.,-0.224951054344));
#1444 = DEFINITIONAL_REPRESENTATION('',(#1445),#1448);
#1445 = B_SPLINE_CURVE_WITH_KNOTS('',1,(#1446,#1447),.UNSPECIFIED.,.F.,
  .F.,(2,2),(6.,7.),.PIECEWISE_BEZIER_KNOTS.);
#1446 = CARTESIAN_POINT('',(7.095940868548,1.));
#1447 = CARTESIAN_POINT('',(2.328837092221,1.));
#1448 = ( GEOMETRIC_REPRESENTATION_CONTEXT(2) 
PARAMETRIC_REPRESENTATION_CONTEXT() REPRESENTATION_CONTEXT('2D SPACE',''
  ) );
#1449 = ORIENTED_EDGE('',*,*,#1450,.F.);
#1450 = EDGE_CURVE('',#1384,#1413,#1451,.T.);
#1451 = SURFACE_CURVE('',#1452,(#1462,#1469),.PCURVE_S1.);
#1452 = ( BOUNDED_CURVE() B_SPLINE_CURVE(8,(#1453,#1454,#1455,#1456,
    #1457,#1458,#1459,#1460,#1461),.UNSPECIFIED.,.F.,.F.) 
B_SPLINE_CURVE_WITH_KNOTS((9,9),(0.,1.),.PIECEWISE_BEZIER_KNOTS.) CURVE(
) GEOMETRIC_REPRESENTATION_ITEM() RATIONAL_B_SPLINE_CURVE((1.,
    1.000000000001,0.999999999995,1.00000000001,0.999999999988,
1.00000000001,0.999999999995,1.000000000001,1.)) REPRESENTATION_ITEM(''
  ) );
#1453 = CARTESIAN_POINT('',(6.267226890756,9.40275848354,24.));
#1454 = CARTESIAN_POINT('',(6.267228737449,9.402893156058,
    26.860093453945));
#1455 = CARTESIAN_POINT('',(6.35336337358,9.108186895481,29.720147895021
    ));
#1456 = CARTESIAN_POINT('',(6.528006550176,8.620607081353,
    32.560738285886));
#1457 = CARTESIAN_POINT('',(6.788799980393,8.025468530353,
    35.384167816826));
#1458 = CARTESIAN_POINT('',(7.13758183665,7.422460395966,38.195719089459
    ));
#1459 = CARTESIAN_POINT('',(7.576400810017,6.867742749948,
    41.005075349099));
#1460 = CARTESIAN_POINT('',(8.119335730905,6.535666266033,
    43.818472587943));
#1461 = CARTESIAN_POINT('',(8.763369375098,6.535659396725,
    46.608115351247));
#1462 = PCURVE('',#1246,#1463);
#1463 = DEFINITIONAL_REPRESENTATION('',(#1464),#1468);
#1464 = LINE('',#1465,#1466);
#1465 = CARTESIAN_POINT('',(6.,0.));
#1466 = VECTOR('',#1467,1.);
#1467 = DIRECTION('',(0.,1.));
#1468 = ( GEOMETRIC_REPRESENTATION_CONTEXT(2) 
PARAMETRIC_REPRESENTATION_CONTEXT() REPRESENTATION_CONTEXT('2D SPACE',''
  ) );
#1469 = PCURVE('',#1470,#1597);
#1470 = ( BOUNDED_SURFACE() B_SPLINE_SURFACE(13,8,(
    (#1471,#1472,#1473,#1474,#1475,#1476,#1477,#1478,#1479)
    ,(#1480,#1481,#1482,#1483,#1484,#1485,#1486,#1487,#1488)
    ,(#1489,#1490,#1491,#1492,#1493,#1494,#1495,#1496,#1497)
    ,(#1498,#1499,#1500,#1501,#1502,#1503,#1504,#1505,#1506)
    ,(#1507,#1508,#1509,#1510,#1511,#1512,#1513,#1514,#1515)
    ,(#1516,#1517,#1518,#1519,#1520,#1521,#1522,#1523,#1524)
    ,(#1525,#1526,#1527,#1528,#1529,#1530,#1531,#1532,#1533)
    ,(#1534,#1535,#1536,#1537,#1538,#1539,#1540,#1541,#1542)
    ,(#1543,#1544,#1545,#1546,#1547,#1548,#1549,#1550,#1551)
    ,(#1552,#1553,#1554,#1555,#1556,#1557,#1558,#1559,#1560)
    ,(#1561,#1562,#1563,#1564,#1565,#1566,#1567,#1568,#1569)
    ,(#1570,#1571,#1572,#1573,#1574,#1575,#1576,#1577,#1578)
    ,(#1579,#1580,#1581,#1582,#1583,#1584,#1585,#1586,#1587)
    ,(#1588,#1589,#1590,#1591,#1592,#1593,#1594,#1595,#1596
)),.UNSPECIFIED.,.F.,.F.,.F.) B_SPLINE_SURFACE_WITH_KNOTS((14,14),(9,9),
  (5.,6.),(0.,1.),.PIECEWISE_BEZIER_KNOTS.) 
GEOMETRIC_REPRESENTATION_ITEM() RATIONAL_B_SPLINE_SURFACE((
    (1.,1.000000000001,0.999999999995,1.00000000001,0.999999999988
      ,1.00000000001,0.999999999995,1.000000000001,1.)
    ,(1.,1.000000000001,0.999999999995,1.00000000001,0.999999999988
      ,1.00000000001,0.999999999995,1.000000000001,1.)
    ,(1.,1.000000000001,0.999999999995,1.00000000001,0.999999999988
      ,1.00000000001,0.999999999995,1.000000000001,1.)
    ,(1.,1.000000000001,0.999999999995,1.00000000001,0.999999999988
      ,1.00000000001,0.999999999995,1.000000000001,1.)
    ,(1.,1.000000000001,0.999999999995,1.00000000001,0.999999999988
      ,1.00000000001,0.999999999995,1.000000000001,1.)
    ,(1.,1.000000000001,0.999999999995,1.00000000001,0.999999999988
      ,1.00000000001,0.999999999995,1.000000000001,1.)
    ,(1.,1.000000000001,0.999999999995,1.00000000001,0.999999999988
      ,1.00000000001,0.999999999995,1.000000000001,1.)
    ,(1.,1.000000000001,0.999999999995,1.00000000001,0.999999999988
      ,1.00000000001,0.999999999995,1.000000000001,1.)
    ,(1.,1.000000000001,0.999999999995,1.00000000001,0.999999999988
      ,1.00000000001,0.999999999995,1.000000000001,1.)
    ,(1.,1.000000000001,0.999999999995,1.00000000001,0.999999999988
      ,1.00000000001,0.999999999995,1.000000000001,1.)
    ,(1.,1.000000000001,0.999999999995,1.00000000001,0.999999999988
      ,1.00000000001,0.999999999995,1.000000000001,1.)
    ,(1.,1.000000000001,0.999999999995,1.00000000001,0.999999999988
      ,1.00000000001,0.999999999995,1.000000000001,1.)
    ,(1.,1.000000000001,0.999999999995,1.00000000001,0.999999999988
      ,1.00000000001,0.999999999995,1.000000000001,1.)
    ,(1.,1.000000000001,0.999999999995,1.00000000001,0.999999999988
      ,1.00000000001,0.999999999995,1.000000000001,1.
))) REPRESENTATION_ITEM('') SURFACE() );
#1471 = CARTESIAN_POINT('',(6.,9.90201999594,24.));
#1472 = CARTESIAN_POINT('',(6.000000834374,9.902168144368,
    26.867706977266));
#1473 = CARTESIAN_POINT('',(6.093338198128,9.60276041283,29.735357862027
    ));
#1474 = CARTESIAN_POINT('',(6.280027876387,9.107668110056,
    32.582754423481));
#1475 = CARTESIAN_POINT('',(6.556808008427,8.501145954803,
    35.411652021235));
#1476 = CARTESIAN_POINT('',(6.923662006272,7.885397287233,
    38.227428595201));
#1477 = CARTESIAN_POINT('',(7.381099517699,7.313506776814,
    41.039212652077));
#1478 = CARTESIAN_POINT('',(7.935432430941,6.97138650409,43.855445040921
    ));
#1479 = CARTESIAN_POINT('',(8.580674987951,6.971370023173,
    46.650293673937));
#1480 = CARTESIAN_POINT('',(6.,9.856655939836,24.));
#1481 = CARTESIAN_POINT('',(6.000000834369,9.856803137916,
    26.867706977232));
#1482 = CARTESIAN_POINT('',(6.093338198144,9.558042738408,
    29.735357862149));
#1483 = CARTESIAN_POINT('',(6.280027876356,9.064005917782,
    32.582754423245));
#1484 = CARTESIAN_POINT('',(6.556808008464,8.45895910509,35.411652021529
    ));
#1485 = CARTESIAN_POINT('',(6.923662006242,7.844849243651,
    38.227428594958));
#1486 = CARTESIAN_POINT('',(7.381099517715,7.274867943163,
    41.039212652206));
#1487 = CARTESIAN_POINT('',(7.935432430936,6.933873965727,
    43.855445040884));
#1488 = CARTESIAN_POINT('',(8.580674987951,6.933858228033,
    46.650293673937));
#1489 = CARTESIAN_POINT('',(6.003715593288,9.811292000158,24.));
#1490 = CARTESIAN_POINT('',(6.003716437832,9.811438247901,
    26.867601123324));
#1491 = CARTESIAN_POINT('',(6.096945067299,9.513325169203,
    29.735146351435));
#1492 = CARTESIAN_POINT('',(6.283452849385,9.020343812292,
    32.582449356451));
#1493 = CARTESIAN_POINT('',(6.559994905544,8.416772321773,
    35.411273125881));
#1494 = CARTESIAN_POINT('',(6.926582712502,7.804301249356,
    38.226994774801));
#1495 = CARTESIAN_POINT('',(7.383754275739,7.236229148061,
    41.038748171767));
#1496 = CARTESIAN_POINT('',(7.937924324682,6.896361459247,
    43.854944057955));
#1497 = CARTESIAN_POINT('',(8.583150519107,6.896346464792,
    46.649722152537));
#1498 = CARTESIAN_POINT('',(6.011146913106,9.766259888598,24.));
#1499 = CARTESIAN_POINT('',(6.011147778048,9.766405182261,
    26.867389411891));
#1500 = CARTESIAN_POINT('',(6.104158923604,9.468925355607,
    29.734723321789));
#1501 = CARTESIAN_POINT('',(6.290302888888,8.976975953025,
    32.581839214414));
#1502 = CARTESIAN_POINT('',(6.566368766491,8.374850423551,
    35.410515323876));
#1503 = CARTESIAN_POINT('',(6.932424172902,7.763986134275,
    38.226127128118));
#1504 = CARTESIAN_POINT('',(7.389063827713,7.197795014325,41.03781920365
    ));
#1505 = CARTESIAN_POINT('',(7.94290814113,6.859036624436,43.853942086465
    ));
#1506 = CARTESIAN_POINT('',(8.588101610167,6.85902237443,46.6485791031)
  );
#1507 = CARTESIAN_POINT('',(6.022261291192,9.721891717674,24.));
#1508 = CARTESIAN_POINT('',(6.022262186945,9.722036049796,
    26.867072772663));
#1509 = CARTESIAN_POINT('',(6.114948980681,9.425161310028,
    29.734090636695));
#1510 = CARTESIAN_POINT('',(6.300550357149,8.934196797622,
    32.580926564391));
#1511 = CARTESIAN_POINT('',(6.575905741029,8.333458456876,35.40938159848
    ));
#1512 = CARTESIAN_POINT('',(6.941166453869,7.724136897264,
    38.224828708157));
#1513 = CARTESIAN_POINT('',(7.397011314897,7.159770296774,
    41.036428746762));
#1514 = CARTESIAN_POINT('',(7.950368910133,6.822087210204,
    43.852442136362));
#1515 = CARTESIAN_POINT('',(8.595513387315,6.822073707101,
    46.646867959516));
#1516 = CARTESIAN_POINT('',(6.036993389848,9.678516080827,24.));
#1517 = CARTESIAN_POINT('',(6.036994327362,9.678659440222,
    26.866653065771));
#1518 = CARTESIAN_POINT('',(6.129253664155,9.382347774043,
    29.733252020929));
#1519 = CARTESIAN_POINT('',(6.314139978913,8.892297945968,
    32.579716545318));
#1520 = CARTESIAN_POINT('',(6.588558126612,8.292859090938,35.40787791035
    ));
#1521 = CARTESIAN_POINT('',(6.952769688854,7.684984629669,
    38.223105625918));
#1522 = CARTESIAN_POINT('',(7.407563018855,7.122358178264,
    41.034582796639));
#1523 = CARTESIAN_POINT('',(7.960276691252,6.78569960067,43.850450228273
    ));
#1524 = CARTESIAN_POINT('',(8.605356102611,6.785686847819,46.64459558964
    ));
#1525 = CARTESIAN_POINT('',(6.055245716077,9.636454337026,24.));
#1526 = CARTESIAN_POINT('',(6.055246707017,9.636596708585,
    26.866133066816));
#1527 = CARTESIAN_POINT('',(6.146981080129,9.340792770543,
    29.732213032294));
#1528 = CARTESIAN_POINT('',(6.330989231099,8.851565134682,
    32.578216827249));
#1529 = CARTESIAN_POINT('',(6.60425467579,8.253310129078,35.406013159973
    ));
#1530 = CARTESIAN_POINT('',(6.96717430866,7.646756523235,38.220967011609
    ));
#1531 = CARTESIAN_POINT('',(7.420668545805,7.085758632726,
    41.032290313413));
#1532 = CARTESIAN_POINT('',(7.972586727317,6.750057396032,
    43.847975362249));
#1533 = CARTESIAN_POINT('',(8.617585286828,6.750045397097,
    46.641772260001));
#1534 = CARTESIAN_POINT('',(6.076889517756,9.596017099852,24.));
#1535 = CARTESIAN_POINT('',(6.07689057489,9.596158464463,26.865516440996
    ));
#1536 = CARTESIAN_POINT('',(6.168009833079,9.300794339332,
    29.730981011786));
#1537 = CARTESIAN_POINT('',(6.350989033678,8.812275384904,32.57643754148
    ));
#1538 = CARTESIAN_POINT('',(6.622901139832,8.215062133263,
    35.403799118803));
#1539 = CARTESIAN_POINT('',(6.984301458843,7.609673965038,
    38.218424947067));
#1540 = CARTESIAN_POINT('',(7.436261157587,7.050166853827,
    41.029563163152));
#1541 = CARTESIAN_POINT('',(7.987239723545,6.715340048608,
    43.845029461335));
#1542 = CARTESIAN_POINT('',(8.632142026681,6.715328806514,
    46.638411571803));
#1543 = CARTESIAN_POINT('',(6.10176606188,9.557500931081,24.));
#1544 = CARTESIAN_POINT('',(6.101767199467,9.557641265364,
    26.864807707133));
#1545 = CARTESIAN_POINT('',(6.192190195241,9.262637458275,29.72956500925
    ));
#1546 = CARTESIAN_POINT('',(6.374004737779,8.774694299451,32.57439118685
    ));
#1547 = CARTESIAN_POINT('',(6.644381053507,8.178356166322,35.40125032293
    ));
#1548 = CARTESIAN_POINT('',(7.004053600119,7.57395071564,38.215494374281
    ));
#1549 = CARTESIAN_POINT('',(7.454258251414,7.015771751236,
    41.026416029946));
#1550 = CARTESIAN_POINT('',(8.004162251576,6.681721553489,
    43.841627290693));
#1551 = CARTESIAN_POINT('',(8.648953366468,6.681711069238,
    46.634530368196));
#1552 = CARTESIAN_POINT('',(6.129688294843,9.521185238756,24.));
#1553 = CARTESIAN_POINT('',(6.129689529151,9.521324514986,
    26.864012190348));
#1554 = CARTESIAN_POINT('',(6.219345626328,9.226591147651,
    29.727975688914));
#1555 = CARTESIAN_POINT('',(6.399877413255,8.739073513755,
    32.572092503933));
#1556 = CARTESIAN_POINT('',(6.668556758228,8.14342164661,35.398383939219
    ));
#1557 = CARTESIAN_POINT('',(7.02631529411,7.53979117482,38.212192971999)
  );
#1558 = CARTESIAN_POINT('',(7.47456198714,6.982754512212,41.022866302898
    ));
#1559 = CARTESIAN_POINT('',(8.023267278807,6.649369194455,
    43.837786351123));
#1560 = CARTESIAN_POINT('',(8.667932834099,6.649359465475,
    46.630148612835));
#1561 = CARTESIAN_POINT('',(6.160442884786,9.487329379752,24.));
#1562 = CARTESIAN_POINT('',(6.160444234608,9.487467565573,26.86313596368
    ));
#1563 = CARTESIAN_POINT('',(6.24927464448,9.192905760418,29.726225213786
    ));
#1564 = CARTESIAN_POINT('',(6.428425433953,8.705648295466,
    32.569558318969));
#1565 = CARTESIAN_POINT('',(6.695270665776,8.110474321343,
    35.395219601859));
#1566 = CARTESIAN_POINT('',(7.050954172585,7.507388729769,
    38.208541001978));
#1567 = CARTESIAN_POINT('',(7.497060063065,6.951287231203,
    41.018933937274));
#1568 = CARTESIAN_POINT('',(8.044454822722,6.618442344384,43.83352674716
    ));
#1569 = CARTESIAN_POINT('',(8.688981091531,6.618433362872,
    46.625289239715));
#1570 = CARTESIAN_POINT('',(6.193792645989,9.456169966834,24.));
#1571 = CARTESIAN_POINT('',(6.193794133447,9.456307025135,
    26.862185779716));
#1572 = CARTESIAN_POINT('',(6.281753046915,9.161810455661,
    29.724327105124));
#1573 = CARTESIAN_POINT('',(6.459446363646,8.674635297903,
    32.566807364909));
#1574 = CARTESIAN_POINT('',(6.724346758907,8.079714352255,
    35.391779210032));
#1575 = CARTESIAN_POINT('',(7.077822093237,7.476924190944,
    38.204561132675));
#1576 = CARTESIAN_POINT('',(7.521626638632,6.921531604718,
    41.014641285589));
#1577 = CARTESIAN_POINT('',(8.067612730687,6.589091320936,
    43.828871030987));
#1578 = CARTESIAN_POINT('',(8.711986709594,6.589083071849,
    46.619977974287));
#1579 = CARTESIAN_POINT('',(6.229479345325,9.427918380203,24.));
#1580 = CARTESIAN_POINT('',(6.229480996681,9.428054269035,26.86116898983
    ));
#1581 = CARTESIAN_POINT('',(6.316536482378,9.13351085699,29.722296085485
    ));
#1582 = CARTESIAN_POINT('',(6.492719138584,8.646230463972,
    32.563860063158));
#1583 = CARTESIAN_POINT('',(6.755592333856,8.051324517718,
    35.388086707121));
#1584 = CARTESIAN_POINT('',(7.106756477881,7.448564312196,
    38.200278223419));
#1585 = CARTESIAN_POINT('',(7.5481234062,6.893637693272,41.010012907711)
  );
#1586 = CARTESIAN_POINT('',(8.092617584599,6.561456297,43.823844019541)
  );
#1587 = CARTESIAN_POINT('',(8.736827067226,6.561448755884,
    46.614243125854));
#1588 = CARTESIAN_POINT('',(6.267226890756,9.40275848354,24.));
#1589 = CARTESIAN_POINT('',(6.267228737449,9.402893156058,
    26.860093453945));
#1590 = CARTESIAN_POINT('',(6.35336337358,9.108186895481,29.720147895021
    ));
#1591 = CARTESIAN_POINT('',(6.528006550176,8.620607081353,
    32.560738285886));
#1592 = CARTESIAN_POINT('',(6.788799980393,8.025468530353,
    35.384167816826));
#1593 = CARTESIAN_POINT('',(7.13758183665,7.422460395966,38.195719089459
    ));
#1594 = CARTESIAN_POINT('',(7.576400810017,6.867742749948,
    41.005075349099));
#1595 = CARTESIAN_POINT('',(8.119335730905,6.535666266033,
    43.818472587943));
#1596 = CARTESIAN_POINT('',(8.763369375098,6.535659396725,
    46.608115351247));
#1597 = DEFINITIONAL_REPRESENTATION('',(#1598),#1602);
#1598 = LINE('',#1599,#1600);
#1599 = CARTESIAN_POINT('',(6.,0.));
#1600 = VECTOR('',#1601,1.);
#1601 = DIRECTION('',(0.,1.));
#1602 = ( GEOMETRIC_REPRESENTATION_CONTEXT(2) 
PARAMETRIC_REPRESENTATION_CONTEXT() REPRESENTATION_CONTEXT('2D SPACE',''
  ) );
#1603 = ADVANCED_FACE('',(#1604),#1470,.T.);
#1604 = FACE_BOUND('',#1605,.T.);
#1605 = EDGE_LOOP('',(#1606,#1634,#1635,#1673));
#1606 = ORIENTED_EDGE('',*,*,#1607,.F.);
#1607 = EDGE_CURVE('',#1384,#1608,#1610,.T.);
#1608 = VERTEX_POINT('',#1609);
#1609 = CARTESIAN_POINT('',(6.,9.90201999594,24.));
#1610 = SURFACE_CURVE('',#1611,(#1616,#1622),.PCURVE_S1.);
#1611 = CIRCLE('',#1612,0.6);
#1612 = AXIS2_PLACEMENT_3D('',#1613,#1614,#1615);
#1613 = CARTESIAN_POINT('',(6.6,9.90201999594,24.));
#1614 = DIRECTION('',(-0.,-0.,-1.));
#1615 = DIRECTION('',(0.,-1.,0.));
#1616 = PCURVE('',#1470,#1617);
#1617 = DEFINITIONAL_REPRESENTATION('',(#1618),#1621);
#1618 = B_SPLINE_CURVE_WITH_KNOTS('',1,(#1619,#1620),.UNSPECIFIED.,.F.,
  .F.,(2,2),(0.587908444544,1.570796326795),.PIECEWISE_BEZIER_KNOTS.);
#1619 = CARTESIAN_POINT('',(6.,0.));
#1620 = CARTESIAN_POINT('',(5.,0.));
#1621 = ( GEOMETRIC_REPRESENTATION_CONTEXT(2) 
PARAMETRIC_REPRESENTATION_CONTEXT() REPRESENTATION_CONTEXT('2D SPACE',''
  ) );
#1622 = PCURVE('',#1623,#1628);
#1623 = CYLINDRICAL_SURFACE('',#1624,0.6);
#1624 = AXIS2_PLACEMENT_3D('',#1625,#1626,#1627);
#1625 = CARTESIAN_POINT('',(6.6,9.90201999594,0.));
#1626 = DIRECTION('',(0.,0.,1.));
#1627 = DIRECTION('',(-0.55462184874,-0.832102520667,0.));
#1628 = DEFINITIONAL_REPRESENTATION('',(#1629),#1633);
#1629 = LINE('',#1630,#1631);
#1630 = CARTESIAN_POINT('',(0.587908444544,24.));
#1631 = VECTOR('',#1632,1.);
#1632 = DIRECTION('',(-1.,0.));
#1633 = ( GEOMETRIC_REPRESENTATION_CONTEXT(2) 
PARAMETRIC_REPRESENTATION_CONTEXT() REPRESENTATION_CONTEXT('2D SPACE',''
  ) );
#1634 = ORIENTED_EDGE('',*,*,#1450,.T.);
#1635 = ORIENTED_EDGE('',*,*,#1636,.F.);
#1636 = EDGE_CURVE('',#1637,#1413,#1639,.T.);
#1637 = VERTEX_POINT('',#1638);
#1638 = CARTESIAN_POINT('',(8.580674987951,6.971370023173,
    46.650293673937));
#1639 = SURFACE_CURVE('',#1640,(#1655,#1662),.PCURVE_S1.);
#1640 = B_SPLINE_CURVE_WITH_KNOTS('',13,(#1641,#1642,#1643,#1644,#1645,
    #1646,#1647,#1648,#1649,#1650,#1651,#1652,#1653,#1654),
  .UNSPECIFIED.,.F.,.F.,(14,14),(5.,6.),.PIECEWISE_BEZIER_KNOTS.);
#1641 = CARTESIAN_POINT('',(8.580674987951,6.971370023173,
    46.650293673937));
#1642 = CARTESIAN_POINT('',(8.580674987951,6.933858228033,
    46.650293673937));
#1643 = CARTESIAN_POINT('',(8.583150519107,6.896346464792,
    46.649722152537));
#1644 = CARTESIAN_POINT('',(8.588101610167,6.85902237443,46.6485791031)
  );
#1645 = CARTESIAN_POINT('',(8.595513387315,6.822073707101,
    46.646867959516));
#1646 = CARTESIAN_POINT('',(8.605356102611,6.785686847819,46.64459558964
    ));
#1647 = CARTESIAN_POINT('',(8.617585286828,6.750045397097,
    46.641772260001));
#1648 = CARTESIAN_POINT('',(8.632142026681,6.715328806514,
    46.638411571803));
#1649 = CARTESIAN_POINT('',(8.648953366468,6.681711069238,
    46.634530368196));
#1650 = CARTESIAN_POINT('',(8.667932834099,6.649359465475,
    46.630148612835));
#1651 = CARTESIAN_POINT('',(8.688981091531,6.618433362872,
    46.625289239715));
#1652 = CARTESIAN_POINT('',(8.711986709594,6.589083071849,
    46.619977974287));
#1653 = CARTESIAN_POINT('',(8.736827067226,6.561448755884,
    46.614243125854));
#1654 = CARTESIAN_POINT('',(8.763369375098,6.535659396725,
    46.608115351247));
#1655 = PCURVE('',#1470,#1656);
#1656 = DEFINITIONAL_REPRESENTATION('',(#1657),#1661);
#1657 = LINE('',#1658,#1659);
#1658 = CARTESIAN_POINT('',(0.,1.));
#1659 = VECTOR('',#1660,1.);
#1660 = DIRECTION('',(1.,0.));
#1661 = ( GEOMETRIC_REPRESENTATION_CONTEXT(2) 
PARAMETRIC_REPRESENTATION_CONTEXT() REPRESENTATION_CONTEXT('2D SPACE',''
  ) );
#1662 = PCURVE('',#1663,#1668);
#1663 = CYLINDRICAL_SURFACE('',#1664,0.6);
#1664 = AXIS2_PLACEMENT_3D('',#1665,#1666,#1667);
#1665 = CARTESIAN_POINT('',(9.165297026822,6.971370023173,46.51532304133
    ));
#1666 = DIRECTION('',(0.224951054344,0.,0.974370064785));
#1667 = DIRECTION('',(-0.66987941954,-0.726184377414,0.154653849861));
#1668 = DEFINITIONAL_REPRESENTATION('',(#1669),#1672);
#1669 = B_SPLINE_CURVE_WITH_KNOTS('',1,(#1670,#1671),.UNSPECIFIED.,.F.,
  .F.,(2,2),(5.,6.),.PIECEWISE_BEZIER_KNOTS.);
#1670 = CARTESIAN_POINT('',(-0.812755561369,0.));
#1671 = CARTESIAN_POINT('',(-1.7763568394E-15,0.));
#1672 = ( GEOMETRIC_REPRESENTATION_CONTEXT(2) 
PARAMETRIC_REPRESENTATION_CONTEXT() REPRESENTATION_CONTEXT('2D SPACE',''
  ) );
#1673 = ORIENTED_EDGE('',*,*,#1674,.F.);
#1674 = EDGE_CURVE('',#1608,#1637,#1675,.T.);
#1675 = SURFACE_CURVE('',#1676,(#1686,#1693),.PCURVE_S1.);
#1676 = ( BOUNDED_CURVE() B_SPLINE_CURVE(8,(#1677,#1678,#1679,#1680,
    #1681,#1682,#1683,#1684,#1685),.UNSPECIFIED.,.F.,.F.) 
B_SPLINE_CURVE_WITH_KNOTS((9,9),(0.,1.),.PIECEWISE_BEZIER_KNOTS.) CURVE(
) GEOMETRIC_REPRESENTATION_ITEM() RATIONAL_B_SPLINE_CURVE((1.,
    1.000000000001,0.999999999995,1.00000000001,0.999999999988,
1.00000000001,0.999999999995,1.000000000001,1.)) REPRESENTATION_ITEM(''
  ) );
#1677 = CARTESIAN_POINT('',(6.,9.90201999594,24.));
#1678 = CARTESIAN_POINT('',(6.000000834374,9.902168144368,
    26.867706977266));
#1679 = CARTESIAN_POINT('',(6.093338198128,9.60276041283,29.735357862027
    ));
#1680 = CARTESIAN_POINT('',(6.280027876387,9.107668110056,
    32.582754423481));
#1681 = CARTESIAN_POINT('',(6.556808008427,8.501145954803,
    35.411652021235));
#1682 = CARTESIAN_POINT('',(6.923662006272,7.885397287233,
    38.227428595201));
#1683 = CARTESIAN_POINT('',(7.381099517699,7.313506776814,
    41.039212652077));
#1684 = CARTESIAN_POINT('',(7.935432430941,6.97138650409,43.855445040921
    ));
#1685 = CARTESIAN_POINT('',(8.580674987951,6.971370023173,
    46.650293673937));
#1686 = PCURVE('',#1470,#1687);
#1687 = DEFINITIONAL_REPRESENTATION('',(#1688),#1692);
#1688 = LINE('',#1689,#1690);
#1689 = CARTESIAN_POINT('',(5.,0.));
#1690 = VECTOR('',#1691,1.);
#1691 = DIRECTION('',(0.,1.));
#1692 = ( GEOMETRIC_REPRESENTATION_CONTEXT(2) 
PARAMETRIC_REPRESENTATION_CONTEXT() REPRESENTATION_CONTEXT('2D SPACE',''
  ) );
#1693 = PCURVE('',#1694,#1821);
#1694 = ( BOUNDED_SURFACE() B_SPLINE_SURFACE(13,8,(
    (#1695,#1696,#1697,#1698,#1699,#1700,#1701,#1702,#1703)
    ,(#1704,#1705,#1706,#1707,#1708,#1709,#1710,#1711,#1712)
    ,(#1713,#1714,#1715,#1716,#1717,#1718,#1719,#1720,#1721)
    ,(#1722,#1723,#1724,#1725,#1726,#1727,#1728,#1729,#1730)
    ,(#1731,#1732,#1733,#1734,#1735,#1736,#1737,#1738,#1739)
    ,(#1740,#1741,#1742,#1743,#1744,#1745,#1746,#1747,#1748)
    ,(#1749,#1750,#1751,#1752,#1753,#1754,#1755,#1756,#1757)
    ,(#1758,#1759,#1760,#1761,#1762,#1763,#1764,#1765,#1766)
    ,(#1767,#1768,#1769,#1770,#1771,#1772,#1773,#1774,#1775)
    ,(#1776,#1777,#1778,#1779,#1780,#1781,#1782,#1783,#1784)
    ,(#1785,#1786,#1787,#1788,#1789,#1790,#1791,#1792,#1793)
    ,(#1794,#1795,#1796,#1797,#1798,#1799,#1800,#1801,#1802)
    ,(#1803,#1804,#1805,#1806,#1807,#1808,#1809,#1810,#1811)
    ,(#1812,#1813,#1814,#1815,#1816,#1817,#1818,#1819,#1820
)),.UNSPECIFIED.,.F.,.F.,.F.) B_SPLINE_SURFACE_WITH_KNOTS((14,14),(9,9),
  (4.,5.),(0.,1.),.PIECEWISE_BEZIER_KNOTS.) 
GEOMETRIC_REPRESENTATION_ITEM() RATIONAL_B_SPLINE_SURFACE((
    (1.,1.000000000001,0.999999999995,1.00000000001,0.999999999988
      ,1.00000000001,0.999999999995,1.000000000001,1.)
    ,(1.,1.000000000001,0.999999999995,1.00000000001,0.999999999988
      ,1.00000000001,0.999999999995,1.000000000001,1.)
    ,(1.,1.000000000001,0.999999999995,1.00000000001,0.999999999988
      ,1.00000000001,0.999999999995,1.000000000001,1.)
    ,(1.,1.000000000001,0.999999999995,1.00000000001,0.999999999988
      ,1.00000000001,0.999999999995,1.000000000001,1.)
    ,(1.,1.000000000001,0.999999999995,1.00000000001,0.999999999988
      ,1.00000000001,0.999999999995,1.000000000001,1.)
    ,(1.,1.000000000001,0.999999999995,1.00000000001,0.999999999988
      ,1.00000000001,0.999999999995,1.000000000001,1.)
    ,(1.,1.000000000001,0.999999999995,1.00000000001,0.999999999988
      ,1.00000000001,0.999999999995,1.000000000001,1.)
    ,(1.,1.000000000001,0.999999999995,1.00000000001,0.999999999988
      ,1.00000000001,0.999999999995,1.000000000001,1.)
    ,(1.,1.000000000001,0.999999999995,1.00000000001,0.999999999988
      ,1.00000000001,0.999999999995,1.000000000001,1.)
    ,(1.,1.000000000001,0.999999999995,1.00000000001,0.999999999988
      ,1.00000000001,0.999999999995,1.000000000001,1.)
    ,(1.,1.000000000001,0.999999999995,1.00000000001,0.999999999988
      ,1.00000000001,0.999999999995,1.000000000001,1.)
    ,(1.,1.000000000001,0.999999999995,1.00000000001,0.999999999988
      ,1.00000000001,0.999999999995,1.000000000001,1.)
    ,(1.,1.000000000001,0.999999999995,1.00000000001,0.999999999988
      ,1.00000000001,0.999999999995,1.000000000001,1.)
    ,(1.,1.000000000001,0.999999999995,1.00000000001,0.999999999988
      ,1.00000000001,0.999999999995,1.000000000001,1.
))) REPRESENTATION_ITEM('') SURFACE() );
#1695 = CARTESIAN_POINT('',(6.,11.948326242617,24.));
#1696 = CARTESIAN_POINT('',(6.000000834369,11.948326242602,
    26.867706977216));
#1697 = CARTESIAN_POINT('',(6.093338198146,11.94832624267,
    29.735357862204));
#1698 = CARTESIAN_POINT('',(6.280027876354,11.948326242515,
    32.582754423143));
#1699 = CARTESIAN_POINT('',(6.556808008469,11.948326242741,
    35.411652021651));
#1700 = CARTESIAN_POINT('',(6.923662006237,11.948326242515,
    38.22742859486));
#1701 = CARTESIAN_POINT('',(7.381099517718,11.94832624267,
    41.039212652257));
#1702 = CARTESIAN_POINT('',(7.935432430935,11.948326242601,
    43.85544504087));
#1703 = CARTESIAN_POINT('',(8.580674987951,11.948326242617,
    46.650293673937));
#1704 = CARTESIAN_POINT('',(6.,11.790918069795,24.));
#1705 = CARTESIAN_POINT('',(6.000000834369,11.790929465813,
    26.867706977216));
#1706 = CARTESIAN_POINT('',(6.093338198146,11.767898101919,
    29.735357862204));
#1707 = CARTESIAN_POINT('',(6.280027876354,11.729814078468,
    32.582754423143));
#1708 = CARTESIAN_POINT('',(6.556808008469,11.683158528299,
    35.411652021651));
#1709 = CARTESIAN_POINT('',(6.923662006237,11.635793245942,
    38.22742859486));
#1710 = CARTESIAN_POINT('',(7.381099517718,11.59180166838,
    41.039212652257));
#1711 = CARTESIAN_POINT('',(7.935432430935,11.565484724252,
    43.85544504087));
#1712 = CARTESIAN_POINT('',(8.580674987951,11.565483456506,
    46.650293673937));
#1713 = CARTESIAN_POINT('',(6.,11.633509896974,24.));
#1714 = CARTESIAN_POINT('',(6.000000834369,11.633532689048,
    26.867706977216));
#1715 = CARTESIAN_POINT('',(6.093338198146,11.587469961082,
    29.735357862204));
#1716 = CARTESIAN_POINT('',(6.280027876354,11.511301914582,
    32.582754423143));
#1717 = CARTESIAN_POINT('',(6.556808008469,11.417990813663,
    35.411652021651));
#1718 = CARTESIAN_POINT('',(6.923662006237,11.323260249526,
    38.22742859486));
#1719 = CARTESIAN_POINT('',(7.381099517718,11.235277094009,
    41.039212652257));
#1720 = CARTESIAN_POINT('',(7.935432430935,11.182643205926,
    43.85544504087));
#1721 = CARTESIAN_POINT('',(8.580674987951,11.182640670395,
    46.650293673937));
#1722 = CARTESIAN_POINT('',(6.,11.476101724153,24.));
#1723 = CARTESIAN_POINT('',(6.000000834369,11.476135912225,
    26.867706977216));
#1724 = CARTESIAN_POINT('',(6.093338198146,11.40704182045,
    29.735357862204));
#1725 = CARTESIAN_POINT('',(6.280027876354,11.292789750314,
    32.582754423143));
#1726 = CARTESIAN_POINT('',(6.556808008469,11.152823099485,
    35.411652021651));
#1727 = CARTESIAN_POINT('',(6.923662006237,11.010727252743,
    38.22742859486));
#1728 = CARTESIAN_POINT('',(7.381099517718,10.878752519828,
    41.039212652257));
#1729 = CARTESIAN_POINT('',(7.935432430935,10.799801687547,
    43.85544504087));
#1730 = CARTESIAN_POINT('',(8.580674987951,10.799797884284,
    46.650293673937));
#1731 = CARTESIAN_POINT('',(6.,11.318693551332,24.));
#1732 = CARTESIAN_POINT('',(6.000000834369,11.318739135443,
    26.867706977216));
#1733 = CARTESIAN_POINT('',(6.093338198146,11.226613679677,
    29.735357862204));
#1734 = CARTESIAN_POINT('',(6.280027876354,11.074277586311,
    32.582754423143));
#1735 = CARTESIAN_POINT('',(6.556808008469,10.887655384988,
    35.411652021651));
#1736 = CARTESIAN_POINT('',(6.923662006237,10.698194256217,
    38.22742859486));
#1737 = CARTESIAN_POINT('',(7.381099517718,10.522227945512,
    41.039212652257));
#1738 = CARTESIAN_POINT('',(7.935432430935,10.416960169205,
    43.85544504087));
#1739 = CARTESIAN_POINT('',(8.580674987951,10.416955098173,
    46.650293673937));
#1740 = CARTESIAN_POINT('',(6.,11.16128537851,24.));
#1741 = CARTESIAN_POINT('',(6.000000834369,11.161342358654,
    26.867706977216));
#1742 = CARTESIAN_POINT('',(6.093338198146,11.046185538926,
    29.735357862204));
#1743 = CARTESIAN_POINT('',(6.280027876354,10.855765422259,
    32.582754423143));
#1744 = CARTESIAN_POINT('',(6.556808008469,10.622487670557,
    35.411652021651));
#1745 = CARTESIAN_POINT('',(6.923662006237,10.385661259632,
    38.22742859486));
#1746 = CARTESIAN_POINT('',(7.381099517718,10.165703371231,
    41.039212652257));
#1747 = CARTESIAN_POINT('',(7.935432430935,10.034118650854,
    43.85544504087));
#1748 = CARTESIAN_POINT('',(8.580674987951,10.034112312061,
    46.650293673937));
#1749 = CARTESIAN_POINT('',(6.,11.003877205689,24.));
#1750 = CARTESIAN_POINT('',(6.000000834369,11.003945581858,
    26.867706977216));
#1751 = CARTESIAN_POINT('',(6.093338198146,10.865757398198,
    29.735357862204));
#1752 = CARTESIAN_POINT('',(6.280027876354,10.637253258171,
    32.582754423143));
#1753 = CARTESIAN_POINT('',(6.556808008469,10.357319956161,
    35.411652021651));
#1754 = CARTESIAN_POINT('',(6.923662006237,10.073128263024,
    38.22742859486));
#1755 = CARTESIAN_POINT('',(7.381099517718,9.809178796958,
    41.039212652257));
#1756 = CARTESIAN_POINT('',(7.935432430935,9.6512771325,43.85544504087)
  );
#1757 = CARTESIAN_POINT('',(8.580674987951,9.65126952595,46.650293673937
    ));
#1758 = CARTESIAN_POINT('',(6.,10.846469032868,24.));
#1759 = CARTESIAN_POINT('',(6.000000834369,10.846548805069,
    26.867706977216));
#1760 = CARTESIAN_POINT('',(6.093338198146,10.685329257448,
    29.735357862204));
#1761 = CARTESIAN_POINT('',(6.280027876354,10.418741094122,
    32.582754423143));
#1762 = CARTESIAN_POINT('',(6.556808008469,10.092152241721,
    35.411652021651));
#1763 = CARTESIAN_POINT('',(6.923662006237,9.760595266451,38.22742859486
    ));
#1764 = CARTESIAN_POINT('',(7.381099517718,9.452654222669,
    41.039212652257));
#1765 = CARTESIAN_POINT('',(7.935432430935,9.268435614151,43.85544504087
    ));
#1766 = CARTESIAN_POINT('',(8.580674987951,9.268426739839,
    46.650293673937));
#1767 = CARTESIAN_POINT('',(6.,10.689060860047,24.));
#1768 = CARTESIAN_POINT('',(6.000000834369,10.689152028301,
    26.867706977216));
#1769 = CARTESIAN_POINT('',(6.093338198146,10.504901116625,
    29.735357862204));
#1770 = CARTESIAN_POINT('',(6.280027876354,10.200228930212,
    32.582754423143));
#1771 = CARTESIAN_POINT('',(6.556808008469,9.826984527113,
    35.411652021651));
#1772 = CARTESIAN_POINT('',(6.923662006237,9.448062270013,38.22742859486
    ));
#1773 = CARTESIAN_POINT('',(7.381099517718,9.096129648308,
    41.039212652257));
#1774 = CARTESIAN_POINT('',(7.935432430935,8.885594095822,43.85544504087
    ));
#1775 = CARTESIAN_POINT('',(8.580674987951,8.885583953728,
    46.650293673937));
#1776 = CARTESIAN_POINT('',(6.,10.531652687225,24.));
#1777 = CARTESIAN_POINT('',(6.000000834369,10.531755251502,
    26.867706977216));
#1778 = CARTESIAN_POINT('',(6.093338198146,10.324472975908,
    29.735357862204));
#1779 = CARTESIAN_POINT('',(6.280027876354,9.981716766103,
    32.582754423143));
#1780 = CARTESIAN_POINT('',(6.556808008469,9.561816812744,
    35.411652021651));
#1781 = CARTESIAN_POINT('',(6.923662006237,9.135529273383,38.22742859486
    ));
#1782 = CARTESIAN_POINT('',(7.381099517718,8.739605074048,
    41.039212652257));
#1783 = CARTESIAN_POINT('',(7.935432430935,8.502752577465,43.85544504087
    ));
#1784 = CARTESIAN_POINT('',(8.580674987951,8.502741167617,
    46.650293673937));
#1785 = CARTESIAN_POINT('',(6.,10.374244514404,24.));
#1786 = CARTESIAN_POINT('',(6.000000834369,10.374358474725,
    26.867706977216));
#1787 = CARTESIAN_POINT('',(6.093338198146,10.144044835116,
    29.735357862204));
#1788 = CARTESIAN_POINT('',(6.280027876354,9.763204602132,
    32.582754423143));
#1789 = CARTESIAN_POINT('',(6.556808008469,9.296649098212,
    35.411652021651));
#1790 = CARTESIAN_POINT('',(6.923662006237,8.822996276881,38.22742859486
    ));
#1791 = CARTESIAN_POINT('',(7.381099517718,8.383080499722,
    41.039212652257));
#1792 = CARTESIAN_POINT('',(7.935432430935,8.119911059126,43.85544504087
    ));
#1793 = CARTESIAN_POINT('',(8.580674987951,8.119898381506,
    46.650293673937));
#1794 = CARTESIAN_POINT('',(6.,10.216836341583,24.));
#1795 = CARTESIAN_POINT('',(6.000000834369,10.216961697921,
    26.867706977216));
#1796 = CARTESIAN_POINT('',(6.093338198146,9.963616694419,
    29.735357862204));
#1797 = CARTESIAN_POINT('',(6.280027876354,9.544692437984,
    32.582754423143));
#1798 = CARTESIAN_POINT('',(6.556808008469,9.03148138389,35.411652021651
    ));
#1799 = CARTESIAN_POINT('',(6.923662006237,8.510463280213,38.22742859486
    ));
#1800 = CARTESIAN_POINT('',(7.381099517718,8.026555925481,
    41.039212652257));
#1801 = CARTESIAN_POINT('',(7.935432430935,7.737069540764,43.85544504087
    ));
#1802 = CARTESIAN_POINT('',(8.580674987951,7.737055595395,
    46.650293673937));
#1803 = CARTESIAN_POINT('',(6.,10.059428168761,24.));
#1804 = CARTESIAN_POINT('',(6.000000834369,10.059564921141,
    26.867706977216));
#1805 = CARTESIAN_POINT('',(6.093338198146,9.783188553636,
    29.735357862204));
#1806 = CARTESIAN_POINT('',(6.280027876354,9.326180273998,
    32.582754423143));
#1807 = CARTESIAN_POINT('',(6.556808008469,8.766313669374,
    35.411652021651));
#1808 = CARTESIAN_POINT('',(6.923662006237,8.197930283701,38.22742859486
    ));
#1809 = CARTESIAN_POINT('',(7.381099517718,7.670031351159,
    41.039212652257));
#1810 = CARTESIAN_POINT('',(7.935432430935,7.354228022424,43.85544504087
    ));
#1811 = CARTESIAN_POINT('',(8.580674987951,7.354212809284,
    46.650293673937));
#1812 = CARTESIAN_POINT('',(6.,9.90201999594,24.));
#1813 = CARTESIAN_POINT('',(6.000000834374,9.902168144368,
    26.867706977266));
#1814 = CARTESIAN_POINT('',(6.093338198128,9.60276041283,29.735357862027
    ));
#1815 = CARTESIAN_POINT('',(6.280027876387,9.107668110056,
    32.582754423481));
#1816 = CARTESIAN_POINT('',(6.556808008427,8.501145954803,
    35.411652021235));
#1817 = CARTESIAN_POINT('',(6.923662006272,7.885397287233,
    38.227428595201));
#1818 = CARTESIAN_POINT('',(7.381099517699,7.313506776814,
    41.039212652077));
#1819 = CARTESIAN_POINT('',(7.935432430941,6.97138650409,43.855445040921
    ));
#1820 = CARTESIAN_POINT('',(8.580674987951,6.971370023173,
    46.650293673937));
#1821 = DEFINITIONAL_REPRESENTATION('',(#1822),#1826);
#1822 = LINE('',#1823,#1824);
#1823 = CARTESIAN_POINT('',(5.,0.));
#1824 = VECTOR('',#1825,1.);
#1825 = DIRECTION('',(0.,1.));
#1826 = ( GEOMETRIC_REPRESENTATION_CONTEXT(2) 
PARAMETRIC_REPRESENTATION_CONTEXT() REPRESENTATION_CONTEXT('2D SPACE',''
  ) );
#1827 = ADVANCED_FACE('',(#1828),#1694,.T.);
#1828 = FACE_BOUND('',#1829,.T.);
#1829 = EDGE_LOOP('',(#1830,#1856,#1857,#1907,#1952));
#1830 = ORIENTED_EDGE('',*,*,#1831,.F.);
#1831 = EDGE_CURVE('',#1608,#1832,#1834,.T.);
#1832 = VERTEX_POINT('',#1833);
#1833 = CARTESIAN_POINT('',(6.,11.948326242617,24.));
#1834 = SURFACE_CURVE('',#1835,(#1839,#1845),.PCURVE_S1.);
#1835 = LINE('',#1836,#1837);
#1836 = CARTESIAN_POINT('',(6.,0.,24.));
#1837 = VECTOR('',#1838,1.);
#1838 = DIRECTION('',(0.,1.,0.));
#1839 = PCURVE('',#1694,#1840);
#1840 = DEFINITIONAL_REPRESENTATION('',(#1841),#1844);
#1841 = B_SPLINE_CURVE_WITH_KNOTS('',1,(#1842,#1843),.UNSPECIFIED.,.F.,
  .F.,(2,2),(9.90201999594,11.948326242617),.PIECEWISE_BEZIER_KNOTS.);
#1842 = CARTESIAN_POINT('',(5.,0.));
#1843 = CARTESIAN_POINT('',(4.,0.));
#1844 = ( GEOMETRIC_REPRESENTATION_CONTEXT(2) 
PARAMETRIC_REPRESENTATION_CONTEXT() REPRESENTATION_CONTEXT('2D SPACE',''
  ) );
#1845 = PCURVE('',#1846,#1851);
#1846 = PLANE('',#1847);
#1847 = AXIS2_PLACEMENT_3D('',#1848,#1849,#1850);
#1848 = CARTESIAN_POINT('',(6.,0.,-1.));
#1849 = DIRECTION('',(1.,0.,0.));
#1850 = DIRECTION('',(0.,0.,1.));
#1851 = DEFINITIONAL_REPRESENTATION('',(#1852),#1855);
#1852 = B_SPLINE_CURVE_WITH_KNOTS('',1,(#1853,#1854),.UNSPECIFIED.,.F.,
  .F.,(2,2),(0.,14.25),.PIECEWISE_BEZIER_KNOTS.);
#1853 = CARTESIAN_POINT('',(25.,0.));
#1854 = CARTESIAN_POINT('',(25.,-14.25));
#1855 = ( GEOMETRIC_REPRESENTATION_CONTEXT(2) 
PARAMETRIC_REPRESENTATION_CONTEXT() REPRESENTATION_CONTEXT('2D SPACE',''
  ) );
#1856 = ORIENTED_EDGE('',*,*,#1674,.T.);
#1857 = ORIENTED_EDGE('',*,*,#1858,.F.);
#1858 = EDGE_CURVE('',#1859,#1637,#1861,.T.);
#1859 = VERTEX_POINT('',#1860);
#1860 = CARTESIAN_POINT('',(8.580674987951,8.674675786449,
    46.650293673937));
#1861 = SURFACE_CURVE('',#1862,(#1877,#1884),.PCURVE_S1.);
#1862 = B_SPLINE_CURVE_WITH_KNOTS('',13,(#1863,#1864,#1865,#1866,#1867,
    #1868,#1869,#1870,#1871,#1872,#1873,#1874,#1875,#1876),
  .UNSPECIFIED.,.F.,.F.,(14,14),(4.,5.),.PIECEWISE_BEZIER_KNOTS.);
#1863 = CARTESIAN_POINT('',(8.580674987951,11.948326242617,
    46.650293673937));
#1864 = CARTESIAN_POINT('',(8.580674987951,11.565483456506,
    46.650293673937));
#1865 = CARTESIAN_POINT('',(8.580674987951,11.182640670395,
    46.650293673937));
#1866 = CARTESIAN_POINT('',(8.580674987951,10.799797884284,
    46.650293673937));
#1867 = CARTESIAN_POINT('',(8.580674987951,10.416955098173,
    46.650293673937));
#1868 = CARTESIAN_POINT('',(8.580674987951,10.034112312061,
    46.650293673937));
#1869 = CARTESIAN_POINT('',(8.580674987951,9.65126952595,46.650293673937
    ));
#1870 = CARTESIAN_POINT('',(8.580674987951,9.268426739839,
    46.650293673937));
#1871 = CARTESIAN_POINT('',(8.580674987951,8.885583953728,
    46.650293673937));
#1872 = CARTESIAN_POINT('',(8.580674987951,8.502741167617,
    46.650293673937));
#1873 = CARTESIAN_POINT('',(8.580674987951,8.119898381506,
    46.650293673937));
#1874 = CARTESIAN_POINT('',(8.580674987951,7.737055595395,
    46.650293673937));
#1875 = CARTESIAN_POINT('',(8.580674987951,7.354212809284,
    46.650293673937));
#1876 = CARTESIAN_POINT('',(8.580674987951,6.971370023173,
    46.650293673937));
#1877 = PCURVE('',#1694,#1878);
#1878 = DEFINITIONAL_REPRESENTATION('',(#1879),#1883);
#1879 = LINE('',#1880,#1881);
#1880 = CARTESIAN_POINT('',(0.,1.));
#1881 = VECTOR('',#1882,1.);
#1882 = DIRECTION('',(1.,0.));
#1883 = ( GEOMETRIC_REPRESENTATION_CONTEXT(2) 
PARAMETRIC_REPRESENTATION_CONTEXT() REPRESENTATION_CONTEXT('2D SPACE',''
  ) );
#1884 = PCURVE('',#1885,#1890);
#1885 = PLANE('',#1886);
#1886 = AXIS2_PLACEMENT_3D('',#1887,#1888,#1889);
#1887 = CARTESIAN_POINT('',(8.355723933607,0.,45.675923609152));
#1888 = DIRECTION('',(0.974370064785,0.,-0.224951054344));
#1889 = DIRECTION('',(0.224951054344,0.,0.974370064785));
#1890 = DEFINITIONAL_REPRESENTATION('',(#1891),#1906);
#1891 = B_SPLINE_CURVE_WITH_KNOTS('',13,(#1892,#1893,#1894,#1895,#1896,
    #1897,#1898,#1899,#1900,#1901,#1902,#1903,#1904,#1905),
  .UNSPECIFIED.,.F.,.F.,(14,14),(4.,5.),.PIECEWISE_BEZIER_KNOTS.);
#1892 = CARTESIAN_POINT('',(1.,-11.94832624261));
#1893 = CARTESIAN_POINT('',(1.,-11.5654834565));
#1894 = CARTESIAN_POINT('',(1.,-11.18264067039));
#1895 = CARTESIAN_POINT('',(1.,-10.79979788428));
#1896 = CARTESIAN_POINT('',(1.,-10.41695509817));
#1897 = CARTESIAN_POINT('',(1.,-10.03411231206));
#1898 = CARTESIAN_POINT('',(1.,-9.65126952595));
#1899 = CARTESIAN_POINT('',(1.,-9.268426739839));
#1900 = CARTESIAN_POINT('',(1.,-8.885583953728));
#1901 = CARTESIAN_POINT('',(1.,-8.502741167617));
#1902 = CARTESIAN_POINT('',(1.,-8.119898381506));
#1903 = CARTESIAN_POINT('',(1.,-7.737055595395));
#1904 = CARTESIAN_POINT('',(1.,-7.354212809284));
#1905 = CARTESIAN_POINT('',(1.,-6.971370023173));
#1906 = ( GEOMETRIC_REPRESENTATION_CONTEXT(2) 
PARAMETRIC_REPRESENTATION_CONTEXT() REPRESENTATION_CONTEXT('2D SPACE',''
  ) );
#1907 = ORIENTED_EDGE('',*,*,#1908,.F.);
#1908 = EDGE_CURVE('',#1909,#1859,#1911,.T.);
#1909 = VERTEX_POINT('',#1910);
#1910 = CARTESIAN_POINT('',(8.580674987951,11.948326242617,
    46.650293673937));
#1911 = SURFACE_CURVE('',#1912,(#1927,#1934),.PCURVE_S1.);
#1912 = B_SPLINE_CURVE_WITH_KNOTS('',13,(#1913,#1914,#1915,#1916,#1917,
    #1918,#1919,#1920,#1921,#1922,#1923,#1924,#1925,#1926),
  .UNSPECIFIED.,.F.,.F.,(14,14),(4.,5.),.PIECEWISE_BEZIER_KNOTS.);
#1913 = CARTESIAN_POINT('',(8.580674987951,11.948326242617,
    46.650293673937));
#1914 = CARTESIAN_POINT('',(8.580674987951,11.565483456506,
    46.650293673937));
#1915 = CARTESIAN_POINT('',(8.580674987951,11.182640670395,
    46.650293673937));
#1916 = CARTESIAN_POINT('',(8.580674987951,10.799797884284,
    46.650293673937));
#1917 = CARTESIAN_POINT('',(8.580674987951,10.416955098173,
    46.650293673937));
#1918 = CARTESIAN_POINT('',(8.580674987951,10.034112312061,
    46.650293673937));
#1919 = CARTESIAN_POINT('',(8.580674987951,9.65126952595,46.650293673937
    ));
#1920 = CARTESIAN_POINT('',(8.580674987951,9.268426739839,
    46.650293673937));
#1921 = CARTESIAN_POINT('',(8.580674987951,8.885583953728,
    46.650293673937));
#1922 = CARTESIAN_POINT('',(8.580674987951,8.502741167617,
    46.650293673937));
#1923 = CARTESIAN_POINT('',(8.580674987951,8.119898381506,
    46.650293673937));
#1924 = CARTESIAN_POINT('',(8.580674987951,7.737055595395,
    46.650293673937));
#1925 = CARTESIAN_POINT('',(8.580674987951,7.354212809284,
    46.650293673937));
#1926 = CARTESIAN_POINT('',(8.580674987951,6.971370023173,
    46.650293673937));
#1927 = PCURVE('',#1694,#1928);
#1928 = DEFINITIONAL_REPRESENTATION('',(#1929),#1933);
#1929 = LINE('',#1930,#1931);
#1930 = CARTESIAN_POINT('',(0.,1.));
#1931 = VECTOR('',#1932,1.);
#1932 = DIRECTION('',(1.,0.));
#1933 = ( GEOMETRIC_REPRESENTATION_CONTEXT(2) 
PARAMETRIC_REPRESENTATION_CONTEXT() REPRESENTATION_CONTEXT('2D SPACE',''
  ) );
#1934 = PCURVE('',#474,#1935);
#1935 = DEFINITIONAL_REPRESENTATION('',(#1936),#1951);
#1936 = B_SPLINE_CURVE_WITH_KNOTS('',13,(#1937,#1938,#1939,#1940,#1941,
    #1942,#1943,#1944,#1945,#1946,#1947,#1948,#1949,#1950),
  .UNSPECIFIED.,.F.,.F.,(14,14),(4.,5.),.PIECEWISE_BEZIER_KNOTS.);
#1937 = CARTESIAN_POINT('',(3.282250010926,12.569682894808));
#1938 = CARTESIAN_POINT('',(3.58735487786,12.338426286144));
#1939 = CARTESIAN_POINT('',(3.892459744793,12.107169677481));
#1940 = CARTESIAN_POINT('',(4.197564611727,11.875913068817));
#1941 = CARTESIAN_POINT('',(4.502669478661,11.644656460154));
#1942 = CARTESIAN_POINT('',(4.807774345594,11.41339985149));
#1943 = CARTESIAN_POINT('',(5.112879212528,11.182143242826));
#1944 = CARTESIAN_POINT('',(5.417984079462,10.950886634163));
#1945 = CARTESIAN_POINT('',(5.723088946395,10.719630025499));
#1946 = CARTESIAN_POINT('',(6.028193813329,10.488373416835));
#1947 = CARTESIAN_POINT('',(6.333298680263,10.257116808172));
#1948 = CARTESIAN_POINT('',(6.638403547197,10.025860199508));
#1949 = CARTESIAN_POINT('',(6.94350841413,9.794603590844));
#1950 = CARTESIAN_POINT('',(7.248613281064,9.563346982181));
#1951 = ( GEOMETRIC_REPRESENTATION_CONTEXT(2) 
PARAMETRIC_REPRESENTATION_CONTEXT() REPRESENTATION_CONTEXT('2D SPACE',''
  ) );
#1952 = ORIENTED_EDGE('',*,*,#1953,.F.);
#1953 = EDGE_CURVE('',#1832,#1909,#1954,.T.);
#1954 = SURFACE_CURVE('',#1955,(#1965,#1972),.PCURVE_S1.);
#1955 = ( BOUNDED_CURVE() B_SPLINE_CURVE(8,(#1956,#1957,#1958,#1959,
    #1960,#1961,#1962,#1963,#1964),.UNSPECIFIED.,.F.,.F.) 
B_SPLINE_CURVE_WITH_KNOTS((9,9),(0.,1.),.PIECEWISE_BEZIER_KNOTS.) CURVE(
) GEOMETRIC_REPRESENTATION_ITEM() RATIONAL_B_SPLINE_CURVE((1.,
    1.000000000001,0.999999999995,1.00000000001,0.999999999988,
1.00000000001,0.999999999995,1.000000000001,1.)) REPRESENTATION_ITEM(''
  ) );
#1956 = CARTESIAN_POINT('',(6.,11.948326242617,24.));
#1957 = CARTESIAN_POINT('',(6.000000834369,11.948326242602,
    26.867706977216));
#1958 = CARTESIAN_POINT('',(6.093338198146,11.94832624267,
    29.735357862204));
#1959 = CARTESIAN_POINT('',(6.280027876354,11.948326242515,
    32.582754423143));
#1960 = CARTESIAN_POINT('',(6.556808008469,11.948326242741,
    35.411652021651));
#1961 = CARTESIAN_POINT('',(6.923662006237,11.948326242515,
    38.22742859486));
#1962 = CARTESIAN_POINT('',(7.381099517718,11.94832624267,
    41.039212652257));
#1963 = CARTESIAN_POINT('',(7.935432430935,11.948326242601,
    43.85544504087));
#1964 = CARTESIAN_POINT('',(8.580674987951,11.948326242617,
    46.650293673937));
#1965 = PCURVE('',#1694,#1966);
#1966 = DEFINITIONAL_REPRESENTATION('',(#1967),#1971);
#1967 = LINE('',#1968,#1969);
#1968 = CARTESIAN_POINT('',(4.,0.));
#1969 = VECTOR('',#1970,1.);
#1970 = DIRECTION('',(0.,1.));
#1971 = ( GEOMETRIC_REPRESENTATION_CONTEXT(2) 
PARAMETRIC_REPRESENTATION_CONTEXT() REPRESENTATION_CONTEXT('2D SPACE',''
  ) );
#1972 = PCURVE('',#313,#1973);
#1973 = DEFINITIONAL_REPRESENTATION('',(#1974),#1978);
#1974 = LINE('',#1975,#1976);
#1975 = CARTESIAN_POINT('',(4.,0.));
#1976 = VECTOR('',#1977,1.);
#1977 = DIRECTION('',(0.,1.));
#1978 = ( GEOMETRIC_REPRESENTATION_CONTEXT(2) 
PARAMETRIC_REPRESENTATION_CONTEXT() REPRESENTATION_CONTEXT('2D SPACE',''
  ) );
#1979 = ADVANCED_FACE('',(#1980),#1885,.F.);
#1980 = FACE_BOUND('',#1981,.F.);
#1981 = EDGE_LOOP('',(#1982,#1983,#2011,#2039));
#1982 = ORIENTED_EDGE('',*,*,#1858,.F.);
#1983 = ORIENTED_EDGE('',*,*,#1984,.T.);
#1984 = EDGE_CURVE('',#1859,#1985,#1987,.T.);
#1985 = VERTEX_POINT('',#1986);
#1986 = CARTESIAN_POINT('',(13.079696074828,8.674675786449,
    66.137694969642));
#1987 = SURFACE_CURVE('',#1988,(#1992,#1999),.PCURVE_S1.);
#1988 = LINE('',#1989,#1990);
#1989 = CARTESIAN_POINT('',(8.580674987951,8.674675786449,
    46.650293673937));
#1990 = VECTOR('',#1991,1.);
#1991 = DIRECTION('',(0.224951054344,0.,0.974370064785));
#1992 = PCURVE('',#1885,#1993);
#1993 = DEFINITIONAL_REPRESENTATION('',(#1994),#1998);
#1994 = LINE('',#1995,#1996);
#1995 = CARTESIAN_POINT('',(1.,-8.674675786449));
#1996 = VECTOR('',#1997,1.);
#1997 = DIRECTION('',(1.,0.));
#1998 = ( GEOMETRIC_REPRESENTATION_CONTEXT(2) 
PARAMETRIC_REPRESENTATION_CONTEXT() REPRESENTATION_CONTEXT('2D SPACE',''
  ) );
#1999 = PCURVE('',#2000,#2005);
#2000 = CYLINDRICAL_SURFACE('',#2001,0.6);
#2001 = AXIS2_PLACEMENT_3D('',#2002,#2003,#2004);
#2002 = CARTESIAN_POINT('',(9.165297026822,8.674675786449,46.51532304133
    ));
#2003 = DIRECTION('',(0.224951054344,0.,0.974370064785));
#2004 = DIRECTION('',(0.589985543815,0.795841815271,-0.136208895291));
#2005 = DEFINITIONAL_REPRESENTATION('',(#2006),#2010);
#2006 = LINE('',#2007,#2008);
#2007 = CARTESIAN_POINT('',(2.22119607087,0.));
#2008 = VECTOR('',#2009,1.);
#2009 = DIRECTION('',(0.,1.));
#2010 = ( GEOMETRIC_REPRESENTATION_CONTEXT(2) 
PARAMETRIC_REPRESENTATION_CONTEXT() REPRESENTATION_CONTEXT('2D SPACE',''
  ) );
#2011 = ORIENTED_EDGE('',*,*,#2012,.F.);
#2012 = EDGE_CURVE('',#2013,#1985,#2015,.T.);
#2013 = VERTEX_POINT('',#2014);
#2014 = CARTESIAN_POINT('',(13.079696074828,6.971370023173,
    66.137694969642));
#2015 = SURFACE_CURVE('',#2016,(#2020,#2027),.PCURVE_S1.);
#2016 = LINE('',#2017,#2018);
#2017 = CARTESIAN_POINT('',(13.079696074828,0.,66.137694969642));
#2018 = VECTOR('',#2019,1.);
#2019 = DIRECTION('',(0.,1.,0.));
#2020 = PCURVE('',#1885,#2021);
#2021 = DEFINITIONAL_REPRESENTATION('',(#2022),#2026);
#2022 = LINE('',#2023,#2024);
#2023 = CARTESIAN_POINT('',(21.,0.));
#2024 = VECTOR('',#2025,1.);
#2025 = DIRECTION('',(0.,-1.));
#2026 = ( GEOMETRIC_REPRESENTATION_CONTEXT(2) 
PARAMETRIC_REPRESENTATION_CONTEXT() REPRESENTATION_CONTEXT('2D SPACE',''
  ) );
#2027 = PCURVE('',#2028,#2033);
#2028 = PLANE('',#2029);
#2029 = AXIS2_PLACEMENT_3D('',#2030,#2031,#2032);
#2030 = CARTESIAN_POINT('',(7.233475686117,0.,67.487401295705));
#2031 = DIRECTION('',(0.224951054344,0.,0.974370064785));
#2032 = DIRECTION('',(0.974370064785,0.,-0.224951054344));
#2033 = DEFINITIONAL_REPRESENTATION('',(#2034),#2038);
#2034 = LINE('',#2035,#2036);
#2035 = CARTESIAN_POINT('',(6.,0.));
#2036 = VECTOR('',#2037,1.);
#2037 = DIRECTION('',(0.,1.));
#2038 = ( GEOMETRIC_REPRESENTATION_CONTEXT(2) 
PARAMETRIC_REPRESENTATION_CONTEXT() REPRESENTATION_CONTEXT('2D SPACE',''
  ) );
#2039 = ORIENTED_EDGE('',*,*,#2040,.F.);
#2040 = EDGE_CURVE('',#1637,#2013,#2041,.T.);
#2041 = SURFACE_CURVE('',#2042,(#2046,#2053),.PCURVE_S1.);
#2042 = LINE('',#2043,#2044);
#2043 = CARTESIAN_POINT('',(8.580674987951,6.971370023173,
    46.650293673937));
#2044 = VECTOR('',#2045,1.);
#2045 = DIRECTION('',(0.224951054344,0.,0.974370064785));
#2046 = PCURVE('',#1885,#2047);
#2047 = DEFINITIONAL_REPRESENTATION('',(#2048),#2052);
#2048 = LINE('',#2049,#2050);
#2049 = CARTESIAN_POINT('',(1.,-6.971370023173));
#2050 = VECTOR('',#2051,1.);
#2051 = DIRECTION('',(1.,0.));
#2052 = ( GEOMETRIC_REPRESENTATION_CONTEXT(2) 
PARAMETRIC_REPRESENTATION_CONTEXT() REPRESENTATION_CONTEXT('2D SPACE',''
  ) );
#2053 = PCURVE('',#1663,#2054);
#2054 = DEFINITIONAL_REPRESENTATION('',(#2055),#2059);
#2055 = LINE('',#2056,#2057);
#2056 = CARTESIAN_POINT('',(-0.812755561369,0.));
#2057 = VECTOR('',#2058,1.);
#2058 = DIRECTION('',(-0.,1.));
#2059 = ( GEOMETRIC_REPRESENTATION_CONTEXT(2) 
PARAMETRIC_REPRESENTATION_CONTEXT() REPRESENTATION_CONTEXT('2D SPACE',''
  ) );
#2060 = ADVANCED_FACE('',(#2061),#2028,.T.);
#2061 = FACE_BOUND('',#2062,.T.);
#2062 = EDGE_LOOP('',(#2063,#2093,#2116,#2149,#2182,#2204,#2205,#2233));
#2063 = ORIENTED_EDGE('',*,*,#2064,.F.);
#2064 = EDGE_CURVE('',#2065,#2067,#2069,.T.);
#2065 = VERTEX_POINT('',#2066);
#2066 = CARTESIAN_POINT('',(1.387255297405,6.971370023173,
    68.837107621768));
#2067 = VERTEX_POINT('',#2068);
#2068 = CARTESIAN_POINT('',(1.204560910258,6.535659396725,
    68.879285944457));
#2069 = SURFACE_CURVE('',#2070,(#2075,#2086),.PCURVE_S1.);
#2070 = CIRCLE('',#2071,0.6);
#2071 = AXIS2_PLACEMENT_3D('',#2072,#2073,#2074);
#2072 = CARTESIAN_POINT('',(0.802633258534,6.971370023173,
    68.972078254374));
#2073 = DIRECTION('',(-0.224951054344,-0.,-0.974370064785));
#2074 = DIRECTION('',(0.,-1.,0.));
#2075 = PCURVE('',#2028,#2076);
#2076 = DEFINITIONAL_REPRESENTATION('',(#2077),#2085);
#2077 = ( BOUNDED_CURVE() B_SPLINE_CURVE(2,(#2078,#2079,#2080,#2081,
#2082,#2083,#2084),.UNSPECIFIED.,.T.,.F.) B_SPLINE_CURVE_WITH_KNOTS((1,2
    ,2,2,2,1),(-2.094395102393,0.,2.094395102393,4.188790204786,
6.28318530718,8.377580409573),.UNSPECIFIED.) CURVE() 
GEOMETRIC_REPRESENTATION_ITEM() RATIONAL_B_SPLINE_CURVE((1.,0.5,1.,0.5,
1.,0.5,1.)) REPRESENTATION_ITEM('') );
#2078 = CARTESIAN_POINT('',(-6.6,6.371370023173));
#2079 = CARTESIAN_POINT('',(-7.639230484541,6.371370023173));
#2080 = CARTESIAN_POINT('',(-7.119615242271,7.271370023173));
#2081 = CARTESIAN_POINT('',(-6.6,8.171370023173));
#2082 = CARTESIAN_POINT('',(-6.080384757729,7.271370023173));
#2083 = CARTESIAN_POINT('',(-5.560769515459,6.371370023173));
#2084 = CARTESIAN_POINT('',(-6.6,6.371370023173));
#2085 = ( GEOMETRIC_REPRESENTATION_CONTEXT(2) 
PARAMETRIC_REPRESENTATION_CONTEXT() REPRESENTATION_CONTEXT('2D SPACE',''
  ) );
#2086 = PCURVE('',#1215,#2087);
#2087 = DEFINITIONAL_REPRESENTATION('',(#2088),#2092);
#2088 = LINE('',#2089,#2090);
#2089 = CARTESIAN_POINT('',(4.712388980385,20.));
#2090 = VECTOR('',#2091,1.);
#2091 = DIRECTION('',(-1.,0.));
#2092 = ( GEOMETRIC_REPRESENTATION_CONTEXT(2) 
PARAMETRIC_REPRESENTATION_CONTEXT() REPRESENTATION_CONTEXT('2D SPACE',''
  ) );
#2093 = ORIENTED_EDGE('',*,*,#2094,.T.);
#2094 = EDGE_CURVE('',#2065,#2095,#2097,.T.);
#2095 = VERTEX_POINT('',#2096);
#2096 = CARTESIAN_POINT('',(1.387255297405,8.674675786449,
    68.837107621768));
#2097 = SURFACE_CURVE('',#2098,(#2102,#2109),.PCURVE_S1.);
#2098 = LINE('',#2099,#2100);
#2099 = CARTESIAN_POINT('',(1.387255297405,0.,68.837107621768));
#2100 = VECTOR('',#2101,1.);
#2101 = DIRECTION('',(0.,1.,0.));
#2102 = PCURVE('',#2028,#2103);
#2103 = DEFINITIONAL_REPRESENTATION('',(#2104),#2108);
#2104 = LINE('',#2105,#2106);
#2105 = CARTESIAN_POINT('',(-6.,0.));
#2106 = VECTOR('',#2107,1.);
#2107 = DIRECTION('',(0.,1.));
#2108 = ( GEOMETRIC_REPRESENTATION_CONTEXT(2) 
PARAMETRIC_REPRESENTATION_CONTEXT() REPRESENTATION_CONTEXT('2D SPACE',''
  ) );
#2109 = PCURVE('',#979,#2110);
#2110 = DEFINITIONAL_REPRESENTATION('',(#2111),#2115);
#2111 = LINE('',#2112,#2113);
#2112 = CARTESIAN_POINT('',(21.,0.));
#2113 = VECTOR('',#2114,1.);
#2114 = DIRECTION('',(0.,-1.));
#2115 = ( GEOMETRIC_REPRESENTATION_CONTEXT(2) 
PARAMETRIC_REPRESENTATION_CONTEXT() REPRESENTATION_CONTEXT('2D SPACE',''
  ) );
#2116 = ORIENTED_EDGE('',*,*,#2117,.F.);
#2117 = EDGE_CURVE('',#2118,#2095,#2120,.T.);
#2118 = VERTEX_POINT('',#2119);
#2119 = CARTESIAN_POINT('',(1.277466547812,9.024698567674,
    68.862454351792));
#2120 = SURFACE_CURVE('',#2121,(#2126,#2137),.PCURVE_S1.);
#2121 = CIRCLE('',#2122,0.6);
#2122 = AXIS2_PLACEMENT_3D('',#2123,#2124,#2125);
#2123 = CARTESIAN_POINT('',(0.802633258534,8.674675786449,
    68.972078254374));
#2124 = DIRECTION('',(-0.224951054344,-0.,-0.974370064785));
#2125 = DIRECTION('',(0.,-1.,0.));
#2126 = PCURVE('',#2028,#2127);
#2127 = DEFINITIONAL_REPRESENTATION('',(#2128),#2136);
#2128 = ( BOUNDED_CURVE() B_SPLINE_CURVE(2,(#2129,#2130,#2131,#2132,
#2133,#2134,#2135),.UNSPECIFIED.,.T.,.F.) B_SPLINE_CURVE_WITH_KNOTS((1,2
    ,2,2,2,1),(-2.094395102393,0.,2.094395102393,4.188790204786,
6.28318530718,8.377580409573),.UNSPECIFIED.) CURVE() 
GEOMETRIC_REPRESENTATION_ITEM() RATIONAL_B_SPLINE_CURVE((1.,0.5,1.,0.5,
1.,0.5,1.)) REPRESENTATION_ITEM('') );
#2129 = CARTESIAN_POINT('',(-6.6,8.074675786449));
#2130 = CARTESIAN_POINT('',(-7.639230484541,8.074675786449));
#2131 = CARTESIAN_POINT('',(-7.119615242271,8.974675786449));
#2132 = CARTESIAN_POINT('',(-6.6,9.874675786449));
#2133 = CARTESIAN_POINT('',(-6.080384757729,8.974675786449));
#2134 = CARTESIAN_POINT('',(-5.560769515459,8.074675786449));
#2135 = CARTESIAN_POINT('',(-6.6,8.074675786449));
#2136 = ( GEOMETRIC_REPRESENTATION_CONTEXT(2) 
PARAMETRIC_REPRESENTATION_CONTEXT() REPRESENTATION_CONTEXT('2D SPACE',''
  ) );
#2137 = PCURVE('',#2138,#2143);
#2138 = CYLINDRICAL_SURFACE('',#2139,0.6);
#2139 = AXIS2_PLACEMENT_3D('',#2140,#2141,#2142);
#2140 = CARTESIAN_POINT('',(-3.696387828343,8.674675786449,
    49.48467695867));
#2141 = DIRECTION('',(0.224951054344,0.,0.974370064785));
#2142 = DIRECTION('',(-0.589985543815,0.795841815271,0.136208895291));
#2143 = DEFINITIONAL_REPRESENTATION('',(#2144),#2148);
#2144 = LINE('',#2145,#2146);
#2145 = CARTESIAN_POINT('',(2.491192909515,20.));
#2146 = VECTOR('',#2147,1.);
#2147 = DIRECTION('',(-1.,0.));
#2148 = ( GEOMETRIC_REPRESENTATION_CONTEXT(2) 
PARAMETRIC_REPRESENTATION_CONTEXT() REPRESENTATION_CONTEXT('2D SPACE',''
  ) );
#2149 = ORIENTED_EDGE('',*,*,#2150,.F.);
#2150 = EDGE_CURVE('',#2151,#2118,#2153,.T.);
#2151 = VERTEX_POINT('',#2152);
#2152 = CARTESIAN_POINT('',(13.189484824422,9.024698567674,
    66.112348239617));
#2153 = SURFACE_CURVE('',#2154,(#2159,#2170),.PCURVE_S1.);
#2154 = CIRCLE('',#2155,10.9);
#2155 = AXIS2_PLACEMENT_3D('',#2156,#2157,#2158);
#2156 = CARTESIAN_POINT('',(7.233475686117,0.,67.487401295705));
#2157 = DIRECTION('',(-0.224951054344,1.08246744901E-15,-0.974370064785)
  );
#2158 = DIRECTION('',(0.546422856725,0.827953997034,-0.126151656522));
#2159 = PCURVE('',#2028,#2160);
#2160 = DEFINITIONAL_REPRESENTATION('',(#2161),#2169);
#2161 = ( BOUNDED_CURVE() B_SPLINE_CURVE(2,(#2162,#2163,#2164,#2165,
#2166,#2167,#2168),.UNSPECIFIED.,.T.,.F.) B_SPLINE_CURVE_WITH_KNOTS((1,2
    ,2,2,2,1),(-2.094395102393,0.,2.094395102393,4.188790204786,
6.28318530718,8.377580409573),.UNSPECIFIED.) CURVE() 
GEOMETRIC_REPRESENTATION_ITEM() RATIONAL_B_SPLINE_CURVE((1.,0.5,1.,0.5,
1.,0.5,1.)) REPRESENTATION_ITEM('') );
#2162 = CARTESIAN_POINT('',(6.112676644697,9.024698567674));
#2163 = CARTESIAN_POINT('',(21.743913086902,-1.562767951181));
#2164 = CARTESIAN_POINT('',(4.759279898754,-9.806082543264));
#2165 = CARTESIAN_POINT('',(-12.22535328939,-18.04939713534));
#2166 = CARTESIAN_POINT('',(-10.87195654345,0.781383975591));
#2167 = CARTESIAN_POINT('',(-9.518559797508,19.612165086529));
#2168 = CARTESIAN_POINT('',(6.112676644697,9.024698567674));
#2169 = ( GEOMETRIC_REPRESENTATION_CONTEXT(2) 
PARAMETRIC_REPRESENTATION_CONTEXT() REPRESENTATION_CONTEXT('2D SPACE',''
  ) );
#2170 = PCURVE('',#2171,#2176);
#2171 = CONICAL_SURFACE('',#2172,11.5,0.785398163397);
#2172 = AXIS2_PLACEMENT_3D('',#2173,#2174,#2175);
#2173 = CARTESIAN_POINT('',(7.09850505351,0.,66.902779256834));
#2174 = DIRECTION('',(-0.224951054344,-0.,-0.974370064785));
#2175 = DIRECTION('',(0.974370064785,0.,-0.224951054344));
#2176 = DEFINITIONAL_REPRESENTATION('',(#2177),#2181);
#2177 = LINE('',#2178,#2179);
#2178 = CARTESIAN_POINT('',(-7.258634713481,-0.6));
#2179 = VECTOR('',#2180,1.);
#2180 = DIRECTION('',(1.,-0.));
#2181 = ( GEOMETRIC_REPRESENTATION_CONTEXT(2) 
PARAMETRIC_REPRESENTATION_CONTEXT() REPRESENTATION_CONTEXT('2D SPACE',''
  ) );
#2182 = ORIENTED_EDGE('',*,*,#2183,.T.);
#2183 = EDGE_CURVE('',#2151,#1985,#2184,.T.);
#2184 = SURFACE_CURVE('',#2185,(#2190,#2197),.PCURVE_S1.);
#2185 = CIRCLE('',#2186,0.6);
#2186 = AXIS2_PLACEMENT_3D('',#2187,#2188,#2189);
#2187 = CARTESIAN_POINT('',(13.664318113699,8.674675786449,
    66.002724337035));
#2188 = DIRECTION('',(0.224951054344,0.,0.974370064785));
#2189 = DIRECTION('',(0.,-1.,0.));
#2190 = PCURVE('',#2028,#2191);
#2191 = DEFINITIONAL_REPRESENTATION('',(#2192),#2196);
#2192 = CIRCLE('',#2193,0.6);
#2193 = AXIS2_PLACEMENT_2D('',#2194,#2195);
#2194 = CARTESIAN_POINT('',(6.6,8.674675786449));
#2195 = DIRECTION('',(0.,-1.));
#2196 = ( GEOMETRIC_REPRESENTATION_CONTEXT(2) 
PARAMETRIC_REPRESENTATION_CONTEXT() REPRESENTATION_CONTEXT('2D SPACE',''
  ) );
#2197 = PCURVE('',#2000,#2198);
#2198 = DEFINITIONAL_REPRESENTATION('',(#2199),#2203);
#2199 = LINE('',#2200,#2201);
#2200 = CARTESIAN_POINT('',(-2.491192909515,20.));
#2201 = VECTOR('',#2202,1.);
#2202 = DIRECTION('',(1.,0.));
#2203 = ( GEOMETRIC_REPRESENTATION_CONTEXT(2) 
PARAMETRIC_REPRESENTATION_CONTEXT() REPRESENTATION_CONTEXT('2D SPACE',''
  ) );
#2204 = ORIENTED_EDGE('',*,*,#2012,.F.);
#2205 = ORIENTED_EDGE('',*,*,#2206,.F.);
#2206 = EDGE_CURVE('',#2207,#2013,#2209,.T.);
#2207 = VERTEX_POINT('',#2208);
#2208 = CARTESIAN_POINT('',(13.262390461975,6.535659396725,
    66.095516646952));
#2209 = SURFACE_CURVE('',#2210,(#2215,#2226),.PCURVE_S1.);
#2210 = CIRCLE('',#2211,0.6);
#2211 = AXIS2_PLACEMENT_3D('',#2212,#2213,#2214);
#2212 = CARTESIAN_POINT('',(13.664318113699,6.971370023173,
    66.002724337035));
#2213 = DIRECTION('',(-0.224951054344,-0.,-0.974370064785));
#2214 = DIRECTION('',(0.,-1.,0.));
#2215 = PCURVE('',#2028,#2216);
#2216 = DEFINITIONAL_REPRESENTATION('',(#2217),#2225);
#2217 = ( BOUNDED_CURVE() B_SPLINE_CURVE(2,(#2218,#2219,#2220,#2221,
#2222,#2223,#2224),.UNSPECIFIED.,.T.,.F.) B_SPLINE_CURVE_WITH_KNOTS((1,2
    ,2,2,2,1),(-2.094395102393,0.,2.094395102393,4.188790204786,
6.28318530718,8.377580409573),.UNSPECIFIED.) CURVE() 
GEOMETRIC_REPRESENTATION_ITEM() RATIONAL_B_SPLINE_CURVE((1.,0.5,1.,0.5,
1.,0.5,1.)) REPRESENTATION_ITEM('') );
#2218 = CARTESIAN_POINT('',(6.6,6.371370023173));
#2219 = CARTESIAN_POINT('',(5.560769515459,6.371370023173));
#2220 = CARTESIAN_POINT('',(6.080384757729,7.271370023173));
#2221 = CARTESIAN_POINT('',(6.6,8.171370023173));
#2222 = CARTESIAN_POINT('',(7.119615242271,7.271370023173));
#2223 = CARTESIAN_POINT('',(7.639230484541,6.371370023173));
#2224 = CARTESIAN_POINT('',(6.6,6.371370023173));
#2225 = ( GEOMETRIC_REPRESENTATION_CONTEXT(2) 
PARAMETRIC_REPRESENTATION_CONTEXT() REPRESENTATION_CONTEXT('2D SPACE',''
  ) );
#2226 = PCURVE('',#1663,#2227);
#2227 = DEFINITIONAL_REPRESENTATION('',(#2228),#2232);
#2228 = LINE('',#2229,#2230);
#2229 = CARTESIAN_POINT('',(0.758040765426,20.));
#2230 = VECTOR('',#2231,1.);
#2231 = DIRECTION('',(-1.,0.));
#2232 = ( GEOMETRIC_REPRESENTATION_CONTEXT(2) 
PARAMETRIC_REPRESENTATION_CONTEXT() REPRESENTATION_CONTEXT('2D SPACE',''
  ) );
#2233 = ORIENTED_EDGE('',*,*,#2234,.T.);
#2234 = EDGE_CURVE('',#2207,#2067,#2235,.T.);
#2235 = SURFACE_CURVE('',#2236,(#2241,#2252),.PCURVE_S1.);
#2236 = CIRCLE('',#2237,9.);
#2237 = AXIS2_PLACEMENT_3D('',#2238,#2239,#2240);
#2238 = CARTESIAN_POINT('',(7.233475686117,0.,67.487401295705));
#2239 = DIRECTION('',(-0.224951054344,0.,-0.974370064785));
#2240 = DIRECTION('',(0.64958004319,0.7453559925,-0.149967369563));
#2241 = PCURVE('',#2028,#2242);
#2242 = DEFINITIONAL_REPRESENTATION('',(#2243),#2251);
#2243 = ( BOUNDED_CURVE() B_SPLINE_CURVE(2,(#2244,#2245,#2246,#2247,
#2248,#2249,#2250),.UNSPECIFIED.,.T.,.F.) B_SPLINE_CURVE_WITH_KNOTS((1,2
    ,2,2,2,1),(-2.094395102393,0.,2.094395102393,4.188790204786,
6.28318530718,8.377580409573),.UNSPECIFIED.) CURVE() 
GEOMETRIC_REPRESENTATION_ITEM() RATIONAL_B_SPLINE_CURVE((1.,0.5,1.,0.5,
1.,0.5,1.)) REPRESENTATION_ITEM('') );
#2244 = CARTESIAN_POINT('',(6.,6.708203932499));
#2245 = CARTESIAN_POINT('',(17.618950038622,-3.684100912914));
#2246 = CARTESIAN_POINT('',(2.809475019311,-8.550254388956));
#2247 = CARTESIAN_POINT('',(-12.,-13.41640786499));
#2248 = CARTESIAN_POINT('',(-8.809475019311,1.842050456457));
#2249 = CARTESIAN_POINT('',(-5.618950038622,17.100508777913));
#2250 = CARTESIAN_POINT('',(6.,6.708203932499));
#2251 = ( GEOMETRIC_REPRESENTATION_CONTEXT(2) 
PARAMETRIC_REPRESENTATION_CONTEXT() REPRESENTATION_CONTEXT('2D SPACE',''
  ) );
#2252 = PCURVE('',#1439,#2253);
#2253 = DEFINITIONAL_REPRESENTATION('',(#2254),#2258);
#2254 = LINE('',#2255,#2256);
#2255 = CARTESIAN_POINT('',(7.124253977748,21.));
#2256 = VECTOR('',#2257,1.);
#2257 = DIRECTION('',(-1.,-0.));
#2258 = ( GEOMETRIC_REPRESENTATION_CONTEXT(2) 
PARAMETRIC_REPRESENTATION_CONTEXT() REPRESENTATION_CONTEXT('2D SPACE',''
  ) );
#2259 = ADVANCED_FACE('',(#2260),#2171,.T.);
#2260 = FACE_BOUND('',#2261,.T.);
#2261 = EDGE_LOOP('',(#2262,#2293,#2371,#2372));
#2262 = ORIENTED_EDGE('',*,*,#2263,.F.);
#2263 = EDGE_CURVE('',#2264,#2266,#2268,.T.);
#2264 = VERTEX_POINT('',#2265);
#2265 = CARTESIAN_POINT('',(13.883338807382,9.152180875611,
    65.33637696099));
#2266 = VERTEX_POINT('',#2267);
#2267 = CARTESIAN_POINT('',(0.313671299639,9.152180875611,
    68.469181552678));
#2268 = SURFACE_CURVE('',#2269,(#2274,#2281),.PCURVE_S1.);
#2269 = CIRCLE('',#2270,11.5);
#2270 = AXIS2_PLACEMENT_3D('',#2271,#2272,#2273);
#2271 = CARTESIAN_POINT('',(7.09850505351,0.,66.902779256834));
#2272 = DIRECTION('',(-0.224951054344,1.804112415016E-16,-0.974370064785
    ));
#2273 = DIRECTION('',(0.589985543815,0.795841815271,-0.136208895291));
#2274 = PCURVE('',#2171,#2275);
#2275 = DEFINITIONAL_REPRESENTATION('',(#2276),#2280);
#2276 = LINE('',#2277,#2278);
#2277 = CARTESIAN_POINT('',(-7.2035818899,-0.));
#2278 = VECTOR('',#2279,1.);
#2279 = DIRECTION('',(1.,-0.));
#2280 = ( GEOMETRIC_REPRESENTATION_CONTEXT(2) 
PARAMETRIC_REPRESENTATION_CONTEXT() REPRESENTATION_CONTEXT('2D SPACE',''
  ) );
#2281 = PCURVE('',#2282,#2287);
#2282 = CYLINDRICAL_SURFACE('',#2283,11.5);
#2283 = AXIS2_PLACEMENT_3D('',#2284,#2285,#2286);
#2284 = CARTESIAN_POINT('',(2.734454599239,0.,48.));
#2285 = DIRECTION('',(0.224951054344,0.,0.974370064785));
#2286 = DIRECTION('',(0.974370064785,0.,-0.224951054344));
#2287 = DEFINITIONAL_REPRESENTATION('',(#2288),#2292);
#2288 = LINE('',#2289,#2290);
#2289 = CARTESIAN_POINT('',(7.2035818899,19.4));
#2290 = VECTOR('',#2291,1.);
#2291 = DIRECTION('',(-1.,-0.));
#2292 = ( GEOMETRIC_REPRESENTATION_CONTEXT(2) 
PARAMETRIC_REPRESENTATION_CONTEXT() REPRESENTATION_CONTEXT('2D SPACE',''
  ) );
#2293 = ORIENTED_EDGE('',*,*,#2294,.T.);
#2294 = EDGE_CURVE('',#2264,#2151,#2295,.T.);
#2295 = SURFACE_CURVE('',#2296,(#2319,#2345),.PCURVE_S1.);
#2296 = B_SPLINE_CURVE_WITH_KNOTS('',6,(#2297,#2298,#2299,#2300,#2301,
    #2302,#2303,#2304,#2305,#2306,#2307,#2308,#2309,#2310,#2311,#2312,
    #2313,#2314,#2315,#2316,#2317,#2318),.UNSPECIFIED.,.F.,.F.,(7,5,5,5,
    7),(0.,0.196675599291,0.325070818677,0.643746402689,1.),
  .UNSPECIFIED.);
#2297 = CARTESIAN_POINT('',(13.883338807382,9.152180875611,
    65.33637696099));
#2298 = CARTESIAN_POINT('',(13.853581429137,9.175416878184,
    65.343246993078));
#2299 = CARTESIAN_POINT('',(13.822703740005,9.196317284617,
    65.353240645611));
#2300 = CARTESIAN_POINT('',(13.791167859593,9.214516742175,
    65.366255150071));
#2301 = CARTESIAN_POINT('',(13.759432682564,9.229869524722,
    65.382001211819));
#2302 = CARTESIAN_POINT('',(13.727889914023,9.242388766439,
    65.400114768865));
#2303 = CARTESIAN_POINT('',(13.676594019086,9.258579230122,
    65.433338714065));
#2304 = CARTESIAN_POINT('',(13.656540987976,9.263815992422,
    65.447314187351));
#2305 = CARTESIAN_POINT('',(13.63677213761,9.267927417179,
    65.462045275125));
#2306 = CARTESIAN_POINT('',(13.617346005951,9.270960312433,
    65.477438946854));
#2307 = CARTESIAN_POINT('',(13.598305230643,9.272968135651,
    65.49341081949));
#2308 = CARTESIAN_POINT('',(13.533447734275,9.276573549741,
    65.550789908001));
#2309 = CARTESIAN_POINT('',(13.489814777084,9.273150987964,
    65.594771778174));
#2310 = CARTESIAN_POINT('',(13.449126811131,9.264574283523,
    65.640805837776));
#2311 = CARTESIAN_POINT('',(13.411504845297,9.251584911411,
    65.688144251983));
#2312 = CARTESIAN_POINT('',(13.376933649668,9.234776723658,
    65.736287599057));
#2313 = CARTESIAN_POINT('',(13.310045252655,9.191928068971,
    65.839354245722));
#2314 = CARTESIAN_POINT('',(13.278512677413,9.165057622396,
    65.894348641466));
#2315 = CARTESIAN_POINT('',(13.250693944756,9.134530359133,
    65.949472797844));
#2316 = CARTESIAN_POINT('',(13.226570059365,9.100763470149,
    66.004374841051));
#2317 = CARTESIAN_POINT('',(13.206142915462,9.064080579773,
    66.058758137444));
#2318 = CARTESIAN_POINT('',(13.189484618212,9.024698080166,
    66.112348903007));
#2319 = PCURVE('',#2171,#2320);
#2320 = DEFINITIONAL_REPRESENTATION('',(#2321),#2344);
#2321 = B_SPLINE_CURVE_WITH_KNOTS('',6,(#2322,#2323,#2324,#2325,#2326,
    #2327,#2328,#2329,#2330,#2331,#2332,#2333,#2334,#2335,#2336,#2337,
    #2338,#2339,#2340,#2341,#2342,#2343),.UNSPECIFIED.,.F.,.F.,(7,5,5,5,
    7),(0.,0.196675599291,0.325070818677,0.643746402689,0.999999265001),
  .UNSPECIFIED.);
#2322 = CARTESIAN_POINT('',(-7.2035818899,0.));
#2323 = CARTESIAN_POINT('',(-7.206918812536,-1.598557277764E-16));
#2324 = CARTESIAN_POINT('',(-7.210256928892,-2.791547140684E-03));
#2325 = CARTESIAN_POINT('',(-7.21354795591,-8.378461145641E-03));
#2326 = CARTESIAN_POINT('',(-7.216752493973,-1.658209081858E-02));
#2327 = CARTESIAN_POINT('',(-7.219841478558,-2.713581953103E-02));
#2328 = CARTESIAN_POINT('',(-7.224722608411,-4.796917151889E-02));
#2329 = CARTESIAN_POINT('',(-7.226593491689,-5.707550383897E-02));
#2330 = CARTESIAN_POINT('',(-7.228402715349,-6.698201105431E-02));
#2331 = CARTESIAN_POINT('',(-7.230147483818,-7.761121517605E-02));
#2332 = CARTESIAN_POINT('',(-7.23182640794,-8.889048726981E-02));
#2333 = CARTESIAN_POINT('',(-7.237441763585,-0.130209191269));
#2334 = CARTESIAN_POINT('',(-7.241032423484,-0.163248529235));
#2335 = CARTESIAN_POINT('',(-7.244213981042,-0.198949938031));
#2336 = CARTESIAN_POINT('',(-7.247000595297,-0.236611970869));
#2337 = CARTESIAN_POINT('',(-7.249410485961,-0.275744580169));
#2338 = CARTESIAN_POINT('',(-7.253748523322,-0.361122926949));
#2339 = CARTESIAN_POINT('',(-7.255583853878,-0.407614434986));
#2340 = CARTESIAN_POINT('',(-7.256984690661,-0.455067807694));
#2341 = CARTESIAN_POINT('',(-7.257959777266,-0.50313591866));
#2342 = CARTESIAN_POINT('',(-7.258512278827,-0.551530164597));
#2343 = CARTESIAN_POINT('',(-7.258634713481,-0.6));
#2344 = ( GEOMETRIC_REPRESENTATION_CONTEXT(2) 
PARAMETRIC_REPRESENTATION_CONTEXT() REPRESENTATION_CONTEXT('2D SPACE',''
  ) );
#2345 = PCURVE('',#2000,#2346);
#2346 = DEFINITIONAL_REPRESENTATION('',(#2347),#2370);
#2347 = B_SPLINE_CURVE_WITH_KNOTS('',6,(#2348,#2349,#2350,#2351,#2352,
    #2353,#2354,#2355,#2356,#2357,#2358,#2359,#2360,#2361,#2362,#2363,
    #2364,#2365,#2366,#2367,#2368,#2369),.UNSPECIFIED.,.F.,.F.,(7,5,5,5,
    7),(0.,0.196675599291,0.325070818677,0.643746402689,1.),
  .UNSPECIFIED.);
#2348 = CARTESIAN_POINT('',(0.,19.4));
#2349 = CARTESIAN_POINT('',(6.395768385095E-02,19.4));
#2350 = CARTESIAN_POINT('',(0.127938157079,19.402791547141));
#2351 = CARTESIAN_POINT('',(0.1914163937,19.408378461146));
#2352 = CARTESIAN_POINT('',(0.254036281227,19.416582090819));
#2353 = CARTESIAN_POINT('',(0.315535793718,19.427135819531));
#2354 = CARTESIAN_POINT('',(0.415023396678,19.447969171519));
#2355 = CARTESIAN_POINT('',(0.453778227563,19.457075503839));
#2356 = CARTESIAN_POINT('',(0.491962445639,19.466982011054));
#2357 = CARTESIAN_POINT('',(0.529565273808,19.477611215176));
#2358 = CARTESIAN_POINT('',(0.566591814771,19.48889048727));
#2359 = CARTESIAN_POINT('',(0.693571891337,19.530209191269));
#2360 = CARTESIAN_POINT('',(0.780552226328,19.563248529235));
#2361 = CARTESIAN_POINT('',(0.864448693697,19.598949938031));
#2362 = CARTESIAN_POINT('',(0.94566834046,19.636611970869));
#2363 = CARTESIAN_POINT('',(1.024648039597,19.675744580169));
#2364 = CARTESIAN_POINT('',(1.188315389756,19.761123019926));
#2365 = CARTESIAN_POINT('',(1.272484513288,19.807614626823));
#2366 = CARTESIAN_POINT('',(1.355087259927,19.855068101403));
#2367 = CARTESIAN_POINT('',(1.436606068181,19.903136315345));
#2368 = CARTESIAN_POINT('',(1.517509899689,19.951530663817));
#2369 = CARTESIAN_POINT('',(1.598323738964,20.0000006));
#2370 = ( GEOMETRIC_REPRESENTATION_CONTEXT(2) 
PARAMETRIC_REPRESENTATION_CONTEXT() REPRESENTATION_CONTEXT('2D SPACE',''
  ) );
#2371 = ORIENTED_EDGE('',*,*,#2150,.T.);
#2372 = ORIENTED_EDGE('',*,*,#2373,.F.);
#2373 = EDGE_CURVE('',#2266,#2118,#2374,.T.);
#2374 = SURFACE_CURVE('',#2375,(#2398,#2424),.PCURVE_S1.);
#2375 = B_SPLINE_CURVE_WITH_KNOTS('',6,(#2376,#2377,#2378,#2379,#2380,
    #2381,#2382,#2383,#2384,#2385,#2386,#2387,#2388,#2389,#2390,#2391,
    #2392,#2393,#2394,#2395,#2396,#2397),.UNSPECIFIED.,.F.,.F.,(7,5,5,5,
    7),(0.,0.196675743891,0.325071057676,0.643746875987,1.),
  .UNSPECIFIED.);
#2376 = CARTESIAN_POINT('',(0.313671299639,9.152180875611,
    68.469181552678));
#2377 = CARTESIAN_POINT('',(0.343428677884,9.175416878184,68.46231152059
    ));
#2378 = CARTESIAN_POINT('',(0.375562289961,9.196317284617,
    68.457757867993));
#2379 = CARTESIAN_POINT('',(0.409611734765,9.214516742175,
    68.455630807055));
#2380 = CARTESIAN_POINT('',(0.445037742083,9.229869524722,
    68.455871487659));
#2381 = CARTESIAN_POINT('',(0.481328655425,9.242388766439,
    68.458324405271));
#2382 = CARTESIAN_POINT('',(0.541997519353,9.258579230122,
    68.465699249123));
#2383 = CARTESIAN_POINT('',(0.566147508577,9.263815992422,
    68.469469651062));
#2384 = CARTESIAN_POINT('',(0.590373317428,9.267927417179,
    68.474043771443));
#2385 = CARTESIAN_POINT('',(0.614581550436,9.270960312433,
    68.479363656331));
#2386 = CARTESIAN_POINT('',(0.638696894043,9.272968135651,
    68.485372153857));
#2387 = CARTESIAN_POINT('',(0.722143762469,9.276573549741,
    68.508512481931));
#2388 = CARTESIAN_POINT('',(0.780641187479,9.273150987964,
    68.528915695507));
#2389 = CARTESIAN_POINT('',(0.837391292534,9.264574283523,
    68.552454403908));
#2390 = CARTESIAN_POINT('',(0.891957486358,9.251584911411,
    68.578509504452));
#2391 = CARTESIAN_POINT('',(0.94413452543,9.234776723658,68.606625443497
    ));
#2392 = CARTESIAN_POINT('',(1.049434747819,9.191928115648,
    68.669939119616));
#2393 = CARTESIAN_POINT('',(1.101883893339,9.165057733272,
    68.705544705975));
#2394 = CARTESIAN_POINT('',(1.151051956363,9.134530548073,
    68.742894955542));
#2395 = CARTESIAN_POINT('',(1.196801759285,9.100763748835,
    68.781665280987));
#2396 = CARTESIAN_POINT('',(1.23900156482,9.064080958261,68.82158990156)
  );
#2397 = CARTESIAN_POINT('',(1.277466547812,9.024698567674,
    68.862454351792));
#2398 = PCURVE('',#2171,#2399);
#2399 = DEFINITIONAL_REPRESENTATION('',(#2400),#2423);
#2400 = B_SPLINE_CURVE_WITH_KNOTS('',6,(#2401,#2402,#2403,#2404,#2405,
    #2406,#2407,#2408,#2409,#2410,#2411,#2412,#2413,#2414,#2415,#2416,
    #2417,#2418,#2419,#2420,#2421,#2422),.UNSPECIFIED.,.F.,.F.,(7,5,5,5,
    7),(0.,0.196675743891,0.325071057676,0.643746875987,1.),
  .UNSPECIFIED.);
#2401 = CARTESIAN_POINT('',(-2.22119607087,0.));
#2402 = CARTESIAN_POINT('',(-2.217859148234,-5.976566234085E-18));
#2403 = CARTESIAN_POINT('',(-2.214521031878,-2.791547140679E-03));
#2404 = CARTESIAN_POINT('',(-2.211230004859,-8.378461145654E-03));
#2405 = CARTESIAN_POINT('',(-2.208025466796,-1.658209081857E-02));
#2406 = CARTESIAN_POINT('',(-2.204936482211,-2.713581953103E-02));
#2407 = CARTESIAN_POINT('',(-2.200055352358,-4.796917151889E-02));
#2408 = CARTESIAN_POINT('',(-2.198184469081,-5.707550383897E-02));
#2409 = CARTESIAN_POINT('',(-2.196375245421,-6.69820110543E-02));
#2410 = CARTESIAN_POINT('',(-2.194630476951,-7.761121517605E-02));
#2411 = CARTESIAN_POINT('',(-2.192951552829,-8.889048726981E-02));
#2412 = CARTESIAN_POINT('',(-2.187336197185,-0.130209191269));
#2413 = CARTESIAN_POINT('',(-2.183745537286,-0.163248529235));
#2414 = CARTESIAN_POINT('',(-2.180563979727,-0.198949938031));
#2415 = CARTESIAN_POINT('',(-2.177777365472,-0.236611970869));
#2416 = CARTESIAN_POINT('',(-2.175367474808,-0.275744580169));
#2417 = CARTESIAN_POINT('',(-2.171029437448,-0.36112292692));
#2418 = CARTESIAN_POINT('',(-2.16919410689,-0.407614434991));
#2419 = CARTESIAN_POINT('',(-2.167793270109,-0.455067807699));
#2420 = CARTESIAN_POINT('',(-2.166818183506,-0.503135918618));
#2421 = CARTESIAN_POINT('',(-2.166265681943,-0.5515301645));
#2422 = CARTESIAN_POINT('',(-2.166143247288,-0.6));
#2423 = ( GEOMETRIC_REPRESENTATION_CONTEXT(2) 
PARAMETRIC_REPRESENTATION_CONTEXT() REPRESENTATION_CONTEXT('2D SPACE',''
  ) );
#2424 = PCURVE('',#2138,#2425);
#2425 = DEFINITIONAL_REPRESENTATION('',(#2426),#2449);
#2426 = B_SPLINE_CURVE_WITH_KNOTS('',6,(#2427,#2428,#2429,#2430,#2431,
    #2432,#2433,#2434,#2435,#2436,#2437,#2438,#2439,#2440,#2441,#2442,
    #2443,#2444,#2445,#2446,#2447,#2448),.UNSPECIFIED.,.F.,.F.,(7,5,5,5,
    7),(0.,0.196675743891,0.325071057676,0.643746875987,1.),
  .UNSPECIFIED.);
#2427 = CARTESIAN_POINT('',(1.7763568394E-15,19.4));
#2428 = CARTESIAN_POINT('',(-6.395768385098E-02,19.4));
#2429 = CARTESIAN_POINT('',(-0.127938157079,19.402791547141));
#2430 = CARTESIAN_POINT('',(-0.1914163937,19.408378461146));
#2431 = CARTESIAN_POINT('',(-0.254036281227,19.416582090819));
#2432 = CARTESIAN_POINT('',(-0.315535793718,19.427135819531));
#2433 = CARTESIAN_POINT('',(-0.415023396678,19.447969171519));
#2434 = CARTESIAN_POINT('',(-0.453778227563,19.457075503839));
#2435 = CARTESIAN_POINT('',(-0.491962445639,19.466982011054));
#2436 = CARTESIAN_POINT('',(-0.529565273808,19.477611215176));
#2437 = CARTESIAN_POINT('',(-0.566591814771,19.48889048727));
#2438 = CARTESIAN_POINT('',(-0.693571891337,19.530209191269));
#2439 = CARTESIAN_POINT('',(-0.780552226328,19.563248529235));
#2440 = CARTESIAN_POINT('',(-0.864448693697,19.598949938031));
#2441 = CARTESIAN_POINT('',(-0.94566834046,19.636611970869));
#2442 = CARTESIAN_POINT('',(-1.024648039597,19.675744580169));
#2443 = CARTESIAN_POINT('',(-1.188315211467,19.76112292692));
#2444 = CARTESIAN_POINT('',(-1.272484165993,19.807614434991));
#2445 = CARTESIAN_POINT('',(-1.355086748683,19.855067807699));
#2446 = CARTESIAN_POINT('',(-1.436605395358,19.903135918618));
#2447 = CARTESIAN_POINT('',(-1.517509064957,19.9515301645));
#2448 = CARTESIAN_POINT('',(-1.598322738585,20.));
#2449 = ( GEOMETRIC_REPRESENTATION_CONTEXT(2) 
PARAMETRIC_REPRESENTATION_CONTEXT() REPRESENTATION_CONTEXT('2D SPACE',''
  ) );
#2450 = ADVANCED_FACE('',(#2451),#2282,.T.);
#2451 = FACE_BOUND('',#2452,.T.);
#2452 = EDGE_LOOP('',(#2453,#2476,#2504,#2525));
#2453 = ORIENTED_EDGE('',*,*,#2454,.F.);
#2454 = EDGE_CURVE('',#2455,#2266,#2457,.T.);
#2455 = VERTEX_POINT('',#2456);
#2456 = CARTESIAN_POINT('',(-4.050379154632,9.152180875611,
    49.566402295844));
#2457 = SURFACE_CURVE('',#2458,(#2462,#2469),.PCURVE_S1.);
#2458 = LINE('',#2459,#2460);
#2459 = CARTESIAN_POINT('',(-4.050379154632,9.152180875611,
    49.566402295844));
#2460 = VECTOR('',#2461,1.);
#2461 = DIRECTION('',(0.224951054344,0.,0.974370064785));
#2462 = PCURVE('',#2282,#2463);
#2463 = DEFINITIONAL_REPRESENTATION('',(#2464),#2468);
#2464 = LINE('',#2465,#2466);
#2465 = CARTESIAN_POINT('',(2.22119607087,0.));
#2466 = VECTOR('',#2467,1.);
#2467 = DIRECTION('',(0.,1.));
#2468 = ( GEOMETRIC_REPRESENTATION_CONTEXT(2) 
PARAMETRIC_REPRESENTATION_CONTEXT() REPRESENTATION_CONTEXT('2D SPACE',''
  ) );
#2469 = PCURVE('',#2138,#2470);
#2470 = DEFINITIONAL_REPRESENTATION('',(#2471),#2475);
#2471 = LINE('',#2472,#2473);
#2472 = CARTESIAN_POINT('',(-0.,0.));
#2473 = VECTOR('',#2474,1.);
#2474 = DIRECTION('',(-0.,1.));
#2475 = ( GEOMETRIC_REPRESENTATION_CONTEXT(2) 
PARAMETRIC_REPRESENTATION_CONTEXT() REPRESENTATION_CONTEXT('2D SPACE',''
  ) );
#2476 = ORIENTED_EDGE('',*,*,#2477,.F.);
#2477 = EDGE_CURVE('',#2478,#2455,#2480,.T.);
#2478 = VERTEX_POINT('',#2479);
#2479 = CARTESIAN_POINT('',(9.519288353111,9.152180875611,
    46.433597704156));
#2480 = SURFACE_CURVE('',#2481,(#2486,#2493),.PCURVE_S1.);
#2481 = CIRCLE('',#2482,11.5);
#2482 = AXIS2_PLACEMENT_3D('',#2483,#2484,#2485);
#2483 = CARTESIAN_POINT('',(2.734454599239,0.,48.));
#2484 = DIRECTION('',(-0.224951054344,-2.359223927328E-16,
    -0.974370064785));
#2485 = DIRECTION('',(0.589985543815,0.795841815271,-0.136208895291));
#2486 = PCURVE('',#2282,#2487);
#2487 = DEFINITIONAL_REPRESENTATION('',(#2488),#2492);
#2488 = LINE('',#2489,#2490);
#2489 = CARTESIAN_POINT('',(7.2035818899,0.));
#2490 = VECTOR('',#2491,1.);
#2491 = DIRECTION('',(-1.,-0.));
#2492 = ( GEOMETRIC_REPRESENTATION_CONTEXT(2) 
PARAMETRIC_REPRESENTATION_CONTEXT() REPRESENTATION_CONTEXT('2D SPACE',''
  ) );
#2493 = PCURVE('',#474,#2494);
#2494 = DEFINITIONAL_REPRESENTATION('',(#2495),#2503);
#2495 = ( BOUNDED_CURVE() B_SPLINE_CURVE(2,(#2496,#2497,#2498,#2499,
#2500,#2501,#2502),.UNSPECIFIED.,.T.,.F.) B_SPLINE_CURVE_WITH_KNOTS((1,2
    ,2,2,2,1),(-2.094395102393,0.,2.094395102393,4.188790204786,
6.28318530718,8.377580409573),.UNSPECIFIED.) CURVE() 
GEOMETRIC_REPRESENTATION_ITEM() RATIONAL_B_SPLINE_CURVE((1.,0.5,1.,0.5,
1.,0.5,1.)) REPRESENTATION_ITEM('') );
#2496 = CARTESIAN_POINT('',(6.09250980103,11.648368063642));
#2497 = CARTESIAN_POINT('',(25.279750098328,16.996247061316));
#2498 = CARTESIAN_POINT('',(20.317529018029,-2.294329963497));
#2499 = CARTESIAN_POINT('',(15.355307937731,-21.58490698831));
#2500 = CARTESIAN_POINT('',(1.130288720731,-7.642208961171));
#2501 = CARTESIAN_POINT('',(-13.09473049626,6.300489065969));
#2502 = CARTESIAN_POINT('',(6.09250980103,11.648368063642));
#2503 = ( GEOMETRIC_REPRESENTATION_CONTEXT(2) 
PARAMETRIC_REPRESENTATION_CONTEXT() REPRESENTATION_CONTEXT('2D SPACE',''
  ) );
#2504 = ORIENTED_EDGE('',*,*,#2505,.T.);
#2505 = EDGE_CURVE('',#2478,#2264,#2506,.T.);
#2506 = SURFACE_CURVE('',#2507,(#2511,#2518),.PCURVE_S1.);
#2507 = LINE('',#2508,#2509);
#2508 = CARTESIAN_POINT('',(9.519288353111,9.152180875611,
    46.433597704156));
#2509 = VECTOR('',#2510,1.);
#2510 = DIRECTION('',(0.224951054344,0.,0.974370064785));
#2511 = PCURVE('',#2282,#2512);
#2512 = DEFINITIONAL_REPRESENTATION('',(#2513),#2517);
#2513 = LINE('',#2514,#2515);
#2514 = CARTESIAN_POINT('',(7.2035818899,0.));
#2515 = VECTOR('',#2516,1.);
#2516 = DIRECTION('',(0.,1.));
#2517 = ( GEOMETRIC_REPRESENTATION_CONTEXT(2) 
PARAMETRIC_REPRESENTATION_CONTEXT() REPRESENTATION_CONTEXT('2D SPACE',''
  ) );
#2518 = PCURVE('',#2000,#2519);
#2519 = DEFINITIONAL_REPRESENTATION('',(#2520),#2524);
#2520 = LINE('',#2521,#2522);
#2521 = CARTESIAN_POINT('',(0.,0.));
#2522 = VECTOR('',#2523,1.);
#2523 = DIRECTION('',(0.,1.));
#2524 = ( GEOMETRIC_REPRESENTATION_CONTEXT(2) 
PARAMETRIC_REPRESENTATION_CONTEXT() REPRESENTATION_CONTEXT('2D SPACE',''
  ) );
#2525 = ORIENTED_EDGE('',*,*,#2263,.T.);
#2526 = ADVANCED_FACE('',(#2527),#2138,.T.);
#2527 = FACE_BOUND('',#2528,.F.);
#2528 = EDGE_LOOP('',(#2529,#2530,#2556,#2577,#2578));
#2529 = ORIENTED_EDGE('',*,*,#2454,.F.);
#2530 = ORIENTED_EDGE('',*,*,#2531,.T.);
#2531 = EDGE_CURVE('',#2455,#908,#2532,.T.);
#2532 = SURFACE_CURVE('',#2533,(#2538,#2545),.PCURVE_S1.);
#2533 = CIRCLE('',#2534,0.6);
#2534 = AXIS2_PLACEMENT_3D('',#2535,#2536,#2537);
#2535 = CARTESIAN_POINT('',(-3.696387828343,8.674675786449,
    49.48467695867));
#2536 = DIRECTION('',(-0.224951054344,-0.,-0.974370064785));
#2537 = DIRECTION('',(0.,-1.,0.));
#2538 = PCURVE('',#2138,#2539);
#2539 = DEFINITIONAL_REPRESENTATION('',(#2540),#2544);
#2540 = LINE('',#2541,#2542);
#2541 = CARTESIAN_POINT('',(2.491192909515,-0.));
#2542 = VECTOR('',#2543,1.);
#2543 = DIRECTION('',(-1.,0.));
#2544 = ( GEOMETRIC_REPRESENTATION_CONTEXT(2) 
PARAMETRIC_REPRESENTATION_CONTEXT() REPRESENTATION_CONTEXT('2D SPACE',''
  ) );
#2545 = PCURVE('',#474,#2546);
#2546 = DEFINITIONAL_REPRESENTATION('',(#2547),#2555);
#2547 = ( BOUNDED_CURVE() B_SPLINE_CURVE(2,(#2548,#2549,#2550,#2551,
#2552,#2553,#2554),.UNSPECIFIED.,.T.,.F.) B_SPLINE_CURVE_WITH_KNOTS((1,2
    ,2,2,2,1),(-2.094395102393,0.,2.094395102393,4.188790204786,
6.28318530718,8.377580409573),.UNSPECIFIED.) CURVE() 
GEOMETRIC_REPRESENTATION_ITEM() RATIONAL_B_SPLINE_CURVE((1.,0.5,1.,0.5,
1.,0.5,1.)) REPRESENTATION_ITEM('') );
#2548 = CARTESIAN_POINT('',(-1.241705317523,0.188285718287));
#2549 = CARTESIAN_POINT('',(-1.869453641884,-0.63992442489));
#2550 = CARTESIAN_POINT('',(-2.272830503367,0.317826642778));
#2551 = CARTESIAN_POINT('',(-2.67620736485,1.275577710447));
#2552 = CARTESIAN_POINT('',(-1.645082179006,1.146036785955));
#2553 = CARTESIAN_POINT('',(-0.613956993162,1.016495861464));
#2554 = CARTESIAN_POINT('',(-1.241705317523,0.188285718287));
#2555 = ( GEOMETRIC_REPRESENTATION_CONTEXT(2) 
PARAMETRIC_REPRESENTATION_CONTEXT() REPRESENTATION_CONTEXT('2D SPACE',''
  ) );
#2556 = ORIENTED_EDGE('',*,*,#2557,.T.);
#2557 = EDGE_CURVE('',#908,#2095,#2558,.T.);
#2558 = SURFACE_CURVE('',#2559,(#2563,#2570),.PCURVE_S1.);
#2559 = LINE('',#2560,#2561);
#2560 = CARTESIAN_POINT('',(-3.111765789472,8.674675786449,
    49.349706326063));
#2561 = VECTOR('',#2562,1.);
#2562 = DIRECTION('',(0.224951054344,0.,0.974370064785));
#2563 = PCURVE('',#2138,#2564);
#2564 = DEFINITIONAL_REPRESENTATION('',(#2565),#2569);
#2565 = LINE('',#2566,#2567);
#2566 = CARTESIAN_POINT('',(-2.22119607087,0.));
#2567 = VECTOR('',#2568,1.);
#2568 = DIRECTION('',(-0.,1.));
#2569 = ( GEOMETRIC_REPRESENTATION_CONTEXT(2) 
PARAMETRIC_REPRESENTATION_CONTEXT() REPRESENTATION_CONTEXT('2D SPACE',''
  ) );
#2570 = PCURVE('',#979,#2571);
#2571 = DEFINITIONAL_REPRESENTATION('',(#2572),#2576);
#2572 = LINE('',#2573,#2574);
#2573 = CARTESIAN_POINT('',(1.,-8.674675786449));
#2574 = VECTOR('',#2575,1.);
#2575 = DIRECTION('',(1.,0.));
#2576 = ( GEOMETRIC_REPRESENTATION_CONTEXT(2) 
PARAMETRIC_REPRESENTATION_CONTEXT() REPRESENTATION_CONTEXT('2D SPACE',''
  ) );
#2577 = ORIENTED_EDGE('',*,*,#2117,.F.);
#2578 = ORIENTED_EDGE('',*,*,#2373,.F.);
#2579 = ADVANCED_FACE('',(#2580),#2000,.T.);
#2580 = FACE_BOUND('',#2581,.T.);
#2581 = EDGE_LOOP('',(#2582,#2583,#2605,#2606,#2607));
#2582 = ORIENTED_EDGE('',*,*,#2505,.F.);
#2583 = ORIENTED_EDGE('',*,*,#2584,.T.);
#2584 = EDGE_CURVE('',#2478,#1859,#2585,.T.);
#2585 = SURFACE_CURVE('',#2586,(#2591,#2598),.PCURVE_S1.);
#2586 = CIRCLE('',#2587,0.6);
#2587 = AXIS2_PLACEMENT_3D('',#2588,#2589,#2590);
#2588 = CARTESIAN_POINT('',(9.165297026822,8.674675786449,46.51532304133
    ));
#2589 = DIRECTION('',(0.224951054344,0.,0.974370064785));
#2590 = DIRECTION('',(0.,-1.,0.));
#2591 = PCURVE('',#2000,#2592);
#2592 = DEFINITIONAL_REPRESENTATION('',(#2593),#2597);
#2593 = LINE('',#2594,#2595);
#2594 = CARTESIAN_POINT('',(-2.491192909515,0.));
#2595 = VECTOR('',#2596,1.);
#2596 = DIRECTION('',(1.,0.));
#2597 = ( GEOMETRIC_REPRESENTATION_CONTEXT(2) 
PARAMETRIC_REPRESENTATION_CONTEXT() REPRESENTATION_CONTEXT('2D SPACE',''
  ) );
#2598 = PCURVE('',#474,#2599);
#2599 = DEFINITIONAL_REPRESENTATION('',(#2600),#2604);
#2600 = CIRCLE('',#2601,0.6);
#2601 = AXIS2_PLACEMENT_2D('',#2602,#2603);
#2602 = CARTESIAN_POINT('',(6.253601942538,11.070398062739));
#2603 = DIRECTION('',(0.796945581848,-0.604051106755));
#2604 = ( GEOMETRIC_REPRESENTATION_CONTEXT(2) 
PARAMETRIC_REPRESENTATION_CONTEXT() REPRESENTATION_CONTEXT('2D SPACE',''
  ) );
#2605 = ORIENTED_EDGE('',*,*,#1984,.T.);
#2606 = ORIENTED_EDGE('',*,*,#2183,.F.);
#2607 = ORIENTED_EDGE('',*,*,#2294,.F.);
#2608 = ADVANCED_FACE('',(#2609),#1846,.F.);
#2609 = FACE_BOUND('',#2610,.F.);
#2610 = EDGE_LOOP('',(#2611,#2645,#2666,#2687,#2688));
#2611 = ORIENTED_EDGE('',*,*,#2612,.T.);
#2612 = EDGE_CURVE('',#2613,#2615,#2617,.T.);
#2613 = VERTEX_POINT('',#2614);
#2614 = CARTESIAN_POINT('',(6.,9.90201999594,0.32200362757));
#2615 = VERTEX_POINT('',#2616);
#2616 = CARTESIAN_POINT('',(6.,10.276672613254,0.));
#2617 = SURFACE_CURVE('',#2618,(#2623,#2630),.PCURVE_S1.);
#2618 = HYPERBOLA('',#2619,6.,6.);
#2619 = AXIS2_PLACEMENT_3D('',#2620,#2621,#2622);
#2620 = CARTESIAN_POINT('',(6.,0.,11.9));
#2621 = DIRECTION('',(1.,0.,0.));
#2622 = DIRECTION('',(0.,0.,-1.));
#2623 = PCURVE('',#1846,#2624);
#2624 = DEFINITIONAL_REPRESENTATION('',(#2625),#2629);
#2625 = ( BOUNDED_CURVE() B_SPLINE_CURVE(2,(#2626,#2627,#2628),
.UNSPECIFIED.,.F.,.F.) B_SPLINE_CURVE_WITH_KNOTS((3,3),(1.257554782202,
1.307281484004),.PIECEWISE_BEZIER_KNOTS.) CURVE() 
GEOMETRIC_REPRESENTATION_ITEM() RATIONAL_B_SPLINE_CURVE((1.,
1.000309109032,1.)) REPRESENTATION_ITEM('') );
#2626 = CARTESIAN_POINT('',(1.496519802355,-9.697389371273));
#2627 = CARTESIAN_POINT('',(1.255459878855,-9.980859690844));
#2628 = CARTESIAN_POINT('',(1.,-10.27667261325));
#2629 = ( GEOMETRIC_REPRESENTATION_CONTEXT(2) 
PARAMETRIC_REPRESENTATION_CONTEXT() REPRESENTATION_CONTEXT('2D SPACE',''
  ) );
#2630 = PCURVE('',#2631,#2636);
#2631 = CONICAL_SURFACE('',#2632,11.9,0.785398163397);
#2632 = AXIS2_PLACEMENT_3D('',#2633,#2634,#2635);
#2633 = CARTESIAN_POINT('',(0.,0.,0.));
#2634 = DIRECTION('',(-0.,-0.,-1.));
#2635 = DIRECTION('',(1.,0.,-0.));
#2636 = DEFINITIONAL_REPRESENTATION('',(#2637),#2644);
#2637 = B_SPLINE_CURVE_WITH_KNOTS('',5,(#2638,#2639,#2640,#2641,#2642,
    #2643),.UNSPECIFIED.,.F.,.F.,(6,6),(1.275363562441,1.307281484004),
  .PIECEWISE_BEZIER_KNOTS.);
#2638 = CARTESIAN_POINT('',(-7.309208145859,-0.32200362757));
#2639 = CARTESIAN_POINT('',(-7.312516274886,-0.25879324806));
#2640 = CARTESIAN_POINT('',(-7.31580182789,-0.194993112209));
#2641 = CARTESIAN_POINT('',(-7.319064934871,-0.1305978537));
#2642 = CARTESIAN_POINT('',(-7.322305728173,-6.560200607968E-02));
#2643 = CARTESIAN_POINT('',(-7.325524342112,-3.552713678801E-15));
#2644 = ( GEOMETRIC_REPRESENTATION_CONTEXT(2) 
PARAMETRIC_REPRESENTATION_CONTEXT() REPRESENTATION_CONTEXT('2D SPACE',''
  ) );
#2645 = ORIENTED_EDGE('',*,*,#2646,.T.);
#2646 = EDGE_CURVE('',#2615,#2647,#2649,.T.);
#2647 = VERTEX_POINT('',#2648);
#2648 = CARTESIAN_POINT('',(6.,11.948326242617,0.));
#2649 = SURFACE_CURVE('',#2650,(#2654,#2660),.PCURVE_S1.);
#2650 = LINE('',#2651,#2652);
#2651 = CARTESIAN_POINT('',(6.,0.,0.));
#2652 = VECTOR('',#2653,1.);
#2653 = DIRECTION('',(0.,1.,0.));
#2654 = PCURVE('',#1846,#2655);
#2655 = DEFINITIONAL_REPRESENTATION('',(#2656),#2659);
#2656 = B_SPLINE_CURVE_WITH_KNOTS('',1,(#2657,#2658),.UNSPECIFIED.,.F.,
  .F.,(2,2),(0.,14.25),.PIECEWISE_BEZIER_KNOTS.);
#2657 = CARTESIAN_POINT('',(1.,0.));
#2658 = CARTESIAN_POINT('',(1.,-14.25));
#2659 = ( GEOMETRIC_REPRESENTATION_CONTEXT(2) 
PARAMETRIC_REPRESENTATION_CONTEXT() REPRESENTATION_CONTEXT('2D SPACE',''
  ) );
#2660 = PCURVE('',#71,#2661);
#2661 = DEFINITIONAL_REPRESENTATION('',(#2662),#2665);
#2662 = B_SPLINE_CURVE_WITH_KNOTS('',1,(#2663,#2664),.UNSPECIFIED.,.F.,
  .F.,(2,2),(0.,14.25),.PIECEWISE_BEZIER_KNOTS.);
#2663 = CARTESIAN_POINT('',(6.,0.));
#2664 = CARTESIAN_POINT('',(6.,14.25));
#2665 = ( GEOMETRIC_REPRESENTATION_CONTEXT(2) 
PARAMETRIC_REPRESENTATION_CONTEXT() REPRESENTATION_CONTEXT('2D SPACE',''
  ) );
#2666 = ORIENTED_EDGE('',*,*,#2667,.T.);
#2667 = EDGE_CURVE('',#2647,#1832,#2668,.T.);
#2668 = SURFACE_CURVE('',#2669,(#2673,#2680),.PCURVE_S1.);
#2669 = LINE('',#2670,#2671);
#2670 = CARTESIAN_POINT('',(6.,11.948326242617,0.));
#2671 = VECTOR('',#2672,1.);
#2672 = DIRECTION('',(0.,0.,1.));
#2673 = PCURVE('',#1846,#2674);
#2674 = DEFINITIONAL_REPRESENTATION('',(#2675),#2679);
#2675 = LINE('',#2676,#2677);
#2676 = CARTESIAN_POINT('',(1.,-11.94832624261));
#2677 = VECTOR('',#2678,1.);
#2678 = DIRECTION('',(1.,0.));
#2679 = ( GEOMETRIC_REPRESENTATION_CONTEXT(2) 
PARAMETRIC_REPRESENTATION_CONTEXT() REPRESENTATION_CONTEXT('2D SPACE',''
  ) );
#2680 = PCURVE('',#99,#2681);
#2681 = DEFINITIONAL_REPRESENTATION('',(#2682),#2686);
#2682 = LINE('',#2683,#2684);
#2683 = CARTESIAN_POINT('',(2.075463901559,0.));
#2684 = VECTOR('',#2685,1.);
#2685 = DIRECTION('',(0.,1.));
#2686 = ( GEOMETRIC_REPRESENTATION_CONTEXT(2) 
PARAMETRIC_REPRESENTATION_CONTEXT() REPRESENTATION_CONTEXT('2D SPACE',''
  ) );
#2687 = ORIENTED_EDGE('',*,*,#1831,.F.);
#2688 = ORIENTED_EDGE('',*,*,#2689,.F.);
#2689 = EDGE_CURVE('',#2613,#1608,#2690,.T.);
#2690 = SURFACE_CURVE('',#2691,(#2695,#2702),.PCURVE_S1.);
#2691 = LINE('',#2692,#2693);
#2692 = CARTESIAN_POINT('',(6.,9.90201999594,0.));
#2693 = VECTOR('',#2694,1.);
#2694 = DIRECTION('',(0.,0.,1.));
#2695 = PCURVE('',#1846,#2696);
#2696 = DEFINITIONAL_REPRESENTATION('',(#2697),#2701);
#2697 = LINE('',#2698,#2699);
#2698 = CARTESIAN_POINT('',(1.,-9.90201999594));
#2699 = VECTOR('',#2700,1.);
#2700 = DIRECTION('',(1.,0.));
#2701 = ( GEOMETRIC_REPRESENTATION_CONTEXT(2) 
PARAMETRIC_REPRESENTATION_CONTEXT() REPRESENTATION_CONTEXT('2D SPACE',''
  ) );
#2702 = PCURVE('',#1623,#2703);
#2703 = DEFINITIONAL_REPRESENTATION('',(#2704),#2708);
#2704 = LINE('',#2705,#2706);
#2705 = CARTESIAN_POINT('',(-0.982887882251,0.));
#2706 = VECTOR('',#2707,1.);
#2707 = DIRECTION('',(-0.,1.));
#2708 = ( GEOMETRIC_REPRESENTATION_CONTEXT(2) 
PARAMETRIC_REPRESENTATION_CONTEXT() REPRESENTATION_CONTEXT('2D SPACE',''
  ) );
#2709 = ADVANCED_FACE('',(#2710),#2631,.F.);
#2710 = FACE_BOUND('',#2711,.F.);
#2711 = EDGE_LOOP('',(#2712,#2736,#2737,#2787,#2811,#2861));
#2712 = ORIENTED_EDGE('',*,*,#2713,.T.);
#2713 = EDGE_CURVE('',#2714,#2615,#2716,.T.);
#2714 = VERTEX_POINT('',#2715);
#2715 = CARTESIAN_POINT('',(-6.,10.276672613254,0.));
#2716 = SURFACE_CURVE('',#2717,(#2722,#2729),.PCURVE_S1.);
#2717 = CIRCLE('',#2718,11.9);
#2718 = AXIS2_PLACEMENT_3D('',#2719,#2720,#2721);
#2719 = CARTESIAN_POINT('',(0.,0.,0.));
#2720 = DIRECTION('',(0.,0.,1.));
#2721 = DIRECTION('',(-0.504201680672,0.863585933887,0.));
#2722 = PCURVE('',#2631,#2723);
#2723 = DEFINITIONAL_REPRESENTATION('',(#2724),#2728);
#2724 = LINE('',#2725,#2726);
#2725 = CARTESIAN_POINT('',(-2.099253618657,-0.));
#2726 = VECTOR('',#2727,1.);
#2727 = DIRECTION('',(-1.,-0.));
#2728 = ( GEOMETRIC_REPRESENTATION_CONTEXT(2) 
PARAMETRIC_REPRESENTATION_CONTEXT() REPRESENTATION_CONTEXT('2D SPACE',''
  ) );
#2729 = PCURVE('',#71,#2730);
#2730 = DEFINITIONAL_REPRESENTATION('',(#2731),#2735);
#2731 = CIRCLE('',#2732,11.9);
#2732 = AXIS2_PLACEMENT_2D('',#2733,#2734);
#2733 = CARTESIAN_POINT('',(0.,0.));
#2734 = DIRECTION('',(-0.504201680672,0.863585933887));
#2735 = ( GEOMETRIC_REPRESENTATION_CONTEXT(2) 
PARAMETRIC_REPRESENTATION_CONTEXT() REPRESENTATION_CONTEXT('2D SPACE',''
  ) );
#2736 = ORIENTED_EDGE('',*,*,#2612,.F.);
#2737 = ORIENTED_EDGE('',*,*,#2738,.F.);
#2738 = EDGE_CURVE('',#2739,#2613,#2741,.T.);
#2739 = VERTEX_POINT('',#2740);
#2740 = CARTESIAN_POINT('',(6.267226890756,9.40275848354,0.6));
#2741 = SURFACE_CURVE('',#2742,(#2755,#2771),.PCURVE_S1.);
#2742 = B_SPLINE_CURVE_WITH_KNOTS('',6,(#2743,#2744,#2745,#2746,#2747,
    #2748,#2749,#2750,#2751,#2752,#2753,#2754),.UNSPECIFIED.,.F.,.F.,(7,
    5,7),(0.,0.453540003523,1.),.UNSPECIFIED.);
#2743 = CARTESIAN_POINT('',(6.267226890756,9.40275848354,0.6));
#2744 = CARTESIAN_POINT('',(6.225053112966,9.430868599812,0.6));
#2745 = CARTESIAN_POINT('',(6.185714962943,9.46326312676,0.594589551278)
  );
#2746 = CARTESIAN_POINT('',(6.150531702078,9.499069023534,0.583762261191
    ));
#2747 = CARTESIAN_POINT('',(6.119981648075,9.537091844817,0.56830815628)
  );
#2748 = CARTESIAN_POINT('',(6.094046838869,9.576354288206,0.549122901449
    ));
#2749 = CARTESIAN_POINT('',(6.046517060766,9.664053677387,0.500349080253
    ));
#2750 = CARTESIAN_POINT('',(6.026870751519,9.712776164997,0.469404430655
    ));
#2751 = CARTESIAN_POINT('',(6.012974719804,9.76137450145,0.435351335554)
  );
#2752 = CARTESIAN_POINT('',(6.004199858897,9.809280018458,0.39908412782)
  );
#2753 = CARTESIAN_POINT('',(6.,9.856194113763,0.361195970274));
#2754 = CARTESIAN_POINT('',(6.,9.90201999594,0.32200362757));
#2755 = PCURVE('',#2631,#2756);
#2756 = DEFINITIONAL_REPRESENTATION('',(#2757),#2770);
#2757 = B_SPLINE_CURVE_WITH_KNOTS('',6,(#2758,#2759,#2760,#2761,#2762,
    #2763,#2764,#2765,#2766,#2767,#2768,#2769),.UNSPECIFIED.,.F.,.F.,(7,
    5,7),(0.,0.453540003523,1.),.UNSPECIFIED.);
#2758 = CARTESIAN_POINT('',(-7.266073189431,-0.6));
#2759 = CARTESIAN_POINT('',(-7.270558445312,-0.6));
#2760 = CARTESIAN_POINT('',(-7.27504519313,-0.594589551278));
#2761 = CARTESIAN_POINT('',(-7.27938383846,-0.583762261191));
#2762 = CARTESIAN_POINT('',(-7.283471301193,-0.56830815628));
#2763 = CARTESIAN_POINT('',(-7.287258926936,-0.549122901449));
#2764 = CARTESIAN_POINT('',(-7.294909826041,-0.500349080253));
#2765 = CARTESIAN_POINT('',(-7.298634334894,-0.469404430655));
#2766 = CARTESIAN_POINT('',(-7.30189982987,-0.435351335554));
#2767 = CARTESIAN_POINT('',(-7.304730258375,-0.39908412782));
#2768 = CARTESIAN_POINT('',(-7.307157006037,-0.361195970274));
#2769 = CARTESIAN_POINT('',(-7.309208145859,-0.32200362757));
#2770 = ( GEOMETRIC_REPRESENTATION_CONTEXT(2) 
PARAMETRIC_REPRESENTATION_CONTEXT() REPRESENTATION_CONTEXT('2D SPACE',''
  ) );
#2771 = PCURVE('',#1623,#2772);
#2772 = DEFINITIONAL_REPRESENTATION('',(#2773),#2786);
#2773 = B_SPLINE_CURVE_WITH_KNOTS('',6,(#2774,#2775,#2776,#2777,#2778,
    #2779,#2780,#2781,#2782,#2783,#2784,#2785),.UNSPECIFIED.,.F.,.F.,(7,
    5,7),(0.,0.453540003523,1.),.UNSPECIFIED.);
#2774 = CARTESIAN_POINT('',(-1.480297366167E-15,0.6));
#2775 = CARTESIAN_POINT('',(-8.447231910167E-02,0.6));
#2776 = CARTESIAN_POINT('',(-0.168971075485,0.594589551278));
#2777 = CARTESIAN_POINT('',(-0.25195429119,0.583762261191));
#2778 = CARTESIAN_POINT('',(-0.332708733894,0.56830815628));
#2779 = CARTESIAN_POINT('',(-0.41083466689,0.549122901449));
#2780 = CARTESIAN_POINT('',(-0.577086339139,0.500349080253));
#2781 = CARTESIAN_POINT('',(-0.664081783404,0.469404430655));
#2782 = CARTESIAN_POINT('',(-0.74767727956,0.435351335554));
#2783 = CARTESIAN_POINT('',(-0.828321131632,0.39908412782));
#2784 = CARTESIAN_POINT('',(-0.906511411955,0.361195970274));
#2785 = CARTESIAN_POINT('',(-0.982887882251,0.32200362757));
#2786 = ( GEOMETRIC_REPRESENTATION_CONTEXT(2) 
PARAMETRIC_REPRESENTATION_CONTEXT() REPRESENTATION_CONTEXT('2D SPACE',''
  ) );
#2787 = ORIENTED_EDGE('',*,*,#2788,.F.);
#2788 = EDGE_CURVE('',#2789,#2739,#2791,.T.);
#2789 = VERTEX_POINT('',#2790);
#2790 = CARTESIAN_POINT('',(-6.267226890756,9.40275848354,0.6));
#2791 = SURFACE_CURVE('',#2792,(#2797,#2804),.PCURVE_S1.);
#2792 = CIRCLE('',#2793,11.3);
#2793 = AXIS2_PLACEMENT_3D('',#2794,#2795,#2796);
#2794 = CARTESIAN_POINT('',(0.,0.,0.6));
#2795 = DIRECTION('',(0.,0.,1.));
#2796 = DIRECTION('',(-0.554621848739,0.832102520667,0.));
#2797 = PCURVE('',#2631,#2798);
#2798 = DEFINITIONAL_REPRESENTATION('',(#2799),#2803);
#2799 = LINE('',#2800,#2801);
#2800 = CARTESIAN_POINT('',(-2.158704771339,-0.6));
#2801 = VECTOR('',#2802,1.);
#2802 = DIRECTION('',(-1.,-0.));
#2803 = ( GEOMETRIC_REPRESENTATION_CONTEXT(2) 
PARAMETRIC_REPRESENTATION_CONTEXT() REPRESENTATION_CONTEXT('2D SPACE',''
  ) );
#2804 = PCURVE('',#1399,#2805);
#2805 = DEFINITIONAL_REPRESENTATION('',(#2806),#2810);
#2806 = LINE('',#2807,#2808);
#2807 = CARTESIAN_POINT('',(2.158704771339,1.6));
#2808 = VECTOR('',#2809,1.);
#2809 = DIRECTION('',(1.,0.));
#2810 = ( GEOMETRIC_REPRESENTATION_CONTEXT(2) 
PARAMETRIC_REPRESENTATION_CONTEXT() REPRESENTATION_CONTEXT('2D SPACE',''
  ) );
#2811 = ORIENTED_EDGE('',*,*,#2812,.F.);
#2812 = EDGE_CURVE('',#2813,#2789,#2815,.T.);
#2813 = VERTEX_POINT('',#2814);
#2814 = CARTESIAN_POINT('',(-6.,9.90201999594,0.32200362757));
#2815 = SURFACE_CURVE('',#2816,(#2829,#2845),.PCURVE_S1.);
#2816 = B_SPLINE_CURVE_WITH_KNOTS('',6,(#2817,#2818,#2819,#2820,#2821,
    #2822,#2823,#2824,#2825,#2826,#2827,#2828),.UNSPECIFIED.,.F.,.F.,(7,
    5,7),(0.,0.551827812072,1.),.UNSPECIFIED.);
#2817 = CARTESIAN_POINT('',(-6.,9.90201999594,0.32200362757));
#2818 = CARTESIAN_POINT('',(-6.,9.855741182064,0.361583337707));
#2819 = CARTESIAN_POINT('',(-6.00428326933,9.808356027796,0.399829984807
    ));
#2820 = CARTESIAN_POINT('',(-6.013235096585,9.759960037699,0.43642145324
    ));
#2821 = CARTESIAN_POINT('',(-6.027420679427,9.710860997837,
    0.470745148177));
#2822 = CARTESIAN_POINT('',(-6.047491273642,9.661652422989,
    0.501870827397));
#2823 = CARTESIAN_POINT('',(-6.095590142693,9.574029884024,
    0.550254153123));
#2824 = CARTESIAN_POINT('',(-6.121432533605,9.535293334066,
    0.569035740618));
#2825 = CARTESIAN_POINT('',(-6.151783103919,9.49779781216,0.584145330118
    ));
#2826 = CARTESIAN_POINT('',(-6.186649764094,9.462493760445,0.59471773758
    ));
#2827 = CARTESIAN_POINT('',(-6.225555466758,9.430533765604,0.6));
#2828 = CARTESIAN_POINT('',(-6.267226890756,9.40275848354,0.6));
#2829 = PCURVE('',#2631,#2830);
#2830 = DEFINITIONAL_REPRESENTATION('',(#2831),#2844);
#2831 = B_SPLINE_CURVE_WITH_KNOTS('',6,(#2832,#2833,#2834,#2835,#2836,
    #2837,#2838,#2839,#2840,#2841,#2842,#2843),.UNSPECIFIED.,.F.,.F.,(7,
    5,7),(0.,0.551827812072,1.),.UNSPECIFIED.);
#2832 = CARTESIAN_POINT('',(-2.115569814911,-0.32200362757));
#2833 = CARTESIAN_POINT('',(-2.117641227692,-0.361583337707));
#2834 = CARTESIAN_POINT('',(-2.120095552313,-0.399829984807));
#2835 = CARTESIAN_POINT('',(-2.122961803213,-0.43642145324));
#2836 = CARTESIAN_POINT('',(-2.126272496044,-0.470745148177));
#2837 = CARTESIAN_POINT('',(-2.130052163875,-0.501870827397));
#2838 = CARTESIAN_POINT('',(-2.137743878126,-0.550254153123));
#2839 = CARTESIAN_POINT('',(-2.141500448247,-0.569035740618));
#2840 = CARTESIAN_POINT('',(-2.145548324093,-0.584145330118));
#2841 = CARTESIAN_POINT('',(-2.149839367189,-0.59471773758));
#2842 = CARTESIAN_POINT('',(-2.154272941672,-0.6));
#2843 = CARTESIAN_POINT('',(-2.158704771339,-0.6));
#2844 = ( GEOMETRIC_REPRESENTATION_CONTEXT(2) 
PARAMETRIC_REPRESENTATION_CONTEXT() REPRESENTATION_CONTEXT('2D SPACE',''
  ) );
#2845 = PCURVE('',#1175,#2846);
#2846 = DEFINITIONAL_REPRESENTATION('',(#2847),#2860);
#2847 = B_SPLINE_CURVE_WITH_KNOTS('',6,(#2848,#2849,#2850,#2851,#2852,
    #2853,#2854,#2855,#2856,#2857,#2858,#2859),.UNSPECIFIED.,.F.,.F.,(7,
    5,7),(0.,0.551827812072,1.),.UNSPECIFIED.);
#2848 = CARTESIAN_POINT('',(0.,0.32200362757));
#2849 = CARTESIAN_POINT('',(-7.713135646015E-02,0.361583337707));
#2850 = CARTESIAN_POINT('',(-0.156106717452,0.399829984807));
#2851 = CARTESIAN_POINT('',(-0.237592113972,0.43642145324));
#2852 = CARTESIAN_POINT('',(-0.322101040452,0.470745148177));
#2853 = CARTESIAN_POINT('',(-0.410092474447,0.501870827397));
#2854 = CARTESIAN_POINT('',(-0.576685879502,0.550254153123));
#2855 = CARTESIAN_POINT('',(-0.654005027375,0.569035740618));
#2856 = CARTESIAN_POINT('',(-0.733883016432,0.584145330118));
#2857 = CARTESIAN_POINT('',(-0.815924266836,0.59471773758));
#2858 = CARTESIAN_POINT('',(-0.899421756857,0.6));
#2859 = CARTESIAN_POINT('',(-0.982887882251,0.6));
#2860 = ( GEOMETRIC_REPRESENTATION_CONTEXT(2) 
PARAMETRIC_REPRESENTATION_CONTEXT() REPRESENTATION_CONTEXT('2D SPACE',''
  ) );
#2861 = ORIENTED_EDGE('',*,*,#2862,.T.);
#2862 = EDGE_CURVE('',#2813,#2714,#2863,.T.);
#2863 = SURFACE_CURVE('',#2864,(#2869,#2879),.PCURVE_S1.);
#2864 = HYPERBOLA('',#2865,6.,6.);
#2865 = AXIS2_PLACEMENT_3D('',#2866,#2867,#2868);
#2866 = CARTESIAN_POINT('',(-6.,0.,11.9));
#2867 = DIRECTION('',(1.,0.,0.));
#2868 = DIRECTION('',(0.,0.,-1.));
#2869 = PCURVE('',#2631,#2870);
#2870 = DEFINITIONAL_REPRESENTATION('',(#2871),#2878);
#2871 = B_SPLINE_CURVE_WITH_KNOTS('',5,(#2872,#2873,#2874,#2875,#2876,
    #2877),.UNSPECIFIED.,.F.,.F.,(6,6),(1.275363562441,1.307281484004),
  .PIECEWISE_BEZIER_KNOTS.);
#2872 = CARTESIAN_POINT('',(-2.115569814911,-0.32200362757));
#2873 = CARTESIAN_POINT('',(-2.112261685884,-0.25879324806));
#2874 = CARTESIAN_POINT('',(-2.108976132879,-0.194993112209));
#2875 = CARTESIAN_POINT('',(-2.105713025898,-0.1305978537));
#2876 = CARTESIAN_POINT('',(-2.102472232596,-6.560200607967E-02));
#2877 = CARTESIAN_POINT('',(-2.099253618657,1.7763568394E-15));
#2878 = ( GEOMETRIC_REPRESENTATION_CONTEXT(2) 
PARAMETRIC_REPRESENTATION_CONTEXT() REPRESENTATION_CONTEXT('2D SPACE',''
  ) );
#2879 = PCURVE('',#895,#2880);
#2880 = DEFINITIONAL_REPRESENTATION('',(#2881),#2885);
#2881 = ( BOUNDED_CURVE() B_SPLINE_CURVE(2,(#2882,#2883,#2884),
.UNSPECIFIED.,.F.,.F.) B_SPLINE_CURVE_WITH_KNOTS((3,3),(1.257554782202,
1.307281484004),.PIECEWISE_BEZIER_KNOTS.) CURVE() 
GEOMETRIC_REPRESENTATION_ITEM() RATIONAL_B_SPLINE_CURVE((1.,
1.000309109032,1.)) REPRESENTATION_ITEM('') );
#2882 = CARTESIAN_POINT('',(1.496519802355,-9.697389371273));
#2883 = CARTESIAN_POINT('',(1.255459878855,-9.980859690844));
#2884 = CARTESIAN_POINT('',(1.,-10.27667261325));
#2885 = ( GEOMETRIC_REPRESENTATION_CONTEXT(2) 
PARAMETRIC_REPRESENTATION_CONTEXT() REPRESENTATION_CONTEXT('2D SPACE',''
  ) );
#2886 = ADVANCED_FACE('',(#2887),#1663,.T.);
#2887 = FACE_BOUND('',#2888,.F.);
#2888 = EDGE_LOOP('',(#2889,#2890,#2891,#2892));
#2889 = ORIENTED_EDGE('',*,*,#1636,.F.);
#2890 = ORIENTED_EDGE('',*,*,#2040,.T.);
#2891 = ORIENTED_EDGE('',*,*,#2206,.F.);
#2892 = ORIENTED_EDGE('',*,*,#2893,.F.);
#2893 = EDGE_CURVE('',#1413,#2207,#2894,.T.);
#2894 = SURFACE_CURVE('',#2895,(#2899,#2906),.PCURVE_S1.);
#2895 = LINE('',#2896,#2897);
#2896 = CARTESIAN_POINT('',(8.763369375098,6.535659396725,
    46.608115351247));
#2897 = VECTOR('',#2898,1.);
#2898 = DIRECTION('',(0.224951054344,0.,0.974370064785));
#2899 = PCURVE('',#1663,#2900);
#2900 = DEFINITIONAL_REPRESENTATION('',(#2901),#2905);
#2901 = LINE('',#2902,#2903);
#2902 = CARTESIAN_POINT('',(-1.480297366167E-15,0.));
#2903 = VECTOR('',#2904,1.);
#2904 = DIRECTION('',(-0.,1.));
#2905 = ( GEOMETRIC_REPRESENTATION_CONTEXT(2) 
PARAMETRIC_REPRESENTATION_CONTEXT() REPRESENTATION_CONTEXT('2D SPACE',''
  ) );
#2906 = PCURVE('',#1439,#2907);
#2907 = DEFINITIONAL_REPRESENTATION('',(#2908),#2912);
#2908 = LINE('',#2909,#2910);
#2909 = CARTESIAN_POINT('',(7.095940868548,1.));
#2910 = VECTOR('',#2911,1.);
#2911 = DIRECTION('',(0.,1.));
#2912 = ( GEOMETRIC_REPRESENTATION_CONTEXT(2) 
PARAMETRIC_REPRESENTATION_CONTEXT() REPRESENTATION_CONTEXT('2D SPACE',''
  ) );
#2913 = ADVANCED_FACE('',(#2914),#1623,.T.);
#2914 = FACE_BOUND('',#2915,.F.);
#2915 = EDGE_LOOP('',(#2916,#2937,#2938,#2939));
#2916 = ORIENTED_EDGE('',*,*,#2917,.F.);
#2917 = EDGE_CURVE('',#2739,#1384,#2918,.T.);
#2918 = SURFACE_CURVE('',#2919,(#2923,#2930),.PCURVE_S1.);
#2919 = LINE('',#2920,#2921);
#2920 = CARTESIAN_POINT('',(6.267226890756,9.40275848354,0.));
#2921 = VECTOR('',#2922,1.);
#2922 = DIRECTION('',(0.,0.,1.));
#2923 = PCURVE('',#1623,#2924);
#2924 = DEFINITIONAL_REPRESENTATION('',(#2925),#2929);
#2925 = LINE('',#2926,#2927);
#2926 = CARTESIAN_POINT('',(-1.480297366167E-15,0.));
#2927 = VECTOR('',#2928,1.);
#2928 = DIRECTION('',(-0.,1.));
#2929 = ( GEOMETRIC_REPRESENTATION_CONTEXT(2) 
PARAMETRIC_REPRESENTATION_CONTEXT() REPRESENTATION_CONTEXT('2D SPACE',''
  ) );
#2930 = PCURVE('',#1399,#2931);
#2931 = DEFINITIONAL_REPRESENTATION('',(#2932),#2936);
#2932 = LINE('',#2933,#2934);
#2933 = CARTESIAN_POINT('',(7.266073189431,1.));
#2934 = VECTOR('',#2935,1.);
#2935 = DIRECTION('',(0.,1.));
#2936 = ( GEOMETRIC_REPRESENTATION_CONTEXT(2) 
PARAMETRIC_REPRESENTATION_CONTEXT() REPRESENTATION_CONTEXT('2D SPACE',''
  ) );
#2937 = ORIENTED_EDGE('',*,*,#2738,.T.);
#2938 = ORIENTED_EDGE('',*,*,#2689,.T.);
#2939 = ORIENTED_EDGE('',*,*,#1607,.F.);
#2940 = ADVANCED_FACE('',(#2941),#1439,.F.);
#2941 = FACE_BOUND('',#2942,.F.);
#2942 = EDGE_LOOP('',(#2943,#2944,#2945,#2946));
#2943 = ORIENTED_EDGE('',*,*,#1412,.F.);
#2944 = ORIENTED_EDGE('',*,*,#2893,.T.);
#2945 = ORIENTED_EDGE('',*,*,#2234,.T.);
#2946 = ORIENTED_EDGE('',*,*,#2947,.F.);
#2947 = EDGE_CURVE('',#1189,#2067,#2948,.T.);
#2948 = SURFACE_CURVE('',#2949,(#2953,#2960),.PCURVE_S1.);
#2949 = LINE('',#2950,#2951);
#2950 = CARTESIAN_POINT('',(-3.294460176619,6.535659396725,
    49.391884648753));
#2951 = VECTOR('',#2952,1.);
#2952 = DIRECTION('',(0.224951054344,0.,0.974370064785));
#2953 = PCURVE('',#1439,#2954);
#2954 = DEFINITIONAL_REPRESENTATION('',(#2955),#2959);
#2955 = LINE('',#2956,#2957);
#2956 = CARTESIAN_POINT('',(2.328837092221,1.));
#2957 = VECTOR('',#2958,1.);
#2958 = DIRECTION('',(0.,1.));
#2959 = ( GEOMETRIC_REPRESENTATION_CONTEXT(2) 
PARAMETRIC_REPRESENTATION_CONTEXT() REPRESENTATION_CONTEXT('2D SPACE',''
  ) );
#2960 = PCURVE('',#1215,#2961);
#2961 = DEFINITIONAL_REPRESENTATION('',(#2962),#2966);
#2962 = LINE('',#2963,#2964);
#2963 = CARTESIAN_POINT('',(-0.812755561369,0.));
#2964 = VECTOR('',#2965,1.);
#2965 = DIRECTION('',(-0.,1.));
#2966 = ( GEOMETRIC_REPRESENTATION_CONTEXT(2) 
PARAMETRIC_REPRESENTATION_CONTEXT() REPRESENTATION_CONTEXT('2D SPACE',''
  ) );
#2967 = ADVANCED_FACE('',(#2968),#1399,.F.);
#2968 = FACE_BOUND('',#2969,.F.);
#2969 = EDGE_LOOP('',(#2970,#2991,#2992,#2993));
#2970 = ORIENTED_EDGE('',*,*,#2971,.F.);
#2971 = EDGE_CURVE('',#2789,#1160,#2972,.T.);
#2972 = SURFACE_CURVE('',#2973,(#2977,#2984),.PCURVE_S1.);
#2973 = LINE('',#2974,#2975);
#2974 = CARTESIAN_POINT('',(-6.267226890756,9.40275848354,0.));
#2975 = VECTOR('',#2976,1.);
#2976 = DIRECTION('',(0.,0.,1.));
#2977 = PCURVE('',#1399,#2978);
#2978 = DEFINITIONAL_REPRESENTATION('',(#2979),#2983);
#2979 = LINE('',#2980,#2981);
#2980 = CARTESIAN_POINT('',(2.158704771339,1.));
#2981 = VECTOR('',#2982,1.);
#2982 = DIRECTION('',(0.,1.));
#2983 = ( GEOMETRIC_REPRESENTATION_CONTEXT(2) 
PARAMETRIC_REPRESENTATION_CONTEXT() REPRESENTATION_CONTEXT('2D SPACE',''
  ) );
#2984 = PCURVE('',#1175,#2985);
#2985 = DEFINITIONAL_REPRESENTATION('',(#2986),#2990);
#2986 = LINE('',#2987,#2988);
#2987 = CARTESIAN_POINT('',(-0.982887882251,0.));
#2988 = VECTOR('',#2989,1.);
#2989 = DIRECTION('',(-0.,1.));
#2990 = ( GEOMETRIC_REPRESENTATION_CONTEXT(2) 
PARAMETRIC_REPRESENTATION_CONTEXT() REPRESENTATION_CONTEXT('2D SPACE',''
  ) );
#2991 = ORIENTED_EDGE('',*,*,#2788,.T.);
#2992 = ORIENTED_EDGE('',*,*,#2917,.T.);
#2993 = ORIENTED_EDGE('',*,*,#1383,.T.);
#2994 = ADVANCED_FACE('',(#2995),#1215,.T.);
#2995 = FACE_BOUND('',#2996,.F.);
#2996 = EDGE_LOOP('',(#2997,#2998,#2999,#3000));
#2997 = ORIENTED_EDGE('',*,*,#1188,.F.);
#2998 = ORIENTED_EDGE('',*,*,#2947,.T.);
#2999 = ORIENTED_EDGE('',*,*,#2064,.F.);
#3000 = ORIENTED_EDGE('',*,*,#3001,.F.);
#3001 = EDGE_CURVE('',#953,#2065,#3002,.T.);
#3002 = SURFACE_CURVE('',#3003,(#3007,#3014),.PCURVE_S1.);
#3003 = LINE('',#3004,#3005);
#3004 = CARTESIAN_POINT('',(-3.111765789472,6.971370023173,
    49.349706326063));
#3005 = VECTOR('',#3006,1.);
#3006 = DIRECTION('',(0.224951054344,0.,0.974370064785));
#3007 = PCURVE('',#1215,#3008);
#3008 = DEFINITIONAL_REPRESENTATION('',(#3009),#3013);
#3009 = LINE('',#3010,#3011);
#3010 = CARTESIAN_POINT('',(-0.,0.));
#3011 = VECTOR('',#3012,1.);
#3012 = DIRECTION('',(-0.,1.));
#3013 = ( GEOMETRIC_REPRESENTATION_CONTEXT(2) 
PARAMETRIC_REPRESENTATION_CONTEXT() REPRESENTATION_CONTEXT('2D SPACE',''
  ) );
#3014 = PCURVE('',#979,#3015);
#3015 = DEFINITIONAL_REPRESENTATION('',(#3016),#3020);
#3016 = LINE('',#3017,#3018);
#3017 = CARTESIAN_POINT('',(1.,-6.971370023173));
#3018 = VECTOR('',#3019,1.);
#3019 = DIRECTION('',(1.,0.));
#3020 = ( GEOMETRIC_REPRESENTATION_CONTEXT(2) 
PARAMETRIC_REPRESENTATION_CONTEXT() REPRESENTATION_CONTEXT('2D SPACE',''
  ) );
#3021 = ADVANCED_FACE('',(#3022),#1175,.T.);
#3022 = FACE_BOUND('',#3023,.F.);
#3023 = EDGE_LOOP('',(#3024,#3045,#3046,#3047));
#3024 = ORIENTED_EDGE('',*,*,#3025,.F.);
#3025 = EDGE_CURVE('',#2813,#881,#3026,.T.);
#3026 = SURFACE_CURVE('',#3027,(#3031,#3038),.PCURVE_S1.);
#3027 = LINE('',#3028,#3029);
#3028 = CARTESIAN_POINT('',(-6.,9.90201999594,0.));
#3029 = VECTOR('',#3030,1.);
#3030 = DIRECTION('',(0.,0.,1.));
#3031 = PCURVE('',#1175,#3032);
#3032 = DEFINITIONAL_REPRESENTATION('',(#3033),#3037);
#3033 = LINE('',#3034,#3035);
#3034 = CARTESIAN_POINT('',(-0.,0.));
#3035 = VECTOR('',#3036,1.);
#3036 = DIRECTION('',(-0.,1.));
#3037 = ( GEOMETRIC_REPRESENTATION_CONTEXT(2) 
PARAMETRIC_REPRESENTATION_CONTEXT() REPRESENTATION_CONTEXT('2D SPACE',''
  ) );
#3038 = PCURVE('',#895,#3039);
#3039 = DEFINITIONAL_REPRESENTATION('',(#3040),#3044);
#3040 = LINE('',#3041,#3042);
#3041 = CARTESIAN_POINT('',(1.,-9.90201999594));
#3042 = VECTOR('',#3043,1.);
#3043 = DIRECTION('',(1.,0.));
#3044 = ( GEOMETRIC_REPRESENTATION_CONTEXT(2) 
PARAMETRIC_REPRESENTATION_CONTEXT() REPRESENTATION_CONTEXT('2D SPACE',''
  ) );
#3045 = ORIENTED_EDGE('',*,*,#2812,.T.);
#3046 = ORIENTED_EDGE('',*,*,#2971,.T.);
#3047 = ORIENTED_EDGE('',*,*,#1159,.F.);
#3048 = ADVANCED_FACE('',(#3049),#979,.T.);
#3049 = FACE_BOUND('',#3050,.T.);
#3050 = EDGE_LOOP('',(#3051,#3052,#3053,#3054));
#3051 = ORIENTED_EDGE('',*,*,#952,.T.);
#3052 = ORIENTED_EDGE('',*,*,#2557,.T.);
#3053 = ORIENTED_EDGE('',*,*,#2094,.F.);
#3054 = ORIENTED_EDGE('',*,*,#3001,.F.);
#3055 = ADVANCED_FACE('',(#3056),#895,.T.);
#3056 = FACE_BOUND('',#3057,.T.);
#3057 = EDGE_LOOP('',(#3058,#3059,#3080,#3101,#3102));
#3058 = ORIENTED_EDGE('',*,*,#2862,.T.);
#3059 = ORIENTED_EDGE('',*,*,#3060,.T.);
#3060 = EDGE_CURVE('',#2714,#3061,#3063,.T.);
#3061 = VERTEX_POINT('',#3062);
#3062 = CARTESIAN_POINT('',(-6.,11.948326242617,0.));
#3063 = SURFACE_CURVE('',#3064,(#3068,#3074),.PCURVE_S1.);
#3064 = LINE('',#3065,#3066);
#3065 = CARTESIAN_POINT('',(-6.,0.,0.));
#3066 = VECTOR('',#3067,1.);
#3067 = DIRECTION('',(0.,1.,0.));
#3068 = PCURVE('',#895,#3069);
#3069 = DEFINITIONAL_REPRESENTATION('',(#3070),#3073);
#3070 = B_SPLINE_CURVE_WITH_KNOTS('',1,(#3071,#3072),.UNSPECIFIED.,.F.,
  .F.,(2,2),(0.,14.25),.PIECEWISE_BEZIER_KNOTS.);
#3071 = CARTESIAN_POINT('',(1.,0.));
#3072 = CARTESIAN_POINT('',(1.,-14.25));
#3073 = ( GEOMETRIC_REPRESENTATION_CONTEXT(2) 
PARAMETRIC_REPRESENTATION_CONTEXT() REPRESENTATION_CONTEXT('2D SPACE',''
  ) );
#3074 = PCURVE('',#71,#3075);
#3075 = DEFINITIONAL_REPRESENTATION('',(#3076),#3079);
#3076 = B_SPLINE_CURVE_WITH_KNOTS('',1,(#3077,#3078),.UNSPECIFIED.,.F.,
  .F.,(2,2),(0.,14.25),.PIECEWISE_BEZIER_KNOTS.);
#3077 = CARTESIAN_POINT('',(-6.,0.));
#3078 = CARTESIAN_POINT('',(-6.,14.25));
#3079 = ( GEOMETRIC_REPRESENTATION_CONTEXT(2) 
PARAMETRIC_REPRESENTATION_CONTEXT() REPRESENTATION_CONTEXT('2D SPACE',''
  ) );
#3080 = ORIENTED_EDGE('',*,*,#3081,.T.);
#3081 = EDGE_CURVE('',#3061,#655,#3082,.T.);
#3082 = SURFACE_CURVE('',#3083,(#3087,#3094),.PCURVE_S1.);
#3083 = LINE('',#3084,#3085);
#3084 = CARTESIAN_POINT('',(-6.,11.948326242617,0.));
#3085 = VECTOR('',#3086,1.);
#3086 = DIRECTION('',(0.,0.,1.));
#3087 = PCURVE('',#895,#3088);
#3088 = DEFINITIONAL_REPRESENTATION('',(#3089),#3093);
#3089 = LINE('',#3090,#3091);
#3090 = CARTESIAN_POINT('',(1.,-11.94832624261));
#3091 = VECTOR('',#3092,1.);
#3092 = DIRECTION('',(1.,0.));
#3093 = ( GEOMETRIC_REPRESENTATION_CONTEXT(2) 
PARAMETRIC_REPRESENTATION_CONTEXT() REPRESENTATION_CONTEXT('2D SPACE',''
  ) );
#3094 = PCURVE('',#275,#3095);
#3095 = DEFINITIONAL_REPRESENTATION('',(#3096),#3100);
#3096 = LINE('',#3097,#3098);
#3097 = CARTESIAN_POINT('',(-2.075463901559,0.));
#3098 = VECTOR('',#3099,1.);
#3099 = DIRECTION('',(-0.,1.));
#3100 = ( GEOMETRIC_REPRESENTATION_CONTEXT(2) 
PARAMETRIC_REPRESENTATION_CONTEXT() REPRESENTATION_CONTEXT('2D SPACE',''
  ) );
#3101 = ORIENTED_EDGE('',*,*,#880,.F.);
#3102 = ORIENTED_EDGE('',*,*,#3025,.F.);
#3103 = ADVANCED_FACE('',(#3104),#474,.T.);
#3104 = FACE_BOUND('',#3105,.T.);
#3105 = EDGE_LOOP('',(#3106,#3107,#3108,#3109,#3110,#3153,#3154,#3155));
#3106 = ORIENTED_EDGE('',*,*,#2531,.T.);
#3107 = ORIENTED_EDGE('',*,*,#907,.T.);
#3108 = ORIENTED_EDGE('',*,*,#678,.T.);
#3109 = ORIENTED_EDGE('',*,*,#447,.T.);
#3110 = ORIENTED_EDGE('',*,*,#3111,.T.);
#3111 = EDGE_CURVE('',#292,#1909,#3112,.T.);
#3112 = SURFACE_CURVE('',#3113,(#3128,#3146),.PCURVE_S1.);
#3113 = B_SPLINE_CURVE_WITH_KNOTS('',13,(#3114,#3115,#3116,#3117,#3118,
    #3119,#3120,#3121,#3122,#3123,#3124,#3125,#3126,#3127),
  .UNSPECIFIED.,.F.,.F.,(14,14),(3.,4.),.PIECEWISE_BEZIER_KNOTS.);
#3114 = CARTESIAN_POINT('',(9.447971419243,12.473527396138,
    46.450062515675));
#3115 = CARTESIAN_POINT('',(9.366271535995,12.519843750323,
    46.468924419935));
#3116 = CARTESIAN_POINT('',(9.276766116594,12.55165789117,
    46.489588374209));
#3117 = CARTESIAN_POINT('',(9.18212210023,12.567458777439,
    46.511438667067));
#3118 = CARTESIAN_POINT('',(9.085310004272,12.566302334362,
    46.53378950054));
#3119 = CARTESIAN_POINT('',(8.989480022812,12.547885291324,
    46.555913595015));
#3120 = CARTESIAN_POINT('',(8.897814809532,12.512583329062,
    46.577076176994));
#3121 = CARTESIAN_POINT('',(8.813373953715,12.461449214728,
    46.596570884634));
#3122 = CARTESIAN_POINT('',(8.738943251926,12.396169918908,
    46.61375456612));
#3123 = CARTESIAN_POINT('',(8.676899971612,12.318985024474,
    46.628078386018));
#3124 = CARTESIAN_POINT('',(8.629103396569,12.232572052898,
    46.63911309484));
#3125 = CARTESIAN_POINT('',(8.596818037916,12.139907649417,
    46.646566757192));
#3126 = CARTESIAN_POINT('',(8.580674987951,12.044116884227,
    46.650293673937));
#3127 = CARTESIAN_POINT('',(8.580674987951,11.948326242617,
    46.650293673937));
#3128 = PCURVE('',#474,#3129);
#3129 = DEFINITIONAL_REPRESENTATION('',(#3130),#3145);
#3130 = B_SPLINE_CURVE_WITH_KNOTS('',13,(#3131,#3132,#3133,#3134,#3135,
    #3136,#3137,#3138,#3139,#3140,#3141,#3142,#3143,#3144),
  .UNSPECIFIED.,.F.,.F.,(14,14),(3.,4.),.PIECEWISE_BEZIER_KNOTS.);
#3131 = CARTESIAN_POINT('',(3.4013651363,13.596300377145));
#3132 = CARTESIAN_POINT('',(3.313804486045,13.557454791205));
#3133 = CARTESIAN_POINT('',(3.232962345522,13.503464912691));
#3134 = CARTESIAN_POINT('',(3.161696275006,13.435599307768));
#3135 = CARTESIAN_POINT('',(3.102600193642,13.355717318504));
#3136 = CARTESIAN_POINT('',(3.057868723349,13.26621232455));
#3137 = CARTESIAN_POINT('',(3.029175521767,13.169914375849));
#3138 = CARTESIAN_POINT('',(3.017578352951,13.069961861717));
#3139 = CARTESIAN_POINT('',(3.023459820235,12.969652325363));
#3140 = CARTESIAN_POINT('',(3.046508861441,12.872282976609));
#3141 = CARTESIAN_POINT('',(3.085744282303,12.780991899328));
#3142 = CARTESIAN_POINT('',(3.139577779741,12.698611393794));
#3143 = CARTESIAN_POINT('',(3.205910082312,12.62754533789));
#3144 = CARTESIAN_POINT('',(3.282250010926,12.569682894808));
#3145 = ( GEOMETRIC_REPRESENTATION_CONTEXT(2) 
PARAMETRIC_REPRESENTATION_CONTEXT() REPRESENTATION_CONTEXT('2D SPACE',''
  ) );
#3146 = PCURVE('',#313,#3147);
#3147 = DEFINITIONAL_REPRESENTATION('',(#3148),#3152);
#3148 = LINE('',#3149,#3150);
#3149 = CARTESIAN_POINT('',(0.,1.));
#3150 = VECTOR('',#3151,1.);
#3151 = DIRECTION('',(1.,0.));
#3152 = ( GEOMETRIC_REPRESENTATION_CONTEXT(2) 
PARAMETRIC_REPRESENTATION_CONTEXT() REPRESENTATION_CONTEXT('2D SPACE',''
  ) );
#3153 = ORIENTED_EDGE('',*,*,#1908,.T.);
#3154 = ORIENTED_EDGE('',*,*,#2584,.F.);
#3155 = ORIENTED_EDGE('',*,*,#2477,.T.);
#3156 = ADVANCED_FACE('',(#3157),#313,.T.);
#3157 = FACE_BOUND('',#3158,.T.);
#3158 = EDGE_LOOP('',(#3159,#3180,#3181,#3182));
#3159 = ORIENTED_EDGE('',*,*,#3160,.T.);
#3160 = EDGE_CURVE('',#84,#1832,#3161,.T.);
#3161 = SURFACE_CURVE('',#3162,(#3167,#3173),.PCURVE_S1.);
#3162 = CIRCLE('',#3163,0.6);
#3163 = AXIS2_PLACEMENT_3D('',#3164,#3165,#3166);
#3164 = CARTESIAN_POINT('',(6.6,11.948326242617,24.));
#3165 = DIRECTION('',(0.,0.,1.));
#3166 = DIRECTION('',(0.,-1.,0.));
#3167 = PCURVE('',#313,#3168);
#3168 = DEFINITIONAL_REPRESENTATION('',(#3169),#3172);
#3169 = B_SPLINE_CURVE_WITH_KNOTS('',1,(#3170,#3171),.UNSPECIFIED.,.F.,
  .F.,(2,2),(2.636925078825,4.712388980385),.PIECEWISE_BEZIER_KNOTS.);
#3170 = CARTESIAN_POINT('',(3.,0.));
#3171 = CARTESIAN_POINT('',(4.,0.));
#3172 = ( GEOMETRIC_REPRESENTATION_CONTEXT(2) 
PARAMETRIC_REPRESENTATION_CONTEXT() REPRESENTATION_CONTEXT('2D SPACE',''
  ) );
#3173 = PCURVE('',#99,#3174);
#3174 = DEFINITIONAL_REPRESENTATION('',(#3175),#3179);
#3175 = LINE('',#3176,#3177);
#3176 = CARTESIAN_POINT('',(-2.636925078825,24.));
#3177 = VECTOR('',#3178,1.);
#3178 = DIRECTION('',(1.,0.));
#3179 = ( GEOMETRIC_REPRESENTATION_CONTEXT(2) 
PARAMETRIC_REPRESENTATION_CONTEXT() REPRESENTATION_CONTEXT('2D SPACE',''
  ) );
#3180 = ORIENTED_EDGE('',*,*,#1953,.T.);
#3181 = ORIENTED_EDGE('',*,*,#3111,.F.);
#3182 = ORIENTED_EDGE('',*,*,#291,.F.);
#3183 = ADVANCED_FACE('',(#3184),#99,.T.);
#3184 = FACE_BOUND('',#3185,.T.);
#3185 = EDGE_LOOP('',(#3186,#3208,#3209,#3210));
#3186 = ORIENTED_EDGE('',*,*,#3187,.T.);
#3187 = EDGE_CURVE('',#50,#2647,#3188,.T.);
#3188 = SURFACE_CURVE('',#3189,(#3194,#3201),.PCURVE_S1.);
#3189 = CIRCLE('',#3190,0.6);
#3190 = AXIS2_PLACEMENT_3D('',#3191,#3192,#3193);
#3191 = CARTESIAN_POINT('',(6.6,11.948326242617,0.));
#3192 = DIRECTION('',(0.,0.,1.));
#3193 = DIRECTION('',(0.,-1.,0.));
#3194 = PCURVE('',#99,#3195);
#3195 = DEFINITIONAL_REPRESENTATION('',(#3196),#3200);
#3196 = LINE('',#3197,#3198);
#3197 = CARTESIAN_POINT('',(-2.636925078825,0.));
#3198 = VECTOR('',#3199,1.);
#3199 = DIRECTION('',(1.,0.));
#3200 = ( GEOMETRIC_REPRESENTATION_CONTEXT(2) 
PARAMETRIC_REPRESENTATION_CONTEXT() REPRESENTATION_CONTEXT('2D SPACE',''
  ) );
#3201 = PCURVE('',#71,#3202);
#3202 = DEFINITIONAL_REPRESENTATION('',(#3203),#3207);
#3203 = CIRCLE('',#3204,0.6);
#3204 = AXIS2_PLACEMENT_2D('',#3205,#3206);
#3205 = CARTESIAN_POINT('',(6.6,11.948326242617));
#3206 = DIRECTION('',(0.,-1.));
#3207 = ( GEOMETRIC_REPRESENTATION_CONTEXT(2) 
PARAMETRIC_REPRESENTATION_CONTEXT() REPRESENTATION_CONTEXT('2D SPACE',''
  ) );
#3208 = ORIENTED_EDGE('',*,*,#2667,.T.);
#3209 = ORIENTED_EDGE('',*,*,#3160,.F.);
#3210 = ORIENTED_EDGE('',*,*,#83,.F.);
#3211 = ADVANCED_FACE('',(#3212),#275,.T.);
#3212 = FACE_BOUND('',#3213,.F.);
#3213 = EDGE_LOOP('',(#3214,#3240,#3241,#3242));
#3214 = ORIENTED_EDGE('',*,*,#3215,.T.);
#3215 = EDGE_CURVE('',#48,#3061,#3216,.T.);
#3216 = SURFACE_CURVE('',#3217,(#3222,#3229),.PCURVE_S1.);
#3217 = CIRCLE('',#3218,0.6);
#3218 = AXIS2_PLACEMENT_3D('',#3219,#3220,#3221);
#3219 = CARTESIAN_POINT('',(-6.6,11.948326242617,0.));
#3220 = DIRECTION('',(-0.,-0.,-1.));
#3221 = DIRECTION('',(0.,-1.,0.));
#3222 = PCURVE('',#275,#3223);
#3223 = DEFINITIONAL_REPRESENTATION('',(#3224),#3228);
#3224 = LINE('',#3225,#3226);
#3225 = CARTESIAN_POINT('',(2.636925078825,-0.));
#3226 = VECTOR('',#3227,1.);
#3227 = DIRECTION('',(-1.,0.));
#3228 = ( GEOMETRIC_REPRESENTATION_CONTEXT(2) 
PARAMETRIC_REPRESENTATION_CONTEXT() REPRESENTATION_CONTEXT('2D SPACE',''
  ) );
#3229 = PCURVE('',#71,#3230);
#3230 = DEFINITIONAL_REPRESENTATION('',(#3231),#3239);
#3231 = ( BOUNDED_CURVE() B_SPLINE_CURVE(2,(#3232,#3233,#3234,#3235,
#3236,#3237,#3238),.UNSPECIFIED.,.T.,.F.) B_SPLINE_CURVE_WITH_KNOTS((1,2
    ,2,2,2,1),(-2.094395102393,0.,2.094395102393,4.188790204786,
6.28318530718,8.377580409573),.UNSPECIFIED.) CURVE() 
GEOMETRIC_REPRESENTATION_ITEM() RATIONAL_B_SPLINE_CURVE((1.,0.5,1.,0.5,
1.,0.5,1.)) REPRESENTATION_ITEM('') );
#3232 = CARTESIAN_POINT('',(-6.6,11.348326242617));
#3233 = CARTESIAN_POINT('',(-7.639230484541,11.348326242617));
#3234 = CARTESIAN_POINT('',(-7.119615242271,12.248326242617));
#3235 = CARTESIAN_POINT('',(-6.6,13.148326242617));
#3236 = CARTESIAN_POINT('',(-6.080384757729,12.248326242617));
#3237 = CARTESIAN_POINT('',(-5.560769515459,11.348326242617));
#3238 = CARTESIAN_POINT('',(-6.6,11.348326242617));
#3239 = ( GEOMETRIC_REPRESENTATION_CONTEXT(2) 
PARAMETRIC_REPRESENTATION_CONTEXT() REPRESENTATION_CONTEXT('2D SPACE',''
  ) );
#3240 = ORIENTED_EDGE('',*,*,#3081,.T.);
#3241 = ORIENTED_EDGE('',*,*,#654,.F.);
#3242 = ORIENTED_EDGE('',*,*,#261,.F.);
#3243 = ADVANCED_FACE('',(#3244),#71,.F.);
#3244 = FACE_BOUND('',#3245,.F.);
#3245 = EDGE_LOOP('',(#3246,#3247,#3248,#3249,#3250,#3251));
#3246 = ORIENTED_EDGE('',*,*,#3215,.F.);
#3247 = ORIENTED_EDGE('',*,*,#47,.T.);
#3248 = ORIENTED_EDGE('',*,*,#3187,.T.);
#3249 = ORIENTED_EDGE('',*,*,#2646,.F.);
#3250 = ORIENTED_EDGE('',*,*,#2713,.F.);
#3251 = ORIENTED_EDGE('',*,*,#3060,.T.);
#3252 = ( GEOMETRIC_REPRESENTATION_CONTEXT(3) 
GLOBAL_UNCERTAINTY_ASSIGNED_CONTEXT((#3256)) 
GLOBAL_UNIT_ASSIGNED_CONTEXT((#3253,#3254,#3255)) REPRESENTATION_CONTEXT
('Context #1','3D Context with UNIT and UNCERTAINTY') );
#3253 = ( LENGTH_UNIT() NAMED_UNIT(*) SI_UNIT(.MILLI.,.METRE.) );
#3254 = ( NAMED_UNIT(*) PLANE_ANGLE_UNIT() SI_UNIT($,.RADIAN.) );
#3255 = ( NAMED_UNIT(*) SI_UNIT($,.STERADIAN.) SOLID_ANGLE_UNIT() );
#3256 = UNCERTAINTY_MEASURE_WITH_UNIT(LENGTH_MEASURE(1.E-07),#3253,
  'distance_accuracy_value','confusion accuracy');
#3257 = CONTEXT_DEPENDENT_SHAPE_REPRESENTATION(#3258,#3260);
#3258 = ( REPRESENTATION_RELATIONSHIP('','',#40,#10) 
REPRESENTATION_RELATIONSHIP_WITH_TRANSFORMATION(#3259) 
SHAPE_REPRESENTATION_RELATIONSHIP() );
#3259 = ITEM_DEFINED_TRANSFORMATION('','',#11,#15);
#3260 = PRODUCT_DEFINITION_SHAPE('Placement','Placement of an item',
  #3261);
#3261 = NEXT_ASSEMBLY_USAGE_OCCURRENCE('1','Adapter','',#5,#35,$);
#3262 = PRODUCT_RELATED_PRODUCT_CATEGORY('part',$,(#37));
#3263 = SHAPE_DEFINITION_REPRESENTATION(#3264,#3270);
#3264 = PRODUCT_DEFINITION_SHAPE('','',#3265);
#3265 = PRODUCT_DEFINITION('design','',#3266,#3269);
#3266 = PRODUCT_DEFINITION_FORMATION('','',#3267);
#3267 = PRODUCT('Head_approximate','Head_approximate','',(#3268));
#3268 = PRODUCT_CONTEXT('',#2,'mechanical');
#3269 = PRODUCT_DEFINITION_CONTEXT('part definition',#2,'design');
#3270 = ADVANCED_BREP_SHAPE_REPRESENTATION('',(#11,#3271),#3459);
#3271 = MANIFOLD_SOLID_BREP('',#3272);
#3272 = CLOSED_SHELL('',(#3273,#3361,#3396,#3400,#3455));
#3273 = ADVANCED_FACE('',(#3274),#3287,.T.);
#3274 = FACE_BOUND('',#3275,.T.);
#3275 = EDGE_LOOP('',(#3276,#3310,#3333,#3360));
#3276 = ORIENTED_EDGE('',*,*,#3277,.F.);
#3277 = EDGE_CURVE('',#3278,#3278,#3280,.T.);
#3278 = VERTEX_POINT('',#3279);
#3279 = CARTESIAN_POINT('',(14.25,-3.49024337757E-15,0.));
#3280 = SURFACE_CURVE('',#3281,(#3286,#3298),.PCURVE_S1.);
#3281 = CIRCLE('',#3282,14.25);
#3282 = AXIS2_PLACEMENT_3D('',#3283,#3284,#3285);
#3283 = CARTESIAN_POINT('',(0.,0.,0.));
#3284 = DIRECTION('',(0.,0.,1.));
#3285 = DIRECTION('',(1.,0.,-0.));
#3286 = PCURVE('',#3287,#3292);
#3287 = CYLINDRICAL_SURFACE('',#3288,14.25);
#3288 = AXIS2_PLACEMENT_3D('',#3289,#3290,#3291);
#3289 = CARTESIAN_POINT('',(0.,0.,-65.));
#3290 = DIRECTION('',(0.,0.,1.));
#3291 = DIRECTION('',(1.,0.,-0.));
#3292 = DEFINITIONAL_REPRESENTATION('',(#3293),#3297);
#3293 = LINE('',#3294,#3295);
#3294 = CARTESIAN_POINT('',(0.,65.));
#3295 = VECTOR('',#3296,1.);
#3296 = DIRECTION('',(1.,0.));
#3297 = ( GEOMETRIC_REPRESENTATION_CONTEXT(2) 
PARAMETRIC_REPRESENTATION_CONTEXT() REPRESENTATION_CONTEXT('2D SPACE',''
  ) );
#3298 = PCURVE('',#3299,#3304);
#3299 = PLANE('',#3300);
#3300 = AXIS2_PLACEMENT_3D('',#3301,#3302,#3303);
#3301 = CARTESIAN_POINT('',(0.,0.,0.));
#3302 = DIRECTION('',(0.,0.,1.));
#3303 = DIRECTION('',(1.,0.,-0.));
#3304 = DEFINITIONAL_REPRESENTATION('',(#3305),#3309);
#3305 = CIRCLE('',#3306,14.25);
#3306 = AXIS2_PLACEMENT_2D('',#3307,#3308);
#3307 = CARTESIAN_POINT('',(0.,0.));
#3308 = DIRECTION('',(1.,0.));
#3309 = ( GEOMETRIC_REPRESENTATION_CONTEXT(2) 
PARAMETRIC_REPRESENTATION_CONTEXT() REPRESENTATION_CONTEXT('2D SPACE',''
  ) );
#3310 = ORIENTED_EDGE('',*,*,#3311,.F.);
#3311 = EDGE_CURVE('',#3312,#3278,#3314,.T.);
#3312 = VERTEX_POINT('',#3313);
#3313 = CARTESIAN_POINT('',(14.25,-3.49024337757E-15,-65.));
#3314 = SEAM_CURVE('',#3315,(#3319,#3326),.PCURVE_S1.);
#3315 = LINE('',#3316,#3317);
#3316 = CARTESIAN_POINT('',(14.25,-3.49024337757E-15,-65.));
#3317 = VECTOR('',#3318,1.);
#3318 = DIRECTION('',(0.,0.,1.));
#3319 = PCURVE('',#3287,#3320);
#3320 = DEFINITIONAL_REPRESENTATION('',(#3321),#3325);
#3321 = LINE('',#3322,#3323);
#3322 = CARTESIAN_POINT('',(6.28318530718,-0.));
#3323 = VECTOR('',#3324,1.);
#3324 = DIRECTION('',(0.,1.));
#3325 = ( GEOMETRIC_REPRESENTATION_CONTEXT(2) 
PARAMETRIC_REPRESENTATION_CONTEXT() REPRESENTATION_CONTEXT('2D SPACE',''
  ) );
#3326 = PCURVE('',#3287,#3327);
#3327 = DEFINITIONAL_REPRESENTATION('',(#3328),#3332);
#3328 = LINE('',#3329,#3330);
#3329 = CARTESIAN_POINT('',(0.,-0.));
#3330 = VECTOR('',#3331,1.);
#3331 = DIRECTION('',(0.,1.));
#3332 = ( GEOMETRIC_REPRESENTATION_CONTEXT(2) 
PARAMETRIC_REPRESENTATION_CONTEXT() REPRESENTATION_CONTEXT('2D SPACE',''
  ) );
#3333 = ORIENTED_EDGE('',*,*,#3334,.T.);
#3334 = EDGE_CURVE('',#3312,#3312,#3335,.T.);
#3335 = SURFACE_CURVE('',#3336,(#3341,#3348),.PCURVE_S1.);
#3336 = CIRCLE('',#3337,14.25);
#3337 = AXIS2_PLACEMENT_3D('',#3338,#3339,#3340);
#3338 = CARTESIAN_POINT('',(0.,0.,-65.));
#3339 = DIRECTION('',(0.,0.,1.));
#3340 = DIRECTION('',(1.,0.,-0.));
#3341 = PCURVE('',#3287,#3342);
#3342 = DEFINITIONAL_REPRESENTATION('',(#3343),#3347);
#3343 = LINE('',#3344,#3345);
#3344 = CARTESIAN_POINT('',(0.,0.));
#3345 = VECTOR('',#3346,1.);
#3346 = DIRECTION('',(1.,0.));
#3347 = ( GEOMETRIC_REPRESENTATION_CONTEXT(2) 
PARAMETRIC_REPRESENTATION_CONTEXT() REPRESENTATION_CONTEXT('2D SPACE',''
  ) );
#3348 = PCURVE('',#3349,#3354);
#3349 = PLANE('',#3350);
#3350 = AXIS2_PLACEMENT_3D('',#3351,#3352,#3353);
#3351 = CARTESIAN_POINT('',(0.,0.,-65.));
#3352 = DIRECTION('',(0.,0.,1.));
#3353 = DIRECTION('',(1.,0.,-0.));
#3354 = DEFINITIONAL_REPRESENTATION('',(#3355),#3359);
#3355 = CIRCLE('',#3356,14.25);
#3356 = AXIS2_PLACEMENT_2D('',#3357,#3358);
#3357 = CARTESIAN_POINT('',(0.,0.));
#3358 = DIRECTION('',(1.,0.));
#3359 = ( GEOMETRIC_REPRESENTATION_CONTEXT(2) 
PARAMETRIC_REPRESENTATION_CONTEXT() REPRESENTATION_CONTEXT('2D SPACE',''
  ) );
#3360 = ORIENTED_EDGE('',*,*,#3311,.T.);
#3361 = ADVANCED_FACE('',(#3362,#3365),#3299,.T.);
#3362 = FACE_BOUND('',#3363,.T.);
#3363 = EDGE_LOOP('',(#3364));
#3364 = ORIENTED_EDGE('',*,*,#3277,.T.);
#3365 = FACE_BOUND('',#3366,.T.);
#3366 = EDGE_LOOP('',(#3367));
#3367 = ORIENTED_EDGE('',*,*,#3368,.F.);
#3368 = EDGE_CURVE('',#3369,#3369,#3371,.T.);
#3369 = VERTEX_POINT('',#3370);
#3370 = CARTESIAN_POINT('',(11.,-2.694222958124E-15,0.));
#3371 = SURFACE_CURVE('',#3372,(#3377,#3384),.PCURVE_S1.);
#3372 = CIRCLE('',#3373,11.);
#3373 = AXIS2_PLACEMENT_3D('',#3374,#3375,#3376);
#3374 = CARTESIAN_POINT('',(0.,0.,0.));
#3375 = DIRECTION('',(0.,0.,1.));
#3376 = DIRECTION('',(1.,0.,-0.));
#3377 = PCURVE('',#3299,#3378);
#3378 = DEFINITIONAL_REPRESENTATION('',(#3379),#3383);
#3379 = CIRCLE('',#3380,11.);
#3380 = AXIS2_PLACEMENT_2D('',#3381,#3382);
#3381 = CARTESIAN_POINT('',(0.,0.));
#3382 = DIRECTION('',(1.,0.));
#3383 = ( GEOMETRIC_REPRESENTATION_CONTEXT(2) 
PARAMETRIC_REPRESENTATION_CONTEXT() REPRESENTATION_CONTEXT('2D SPACE',''
  ) );
#3384 = PCURVE('',#3385,#3390);
#3385 = CYLINDRICAL_SURFACE('',#3386,11.);
#3386 = AXIS2_PLACEMENT_3D('',#3387,#3388,#3389);
#3387 = CARTESIAN_POINT('',(0.,0.,0.));
#3388 = DIRECTION('',(0.,0.,1.));
#3389 = DIRECTION('',(1.,0.,-0.));
#3390 = DEFINITIONAL_REPRESENTATION('',(#3391),#3395);
#3391 = LINE('',#3392,#3393);
#3392 = CARTESIAN_POINT('',(0.,0.));
#3393 = VECTOR('',#3394,1.);
#3394 = DIRECTION('',(1.,0.));
#3395 = ( GEOMETRIC_REPRESENTATION_CONTEXT(2) 
PARAMETRIC_REPRESENTATION_CONTEXT() REPRESENTATION_CONTEXT('2D SPACE',''
  ) );
#3396 = ADVANCED_FACE('',(#3397),#3349,.F.);
#3397 = FACE_BOUND('',#3398,.T.);
#3398 = EDGE_LOOP('',(#3399));
#3399 = ORIENTED_EDGE('',*,*,#3334,.F.);
#3400 = ADVANCED_FACE('',(#3401),#3385,.T.);
#3401 = FACE_BOUND('',#3402,.T.);
#3402 = EDGE_LOOP('',(#3403,#3432,#3453,#3454));
#3403 = ORIENTED_EDGE('',*,*,#3404,.F.);
#3404 = EDGE_CURVE('',#3405,#3405,#3407,.T.);
#3405 = VERTEX_POINT('',#3406);
#3406 = CARTESIAN_POINT('',(11.,-2.694222958124E-15,23.));
#3407 = SURFACE_CURVE('',#3408,(#3413,#3420),.PCURVE_S1.);
#3408 = CIRCLE('',#3409,11.);
#3409 = AXIS2_PLACEMENT_3D('',#3410,#3411,#3412);
#3410 = CARTESIAN_POINT('',(0.,0.,23.));
#3411 = DIRECTION('',(0.,0.,1.));
#3412 = DIRECTION('',(1.,0.,-0.));
#3413 = PCURVE('',#3385,#3414);
#3414 = DEFINITIONAL_REPRESENTATION('',(#3415),#3419);
#3415 = LINE('',#3416,#3417);
#3416 = CARTESIAN_POINT('',(0.,23.));
#3417 = VECTOR('',#3418,1.);
#3418 = DIRECTION('',(1.,0.));
#3419 = ( GEOMETRIC_REPRESENTATION_CONTEXT(2) 
PARAMETRIC_REPRESENTATION_CONTEXT() REPRESENTATION_CONTEXT('2D SPACE',''
  ) );
#3420 = PCURVE('',#3421,#3426);
#3421 = PLANE('',#3422);
#3422 = AXIS2_PLACEMENT_3D('',#3423,#3424,#3425);
#3423 = CARTESIAN_POINT('',(0.,0.,23.));
#3424 = DIRECTION('',(0.,0.,1.));
#3425 = DIRECTION('',(1.,0.,-0.));
#3426 = DEFINITIONAL_REPRESENTATION('',(#3427),#3431);
#3427 = CIRCLE('',#3428,11.);
#3428 = AXIS2_PLACEMENT_2D('',#3429,#3430);
#3429 = CARTESIAN_POINT('',(0.,0.));
#3430 = DIRECTION('',(1.,0.));
#3431 = ( GEOMETRIC_REPRESENTATION_CONTEXT(2) 
PARAMETRIC_REPRESENTATION_CONTEXT() REPRESENTATION_CONTEXT('2D SPACE',''
  ) );
#3432 = ORIENTED_EDGE('',*,*,#3433,.F.);
#3433 = EDGE_CURVE('',#3369,#3405,#3434,.T.);
#3434 = SEAM_CURVE('',#3435,(#3439,#3446),.PCURVE_S1.);
#3435 = LINE('',#3436,#3437);
#3436 = CARTESIAN_POINT('',(11.,-2.694222958124E-15,0.));
#3437 = VECTOR('',#3438,1.);
#3438 = DIRECTION('',(0.,0.,1.));
#3439 = PCURVE('',#3385,#3440);
#3440 = DEFINITIONAL_REPRESENTATION('',(#3441),#3445);
#3441 = LINE('',#3442,#3443);
#3442 = CARTESIAN_POINT('',(6.28318530718,-0.));
#3443 = VECTOR('',#3444,1.);
#3444 = DIRECTION('',(0.,1.));
#3445 = ( GEOMETRIC_REPRESENTATION_CONTEXT(2) 
PARAMETRIC_REPRESENTATION_CONTEXT() REPRESENTATION_CONTEXT('2D SPACE',''
  ) );
#3446 = PCURVE('',#3385,#3447);
#3447 = DEFINITIONAL_REPRESENTATION('',(#3448),#3452);
#3448 = LINE('',#3449,#3450);
#3449 = CARTESIAN_POINT('',(0.,-0.));
#3450 = VECTOR('',#3451,1.);
#3451 = DIRECTION('',(0.,1.));
#3452 = ( GEOMETRIC_REPRESENTATION_CONTEXT(2) 
PARAMETRIC_REPRESENTATION_CONTEXT() REPRESENTATION_CONTEXT('2D SPACE',''
  ) );
#3453 = ORIENTED_EDGE('',*,*,#3368,.T.);
#3454 = ORIENTED_EDGE('',*,*,#3433,.T.);
#3455 = ADVANCED_FACE('',(#3456),#3421,.T.);
#3456 = FACE_BOUND('',#3457,.T.);
#3457 = EDGE_LOOP('',(#3458));
#3458 = ORIENTED_EDGE('',*,*,#3404,.T.);
#3459 = ( GEOMETRIC_REPRESENTATION_CONTEXT(3) 
GLOBAL_UNCERTAINTY_ASSIGNED_CONTEXT((#3463)) 
GLOBAL_UNIT_ASSIGNED_CONTEXT((#3460,#3461,#3462)) REPRESENTATION_CONTEXT
('Context #1','3D Context with UNIT and UNCERTAINTY') );
#3460 = ( LENGTH_UNIT() NAMED_UNIT(*) SI_UNIT(.MILLI.,.METRE.) );
#3461 = ( NAMED_UNIT(*) PLANE_ANGLE_UNIT() SI_UNIT($,.RADIAN.) );
#3462 = ( NAMED_UNIT(*) SI_UNIT($,.STERADIAN.) SOLID_ANGLE_UNIT() );
#3463 = UNCERTAINTY_MEASURE_WITH_UNIT(LENGTH_MEASURE(1.E-07),#3460,
  'distance_accuracy_value','confusion accuracy');
#3464 = CONTEXT_DEPENDENT_SHAPE_REPRESENTATION(#3465,#3467);
#3465 = ( REPRESENTATION_RELATIONSHIP('','',#3270,#10) 
REPRESENTATION_RELATIONSHIP_WITH_TRANSFORMATION(#3466) 
SHAPE_REPRESENTATION_RELATIONSHIP() );
#3466 = ITEM_DEFINED_TRANSFORMATION('','',#11,#19);
#3467 = PRODUCT_DEFINITION_SHAPE('Placement','Placement of an item',
  #3468);
#3468 = NEXT_ASSEMBLY_USAGE_OCCURRENCE('2','Head_approximate','',#5,
  #3265,$);
#3469 = PRODUCT_RELATED_PRODUCT_CATEGORY('part',$,(#3267));
#3470 = SHAPE_DEFINITION_REPRESENTATION(#3471,#3477);
#3471 = PRODUCT_DEFINITION_SHAPE('','',#3472);
#3472 = PRODUCT_DEFINITION('design','',#3473,#3476);
#3473 = PRODUCT_DEFINITION_FORMATION('','',#3474);
#3474 = PRODUCT('Outlet_approximate','Outlet_approximate','',(#3475));
#3475 = PRODUCT_CONTEXT('',#2,'mechanical');
#3476 = PRODUCT_DEFINITION_CONTEXT('part definition',#2,'design');
#3477 = ADVANCED_BREP_SHAPE_REPRESENTATION('',(#11,#3478),#3660);
#3478 = MANIFOLD_SOLID_BREP('',#3479);
#3479 = CLOSED_SHELL('',(#3480,#3568,#3603,#3633));
#3480 = ADVANCED_FACE('',(#3481),#3494,.T.);
#3481 = FACE_BOUND('',#3482,.T.);
#3482 = EDGE_LOOP('',(#3483,#3517,#3540,#3567));
#3483 = ORIENTED_EDGE('',*,*,#3484,.F.);
#3484 = EDGE_CURVE('',#3485,#3485,#3487,.T.);
#3485 = VERTEX_POINT('',#3486);
#3486 = CARTESIAN_POINT('',(23.367759652745,-3.49024337757E-15,
    74.025549419157));
#3487 = SURFACE_CURVE('',#3488,(#3493,#3505),.PCURVE_S1.);
#3488 = CIRCLE('',#3489,14.25);
#3489 = AXIS2_PLACEMENT_3D('',#3490,#3491,#3492);
#3490 = CARTESIAN_POINT('',(9.482986229555,0.,77.231101943557));
#3491 = DIRECTION('',(0.224951054344,0.,0.974370064785));
#3492 = DIRECTION('',(0.974370064785,0.,-0.224951054344));
#3493 = PCURVE('',#3494,#3499);
#3494 = CYLINDRICAL_SURFACE('',#3495,14.25);
#3495 = AXIS2_PLACEMENT_3D('',#3496,#3497,#3498);
#3496 = CARTESIAN_POINT('',(2.734454599239,0.,48.));
#3497 = DIRECTION('',(0.224951054344,0.,0.974370064785));
#3498 = DIRECTION('',(0.974370064785,0.,-0.224951054344));
#3499 = DEFINITIONAL_REPRESENTATION('',(#3500),#3504);
#3500 = LINE('',#3501,#3502);
#3501 = CARTESIAN_POINT('',(0.,30.));
#3502 = VECTOR('',#3503,1.);
#3503 = DIRECTION('',(1.,0.));
#3504 = ( GEOMETRIC_REPRESENTATION_CONTEXT(2) 
PARAMETRIC_REPRESENTATION_CONTEXT() REPRESENTATION_CONTEXT('2D SPACE',''
  ) );
#3505 = PCURVE('',#3506,#3511);
#3506 = PLANE('',#3507);
#3507 = AXIS2_PLACEMENT_3D('',#3508,#3509,#3510);
#3508 = CARTESIAN_POINT('',(9.482986229555,0.,77.231101943557));
#3509 = DIRECTION('',(0.224951054344,0.,0.974370064785));
#3510 = DIRECTION('',(0.974370064785,0.,-0.224951054344));
#3511 = DEFINITIONAL_REPRESENTATION('',(#3512),#3516);
#3512 = CIRCLE('',#3513,14.25);
#3513 = AXIS2_PLACEMENT_2D('',#3514,#3515);
#3514 = CARTESIAN_POINT('',(0.,0.));
#3515 = DIRECTION('',(1.,0.));
#3516 = ( GEOMETRIC_REPRESENTATION_CONTEXT(2) 
PARAMETRIC_REPRESENTATION_CONTEXT() REPRESENTATION_CONTEXT('2D SPACE',''
  ) );
#3517 = ORIENTED_EDGE('',*,*,#3518,.F.);
#3518 = EDGE_CURVE('',#3519,#3485,#3521,.T.);
#3519 = VERTEX_POINT('',#3520);
#3520 = CARTESIAN_POINT('',(16.619228022429,-3.49024337757E-15,
    44.7944474756));
#3521 = SEAM_CURVE('',#3522,(#3526,#3533),.PCURVE_S1.);
#3522 = LINE('',#3523,#3524);
#3523 = CARTESIAN_POINT('',(16.619228022429,-3.49024337757E-15,
    44.7944474756));
#3524 = VECTOR('',#3525,1.);
#3525 = DIRECTION('',(0.224951054344,0.,0.974370064785));
#3526 = PCURVE('',#3494,#3527);
#3527 = DEFINITIONAL_REPRESENTATION('',(#3528),#3532);
#3528 = LINE('',#3529,#3530);
#3529 = CARTESIAN_POINT('',(6.28318530718,-0.));
#3530 = VECTOR('',#3531,1.);
#3531 = DIRECTION('',(0.,1.));
#3532 = ( GEOMETRIC_REPRESENTATION_CONTEXT(2) 
PARAMETRIC_REPRESENTATION_CONTEXT() REPRESENTATION_CONTEXT('2D SPACE',''
  ) );
#3533 = PCURVE('',#3494,#3534);
#3534 = DEFINITIONAL_REPRESENTATION('',(#3535),#3539);
#3535 = LINE('',#3536,#3537);
#3536 = CARTESIAN_POINT('',(0.,-0.));
#3537 = VECTOR('',#3538,1.);
#3538 = DIRECTION('',(0.,1.));
#3539 = ( GEOMETRIC_REPRESENTATION_CONTEXT(2) 
PARAMETRIC_REPRESENTATION_CONTEXT() REPRESENTATION_CONTEXT('2D SPACE',''
  ) );
#3540 = ORIENTED_EDGE('',*,*,#3541,.T.);
#3541 = EDGE_CURVE('',#3519,#3519,#3542,.T.);
#3542 = SURFACE_CURVE('',#3543,(#3548,#3555),.PCURVE_S1.);
#3543 = CIRCLE('',#3544,14.25);
#3544 = AXIS2_PLACEMENT_3D('',#3545,#3546,#3547);
#3545 = CARTESIAN_POINT('',(2.734454599239,0.,48.));
#3546 = DIRECTION('',(0.224951054344,0.,0.974370064785));
#3547 = DIRECTION('',(0.974370064785,0.,-0.224951054344));
#3548 = PCURVE('',#3494,#3549);
#3549 = DEFINITIONAL_REPRESENTATION('',(#3550),#3554);
#3550 = LINE('',#3551,#3552);
#3551 = CARTESIAN_POINT('',(0.,0.));
#3552 = VECTOR('',#3553,1.);
#3553 = DIRECTION('',(1.,0.));
#3554 = ( GEOMETRIC_REPRESENTATION_CONTEXT(2) 
PARAMETRIC_REPRESENTATION_CONTEXT() REPRESENTATION_CONTEXT('2D SPACE',''
  ) );
#3555 = PCURVE('',#3556,#3561);
#3556 = PLANE('',#3557);
#3557 = AXIS2_PLACEMENT_3D('',#3558,#3559,#3560);
#3558 = CARTESIAN_POINT('',(2.734454599239,0.,48.));
#3559 = DIRECTION('',(0.224951054344,0.,0.974370064785));
#3560 = DIRECTION('',(0.974370064785,0.,-0.224951054344));
#3561 = DEFINITIONAL_REPRESENTATION('',(#3562),#3566);
#3562 = CIRCLE('',#3563,14.25);
#3563 = AXIS2_PLACEMENT_2D('',#3564,#3565);
#3564 = CARTESIAN_POINT('',(0.,0.));
#3565 = DIRECTION('',(1.,0.));
#3566 = ( GEOMETRIC_REPRESENTATION_CONTEXT(2) 
PARAMETRIC_REPRESENTATION_CONTEXT() REPRESENTATION_CONTEXT('2D SPACE',''
  ) );
#3567 = ORIENTED_EDGE('',*,*,#3518,.T.);
#3568 = ADVANCED_FACE('',(#3569,#3572),#3506,.T.);
#3569 = FACE_BOUND('',#3570,.T.);
#3570 = EDGE_LOOP('',(#3571));
#3571 = ORIENTED_EDGE('',*,*,#3484,.T.);
#3572 = FACE_BOUND('',#3573,.T.);
#3573 = EDGE_LOOP('',(#3574));
#3574 = ORIENTED_EDGE('',*,*,#3575,.F.);
#3575 = EDGE_CURVE('',#3576,#3576,#3578,.T.);
#3576 = VERTEX_POINT('',#3577);
#3577 = CARTESIAN_POINT('',(20.444649458389,-2.755455298082E-15,
    74.700402582189));
#3578 = SURFACE_CURVE('',#3579,(#3584,#3591),.PCURVE_S1.);
#3579 = CIRCLE('',#3580,11.25);
#3580 = AXIS2_PLACEMENT_3D('',#3581,#3582,#3583);
#3581 = CARTESIAN_POINT('',(9.482986229555,0.,77.231101943557));
#3582 = DIRECTION('',(0.224951054344,0.,0.974370064785));
#3583 = DIRECTION('',(0.974370064785,0.,-0.224951054344));
#3584 = PCURVE('',#3506,#3585);
#3585 = DEFINITIONAL_REPRESENTATION('',(#3586),#3590);
#3586 = CIRCLE('',#3587,11.25);
#3587 = AXIS2_PLACEMENT_2D('',#3588,#3589);
#3588 = CARTESIAN_POINT('',(3.461657857376E-15,0.));
#3589 = DIRECTION('',(1.,0.));
#3590 = ( GEOMETRIC_REPRESENTATION_CONTEXT(2) 
PARAMETRIC_REPRESENTATION_CONTEXT() REPRESENTATION_CONTEXT('2D SPACE',''
  ) );
#3591 = PCURVE('',#3592,#3597);
#3592 = CYLINDRICAL_SURFACE('',#3593,11.25);
#3593 = AXIS2_PLACEMENT_3D('',#3594,#3595,#3596);
#3594 = CARTESIAN_POINT('',(2.509503544896,0.,47.025629935215));
#3595 = DIRECTION('',(0.224951054344,0.,0.974370064785));
#3596 = DIRECTION('',(0.974370064785,0.,-0.224951054344));
#3597 = DEFINITIONAL_REPRESENTATION('',(#3598),#3602);
#3598 = LINE('',#3599,#3600);
#3599 = CARTESIAN_POINT('',(0.,31.));
#3600 = VECTOR('',#3601,1.);
#3601 = DIRECTION('',(1.,0.));
#3602 = ( GEOMETRIC_REPRESENTATION_CONTEXT(2) 
PARAMETRIC_REPRESENTATION_CONTEXT() REPRESENTATION_CONTEXT('2D SPACE',''
  ) );
#3603 = ADVANCED_FACE('',(#3604,#3607),#3556,.F.);
#3604 = FACE_BOUND('',#3605,.F.);
#3605 = EDGE_LOOP('',(#3606));
#3606 = ORIENTED_EDGE('',*,*,#3541,.T.);
#3607 = FACE_BOUND('',#3608,.F.);
#3608 = EDGE_LOOP('',(#3609));
#3609 = ORIENTED_EDGE('',*,*,#3610,.F.);
#3610 = EDGE_CURVE('',#3611,#3611,#3613,.T.);
#3611 = VERTEX_POINT('',#3612);
#3612 = CARTESIAN_POINT('',(13.696117828073,-2.755455298082E-15,
    45.469300638632));
#3613 = SURFACE_CURVE('',#3614,(#3619,#3626),.PCURVE_S1.);
#3614 = CIRCLE('',#3615,11.25);
#3615 = AXIS2_PLACEMENT_3D('',#3616,#3617,#3618);
#3616 = CARTESIAN_POINT('',(2.734454599239,0.,48.));
#3617 = DIRECTION('',(0.224951054344,0.,0.974370064785));
#3618 = DIRECTION('',(0.974370064785,0.,-0.224951054344));
#3619 = PCURVE('',#3556,#3620);
#3620 = DEFINITIONAL_REPRESENTATION('',(#3621),#3625);
#3621 = CIRCLE('',#3622,11.25);
#3622 = AXIS2_PLACEMENT_2D('',#3623,#3624);
#3623 = CARTESIAN_POINT('',(3.0025167914E-16,0.));
#3624 = DIRECTION('',(1.,0.));
#3625 = ( GEOMETRIC_REPRESENTATION_CONTEXT(2) 
PARAMETRIC_REPRESENTATION_CONTEXT() REPRESENTATION_CONTEXT('2D SPACE',''
  ) );
#3626 = PCURVE('',#3592,#3627);
#3627 = DEFINITIONAL_REPRESENTATION('',(#3628),#3632);
#3628 = LINE('',#3629,#3630);
#3629 = CARTESIAN_POINT('',(0.,1.));
#3630 = VECTOR('',#3631,1.);
#3631 = DIRECTION('',(1.,0.));
#3632 = ( GEOMETRIC_REPRESENTATION_CONTEXT(2) 
PARAMETRIC_REPRESENTATION_CONTEXT() REPRESENTATION_CONTEXT('2D SPACE',''
  ) );
#3633 = ADVANCED_FACE('',(#3634),#3592,.F.);
#3634 = FACE_BOUND('',#3635,.F.);
#3635 = EDGE_LOOP('',(#3636,#3637,#3658,#3659));
#3636 = ORIENTED_EDGE('',*,*,#3575,.F.);
#3637 = ORIENTED_EDGE('',*,*,#3638,.F.);
#3638 = EDGE_CURVE('',#3611,#3576,#3639,.T.);
#3639 = SEAM_CURVE('',#3640,(#3644,#3651),.PCURVE_S1.);
#3640 = LINE('',#3641,#3642);
#3641 = CARTESIAN_POINT('',(13.47116677373,-2.755455298082E-15,
    44.494930573846));
#3642 = VECTOR('',#3643,1.);
#3643 = DIRECTION('',(0.224951054344,0.,0.974370064785));
#3644 = PCURVE('',#3592,#3645);
#3645 = DEFINITIONAL_REPRESENTATION('',(#3646),#3650);
#3646 = LINE('',#3647,#3648);
#3647 = CARTESIAN_POINT('',(6.28318530718,-0.));
#3648 = VECTOR('',#3649,1.);
#3649 = DIRECTION('',(0.,1.));
#3650 = ( GEOMETRIC_REPRESENTATION_CONTEXT(2) 
PARAMETRIC_REPRESENTATION_CONTEXT() REPRESENTATION_CONTEXT('2D SPACE',''
  ) );
#3651 = PCURVE('',#3592,#3652);
#3652 = DEFINITIONAL_REPRESENTATION('',(#3653),#3657);
#3653 = LINE('',#3654,#3655);
#3654 = CARTESIAN_POINT('',(0.,-0.));
#3655 = VECTOR('',#3656,1.);
#3656 = DIRECTION('',(0.,1.));
#3657 = ( GEOMETRIC_REPRESENTATION_CONTEXT(2) 
PARAMETRIC_REPRESENTATION_CONTEXT() REPRESENTATION_CONTEXT('2D SPACE',''
  ) );
#3658 = ORIENTED_EDGE('',*,*,#3610,.T.);
#3659 = ORIENTED_EDGE('',*,*,#3638,.T.);
#3660 = ( GEOMETRIC_REPRESENTATION_CONTEXT(3) 
GLOBAL_UNCERTAINTY_ASSIGNED_CONTEXT((#3664)) 
GLOBAL_UNIT_ASSIGNED_CONTEXT((#3661,#3662,#3663)) REPRESENTATION_CONTEXT
('Context #1','3D Context with UNIT and UNCERTAINTY') );
#3661 = ( LENGTH_UNIT() NAMED_UNIT(*) SI_UNIT(.MILLI.,.METRE.) );
#3662 = ( NAMED_UNIT(*) PLANE_ANGLE_UNIT() SI_UNIT($,.RADIAN.) );
#3663 = ( NAMED_UNIT(*) SI_UNIT($,.STERADIAN.) SOLID_ANGLE_UNIT() );
#3664 = UNCERTAINTY_MEASURE_WITH_UNIT(LENGTH_MEASURE(1.E-07),#3661,
  'distance_accuracy_value','confusion accuracy');
#3665 = CONTEXT_DEPENDENT_SHAPE_REPRESENTATION(#3666,#3668);
#3666 = ( REPRESENTATION_RELATIONSHIP('','',#3477,#10) 
REPRESENTATION_RELATIONSHIP_WITH_TRANSFORMATION(#3667) 
SHAPE_REPRESENTATION_RELATIONSHIP() );
#3667 = ITEM_DEFINED_TRANSFORMATION('','',#11,#23);
#3668 = PRODUCT_DEFINITION_SHAPE('Placement','Placement of an item',
  #3669);
#3669 = NEXT_ASSEMBLY_USAGE_OCCURRENCE('3','Outlet_approximate','',#5,
  #3472,$);
#3670 = PRODUCT_RELATED_PRODUCT_CATEGORY('part',$,(#3474));
#3671 = MECHANICAL_DESIGN_GEOMETRIC_PRESENTATION_REPRESENTATION('',(
    #3672),#3459);
#3672 = STYLED_ITEM('color',(#3673),#3271);
#3673 = PRESENTATION_STYLE_ASSIGNMENT((#3674));
#3674 = SURFACE_STYLE_USAGE(.BOTH.,#3675);
#3675 = SURFACE_SIDE_STYLE('',(#3676,#3680));
#3676 = SURFACE_STYLE_FILL_AREA(#3677);
#3677 = FILL_AREA_STYLE('',(#3678));
#3678 = FILL_AREA_STYLE_COLOUR('',#3679);
#3679 = COLOUR_RGB('',0.500000003429,0.55000000909,0.599999994755);
#3680 = SURFACE_STYLE_RENDERING_WITH_PROPERTIES(.NORMAL_SHADING.,#3679,(
    #3681));
#3681 = SURFACE_STYLE_TRANSPARENT(0.5);
#3682 = MECHANICAL_DESIGN_GEOMETRIC_PRESENTATION_REPRESENTATION('',(
    #3683),#3660);
#3683 = STYLED_ITEM('color',(#3684),#3478);
#3684 = PRESENTATION_STYLE_ASSIGNMENT((#3685));
#3685 = SURFACE_STYLE_USAGE(.BOTH.,#3686);
#3686 = SURFACE_SIDE_STYLE('',(#3687,#3690));
#3687 = SURFACE_STYLE_FILL_AREA(#3688);
#3688 = FILL_AREA_STYLE('',(#3689));
#3689 = FILL_AREA_STYLE_COLOUR('',#3679);
#3690 = SURFACE_STYLE_RENDERING_WITH_PROPERTIES(.NORMAL_SHADING.,#3679,(
    #3691));
#3691 = SURFACE_STYLE_TRANSPARENT(0.59999999404);
#3692 = MECHANICAL_DESIGN_GEOMETRIC_PRESENTATION_REPRESENTATION('',(
    #3693),#3252);
#3693 = STYLED_ITEM('color',(#3694),#41);
#3694 = PRESENTATION_STYLE_ASSIGNMENT((#3695));
#3695 = SURFACE_STYLE_USAGE(.BOTH.,#3696);
#3696 = SURFACE_SIDE_STYLE('',(#3697));
#3697 = SURFACE_STYLE_FILL_AREA(#3698);
#3698 = FILL_AREA_STYLE('',(#3699));
#3699 = FILL_AREA_STYLE_COLOUR('',#3700);
#3700 = COLOUR_RGB('',0.950000001282,0.480000004686,0.120000001395);
ENDSEC;
END-ISO-10303-21;
